dataset,index,variant,recovery,searches_complete,compute_cpu_seconds,best_events
golden,0,seeds2,recovered,True,155.06009022899997,
golden,0,seeds10,recovered,True,760.5901194840001,
golden,1,seeds2,recovered,True,6.260192766,
golden,1,seeds10,recovered,True,24.356131474,
golden,2,seeds2,recovered,True,16.23649071,
golden,2,seeds10,recovered,True,58.612129817,
golden,3,seeds2,recovered,True,4.934568861000001,
golden,3,seeds10,recovered,True,18.93137201,
golden,4,seeds2,recovered,True,6.741224084000001,
golden,4,seeds10,recovered,True,23.602022513,
golden,5,seeds2,recovered,True,2.249047338,
golden,5,seeds10,recovered,True,7.172493429000001,
golden,6,seeds2,recovered,True,1.144749927,
golden,6,seeds10,recovered,True,1.9635179580000002,
golden,7,seeds2,not_recovered,True,36.36584678,
golden,7,seeds10,not_recovered,True,132.81632839899999,
golden,8,seeds2,recovered,True,7.789464000000001,
golden,8,seeds10,recovered,True,24.874343300000007,
golden,9,seeds2,recovered,True,3.647675619,
golden,9,seeds10,recovered,True,12.024589522000001,
golden,10,seeds2,recovered,True,17.153203267,
golden,10,seeds10,recovered,True,62.469150379999995,
golden,11,seeds2,recovered,True,4.689166416999999,
golden,11,seeds10,recovered,True,17.844769938,
golden,12,seeds2,recovered,True,13.583589612,
golden,12,seeds10,recovered,True,38.871325664,
golden,13,seeds2,recovered,True,19.827721933,
golden,13,seeds10,recovered,True,77.625282698,
golden,14,seeds2,recovered,True,3.9450114949999997,
golden,14,seeds10,recovered,True,14.334629097,
golden,15,seeds2,recovered,True,4.111824658999999,
golden,15,seeds10,recovered,True,10.613496249,
golden,16,seeds2,recovered,True,20.784416876,
golden,16,seeds10,recovered,True,86.675229462,
golden,17,seeds2,recovered,True,128.02121333399998,
golden,17,seeds10,recovered,True,644.4799580040001,
golden,18,seeds2,recovered,True,1.54023835,
golden,18,seeds10,recovered,True,3.3413111420000003,
golden,19,seeds2,not_recovered,True,81.688681283,
golden,19,seeds10,unknown,True,376.043178039,
golden,20,seeds2,recovered,True,10.021631807,
golden,20,seeds10,recovered,True,39.062661485999996,
golden,21,seeds2,recovered,True,4.115092806,
golden,21,seeds10,recovered,True,13.229490406,
golden,22,seeds2,recovered,True,10.465527081,
golden,22,seeds10,recovered,True,28.362547958000004,
golden,23,seeds2,recovered,True,2.0163097309999998,
golden,23,seeds10,recovered,True,5.7705031579999995,
golden,24,seeds2,recovered,True,4.84779136,
golden,24,seeds10,recovered,True,12.801740368,
golden,25,seeds2,recovered,True,14.387320040000002,
golden,25,seeds10,recovered,True,65.11324976200001,
golden,26,seeds2,recovered,True,5.032099172,
golden,26,seeds10,recovered,True,14.905536861999998,
golden,27,seeds2,recovered,True,24.397047445,
golden,27,seeds10,recovered,True,103.67909990199999,
golden,28,seeds2,recovered,True,2.4823667059999996,
golden,28,seeds10,recovered,True,6.17716379,
golden,29,seeds2,recovered,True,44.305334449,
golden,29,seeds10,recovered,True,220.124660721,
golden,30,seeds2,recovered,True,10.166872301,
golden,30,seeds10,recovered,True,42.313379474,
golden,31,seeds2,recovered,True,2.915486167,
golden,31,seeds10,recovered,True,9.470731563,
golden,32,seeds2,recovered,True,20.766977682,
golden,32,seeds10,recovered,True,87.31214400700001,
golden,33,seeds2,recovered,True,21.083603861,
golden,33,seeds10,recovered,True,92.04828325700001,
golden,34,seeds2,recovered,True,5.156098091999999,
golden,34,seeds10,recovered,True,15.102697355999998,
golden,35,seeds2,recovered,True,8.224890303999999,
golden,35,seeds10,recovered,True,26.163681293,
golden,36,seeds2,recovered,True,8.332049752,
golden,36,seeds10,recovered,True,33.235280110999994,
golden,37,seeds2,recovered,True,5.301409419999999,
golden,37,seeds10,recovered,True,26.378467521999994,
golden,38,seeds2,recovered,True,1.773506657,
golden,38,seeds10,recovered,True,3.3492386010000006,
golden,39,seeds2,recovered,True,37.266572359,
golden,39,seeds10,recovered,True,161.604141455,
golden,40,seeds2,recovered,True,22.67974741,
golden,40,seeds10,recovered,True,93.43010084600002,
golden,41,seeds2,recovered,True,13.146383482,
golden,41,seeds10,recovered,True,44.861666635000006,
golden,42,seeds2,recovered,True,7.325137015999999,
golden,42,seeds10,recovered,True,25.7357722,
golden,43,seeds2,recovered,True,1.7536777059999997,
golden,43,seeds10,recovered,True,3.5311366699999995,
golden,44,seeds2,not_recovered,True,40.036168794,
golden,44,seeds10,recovered,True,193.46953895099995,
golden,45,seeds2,recovered,True,4.187748588,
golden,45,seeds10,recovered,True,12.385918242,
golden,46,seeds2,recovered,True,9.06229812,
golden,46,seeds10,recovered,True,36.515021143999995,
golden,47,seeds2,recovered,True,1.057360691,
golden,47,seeds10,recovered,True,1.8243911220000002,
golden,48,seeds2,recovered,True,76.42418547000001,
golden,48,seeds10,recovered,True,336.019949003,
golden,49,seeds2,recovered,True,2.1855117129999995,
golden,49,seeds10,recovered,True,5.402659364,
golden,50,seeds2,recovered,True,1.1838921949999999,
golden,50,seeds10,recovered,True,2.312855228,
golden,51,seeds2,recovered,True,1.6928203329999998,
golden,51,seeds10,recovered,True,3.4938078649999995,
golden,52,seeds2,recovered,True,3.721830375,
golden,52,seeds10,recovered,True,9.097024368,
golden,53,seeds2,recovered,True,3.598798197,
golden,53,seeds10,recovered,True,10.740644697999997,
golden,54,seeds2,recovered,True,2.668781348,
golden,54,seeds10,recovered,True,5.406163139,
golden,55,seeds2,recovered,True,8.566661735,
golden,55,seeds10,recovered,True,23.526842860000002,
golden,56,seeds2,recovered,True,15.972932260999999,
golden,56,seeds10,recovered,True,44.184714104,
golden,57,seeds2,recovered,True,1.293330058,
golden,57,seeds10,recovered,True,2.86046711,
golden,58,seeds2,recovered,True,3.079653863,
golden,58,seeds10,recovered,True,6.2891317309999994,
golden,59,seeds2,recovered,True,2.539415117,
golden,59,seeds10,recovered,True,4.993488843,
golden,60,seeds2,recovered,True,1.481542389,
golden,60,seeds10,recovered,True,2.383006088,
golden,61,seeds2,recovered,True,17.151465592999998,
golden,61,seeds10,recovered,True,54.586383724,
golden,62,seeds2,recovered,True,3.8058358549999998,
golden,62,seeds10,recovered,True,12.001825158,
golden,63,seeds2,recovered,True,1.5560090450000001,
golden,63,seeds10,recovered,True,3.112022754,
golden,64,seeds2,recovered,True,1.5748388849999997,
golden,64,seeds10,recovered,True,3.4163690209999995,
golden,65,seeds2,recovered,True,3.6649660949999996,
golden,65,seeds10,recovered,True,9.810409438999999,
golden,66,seeds2,recovered,True,75.81717519399999,
golden,66,seeds10,recovered,True,310.848837687,
golden,67,seeds2,recovered,True,5.606432419000001,
golden,67,seeds10,recovered,True,13.12970611,
golden,68,seeds2,recovered,True,11.124708788,
golden,68,seeds10,recovered,True,47.034872565,
golden,69,seeds2,recovered,True,9.858127882999998,
golden,69,seeds10,recovered,True,31.866714891999997,
golden,70,seeds2,recovered,True,1.9200382670000002,
golden,70,seeds10,recovered,True,5.880320577000001,
golden,71,seeds2,recovered,True,9.737825959999999,
golden,71,seeds10,recovered,True,35.042534540999995,
golden,72,seeds2,recovered,True,3.69957318,
golden,72,seeds10,recovered,True,8.932977612999998,
golden,73,seeds2,recovered,True,1.4232085620000001,
golden,73,seeds10,recovered,True,2.66167405,
golden,74,seeds2,recovered,True,14.178778872999999,
golden,74,seeds10,recovered,True,35.108798152,
golden,75,seeds2,recovered,True,1.3255819039999996,
golden,75,seeds10,recovered,True,2.292032486,
golden,76,seeds2,recovered,True,3.402071343,
golden,76,seeds10,recovered,True,8.137825303,
golden,77,seeds2,recovered,True,5.130975521999999,
golden,77,seeds10,recovered,True,14.92958135,
golden,78,seeds2,recovered,True,4.566876913,
golden,78,seeds10,recovered,True,13.450532299999999,
golden,79,seeds2,recovered,True,3.6107413590000004,
golden,79,seeds10,recovered,True,11.178396706000001,
golden,80,seeds2,recovered,True,7.006695019,
golden,80,seeds10,recovered,True,25.074094022000004,
golden,81,seeds2,recovered,True,4.447841091,
golden,81,seeds10,recovered,True,11.933001695,
golden,82,seeds2,recovered,True,1.3522013460000002,
golden,82,seeds10,recovered,True,1.751227497,
golden,83,seeds2,recovered,True,6.135969425000001,
golden,83,seeds10,recovered,True,18.166906731999998,
golden,84,seeds2,recovered,True,6.792692307000001,
golden,84,seeds10,recovered,True,22.576177951,
golden,85,seeds2,recovered,True,8.226410911,
golden,85,seeds10,recovered,True,25.775860975,
golden,86,seeds2,recovered,True,3.106303142,
golden,86,seeds10,recovered,True,6.637299457999999,
golden,87,seeds2,recovered,True,2.945451534,
golden,87,seeds10,recovered,True,7.678190411000001,
golden,88,seeds2,recovered,True,5.704860824,
golden,88,seeds10,recovered,True,11.661647065,
golden,89,seeds2,recovered,True,1.9383079699999999,
golden,89,seeds10,recovered,True,4.516792971,
golden,90,seeds2,recovered,True,5.816630072999999,
golden,90,seeds10,recovered,True,18.511168147,
golden,91,seeds2,recovered,True,26.579983379999998,
golden,91,seeds10,recovered,True,113.26072463,
golden,92,seeds2,recovered,True,3.408163628,
golden,92,seeds10,recovered,True,8.947736928000001,
golden,93,seeds2,recovered,True,1.317155953,
golden,93,seeds10,recovered,True,4.6728134,
golden,94,seeds2,recovered,True,1.725385556,
golden,94,seeds10,recovered,True,3.397632803,
golden,95,seeds2,recovered,True,29.454598672999996,
golden,95,seeds10,recovered,True,114.42903154599998,
golden,96,seeds2,recovered,True,2.3128433029999997,
golden,96,seeds10,recovered,True,4.986662226,
golden,97,seeds2,recovered,True,24.151394524,
golden,97,seeds10,recovered,True,93.27091752800001,
golden,98,seeds2,recovered,True,1.6248001539999999,
golden,98,seeds10,recovered,True,2.5122565280000004,
golden,99,seeds2,recovered,True,2.5556273499999995,
golden,99,seeds10,recovered,True,6.891580959000001,
golden,100,seeds2,recovered,True,7.823053988999999,
golden,100,seeds10,recovered,True,26.851896756000002,
golden,101,seeds2,recovered,True,3.233954149,
golden,101,seeds10,recovered,True,10.447784105,
golden,102,seeds2,recovered,True,23.394098608,
golden,102,seeds10,recovered,True,98.22559610199997,
golden,103,seeds2,recovered,True,18.768324586000002,
golden,103,seeds10,recovered,True,72.25522111699999,
golden,104,seeds2,recovered,True,5.921392592999998,
golden,104,seeds10,recovered,True,18.306465442,
golden,105,seeds2,recovered,True,1.5890883429999993,
golden,105,seeds10,recovered,True,3.6241957929999993,
golden,106,seeds2,recovered,True,30.198793232999996,
golden,106,seeds10,recovered,True,99.053734362,
golden,107,seeds2,recovered,True,36.006017187,
golden,107,seeds10,recovered,True,133.95468061699998,
golden,108,seeds2,recovered,True,18.614886779,
golden,108,seeds10,recovered,True,61.54156870899999,
golden,109,seeds2,recovered,True,3.8228083059999998,
golden,109,seeds10,recovered,True,11.338879302,
golden,110,seeds2,recovered,True,24.609603454000002,
golden,110,seeds10,recovered,True,83.03276580699999,
golden,111,seeds2,recovered,True,29.346237417,
golden,111,seeds10,recovered,True,109.12084345300002,
golden,112,seeds2,recovered,True,9.326379368999998,
golden,112,seeds10,recovered,True,26.640015072,
golden,113,seeds2,recovered,True,24.275410043999997,
golden,113,seeds10,recovered,True,88.98505821799999,
golden,114,seeds2,recovered,True,1.7852506679999998,
golden,114,seeds10,recovered,True,3.673314286,
golden,115,seeds2,recovered,True,3.847732387,
golden,115,seeds10,recovered,True,10.962021093,
golden,116,seeds2,recovered,True,11.790391306,
golden,116,seeds10,recovered,True,35.143412244000004,
golden,117,seeds2,recovered,True,2.693506704,
golden,117,seeds10,recovered,True,7.494990251000001,
golden,118,seeds2,recovered,True,15.451592013000003,
golden,118,seeds10,recovered,True,43.378938525,
golden,119,seeds2,recovered,True,3.828192884,
golden,119,seeds10,recovered,True,12.040368995,
golden,120,seeds2,recovered,True,44.46508017399999,
golden,120,seeds10,recovered,True,208.055906469,
golden,121,seeds2,recovered,True,18.600638151,
golden,121,seeds10,recovered,True,61.25559641700001,
golden,122,seeds2,recovered,True,6.156782098,
golden,122,seeds10,recovered,True,21.622643990999997,
golden,123,seeds2,recovered,True,10.952249694,
golden,123,seeds10,recovered,True,32.746447702,
golden,124,seeds2,recovered,True,3.2813026819999997,
golden,124,seeds10,recovered,True,6.420292083999999,
golden,125,seeds2,recovered,True,12.459633055000001,
golden,125,seeds10,recovered,True,30.253442057000004,
golden,126,seeds2,recovered,True,24.051005243,
golden,126,seeds10,recovered,True,91.57760942299998,
golden,127,seeds2,recovered,True,33.91923633700001,
golden,127,seeds10,recovered,True,140.37170531400002,
golden,128,seeds2,recovered,True,20.192644359,
golden,128,seeds10,recovered,True,76.830219369,
golden,129,seeds2,recovered,True,6.5472689189999995,
golden,129,seeds10,recovered,True,30.692168702999993,
golden,130,seeds2,recovered,True,15.642519578000002,
golden,130,seeds10,recovered,True,58.802837332,
golden,131,seeds2,recovered,True,65.558801811,
golden,131,seeds10,recovered,True,336.905905493,
golden,132,seeds2,recovered,True,6.527983472,
golden,132,seeds10,recovered,True,28.203184744999994,
golden,133,seeds2,recovered,True,1.6867522480000001,
golden,133,seeds10,recovered,True,3.3460416329999996,
golden,134,seeds2,recovered,True,14.417403090999997,
golden,134,seeds10,recovered,True,64.41030768700001,
golden,135,seeds2,recovered,True,64.65117033199999,
golden,135,seeds10,recovered,True,200.53602063300002,
golden,136,seeds2,recovered,True,2.7209813499999993,
golden,136,seeds10,recovered,True,13.502470291,
golden,137,seeds2,recovered,True,7.953037855000001,
golden,137,seeds10,recovered,True,25.062885245,
golden,138,seeds2,recovered,True,11.026285506,
golden,138,seeds10,recovered,True,40.52311791000001,
golden,139,seeds2,recovered,True,2.3594500629999997,
golden,139,seeds10,recovered,True,6.813287124,
golden,140,seeds2,recovered,True,1.9787063099999995,
golden,140,seeds10,recovered,True,4.09633094,
golden,141,seeds2,recovered,True,9.009831794,
golden,141,seeds10,recovered,True,34.202865952,
golden,142,seeds2,recovered,True,2.116189906,
golden,142,seeds10,recovered,True,5.816498696,
golden,143,seeds2,recovered,True,147.03967193200003,
golden,143,seeds10,recovered,True,597.990376698,
golden,144,seeds2,recovered,True,1.6906322430000003,
golden,144,seeds10,recovered,True,2.8527556350000003,
golden,145,seeds2,recovered,True,3.071664529,
golden,145,seeds10,recovered,True,8.038334291000002,
golden,146,seeds2,recovered,True,23.106266145000003,
golden,146,seeds10,recovered,True,94.455127807,
golden,147,seeds2,recovered,True,7.705765795,
golden,147,seeds10,recovered,True,28.437829821,
golden,148,seeds2,recovered,True,1.66273801,
golden,148,seeds10,recovered,True,2.935429134,
golden,149,seeds2,recovered,True,31.973586539999996,
golden,149,seeds10,recovered,True,110.161693182,
golden,150,seeds2,recovered,True,19.532424147,
golden,150,seeds10,recovered,True,104.779228509,
golden,151,seeds2,recovered,True,14.713463080000002,
golden,151,seeds10,recovered,True,61.822406667,
golden,152,seeds2,recovered,True,36.733165762999995,
golden,152,seeds10,recovered,True,174.193781628,
golden,153,seeds2,recovered,True,15.381096805000002,
golden,153,seeds10,recovered,True,48.344216145,
golden,154,seeds2,recovered,True,72.83301727000001,
golden,154,seeds10,recovered,True,285.573001049,
golden,155,seeds2,recovered,True,4.480681072000001,
golden,155,seeds10,recovered,True,14.922536617000002,
golden,156,seeds2,recovered,True,15.201817679000001,
golden,156,seeds10,recovered,True,70.82407919,
golden,157,seeds2,recovered,True,25.167476756,
golden,157,seeds10,recovered,True,108.05363349599999,
golden,158,seeds2,recovered,True,4.678220676,
golden,158,seeds10,recovered,True,15.941841859000002,
golden,159,seeds2,recovered,True,11.911733319000001,
golden,159,seeds10,recovered,True,46.156148443,
golden,160,seeds2,recovered,True,6.265294560999999,
golden,160,seeds10,recovered,True,16.008347476,
golden,161,seeds2,recovered,True,4.030736086,
golden,161,seeds10,recovered,True,12.147605055,
golden,162,seeds2,recovered,True,10.157124982,
golden,162,seeds10,recovered,True,36.787006875,
golden,163,seeds2,recovered,True,5.761951925,
golden,163,seeds10,recovered,True,17.731928676,
golden,164,seeds2,recovered,True,61.037045898,
golden,164,seeds10,recovered,True,239.655427589,
golden,165,seeds2,recovered,True,1.7894306169999998,
golden,165,seeds10,recovered,True,3.250022471,
golden,166,seeds2,recovered,True,2.714063081999999,
golden,166,seeds10,recovered,True,5.954109729,
golden,167,seeds2,recovered,True,39.245460185,
golden,167,seeds10,recovered,True,155.120958074,
golden,168,seeds2,recovered,True,7.310764254,
golden,168,seeds10,recovered,True,23.68265597,
golden,169,seeds2,recovered,True,17.576053111999997,
golden,169,seeds10,recovered,True,66.201853411,
golden,170,seeds2,recovered,True,5.1969464599999995,
golden,170,seeds10,recovered,True,15.104505708,
golden,171,seeds2,recovered,True,18.984018761,
golden,171,seeds10,recovered,True,85.519125996,
golden,172,seeds2,recovered,True,3.936143855,
golden,172,seeds10,recovered,True,12.649975495,
golden,173,seeds2,recovered,True,9.031373420000001,
golden,173,seeds10,recovered,True,33.943795407,
golden,174,seeds2,recovered,True,8.140681229999998,
golden,174,seeds10,recovered,True,37.41073402000001,
golden,175,seeds2,recovered,True,7.436495511,
golden,175,seeds10,recovered,True,25.744172998000003,
golden,176,seeds2,recovered,True,6.547634496000001,
golden,176,seeds10,recovered,True,22.354737611,
golden,177,seeds2,recovered,True,15.062007089000002,
golden,177,seeds10,recovered,True,65.574644584,
golden,178,seeds2,recovered,True,11.544178768000002,
golden,178,seeds10,recovered,True,41.565554044,
golden,179,seeds2,recovered,True,8.174283159000002,
golden,179,seeds10,recovered,True,29.961875522,
golden,180,seeds2,recovered,True,4.921876642000001,
golden,180,seeds10,recovered,True,12.525610333000001,
golden,181,seeds2,recovered,True,35.986709782000005,
golden,181,seeds10,recovered,True,149.62146816299997,
golden,182,seeds2,recovered,True,22.554791281,
golden,182,seeds10,recovered,True,92.334976818,
golden,183,seeds2,recovered,True,2.7670926810000003,
golden,183,seeds10,recovered,True,6.663186872000001,
golden,184,seeds2,recovered,True,5.968899704,
golden,184,seeds10,recovered,True,22.013235603,
golden,185,seeds2,recovered,True,1.655343416,
golden,185,seeds10,recovered,True,3.2101061439999996,
golden,186,seeds2,recovered,True,33.064027328,
golden,186,seeds10,recovered,True,141.62334750000002,
golden,187,seeds2,recovered,True,7.17730847,
golden,187,seeds10,recovered,True,28.737541159,
golden,188,seeds2,recovered,True,1.2231827020000001,
golden,188,seeds10,recovered,True,1.9543084179999997,
golden,189,seeds2,recovered,True,1.6886882639999998,
golden,189,seeds10,recovered,True,3.8414840360000007,
golden,190,seeds2,recovered,True,1.437591679,
golden,190,seeds10,recovered,True,2.5761874650000003,
golden,191,seeds2,recovered,True,2.051822222,
golden,191,seeds10,recovered,True,4.045637018,
golden,192,seeds2,recovered,True,2.619463605,
golden,192,seeds10,recovered,True,7.659805478,
golden,193,seeds2,recovered,True,9.354368123999999,
golden,193,seeds10,recovered,True,24.404981164,
golden,194,seeds2,recovered,True,55.873881585999996,
golden,194,seeds10,recovered,True,253.99626216800002,
golden,195,seeds2,recovered,True,9.167615461,
golden,195,seeds10,recovered,True,33.99753033499999,
golden,196,seeds2,recovered,True,24.741854519,
golden,196,seeds10,recovered,True,94.627988593,
golden,197,seeds2,recovered,True,3.729507084,
golden,197,seeds10,recovered,True,11.091848237,
golden,198,seeds2,recovered,True,23.664491084999998,
golden,198,seeds10,recovered,True,101.663120603,
golden,199,seeds2,recovered,True,13.225716467999998,
golden,199,seeds10,recovered,True,48.445071114,
golden,200,seeds2,recovered,True,9.704244517,
golden,200,seeds10,recovered,True,39.094895021000006,
golden,201,seeds2,recovered,True,41.577939822999994,
golden,201,seeds10,recovered,True,186.22664763299997,
golden,202,seeds2,recovered,True,20.912255126,
golden,202,seeds10,recovered,True,86.023670772,
golden,203,seeds2,recovered,True,1.2790527059999999,
golden,203,seeds10,recovered,True,1.9654866569999998,
golden,204,seeds2,recovered,True,6.738814197000001,
golden,204,seeds10,recovered,True,21.611257105,
golden,205,seeds2,recovered,True,14.324349113999999,
golden,205,seeds10,recovered,True,51.559933009999995,
golden,206,seeds2,recovered,True,1.300862713,
golden,206,seeds10,recovered,True,2.2186686499999997,
golden,207,seeds2,recovered,True,13.623520371000001,
golden,207,seeds10,recovered,True,48.400824665,
golden,208,seeds2,recovered,True,8.495223023000001,
golden,208,seeds10,recovered,True,28.430049417999996,
golden,209,seeds2,recovered,True,18.40909988,
golden,209,seeds10,recovered,True,64.35207358,
golden,210,seeds2,recovered,True,3.579391689,
golden,210,seeds10,recovered,True,11.868994566,
golden,211,seeds2,recovered,True,1.1392584220000002,
golden,211,seeds10,recovered,True,1.84924329,
golden,212,seeds2,recovered,True,3.943458173999999,
golden,212,seeds10,recovered,True,13.695402003,
golden,213,seeds2,recovered,True,31.415171669000003,
golden,213,seeds10,recovered,True,127.67333677199998,
golden,214,seeds2,recovered,True,43.406372606000005,
golden,214,seeds10,recovered,True,149.944600608,
golden,215,seeds2,recovered,True,6.068257277000001,
golden,215,seeds10,recovered,True,21.607954102,
golden,216,seeds2,recovered,True,24.106460501,
golden,216,seeds10,recovered,True,77.62086609,
golden,217,seeds2,recovered,True,4.285529249,
golden,217,seeds10,recovered,True,14.574717562,
golden,218,seeds2,recovered,True,1.311999448,
golden,218,seeds10,recovered,True,2.5574037969999996,
golden,219,seeds2,recovered,True,9.745046340999998,
golden,219,seeds10,recovered,True,31.616628011,
golden,220,seeds2,recovered,True,17.395709313999998,
golden,220,seeds10,recovered,True,79.37491004099999,
golden,221,seeds2,recovered,True,10.318358857000002,
golden,221,seeds10,recovered,True,27.543270733,
golden,222,seeds2,recovered,True,1.5937276530000002,
golden,222,seeds10,recovered,True,3.3913257669999997,
golden,223,seeds2,recovered,True,6.331245725999998,
golden,223,seeds10,recovered,True,24.09073284,
golden,224,seeds2,recovered,True,2.060769841,
golden,224,seeds10,recovered,True,5.04559454,
golden,225,seeds2,recovered,True,1.1364217429999999,
golden,225,seeds10,recovered,True,1.5636633770000001,
golden,226,seeds2,recovered,True,1.292459318,
golden,226,seeds10,recovered,True,2.4606725340000004,
golden,227,seeds2,recovered,True,1.019386195,
golden,227,seeds10,recovered,True,1.721895812,
golden,228,seeds2,recovered,True,9.972861551000001,
golden,228,seeds10,recovered,True,41.150943917,
golden,229,seeds2,recovered,True,29.709008879,
golden,229,seeds10,recovered,True,137.09805478200002,
golden,230,seeds2,recovered,True,13.859737107,
golden,230,seeds10,recovered,True,48.729430087000004,
golden,231,seeds2,recovered,True,32.551056741000004,
golden,231,seeds10,recovered,True,146.12061663100002,
golden,232,seeds2,recovered,True,1.9281307670000003,
golden,232,seeds10,recovered,True,5.186813743,
golden,233,seeds2,recovered,True,3.002506981,
golden,233,seeds10,recovered,True,9.614934603999998,
golden,234,seeds2,recovered,True,1.7585059719999998,
golden,234,seeds10,recovered,True,5.126750545,
golden,235,seeds2,recovered,True,1.3046830850000002,
golden,235,seeds10,recovered,True,2.83884109,
golden,236,seeds2,recovered,True,1.7328599889999994,
golden,236,seeds10,recovered,True,4.46524672,
golden,237,seeds2,recovered,True,20.974545835999997,
golden,237,seeds10,recovered,True,92.285720162,
golden,238,seeds2,recovered,True,5.9296333830000005,
golden,238,seeds10,recovered,True,21.977495836000003,
golden,239,seeds2,recovered,True,42.654333206000004,
golden,239,seeds10,recovered,True,198.64051895199998,
golden,240,seeds2,recovered,True,1.6957224859999998,
golden,240,seeds10,recovered,True,3.188974291,
golden,241,seeds2,recovered,True,3.175746639,
golden,241,seeds10,recovered,True,9.205695782,
golden,242,seeds2,recovered,True,9.165331608,
golden,242,seeds10,recovered,True,38.291613352,
golden,243,seeds2,recovered,True,5.870534350000001,
golden,243,seeds10,recovered,True,23.214930202999994,
golden,244,seeds2,recovered,True,21.803769010000003,
golden,244,seeds10,recovered,True,97.41565096300002,
golden,245,seeds2,recovered,True,27.796967496,
golden,245,seeds10,recovered,True,128.154712742,
golden,246,seeds2,recovered,True,7.191207409,
golden,246,seeds10,recovered,True,28.549489487000002,
golden,247,seeds2,recovered,True,7.204207529999999,
golden,247,seeds10,recovered,True,27.753275094,
golden,248,seeds2,recovered,True,14.689235434,
golden,248,seeds10,recovered,True,56.60221322300001,
golden,249,seeds2,recovered,True,4.110724404999999,
golden,249,seeds10,recovered,True,11.126521302,
golden,250,seeds2,recovered,True,1.734910948,
golden,250,seeds10,recovered,True,4.0360613690000005,
golden,251,seeds2,recovered,True,5.240411287,
golden,251,seeds10,recovered,True,18.685062277,
golden,252,seeds2,recovered,True,2.2231409620000004,
golden,252,seeds10,recovered,True,5.822291538000001,
golden,253,seeds2,recovered,True,10.188155312,
golden,253,seeds10,recovered,True,33.659473649999995,
golden,254,seeds2,recovered,True,1.222521988,
golden,254,seeds10,recovered,True,2.6204835780000004,
golden,255,seeds2,recovered,True,6.412585446,
golden,255,seeds10,recovered,True,23.183050148,
golden,256,seeds2,recovered,True,4.946630463,
golden,256,seeds10,recovered,True,16.774496013,
golden,257,seeds2,recovered,True,51.832524116,
golden,257,seeds10,recovered,True,257.91673051299995,
golden,258,seeds2,recovered,True,2.7557605520000004,
golden,258,seeds10,recovered,True,8.680879689,
golden,259,seeds2,recovered,True,1.7559115730000001,
golden,259,seeds10,recovered,True,4.066004878,
golden,260,seeds2,recovered,True,4.768085501,
golden,260,seeds10,recovered,True,14.876271444999999,
golden,261,seeds2,recovered,True,7.600308622,
golden,261,seeds10,recovered,True,27.029136058,
golden,262,seeds2,recovered,True,4.496205679,
golden,262,seeds10,recovered,True,15.452247379999996,
golden,263,seeds2,recovered,True,2.0488364409999997,
golden,263,seeds10,recovered,True,4.331676539000001,
golden,264,seeds2,recovered,True,3.448930955,
golden,264,seeds10,recovered,True,9.372529781,
golden,265,seeds2,recovered,True,1.9321902789999998,
golden,265,seeds10,recovered,True,3.739641626,
golden,266,seeds2,recovered,True,4.8001406939999995,
golden,266,seeds10,recovered,True,19.954865167999998,
golden,267,seeds2,recovered,True,0.8068061199999998,
golden,267,seeds10,recovered,True,1.1585974599999997,
golden,268,seeds2,recovered,True,23.045333903,
golden,268,seeds10,recovered,True,95.080103923,
golden,269,seeds2,recovered,True,3.0391647440000003,
golden,269,seeds10,recovered,True,9.410962326,
golden,270,seeds2,recovered,True,18.660084123999997,
golden,270,seeds10,recovered,True,67.431723259,
golden,271,seeds2,recovered,True,1.018534076,
golden,271,seeds10,recovered,True,1.2339162570000002,
golden,272,seeds2,recovered,True,3.641516619,
golden,272,seeds10,recovered,True,11.624765941,
golden,273,seeds2,recovered,True,9.904297245999999,
golden,273,seeds10,recovered,True,36.470036621,
golden,274,seeds2,recovered,True,5.039476085,
golden,274,seeds10,recovered,True,16.30277729,
golden,275,seeds2,recovered,True,9.757789463,
golden,275,seeds10,recovered,True,35.661256544000004,
golden,276,seeds2,recovered,True,5.176770768000001,
golden,276,seeds10,recovered,True,18.249348808,
golden,277,seeds2,recovered,True,9.900115348,
golden,277,seeds10,recovered,True,31.446041276,
golden,278,seeds2,recovered,True,4.281269623,
golden,278,seeds10,recovered,True,11.50167668,
golden,279,seeds2,recovered,True,6.469743242,
golden,279,seeds10,recovered,True,19.798265055999998,
golden,280,seeds2,recovered,True,3.5784645469999994,
golden,280,seeds10,recovered,True,14.731060065,
golden,281,seeds2,recovered,True,2.285810508,
golden,281,seeds10,recovered,True,4.947617536999999,
golden,282,seeds2,recovered,True,2.9581273550000002,
golden,282,seeds10,recovered,True,8.207889811,
golden,283,seeds2,recovered,True,2.916631893,
golden,283,seeds10,recovered,True,7.485710039000001,
golden,284,seeds2,recovered,True,7.7441477469999995,
golden,284,seeds10,recovered,True,21.778885138,
golden,285,seeds2,recovered,True,16.708746986,
golden,285,seeds10,recovered,True,77.022228384,
golden,286,seeds2,recovered,True,19.930627404,
golden,286,seeds10,recovered,True,83.30958391200001,
golden,287,seeds2,recovered,True,6.812946013,
golden,287,seeds10,recovered,True,22.35375043,
golden,288,seeds2,recovered,True,3.710098771,
golden,288,seeds10,recovered,True,12.080605536,
golden,289,seeds2,recovered,True,33.599807544,
golden,289,seeds10,recovered,True,122.058346866,
golden,290,seeds2,recovered,True,12.680421235,
golden,290,seeds10,recovered,True,42.279650304,
golden,291,seeds2,recovered,True,1.7179527339999998,
golden,291,seeds10,recovered,True,4.8748016619999985,
golden,292,seeds2,recovered,True,1.545642719,
golden,292,seeds10,recovered,True,2.6865716080000004,
golden,293,seeds2,recovered,True,3.914853189000001,
golden,293,seeds10,recovered,True,14.914837231,
golden,294,seeds2,recovered,True,1.7085378689999997,
golden,294,seeds10,recovered,True,3.3680199239999986,
golden,295,seeds2,recovered,True,28.738990301999998,
golden,295,seeds10,recovered,True,150.617782138,
golden,296,seeds2,recovered,True,10.754871095,
golden,296,seeds10,recovered,True,47.674029528999995,
golden,297,seeds2,recovered,True,30.827151837,
golden,297,seeds10,recovered,True,144.624644632,
golden,298,seeds2,recovered,True,2.3084483010000003,
golden,298,seeds10,recovered,True,9.054712745,
golden,299,seeds2,recovered,True,1.9133474899999994,
golden,299,seeds10,recovered,True,4.285168444999999,
golden,300,seeds2,recovered,True,5.043172109,
golden,300,seeds10,recovered,True,17.941456397,
golden,301,seeds2,recovered,True,30.707518727,
golden,301,seeds10,recovered,True,105.259381497,
golden,302,seeds2,recovered,True,8.202143083,
golden,302,seeds10,recovered,True,31.710669423,
golden,303,seeds2,recovered,True,1.0318602689999998,
golden,303,seeds10,recovered,True,1.8913443600000002,
golden,304,seeds2,recovered,True,9.175087095000002,
golden,304,seeds10,recovered,True,37.04097664300001,
golden,305,seeds2,recovered,True,6.976007818,
golden,305,seeds10,recovered,True,30.286647184000003,
golden,306,seeds2,recovered,True,3.384043256,
golden,306,seeds10,recovered,True,7.963798917,
golden,307,seeds2,recovered,True,99.358405551,
golden,307,seeds10,recovered,True,473.423874318,
golden,308,seeds2,recovered,True,16.249209612999998,
golden,308,seeds10,recovered,True,75.78275806200001,
golden,309,seeds2,recovered,True,12.41971385,
golden,309,seeds10,recovered,True,53.742045346,
golden,310,seeds2,recovered,True,1.347959131,
golden,310,seeds10,recovered,True,2.3421279449999997,
golden,311,seeds2,recovered,True,3.4254971579999998,
golden,311,seeds10,recovered,True,10.317452388,
golden,312,seeds2,recovered,True,8.457710650999998,
golden,312,seeds10,recovered,True,29.87029196,
golden,313,seeds2,recovered,True,31.202874407,
golden,313,seeds10,recovered,True,148.64642678400003,
golden,314,seeds2,recovered,True,2.2508429789999997,
golden,314,seeds10,recovered,True,5.366498237,
golden,315,seeds2,recovered,True,13.341610706,
golden,315,seeds10,recovered,True,49.50687915200001,
golden,316,seeds2,recovered,True,2.6861748739999998,
golden,316,seeds10,recovered,True,8.320107365,
golden,317,seeds2,recovered,True,4.613794707,
golden,317,seeds10,recovered,True,11.71536488,
golden,318,seeds2,recovered,True,18.198235714,
golden,318,seeds10,recovered,True,78.477877293,
golden,319,seeds2,recovered,True,7.5595797860000005,
golden,319,seeds10,recovered,True,30.189316678,
golden,320,seeds2,recovered,True,17.11747139,
golden,320,seeds10,recovered,True,67.103720004,
golden,321,seeds2,recovered,True,1.5897872179999997,
golden,321,seeds10,recovered,True,3.851783168,
golden,322,seeds2,recovered,True,4.511297707000001,
golden,322,seeds10,recovered,True,18.286301225,
golden,323,seeds2,recovered,True,1.1864136130000003,
golden,323,seeds10,recovered,True,1.9306070760000003,
golden,324,seeds2,recovered,True,1.8608971799999998,
golden,324,seeds10,recovered,True,5.9868957069999995,
golden,325,seeds2,recovered,True,18.831742212,
golden,325,seeds10,recovered,True,69.092133431,
golden,326,seeds2,recovered,True,2.035782933,
golden,326,seeds10,recovered,True,3.826128559,
golden,327,seeds2,recovered,True,5.890733105000001,
golden,327,seeds10,recovered,True,18.959333263999994,
golden,328,seeds2,recovered,True,13.283062913000002,
golden,328,seeds10,recovered,True,58.971561521000005,
golden,329,seeds2,recovered,True,3.5110897149999998,
golden,329,seeds10,recovered,True,12.146336069,
golden,330,seeds2,recovered,True,1.636108326,
golden,330,seeds10,recovered,True,3.8959419950000003,
golden,331,seeds2,recovered,True,8.621717552,
golden,331,seeds10,recovered,True,36.86153028900001,
golden,332,seeds2,recovered,True,1.3656127200000001,
golden,332,seeds10,recovered,True,3.1451090329999998,
golden,333,seeds2,recovered,True,2.032519244,
golden,333,seeds10,recovered,True,4.7748761879999995,
golden,334,seeds2,recovered,True,4.976825847,
golden,334,seeds10,recovered,True,15.770944036000001,
golden,335,seeds2,recovered,True,4.31835827,
golden,335,seeds10,recovered,True,13.366413521,
golden,336,seeds2,recovered,True,1.6184519309999998,
golden,336,seeds10,recovered,True,4.708780834,
golden,337,seeds2,recovered,True,39.771450955,
golden,337,seeds10,recovered,True,175.72507405599998,
golden,338,seeds2,recovered,True,2.4840577049999997,
golden,338,seeds10,recovered,True,8.133050863000001,
golden,339,seeds2,recovered,True,3.0931154690000002,
golden,339,seeds10,recovered,True,10.241906228000001,
golden,340,seeds2,recovered,True,3.1107234119999996,
golden,340,seeds10,recovered,True,8.237750554,
golden,341,seeds2,recovered,True,2.93760083,
golden,341,seeds10,recovered,True,8.393341441,
golden,342,seeds2,recovered,True,3.0563608090000005,
golden,342,seeds10,recovered,True,8.246903928000002,
golden,343,seeds2,recovered,True,15.930029890999998,
golden,343,seeds10,recovered,True,62.823254240000004,
golden,344,seeds2,recovered,True,29.291564490999995,
golden,344,seeds10,recovered,True,118.30291440900001,
golden,345,seeds2,recovered,True,3.609332557,
golden,345,seeds10,recovered,True,10.143476542999998,
golden,346,seeds2,recovered,True,3.7928683550000004,
golden,346,seeds10,recovered,True,13.361491221000001,
golden,347,seeds2,recovered,True,2.7712988189999996,
golden,347,seeds10,recovered,True,8.285968691999999,
golden,348,seeds2,recovered,True,1.1894664659999998,
golden,348,seeds10,recovered,True,2.0486846549999997,
golden,349,seeds2,recovered,True,6.750558464999999,
golden,349,seeds10,recovered,True,26.875000829999998,
golden,350,seeds2,recovered,True,1.9998132060000002,
golden,350,seeds10,recovered,True,5.926771269,
golden,351,seeds2,recovered,True,2.015450219,
golden,351,seeds10,recovered,True,7.288215129000001,
golden,352,seeds2,recovered,True,24.164634319,
golden,352,seeds10,recovered,True,91.51878850899999,
golden,353,seeds2,recovered,True,2.522863266,
golden,353,seeds10,recovered,True,5.5121625960000005,
golden,354,seeds2,recovered,True,8.280770414000003,
golden,354,seeds10,recovered,True,34.890393072,
golden,355,seeds2,recovered,True,6.833733086999999,
golden,355,seeds10,recovered,True,25.157037128,
golden,356,seeds2,recovered,True,2.252289232,
golden,356,seeds10,recovered,True,4.415105606,
golden,357,seeds2,recovered,True,10.335758811000002,
golden,357,seeds10,recovered,True,33.269535081,
golden,358,seeds2,recovered,True,37.46371184,
golden,358,seeds10,recovered,True,162.83375390999998,
golden,359,seeds2,recovered,True,4.2386050829999995,
golden,359,seeds10,recovered,True,16.609901179999998,
golden,360,seeds2,recovered,True,1.5822511940000004,
golden,360,seeds10,recovered,True,3.169522341,
golden,361,seeds2,recovered,True,3.427101017999999,
golden,361,seeds10,recovered,True,11.519002523999998,
golden,362,seeds2,recovered,True,2.3146189249999995,
golden,362,seeds10,recovered,True,2.777494822,
golden,363,seeds2,recovered,True,3.351582963,
golden,363,seeds10,recovered,True,11.65354047,
golden,364,seeds2,recovered,True,17.998597364,
golden,364,seeds10,recovered,True,66.91903643700002,
golden,365,seeds2,recovered,True,10.538567104,
golden,365,seeds10,recovered,True,37.690139649,
golden,366,seeds2,recovered,True,1.7111739029999997,
golden,366,seeds10,recovered,True,2.9957214830000005,
golden,367,seeds2,recovered,True,4.821410155000001,
golden,367,seeds10,recovered,True,16.547646752000002,
golden,368,seeds2,recovered,True,2.910397992,
golden,368,seeds10,recovered,True,7.091619041000001,
golden,369,seeds2,recovered,True,1.3272300509999995,
golden,369,seeds10,recovered,True,2.375964132,
golden,370,seeds2,recovered,True,2.230309356,
golden,370,seeds10,recovered,True,5.7955666610000005,
golden,371,seeds2,recovered,True,5.715776571999999,
golden,371,seeds10,recovered,True,20.675052504,
golden,372,seeds2,recovered,True,112.404804074,
golden,372,seeds10,recovered,True,555.063713302,
golden,373,seeds2,recovered,True,7.764896791,
golden,373,seeds10,recovered,True,28.289896744000004,
golden,374,seeds2,recovered,True,17.477211301000004,
golden,374,seeds10,recovered,True,71.235433028,
golden,375,seeds2,recovered,True,4.718629756,
golden,375,seeds10,recovered,True,11.803597521,
golden,376,seeds2,recovered,True,2.674494684,
golden,376,seeds10,recovered,True,7.394399624,
golden,377,seeds2,recovered,True,4.497299817,
golden,377,seeds10,recovered,True,11.783309692,
golden,378,seeds2,recovered,True,2.578261858,
golden,378,seeds10,recovered,True,7.384219579,
golden,379,seeds2,recovered,True,1.453099405,
golden,379,seeds10,recovered,True,2.307579896,
golden,380,seeds2,recovered,True,7.000339509,
golden,380,seeds10,recovered,True,18.637989972,
golden,381,seeds2,recovered,True,9.488820471,
golden,381,seeds10,recovered,True,26.874049804000002,
golden,382,seeds2,recovered,True,1.958814641,
golden,382,seeds10,recovered,True,3.8064662059999996,
golden,383,seeds2,recovered,True,2.680495217,
golden,383,seeds10,recovered,True,8.107845056,
golden,384,seeds2,recovered,True,3.577193728,
golden,384,seeds10,recovered,True,14.339185136000001,
golden,385,seeds2,recovered,True,7.781162544999999,
golden,385,seeds10,recovered,True,25.993416718000002,
golden,386,seeds2,recovered,True,12.532558591999997,
golden,386,seeds10,recovered,True,44.541840994999994,
golden,387,seeds2,recovered,True,1.1480932469999998,
golden,387,seeds10,recovered,True,1.693600582,
golden,388,seeds2,recovered,True,22.711294375999998,
golden,388,seeds10,recovered,True,93.016452283,
golden,389,seeds2,recovered,True,1.4237003999999995,
golden,389,seeds10,recovered,True,2.3309733080000004,
golden,390,seeds2,recovered,True,3.628696157,
golden,390,seeds10,recovered,True,13.910117113999998,
golden,391,seeds2,recovered,True,8.944315647999998,
golden,391,seeds10,recovered,True,36.92195164200001,
golden,392,seeds2,recovered,True,1.0715805400000002,
golden,392,seeds10,recovered,True,1.4895118099999998,
golden,393,seeds2,recovered,True,7.979621376000001,
golden,393,seeds10,recovered,True,28.183481197,
golden,394,seeds2,recovered,True,2.9600498589999993,
golden,394,seeds10,recovered,True,8.135844722999998,
golden,395,seeds2,recovered,True,1.3479338790000002,
golden,395,seeds10,recovered,True,2.3514186039999996,
golden,396,seeds2,recovered,True,4.357087031000001,
golden,396,seeds10,recovered,True,14.271213649999998,
golden,397,seeds2,recovered,True,2.602377335,
golden,397,seeds10,recovered,True,6.028945984,
golden,398,seeds2,recovered,True,1.209692423,
golden,398,seeds10,recovered,True,2.464386064,
golden,399,seeds2,recovered,True,1.306740049,
golden,399,seeds10,recovered,True,1.6016640959999997,
golden,400,seeds2,recovered,True,29.580166876999996,
golden,400,seeds10,recovered,True,124.408690624,
golden,401,seeds2,recovered,True,36.514705494000005,
golden,401,seeds10,recovered,True,173.22329493200004,
golden,402,seeds2,recovered,True,1.781276428,
golden,402,seeds10,recovered,True,5.186509875999999,
golden,403,seeds2,recovered,True,88.586099202,
golden,403,seeds10,recovered,True,458.52574514500003,
golden,404,seeds2,recovered,True,4.257660437,
golden,404,seeds10,recovered,True,16.168241218,
golden,405,seeds2,recovered,True,6.053296619,
golden,405,seeds10,recovered,True,20.201624303,
golden,406,seeds2,recovered,True,10.938964239,
golden,406,seeds10,recovered,True,36.137395762000004,
golden,407,seeds2,recovered,True,12.255633457999998,
golden,407,seeds10,recovered,True,59.083735581999996,
golden,408,seeds2,recovered,True,4.361382073,
golden,408,seeds10,recovered,True,14.53926596,
golden,409,seeds2,recovered,True,1.9420311299999995,
golden,409,seeds10,recovered,True,4.751857376999999,
golden,410,seeds2,recovered,True,289.57200354800005,
golden,410,seeds10,recovered,True,1425.476443469,
golden,411,seeds2,recovered,True,37.650788875,
golden,411,seeds10,recovered,True,147.41592458799997,
golden,412,seeds2,recovered,True,4.145972403,
golden,412,seeds10,recovered,True,9.659378803,
golden,413,seeds2,recovered,True,6.105618011999999,
golden,413,seeds10,recovered,True,25.961341901,
golden,414,seeds2,recovered,True,2.727039481,
golden,414,seeds10,recovered,True,7.1884737030000005,
golden,415,seeds2,recovered,True,3.8683808369999997,
golden,415,seeds10,recovered,True,12.839642169000001,
golden,416,seeds2,recovered,True,2.048798906,
golden,416,seeds10,recovered,True,3.771760218,
golden,417,seeds2,recovered,True,17.677539216999996,
golden,417,seeds10,recovered,True,97.28774428599999,
golden,418,seeds2,recovered,True,3.5556495439999996,
golden,418,seeds10,recovered,True,9.389896120000001,
golden,419,seeds2,recovered,True,7.852791127000001,
golden,419,seeds10,recovered,True,27.699613760000002,
golden,420,seeds2,recovered,True,46.206010047999996,
golden,420,seeds10,recovered,True,187.70117122000002,
golden,421,seeds2,recovered,True,4.232562542,
golden,421,seeds10,recovered,True,15.400679465999998,
golden,422,seeds2,recovered,True,2.809715545,
golden,422,seeds10,recovered,True,5.052085138000001,
golden,423,seeds2,recovered,True,65.314270657,
golden,423,seeds10,recovered,True,232.13977182099998,
golden,424,seeds2,recovered,True,2.276716798,
golden,424,seeds10,recovered,True,4.831653425000001,
golden,425,seeds2,recovered,True,15.087410719999998,
golden,425,seeds10,recovered,True,58.273018132000004,
golden,426,seeds2,recovered,True,5.481608422,
golden,426,seeds10,recovered,True,14.979507437,
golden,427,seeds2,recovered,True,22.984376767,
golden,427,seeds10,recovered,True,72.146349785,
golden,428,seeds2,recovered,True,9.86207271,
golden,428,seeds10,recovered,True,34.639249662,
golden,429,seeds2,recovered,True,1.7313779279999997,
golden,429,seeds10,recovered,True,4.167967817999999,
golden,430,seeds2,recovered,True,9.058036996,
golden,430,seeds10,recovered,True,27.924459640000002,
golden,431,seeds2,recovered,True,10.166501273,
golden,431,seeds10,recovered,True,34.064601015,
golden,432,seeds2,recovered,True,5.7825999999999995,
golden,432,seeds10,recovered,True,19.108048258000004,
golden,433,seeds2,recovered,True,3.9177900880000003,
golden,433,seeds10,recovered,True,9.902620412000001,
golden,434,seeds2,recovered,True,18.078165518,
golden,434,seeds10,recovered,True,68.785904552,
golden,435,seeds2,recovered,True,3.576415307999999,
golden,435,seeds10,recovered,True,10.064907618000001,
golden,436,seeds2,recovered,True,5.036394994999998,
golden,436,seeds10,recovered,True,17.769381038,
golden,437,seeds2,recovered,True,1.603023968,
golden,437,seeds10,recovered,True,2.969914397,
golden,438,seeds2,recovered,True,3.2441503259999998,
golden,438,seeds10,recovered,True,7.672431171999998,
golden,439,seeds2,recovered,True,44.622359483,
golden,439,seeds10,recovered,True,182.57044606199997,
golden,440,seeds2,recovered,True,1.811581329,
golden,440,seeds10,recovered,True,4.77725966,
golden,441,seeds2,recovered,True,3.896214163,
golden,441,seeds10,recovered,True,14.112065489,
golden,442,seeds2,recovered,True,27.905075312,
golden,442,seeds10,recovered,True,119.134114956,
golden,443,seeds2,recovered,True,14.487174797999996,
golden,443,seeds10,recovered,True,61.25892551199999,
golden,444,seeds2,recovered,True,31.038817287,
golden,444,seeds10,recovered,True,124.493372735,
golden,445,seeds2,recovered,True,14.759898237000003,
golden,445,seeds10,recovered,True,73.510510437,
golden,446,seeds2,recovered,True,26.536514247,
golden,446,seeds10,recovered,True,109.06382822100001,
golden,447,seeds2,recovered,True,1.5816952919999996,
golden,447,seeds10,recovered,True,3.3263251070000006,
golden,448,seeds2,recovered,True,26.061970917,
golden,448,seeds10,recovered,True,109.860923233,
golden,449,seeds2,recovered,True,9.531964827000001,
golden,449,seeds10,recovered,True,39.705273592999994,
golden,450,seeds2,recovered,True,3.6338195219999996,
golden,450,seeds10,recovered,True,8.942837253,
golden,451,seeds2,recovered,True,5.5746121980000005,
golden,451,seeds10,recovered,True,17.235198558,
golden,452,seeds2,recovered,True,3.9612422279999997,
golden,452,seeds10,recovered,True,9.202824633,
golden,453,seeds2,recovered,True,70.25328611900001,
golden,453,seeds10,recovered,True,267.774355338,
golden,454,seeds2,recovered,True,33.319231668,
golden,454,seeds10,recovered,True,129.616572421,
golden,455,seeds2,recovered,True,3.539301535,
golden,455,seeds10,recovered,True,7.574309521,
golden,456,seeds2,recovered,True,10.401960410000001,
golden,456,seeds10,recovered,True,42.067307725,
golden,457,seeds2,recovered,True,4.6625402409999985,
golden,457,seeds10,recovered,True,14.715609248,
golden,458,seeds2,recovered,True,3.1752882279999994,
golden,458,seeds10,recovered,True,7.072415439999999,
golden,459,seeds2,recovered,True,9.432416902999998,
golden,459,seeds10,recovered,True,33.352131967999995,
golden,460,seeds2,recovered,True,1.6522701609999997,
golden,460,seeds10,recovered,True,3.2829358539999998,
golden,461,seeds2,recovered,True,8.641178965,
golden,461,seeds10,recovered,True,41.169117566,
golden,462,seeds2,recovered,True,29.503896169999997,
golden,462,seeds10,recovered,True,87.02897174700001,
golden,463,seeds2,recovered,True,29.381867843000006,
golden,463,seeds10,recovered,True,147.35168331699998,
golden,464,seeds2,recovered,True,15.092263078,
golden,464,seeds10,recovered,True,59.055520943,
golden,465,seeds2,recovered,True,7.207623064000001,
golden,465,seeds10,recovered,True,25.411259090999994,
golden,466,seeds2,recovered,True,12.197024282,
golden,466,seeds10,recovered,True,41.379006603,
golden,467,seeds2,recovered,True,1.316295988,
golden,467,seeds10,recovered,True,2.0180974450000004,
golden,468,seeds2,recovered,True,1.8785045889999998,
golden,468,seeds10,recovered,True,4.120217668,
golden,469,seeds2,recovered,True,3.7698433579999997,
golden,469,seeds10,recovered,True,9.366523758,
golden,470,seeds2,recovered,True,2.166610622,
golden,470,seeds10,recovered,True,5.721708077000001,
golden,471,seeds2,recovered,True,4.711384554,
golden,471,seeds10,recovered,True,16.406501701000003,
golden,472,seeds2,recovered,True,1.8229952619999998,
golden,472,seeds10,recovered,True,4.9661701350000005,
golden,473,seeds2,recovered,True,6.349127214999999,
golden,473,seeds10,recovered,True,21.493626046,
golden,474,seeds2,recovered,True,17.615950442,
golden,474,seeds10,recovered,True,66.879908069,
golden,475,seeds2,recovered,True,3.3966883219999997,
golden,475,seeds10,recovered,True,16.861574877000002,
golden,476,seeds2,recovered,True,1.287052031,
golden,476,seeds10,recovered,True,1.922468586,
golden,477,seeds2,recovered,True,9.020260217999999,
golden,477,seeds10,recovered,True,24.603402429,
golden,478,seeds2,recovered,True,1.752737626,
golden,478,seeds10,recovered,True,4.4815031130000005,
golden,479,seeds2,recovered,True,3.5550336829999996,
golden,479,seeds10,recovered,True,11.172315689000001,
golden,480,seeds2,recovered,True,6.5930044379999995,
golden,480,seeds10,recovered,True,20.739716555,
golden,481,seeds2,recovered,True,6.889856570999999,
golden,481,seeds10,recovered,True,23.172922084999996,
golden,482,seeds2,recovered,True,4.475874982999999,
golden,482,seeds10,recovered,True,11.855503614,
golden,483,seeds2,recovered,True,1.3914985769999995,
golden,483,seeds10,recovered,True,2.2186790829999996,
golden,484,seeds2,recovered,True,20.082284111999996,
golden,484,seeds10,recovered,True,80.23963559100001,
golden,485,seeds2,recovered,True,9.685438844,
golden,485,seeds10,recovered,True,37.070835832,
golden,486,seeds2,recovered,True,3.826373609,
golden,486,seeds10,recovered,True,14.359471924000001,
golden,487,seeds2,recovered,True,2.0844732099999996,
golden,487,seeds10,recovered,True,5.363002531999999,
golden,488,seeds2,recovered,True,2.837349846,
golden,488,seeds10,recovered,True,5.59778605,
golden,489,seeds2,recovered,True,6.320944357000001,
golden,489,seeds10,recovered,True,18.476184785,
golden,490,seeds2,recovered,True,11.847332148,
golden,490,seeds10,recovered,True,47.866269079,
golden,491,seeds2,recovered,True,11.120590867999999,
golden,491,seeds10,recovered,True,40.348943852,
golden,492,seeds2,recovered,True,5.969179465,
golden,492,seeds10,recovered,True,20.121989686,
golden,493,seeds2,recovered,True,2.5535701170000005,
golden,493,seeds10,recovered,True,10.269416688,
golden,494,seeds2,recovered,True,2.214995962,
golden,494,seeds10,recovered,True,6.875939473,
golden,495,seeds2,recovered,True,25.811573861,
golden,495,seeds10,recovered,True,131.82194810800002,
golden,496,seeds2,recovered,True,31.434110767,
golden,496,seeds10,recovered,True,128.191068396,
golden,497,seeds2,recovered,True,22.949942495000002,
golden,497,seeds10,recovered,True,99.624131764,
golden,498,seeds2,recovered,True,2.2185066090000003,
golden,498,seeds10,recovered,True,4.60871691,
golden,499,seeds2,recovered,True,10.931487489000002,
golden,499,seeds10,recovered,True,41.425640748,
golden,500,seeds2,recovered,True,2.919121611,
golden,500,seeds10,recovered,True,8.904328389,
golden,501,seeds2,recovered,True,3.0137217329999997,
golden,501,seeds10,recovered,True,9.246688851999998,
golden,502,seeds2,recovered,True,1.846145757,
golden,502,seeds10,recovered,True,4.050433867999999,
golden,503,seeds2,recovered,True,3.195652441999999,
golden,503,seeds10,recovered,True,12.487772087,
golden,504,seeds2,recovered,True,5.0969328040000015,
golden,504,seeds10,recovered,True,22.451274904,
golden,505,seeds2,recovered,True,6.869674845999999,
golden,505,seeds10,recovered,True,24.578356682999996,
golden,506,seeds2,recovered,True,8.356167069,
golden,506,seeds10,recovered,True,22.770886549,
golden,507,seeds2,recovered,True,10.292967014999999,
golden,507,seeds10,recovered,True,32.5362682,
golden,508,seeds2,recovered,True,1.695962658,
golden,508,seeds10,recovered,True,4.157857742,
golden,509,seeds2,recovered,True,5.860071763,
golden,509,seeds10,recovered,True,15.225644323,
golden,510,seeds2,recovered,True,2.8228593299999996,
golden,510,seeds10,recovered,True,6.550332654,
golden,511,seeds2,recovered,True,6.063110467,
golden,511,seeds10,recovered,True,20.098026242999996,
golden,512,seeds2,recovered,True,1.46267008,
golden,512,seeds10,recovered,True,3.5816002769999997,
golden,513,seeds2,recovered,True,4.431904527,
golden,513,seeds10,recovered,True,11.208274172000001,
golden,514,seeds2,recovered,True,6.487179469999999,
golden,514,seeds10,recovered,True,26.732127185,
golden,515,seeds2,recovered,True,5.072818143999999,
golden,515,seeds10,recovered,True,17.046417292999998,
golden,516,seeds2,recovered,True,11.892603762,
golden,516,seeds10,recovered,True,43.550927529,
golden,517,seeds2,recovered,True,2.906651731,
golden,517,seeds10,recovered,True,10.209360328,
golden,518,seeds2,recovered,True,7.6433989449999995,
golden,518,seeds10,recovered,True,27.338855407,
golden,519,seeds2,recovered,True,3.062115629000001,
golden,519,seeds10,recovered,True,7.466845956,
golden,520,seeds2,recovered,True,2.915461831,
golden,520,seeds10,recovered,True,8.593799443,
golden,521,seeds2,recovered,True,53.554089585,
golden,521,seeds10,recovered,True,247.6985712,
golden,522,seeds2,recovered,True,2.4816284489999996,
golden,522,seeds10,recovered,True,7.1306216870000005,
golden,523,seeds2,recovered,True,11.192735902999997,
golden,523,seeds10,recovered,True,26.973068507999997,
golden,524,seeds2,recovered,True,6.715653096,
golden,524,seeds10,recovered,True,25.588966750000004,
golden,525,seeds2,recovered,True,2.453128865,
golden,525,seeds10,recovered,True,9.674998955000001,
golden,526,seeds2,recovered,True,1.4063153069999998,
golden,526,seeds10,recovered,True,2.5476305619999997,
golden,527,seeds2,recovered,True,10.717102715,
golden,527,seeds10,recovered,True,35.210039355,
golden,528,seeds2,recovered,True,34.678715178,
golden,528,seeds10,recovered,True,184.94738378399998,
golden,529,seeds2,recovered,True,10.778829029,
golden,529,seeds10,recovered,True,38.172193852,
golden,530,seeds2,recovered,True,3.719578211,
golden,530,seeds10,recovered,True,11.833826820999999,
golden,531,seeds2,recovered,True,10.474525958999997,
golden,531,seeds10,recovered,True,39.426998432,
golden,532,seeds2,recovered,True,65.37094341699999,
golden,532,seeds10,recovered,True,290.97767211400003,
golden,533,seeds2,recovered,True,8.227089522,
golden,533,seeds10,recovered,True,39.058895981,
golden,534,seeds2,recovered,True,11.765564973,
golden,534,seeds10,recovered,True,45.973124088000006,
golden,535,seeds2,recovered,True,9.496565969,
golden,535,seeds10,recovered,True,40.22383429799999,
golden,536,seeds2,recovered,True,13.910890069,
golden,536,seeds10,recovered,True,58.546348065000004,
golden,537,seeds2,recovered,True,2.3925359509999997,
golden,537,seeds10,recovered,True,6.269805152,
golden,538,seeds2,recovered,True,1.703812525,
golden,538,seeds10,recovered,True,3.9953942059999994,
golden,539,seeds2,recovered,True,4.575393562,
golden,539,seeds10,recovered,True,10.572126104999999,
golden,540,seeds2,recovered,True,5.1236933549999994,
golden,540,seeds10,recovered,True,18.415889083,
golden,541,seeds2,recovered,True,42.12876945,
golden,541,seeds10,recovered,True,172.35647181400003,
golden,542,seeds2,recovered,True,20.806594794,
golden,542,seeds10,recovered,True,95.37856794100001,
golden,543,seeds2,recovered,True,2.791978103,
golden,543,seeds10,recovered,True,7.129478358000001,
golden,544,seeds2,recovered,True,5.876026208,
golden,544,seeds10,recovered,True,19.517830347000004,
golden,545,seeds2,recovered,True,14.150120144999997,
golden,545,seeds10,recovered,True,51.77579343300001,
golden,546,seeds2,recovered,True,6.384562939999999,
golden,546,seeds10,recovered,True,22.885956344999997,
golden,547,seeds2,recovered,True,20.049483917,
golden,547,seeds10,recovered,True,102.78004916400002,
golden,548,seeds2,recovered,True,3.4877478559999995,
golden,548,seeds10,recovered,True,18.242625085,
golden,549,seeds2,recovered,True,15.799071328000002,
golden,549,seeds10,recovered,True,52.83028909,
golden,550,seeds2,recovered,True,4.044135167,
golden,550,seeds10,recovered,True,13.494075231999998,
golden,551,seeds2,recovered,True,41.44916843800001,
golden,551,seeds10,recovered,True,171.877767735,
golden,552,seeds2,recovered,True,1.4043386079999998,
golden,552,seeds10,recovered,True,2.6211555690000004,
golden,553,seeds2,recovered,True,29.525150098999994,
golden,553,seeds10,recovered,True,131.4956412,
golden,554,seeds2,recovered,True,28.208916975,
golden,554,seeds10,recovered,True,149.169390373,
golden,555,seeds2,recovered,True,17.969619152,
golden,555,seeds10,recovered,True,67.46606200299999,
golden,556,seeds2,recovered,True,10.330058373999998,
golden,556,seeds10,recovered,True,37.608611612000004,
golden,557,seeds2,recovered,True,3.052192164,
golden,557,seeds10,recovered,True,9.804894497,
golden,558,seeds2,recovered,True,5.644697558999999,
golden,558,seeds10,recovered,True,12.948710258999999,
golden,559,seeds2,recovered,True,45.390181563999995,
golden,559,seeds10,recovered,True,214.06323896000004,
golden,560,seeds2,recovered,True,2.886863623,
golden,560,seeds10,recovered,True,10.256493172999999,
golden,561,seeds2,recovered,True,106.26067361400001,
golden,561,seeds10,recovered,True,479.77604126600005,
golden,562,seeds2,recovered,True,4.274693457,
golden,562,seeds10,recovered,True,13.876516836,
golden,563,seeds2,recovered,True,16.459638026,
golden,563,seeds10,recovered,True,67.549409655,
golden,564,seeds2,recovered,True,73.552944732,
golden,564,seeds10,recovered,True,383.094928178,
golden,565,seeds2,recovered,True,36.148968298999996,
golden,565,seeds10,recovered,True,160.89326187499998,
golden,566,seeds2,recovered,True,16.238282750000003,
golden,566,seeds10,recovered,True,61.529593876,
golden,567,seeds2,recovered,True,41.020254038000004,
golden,567,seeds10,recovered,True,194.02308273199998,
golden,568,seeds2,recovered,True,11.448084165000001,
golden,568,seeds10,recovered,True,45.260059373000004,
golden,569,seeds2,recovered,True,12.53599266,
golden,569,seeds10,recovered,True,49.883365474,
golden,570,seeds2,recovered,True,5.887586934000001,
golden,570,seeds10,recovered,True,19.212862047999998,
golden,571,seeds2,recovered,True,5.658316967999999,
golden,571,seeds10,recovered,True,19.873327946000003,
golden,572,seeds2,recovered,True,34.36553570699999,
golden,572,seeds10,recovered,True,154.683053868,
golden,573,seeds2,recovered,True,39.269315102,
golden,573,seeds10,recovered,True,113.16886481,
golden,574,seeds2,recovered,True,14.207339475999998,
golden,574,seeds10,recovered,True,66.05108823399999,
golden,575,seeds2,recovered,True,160.797990201,
golden,575,seeds10,recovered,True,758.6106023740001,
golden,576,seeds2,recovered,True,12.387054268,
golden,576,seeds10,recovered,True,59.202550869,
golden,577,seeds2,recovered,True,2.9836286629999997,
golden,577,seeds10,recovered,True,10.479744164,
golden,578,seeds2,recovered,True,5.625058364999999,
golden,578,seeds10,recovered,True,17.795607733,
golden,579,seeds2,recovered,True,25.602056617000002,
golden,579,seeds10,recovered,True,99.03014125099999,
golden,580,seeds2,recovered,True,10.294343246999999,
golden,580,seeds10,recovered,True,31.633119882,
golden,581,seeds2,recovered,True,4.259380762999999,
golden,581,seeds10,recovered,True,12.411345967000003,
golden,582,seeds2,recovered,True,7.070682863,
golden,582,seeds10,recovered,True,31.466607549000003,
golden,583,seeds2,recovered,True,92.89079837500002,
golden,583,seeds10,recovered,True,419.6367640440001,
golden,584,seeds2,recovered,True,1.896628159,
golden,584,seeds10,recovered,True,4.739706583,
golden,585,seeds2,recovered,True,3.0445885409999995,
golden,585,seeds10,recovered,True,8.214847062999999,
golden,586,seeds2,recovered,True,5.172829992,
golden,586,seeds10,recovered,True,20.863669130999998,
golden,587,seeds2,recovered,True,10.56349704,
golden,587,seeds10,recovered,True,40.81716086499999,
golden,588,seeds2,recovered,True,5.657929937999999,
golden,588,seeds10,recovered,True,19.695168681,
golden,589,seeds2,recovered,True,5.34249188,
golden,589,seeds10,recovered,True,13.287079746,
golden,590,seeds2,unknown,True,155.160564609,
golden,590,seeds10,unknown,True,744.5323247970001,
golden,591,seeds2,recovered,True,1.9919410210000001,
golden,591,seeds10,recovered,True,5.3903038159999985,
golden,592,seeds2,recovered,True,1.8343098030000005,
golden,592,seeds10,recovered,True,4.134914774,
golden,593,seeds2,recovered,True,1.6673710119999998,
golden,593,seeds10,recovered,True,3.676144691,
golden,594,seeds2,recovered,True,30.092801188000003,
golden,594,seeds10,recovered,True,101.70750290599999,
golden,595,seeds2,recovered,True,23.599590048000003,
golden,595,seeds10,recovered,True,112.73332340299999,
golden,596,seeds2,recovered,True,135.965712175,
golden,596,seeds10,recovered,True,702.355082284,
golden,597,seeds2,recovered,True,14.596149260999999,
golden,597,seeds10,recovered,True,58.872197056,
golden,598,seeds2,recovered,True,20.808204339,
golden,598,seeds10,recovered,True,86.95424238000001,
golden,599,seeds2,recovered,True,15.045269981,
golden,599,seeds10,recovered,True,68.59148032499999,
golden,600,seeds2,recovered,True,4.669182327,
golden,600,seeds10,recovered,True,13.830141990999998,
golden,601,seeds2,recovered,True,17.856774702,
golden,601,seeds10,recovered,True,63.219799091,
golden,602,seeds2,not_recovered,True,9.150464019000001,
golden,602,seeds10,recovered,True,38.790801298000005,
golden,603,seeds2,recovered,True,29.863584835,
golden,603,seeds10,recovered,True,121.27033197899999,
golden,604,seeds2,recovered,True,8.244680604000001,
golden,604,seeds10,recovered,True,30.832487499000006,
golden,605,seeds2,recovered,True,1.2387422639999999,
golden,605,seeds10,recovered,True,1.9645770069999997,
golden,606,seeds2,recovered,True,0.987173568,
golden,606,seeds10,recovered,True,1.5480677809999994,
golden,607,seeds2,recovered,True,126.74141803799999,
golden,607,seeds10,recovered,True,582.4258020279999,
golden,608,seeds2,recovered,True,13.542702197999999,
golden,608,seeds10,recovered,True,60.198821695999996,
golden,609,seeds2,recovered,True,18.911688747,
golden,609,seeds10,recovered,True,75.31716064999999,
golden,610,seeds2,recovered,True,7.004649348999999,
golden,610,seeds10,recovered,True,25.311868812000004,
golden,611,seeds2,recovered,True,11.657909188000001,
golden,611,seeds10,recovered,True,40.478076087,
golden,612,seeds2,recovered,True,84.94497896799999,
golden,612,seeds10,recovered,True,398.29394860700006,
golden,613,seeds2,recovered,True,13.193212299999999,
golden,613,seeds10,recovered,True,47.688066784,
golden,614,seeds2,recovered,True,22.437380241,
golden,614,seeds10,recovered,True,97.63878945100001,
golden,615,seeds2,recovered,True,9.994318401999998,
golden,615,seeds10,recovered,True,39.357281207,
golden,616,seeds2,recovered,True,21.837173603,
golden,616,seeds10,recovered,True,66.452558968,
golden,617,seeds2,recovered,True,6.153334447,
golden,617,seeds10,recovered,True,18.059862333999998,
golden,618,seeds2,recovered,True,31.031871632,
golden,618,seeds10,recovered,True,121.84116219100001,
golden,619,seeds2,recovered,True,37.963843395,
golden,619,seeds10,recovered,True,164.40982757299997,
golden,620,seeds2,recovered,True,120.957931102,
golden,620,seeds10,recovered,True,544.3380858520001,
golden,621,seeds2,recovered,True,44.286517691,
golden,621,seeds10,recovered,True,195.924405853,
golden,622,seeds2,recovered,True,132.96803789,
golden,622,seeds10,recovered,True,572.6546424839999,
golden,623,seeds2,recovered,True,24.551749295999997,
golden,623,seeds10,recovered,True,76.770210479,
golden,624,seeds2,recovered,True,1.2636986829999999,
golden,624,seeds10,recovered,True,1.9924383879999996,
golden,625,seeds2,recovered,True,1.0815387389999997,
golden,625,seeds10,recovered,True,1.2132153680000002,
golden,626,seeds2,recovered,True,3.382478411,
golden,626,seeds10,recovered,True,9.167210697,
golden,627,seeds2,recovered,True,8.523275892000001,
golden,627,seeds10,recovered,True,29.759968004999998,
golden,628,seeds2,recovered,True,10.390480157000002,
golden,628,seeds10,recovered,True,37.238402181,
golden,629,seeds2,recovered,True,18.256152802000003,
golden,629,seeds10,recovered,True,65.675500481,
golden,630,seeds2,recovered,True,12.820379203999998,
golden,630,seeds10,recovered,True,48.304020906000005,
golden,631,seeds2,recovered,True,3.1107123239999996,
golden,631,seeds10,recovered,True,7.662455881,
golden,632,seeds2,recovered,True,27.817089748000004,
golden,632,seeds10,recovered,True,100.02971858500001,
golden,633,seeds2,recovered,True,12.638219266,
golden,633,seeds10,recovered,True,49.08367986,
golden,634,seeds2,recovered,True,33.565209908,
golden,634,seeds10,recovered,True,152.24650079,
golden,635,seeds2,recovered,True,40.38403826100001,
golden,635,seeds10,recovered,True,205.13142624500003,
golden,636,seeds2,recovered,True,24.834070724,
golden,636,seeds10,recovered,True,75.666302681,
golden,637,seeds2,recovered,True,2.208906004,
golden,637,seeds10,recovered,True,4.811376601999999,
golden,638,seeds2,recovered,True,15.776825572,
golden,638,seeds10,recovered,True,75.10109263999999,
golden,639,seeds2,recovered,True,18.870365838,
golden,639,seeds10,recovered,True,88.17268451800001,
golden,640,seeds2,recovered,True,90.05597486799999,
golden,640,seeds10,recovered,True,342.234659165,
golden,641,seeds2,recovered,True,11.065184235,
golden,641,seeds10,recovered,True,46.334672537,
golden,642,seeds2,recovered,True,46.08049321199999,
golden,642,seeds10,recovered,True,196.90844474899998,
golden,643,seeds2,recovered,True,12.861800744,
golden,643,seeds10,recovered,True,49.017108705999995,
golden,644,seeds2,recovered,True,10.453912349,
golden,644,seeds10,recovered,True,39.818379769,
golden,645,seeds2,recovered,True,40.54843252,
golden,645,seeds10,recovered,True,137.242383413,
golden,646,seeds2,recovered,True,14.383965189999998,
golden,646,seeds10,recovered,True,55.025489573,
golden,647,seeds2,recovered,True,52.749328304,
golden,647,seeds10,recovered,True,227.34933873900002,
golden,648,seeds2,recovered,True,9.616521027000001,
golden,648,seeds10,recovered,True,27.219897369999998,
golden,649,seeds2,recovered,True,35.076441626999994,
golden,649,seeds10,recovered,True,140.880967121,
golden,650,seeds2,recovered,True,47.111209435999996,
golden,650,seeds10,recovered,True,205.26630481800004,
golden,651,seeds2,recovered,True,7.213653476999999,
golden,651,seeds10,recovered,True,23.967813947,
golden,652,seeds2,recovered,True,8.695135189000002,
golden,652,seeds10,recovered,True,25.560284229000004,
golden,653,seeds2,recovered,True,3.406667796,
golden,653,seeds10,recovered,True,8.425809641,
golden,654,seeds2,recovered,True,4.005280031999999,
golden,654,seeds10,recovered,True,14.971468005000004,
golden,655,seeds2,recovered,True,2.484383567,
golden,655,seeds10,recovered,True,6.122989897999999,
golden,656,seeds2,recovered,True,3.125666677,
golden,656,seeds10,recovered,True,6.667775144,
golden,657,seeds2,recovered,True,5.436207821,
golden,657,seeds10,recovered,True,18.032158899,
golden,658,seeds2,recovered,True,5.456419491,
golden,658,seeds10,recovered,True,23.908507803000003,
golden,659,seeds2,recovered,True,2.644343505,
golden,659,seeds10,recovered,True,9.402712543,
golden,660,seeds2,recovered,True,1.9090568459999997,
golden,660,seeds10,recovered,True,3.8202116550000005,
golden,661,seeds2,recovered,True,32.61350614,
golden,661,seeds10,recovered,True,147.38168121799995,
golden,662,seeds2,recovered,True,9.937132395999999,
golden,662,seeds10,recovered,True,42.249221006,
golden,663,seeds2,recovered,True,7.081973731999999,
golden,663,seeds10,recovered,True,19.812439635999997,
golden,664,seeds2,recovered,True,9.819779115,
golden,664,seeds10,recovered,True,28.839062664000004,
golden,665,seeds2,recovered,True,15.49322277,
golden,665,seeds10,recovered,True,45.91003523500001,
golden,666,seeds2,recovered,True,25.450072999999996,
golden,666,seeds10,recovered,True,109.14655839299999,
golden,667,seeds2,recovered,True,94.124583032,
golden,667,seeds10,recovered,True,408.66174582900004,
golden,668,seeds2,recovered,True,2.7812263690000005,
golden,668,seeds10,recovered,True,6.268184912000001,
golden,669,seeds2,recovered,True,3.6432852589999998,
golden,669,seeds10,recovered,True,16.414553359999996,
golden,670,seeds2,recovered,True,17.321445677,
golden,670,seeds10,recovered,True,60.617627752999994,
golden,671,seeds2,recovered,True,132.566706397,
golden,671,seeds10,recovered,True,550.9797929629999,
golden,672,seeds2,recovered,True,122.02789324500002,
golden,672,seeds10,recovered,True,571.819114616,
golden,673,seeds2,recovered,True,25.828128889000002,
golden,673,seeds10,recovered,True,101.462035662,
golden,674,seeds2,recovered,True,9.438394565000001,
golden,674,seeds10,recovered,True,31.814240997999995,
golden,675,seeds2,recovered,True,3.5341294769999996,
golden,675,seeds10,recovered,True,11.528216641999999,
golden,676,seeds2,recovered,True,2.976105543,
golden,676,seeds10,recovered,True,11.077005798,
golden,677,seeds2,recovered,True,34.020877479000006,
golden,677,seeds10,recovered,True,149.907435007,
golden,678,seeds2,recovered,True,7.177218194999999,
golden,678,seeds10,recovered,True,35.434011434,
golden,679,seeds2,recovered,True,14.595150557,
golden,679,seeds10,recovered,True,54.051504711999996,
golden,680,seeds2,recovered,True,10.790007833,
golden,680,seeds10,recovered,True,41.39270080299999,
golden,681,seeds2,recovered,True,9.052703221,
golden,681,seeds10,recovered,True,27.054634766999996,
golden,682,seeds2,recovered,True,88.689610867,
golden,682,seeds10,recovered,True,390.625007383,
golden,683,seeds2,recovered,True,11.870890735999998,
golden,683,seeds10,recovered,True,34.931843264,
golden,684,seeds2,recovered,True,10.958567877,
golden,684,seeds10,recovered,True,35.270363796000005,
golden,685,seeds2,recovered,True,15.034442693999999,
golden,685,seeds10,recovered,True,46.198379824999996,
golden,686,seeds2,recovered,True,8.036715969,
golden,686,seeds10,recovered,True,30.930357949000005,
golden,687,seeds2,recovered,True,3.158680888,
golden,687,seeds10,recovered,True,11.701873602,
golden,688,seeds2,recovered,True,9.118543647,
golden,688,seeds10,recovered,True,28.294493793,
golden,689,seeds2,recovered,True,7.710828254999999,
golden,689,seeds10,recovered,True,23.576172872,
golden,690,seeds2,recovered,True,7.990424995000001,
golden,690,seeds10,recovered,True,25.451288815,
golden,691,seeds2,recovered,True,4.205950758,
golden,691,seeds10,recovered,True,11.324184112000001,
golden,692,seeds2,recovered,True,11.523554616,
golden,692,seeds10,recovered,True,42.288142428,
golden,693,seeds2,recovered,True,3.6720899219999996,
golden,693,seeds10,recovered,True,8.956081722999999,
golden,694,seeds2,recovered,True,4.067385967000001,
golden,694,seeds10,recovered,True,14.540762646,
golden,695,seeds2,recovered,True,18.486985823,
golden,695,seeds10,recovered,True,72.512731228,
golden,696,seeds2,recovered,True,36.137077254000005,
golden,696,seeds10,recovered,True,138.103519146,
golden,697,seeds2,recovered,True,36.217861844999995,
golden,697,seeds10,recovered,True,124.373200239,
golden,698,seeds2,recovered,True,6.093131386999999,
golden,698,seeds10,recovered,True,13.127051803,
golden,699,seeds2,recovered,True,10.84723495,
golden,699,seeds10,recovered,True,45.691500105,
golden,700,seeds2,recovered,True,45.669615351,
golden,700,seeds10,recovered,True,230.48862280199998,
golden,701,seeds2,recovered,True,1.4048048159999995,
golden,701,seeds10,recovered,True,2.149902659,
golden,702,seeds2,recovered,True,1.1195408269999998,
golden,702,seeds10,recovered,True,1.8493469460000003,
golden,703,seeds2,recovered,True,3.6274825349999995,
golden,703,seeds10,recovered,True,10.853880593000001,
golden,704,seeds2,recovered,True,1.4110710210000001,
golden,704,seeds10,recovered,True,2.4101858079999996,
golden,705,seeds2,recovered,True,24.525135974000005,
golden,705,seeds10,recovered,True,106.542927592,
golden,706,seeds2,recovered,True,104.55333871500001,
golden,706,seeds10,recovered,True,423.971167869,
golden,707,seeds2,recovered,True,1.3019575829999999,
golden,707,seeds10,recovered,True,2.3290485280000004,
golden,708,seeds2,recovered,True,4.726038877999999,
golden,708,seeds10,recovered,True,11.005874161000001,
golden,709,seeds2,recovered,True,225.44118956900002,
golden,709,seeds10,recovered,True,1093.763944202,
golden,710,seeds2,recovered,True,31.108701274999998,
golden,710,seeds10,recovered,True,135.78231414700002,
golden,711,seeds2,recovered,True,3.098331383,
golden,711,seeds10,recovered,True,9.621242457000001,
golden,712,seeds2,recovered,True,3.6668807150000005,
golden,712,seeds10,recovered,True,10.548288351,
golden,713,seeds2,recovered,True,1.6517455500000002,
golden,713,seeds10,recovered,True,3.548821902,
golden,714,seeds2,recovered,True,10.321164561,
golden,714,seeds10,recovered,True,49.11031860600001,
golden,715,seeds2,recovered,True,85.65683495500001,
golden,715,seeds10,recovered,True,378.603947009,
golden,716,seeds2,recovered,True,12.041207960999998,
golden,716,seeds10,recovered,True,40.075130476000005,
golden,717,seeds2,recovered,True,2.950887049,
golden,717,seeds10,recovered,True,12.764160646999999,
golden,718,seeds2,recovered,True,3.920915639,
golden,718,seeds10,recovered,True,20.183230155,
golden,719,seeds2,recovered,True,2.6563563329999997,
golden,719,seeds10,recovered,True,9.029455747,
golden,720,seeds2,recovered,True,43.893547959,
golden,720,seeds10,recovered,True,212.01849402300004,
golden,721,seeds2,recovered,True,5.879652232,
golden,721,seeds10,recovered,True,21.636793685,
golden,722,seeds2,recovered,True,5.413601836,
golden,722,seeds10,recovered,True,12.924822638000002,
golden,723,seeds2,recovered,True,38.010234878,
golden,723,seeds10,recovered,True,172.79118665299998,
golden,724,seeds2,recovered,True,14.677893984999999,
golden,724,seeds10,recovered,True,57.234061939,
golden,725,seeds2,recovered,True,131.76912097599998,
golden,725,seeds10,recovered,True,506.8275274660001,
golden,726,seeds2,recovered,True,3.10574966,
golden,726,seeds10,recovered,True,10.193643536999998,
golden,727,seeds2,recovered,True,2.684635319,
golden,727,seeds10,recovered,True,6.646964951999999,
golden,728,seeds2,recovered,True,4.138194093,
golden,728,seeds10,recovered,True,15.015631968999998,
golden,729,seeds2,recovered,True,4.683865791,
golden,729,seeds10,recovered,True,11.405523457999998,
golden,730,seeds2,recovered,True,17.619108855999997,
golden,730,seeds10,recovered,True,58.277646858,
golden,731,seeds2,recovered,True,2.671662406,
golden,731,seeds10,recovered,True,6.7207365249999995,
golden,732,seeds2,recovered,True,4.251628931,
golden,732,seeds10,recovered,True,12.667704658000002,
golden,733,seeds2,recovered,True,44.511063824,
golden,733,seeds10,recovered,True,201.43803070899997,
golden,734,seeds2,recovered,True,13.800618072,
golden,734,seeds10,recovered,True,54.828779103,
golden,735,seeds2,recovered,True,75.609493507,
golden,735,seeds10,recovered,True,327.79724774600004,
golden,736,seeds2,recovered,True,16.069994258,
golden,736,seeds10,recovered,True,65.231368652,
golden,737,seeds2,recovered,True,74.504168059,
golden,737,seeds10,recovered,True,347.922747026,
golden,738,seeds2,recovered,True,2.988857662,
golden,738,seeds10,recovered,True,8.580188727,
golden,739,seeds2,recovered,True,2.5766100809999997,
golden,739,seeds10,recovered,True,5.923847896,
golden,740,seeds2,recovered,True,106.262846011,
golden,740,seeds10,recovered,True,497.9475120949999,
golden,741,seeds2,recovered,True,23.202651275,
golden,741,seeds10,recovered,True,107.487126695,
golden,742,seeds2,recovered,True,9.566841651,
golden,742,seeds10,recovered,True,43.66961072800001,
golden,743,seeds2,recovered,True,9.982481372999999,
golden,743,seeds10,recovered,True,39.527730739999996,
golden,744,seeds2,recovered,True,49.856232722,
golden,744,seeds10,recovered,True,231.32626516499997,
golden,745,seeds2,recovered,True,3.2742805419999996,
golden,745,seeds10,recovered,True,8.004799492,
golden,746,seeds2,recovered,True,26.523246101999998,
golden,746,seeds10,recovered,True,114.237808084,
golden,747,seeds2,recovered,True,16.375805209000003,
golden,747,seeds10,recovered,True,65.23086230300001,
golden,748,seeds2,recovered,True,10.304645754000001,
golden,748,seeds10,recovered,True,31.465255900000002,
golden,749,seeds2,recovered,True,3.330752337999999,
golden,749,seeds10,recovered,True,11.120333607,
golden,750,seeds2,recovered,True,27.722028456999997,
golden,750,seeds10,recovered,True,126.094091954,
golden,751,seeds2,recovered,True,13.514136334,
golden,751,seeds10,recovered,True,59.069752490999996,
golden,752,seeds2,recovered,True,2.739455843,
golden,752,seeds10,recovered,True,6.695564807999999,
golden,753,seeds2,recovered,True,12.112596212000003,
golden,753,seeds10,recovered,True,55.314647907,
golden,754,seeds2,recovered,True,2.763684553,
golden,754,seeds10,recovered,True,8.375166672999999,
golden,755,seeds2,recovered,True,2.481953679,
golden,755,seeds10,recovered,True,6.650920827,
golden,756,seeds2,recovered,True,20.176866505,
golden,756,seeds10,recovered,True,75.640517638,
golden,757,seeds2,recovered,True,205.83786082700001,
golden,757,seeds10,recovered,True,984.8565083450002,
golden,758,seeds2,recovered,True,3.3116537239999997,
golden,758,seeds10,recovered,True,10.746192405999997,
golden,759,seeds2,recovered,True,12.163385675999997,
golden,759,seeds10,recovered,True,51.112029697,
golden,760,seeds2,recovered,True,17.119986759,
golden,760,seeds10,recovered,True,72.796465662,
golden,761,seeds2,recovered,True,18.890147742000003,
golden,761,seeds10,recovered,True,96.55730822999999,
golden,762,seeds2,recovered,True,12.117727354,
golden,762,seeds10,recovered,True,44.313097684,
golden,763,seeds2,recovered,True,9.251977199999999,
golden,763,seeds10,recovered,True,37.307277877,
golden,764,seeds2,recovered,True,14.907445123,
golden,764,seeds10,recovered,True,74.91645989300001,
golden,765,seeds2,recovered,True,14.31231158,
golden,765,seeds10,recovered,True,72.581852584,
golden,766,seeds2,recovered,True,54.574815318,
golden,766,seeds10,recovered,True,269.9211437519999,
golden,767,seeds2,recovered,True,3.0001242789999996,
golden,767,seeds10,recovered,True,9.587886484,
golden,768,seeds2,recovered,True,326.69783989,
golden,768,seeds10,recovered,True,1411.983832846,
golden,769,seeds2,recovered,True,5.968903318000001,
golden,769,seeds10,recovered,True,17.071730814,
golden,770,seeds2,recovered,True,3.6477860039999994,
golden,770,seeds10,recovered,True,11.476816540000002,
golden,771,seeds2,recovered,True,32.958601703,
golden,771,seeds10,recovered,True,131.29091037700002,
golden,772,seeds2,recovered,True,64.267952302,
golden,772,seeds10,recovered,True,309.975931005,
golden,773,seeds2,recovered,True,28.000706976000004,
golden,773,seeds10,recovered,True,126.42784436099998,
golden,774,seeds2,recovered,True,9.844257939,
golden,774,seeds10,recovered,True,32.531495439,
golden,775,seeds2,recovered,True,17.874520565999998,
golden,775,seeds10,recovered,True,72.15265852600001,
golden,776,seeds2,recovered,True,4.181585702,
golden,776,seeds10,recovered,True,11.301131537,
golden,777,seeds2,recovered,True,15.023698598,
golden,777,seeds10,recovered,True,54.350794882,
golden,778,seeds2,recovered,True,3.158582733,
golden,778,seeds10,recovered,True,7.534522725,
golden,779,seeds2,recovered,True,8.112586955,
golden,779,seeds10,recovered,True,34.03025645599999,
golden,780,seeds2,recovered,True,70.914424531,
golden,780,seeds10,recovered,True,352.47783364500003,
golden,781,seeds2,recovered,True,2.272784147,
golden,781,seeds10,recovered,True,6.249790791,
golden,782,seeds2,recovered,True,95.01617250100001,
golden,782,seeds10,recovered,True,432.5199877149999,
golden,783,seeds2,recovered,True,23.745019648999996,
golden,783,seeds10,recovered,True,108.19850809400003,
golden,784,seeds2,recovered,True,63.577918903000004,
golden,784,seeds10,recovered,True,297.52332585500005,
golden,785,seeds2,recovered,True,3.8788486879999997,
golden,785,seeds10,recovered,True,13.100812422,
golden,786,seeds2,recovered,True,1.939662565,
golden,786,seeds10,recovered,True,4.211758354,
golden,787,seeds2,recovered,True,1.6358372599999997,
golden,787,seeds10,recovered,True,2.7351613869999998,
golden,788,seeds2,recovered,True,20.631579404,
golden,788,seeds10,recovered,True,110.171180218,
golden,789,seeds2,recovered,True,105.772463362,
golden,789,seeds10,recovered,True,481.67158395300004,
golden,790,seeds2,recovered,True,26.283871532999996,
golden,790,seeds10,recovered,True,130.52971585100002,
golden,791,seeds2,recovered,True,4.807102358,
golden,791,seeds10,recovered,True,12.930423508,
golden,792,seeds2,recovered,True,13.276448328999997,
golden,792,seeds10,recovered,True,49.932500431,
golden,793,seeds2,recovered,True,14.856849904,
golden,793,seeds10,recovered,True,60.050180282,
golden,794,seeds2,recovered,True,27.550429792000003,
golden,794,seeds10,recovered,True,122.339354915,
golden,795,seeds2,recovered,True,2.050699223,
golden,795,seeds10,recovered,True,5.297589882,
golden,796,seeds2,recovered,True,23.345112969,
golden,796,seeds10,recovered,True,107.70155216199998,
golden,797,seeds2,recovered,True,6.961138167,
golden,797,seeds10,recovered,True,28.272831161999996,
golden,798,seeds2,recovered,True,1.6681200179999998,
golden,798,seeds10,recovered,True,4.338359639,
golden,799,seeds2,recovered,True,9.412005046,
golden,799,seeds10,recovered,True,28.473757514,
golden,800,seeds2,recovered,True,12.630936835000002,
golden,800,seeds10,recovered,True,36.93827058400001,
golden,801,seeds2,recovered,True,9.032906775999999,
golden,801,seeds10,recovered,True,32.598579017999995,
golden,802,seeds2,recovered,True,18.336332807999998,
golden,802,seeds10,recovered,True,82.635424895,
golden,803,seeds2,recovered,True,11.127012939999998,
golden,803,seeds10,recovered,True,38.08803355199999,
golden,804,seeds2,recovered,True,3.461901871999999,
golden,804,seeds10,recovered,True,10.972826051,
golden,805,seeds2,recovered,True,8.016062593000001,
golden,805,seeds10,recovered,True,31.797916,
golden,806,seeds2,recovered,True,21.379200130999997,
golden,806,seeds10,recovered,True,89.811072333,
golden,807,seeds2,recovered,True,28.225435720000004,
golden,807,seeds10,recovered,True,129.94166264100002,
golden,808,seeds2,recovered,True,42.767030322000004,
golden,808,seeds10,recovered,True,207.50925434199996,
golden,809,seeds2,recovered,True,79.903646756,
golden,809,seeds10,recovered,True,381.73114155100006,
golden,810,seeds2,recovered,True,3.290242409,
golden,810,seeds10,recovered,True,9.453424369,
golden,811,seeds2,recovered,True,9.182197012,
golden,811,seeds10,recovered,True,35.241929201999994,
golden,812,seeds2,recovered,True,10.758832270000001,
golden,812,seeds10,recovered,True,44.33516705900001,
golden,813,seeds2,recovered,True,33.881872376,
golden,813,seeds10,recovered,True,160.32700732799998,
golden,814,seeds2,recovered,True,49.166770099000004,
golden,814,seeds10,recovered,True,223.76202629899998,
golden,815,seeds2,recovered,True,67.292235342,
golden,815,seeds10,recovered,True,292.63494016300007,
golden,816,seeds2,recovered,True,84.60530845,
golden,816,seeds10,recovered,True,383.050512394,
golden,817,seeds2,recovered,True,55.955400094,
golden,817,seeds10,recovered,True,268.62083243800004,
golden,818,seeds2,recovered,True,152.678261146,
golden,818,seeds10,recovered,True,704.889264599,
golden,819,seeds2,recovered,True,95.80666147299999,
golden,819,seeds10,recovered,True,441.1253362509999,
golden,820,seeds2,recovered,True,62.35793649099999,
golden,820,seeds10,recovered,True,290.418711137,
golden,821,seeds2,recovered,True,3.638201231,
golden,821,seeds10,recovered,True,11.063024236999999,
golden,822,seeds2,recovered,True,77.88912504499999,
golden,822,seeds10,recovered,True,366.894972889,
golden,823,seeds2,recovered,True,39.01273500799999,
golden,823,seeds10,recovered,True,178.397122356,
golden,824,seeds2,recovered,True,356.24112293600007,
golden,824,seeds10,recovered,False,,
golden,825,seeds2,recovered,True,281.57113043400005,
golden,825,seeds10,recovered,False,,
golden,826,seeds2,recovered,True,13.546468671,
golden,826,seeds10,recovered,True,51.898452405,
golden,827,seeds2,recovered,True,118.39447029499999,
golden,827,seeds10,recovered,True,542.386563226,
golden,828,seeds2,recovered,True,14.787971876,
golden,828,seeds10,recovered,True,51.133231943,
golden,829,seeds2,recovered,True,81.16297539599998,
golden,829,seeds10,recovered,True,374.719117302,
golden,830,seeds2,recovered,True,266.6326639839999,
golden,830,seeds10,recovered,False,,
golden,831,seeds2,recovered,True,43.90159223900001,
golden,831,seeds10,recovered,True,212.44682507000002,
golden,832,seeds2,recovered,True,10.587137811,
golden,832,seeds10,recovered,True,37.458189807,
golden,833,seeds2,recovered,True,128.13113807699997,
golden,833,seeds10,recovered,True,631.788316288,
golden,834,seeds2,recovered,True,186.35242524499998,
golden,834,seeds10,recovered,True,942.0649565879999,
golden,835,seeds2,recovered,True,78.00678983899999,
golden,835,seeds10,recovered,True,394.010646708,
golden,836,seeds2,recovered,True,211.56693073999998,
golden,836,seeds10,recovered,True,1037.450121902,
golden,837,seeds2,recovered,True,100.258204962,
golden,837,seeds10,recovered,True,502.22191369999996,
golden,838,seeds2,recovered,True,80.610479212,
golden,838,seeds10,recovered,True,394.051564502,
golden,839,seeds2,recovered,True,32.874074295,
golden,839,seeds10,recovered,True,171.35025133200003,
golden,840,seeds2,recovered,True,86.06852730600002,
golden,840,seeds10,recovered,True,347.8522257589999,
golden,841,seeds2,recovered,True,103.79028774300002,
golden,841,seeds10,recovered,True,444.94245269699996,
golden,842,seeds2,recovered,True,67.43108447399999,
golden,842,seeds10,recovered,True,296.402300919,
golden,843,seeds2,recovered,True,18.479589288,
golden,843,seeds10,recovered,True,80.222424405,
golden,844,seeds2,recovered,True,117.46912424699998,
golden,844,seeds10,recovered,True,530.1303749650001,
golden,845,seeds2,recovered,True,20.642974902,
golden,845,seeds10,recovered,True,89.306953787,
golden,846,seeds2,recovered,True,134.543635768,
golden,846,seeds10,recovered,True,662.9838902600001,
golden,847,seeds2,recovered,True,16.923692236,
golden,847,seeds10,recovered,True,61.53232336400001,
golden,848,seeds2,recovered,True,28.360027648999996,
golden,848,seeds10,recovered,True,123.290230452,
golden,849,seeds2,recovered,True,18.413519373,
golden,849,seeds10,recovered,True,76.343890988,
golden,850,seeds2,unknown,True,124.09359670499998,
golden,850,seeds10,recovered,True,616.5822503659999,
golden,851,seeds2,recovered,True,142.677689756,
golden,851,seeds10,recovered,True,683.1840721870001,
golden,852,seeds2,recovered,True,425.46105435699997,
golden,852,seeds10,recovered,False,,
golden,853,seeds2,recovered,True,8.521171275,
golden,853,seeds10,recovered,True,32.391149353,
golden,854,seeds2,recovered,True,55.82475671999998,
golden,854,seeds10,recovered,True,270.557090453,
golden,855,seeds2,recovered,True,18.330089369999996,
golden,855,seeds10,recovered,True,84.78937616900001,
golden,856,seeds2,recovered,True,156.490205104,
golden,856,seeds10,recovered,True,664.4664657359999,
golden,857,seeds2,recovered,True,34.737374093,
golden,857,seeds10,recovered,True,118.797826361,
golden,858,seeds2,recovered,True,117.63846686600002,
golden,858,seeds10,recovered,True,618.08919628,
golden,859,seeds2,recovered,True,107.31477972800002,
golden,859,seeds10,recovered,True,480.436325051,
golden,860,seeds2,recovered,True,17.121546282000004,
golden,860,seeds10,recovered,True,44.042635672,
golden,861,seeds2,recovered,True,11.435671729,
golden,861,seeds10,recovered,True,40.00520889399999,
golden,862,seeds2,recovered,True,277.792350184,
golden,862,seeds10,recovered,True,868.5232753690001,
golden,863,seeds2,recovered,True,14.00450781,
golden,863,seeds10,recovered,True,48.383272436,
golden,864,seeds2,recovered,True,5.210176377,
golden,864,seeds10,recovered,True,15.192457370999998,
golden,865,seeds2,recovered,True,33.506654446,
golden,865,seeds10,recovered,True,95.034273858,
golden,866,seeds2,recovered,True,21.264567304,
golden,866,seeds10,recovered,True,49.133238981,
golden,867,seeds2,recovered,True,25.817174133,
golden,867,seeds10,recovered,True,122.63476356000001,
golden,868,seeds2,recovered,True,91.76626774099998,
golden,868,seeds10,recovered,True,414.6691722809999,
golden,869,seeds2,recovered,True,10.358284634999997,
golden,869,seeds10,recovered,True,32.876042977,
golden,870,seeds2,recovered,True,100.46324761300002,
golden,870,seeds10,recovered,True,484.879439773,
golden,871,seeds2,not_recovered,True,60.888711242,
golden,871,seeds10,unknown,True,295.268026232,
golden,872,seeds2,recovered,True,8.311791793000001,
golden,872,seeds10,recovered,True,30.332915647,
golden,873,seeds2,recovered,True,56.31588646199999,
golden,873,seeds10,recovered,True,224.64464865999997,
golden,874,seeds2,recovered,True,16.308384973000003,
golden,874,seeds10,recovered,True,64.099011165,
golden,875,seeds2,recovered,True,69.34327710200002,
golden,875,seeds10,recovered,True,300.197369072,
golden,876,seeds2,recovered,True,100.633871633,
golden,876,seeds10,recovered,True,451.4847105249999,
golden,877,seeds2,recovered,True,38.714363014,
golden,877,seeds10,recovered,True,162.09342518699998,
golden,878,seeds2,recovered,True,8.970013166999998,
golden,878,seeds10,recovered,True,38.99845834499999,
golden,879,seeds2,recovered,True,8.521014185,
golden,879,seeds10,recovered,True,26.885679142999997,
golden,880,seeds2,recovered,True,4.248046985,
golden,880,seeds10,recovered,True,16.112532129999998,
golden,881,seeds2,recovered,True,26.309655797000005,
golden,881,seeds10,recovered,True,99.80955528400003,
golden,882,seeds2,recovered,True,101.03676462599998,
golden,882,seeds10,recovered,True,438.20942869600003,
golden,883,seeds2,recovered,True,28.227562557,
golden,883,seeds10,recovered,True,131.32458651000002,
golden,884,seeds2,recovered,True,26.123358488999997,
golden,884,seeds10,recovered,True,119.27579490900001,
golden,885,seeds2,recovered,True,18.157732588000002,
golden,885,seeds10,recovered,True,86.561194407,
golden,886,seeds2,recovered,True,31.993355316,
golden,886,seeds10,recovered,True,138.576949009,
golden,887,seeds2,recovered,True,151.59793073400002,
golden,887,seeds10,recovered,True,787.6720927739999,
golden,888,seeds2,recovered,True,25.871970797,
golden,888,seeds10,recovered,True,115.732632622,
golden,889,seeds2,recovered,True,11.874471449,
golden,889,seeds10,recovered,True,38.875337418,
golden,890,seeds2,recovered,True,30.494544896999997,
golden,890,seeds10,recovered,True,122.668531809,
golden,891,seeds2,recovered,True,13.677986974000001,
golden,891,seeds10,recovered,True,58.62989979500001,
golden,892,seeds2,recovered,True,5.345879592999999,
golden,892,seeds10,recovered,True,16.310512547000002,
golden,893,seeds2,recovered,True,15.339435439999999,
golden,893,seeds10,recovered,True,62.96848730400001,
golden,894,seeds2,recovered,True,15.987262725999997,
golden,894,seeds10,recovered,True,68.688760755,
golden,895,seeds2,recovered,True,6.053773490999999,
golden,895,seeds10,recovered,True,21.311291646999997,
golden,896,seeds2,recovered,True,8.296000899,
golden,896,seeds10,recovered,True,32.370053264,
golden,897,seeds2,recovered,True,1.2412347760000002,
golden,897,seeds10,recovered,True,2.2749927769999996,
golden,898,seeds2,recovered,True,10.149553799,
golden,898,seeds10,recovered,True,44.205834467,
golden,899,seeds2,recovered,True,12.493007036000002,
golden,899,seeds10,recovered,True,43.458603607,
golden,900,seeds2,recovered,True,1.327307582,
golden,900,seeds10,recovered,True,2.949955945,
golden,901,seeds2,recovered,True,10.966933896,
golden,901,seeds10,recovered,True,43.27009350799999,
golden,902,seeds2,recovered,True,12.228793563,
golden,902,seeds10,recovered,True,54.218788946999986,
golden,903,seeds2,recovered,True,6.353744803,
golden,903,seeds10,recovered,True,19.435093543999997,
golden,904,seeds2,recovered,True,9.617403207,
golden,904,seeds10,recovered,True,36.43468951,
golden,905,seeds2,recovered,True,52.910830098,
golden,905,seeds10,recovered,True,243.195051099,
golden,906,seeds2,recovered,True,1.27999988,
golden,906,seeds10,recovered,True,2.069567158,
golden,907,seeds2,recovered,True,1.9515606779999999,
golden,907,seeds10,recovered,True,4.804147435,
golden,908,seeds2,recovered,True,8.116287878000001,
golden,908,seeds10,recovered,True,36.430869367999996,
golden,909,seeds2,recovered,True,72.169355451,
golden,909,seeds10,recovered,True,300.492101932,
golden,910,seeds2,recovered,True,14.144915832999999,
golden,910,seeds10,recovered,True,71.594279997,
golden,911,seeds2,recovered,True,1.231650368,
golden,911,seeds10,recovered,True,2.382601597,
golden,912,seeds2,recovered,True,52.881909307,
golden,912,seeds10,recovered,True,247.24535039399998,
golden,913,seeds2,recovered,True,28.307569373,
golden,913,seeds10,recovered,True,121.86082351200001,
golden,914,seeds2,recovered,True,3.7835810449999996,
golden,914,seeds10,recovered,True,9.721297229,
golden,915,seeds2,recovered,True,22.045735992,
golden,915,seeds10,recovered,True,110.44234837799999,
golden,916,seeds2,recovered,True,2.657146216,
golden,916,seeds10,recovered,True,9.002568122,
golden,917,seeds2,recovered,True,19.613249115,
golden,917,seeds10,recovered,True,81.277964322,
golden,918,seeds2,recovered,True,14.214326242,
golden,918,seeds10,recovered,True,53.859937499,
golden,919,seeds2,recovered,True,1.6607841050000003,
golden,919,seeds10,recovered,True,3.689673465,
golden,920,seeds2,recovered,True,3.156504848999999,
golden,920,seeds10,recovered,True,8.897462435000001,
golden,921,seeds2,recovered,True,13.214193336,
golden,921,seeds10,recovered,True,49.635957989000005,
golden,922,seeds2,recovered,True,64.78076035400001,
golden,922,seeds10,recovered,True,287.41880950499996,
golden,923,seeds2,recovered,True,2.506711619,
golden,923,seeds10,recovered,True,6.1559133049999994,
golden,924,seeds2,recovered,True,72.58444327199999,
golden,924,seeds10,recovered,True,317.16437947,
golden,925,seeds2,recovered,True,7.263240638,
golden,925,seeds10,recovered,True,30.414183570000002,
golden,926,seeds2,recovered,True,4.185363499999999,
golden,926,seeds10,recovered,True,14.318002143000001,
golden,927,seeds2,recovered,True,4.484441185,
golden,927,seeds10,recovered,True,20.062329047,
golden,928,seeds2,recovered,True,2.3153144700000006,
golden,928,seeds10,recovered,True,9.069168280999998,
golden,929,seeds2,recovered,True,83.17390112100003,
golden,929,seeds10,recovered,True,413.09855719599994,
golden,930,seeds2,recovered,True,1.9019292509999997,
golden,930,seeds10,recovered,True,4.160543798999999,
golden,931,seeds2,recovered,True,41.760184817,
golden,931,seeds10,recovered,True,181.432657624,
golden,932,seeds2,recovered,True,6.945870990000001,
golden,932,seeds10,recovered,True,23.117528279,
golden,933,seeds2,recovered,True,12.608161688000001,
golden,933,seeds10,recovered,True,49.13796011100001,
golden,934,seeds2,recovered,True,11.890116771999999,
golden,934,seeds10,recovered,True,37.806198996999996,
golden,935,seeds2,recovered,True,4.518100795,
golden,935,seeds10,recovered,True,14.438450955,
golden,936,seeds2,recovered,True,5.211584751000001,
golden,936,seeds10,recovered,True,15.530363372000004,
golden,937,seeds2,recovered,True,1.1552086869999998,
golden,937,seeds10,recovered,True,1.515377736,
golden,938,seeds2,recovered,True,5.245382156,
golden,938,seeds10,recovered,True,20.819421979000005,
golden,939,seeds2,recovered,True,1.690172107,
golden,939,seeds10,recovered,True,3.7514124789999994,
golden,940,seeds2,recovered,True,1.2386296039999998,
golden,940,seeds10,recovered,True,2.277143851,
golden,941,seeds2,recovered,True,1.071351625,
golden,941,seeds10,recovered,True,1.5403845040000004,
golden,942,seeds2,recovered,True,3.210940719,
golden,942,seeds10,recovered,True,9.522208971999998,
golden,943,seeds2,recovered,True,3.9700734239999997,
golden,943,seeds10,recovered,True,11.204966637,
golden,944,seeds2,recovered,True,4.182338413,
golden,944,seeds10,recovered,True,14.624968642999999,
golden,945,seeds2,recovered,True,1.197461949,
golden,945,seeds10,recovered,True,2.153788197,
golden,946,seeds2,recovered,True,2.971868592,
golden,946,seeds10,recovered,True,9.174201473,
golden,947,seeds2,recovered,True,2.7629688019999996,
golden,947,seeds10,recovered,True,7.361716706999999,
golden,948,seeds2,recovered,True,1.031394454,
golden,948,seeds10,recovered,True,1.411481185,
golden,949,seeds2,recovered,True,1.1495216269999997,
golden,949,seeds10,recovered,True,1.7079867389999999,
golden,950,seeds2,recovered,True,1.9303176699999995,
golden,950,seeds10,recovered,True,5.051358163,
golden,951,seeds2,recovered,True,4.086516200999999,
golden,951,seeds10,recovered,True,16.623426782,
golden,952,seeds2,recovered,True,16.794223366,
golden,952,seeds10,recovered,True,62.739561431,
golden,953,seeds2,recovered,True,1.5837218049999997,
golden,953,seeds10,recovered,True,2.740813985,
golden,954,seeds2,recovered,True,2.2997583589999993,
golden,954,seeds10,recovered,True,4.661060977,
golden,955,seeds2,recovered,True,4.072164576,
golden,955,seeds10,recovered,True,15.822769190999999,
golden,956,seeds2,recovered,True,17.032561162999997,
golden,956,seeds10,recovered,True,66.81232016199999,
golden,957,seeds2,recovered,True,1.049554316,
golden,957,seeds10,recovered,True,1.422883926,
golden,958,seeds2,recovered,True,0.9634614420000001,
golden,958,seeds10,recovered,True,1.161670473,
golden,959,seeds2,recovered,True,1.299184071,
golden,959,seeds10,recovered,True,2.140240714,
golden,960,seeds2,recovered,True,2.3972369579999997,
golden,960,seeds10,recovered,True,5.740228007999999,
golden,961,seeds2,recovered,True,2.834768612,
golden,961,seeds10,recovered,True,7.545969926,
golden,962,seeds2,recovered,True,1.4820481959999998,
golden,962,seeds10,recovered,True,3.565954385,
golden,963,seeds2,recovered,True,5.579955374,
golden,963,seeds10,recovered,True,15.524829787000002,
golden,964,seeds2,recovered,True,20.118892076,
golden,964,seeds10,recovered,True,96.649434157,
golden,965,seeds2,recovered,True,1.6298811469999994,
golden,965,seeds10,recovered,True,3.297798483,
golden,966,seeds2,recovered,True,1.8695787990000001,
golden,966,seeds10,recovered,True,4.087736135999999,
golden,967,seeds2,recovered,True,3.22753812,
golden,967,seeds10,recovered,True,7.985195716,
golden,968,seeds2,recovered,True,103.701670887,
golden,968,seeds10,recovered,True,482.25570020099997,
golden,969,seeds2,recovered,True,2.0845467959999997,
golden,969,seeds10,recovered,True,4.1586185570000005,
golden,970,seeds2,recovered,True,15.553604911999999,
golden,970,seeds10,recovered,True,68.892028163,
golden,971,seeds2,recovered,True,4.5582269140000005,
golden,971,seeds10,recovered,True,15.426538118000002,
golden,972,seeds2,recovered,True,2.2511768069999993,
golden,972,seeds10,recovered,True,5.1860748050000005,
golden,973,seeds2,recovered,True,3.411804432,
golden,973,seeds10,recovered,True,11.110686520999998,
golden,974,seeds2,recovered,True,1.8596968999999997,
golden,974,seeds10,recovered,True,3.7457442729999997,
golden,975,seeds2,recovered,True,1.8018458149999999,
golden,975,seeds10,recovered,True,4.668258710999999,
golden,976,seeds2,recovered,True,2.8012227770000004,
golden,976,seeds10,recovered,True,5.999102543999999,
golden,977,seeds2,recovered,True,1.2388822059999998,
golden,977,seeds10,recovered,True,2.2664366109999996,
golden,978,seeds2,recovered,True,1.497660971,
golden,978,seeds10,recovered,True,2.771800733,
golden,979,seeds2,recovered,True,0.981629366,
golden,979,seeds10,recovered,True,1.3459781179999997,
golden,980,seeds2,recovered,True,1.3648286550000002,
golden,980,seeds10,recovered,True,2.093106995,
golden,981,seeds2,recovered,True,1.1742977890000001,
golden,981,seeds10,recovered,True,1.9091229319999998,
golden,982,seeds2,recovered,True,1.082413578,
golden,982,seeds10,recovered,True,1.485151799,
golden,983,seeds2,recovered,True,1.478550334,
golden,983,seeds10,recovered,True,2.8392501680000004,
golden,984,seeds2,recovered,True,1.6406181419999997,
golden,984,seeds10,recovered,True,2.959660398,
golden,985,seeds2,recovered,True,1.278548613,
golden,985,seeds10,recovered,True,1.9164452149999995,
golden,986,seeds2,not_recovered,True,2.4299326039999993,
golden,986,seeds10,not_recovered,True,7.842378396000001,
golden,987,seeds2,recovered,True,3.6303811959999996,
golden,987,seeds10,recovered,True,11.561741895,
golden,988,seeds2,recovered,True,1.6178725389999997,
golden,988,seeds10,recovered,True,4.173669854,
golden,989,seeds2,recovered,True,1.5457170740000004,
golden,989,seeds10,recovered,True,3.360573977,
golden,990,seeds2,recovered,True,3.000095005,
golden,990,seeds10,recovered,True,8.450295712,
golden,991,seeds2,recovered,True,2.48295712,
golden,991,seeds10,recovered,True,6.490042773999999,
golden,992,seeds2,recovered,True,4.803666249999999,
golden,992,seeds10,recovered,True,13.336392165,
golden,993,seeds2,recovered,True,4.242343719,
golden,993,seeds10,recovered,True,10.131798346,
golden,994,seeds2,recovered,True,3.5414594450000005,
golden,994,seeds10,recovered,True,8.136556788,
golden,995,seeds2,recovered,True,10.540142535000001,
golden,995,seeds10,recovered,True,40.13378463,
golden,996,seeds2,recovered,True,3.5276303479999997,
golden,996,seeds10,recovered,True,10.537375064999999,
golden,997,seeds2,recovered,True,6.004668959,
golden,997,seeds10,recovered,True,18.026412842,
golden,998,seeds2,recovered,True,2.448239433,
golden,998,seeds10,recovered,True,6.459704265000001,
golden,999,seeds2,recovered,True,1.3605000639999998,
golden,999,seeds10,recovered,True,2.9536795180000004,
golden,1000,seeds2,recovered,True,1.5491638499999998,
golden,1000,seeds10,recovered,True,3.639502986,
golden,1001,seeds2,recovered,True,0.800730126,
golden,1001,seeds10,recovered,True,0.9500366949999999,
golden,1002,seeds2,recovered,True,1.194911678,
golden,1002,seeds10,recovered,True,2.3452635419999996,
golden,1003,seeds2,recovered,True,2.367099443,
golden,1003,seeds10,recovered,True,6.064454893,
golden,1004,seeds2,recovered,True,1.346304311,
golden,1004,seeds10,recovered,True,2.5457360719999995,
golden,1005,seeds2,recovered,True,1.1785939619999999,
golden,1005,seeds10,recovered,True,1.7686574190000002,
golden,1006,seeds2,recovered,True,1.1305074410000002,
golden,1006,seeds10,recovered,True,1.5329900539999999,
golden,1007,seeds2,recovered,True,2.302108074,
golden,1007,seeds10,recovered,True,7.097117996,
golden,1008,seeds2,recovered,True,4.014553038000001,
golden,1008,seeds10,recovered,True,11.452604318999999,
golden,1009,seeds2,recovered,True,1.8599313389999996,
golden,1009,seeds10,recovered,True,3.9291846660000003,
golden,1010,seeds2,recovered,True,1.140832234,
golden,1010,seeds10,recovered,True,2.057710502,
golden,1011,seeds2,recovered,True,1.4029646139999996,
golden,1011,seeds10,recovered,True,2.578825696,
golden,1012,seeds2,recovered,True,1.553814127,
golden,1012,seeds10,recovered,True,3.0004339869999996,
golden,1013,seeds2,recovered,True,2.634761881,
golden,1013,seeds10,recovered,True,7.588824562000001,
golden,1014,seeds2,recovered,True,6.552275921,
golden,1014,seeds10,recovered,True,16.641169759,
golden,1015,seeds2,recovered,True,5.801430277999999,
golden,1015,seeds10,recovered,True,19.973902439999996,
golden,1016,seeds2,recovered,True,1.6108239549999999,
golden,1016,seeds10,recovered,True,3.08309453,
golden,1017,seeds2,recovered,True,2.9703584759999995,
golden,1017,seeds10,recovered,True,9.231632042000001,
golden,1018,seeds2,recovered,True,8.128230754,
golden,1018,seeds10,recovered,True,37.765452826,
golden,1019,seeds2,recovered,True,2.705564323,
golden,1019,seeds10,recovered,True,5.936181385,
golden,1020,seeds2,recovered,True,1.5297507220000002,
golden,1020,seeds10,recovered,True,3.5832412010000003,
golden,1021,seeds2,recovered,True,11.651335354000002,
golden,1021,seeds10,recovered,True,42.492640101,
golden,1022,seeds2,recovered,True,4.843081853999999,
golden,1022,seeds10,recovered,True,17.538961861,
golden,1023,seeds2,recovered,True,6.853199507,
golden,1023,seeds10,recovered,True,21.678067757999997,
golden,1024,seeds2,recovered,True,41.690805919,
golden,1024,seeds10,recovered,True,189.763356747,
golden,1025,seeds2,recovered,True,68.502480023,
golden,1025,seeds10,recovered,True,303.132003105,
golden,1026,seeds2,recovered,True,16.141879871,
golden,1026,seeds10,recovered,True,68.605843621,
golden,1027,seeds2,recovered,True,8.039950778,
golden,1027,seeds10,recovered,True,31.415692572999994,
golden,1028,seeds2,recovered,True,104.640566443,
golden,1028,seeds10,recovered,True,540.0267105720001,
golden,1029,seeds2,recovered,True,67.54329279400001,
golden,1029,seeds10,recovered,True,297.79794672800006,
golden,1030,seeds2,recovered,True,24.213075199,
golden,1030,seeds10,recovered,True,89.34679212,
golden,1031,seeds2,recovered,True,37.12686990099999,
golden,1031,seeds10,recovered,True,130.01150619,
golden,1032,seeds2,recovered,True,11.563911761,
golden,1032,seeds10,recovered,True,47.770848316,
golden,1033,seeds2,recovered,True,42.810454703999994,
golden,1033,seeds10,unknown,True,144.648917004,
golden,1034,seeds2,recovered,True,37.834179899000006,
golden,1034,seeds10,recovered,True,148.351482352,
golden,1035,seeds2,recovered,True,8.355973367,
golden,1035,seeds10,recovered,True,21.117499012,
golden,1036,seeds2,recovered,True,28.562889277,
golden,1036,seeds10,recovered,True,108.10115576199999,
golden,1037,seeds2,recovered,True,7.020501646000001,
golden,1037,seeds10,recovered,True,24.866992581999998,
golden,1038,seeds2,recovered,True,3.734151295,
golden,1038,seeds10,recovered,True,12.792780684,
golden,1039,seeds2,recovered,True,25.30838569,
golden,1039,seeds10,recovered,True,107.508986899,
golden,1040,seeds2,recovered,True,2.296539631,
golden,1040,seeds10,recovered,True,5.848606414000001,
golden,1041,seeds2,recovered,True,3.5860471489999997,
golden,1041,seeds10,recovered,True,12.228672841000002,
golden,1042,seeds2,recovered,True,24.573677439,
golden,1042,seeds10,recovered,True,70.48646457199999,
golden,1043,seeds2,recovered,True,1.273640092,
golden,1043,seeds10,recovered,True,2.028342757,
golden,1044,seeds2,recovered,True,25.927184908999998,
golden,1044,seeds10,recovered,True,93.05881000100001,
golden,1045,seeds2,recovered,True,8.609680791,
golden,1045,seeds10,recovered,True,29.727899970999996,
golden,1046,seeds2,recovered,True,4.2894990459999995,
golden,1046,seeds10,recovered,True,11.314015806,
golden,1047,seeds2,recovered,True,2.1349179739999995,
golden,1047,seeds10,recovered,True,4.640281396000001,
golden,1048,seeds2,recovered,True,17.738319869999998,
golden,1048,seeds10,recovered,True,75.023537311,
golden,1049,seeds2,recovered,True,28.172436310000002,
golden,1049,seeds10,recovered,True,90.17901549900002,
golden,1050,seeds2,recovered,True,21.065074625999998,
golden,1050,seeds10,recovered,True,111.209014911,
golden,1051,seeds2,recovered,True,3.661898304,
golden,1051,seeds10,recovered,True,9.794206085999999,
golden,1052,seeds2,recovered,True,12.578198446000002,
golden,1052,seeds10,recovered,True,43.449947348,
golden,1053,seeds2,recovered,True,2.2415197009999996,
golden,1053,seeds10,recovered,True,5.584432031999999,
golden,1054,seeds2,recovered,True,1.0855092,
golden,1054,seeds10,recovered,True,1.639146574,
golden,1055,seeds2,recovered,True,3.848588421,
golden,1055,seeds10,recovered,True,9.639118609,
golden,1056,seeds2,recovered,True,25.178034026999995,
golden,1056,seeds10,recovered,True,85.01726343000001,
golden,1057,seeds2,recovered,True,1.425469872,
golden,1057,seeds10,recovered,True,2.6770236790000004,
golden,1058,seeds2,recovered,True,3.953313511,
golden,1058,seeds10,recovered,True,16.385093898999997,
golden,1059,seeds2,recovered,True,2.6112891730000003,
golden,1059,seeds10,recovered,True,5.1687355109999995,
golden,1060,seeds2,recovered,True,5.834448718,
golden,1060,seeds10,recovered,True,24.788847481,
golden,1061,seeds2,recovered,True,10.434376792999998,
golden,1061,seeds10,recovered,True,38.421150265,
golden,1062,seeds2,recovered,True,46.369956876,
golden,1062,seeds10,recovered,True,221.69670107200002,
golden,1063,seeds2,recovered,True,14.573283930999999,
golden,1063,seeds10,recovered,True,58.109845495,
golden,1064,seeds2,recovered,True,13.366657370999999,
golden,1064,seeds10,recovered,True,42.87369501799999,
golden,1065,seeds2,recovered,True,6.100569566999999,
golden,1065,seeds10,recovered,True,21.888032991,
golden,1066,seeds2,recovered,True,20.585675069,
golden,1066,seeds10,recovered,True,96.42095287699999,
golden,1067,seeds2,recovered,True,4.842031919,
golden,1067,seeds10,recovered,True,9.969860430999997,
golden,1068,seeds2,recovered,True,1.8349176569999996,
golden,1068,seeds10,recovered,True,6.459491551000001,
golden,1069,seeds2,recovered,True,1.154988943,
golden,1069,seeds10,recovered,True,1.470158542,
golden,1070,seeds2,recovered,True,2.7846154330000004,
golden,1070,seeds10,recovered,True,6.760356432999999,
golden,1071,seeds2,recovered,True,6.585902427000001,
golden,1071,seeds10,recovered,True,21.618151107000003,
golden,1072,seeds2,recovered,True,5.973744002,
golden,1072,seeds10,recovered,True,16.223775135,
golden,1073,seeds2,recovered,True,3.0569252679999996,
golden,1073,seeds10,recovered,True,7.712953488999999,
golden,1074,seeds2,recovered,True,1.5188232739999998,
golden,1074,seeds10,recovered,True,2.390996555,
golden,1075,seeds2,recovered,True,1.333398102,
golden,1075,seeds10,recovered,True,1.682977459,
golden,1076,seeds2,recovered,True,8.593672759,
golden,1076,seeds10,recovered,True,31.258112949999997,
golden,1077,seeds2,recovered,True,2.5278148590000002,
golden,1077,seeds10,recovered,True,8.173732139999998,
golden,1078,seeds2,recovered,True,19.742260482,
golden,1078,seeds10,recovered,True,50.428294793,
golden,1079,seeds2,recovered,True,1.8677483729999997,
golden,1079,seeds10,recovered,True,4.317558346,
golden,1080,seeds2,recovered,True,17.012180378999997,
golden,1080,seeds10,recovered,True,69.08232086999999,
golden,1081,seeds2,recovered,True,1.6646596019999995,
golden,1081,seeds10,recovered,True,2.5132868299999997,
golden,1082,seeds2,recovered,True,6.310279350000002,
golden,1082,seeds10,recovered,True,27.791645281000005,
golden,1083,seeds2,recovered,True,14.308508876000001,
golden,1083,seeds10,recovered,True,58.547008945,
golden,1084,seeds2,recovered,True,1.114642205,
golden,1084,seeds10,recovered,True,1.4049742409999997,
golden,1085,seeds2,recovered,True,3.130447072999999,
golden,1085,seeds10,recovered,True,7.512745685999998,
golden,1086,seeds2,recovered,True,1.9788063259999995,
golden,1086,seeds10,recovered,True,4.399044622000001,
golden,1087,seeds2,recovered,True,1.757730537,
golden,1087,seeds10,recovered,True,3.125664638,
golden,1088,seeds2,recovered,True,1.3573286419999997,
golden,1088,seeds10,recovered,True,2.9010593979999997,
golden,1089,seeds2,recovered,True,14.910920439000002,
golden,1089,seeds10,recovered,True,56.729660789,
golden,1090,seeds2,recovered,True,14.973092427000001,
golden,1090,seeds10,recovered,True,52.193095721999995,
golden,1091,seeds2,recovered,True,1.588563197,
golden,1091,seeds10,recovered,True,2.5241379630000003,
golden,1092,seeds2,recovered,True,17.262270187000002,
golden,1092,seeds10,recovered,True,64.51960299499999,
golden,1093,seeds2,recovered,True,9.319635926000002,
golden,1093,seeds10,recovered,True,32.885407111,
golden,1094,seeds2,recovered,True,11.026863936999998,
golden,1094,seeds10,recovered,True,38.88258403,
golden,1095,seeds2,recovered,True,10.808798892,
golden,1095,seeds10,recovered,True,44.222819966,
golden,1096,seeds2,recovered,True,22.983636869999998,
golden,1096,seeds10,recovered,True,107.05735657000001,
golden,1097,seeds2,recovered,True,5.803802427,
golden,1097,seeds10,recovered,True,11.614110954000001,
golden,1098,seeds2,recovered,True,26.371177854000003,
golden,1098,seeds10,recovered,True,88.536869485,
golden,1099,seeds2,recovered,True,23.148472522000002,
golden,1099,seeds10,recovered,True,65.140075851,
golden,1100,seeds2,recovered,True,30.124749817,
golden,1100,seeds10,recovered,True,174.442034829,
golden,1101,seeds2,recovered,True,3.7273796180000005,
golden,1101,seeds10,recovered,True,10.995449090000001,
golden,1102,seeds2,recovered,True,3.193356046,
golden,1102,seeds10,recovered,True,7.873262728000001,
golden,1103,seeds2,recovered,True,1.900353466,
golden,1103,seeds10,recovered,True,3.883372726,
golden,1104,seeds2,recovered,True,1.7051387539999996,
golden,1104,seeds10,recovered,True,4.726119846,
golden,1105,seeds2,recovered,True,3.234960034,
golden,1105,seeds10,recovered,True,8.141491791,
golden,1106,seeds2,recovered,True,4.970621702,
golden,1106,seeds10,recovered,True,16.880388902,
golden,1107,seeds2,recovered,True,2.5462990370000003,
golden,1107,seeds10,recovered,True,4.620911134999999,
golden,1108,seeds2,recovered,True,1.204326993,
golden,1108,seeds10,recovered,True,1.6186608670000004,
golden,1109,seeds2,recovered,True,2.297066439999999,
golden,1109,seeds10,recovered,True,3.884280984,
golden,1110,seeds2,recovered,True,21.390156333,
golden,1110,seeds10,recovered,True,130.53213869899997,
golden,1111,seeds2,recovered,True,2.126021655,
golden,1111,seeds10,recovered,True,4.652729969,
golden,1112,seeds2,recovered,True,1.063932796,
golden,1112,seeds10,recovered,True,1.2650263439999998,
golden,1113,seeds2,recovered,True,1.210075704,
golden,1113,seeds10,recovered,True,2.150785932,
golden,1114,seeds2,recovered,True,27.137915745999997,
golden,1114,seeds10,recovered,True,120.78790063499997,
golden,1115,seeds2,recovered,True,5.3450686460000005,
golden,1115,seeds10,recovered,True,14.920127276999999,
golden,1116,seeds2,recovered,True,1.3506667579999996,
golden,1116,seeds10,recovered,True,2.2229945220000005,
golden,1117,seeds2,recovered,True,3.1122519689999995,
golden,1117,seeds10,recovered,True,6.592744629000001,
golden,1118,seeds2,recovered,True,4.889801274999999,
golden,1118,seeds10,recovered,True,19.806155959,
golden,1119,seeds2,recovered,True,8.985074087000001,
golden,1119,seeds10,recovered,True,33.140876742,
golden,1120,seeds2,recovered,True,10.986172191999998,
golden,1120,seeds10,recovered,True,41.617622913,
golden,1121,seeds2,recovered,True,5.818913973999999,
golden,1121,seeds10,recovered,True,15.642141212999999,
golden,1122,seeds2,recovered,True,1.5595333400000002,
golden,1122,seeds10,recovered,True,3.357874796,
golden,1123,seeds2,recovered,True,12.693053546999998,
golden,1123,seeds10,recovered,True,45.908593679999996,
golden,1124,seeds2,recovered,True,4.453316984999999,
golden,1124,seeds10,recovered,True,17.059890505000002,
golden,1125,seeds2,recovered,True,2.451989568,
golden,1125,seeds10,recovered,True,5.851102136,
golden,1126,seeds2,recovered,True,2.137356285,
golden,1126,seeds10,recovered,True,4.275362097,
golden,1127,seeds2,recovered,True,39.176121841000004,
golden,1127,seeds10,recovered,True,223.27629670399995,
golden,1128,seeds2,recovered,True,24.115937216,
golden,1128,seeds10,recovered,True,93.09925739499997,
golden,1129,seeds2,recovered,True,18.880489566,
golden,1129,seeds10,recovered,True,80.15637625400001,
golden,1130,seeds2,recovered,True,10.483753552,
golden,1130,seeds10,recovered,True,40.427690139,
golden,1131,seeds2,recovered,True,35.750043695,
golden,1131,seeds10,recovered,True,126.96937194899999,
golden,1132,seeds2,recovered,True,1.983603955,
golden,1132,seeds10,recovered,True,3.7772386069999997,
golden,1133,seeds2,recovered,True,5.453542734,
golden,1133,seeds10,recovered,True,12.375644998000002,
golden,1134,seeds2,recovered,True,14.094802541,
golden,1134,seeds10,recovered,True,47.82390673399999,
golden,1135,seeds2,recovered,True,3.8068229120000003,
golden,1135,seeds10,recovered,True,10.312861963,
golden,1136,seeds2,recovered,True,1.904042488,
golden,1136,seeds10,recovered,True,4.887175296999999,
golden,1137,seeds2,recovered,True,7.486338838000001,
golden,1137,seeds10,recovered,True,20.533600329,
golden,1138,seeds2,recovered,True,3.1332933619999994,
golden,1138,seeds10,recovered,True,10.026554108,
golden,1139,seeds2,recovered,True,3.9736336219999995,
golden,1139,seeds10,recovered,True,14.708278866,
golden,1140,seeds2,recovered,True,2.8194154619999994,
golden,1140,seeds10,recovered,True,7.719407858000001,
golden,1141,seeds2,recovered,True,1.7461949030000001,
golden,1141,seeds10,recovered,True,4.072159429999999,
golden,1142,seeds2,recovered,True,1.2033119549999998,
golden,1142,seeds10,recovered,True,2.721879344,
golden,1143,seeds2,recovered,True,11.946105981999999,
golden,1143,seeds10,recovered,True,49.725082552,
golden,1144,seeds2,recovered,True,1.4275498600000005,
golden,1144,seeds10,recovered,True,2.5859840469999997,
golden,1145,seeds2,recovered,True,2.762513964,
golden,1145,seeds10,recovered,True,7.069193199,
golden,1146,seeds2,recovered,True,15.276838468999998,
golden,1146,seeds10,recovered,True,57.942107562,
golden,1147,seeds2,recovered,True,1.616244895,
golden,1147,seeds10,recovered,True,3.582910137,
golden,1148,seeds2,recovered,True,12.586259789999998,
golden,1148,seeds10,recovered,True,38.156105708,
golden,1149,seeds2,recovered,True,5.71981384,
golden,1149,seeds10,recovered,True,18.784954268000003,
golden,1150,seeds2,recovered,True,74.21517025300001,
golden,1150,seeds10,recovered,True,376.758328667,
golden,1151,seeds2,recovered,True,1.9598823119999997,
golden,1151,seeds10,recovered,True,7.641682980000001,
golden,1152,seeds2,recovered,True,3.7237818699999994,
golden,1152,seeds10,recovered,True,8.215511883,
golden,1153,seeds2,recovered,True,1.710193303,
golden,1153,seeds10,recovered,True,3.689117553,
golden,1154,seeds2,recovered,True,6.127082193000001,
golden,1154,seeds10,recovered,True,22.892192942,
golden,1155,seeds2,recovered,True,12.485969881999997,
golden,1155,seeds10,recovered,True,49.757135382,
golden,1156,seeds2,recovered,True,6.943645173,
golden,1156,seeds10,recovered,True,27.073561426000005,
golden,1157,seeds2,recovered,True,1.6878765959999997,
golden,1157,seeds10,recovered,True,3.519751308,
golden,1158,seeds2,recovered,True,25.364891361999998,
golden,1158,seeds10,recovered,True,101.339404163,
golden,1159,seeds2,recovered,True,3.0293787329999997,
golden,1159,seeds10,recovered,True,9.098311328,
golden,1160,seeds2,recovered,True,1.2479568730000004,
golden,1160,seeds10,recovered,True,2.052859755,
golden,1161,seeds2,recovered,True,1.4272651449999998,
golden,1161,seeds10,recovered,True,2.3080804529999996,
golden,1162,seeds2,recovered,True,1.3966605999999997,
golden,1162,seeds10,recovered,True,2.064174806,
golden,1163,seeds2,recovered,True,4.231446198,
golden,1163,seeds10,recovered,True,14.638788884999997,
golden,1164,seeds2,recovered,True,3.5804847979999996,
golden,1164,seeds10,recovered,True,7.183994752,
golden,1165,seeds2,recovered,True,3.0197438210000005,
golden,1165,seeds10,recovered,True,11.779926387,
golden,1166,seeds2,recovered,True,1.285300703,
golden,1166,seeds10,recovered,True,1.9394943229999997,
golden,1167,seeds2,recovered,True,1.328751794,
golden,1167,seeds10,recovered,True,2.094004544,
golden,1168,seeds2,recovered,True,5.391655906,
golden,1168,seeds10,recovered,True,14.816681294000002,
golden,1169,seeds2,recovered,True,3.6917827779999994,
golden,1169,seeds10,recovered,True,8.063169448,
golden,1170,seeds2,recovered,True,8.666792598,
golden,1170,seeds10,recovered,True,33.127378523000004,
golden,1171,seeds2,recovered,True,12.774126096999998,
golden,1171,seeds10,recovered,True,41.685152957,
golden,1172,seeds2,recovered,True,7.496065593999999,
golden,1172,seeds10,recovered,True,25.57106264,
golden,1173,seeds2,recovered,True,2.080255103,
golden,1173,seeds10,recovered,True,4.309549411999999,
golden,1174,seeds2,recovered,True,3.4562601709999994,
golden,1174,seeds10,recovered,True,9.252809312,
golden,1175,seeds2,recovered,True,2.9638007660000003,
golden,1175,seeds10,recovered,True,8.390171319,
golden,1176,seeds2,recovered,True,1.478536653,
golden,1176,seeds10,recovered,True,3.0812009679999997,
golden,1177,seeds2,recovered,True,11.085770657000003,
golden,1177,seeds10,recovered,True,50.48316453999999,
golden,1178,seeds2,recovered,True,1.059278747,
golden,1178,seeds10,recovered,True,1.615284226,
golden,1179,seeds2,recovered,True,28.725200964999996,
golden,1179,seeds10,recovered,True,81.926455197,
golden,1180,seeds2,recovered,True,10.083828213,
golden,1180,seeds10,recovered,True,23.177340914,
golden,1181,seeds2,recovered,True,1.6922227520000002,
golden,1181,seeds10,recovered,True,4.016043238,
golden,1182,seeds2,recovered,True,2.557522821,
golden,1182,seeds10,recovered,True,8.919732647,
golden,1183,seeds2,recovered,True,1.7994622099999997,
golden,1183,seeds10,recovered,True,3.7604003869999993,
golden,1184,seeds2,recovered,True,1.151402852,
golden,1184,seeds10,recovered,True,1.568335102,
golden,1185,seeds2,recovered,True,1.676101211,
golden,1185,seeds10,recovered,True,3.4757683430000004,
golden,1186,seeds2,recovered,True,19.723383476,
golden,1186,seeds10,recovered,True,80.624838824,
golden,1187,seeds2,recovered,True,7.731608597,
golden,1187,seeds10,recovered,True,31.304616215,
golden,1188,seeds2,recovered,True,2.208923208,
golden,1188,seeds10,recovered,True,5.179819867000001,
golden,1189,seeds2,recovered,True,2.612575102,
golden,1189,seeds10,recovered,True,6.156353728999999,
golden,1190,seeds2,recovered,True,3.615923645999999,
golden,1190,seeds10,recovered,True,12.904361294000001,
golden,1191,seeds2,recovered,True,0.8360267039999998,
golden,1191,seeds10,recovered,True,1.183678626,
golden,1192,seeds2,recovered,True,2.598856885,
golden,1192,seeds10,recovered,True,10.521111718,
golden,1193,seeds2,recovered,True,2.3792910259999998,
golden,1193,seeds10,recovered,True,5.162872846000001,
golden,1194,seeds2,recovered,True,2.138099433,
golden,1194,seeds10,recovered,True,5.642088986000001,
golden,1195,seeds2,recovered,True,5.1126823990000005,
golden,1195,seeds10,recovered,True,12.112379467,
golden,1196,seeds2,recovered,True,3.0026492089999994,
golden,1196,seeds10,recovered,True,8.766916674,
golden,1197,seeds2,recovered,True,1.8372911749999998,
golden,1197,seeds10,recovered,True,5.2284328449999995,
golden,1198,seeds2,recovered,True,1.5814829329999998,
golden,1198,seeds10,recovered,True,2.782471948,
golden,1199,seeds2,recovered,True,3.1966048220000003,
golden,1199,seeds10,recovered,True,9.139455665000002,
golden,1200,seeds2,recovered,True,2.6683929589999993,
golden,1200,seeds10,recovered,True,5.66114956,
golden,1201,seeds2,recovered,True,4.058647105,
golden,1201,seeds10,recovered,True,9.218628528999998,
golden,1202,seeds2,recovered,True,1.0294041329999999,
golden,1202,seeds10,recovered,True,1.4862933369999998,
golden,1203,seeds2,recovered,True,2.1902233829999993,
golden,1203,seeds10,recovered,True,7.655142499,
golden,1204,seeds2,recovered,True,1.158243599,
golden,1204,seeds10,recovered,True,1.429097047,
golden,1205,seeds2,recovered,True,1.1355336080000002,
golden,1205,seeds10,recovered,True,1.690116947,
golden,1206,seeds2,recovered,True,8.971026152,
golden,1206,seeds10,recovered,True,27.582526200999997,
golden,1207,seeds2,recovered,True,1.076784115,
golden,1207,seeds10,recovered,True,1.7410122999999997,
golden,1208,seeds2,recovered,True,7.3468047599999995,
golden,1208,seeds10,recovered,True,19.353676672000002,
golden,1209,seeds2,recovered,True,1.6683641980000001,
golden,1209,seeds10,recovered,True,3.8813102760000002,
golden,1210,seeds2,recovered,True,5.672906549999999,
golden,1210,seeds10,recovered,True,20.902851594,
golden,1211,seeds2,recovered,True,9.838703514,
golden,1211,seeds10,recovered,True,32.557030131000005,
golden,1212,seeds2,recovered,True,5.053979218,
golden,1212,seeds10,recovered,True,16.127133357,
golden,1213,seeds2,recovered,True,6.567586340999999,
golden,1213,seeds10,recovered,True,18.032061661,
golden,1214,seeds2,recovered,True,14.765774205,
golden,1214,seeds10,recovered,True,55.68538106599999,
golden,1215,seeds2,recovered,True,4.502126351,
golden,1215,seeds10,recovered,True,14.92867978,
golden,1216,seeds2,recovered,True,3.0674633239999993,
golden,1216,seeds10,recovered,True,11.803237516,
golden,1217,seeds2,recovered,True,2.360290272,
golden,1217,seeds10,recovered,True,4.495026076,
golden,1218,seeds2,recovered,True,3.477801466,
golden,1218,seeds10,recovered,True,8.368898772,
golden,1219,seeds2,recovered,True,2.2430582479999996,
golden,1219,seeds10,recovered,True,6.117341798,
golden,1220,seeds2,recovered,True,3.470870977,
golden,1220,seeds10,recovered,True,13.370229026,
golden,1221,seeds2,recovered,True,15.988971815000001,
golden,1221,seeds10,recovered,True,82.780312194,
golden,1222,seeds2,recovered,True,8.369047891,
golden,1222,seeds10,recovered,True,21.045329584,
golden,1223,seeds2,recovered,True,1.8214429359999995,
golden,1223,seeds10,recovered,True,3.8230763130000005,
golden,1224,seeds2,recovered,True,1.7332528880000004,
golden,1224,seeds10,recovered,True,3.8197146309999996,
golden,1225,seeds2,recovered,True,9.928209924999997,
golden,1225,seeds10,recovered,True,33.120002025000005,
golden,1226,seeds2,recovered,True,36.164689819,
golden,1226,seeds10,recovered,True,170.472800158,
golden,1227,seeds2,recovered,True,33.770569498,
golden,1227,seeds10,recovered,True,169.416875318,
golden,1228,seeds2,not_recovered,True,15.994231688,
golden,1228,seeds10,not_recovered,True,73.904900485,
golden,1229,seeds2,recovered,True,53.11589605199999,
golden,1229,seeds10,recovered,True,252.02164719099997,
golden,1230,seeds2,recovered,True,33.227159969999995,
golden,1230,seeds10,recovered,True,121.10513259499997,
golden,1231,seeds2,recovered,True,15.582009707000001,
golden,1231,seeds10,recovered,True,62.29902328600001,
golden,1232,seeds2,recovered,True,34.608783808,
golden,1232,seeds10,recovered,True,166.027148068,
golden,1233,seeds2,recovered,True,17.813181779,
golden,1233,seeds10,recovered,True,60.498436662,
golden,1234,seeds2,recovered,True,13.466902258,
golden,1234,seeds10,recovered,True,51.664556690999994,
golden,1235,seeds2,recovered,True,16.865471705,
golden,1235,seeds10,recovered,True,54.11564885,
golden,1236,seeds2,recovered,True,13.397279836000001,
golden,1236,seeds10,recovered,True,41.80210486600001,
golden,1237,seeds2,recovered,True,4.0370059419999995,
golden,1237,seeds10,recovered,True,16.236000311999998,
golden,1238,seeds2,recovered,True,88.621419695,
golden,1238,seeds10,recovered,True,397.6548543079999,
golden,1239,seeds2,recovered,True,19.696259107000003,
golden,1239,seeds10,recovered,True,79.001674478,
golden,1240,seeds2,recovered,True,89.81850039500002,
golden,1240,seeds10,recovered,True,424.651312797,
golden,1241,seeds2,recovered,True,15.112150501999999,
golden,1241,seeds10,recovered,True,53.19065826700001,
golden,1242,seeds2,recovered,True,1.3391408990000002,
golden,1242,seeds10,recovered,True,2.3823983569999996,
golden,1243,seeds2,recovered,True,1.4308050369999998,
golden,1243,seeds10,recovered,True,2.3654040949999997,
golden,1244,seeds2,recovered,True,2.837664585999999,
golden,1244,seeds10,recovered,True,7.059475915,
golden,1245,seeds2,recovered,True,3.4693281149999997,
golden,1245,seeds10,recovered,True,11.320207592999997,
golden,1246,seeds2,recovered,True,1.712418448,
golden,1246,seeds10,recovered,True,3.512474938,
golden,1247,seeds2,recovered,True,6.867833113,
golden,1247,seeds10,recovered,True,21.240602398,
golden,1248,seeds2,recovered,True,0.9900935390000001,
golden,1248,seeds10,recovered,True,1.8436929609999997,
golden,1249,seeds2,recovered,True,1.4140276859999998,
golden,1249,seeds10,recovered,True,2.318267853,
golden,1250,seeds2,recovered,True,1.2967991939999999,
golden,1250,seeds10,recovered,True,1.910034465,
golden,1251,seeds2,recovered,True,1.1982451889999997,
golden,1251,seeds10,recovered,True,1.7642873399999999,
golden,1252,seeds2,recovered,True,2.965904387,
golden,1252,seeds10,recovered,True,6.360395699,
golden,1253,seeds2,recovered,True,2.428661226999999,
golden,1253,seeds10,recovered,True,7.0075332050000005,
golden,1254,seeds2,recovered,True,2.3534722209999996,
golden,1254,seeds10,recovered,True,4.507802282999999,
golden,1255,seeds2,recovered,True,0.9888251969999999,
golden,1255,seeds10,recovered,True,1.199844892,
golden,1256,seeds2,recovered,True,41.652290193,
golden,1256,seeds10,recovered,True,180.55306304799998,
golden,1257,seeds2,recovered,True,1.261425144,
golden,1257,seeds10,recovered,True,2.4935274730000003,
golden,1258,seeds2,recovered,True,7.496685149999999,
golden,1258,seeds10,recovered,True,28.271727651000003,
golden,1259,seeds2,recovered,True,1.054428721,
golden,1259,seeds10,recovered,True,1.5584066749999999,
golden,1260,seeds2,recovered,True,3.805012397999999,
golden,1260,seeds10,recovered,True,9.804517344,
golden,1261,seeds2,recovered,True,4.674071197999999,
golden,1261,seeds10,recovered,True,25.578644712000006,
golden,1262,seeds2,recovered,True,19.558794665,
golden,1262,seeds10,recovered,True,68.90637389300001,
golden,1263,seeds2,recovered,True,28.754150632999995,
golden,1263,seeds10,recovered,True,118.34302793300002,
golden,1264,seeds2,recovered,True,101.69049620400001,
golden,1264,seeds10,recovered,True,435.14708746099996,
golden,1265,seeds2,recovered,True,2.1491905090000003,
golden,1265,seeds10,recovered,True,5.355496841,
golden,1266,seeds2,recovered,True,1.807044913,
golden,1266,seeds10,recovered,True,3.277406931,
golden,1267,seeds2,recovered,True,2.231830537,
golden,1267,seeds10,recovered,True,4.574096379,
golden,1268,seeds2,recovered,True,15.61027679,
golden,1268,seeds10,recovered,True,68.99283210799999,
golden,1269,seeds2,recovered,True,1.7311521919999997,
golden,1269,seeds10,recovered,True,3.1094655309999997,
golden,1270,seeds2,recovered,True,1.613758378,
golden,1270,seeds10,recovered,True,3.0107787330000004,
golden,1271,seeds2,recovered,True,3.99338227,
golden,1271,seeds10,recovered,True,14.142635152999997,
golden,1272,seeds2,recovered,True,11.009793412,
golden,1272,seeds10,recovered,True,40.250185919,
golden,1273,seeds2,recovered,True,5.172272137,
golden,1273,seeds10,recovered,True,22.420663118999997,
golden,1274,seeds2,recovered,True,2.263824554,
golden,1274,seeds10,recovered,True,5.82625015,
golden,1275,seeds2,recovered,True,3.304755259,
golden,1275,seeds10,recovered,True,7.447014279999999,
golden,1276,seeds2,recovered,True,3.485305597,
golden,1276,seeds10,recovered,True,6.8942199550000005,
golden,1277,seeds2,recovered,True,20.058552282999997,
golden,1277,seeds10,recovered,True,60.846099579,
golden,1278,seeds2,recovered,True,2.070144569,
golden,1278,seeds10,recovered,True,3.9500584950000013,
golden,1279,seeds2,recovered,True,1.5026935689999998,
golden,1279,seeds10,recovered,True,2.831618411,
golden,1280,seeds2,recovered,True,1.8777237580000001,
golden,1280,seeds10,recovered,True,3.9288374490000004,
golden,1281,seeds2,recovered,True,5.559516844,
golden,1281,seeds10,recovered,True,18.522255607,
golden,1282,seeds2,recovered,True,2.4821985740000003,
golden,1282,seeds10,recovered,True,5.929817773,
golden,1283,seeds2,recovered,True,1.759605991,
golden,1283,seeds10,recovered,True,3.8190463669999994,
golden,1284,seeds2,recovered,True,6.818404009,
golden,1284,seeds10,recovered,True,28.320261104999997,
golden,1285,seeds2,not_recovered,True,1.4618380119999999,
golden,1285,seeds10,not_recovered,True,4.545515444,
golden,1286,seeds2,recovered,True,1.5105816969999997,
golden,1286,seeds10,recovered,True,2.8706144499999997,
golden,1287,seeds2,recovered,True,9.381549406,
golden,1287,seeds10,recovered,True,51.304130604,
golden,1288,seeds2,recovered,True,13.815711415,
golden,1288,seeds10,recovered,True,41.805056582000006,
golden,1289,seeds2,recovered,True,2.7507843579999993,
golden,1289,seeds10,recovered,True,8.654513705,
golden,1290,seeds2,recovered,True,1.6657364549999998,
golden,1290,seeds10,recovered,True,3.6075002599999997,
golden,1291,seeds2,recovered,True,1.675579284,
golden,1291,seeds10,recovered,True,2.8851471319999993,
golden,1292,seeds2,recovered,True,2.0516500769999997,
golden,1292,seeds10,recovered,True,4.665085180999999,
golden,1293,seeds2,recovered,True,2.076869684,
golden,1293,seeds10,recovered,True,5.01703439,
golden,1294,seeds2,recovered,True,1.9480685039999999,
golden,1294,seeds10,recovered,True,4.116952946,
golden,1295,seeds2,recovered,True,1.858806638,
golden,1295,seeds10,recovered,True,3.7368151460000005,
golden,1296,seeds2,recovered,True,2.1892455759999994,
golden,1296,seeds10,recovered,True,4.269280509,
golden,1297,seeds2,recovered,True,2.4021744199999997,
golden,1297,seeds10,recovered,True,6.523198988000001,
golden,1298,seeds2,recovered,True,2.1465000870000006,
golden,1298,seeds10,recovered,True,5.429661349,
golden,1299,seeds2,recovered,True,2.9556333290000003,
golden,1299,seeds10,recovered,True,7.175156515,
golden,1300,seeds2,recovered,True,2.9712456570000003,
golden,1300,seeds10,recovered,True,6.888399510000001,
golden,1301,seeds2,recovered,True,1.859150472,
golden,1301,seeds10,recovered,True,3.2053524289999995,
golden,1302,seeds2,recovered,True,1.668396488,
golden,1302,seeds10,recovered,True,2.6115322869999997,
golden,1303,seeds2,recovered,True,3.566062983,
golden,1303,seeds10,recovered,True,14.128636090999997,
golden,1304,seeds2,recovered,True,29.413160250000004,
golden,1304,seeds10,recovered,True,124.82866577200001,
golden,1305,seeds2,recovered,True,2.263053416,
golden,1305,seeds10,recovered,True,6.065205238000001,
golden,1306,seeds2,recovered,True,8.422328097000001,
golden,1306,seeds10,recovered,True,29.345856466999997,
golden,1307,seeds2,recovered,True,7.384634007000001,
golden,1307,seeds10,recovered,True,23.849914250000005,
golden,1308,seeds2,recovered,True,6.350755522,
golden,1308,seeds10,recovered,True,19.589881252999998,
golden,1309,seeds2,recovered,True,2.1113415279999996,
golden,1309,seeds10,recovered,True,5.272838898,
golden,1310,seeds2,recovered,True,6.122424495999999,
golden,1310,seeds10,recovered,True,25.213165461000006,
golden,1311,seeds2,recovered,True,4.750193191999999,
golden,1311,seeds10,recovered,True,15.774039084000002,
golden,1312,seeds2,recovered,True,5.425244311000001,
golden,1312,seeds10,recovered,True,19.137319131000005,
golden,1313,seeds2,recovered,True,24.449588117,
golden,1313,seeds10,recovered,True,103.27317314000001,
golden,1314,seeds2,not_recovered,True,15.593659768,
golden,1314,seeds10,recovered,True,61.27596866199999,
golden,1315,seeds2,recovered,True,4.93496588,
golden,1315,seeds10,recovered,True,19.904325194000002,
golden,1316,seeds2,recovered,True,1.2398355499999998,
golden,1316,seeds10,recovered,True,1.782830581,
golden,1317,seeds2,recovered,True,3.7122050260000004,
golden,1317,seeds10,recovered,True,13.252317925,
golden,1318,seeds2,recovered,True,21.824743673,
golden,1318,seeds10,recovered,True,102.416364668,
golden,1319,seeds2,recovered,True,2.7286457449999997,
golden,1319,seeds10,recovered,True,8.515904626,
golden,1320,seeds2,recovered,True,1.9964077409999996,
golden,1320,seeds10,recovered,True,4.954403633999999,
golden,1321,seeds2,recovered,True,1.0705639580000001,
golden,1321,seeds10,recovered,True,1.5399301960000003,
golden,1322,seeds2,recovered,True,1.2375302450000003,
golden,1322,seeds10,recovered,True,1.898178912,
golden,1323,seeds2,recovered,True,8.457745947,
golden,1323,seeds10,recovered,True,33.61206545900001,
golden,1324,seeds2,recovered,True,7.059930403999999,
golden,1324,seeds10,recovered,True,24.009356793,
golden,1325,seeds2,recovered,True,16.551073162,
golden,1325,seeds10,recovered,True,59.847645519000004,
golden,1326,seeds2,recovered,True,1.7840079579999997,
golden,1326,seeds10,recovered,True,3.7447098839999997,
golden,1327,seeds2,recovered,True,11.133566615,
golden,1327,seeds10,recovered,True,44.263898472,
golden,1328,seeds2,recovered,True,3.0632441800000003,
golden,1328,seeds10,recovered,True,7.955553904,
golden,1329,seeds2,recovered,True,1.0840061420000002,
golden,1329,seeds10,recovered,True,1.497499339,
golden,1330,seeds2,recovered,True,11.845183642999999,
golden,1330,seeds10,recovered,True,47.45741620999999,
golden,1331,seeds2,recovered,True,6.215766825999999,
golden,1331,seeds10,recovered,True,22.250501317999998,
golden,1332,seeds2,recovered,True,1.1760496579999997,
golden,1332,seeds10,recovered,True,1.7749357209999999,
golden,1333,seeds2,recovered,True,4.331738324,
golden,1333,seeds10,recovered,True,11.021361599999997,
golden,1334,seeds2,recovered,True,6.307037603,
golden,1334,seeds10,recovered,True,16.568714646999997,
golden,1335,seeds2,recovered,True,2.049137203,
golden,1335,seeds10,recovered,True,4.367084371000001,
golden,1336,seeds2,recovered,True,2.8250567550000003,
golden,1336,seeds10,recovered,True,9.150790724,
golden,1337,seeds2,recovered,True,1.5473671029999998,
golden,1337,seeds10,recovered,True,2.9076412289999998,
golden,1338,seeds2,recovered,True,1.4204717839999996,
golden,1338,seeds10,recovered,True,2.625584968,
golden,1339,seeds2,recovered,True,6.360032412000001,
golden,1339,seeds10,recovered,True,20.225569747999998,
golden,1340,seeds2,recovered,True,1.156211602,
golden,1340,seeds10,recovered,True,1.5668884339999998,
golden,1341,seeds2,recovered,True,1.0345439219999997,
golden,1341,seeds10,recovered,True,1.5323135369999996,
golden,1342,seeds2,recovered,True,0.836319638,
golden,1342,seeds10,recovered,True,1.0303716069999997,
golden,1343,seeds2,recovered,True,1.4507573799999998,
golden,1343,seeds10,recovered,True,2.5358832579999997,
golden,1344,seeds2,recovered,True,1.2875551659999998,
golden,1344,seeds10,recovered,True,2.616784017,
golden,1345,seeds2,recovered,True,1.052961978,
golden,1345,seeds10,recovered,True,1.46632322,
golden,1346,seeds2,recovered,True,1.8783396459999997,
golden,1346,seeds10,recovered,True,3.3638910589999993,
golden,1347,seeds2,recovered,True,1.4211643879999998,
golden,1347,seeds10,recovered,True,2.5455571509999997,
golden,1348,seeds2,recovered,True,1.418578701,
golden,1348,seeds10,recovered,True,2.3109595989999994,
golden,1349,seeds2,recovered,True,5.304676347,
golden,1349,seeds10,recovered,True,16.04318232,
golden,1350,seeds2,recovered,True,11.386002503,
golden,1350,seeds10,recovered,True,54.21721887699999,
golden,1351,seeds2,recovered,True,104.28122924600001,
golden,1351,seeds10,recovered,True,447.74407169499995,
golden,1352,seeds2,recovered,True,7.2162460500000005,
golden,1352,seeds10,recovered,True,32.658531727,
golden,1353,seeds2,recovered,True,5.350867743,
golden,1353,seeds10,recovered,True,15.111289003999996,
golden,1354,seeds2,recovered,True,1.1239113339999998,
golden,1354,seeds10,recovered,True,1.4892723079999999,
golden,1355,seeds2,recovered,True,0.963974999,
golden,1355,seeds10,recovered,True,1.195082096,
golden,1356,seeds2,recovered,True,3.3045036829999996,
golden,1356,seeds10,recovered,True,11.603038707,
golden,1357,seeds2,recovered,True,1.7263197100000003,
golden,1357,seeds10,recovered,True,5.795017936,
golden,1358,seeds2,not_recovered,True,100.11775397399998,
golden,1358,seeds10,unknown,True,397.091864889,
golden,1359,seeds2,recovered,True,18.754003495000003,
golden,1359,seeds10,recovered,True,69.57857342,
golden,1360,seeds2,recovered,True,27.098190166000002,
golden,1360,seeds10,recovered,True,133.516231469,
golden,1361,seeds2,recovered,True,145.499733574,
golden,1361,seeds10,recovered,True,741.8936501459999,
golden,1362,seeds2,recovered,True,40.407838504,
golden,1362,seeds10,recovered,True,189.224693729,
golden,1363,seeds2,recovered,True,4.238066692,
golden,1363,seeds10,recovered,True,10.458972047,
golden,1364,seeds2,recovered,True,2.9498423010000003,
golden,1364,seeds10,recovered,True,9.958320756,
golden,1365,seeds2,recovered,True,135.05199267,
golden,1365,seeds10,recovered,True,466.9123346559999,
golden,1366,seeds2,recovered,True,5.453114952,
golden,1366,seeds10,recovered,True,18.397067705999998,
golden,1367,seeds2,recovered,True,3.3676933449999997,
golden,1367,seeds10,recovered,True,14.620070769999998,
golden,1368,seeds2,recovered,True,28.75304287899999,
golden,1368,seeds10,recovered,True,125.665039635,
golden,1369,seeds2,recovered,True,74.54659751999999,
golden,1369,seeds10,recovered,True,365.58030771299997,
golden,1370,seeds2,recovered,True,30.20584063,
golden,1370,seeds10,recovered,True,119.02949718400001,
golden,1371,seeds2,recovered,True,8.035819577,
golden,1371,seeds10,recovered,True,23.029490326,
golden,1372,seeds2,recovered,True,27.323372211,
golden,1372,seeds10,recovered,True,89.00596323900001,
golden,1373,seeds2,recovered,True,1.0218956829999999,
golden,1373,seeds10,recovered,True,1.357402393,
golden,1374,seeds2,recovered,True,36.586259733,
golden,1374,seeds10,recovered,True,141.90400623100004,
golden,1375,seeds2,recovered,True,5.137241135999999,
golden,1375,seeds10,recovered,True,14.780236169,
golden,1376,seeds2,recovered,True,3.029602902,
golden,1376,seeds10,recovered,True,9.190150567,
golden,1377,seeds2,not_recovered,True,33.12978060300001,
golden,1377,seeds10,unknown,True,168.51301253000003,
golden,1378,seeds2,recovered,True,18.378815033,
golden,1378,seeds10,recovered,True,57.20376221,
golden,1379,seeds2,recovered,True,9.236128633000002,
golden,1379,seeds10,recovered,True,25.417880648,
golden,1380,seeds2,recovered,True,55.567884376999984,
golden,1380,seeds10,recovered,True,262.830082043,
golden,1381,seeds2,recovered,True,5.841085743,
golden,1381,seeds10,recovered,True,21.419846959,
golden,1382,seeds2,recovered,True,16.256397335,
golden,1382,seeds10,recovered,True,67.01195466700001,
golden,1383,seeds2,recovered,True,20.562617095999997,
golden,1383,seeds10,recovered,True,88.12824875300001,
golden,1384,seeds2,not_recovered,True,10.907783938000001,
golden,1384,seeds10,recovered,True,40.849125656000005,
golden,1385,seeds2,recovered,True,15.578168609000002,
golden,1385,seeds10,recovered,True,70.45150992,
golden,1386,seeds2,recovered,True,1070.63848746,
golden,1386,seeds10,recovered,False,,
golden,1387,seeds2,recovered,True,105.423302343,
golden,1387,seeds10,recovered,True,392.980390202,
golden,1388,seeds2,recovered,True,9.829464553999998,
golden,1388,seeds10,recovered,True,19.271875358000003,
golden,1389,seeds2,recovered,True,40.957344811000006,
golden,1389,seeds10,recovered,True,179.904972028,
golden,1390,seeds2,recovered,True,12.255001984,
golden,1390,seeds10,recovered,True,54.565718491000005,
golden,1391,seeds2,recovered,True,3.759552773,
golden,1391,seeds10,recovered,True,9.103030001,
golden,1392,seeds2,recovered,True,162.693810249,
golden,1392,seeds10,recovered,True,809.0029684749999,
golden,1393,seeds2,recovered,True,13.324816987000002,
golden,1393,seeds10,recovered,True,54.308651721000004,
golden,1394,seeds2,recovered,True,3.275550047,
golden,1394,seeds10,recovered,True,9.048204922,
golden,1395,seeds2,recovered,True,25.037386741,
golden,1395,seeds10,recovered,True,105.35415135000001,
golden,1396,seeds2,recovered,True,33.458253782,
golden,1396,seeds10,recovered,True,178.24105753400002,
golden,1397,seeds2,recovered,True,3.4405489999999994,
golden,1397,seeds10,recovered,True,9.535014847,
golden,1398,seeds2,recovered,True,18.087759789,
golden,1398,seeds10,recovered,True,77.2654655,
golden,1399,seeds2,recovered,True,2.6384868600000004,
golden,1399,seeds10,recovered,True,6.651439323,
golden,1400,seeds2,recovered,True,16.039080181,
golden,1400,seeds10,recovered,True,54.28063184999999,
golden,1401,seeds2,recovered,True,10.440300702999998,
golden,1401,seeds10,recovered,True,40.023298162,
golden,1402,seeds2,recovered,True,34.521754274,
golden,1402,seeds10,recovered,True,153.171166344,
golden,1403,seeds2,recovered,True,21.468526555,
golden,1403,seeds10,recovered,True,85.49259137899998,
golden,1404,seeds2,recovered,True,111.06545249200002,
golden,1404,seeds10,recovered,True,513.189470316,
golden,1405,seeds2,recovered,True,82.642419836,
golden,1405,seeds10,recovered,True,372.880825652,
golden,1406,seeds2,recovered,True,23.215168752000004,
golden,1406,seeds10,recovered,True,100.81417387999998,
golden,1407,seeds2,recovered,True,6.437164680999999,
golden,1407,seeds10,recovered,True,19.075312245,
golden,1408,seeds2,recovered,True,28.955413440999997,
golden,1408,seeds10,recovered,True,105.07094248,
golden,1409,seeds2,recovered,True,204.95249583899997,
golden,1409,seeds10,recovered,True,1187.1541269519998,
golden,1410,seeds2,recovered,True,136.172603223,
golden,1410,seeds10,recovered,True,555.927720314,
golden,1411,seeds2,recovered,True,13.0909622,
golden,1411,seeds10,recovered,True,45.372840442999994,
golden,1412,seeds2,recovered,True,35.331305851,
golden,1412,seeds10,recovered,True,148.869734573,
golden,1413,seeds2,recovered,True,56.86963564699999,
golden,1413,seeds10,recovered,True,186.57426552799998,
golden,1414,seeds2,recovered,True,71.171827208,
golden,1414,seeds10,recovered,True,284.795136021,
golden,1415,seeds2,recovered,True,12.56876655,
golden,1415,seeds10,recovered,True,57.548942379,
golden,1416,seeds2,recovered,True,4.835567377,
golden,1416,seeds10,recovered,True,10.987346732000002,
golden,1417,seeds2,recovered,True,1.724179559,
golden,1417,seeds10,recovered,True,3.0682948679999997,
golden,1418,seeds2,recovered,True,11.125706582,
golden,1418,seeds10,recovered,True,51.499153615999994,
golden,1419,seeds2,recovered,True,90.247121675,
golden,1419,seeds10,recovered,True,515.2639920680001,
golden,1420,seeds2,recovered,True,14.352937589,
golden,1420,seeds10,recovered,True,59.128165738,
golden,1421,seeds2,recovered,True,8.639723279,
golden,1421,seeds10,recovered,True,24.34817944,
golden,1422,seeds2,recovered,True,8.740973003,
golden,1422,seeds10,recovered,True,28.237086562000002,
golden,1423,seeds2,recovered,True,5.085592173,
golden,1423,seeds10,recovered,True,13.798944837000002,
golden,1424,seeds2,recovered,True,27.490013829000002,
golden,1424,seeds10,recovered,True,104.14550163300001,
golden,1425,seeds2,recovered,True,7.056446591,
golden,1425,seeds10,recovered,True,30.553011202,
golden,1426,seeds2,recovered,True,27.465589145000003,
golden,1426,seeds10,recovered,True,129.814933495,
golden,1427,seeds2,recovered,True,2.4143168499999996,
golden,1427,seeds10,recovered,True,5.33167697,
golden,1428,seeds2,recovered,True,5.123500846999999,
golden,1428,seeds10,recovered,True,17.492650895999997,
golden,1429,seeds2,recovered,True,88.308048826,
golden,1429,seeds10,recovered,True,327.773780834,
golden,1430,seeds2,recovered,True,25.015779549999998,
golden,1430,seeds10,recovered,True,97.269454865,
golden,1431,seeds2,recovered,True,2.7990181469999995,
golden,1431,seeds10,recovered,True,8.179011437,
golden,1432,seeds2,recovered,True,23.454019513,
golden,1432,seeds10,recovered,True,116.37033936099999,
golden,1433,seeds2,recovered,True,23.411368907,
golden,1433,seeds10,recovered,True,93.80665560999999,
golden,1434,seeds2,recovered,True,7.102964032000002,
golden,1434,seeds10,recovered,True,27.08304351,
golden,1435,seeds2,recovered,True,6.235333230000001,
golden,1435,seeds10,recovered,True,24.426049361,
golden,1436,seeds2,recovered,True,15.650793809000001,
golden,1436,seeds10,recovered,True,70.12318976699999,
golden,1437,seeds2,recovered,True,6.508307611999999,
golden,1437,seeds10,recovered,True,20.1377895,
golden,1438,seeds2,recovered,True,8.350718847999998,
golden,1438,seeds10,recovered,True,30.149672088000006,
golden,1439,seeds2,recovered,True,14.927432556999998,
golden,1439,seeds10,recovered,True,56.798944645999995,
golden,1440,seeds2,recovered,True,6.595211551000001,
golden,1440,seeds10,recovered,True,25.861371076000005,
golden,1441,seeds2,recovered,True,27.308300505,
golden,1441,seeds10,recovered,True,108.28002287500001,
golden,1442,seeds2,recovered,True,17.69414301,
golden,1442,seeds10,recovered,True,56.90586309999999,
golden,1443,seeds2,recovered,True,22.261469919,
golden,1443,seeds10,recovered,True,83.27442238200001,
golden,1444,seeds2,recovered,True,37.796576306,
golden,1444,seeds10,recovered,True,130.48684589799998,
golden,1445,seeds2,recovered,True,32.928628065,
golden,1445,seeds10,recovered,True,139.084143782,
golden,1446,seeds2,recovered,True,17.164537275,
golden,1446,seeds10,recovered,True,65.949772498,
golden,1447,seeds2,recovered,True,14.671893805,
golden,1447,seeds10,recovered,True,56.599186598,
golden,1448,seeds2,recovered,True,7.5837650509999985,
golden,1448,seeds10,recovered,True,28.698100520999994,
golden,1449,seeds2,recovered,True,2.562227837,
golden,1449,seeds10,recovered,True,7.952467302,
golden,1450,seeds2,recovered,True,3.1740468150000005,
golden,1450,seeds10,recovered,True,10.572936078000001,
golden,1451,seeds2,recovered,True,48.165005178,
golden,1451,seeds10,recovered,True,259.235671202,
golden,1452,seeds2,recovered,True,10.583076434000002,
golden,1452,seeds10,recovered,True,39.394696514,
golden,1453,seeds2,recovered,True,203.824766473,
golden,1453,seeds10,recovered,True,693.853617461,
golden,1454,seeds2,recovered,True,87.233625873,
golden,1454,seeds10,recovered,True,456.9143316399999,
golden,1455,seeds2,recovered,True,13.838963962000001,
golden,1455,seeds10,recovered,True,52.58446730100001,
golden,1456,seeds2,recovered,True,24.673618206,
golden,1456,seeds10,recovered,True,109.19449894499999,
golden,1457,seeds2,recovered,True,1.3994063619999997,
golden,1457,seeds10,recovered,True,1.8538333890000005,
golden,1458,seeds2,recovered,True,1.87278624,
golden,1458,seeds10,recovered,True,4.278466181,
golden,1459,seeds2,recovered,True,14.683384140000003,
golden,1459,seeds10,recovered,True,56.03013419,
golden,1460,seeds2,recovered,True,12.108684572,
golden,1460,seeds10,recovered,True,36.167332376000005,
golden,1461,seeds2,recovered,True,11.253040538,
golden,1461,seeds10,recovered,True,36.639074273999995,
golden,1462,seeds2,recovered,True,51.445411390000004,
golden,1462,seeds10,recovered,True,229.63375731899998,
golden,1463,seeds2,recovered,True,27.918104914999997,
golden,1463,seeds10,recovered,True,144.341705697,
golden,1464,seeds2,recovered,True,13.958702693,
golden,1464,seeds10,recovered,True,61.104434086999994,
golden,1465,seeds2,recovered,True,27.589695832999997,
golden,1465,seeds10,recovered,True,125.82650890100001,
golden,1466,seeds2,recovered,True,20.113433362,
golden,1466,seeds10,recovered,True,71.707088662,
golden,1467,seeds2,recovered,True,51.752965372,
golden,1467,seeds10,recovered,True,250.550983744,
golden,1468,seeds2,recovered,True,5.896209136000001,
golden,1468,seeds10,recovered,True,18.644009853000004,
golden,1469,seeds2,recovered,True,20.243675378999995,
golden,1469,seeds10,recovered,True,74.714428308,
golden,1470,seeds2,recovered,True,4.5320383799999995,
golden,1470,seeds10,recovered,True,19.549710325,
golden,1471,seeds2,recovered,True,2.621090613,
golden,1471,seeds10,recovered,True,8.827652395999998,
golden,1472,seeds2,recovered,True,12.950007536000001,
golden,1472,seeds10,recovered,True,54.98639010899999,
golden,1473,seeds2,recovered,True,15.423715589000002,
golden,1473,seeds10,recovered,True,81.57220272199999,
golden,1474,seeds2,recovered,True,3.3835391460000004,
golden,1474,seeds10,recovered,True,9.731462065999999,
golden,1475,seeds2,not_recovered,True,11.983761201,
golden,1475,seeds10,not_recovered,True,40.842861917,
golden,1476,seeds2,recovered,True,2.688542623,
golden,1476,seeds10,recovered,True,6.795283163,
golden,1477,seeds2,recovered,True,11.191683233,
golden,1477,seeds10,recovered,True,47.453885428,
golden,1478,seeds2,recovered,True,81.09757668699999,
golden,1478,seeds10,recovered,True,362.058452792,
golden,1479,seeds2,recovered,True,4.020787594,
golden,1479,seeds10,recovered,True,10.62003696,
golden,1480,seeds2,recovered,True,28.940365061999998,
golden,1480,seeds10,recovered,True,123.957706422,
golden,1481,seeds2,recovered,True,9.441126335,
golden,1481,seeds10,recovered,True,33.039952582999994,
golden,1482,seeds2,recovered,True,3.840910943999999,
golden,1482,seeds10,recovered,True,7.415141086,
golden,1483,seeds2,recovered,True,66.78712640699999,
golden,1483,seeds10,recovered,True,294.287658855,
golden,1484,seeds2,recovered,True,27.120988481,
golden,1484,seeds10,recovered,True,101.968259335,
golden,1485,seeds2,recovered,True,6.807506369,
golden,1485,seeds10,recovered,True,21.972283409000003,
golden,1486,seeds2,recovered,True,11.655801245000001,
golden,1486,seeds10,recovered,True,44.04715282899999,
golden,1487,seeds2,recovered,True,4.458604267,
golden,1487,seeds10,recovered,True,15.341298433999999,
golden,1488,seeds2,recovered,True,74.67798409900001,
golden,1488,seeds10,recovered,True,309.42104810699993,
golden,1489,seeds2,recovered,True,18.703262712999997,
golden,1489,seeds10,recovered,True,88.98684874199999,
golden,1490,seeds2,recovered,True,50.743553813000005,
golden,1490,seeds10,recovered,True,241.158400364,
golden,1491,seeds2,recovered,True,29.501785660000003,
golden,1491,seeds10,recovered,True,144.091988346,
golden,1492,seeds2,recovered,True,15.358122004,
golden,1492,seeds10,recovered,True,49.820157081999994,
golden,1493,seeds2,recovered,True,142.96914722199998,
golden,1493,seeds10,recovered,True,609.5276627439999,
golden,1494,seeds2,recovered,True,3.3572550119999995,
golden,1494,seeds10,recovered,True,15.269608512000001,
golden,1495,seeds2,recovered,True,22.07493452,
golden,1495,seeds10,recovered,True,72.91589299599998,
golden,1496,seeds2,recovered,True,3.0140895159999994,
golden,1496,seeds10,recovered,True,6.5673158240000005,
golden,1497,seeds2,recovered,True,8.989384904999998,
golden,1497,seeds10,recovered,True,31.603828630000002,
golden,1498,seeds2,recovered,True,1.1464698450000002,
golden,1498,seeds10,recovered,True,1.8995495779999998,
golden,1499,seeds2,recovered,True,2.0105691869999998,
golden,1499,seeds10,recovered,True,4.971869508,
golden,1500,seeds2,recovered,True,8.518815293,
golden,1500,seeds10,recovered,True,29.870725399,
golden,1501,seeds2,recovered,True,15.674019778999996,
golden,1501,seeds10,recovered,True,69.004556896,
golden,1502,seeds2,recovered,True,16.508122793,
golden,1502,seeds10,recovered,True,81.541673783,
golden,1503,seeds2,recovered,True,292.176346793,
golden,1503,seeds10,recovered,False,,
golden,1504,seeds2,recovered,True,272.49663592499996,
golden,1504,seeds10,recovered,True,1186.200034164,
golden,1505,seeds2,recovered,True,6.1466343729999995,
golden,1505,seeds10,recovered,True,19.03314618,
golden,1506,seeds2,recovered,True,2.815806084,
golden,1506,seeds10,recovered,True,6.503187628,
golden,1507,seeds2,recovered,True,2.434297471,
golden,1507,seeds10,recovered,True,5.338599739,
golden,1508,seeds2,recovered,True,5.108086892999999,
golden,1508,seeds10,recovered,True,20.479408461,
golden,1509,seeds2,recovered,True,75.97587856000001,
golden,1509,seeds10,recovered,True,310.299395444,
golden,1510,seeds2,recovered,True,8.114293508000001,
golden,1510,seeds10,recovered,True,30.651544809,
golden,1511,seeds2,recovered,True,8.272867071,
golden,1511,seeds10,recovered,True,29.812077769,
golden,1512,seeds2,recovered,True,30.605609802,
golden,1512,seeds10,recovered,True,85.547433424,
golden,1513,seeds2,recovered,True,30.759961302999997,
golden,1513,seeds10,recovered,True,126.573441174,
golden,1514,seeds2,recovered,True,37.797120485,
golden,1514,seeds10,recovered,True,159.39483085300003,
golden,1515,seeds2,recovered,True,13.803947807000002,
golden,1515,seeds10,recovered,True,60.41070952899999,
golden,1516,seeds2,recovered,True,88.313431719,
golden,1516,seeds10,recovered,True,466.74691639499997,
golden,1517,seeds2,recovered,True,28.388877164999997,
golden,1517,seeds10,recovered,True,102.018831649,
golden,1518,seeds2,recovered,True,48.625544266,
golden,1518,seeds10,recovered,True,209.101286008,
golden,1519,seeds2,recovered,True,22.259064004000003,
golden,1519,seeds10,recovered,True,104.29184856500001,
golden,1520,seeds2,recovered,True,43.314891274,
golden,1520,seeds10,recovered,True,179.206712467,
golden,1521,seeds2,recovered,True,1.977923348,
golden,1521,seeds10,recovered,True,5.261167888999999,
golden,1522,seeds2,recovered,True,35.050715839,
golden,1522,seeds10,recovered,True,174.168816355,
golden,1523,seeds2,recovered,True,38.672228929,
golden,1523,seeds10,recovered,True,138.047676793,
golden,1524,seeds2,recovered,True,12.257333156,
golden,1524,seeds10,recovered,True,51.23569220199999,
golden,1525,seeds2,recovered,True,20.997227677,
golden,1525,seeds10,recovered,True,85.78357924,
golden,1526,seeds2,recovered,True,28.140301189000002,
golden,1526,seeds10,recovered,True,137.831663432,
golden,1527,seeds2,recovered,True,23.08493952,
golden,1527,seeds10,recovered,True,107.339791991,
golden,1528,seeds2,recovered,True,19.644223615,
golden,1528,seeds10,recovered,True,86.01389798899999,
golden,1529,seeds2,recovered,True,23.009337291,
golden,1529,seeds10,recovered,True,94.061384029,
golden,1530,seeds2,recovered,True,35.269287021,
golden,1530,seeds10,recovered,True,114.82553976299997,
golden,1531,seeds2,recovered,True,10.04546295,
golden,1531,seeds10,recovered,True,47.20693342199999,
golden,1532,seeds2,recovered,True,19.442454974,
golden,1532,seeds10,recovered,True,89.74055234,
golden,1533,seeds2,recovered,True,37.291645703,
golden,1533,seeds10,recovered,True,158.89177167600002,
golden,1534,seeds2,recovered,True,34.714090979,
golden,1534,seeds10,recovered,True,147.235323066,
golden,1535,seeds2,recovered,True,28.040004143000004,
golden,1535,seeds10,recovered,True,121.32909696899998,
golden,1536,seeds2,recovered,True,30.782930501,
golden,1536,seeds10,recovered,True,150.00699435599998,
golden,1537,seeds2,recovered,True,7.901999682000001,
golden,1537,seeds10,recovered,True,20.538887034000002,
golden,1538,seeds2,recovered,True,8.724534602,
golden,1538,seeds10,recovered,True,34.08706539999999,
golden,1539,seeds2,recovered,True,20.395078041999994,
golden,1539,seeds10,recovered,True,70.194205685,
golden,1540,seeds2,recovered,True,5.346479753000001,
golden,1540,seeds10,recovered,True,15.691342747000004,
golden,1541,seeds2,recovered,True,4.217544523,
golden,1541,seeds10,recovered,True,18.382481025999997,
golden,1542,seeds2,recovered,True,5.10862504,
golden,1542,seeds10,recovered,True,24.493672901999997,
golden,1543,seeds2,recovered,True,4.401312793000001,
golden,1543,seeds10,recovered,True,19.017087996,
golden,1544,seeds2,recovered,True,11.962069757999998,
golden,1544,seeds10,recovered,True,50.604515135999996,
golden,1545,seeds2,recovered,True,62.231584586,
golden,1545,seeds10,recovered,True,273.939182967,
golden,1546,seeds2,recovered,True,104.27626564,
golden,1546,seeds10,recovered,True,541.434939052,
golden,1547,seeds2,recovered,True,256.108806503,
golden,1547,seeds10,recovered,True,955.605436049,
golden,1548,seeds2,recovered,True,27.806580668000002,
golden,1548,seeds10,recovered,True,118.83957515199998,
golden,1549,seeds2,recovered,True,2.636148219,
golden,1549,seeds10,recovered,True,8.786209428000001,
golden,1550,seeds2,recovered,True,28.141142371,
golden,1550,seeds10,recovered,True,86.823682776,
golden,1551,seeds2,recovered,True,5.738019470999999,
golden,1551,seeds10,recovered,True,16.329431946,
golden,1552,seeds2,recovered,True,7.6610550889999995,
golden,1552,seeds10,recovered,True,24.540013034,
golden,1553,seeds2,not_recovered,True,9.622149685,
golden,1553,seeds10,unknown,True,35.462635296,
golden,1554,seeds2,recovered,True,12.546456855999995,
golden,1554,seeds10,recovered,True,35.08212692899999,
golden,1555,seeds2,recovered,True,3.5818247830000005,
golden,1555,seeds10,recovered,True,14.377850327,
golden,1556,seeds2,recovered,True,7.514830429,
golden,1556,seeds10,recovered,True,26.773367367999995,
golden,1557,seeds2,recovered,True,7.150604768000001,
golden,1557,seeds10,recovered,True,29.774793576999997,
golden,1558,seeds2,recovered,True,119.71156395399998,
golden,1558,seeds10,recovered,True,659.449806994,
golden,1559,seeds2,recovered,True,93.565743484,
golden,1559,seeds10,recovered,True,415.604208347,
golden,1560,seeds2,recovered,True,35.259238819,
golden,1560,seeds10,recovered,True,130.15238168399998,
golden,1561,seeds2,recovered,True,468.30993823,
golden,1561,seeds10,recovered,False,,
golden,1562,seeds2,recovered,True,33.584913394,
golden,1562,seeds10,recovered,True,135.32665934599999,
golden,1563,seeds2,recovered,True,35.296354294000004,
golden,1563,seeds10,recovered,True,146.866621582,
golden,1564,seeds2,recovered,True,36.338818837999995,
golden,1564,seeds10,recovered,True,150.096756785,
golden,1565,seeds2,recovered,True,15.150799558,
golden,1565,seeds10,recovered,True,49.98778231199999,
golden,1566,seeds2,recovered,True,10.735104243,
golden,1566,seeds10,recovered,True,47.306431028000006,
golden,1567,seeds2,recovered,True,151.718129595,
golden,1567,seeds10,recovered,True,694.087211635,
golden,1568,seeds2,unknown,True,69.03190522599999,
golden,1568,seeds10,recovered,True,327.376186256,
golden,1569,seeds2,recovered,True,15.114542428,
golden,1569,seeds10,recovered,True,75.638594655,
golden,1570,seeds2,recovered,True,30.526465539999997,
golden,1570,seeds10,recovered,True,178.619047891,
golden,1571,seeds2,recovered,True,5.513100399999999,
golden,1571,seeds10,recovered,True,14.874354633999998,
golden,1572,seeds2,recovered,True,3.360583878,
golden,1572,seeds10,recovered,True,7.80999169,
golden,1573,seeds2,recovered,True,4.430090855,
golden,1573,seeds10,recovered,True,11.044894438999998,
golden,1574,seeds2,recovered,True,13.791646981000003,
golden,1574,seeds10,recovered,True,46.968081951,
golden,1575,seeds2,recovered,True,9.112630089,
golden,1575,seeds10,recovered,True,33.668411793999994,
golden,1576,seeds2,recovered,True,9.286655663,
golden,1576,seeds10,recovered,True,33.994090313,
golden,1577,seeds2,recovered,True,89.75324074700002,
golden,1577,seeds10,recovered,True,476.0273831349999,
golden,1578,seeds2,recovered,True,36.186123159000005,
golden,1578,seeds10,recovered,True,161.149804596,
golden,1579,seeds2,recovered,True,6.246972798999999,
golden,1579,seeds10,recovered,True,19.074461397999997,
golden,1580,seeds2,recovered,True,1.561134001,
golden,1580,seeds10,recovered,True,2.4968686809999996,
golden,1581,seeds2,recovered,True,42.600623492,
golden,1581,seeds10,recovered,True,181.021363917,
golden,1582,seeds2,recovered,True,15.295972358,
golden,1582,seeds10,recovered,True,43.677003918000004,
golden,1583,seeds2,recovered,True,3.519365856,
golden,1583,seeds10,recovered,True,12.295375888,
golden,1584,seeds2,recovered,True,60.038648511,
golden,1584,seeds10,recovered,True,196.88579238699998,
golden,1585,seeds2,recovered,True,69.017775523,
golden,1585,seeds10,recovered,True,286.452938555,
golden,1586,seeds2,recovered,True,313.473671284,
golden,1586,seeds10,recovered,True,1425.0501913419998,
golden,1587,seeds2,recovered,True,28.569884897,
golden,1587,seeds10,recovered,True,109.15337030299997,
golden,1588,seeds2,recovered,True,8.444866344,
golden,1588,seeds10,recovered,True,31.082898493,
golden,1589,seeds2,recovered,True,9.346257242,
golden,1589,seeds10,recovered,True,32.819605549,
golden,1590,seeds2,recovered,True,19.168312151000002,
golden,1590,seeds10,recovered,True,76.83940197199999,
golden,1591,seeds2,recovered,True,49.930260622,
golden,1591,seeds10,recovered,True,167.288563448,
golden,1592,seeds2,recovered,True,203.82589615199998,
golden,1592,seeds10,recovered,True,1143.2481506600002,
golden,1593,seeds2,recovered,True,14.354538705,
golden,1593,seeds10,recovered,True,48.862835976000014,
golden,1594,seeds2,recovered,True,1.8680054010000002,
golden,1594,seeds10,recovered,True,4.338375246999999,
golden,1595,seeds2,recovered,True,2.375686217,
golden,1595,seeds10,recovered,True,6.283617927,
golden,1596,seeds2,recovered,True,1.5598071900000001,
golden,1596,seeds10,recovered,True,2.985955574,
golden,1597,seeds2,recovered,True,12.740436310999998,
golden,1597,seeds10,recovered,True,39.971515956000005,
golden,1598,seeds2,recovered,True,1.7708881799999998,
golden,1598,seeds10,recovered,True,3.8281801709999996,
golden,1599,seeds2,recovered,True,99.39337404300001,
golden,1599,seeds10,recovered,True,504.269398758,
golden,1600,seeds2,recovered,True,11.650480723000001,
golden,1600,seeds10,recovered,True,44.355024861000004,
golden,1601,seeds2,recovered,True,3.4389868419999994,
golden,1601,seeds10,recovered,True,13.429854674000001,
golden,1602,seeds2,recovered,True,2.759032515,
golden,1602,seeds10,recovered,True,7.277783692,
golden,1603,seeds2,recovered,True,5.40820071,
golden,1603,seeds10,recovered,True,20.529063131999997,
golden,1604,seeds2,recovered,True,7.012092268,
golden,1604,seeds10,recovered,True,24.201612725000004,
golden,1605,seeds2,recovered,True,15.059990448,
golden,1605,seeds10,recovered,True,51.062173902000005,
golden,1606,seeds2,recovered,True,466.5310645469999,
golden,1606,seeds10,recovered,False,,
golden,1607,seeds2,recovered,True,36.204227182000004,
golden,1607,seeds10,recovered,True,160.321286593,
golden,1608,seeds2,recovered,True,5.6050354879999995,
golden,1608,seeds10,recovered,True,19.767955371,
golden,1609,seeds2,recovered,True,10.553831738000001,
golden,1609,seeds10,recovered,True,32.595181728,
golden,1610,seeds2,recovered,True,20.174845931,
golden,1610,seeds10,recovered,True,81.283368745,
golden,1611,seeds2,recovered,True,5.052860447,
golden,1611,seeds10,recovered,True,18.968189478,
golden,1612,seeds2,recovered,True,7.614253187,
golden,1612,seeds10,recovered,True,26.030692058000007,
golden,1613,seeds2,recovered,True,3.583441111,
golden,1613,seeds10,recovered,True,9.972148256999997,
golden,1614,seeds2,recovered,True,5.388609607,
golden,1614,seeds10,recovered,True,15.132186541000001,
golden,1615,seeds2,recovered,True,2.6203989319999996,
golden,1615,seeds10,recovered,True,6.1621194379999995,
golden,1616,seeds2,recovered,True,5.556809253000001,
golden,1616,seeds10,recovered,True,20.205858024999998,
golden,1617,seeds2,recovered,True,15.666782446,
golden,1617,seeds10,recovered,True,70.05571664200001,
golden,1618,seeds2,recovered,True,1.741576975,
golden,1618,seeds10,recovered,True,4.136654678,
golden,1619,seeds2,recovered,True,1.4069499439999997,
golden,1619,seeds10,recovered,True,2.7913116909999998,
golden,1620,seeds2,recovered,True,5.916981916999999,
golden,1620,seeds10,recovered,True,19.215452069999998,
golden,1621,seeds2,recovered,True,24.560102952999998,
golden,1621,seeds10,recovered,True,109.65279917700002,
golden,1622,seeds2,recovered,True,17.754110885,
golden,1622,seeds10,recovered,True,54.19790212599999,
golden,1623,seeds2,recovered,True,27.636754811999996,
golden,1623,seeds10,recovered,True,130.917670198,
golden,1624,seeds2,recovered,True,144.61480681300003,
golden,1624,seeds10,recovered,True,683.1620612760003,
golden,1625,seeds2,recovered,True,21.994612861,
golden,1625,seeds10,recovered,True,77.90009615400001,
golden,1626,seeds2,recovered,True,31.035574038,
golden,1626,seeds10,recovered,True,117.69129115700001,
golden,1627,seeds2,recovered,True,15.173325668999999,
golden,1627,seeds10,recovered,True,47.895218638,
golden,1628,seeds2,recovered,True,14.132254688000002,
golden,1628,seeds10,recovered,True,65.062452659,
golden,1629,seeds2,recovered,True,25.847563908999998,
golden,1629,seeds10,recovered,True,117.22261157599999,
golden,1630,seeds2,recovered,True,5.026360971999999,
golden,1630,seeds10,recovered,True,15.026640207000002,
golden,1631,seeds2,recovered,True,6.587171412000001,
golden,1631,seeds10,recovered,True,18.252738167,
golden,1632,seeds2,recovered,True,6.886669887,
golden,1632,seeds10,recovered,True,22.182697513,
golden,1633,seeds2,recovered,True,1.8733890760000003,
golden,1633,seeds10,recovered,True,4.200113182999999,
golden,1634,seeds2,recovered,True,59.572035,
golden,1634,seeds10,recovered,True,265.191336989,
golden,1635,seeds2,recovered,True,52.276338496,
golden,1635,seeds10,recovered,True,180.68845103700005,
golden,1636,seeds2,recovered,True,329.026792275,
golden,1636,seeds10,recovered,True,1219.3495894750001,
golden,1637,seeds2,recovered,True,65.95791514999999,
golden,1637,seeds10,recovered,True,318.82467197999995,
golden,1638,seeds2,recovered,True,236.114125826,
golden,1638,seeds10,recovered,True,533.992035057,
golden,1639,seeds2,recovered,True,57.585348614,
golden,1639,seeds10,recovered,True,260.5825615769999,
golden,1640,seeds2,recovered,True,31.456290075,
golden,1640,seeds10,recovered,True,92.103775981,
golden,1641,seeds2,recovered,True,2.564634231,
golden,1641,seeds10,recovered,True,6.692936506000001,
golden,1642,seeds2,recovered,True,35.163801918000004,
golden,1642,seeds10,recovered,True,128.95849851900002,
golden,1643,seeds2,recovered,True,71.036811475,
golden,1643,seeds10,recovered,True,312.44034811200004,
golden,1644,seeds2,recovered,True,19.359093791,
golden,1644,seeds10,recovered,True,77.528902307,
golden,1645,seeds2,recovered,True,43.46541169099999,
golden,1645,seeds10,recovered,True,199.843392814,
golden,1646,seeds2,recovered,True,25.196694158999996,
golden,1646,seeds10,recovered,True,108.64139749499999,
golden,1647,seeds2,recovered,True,179.45847764400003,
golden,1647,seeds10,recovered,True,856.6340963499999,
golden,1648,seeds2,recovered,True,14.951435524,
golden,1648,seeds10,recovered,True,51.986080912000006,
golden,1649,seeds2,recovered,True,28.462129079999997,
golden,1649,seeds10,recovered,True,125.889295986,
golden,1650,seeds2,recovered,True,3.232755095000001,
golden,1650,seeds10,recovered,True,8.801286902,
golden,1651,seeds2,recovered,True,139.985934282,
golden,1651,seeds10,recovered,True,699.6058385509999,
golden,1652,seeds2,recovered,True,6.592242612,
golden,1652,seeds10,recovered,True,25.293359132,
golden,1653,seeds2,recovered,True,18.209718070999998,
golden,1653,seeds10,recovered,True,58.33985803800001,
golden,1654,seeds2,recovered,True,105.009178082,
golden,1654,seeds10,recovered,True,515.127079722,
golden,1655,seeds2,recovered,True,143.99679099000002,
golden,1655,seeds10,recovered,True,667.7516839599999,
golden,1656,seeds2,recovered,True,72.988950962,
golden,1656,seeds10,recovered,True,283.8574866260001,
golden,1657,seeds2,recovered,True,141.005528413,
golden,1657,seeds10,recovered,True,635.0384094200001,
golden,1658,seeds2,recovered,True,94.29973787300001,
golden,1658,seeds10,recovered,True,473.84573704299993,
golden,1659,seeds2,recovered,True,79.72560304199999,
golden,1659,seeds10,recovered,True,351.15932506699994,
golden,1660,seeds2,recovered,True,233.96008543699998,
golden,1660,seeds10,recovered,True,1048.453933434,
golden,1661,seeds2,recovered,True,129.96982370599997,
golden,1661,seeds10,recovered,True,584.3935288669999,
golden,1662,seeds2,recovered,True,41.853114323,
golden,1662,seeds10,recovered,True,177.539789884,
golden,1663,seeds2,recovered,True,1.8849034160000002,
golden,1663,seeds10,recovered,True,4.357629258,
golden,1664,seeds2,recovered,True,23.421086322999997,
golden,1664,seeds10,recovered,True,115.349544607,
golden,1665,seeds2,recovered,True,37.675762037,
golden,1665,seeds10,recovered,True,118.385470096,
golden,1666,seeds2,recovered,True,9.329897671,
golden,1666,seeds10,recovered,True,33.337885424999996,
golden,1667,seeds2,recovered,True,225.685383569,
golden,1667,seeds10,recovered,False,,
golden,1668,seeds2,recovered,True,104.95969895799996,
golden,1668,seeds10,recovered,True,486.0169388590001,
golden,1669,seeds2,recovered,True,2.263379231,
golden,1669,seeds10,recovered,True,5.756980861000001,
golden,1670,seeds2,recovered,True,21.601349264,
golden,1670,seeds10,recovered,True,77.46377164200001,
golden,1671,seeds2,recovered,True,192.71667405300002,
golden,1671,seeds10,recovered,True,739.1984239819999,
golden,1672,seeds2,recovered,True,1.4973057220000001,
golden,1672,seeds10,recovered,True,3.3192760819999996,
golden,1673,seeds2,recovered,True,2.2774740949999996,
golden,1673,seeds10,recovered,True,5.008716399,
golden,1674,seeds2,recovered,True,42.435645307,
golden,1674,seeds10,recovered,True,135.35442443999997,
golden,1675,seeds2,recovered,True,13.247631631,
golden,1675,seeds10,recovered,True,59.416934655000006,
golden,1676,seeds2,recovered,True,1.2160803059999998,
golden,1676,seeds10,recovered,True,1.9607401109999998,
golden,1677,seeds2,recovered,True,76.432085151,
golden,1677,seeds10,recovered,True,321.435959958,
golden,1678,seeds2,recovered,True,35.999197774,
golden,1678,seeds10,recovered,True,153.716555413,
golden,1679,seeds2,recovered,True,22.872016205999998,
golden,1679,seeds10,recovered,True,101.147187834,
golden,1680,seeds2,recovered,True,23.512501585,
golden,1680,seeds10,recovered,True,72.52714213500002,
golden,1681,seeds2,recovered,True,30.696795986999994,
golden,1681,seeds10,recovered,True,129.300585759,
golden,1682,seeds2,recovered,True,141.74445986800004,
golden,1682,seeds10,recovered,True,659.2909892289999,
golden,1683,seeds2,recovered,True,113.671201772,
golden,1683,seeds10,recovered,True,480.13623244400003,
golden,1684,seeds2,recovered,True,7.730069669,
golden,1684,seeds10,recovered,True,22.522391589999998,
golden,1685,seeds2,recovered,True,18.105696256,
golden,1685,seeds10,recovered,True,86.34186012900001,
golden,1686,seeds2,recovered,True,14.798483710000001,
golden,1686,seeds10,recovered,True,66.658830365,
golden,1687,seeds2,recovered,True,313.77108896600004,
golden,1687,seeds10,recovered,True,1522.833053021,
golden,1688,seeds2,recovered,True,256.120845176,
golden,1688,seeds10,recovered,True,1509.7455113330002,
golden,1689,seeds2,recovered,True,125.34189567300001,
golden,1689,seeds10,recovered,True,705.5178362270001,
golden,1690,seeds2,recovered,True,330.360027154,
golden,1690,seeds10,recovered,True,1658.8527164900001,
golden,1691,seeds2,recovered,True,265.87191476799995,
golden,1691,seeds10,recovered,False,,
golden,1692,seeds2,recovered,True,31.12339633300001,
golden,1692,seeds10,recovered,True,125.898633495,
golden,1693,seeds2,recovered,True,135.272047055,
golden,1693,seeds10,recovered,True,731.096067424,
golden,1694,seeds2,recovered,True,333.924056757,
golden,1694,seeds10,recovered,False,,
golden,1695,seeds2,recovered,True,163.55145989399998,
golden,1695,seeds10,recovered,True,673.7384192460001,
golden,1696,seeds2,recovered,True,140.60655577400001,
golden,1696,seeds10,recovered,True,625.201208233,
golden,1697,seeds2,recovered,True,13.777559808,
golden,1697,seeds10,recovered,True,57.43780055599999,
golden,1698,seeds2,recovered,True,146.498433063,
golden,1698,seeds10,recovered,True,602.488658273,
golden,1699,seeds2,recovered,True,2.020602087,
golden,1699,seeds10,recovered,True,5.350968687999999,
golden,1700,seeds2,recovered,True,1.517520776,
golden,1700,seeds10,recovered,True,3.8523668900000003,
golden,1701,seeds2,recovered,True,9.68144611,
golden,1701,seeds10,recovered,True,24.302011745999998,
golden,1702,seeds2,recovered,True,476.983959011,
golden,1702,seeds10,recovered,True,2029.076490559,
golden,1703,seeds2,recovered,True,34.030642829,
golden,1703,seeds10,recovered,True,194.02862288900002,
golden,1704,seeds2,recovered,True,71.628514451,
golden,1704,seeds10,recovered,True,288.50113109200004,
golden,1705,seeds2,recovered,True,74.00714586,
golden,1705,seeds10,recovered,True,282.874271355,
golden,1706,seeds2,recovered,True,16.73106577,
golden,1706,seeds10,recovered,True,72.680059707,
golden,1707,seeds2,recovered,True,194.21029374600002,
golden,1707,seeds10,recovered,True,689.152779971,
golden,1708,seeds2,recovered,True,1.746253473,
golden,1708,seeds10,recovered,True,2.9638838809999997,
golden,1709,seeds2,recovered,True,3.2290639290000005,
golden,1709,seeds10,recovered,True,14.968863723,
golden,1710,seeds2,recovered,True,1.108879951,
golden,1710,seeds10,recovered,True,1.5521325679999998,
golden,1711,seeds2,recovered,True,11.190791657,
golden,1711,seeds10,recovered,True,30.801602619,
golden,1712,seeds2,recovered,True,14.332666346000002,
golden,1712,seeds10,recovered,True,59.32044632499999,
golden,1713,seeds2,recovered,True,26.631472169,
golden,1713,seeds10,recovered,True,102.78176017200002,
golden,1714,seeds2,recovered,True,3.149534516,
golden,1714,seeds10,recovered,True,10.152356451000001,
golden,1715,seeds2,recovered,True,61.36473019900001,
golden,1715,seeds10,recovered,True,243.12429237100002,
golden,1716,seeds2,recovered,True,42.644291497,
golden,1716,seeds10,recovered,True,191.836407623,
golden,1717,seeds2,recovered,True,16.343822886999998,
golden,1717,seeds10,recovered,True,66.613940745,
golden,1718,seeds2,recovered,True,27.519820753999994,
golden,1718,seeds10,recovered,True,144.948790138,
golden,1719,seeds2,recovered,True,6.682602591999999,
golden,1719,seeds10,recovered,True,25.695555651000006,
golden,1720,seeds2,recovered,True,19.971051819000003,
golden,1720,seeds10,recovered,True,93.59696164799999,
golden,1721,seeds2,recovered,True,65.377930461,
golden,1721,seeds10,recovered,True,381.962632967,
golden,1722,seeds2,recovered,True,178.49996793100001,
golden,1722,seeds10,recovered,True,702.7226239470001,
golden,1723,seeds2,recovered,True,171.61644228400002,
golden,1723,seeds10,recovered,True,818.5723732199999,
golden,1724,seeds2,recovered,True,222.28976898599998,
golden,1724,seeds10,recovered,True,935.6487288449999,
golden,1725,seeds2,recovered,True,1.8731244569999999,
golden,1725,seeds10,recovered,True,2.774421628,
golden,1726,seeds2,recovered,True,1.247296253,
golden,1726,seeds10,recovered,True,2.8344182399999993,
golden,1727,seeds2,recovered,True,1.6965336819999997,
golden,1727,seeds10,recovered,True,3.506475449,
golden,1728,seeds2,recovered,True,4.898639295999999,
golden,1728,seeds10,recovered,True,13.886911399999999,
golden,1729,seeds2,recovered,True,6.763511758,
golden,1729,seeds10,recovered,True,26.017331093,
golden,1730,seeds2,recovered,True,11.384267183999999,
golden,1730,seeds10,recovered,True,54.152498446,
golden,1731,seeds2,recovered,True,7.49284561,
golden,1731,seeds10,recovered,True,26.05054433,
golden,1732,seeds2,recovered,True,29.952233112000002,
golden,1732,seeds10,recovered,True,121.624288509,
golden,1733,seeds2,recovered,True,1.4994355780000004,
golden,1733,seeds10,recovered,True,2.4443411540000004,
golden,1734,seeds2,recovered,True,5.658940939000001,
golden,1734,seeds10,recovered,True,19.214148390000002,
golden,1735,seeds2,recovered,True,10.011806999000001,
golden,1735,seeds10,recovered,True,39.598244438,
golden,1736,seeds2,recovered,True,9.900888564999999,
golden,1736,seeds10,recovered,True,30.243677673999997,
golden,1737,seeds2,recovered,True,5.431860823999999,
golden,1737,seeds10,recovered,True,15.161168054000001,
golden,1738,seeds2,recovered,True,9.688827854000001,
golden,1738,seeds10,recovered,True,30.480497560000003,
golden,1739,seeds2,recovered,True,2.8056784550000002,
golden,1739,seeds10,recovered,True,7.3116788239999995,
golden,1740,seeds2,recovered,True,3.20700813,
golden,1740,seeds10,recovered,True,8.286512356,
golden,1741,seeds2,recovered,True,6.9275378629999995,
golden,1741,seeds10,recovered,True,24.270753462,
golden,1742,seeds2,recovered,True,10.83109434,
golden,1742,seeds10,recovered,True,36.417098941999996,
golden,1743,seeds2,recovered,True,14.012865682999998,
golden,1743,seeds10,recovered,True,54.03349610699999,
golden,1744,seeds2,recovered,True,25.524877397000004,
golden,1744,seeds10,recovered,True,109.72215775699999,
golden,1745,seeds2,recovered,True,3.284043542,
golden,1745,seeds10,recovered,True,9.817997836,
golden,1746,seeds2,recovered,True,135.48066737,
golden,1746,seeds10,recovered,True,570.8134627899999,
golden,1747,seeds2,recovered,True,19.668399562999998,
golden,1747,seeds10,recovered,True,72.295233518,
golden,1748,seeds2,recovered,True,15.662430615999998,
golden,1748,seeds10,recovered,True,62.25421098799999,
golden,1749,seeds2,recovered,True,68.515179017,
golden,1749,seeds10,recovered,True,294.27694505600005,
golden,1750,seeds2,recovered,True,60.304469068,
golden,1750,seeds10,recovered,True,256.09477923799994,
golden,1751,seeds2,recovered,True,5.838798289,
golden,1751,seeds10,recovered,True,15.104258146,
golden,1752,seeds2,recovered,True,12.385474109999999,
golden,1752,seeds10,recovered,True,46.681821649,
golden,1753,seeds2,recovered,True,13.155773223,
golden,1753,seeds10,recovered,True,51.10780135900001,
golden,1754,seeds2,recovered,True,2.0480468519999997,
golden,1754,seeds10,recovered,True,4.865000927999999,
golden,1755,seeds2,recovered,True,115.09644603500001,
golden,1755,seeds10,recovered,True,432.308249383,
golden,1756,seeds2,recovered,True,299.416629641,
golden,1756,seeds10,recovered,True,1590.4758434980001,
golden,1757,seeds2,recovered,True,35.860470879000005,
golden,1757,seeds10,recovered,True,127.014007416,
golden,1758,seeds2,recovered,True,65.74662829799999,
golden,1758,seeds10,recovered,True,279.46805316599995,
golden,1759,seeds2,recovered,True,7.498661547999999,
golden,1759,seeds10,recovered,True,26.619282699000003,
golden,1760,seeds2,recovered,True,27.515982076,
golden,1760,seeds10,recovered,True,129.765644822,
golden,1761,seeds2,recovered,True,12.608426345,
golden,1761,seeds10,recovered,True,57.48637347499999,
golden,1762,seeds2,recovered,True,66.372488033,
golden,1762,seeds10,recovered,True,271.280887665,
golden,1763,seeds2,recovered,True,186.880032195,
golden,1763,seeds10,recovered,True,789.3846452470001,
golden,1764,seeds2,recovered,True,97.660962201,
golden,1764,seeds10,recovered,True,438.998883217,
golden,1765,seeds2,recovered,True,6.439443619,
golden,1765,seeds10,recovered,True,22.147359349000002,
golden,1766,seeds2,recovered,True,12.301225986000002,
golden,1766,seeds10,recovered,True,37.991426709,
golden,1767,seeds2,recovered,True,8.790565258,
golden,1767,seeds10,recovered,True,27.518747027000003,
golden,1768,seeds2,recovered,True,47.43307443400001,
golden,1768,seeds10,recovered,True,200.43344211499996,
golden,1769,seeds2,recovered,True,1.7488791439999996,
golden,1769,seeds10,recovered,True,3.2947189550000004,
golden,1770,seeds2,recovered,True,2.8318199879999995,
golden,1770,seeds10,recovered,True,6.740178580000001,
golden,1771,seeds2,recovered,True,23.494625555,
golden,1771,seeds10,recovered,True,84.218027395,
golden,1772,seeds2,recovered,True,98.716241996,
golden,1772,seeds10,recovered,True,483.8078335739999,
golden,1773,seeds2,recovered,True,44.93584263699999,
golden,1773,seeds10,recovered,True,228.58586629599995,
golden,1774,seeds2,recovered,True,35.412400219999995,
golden,1774,seeds10,recovered,True,162.61192124000004,
golden,1775,seeds2,recovered,True,31.11790927,
golden,1775,seeds10,recovered,True,181.798835243,
golden,1776,seeds2,recovered,True,83.79648054499998,
golden,1776,seeds10,recovered,True,372.298011191,
golden,1777,seeds2,recovered,True,92.849972343,
golden,1777,seeds10,recovered,True,428.7001726479999,
golden,1778,seeds2,recovered,True,20.94544751,
golden,1778,seeds10,recovered,True,83.481046695,
golden,1779,seeds2,recovered,True,32.794151999,
golden,1779,seeds10,recovered,True,107.819492438,
golden,1780,seeds2,recovered,True,38.14299080799999,
golden,1780,seeds10,recovered,True,142.04445605900003,
golden,1781,seeds2,recovered,True,5.8456621779999995,
golden,1781,seeds10,recovered,True,19.746963857999997,
golden,1782,seeds2,recovered,True,22.403993913,
golden,1782,seeds10,recovered,True,90.30528125599999,
golden,1783,seeds2,recovered,True,36.852204651,
golden,1783,seeds10,recovered,True,162.27126988900005,
golden,1784,seeds2,recovered,True,19.547339141,
golden,1784,seeds10,recovered,True,63.41205378600001,
golden,1785,seeds2,recovered,True,16.326982350999998,
golden,1785,seeds10,recovered,True,73.70946244599999,
golden,1786,seeds2,recovered,True,76.352264706,
golden,1786,seeds10,unknown,True,355.6723058189999,
golden,1787,seeds2,recovered,True,9.278818789999999,
golden,1787,seeds10,recovered,True,26.045979552999995,
golden,1788,seeds2,recovered,True,3.1249249459999997,
golden,1788,seeds10,recovered,True,11.087426896,
golden,1789,seeds2,recovered,True,12.768730835,
golden,1789,seeds10,recovered,True,40.017456728,
golden,1790,seeds2,recovered,True,9.976170794000002,
golden,1790,seeds10,recovered,True,34.253847027,
golden,1791,seeds2,recovered,True,25.200067356,
golden,1791,seeds10,recovered,True,107.47771856700001,
golden,1792,seeds2,recovered,True,8.467525796,
golden,1792,seeds10,recovered,True,30.500059604,
golden,1793,seeds2,recovered,True,850.4759801590002,
golden,1793,seeds10,recovered,False,,
golden,1794,seeds2,recovered,True,6.61742404,
golden,1794,seeds10,recovered,True,18.779161476,
golden,1795,seeds2,recovered,True,64.42838043500001,
golden,1795,seeds10,recovered,True,315.055544887,
golden,1796,seeds2,recovered,True,33.230986661,
golden,1796,seeds10,recovered,True,153.86811576300002,
golden,1797,seeds2,recovered,True,61.821814305000004,
golden,1797,seeds10,recovered,True,307.69133483400003,
golden,1798,seeds2,recovered,True,164.753592475,
golden,1798,seeds10,recovered,True,805.9207519160001,
golden,1799,seeds2,recovered,True,1334.1665441600003,
golden,1799,seeds10,unknown,False,,
golden,1800,seeds2,recovered,True,187.757688117,
golden,1800,seeds10,recovered,True,743.9199655120001,
golden,1801,seeds2,recovered,True,229.27644542,
golden,1801,seeds10,recovered,True,985.651783785,
golden,1802,seeds2,recovered,True,16.051799182,
golden,1802,seeds10,recovered,True,74.492397945,
golden,1803,seeds2,recovered,True,4.762222984999999,
golden,1803,seeds10,recovered,True,14.347508307,
golden,1804,seeds2,recovered,True,2.748416585,
golden,1804,seeds10,recovered,True,7.669805764999999,
golden,1805,seeds2,recovered,True,3.4859505540000004,
golden,1805,seeds10,recovered,True,9.049898216999999,
golden,1806,seeds2,recovered,True,48.248278382,
golden,1806,seeds10,recovered,True,207.58933990399998,
golden,1807,seeds2,recovered,True,15.773986585,
golden,1807,seeds10,recovered,True,66.61955801399999,
golden,1808,seeds2,recovered,True,32.33914500899999,
golden,1808,seeds10,recovered,True,133.31411709600002,
golden,1809,seeds2,recovered,True,40.167669583000006,
golden,1809,seeds10,recovered,True,161.26426544999998,
golden,1810,seeds2,recovered,True,11.932528770000001,
golden,1810,seeds10,recovered,True,54.928674935999986,
golden,1811,seeds2,recovered,True,18.435683957,
golden,1811,seeds10,recovered,True,72.654953028,
golden,1812,seeds2,recovered,True,20.816958078,
golden,1812,seeds10,recovered,True,77.355239332,
golden,1813,seeds2,recovered,True,2.293680613,
golden,1813,seeds10,recovered,True,4.265408321999999,
golden,1814,seeds2,recovered,True,9.109107606,
golden,1814,seeds10,recovered,True,33.186741843,
golden,1815,seeds2,recovered,True,9.235530114,
golden,1815,seeds10,recovered,True,38.187509422000005,
golden,1816,seeds2,recovered,True,25.163469747999997,
golden,1816,seeds10,recovered,True,99.17178093,
golden,1817,seeds2,recovered,True,6.672309053999999,
golden,1817,seeds10,recovered,True,29.612364238999998,
golden,1818,seeds2,recovered,True,5.894101926,
golden,1818,seeds10,recovered,True,18.098148826,
golden,1819,seeds2,recovered,True,1.55027773,
golden,1819,seeds10,recovered,True,3.985388701999999,
golden,1820,seeds2,recovered,True,1.779875492,
golden,1820,seeds10,recovered,True,4.017816825,
golden,1821,seeds2,recovered,True,44.963928454,
golden,1821,seeds10,recovered,True,169.03301724799996,
golden,1822,seeds2,recovered,True,11.309999763,
golden,1822,seeds10,recovered,True,37.170972027999994,
golden,1823,seeds2,recovered,True,982.7057783060001,
golden,1823,seeds10,unknown,False,,
golden,1824,seeds2,recovered,True,2.0653372130000003,
golden,1824,seeds10,recovered,True,3.9130414960000004,
golden,1825,seeds2,recovered,True,2.062330533,
golden,1825,seeds10,recovered,True,4.265893312999999,
golden,1826,seeds2,recovered,True,1.7690162329999999,
golden,1826,seeds10,recovered,True,3.325936168,
golden,1827,seeds2,recovered,True,1.5142033710000002,
golden,1827,seeds10,recovered,True,2.8377529939999997,
golden,1828,seeds2,recovered,True,2.038768088,
golden,1828,seeds10,recovered,True,4.770227799000001,
golden,1829,seeds2,recovered,True,1.351354366,
golden,1829,seeds10,recovered,True,2.17836868,
golden,1830,seeds2,recovered,True,12.387248871,
golden,1830,seeds10,recovered,True,41.195498407,
golden,1831,seeds2,recovered,True,2.7143858830000003,
golden,1831,seeds10,recovered,True,8.392483060999998,
golden,1832,seeds2,recovered,True,5.035369243,
golden,1832,seeds10,recovered,True,18.297100814,
golden,1833,seeds2,recovered,True,6.637025328,
golden,1833,seeds10,recovered,True,21.293112945,
golden,1834,seeds2,recovered,True,2.5362669460000005,
golden,1834,seeds10,recovered,True,7.2865945499999984,
golden,1835,seeds2,recovered,True,3.803290765,
golden,1835,seeds10,recovered,True,12.125623527000002,
golden,1836,seeds2,recovered,True,107.122165567,
golden,1836,seeds10,recovered,True,428.80522300300004,
golden,1837,seeds2,recovered,True,143.98589479599997,
golden,1837,seeds10,recovered,True,561.380246185,
golden,1838,seeds2,recovered,True,19.964239723,
golden,1838,seeds10,recovered,True,70.74157232200001,
golden,1839,seeds2,recovered,True,2.1479081859999996,
golden,1839,seeds10,recovered,True,5.020367975999999,
golden,1840,seeds2,recovered,True,2.163168295,
golden,1840,seeds10,recovered,True,7.146848376000001,
golden,1841,seeds2,recovered,True,35.117408409,
golden,1841,seeds10,recovered,True,175.557929439,
golden,1842,seeds2,recovered,True,6.136676533999999,
golden,1842,seeds10,recovered,True,27.528629362999997,
golden,1843,seeds2,recovered,True,47.121324262,
golden,1843,seeds10,recovered,True,177.20047900199998,
golden,1844,seeds2,recovered,True,6.533518626,
golden,1844,seeds10,recovered,True,17.222287289,
golden,1845,seeds2,recovered,True,3.9083341009999994,
golden,1845,seeds10,recovered,True,12.052787291999998,
golden,1846,seeds2,recovered,True,1.717355193,
golden,1846,seeds10,recovered,True,3.693835885000001,
golden,1847,seeds2,recovered,True,1.7017528150000003,
golden,1847,seeds10,recovered,True,3.137004057,
golden,1848,seeds2,recovered,True,45.21000059799999,
golden,1848,seeds10,recovered,True,183.81555134499996,
golden,1849,seeds2,recovered,True,23.602143255,
golden,1849,seeds10,recovered,True,80.691927899,
golden,1850,seeds2,recovered,True,1.6187897779999998,
golden,1850,seeds10,recovered,True,3.436174855,
holdout,0,seeds2,no_ground_truth,True,1.5429874959999996,0
holdout,0,seeds10,no_ground_truth,True,2.611773091,0
holdout,1,seeds2,no_ground_truth,True,9.993411593,6
holdout,1,seeds10,no_ground_truth,True,22.213791263,6
holdout,2,seeds2,no_ground_truth,True,1.9998090159999993,4
holdout,2,seeds10,no_ground_truth,True,4.056172262,4
holdout,3,seeds2,no_ground_truth,True,9.889666167,2
holdout,3,seeds10,no_ground_truth,True,34.196388216,2
holdout,4,seeds2,no_ground_truth,True,9.944138211999999,4
holdout,4,seeds10,no_ground_truth,True,34.622704505,4
holdout,5,seeds2,no_ground_truth,True,3.453954304,1
holdout,5,seeds10,no_ground_truth,True,10.183473231,1
holdout,6,seeds2,no_ground_truth,True,11.676760049,4
holdout,6,seeds10,no_ground_truth,True,26.621246303,4
holdout,7,seeds2,no_ground_truth,True,12.728884820000001,4
holdout,7,seeds10,no_ground_truth,True,43.589128265,4
holdout,8,seeds2,no_ground_truth,True,6.774012072,2
holdout,8,seeds10,no_ground_truth,True,18.797770342,2
holdout,9,seeds2,no_ground_truth,True,26.879750248000008,4
holdout,9,seeds10,no_ground_truth,True,79.944012913,4
holdout,10,seeds2,no_ground_truth,True,14.559430059999999,1
holdout,10,seeds10,no_ground_truth,True,35.79844172,1
holdout,11,seeds2,no_ground_truth,True,16.520357981,4
holdout,11,seeds10,no_ground_truth,True,41.283288823999996,4
holdout,12,seeds2,no_ground_truth,True,6.9796908449999995,4
holdout,12,seeds10,no_ground_truth,True,19.198693651,4
holdout,13,seeds2,no_ground_truth,True,6.981458564,4
holdout,13,seeds10,no_ground_truth,True,19.364617911,4
holdout,14,seeds2,no_ground_truth,True,6.403184954,1
holdout,14,seeds10,no_ground_truth,True,15.599412067,1
holdout,15,seeds2,no_ground_truth,True,6.4658956199999995,1
holdout,15,seeds10,no_ground_truth,True,15.923834618999999,1
holdout,16,seeds2,no_ground_truth,True,5.909737536,3
holdout,16,seeds10,no_ground_truth,True,17.146894718,3
holdout,17,seeds2,no_ground_truth,True,5.843215497,3
holdout,17,seeds10,no_ground_truth,True,17.03960593,3
holdout,18,seeds2,no_ground_truth,True,6.560979764000001,2
holdout,18,seeds10,no_ground_truth,True,17.282756959,2
holdout,19,seeds2,no_ground_truth,True,6.563550288,2
holdout,19,seeds10,no_ground_truth,True,12.905091559999999,2
holdout,20,seeds2,no_ground_truth,True,2.778040567,2
holdout,20,seeds10,no_ground_truth,True,6.373402421,2
holdout,21,seeds2,no_ground_truth,True,3.610279940999999,4
holdout,21,seeds10,no_ground_truth,True,9.088574348,4
holdout,22,seeds2,no_ground_truth,True,2.955347796,2
holdout,22,seeds10,no_ground_truth,True,6.645513219,2
holdout,23,seeds2,no_ground_truth,True,2.8958324619999996,2
holdout,23,seeds10,no_ground_truth,True,6.371820099,2
holdout,24,seeds2,no_ground_truth,True,2.923226495,2
holdout,24,seeds10,no_ground_truth,True,6.701665859,2
holdout,25,seeds2,no_ground_truth,True,185.577887412,5
holdout,25,seeds10,no_ground_truth,True,781.726161603,5
holdout,26,seeds2,no_ground_truth,True,105.40270043800001,6
holdout,26,seeds10,no_ground_truth,True,428.00571749799997,6
holdout,27,seeds2,no_ground_truth,True,93.982662114,4
holdout,27,seeds10,no_ground_truth,True,321.40809771600004,4
holdout,28,seeds2,no_ground_truth,True,123.38702475000001,4
holdout,28,seeds10,no_ground_truth,True,534.7029235429999,4
holdout,29,seeds2,no_ground_truth,True,20.595815224000003,5
holdout,29,seeds10,no_ground_truth,True,62.336492158000006,5
holdout,30,seeds2,no_ground_truth,True,21.530077899,5
holdout,30,seeds10,no_ground_truth,True,62.55025044999999,5
holdout,31,seeds2,no_ground_truth,True,58.04063386099999,7
holdout,31,seeds10,no_ground_truth,True,148.470086363,7
holdout,32,seeds2,no_ground_truth,True,27.850956675999996,2
holdout,32,seeds10,no_ground_truth,True,97.689169556,2
holdout,33,seeds2,no_ground_truth,True,27.629057089,2
holdout,33,seeds10,no_ground_truth,True,96.006281357,2
holdout,34,seeds2,no_ground_truth,True,27.670940473,2
holdout,34,seeds10,no_ground_truth,True,96.47075867100001,2
holdout,35,seeds2,no_ground_truth,True,18.138529303999995,1
holdout,35,seeds10,no_ground_truth,True,63.823035524000005,1
holdout,36,seeds2,no_ground_truth,True,18.315700279999998,1
holdout,36,seeds10,no_ground_truth,True,63.451076740000005,1
holdout,37,seeds2,no_ground_truth,True,19.789410761,2
holdout,37,seeds10,no_ground_truth,True,67.59000316199999,2
holdout,38,seeds2,no_ground_truth,True,21.899359940000004,3
holdout,38,seeds10,no_ground_truth,True,84.326261999,3
holdout,39,seeds2,no_ground_truth,True,23.137524126,3
holdout,39,seeds10,no_ground_truth,True,81.80699107299999,3
holdout,40,seeds2,no_ground_truth,True,24.292560587999997,4
holdout,40,seeds10,no_ground_truth,True,83.856473914,4
holdout,41,seeds2,no_ground_truth,True,20.758259273,3
holdout,41,seeds10,no_ground_truth,True,73.03657178499999,3
holdout,42,seeds2,no_ground_truth,True,19.578573170000002,3
holdout,42,seeds10,no_ground_truth,True,70.91988124800001,3
holdout,43,seeds2,no_ground_truth,True,20.642459046,3
holdout,43,seeds10,no_ground_truth,True,72.839731865,3
holdout,44,seeds2,no_ground_truth,True,31.037121196999998,2
holdout,44,seeds10,no_ground_truth,True,112.932661821,2
holdout,45,seeds2,no_ground_truth,True,31.662901859,2
holdout,45,seeds10,no_ground_truth,True,113.813364333,2
holdout,46,seeds2,no_ground_truth,True,28.050696947,1
holdout,46,seeds10,no_ground_truth,True,94.510997774,1
holdout,47,seeds2,no_ground_truth,True,28.435122468,2
holdout,47,seeds10,no_ground_truth,True,98.40434575,2
holdout,48,seeds2,no_ground_truth,True,31.671831862999998,3
holdout,48,seeds10,no_ground_truth,True,108.516269902,3
holdout,49,seeds2,no_ground_truth,True,32.402237117,3
holdout,49,seeds10,no_ground_truth,True,110.118005568,3
holdout,50,seeds2,no_ground_truth,True,28.285179889,2
holdout,50,seeds10,no_ground_truth,True,95.538589959,2
holdout,51,seeds2,no_ground_truth,True,28.723562254999997,2
holdout,51,seeds10,no_ground_truth,True,95.523598379,2
holdout,52,seeds2,no_ground_truth,True,18.334662949,1
holdout,52,seeds10,no_ground_truth,True,63.837563071,1
holdout,53,seeds2,no_ground_truth,True,19.272444746,1
holdout,53,seeds10,no_ground_truth,True,63.21697781499999,1
holdout,54,seeds2,no_ground_truth,True,20.629968984,2
holdout,54,seeds10,no_ground_truth,True,67.381494854,2
holdout,55,seeds2,no_ground_truth,True,31.762500659000004,2
holdout,55,seeds10,no_ground_truth,True,112.396987676,2
holdout,56,seeds2,no_ground_truth,True,30.825013899999995,2
holdout,56,seeds10,no_ground_truth,True,112.71698200600001,2
holdout,57,seeds2,no_ground_truth,True,26.410969909,1
holdout,57,seeds10,no_ground_truth,True,93.318869651,1
holdout,58,seeds2,no_ground_truth,True,28.815805968999996,2
holdout,58,seeds10,no_ground_truth,True,96.922034752,2
holdout,59,seeds2,no_ground_truth,True,1.243310948,2
holdout,59,seeds10,no_ground_truth,True,2.06681965,2
holdout,60,seeds2,no_ground_truth,True,1.1869191159999999,3
holdout,60,seeds10,no_ground_truth,True,2.0081597810000003,3
holdout,61,seeds2,no_ground_truth,True,1.4410638610000002,0
holdout,61,seeds10,no_ground_truth,True,2.7519227269999993,0
holdout,62,seeds2,no_ground_truth,True,1.3644681149999998,1
holdout,62,seeds10,no_ground_truth,True,2.160272835,1
holdout,63,seeds2,no_ground_truth,True,1.2218608100000001,0
holdout,63,seeds10,no_ground_truth,True,1.844771493,0
holdout,64,seeds2,no_ground_truth,True,1.4752331980000002,5
holdout,64,seeds10,no_ground_truth,True,2.8683858239999998,5
holdout,65,seeds2,no_ground_truth,True,1.4531602490000002,5
holdout,65,seeds10,no_ground_truth,True,2.9837468949999995,5
holdout,66,seeds2,no_ground_truth,True,1.2344939409999998,3
holdout,66,seeds10,no_ground_truth,True,1.960959521,3
holdout,67,seeds2,no_ground_truth,True,1.1478655139999998,2
holdout,67,seeds10,no_ground_truth,True,1.9936982849999998,2
holdout,68,seeds2,no_ground_truth,True,72.62396984099999,6
holdout,68,seeds10,no_ground_truth,True,219.61343864799997,6
holdout,69,seeds2,no_ground_truth,True,74.375705458,5
holdout,69,seeds10,no_ground_truth,True,218.996196191,5
holdout,70,seeds2,no_ground_truth,True,22.171220491,3
holdout,70,seeds10,no_ground_truth,True,59.890905085000014,3
holdout,71,seeds2,no_ground_truth,True,17.959084694,4
holdout,71,seeds10,no_ground_truth,True,93.510336647,4
holdout,72,seeds2,no_ground_truth,True,5.080876832,4
holdout,72,seeds10,no_ground_truth,True,17.892398206000003,4
holdout,73,seeds2,no_ground_truth,True,1.874119745,2
holdout,73,seeds10,no_ground_truth,True,4.082775344,2
holdout,74,seeds2,no_ground_truth,True,3.643216192,2
holdout,74,seeds10,no_ground_truth,True,9.08477806,2
holdout,75,seeds2,no_ground_truth,True,4.1859414489999995,2
holdout,75,seeds10,no_ground_truth,True,7.033576854,2
holdout,76,seeds2,no_ground_truth,True,193.85477881000003,3
holdout,76,seeds10,no_ground_truth,True,831.969097724,3
holdout,77,seeds2,no_ground_truth,True,104.284315594,8
holdout,77,seeds10,no_ground_truth,True,412.32761931999994,8
holdout,78,seeds2,no_ground_truth,True,1.519704591,3
holdout,78,seeds10,no_ground_truth,True,2.8567455,3
holdout,79,seeds2,no_ground_truth,True,1.3729233179999998,0
holdout,79,seeds10,no_ground_truth,True,2.541831341,0
holdout,80,seeds2,no_ground_truth,True,1.490522252,3
holdout,80,seeds10,no_ground_truth,True,2.7729711870000004,3
holdout,81,seeds2,no_ground_truth,True,1.5749961629999998,2
holdout,81,seeds10,no_ground_truth,True,2.8217150589999997,2
holdout,82,seeds2,no_ground_truth,True,4.361098287000001,3
holdout,82,seeds10,no_ground_truth,True,14.48962984,3
holdout,83,seeds2,no_ground_truth,True,4.7205652879999995,4
holdout,83,seeds10,no_ground_truth,True,15.116904030999999,4
holdout,84,seeds2,no_ground_truth,True,4.514600012000001,2
holdout,84,seeds10,no_ground_truth,True,14.601733588000002,2
holdout,85,seeds2,no_ground_truth,True,4.277920534,2
holdout,85,seeds10,no_ground_truth,True,14.703219793999999,2
holdout,86,seeds2,no_ground_truth,True,20.658385057,3
holdout,86,seeds10,no_ground_truth,True,63.625446581000006,3
holdout,87,seeds2,no_ground_truth,True,15.138035625,4
holdout,87,seeds10,no_ground_truth,True,43.568563856,4
holdout,88,seeds2,no_ground_truth,True,17.488418377000002,3
holdout,88,seeds10,no_ground_truth,True,50.258887693,3
holdout,89,seeds2,no_ground_truth,True,18.267351276,2
holdout,89,seeds10,no_ground_truth,True,56.092486998,2
holdout,90,seeds2,no_ground_truth,True,28.642493101,5
holdout,90,seeds10,no_ground_truth,True,97.933314311,5
holdout,91,seeds2,no_ground_truth,True,17.271748288,2
holdout,91,seeds10,no_ground_truth,True,61.518995759000006,2
holdout,92,seeds2,no_ground_truth,True,13.312738113999998,2
holdout,92,seeds10,no_ground_truth,True,44.711691119,2
holdout,93,seeds2,no_ground_truth,True,3.820194474,3
holdout,93,seeds10,no_ground_truth,True,10.383609648999998,3
holdout,94,seeds2,no_ground_truth,True,2.5229558769999993,1
holdout,94,seeds10,no_ground_truth,True,5.630563859,1
holdout,95,seeds2,no_ground_truth,True,5.208393138,4
holdout,95,seeds10,no_ground_truth,True,15.397879001,4
holdout,96,seeds2,no_ground_truth,True,1.9431473789999998,1
holdout,96,seeds10,no_ground_truth,True,3.9455469619999994,1
holdout,97,seeds2,no_ground_truth,True,12.749221306000003,7
holdout,97,seeds10,no_ground_truth,True,52.30550332899999,7
holdout,98,seeds2,no_ground_truth,True,6.562975752999999,4
holdout,98,seeds10,no_ground_truth,True,23.422449697999998,4
holdout,99,seeds2,no_ground_truth,True,2.379120858,3
holdout,99,seeds10,no_ground_truth,True,6.1803367499999995,3
holdout,100,seeds2,no_ground_truth,True,4.739653234,5
holdout,100,seeds10,no_ground_truth,True,17.144018413999998,5
holdout,101,seeds2,no_ground_truth,True,1.9315733640000001,4
holdout,101,seeds10,no_ground_truth,True,4.7627684519999995,4
holdout,102,seeds2,no_ground_truth,True,2.8602385749999995,6
holdout,102,seeds10,no_ground_truth,True,9.701234855000001,6
holdout,103,seeds2,no_ground_truth,True,2.924484953,6
holdout,103,seeds10,no_ground_truth,True,9.563199347000001,6
holdout,104,seeds2,no_ground_truth,True,4.113521037,5
holdout,104,seeds10,no_ground_truth,True,12.801754693000003,5
holdout,105,seeds2,no_ground_truth,True,17.624093962000003,7
holdout,105,seeds10,no_ground_truth,True,74.798683033,7
holdout,106,seeds2,no_ground_truth,True,17.524739580000002,7
holdout,106,seeds10,no_ground_truth,True,71.90606429899998,7
holdout,107,seeds2,no_ground_truth,True,2.4187566479999996,6
holdout,107,seeds10,no_ground_truth,True,6.695875630999998,6
holdout,108,seeds2,no_ground_truth,True,2.6222851,6
holdout,108,seeds10,no_ground_truth,True,6.752090289000001,6
holdout,109,seeds2,no_ground_truth,True,5.9378072600000005,7
holdout,109,seeds10,no_ground_truth,True,20.160481893,7
holdout,110,seeds2,no_ground_truth,True,2.28252339,4
holdout,110,seeds10,no_ground_truth,True,5.657244509999998,4
holdout,111,seeds2,no_ground_truth,True,2.183791879,5
holdout,111,seeds10,no_ground_truth,True,5.559740311,5
holdout,112,seeds2,no_ground_truth,True,4.498141038,6
holdout,112,seeds10,no_ground_truth,True,14.528902096000001,6
holdout,113,seeds2,no_ground_truth,True,2.364232722,4
holdout,113,seeds10,no_ground_truth,True,6.235767869,4
holdout,114,seeds2,no_ground_truth,True,1.7430767979999997,4
holdout,114,seeds10,no_ground_truth,True,4.048867657000001,4
holdout,115,seeds2,no_ground_truth,True,2.264312531,4
holdout,115,seeds10,no_ground_truth,True,6.009228701,4
holdout,116,seeds2,no_ground_truth,True,10.460410894,3
holdout,116,seeds10,no_ground_truth,True,31.864884922999998,3
holdout,117,seeds2,no_ground_truth,True,12.340845624,1
holdout,117,seeds10,no_ground_truth,True,42.557444118,1
holdout,118,seeds2,no_ground_truth,True,1.1265572359999996,3
holdout,118,seeds10,no_ground_truth,True,1.7886688409999998,3
holdout,119,seeds2,no_ground_truth,True,8.864620193,3
holdout,119,seeds10,no_ground_truth,True,22.949495745,3
holdout,120,seeds2,no_ground_truth,True,1.5986510259999998,3
holdout,120,seeds10,no_ground_truth,True,2.919852742,3
holdout,121,seeds2,no_ground_truth,True,32.191054851,6
holdout,121,seeds10,no_ground_truth,True,134.78271034000002,6
holdout,122,seeds2,no_ground_truth,True,2.079073319,3
holdout,122,seeds10,no_ground_truth,True,4.335449907,3
holdout,123,seeds2,no_ground_truth,True,3.567927467,25
holdout,123,seeds10,no_ground_truth,True,11.993260569,19
holdout,124,seeds2,no_ground_truth,True,8.776968756999999,3
holdout,124,seeds10,no_ground_truth,True,22.618595071,3
holdout,125,seeds2,no_ground_truth,True,2.238070577,4
holdout,125,seeds10,no_ground_truth,True,4.471329859,4
holdout,126,seeds2,no_ground_truth,True,2.094185233,3
holdout,126,seeds10,no_ground_truth,True,4.101421943,3
holdout,127,seeds2,no_ground_truth,True,1.296583602,4
holdout,127,seeds10,no_ground_truth,True,2.1871240629999997,4
holdout,128,seeds2,no_ground_truth,True,1.426632337,5
holdout,128,seeds10,no_ground_truth,True,2.452152042,5
holdout,129,seeds2,no_ground_truth,True,10.286455117000001,8
holdout,129,seeds10,no_ground_truth,True,30.834527506999997,8
holdout,130,seeds2,no_ground_truth,True,2.1472399679999996,4
holdout,130,seeds10,no_ground_truth,True,5.371438132999999,4
holdout,131,seeds2,no_ground_truth,True,4.100116356,2
holdout,131,seeds10,no_ground_truth,True,10.484289017,2
holdout,132,seeds2,no_ground_truth,True,3.167022472,4
holdout,132,seeds10,no_ground_truth,True,8.491546386,4
holdout,133,seeds2,no_ground_truth,True,7.031515548,2
holdout,133,seeds10,no_ground_truth,True,18.834844544000003,2
holdout,134,seeds2,no_ground_truth,True,12.067646592000003,6
holdout,134,seeds10,no_ground_truth,True,41.124204803,6
holdout,135,seeds2,no_ground_truth,True,6.190907035,5
holdout,135,seeds10,no_ground_truth,True,24.958292587000003,5
holdout,136,seeds2,no_ground_truth,True,5.0647347389999995,5
holdout,136,seeds10,no_ground_truth,True,19.760287192,5
holdout,137,seeds2,no_ground_truth,True,4.907722402999999,4
holdout,137,seeds10,no_ground_truth,True,17.562986247000005,4
holdout,138,seeds2,no_ground_truth,True,6.297523772,4
holdout,138,seeds10,no_ground_truth,True,16.76162549,4
holdout,139,seeds2,no_ground_truth,True,1.5906291659999998,2
holdout,139,seeds10,no_ground_truth,True,3.2393606640000003,2
