$hessian                                                                        
        0.2527008409   0.0385002623  -0.0111091378  -0.0433521002  -0.0333147883
       -0.0216506627  -0.0041033628  -0.0041708555  -0.0084074730  -0.0086076317
       -0.0083183424  -0.0070592231   0.0033650990  -0.0000327963  -0.0001563945
        0.0004491001   0.0005007609   0.0016066475   0.0006294263  -0.0019175189
        0.0042710671  -0.0001748007  -0.0008745344   0.0009707829  -0.0002352956
       -0.0002576985   0.0000232611  -0.0000641500  -0.0001767115   0.0001456863
       -0.0006040572  -0.0007350613  -0.0000721181  -0.0003835055   0.0003236302
        0.0002823885   0.0005587978  -0.0004477827   0.0037168429  -0.0320490563
        0.0112637627  -0.0002322822  -0.0059959284  -0.0071190323   0.0135052294
       -0.0001918615   0.0004542918  -0.0012708984   0.0005619902   0.0014168366
       -0.0007120668   0.0003261894  -0.0006233626  -0.0004586016   0.0007514580
       -0.0011812388   0.0000177931   0.0013849458  -0.0034278706  -0.0031461780
        0.0002718029   0.0006651765   0.0003396292  -0.0012069012   0.0035014345
        0.0013941645   0.0007451159   0.0002882524   0.0010455406  -0.0001237642
        0.0000315781  -0.0000363128   0.0000204783  -0.0001413647   0.0007545588
        0.0004769962  -0.0000203868  -0.0001732804  -0.0007356292   0.0018736067
       -0.0009781011  -0.0003632891   0.0002210235  -0.0002482631   0.0002679679
       -0.0000306797  -0.0004708443   0.0006987461   0.0001806610   0.0017481458
        0.0016059977   0.0027218273   0.0005043546   0.0008417171  -0.0001082923
       -0.0002953139   0.0004133834   0.0000687067  -0.0000688002   0.0000293488
       -0.0006983997   0.0005745235  -0.0003862435  -0.0032234939  -0.0037539131
        0.0007470411  -0.0032859708   0.0011331987   0.0006231398  -0.0004077610
       -0.0000642383  -0.0001053814   0.0001486040  -0.0003371300  -0.0010270521
        0.0004923514  -0.0021964426   0.0000908965   0.0002706006  -0.0002695046
       -0.0003294987  -0.0000243660  -0.0000357717   0.0003882752   0.0002071636
       -0.0003744881  -0.0229128148   0.0004387808   0.0007260729   0.0079099246
       -0.0004028208  -0.0110164258  -0.0094598200  -0.0034433973   0.0052158617
        0.0013484530   0.0009811032   0.0019438617  -0.0001444006  -0.0003213743
        0.0006572502  -0.0002654096   0.0001331352  -0.0006230245   0.0001019357
        0.0004025362  -0.0003451287  -0.0610051263  -0.0125244679   0.0389507437
       -0.0316964566   0.0088780881  -0.0082390354  -0.0333916913   0.0177083397
        0.0017821961  -0.0258425399  -0.0018013171   0.0019310928   0.0071819563
       -0.0035154042   0.0000222870   0.0003732901   0.0003460260  -0.0002324874
       -0.0000254159   0.0005776915   0.0002368509  -0.0000811299  -0.0000491405
        0.0005335108
        0.0385002623   0.2206491076  -0.0062078148  -0.0384848703  -0.0614829149
       -0.0325442479  -0.0046677829  -0.0081708335  -0.0115926805  -0.0079992147
       -0.0122579202  -0.0045601442   0.0001293562   0.0035722809  -0.0015198390
        0.0005457149   0.0007306248   0.0021475098  -0.0026213935   0.0014482992
        0.0034466802   0.0000775865   0.0001418584   0.0005627346  -0.0004558705
       -0.0005877986  -0.0002021682  -0.0003812996  -0.0002853571   0.0000763640
       -0.0006598341  -0.0004166264  -0.0002572936   0.0003707098  -0.0004001092
        0.0003309093  -0.0201926978   0.0084603072  -0.0067110878   0.0222398933
       -0.0272059730   0.0039075525   0.0080003822  -0.0039845418   0.0072261276
       -0.0005080989   0.0017279376   0.0009843664  -0.0020173435   0.0022197061
        0.0009349565  -0.0003083083   0.0000793930  -0.0003195394   0.0002225107
       -0.0002270848  -0.0002992428  -0.0015693831   0.0007962345   0.0006848113
       -0.0005624680  -0.0004622141  -0.0006095392  -0.0008840428  -0.0003510890
       -0.0009794510   0.0002751347  -0.0007303135  -0.0003725525  -0.0000637247
        0.0000451728   0.0001521399  -0.0000814952   0.0000266156   0.0005301486
        0.0001263521  -0.0002313374  -0.0000552533   0.0008003512  -0.0004381395
        0.0008099376  -0.0003889947  -0.0001155783   0.0000458444   0.0002911380
       -0.0003304384   0.0000192454  -0.0001843073   0.0006511219   0.0000445769
        0.0011468297  -0.0005751435  -0.0016755875  -0.0001677436  -0.0005382272
        0.0000732445  -0.0002926689  -0.0004317038   0.0001281462  -0.0001975623
       -0.0003922928   0.0007857647  -0.0024124276  -0.0001500428  -0.0026308687
       -0.0016180004  -0.0031864044   0.0015797317  -0.0001620447  -0.0008547159
        0.0000007981   0.0005026926  -0.0001084613   0.0002554534   0.0004367650
        0.0004889757   0.0005131667  -0.0002880573  -0.0002847616  -0.0003451555
        0.0003092964  -0.0001232113  -0.0000095490  -0.0001470048  -0.0002949200
        0.0000023819   0.0004323489  -0.0336692826   0.0042282855   0.0026026286
       -0.0216071219   0.0190331199  -0.0032805247   0.0127094322   0.0011636718
        0.0003826766   0.0017898611  -0.0056186905  -0.0000213587   0.0004672678
       -0.0001371908   0.0000742403   0.0001142945   0.0001531769   0.0003001461
       -0.0004917137   0.0005067012  -0.0069974838  -0.0409348389   0.0258665732
       -0.0026201217  -0.0225015265   0.0120419184   0.0266544767   0.0104353033
       -0.0268748913  -0.0017925975  -0.0253010992   0.0107412051  -0.0022767027
        0.0030714521   0.0043466065   0.0008675269  -0.0004138795   0.0002899115
       -0.0003836876   0.0000073318  -0.0002461371  -0.0005999036  -0.0000949613
        0.0001551624
       -0.0111091378  -0.0062078148   0.2702895436  -0.0242566048  -0.0311842802
       -0.0371456453  -0.0097592866  -0.0117098155  -0.0096104095  -0.0037300265
       -0.0025451466   0.0056603340   0.0016483361   0.0007319875  -0.0043118293
       -0.0003065122  -0.0010354385  -0.0033590621   0.0017249717   0.0018227117
        0.0012708615   0.0026649445   0.0022288664  -0.0009880060   0.0001159331
       -0.0001805210  -0.0013147544  -0.0004342890  -0.0005814215  -0.0010285450
        0.0006026865   0.0005404038  -0.0003356474   0.0003655600   0.0002349081
       -0.0004325334   0.0409153031  -0.0103182907   0.0180898239  -0.0041118150
        0.0068375148  -0.0236425198  -0.0201268272   0.0045294136  -0.0116208018
        0.0032419436  -0.0006671707  -0.0005535233   0.0014200022   0.0023119109
        0.0012454092   0.0005566511  -0.0005869051  -0.0000455080  -0.0006601389
        0.0002215355  -0.0001092937  -0.0012771758   0.0016873361   0.0018897728
        0.0003400092  -0.0000655087   0.0003359868  -0.0015047986  -0.0018431509
       -0.0004595744  -0.0006409678  -0.0006685940  -0.0004104652   0.0001788568
        0.0000407856  -0.0000116471   0.0002647329   0.0004123567  -0.0010204922
        0.0000886098   0.0001780354  -0.0002496231  -0.0005463506   0.0005407811
       -0.0000900582  -0.0002682720   0.0001118214  -0.0002423461  -0.0000036206
        0.0000225275  -0.0001295250   0.0006448779   0.0001296588  -0.0028988363
       -0.0007530503  -0.0014430999   0.0025492015  -0.0006783888   0.0001945968
       -0.0001368161  -0.0000885459  -0.0000279315  -0.0002722375   0.0002624601
        0.0007734188  -0.0005932843  -0.0019866832  -0.0020769424  -0.0006291959
        0.0010560121   0.0019500453   0.0005080892  -0.0004422434  -0.0001121177
       -0.0002848845   0.0000411457   0.0001140903  -0.0001750864  -0.0007519261
        0.0003388449  -0.0006572874  -0.0002751076  -0.0001853854  -0.0003406250
       -0.0004086277   0.0000770836  -0.0001379123   0.0000713793  -0.0000383034
       -0.0000922496   0.0066740955  -0.0102292433  -0.0389115801  -0.0143263657
        0.0371622865   0.0283555302   0.0035676759  -0.0046007040  -0.0241220845
        0.0021639457  -0.0062878375   0.0013172560   0.0005911787   0.0004423637
       -0.0010079521  -0.0006326485   0.0000717673  -0.0004536772   0.0002138032
       -0.0012219574   0.0005504356   0.0320692979   0.0292652813  -0.1366315001
        0.0043519572   0.0076292594  -0.0398796251  -0.0048231764  -0.0254228553
        0.0467214889  -0.0032507651   0.0139955314  -0.0309803594   0.0013478532
        0.0042057522  -0.0029000938  -0.0010059859   0.0005197777  -0.0003736742
       -0.0005047285  -0.0000399459   0.0001162745   0.0014798437  -0.0000422724
       -0.0003092356
       -0.0433521002  -0.0384848703  -0.0242566048   0.3158183490   0.2015181221
       -0.1079035939  -0.0667640887  -0.0226444909   0.0090500884  -0.1650784625
       -0.1016953601   0.1142784369   0.0190724008   0.0142221009  -0.0147154242
       -0.0017330754   0.0010016147   0.0193509702  -0.0334010564  -0.0413813219
       -0.0261422434  -0.0015565500  -0.0011743249   0.0037978615  -0.0136233135
       -0.0029500558   0.0247994021   0.0026119561  -0.0058000679  -0.0014190170
        0.0024074734  -0.0061408495  -0.0011558729   0.0001497428   0.0005479584
        0.0006460266   0.0010760505  -0.0015749817   0.0016860488   0.0000245138
        0.0005163803  -0.0004779949  -0.0016454834  -0.0001413629  -0.0002857725
        0.0000262764   0.0002588671   0.0002704781  -0.0001575180  -0.0001071442
       -0.0001289609   0.0000533016  -0.0001174773   0.0000607295  -0.0000041086
       -0.0000318225  -0.0001112620   0.0000727377  -0.0001688098  -0.0000323508
        0.0000418502  -0.0000672547   0.0000802755   0.0002278188   0.0000905615
        0.0000658196   0.0000020858   0.0000554527  -0.0000380759  -0.0000452097
        0.0000101101  -0.0000133770   0.0000161759   0.0000251777  -0.0000315664
        0.0000464177  -0.0000142002  -0.0000384832  -0.0000361666   0.0000426145
       -0.0000312116   0.0000238254   0.0000038987  -0.0000067382   0.0000147352
       -0.0000734731  -0.0000177371   0.0001633048  -0.0000122599   0.0000496642
       -0.0002951219   0.0002279638   0.0001239036   0.0000908567  -0.0000046386
       -0.0000656517   0.0000149876   0.0000422448  -0.0000042873  -0.0000082930
        0.0000466501  -0.0000287207   0.0001458760   0.0002114842  -0.0001539787
        0.0001113167   0.0002227823   0.0001938960  -0.0000080223   0.0000271563
        0.0000464575   0.0000272345  -0.0000439957   0.0000185433  -0.0000082440
       -0.0000253984  -0.0000113181   0.0000015126   0.0000413493   0.0000372911
       -0.0000167558  -0.0000095211   0.0000174232   0.0000214914  -0.0000029069
       -0.0000258124  -0.0001703446  -0.0034865979   0.0011754279  -0.0000603981
        0.0009125728   0.0000184192  -0.0051925094   0.0049801106  -0.0029600811
        0.0001860860   0.0001119457   0.0002371233  -0.0000217227  -0.0000230907
        0.0000282343   0.0000130540  -0.0000830132   0.0000000559   0.0000466487
       -0.0000384224   0.0000287619  -0.0058865444  -0.0057794662  -0.0009238472
       -0.0001863537   0.0036483245  -0.0001319600   0.0005709082   0.0008058591
        0.0004568703  -0.0030518435   0.0025278346   0.0048240631  -0.0004996484
       -0.0001280939  -0.0001366907  -0.0001028606   0.0000761805  -0.0000497914
       -0.0000668373  -0.0000796440  -0.0000732899  -0.0001063554   0.0001095990
        0.0000294437
       -0.0333147883  -0.0614829149  -0.0311842802   0.2015181221   0.3109492442
       -0.0284675781  -0.0151649212  -0.0649604123  -0.0326454895  -0.1098297595
       -0.1373628304   0.0959839642   0.0072995491   0.0070378531  -0.0206133944
       -0.0014404745   0.0017624492   0.0172038826  -0.0332311701  -0.0337006781
       -0.0175938271   0.0012491482   0.0013886722   0.0008349301  -0.0035092290
       -0.0072567417   0.0176889969  -0.0058070380   0.0017955943  -0.0027550420
       -0.0059924359   0.0017731042  -0.0024831763   0.0004577107   0.0004917434
        0.0006356058   0.0013687936  -0.0007816760   0.0005381184  -0.0009108460
        0.0001981488   0.0003866475  -0.0005587327   0.0007155366  -0.0008317861
       -0.0001629819   0.0000751790   0.0000597765   0.0001641388  -0.0002250851
       -0.0000348200   0.0000240988  -0.0000943284   0.0000501990  -0.0000533736
       -0.0000146206  -0.0000452409  -0.0000364765  -0.0002225308  -0.0000646407
        0.0000718724  -0.0000290709   0.0000860004   0.0002773889   0.0002971504
        0.0000129741   0.0000409714   0.0000650905  -0.0000188337  -0.0000483224
       -0.0000116467  -0.0000155256   0.0000141839   0.0000243696  -0.0000109510
        0.0000501319  -0.0000134254  -0.0000216631  -0.0000882900   0.0000967971
       -0.0000759915   0.0000235502   0.0000034596  -0.0000245157   0.0000096870
       -0.0000394001  -0.0000541087   0.0001598878   0.0000443345   0.0000761054
        0.0001009290   0.0001919264   0.0002658474   0.0000650565   0.0000130913
       -0.0000361453   0.0000362651   0.0000585608  -0.0000103725  -0.0000147660
        0.0000180918  -0.0000281718   0.0002328751   0.0001606287  -0.0000200682
        0.0002923235   0.0001979664   0.0001475325   0.0000487821   0.0000262982
        0.0000429945  -0.0000008495  -0.0000273711  -0.0000025939  -0.0000495525
       -0.0000428963  -0.0000729784   0.0000192951   0.0000618198   0.0000366244
       -0.0000401909  -0.0000069984   0.0000226563   0.0000241850   0.0000128334
       -0.0000379755   0.0020326719  -0.0011761591   0.0058744440   0.0005960979
        0.0013871322   0.0018565252   0.0035880786  -0.0052272209   0.0006890218
       -0.0002097003  -0.0006231816  -0.0000215001   0.0000180468  -0.0000283733
        0.0000711924  -0.0000845583  -0.0000648191  -0.0001178396   0.0000851595
       -0.0001843319   0.0001533455  -0.0053410813  -0.0031952474  -0.0004606274
       -0.0018862340  -0.0092132464  -0.0025977026   0.0019483039  -0.0012676926
        0.0000672203  -0.0045864169  -0.0027445363  -0.0030505123   0.0006245416
        0.0009805883   0.0006352346   0.0000649180  -0.0000401900  -0.0000565294
       -0.0002839145   0.0001961232   0.0000516185   0.0001393394   0.0000138387
       -0.0000175766
       -0.0216506627  -0.0325442479  -0.0371456453  -0.1079035939  -0.0284675781
        0.6258600224   0.0497635328   0.0093625209  -0.3423838517   0.0746841578
        0.0528911295  -0.1610210477  -0.0577480312  -0.0646517707  -0.0369714289
        0.0054663786   0.0023895762  -0.0175041704   0.0176415896   0.0267198953
        0.0560945196   0.0192818264   0.0165216553  -0.0182042161   0.0240364481
        0.0180147001  -0.0487921982  -0.0012448122  -0.0028243204  -0.0005554582
       -0.0013101728  -0.0025542074  -0.0001301467   0.0007239538   0.0006071595
       -0.0003697843  -0.0012841127   0.0011615143  -0.0014184121   0.0007910595
        0.0003061103   0.0002604533   0.0005741891  -0.0005474451   0.0010204522
       -0.0002524465   0.0003941683   0.0002215135  -0.0001478794  -0.0002303517
       -0.0002992172  -0.0000347081  -0.0000825971  -0.0000162060   0.0000108155
       -0.0000683813  -0.0000534643  -0.0000858327  -0.0002433668  -0.0001916659
        0.0000081652  -0.0000061582   0.0000279632   0.0002997412   0.0003210191
        0.0000742272   0.0000579613   0.0000481184   0.0000172615  -0.0000874070
       -0.0000179857  -0.0000098722  -0.0000147103   0.0000088039   0.0000741117
        0.0000790768  -0.0000484344  -0.0000180149  -0.0000255136   0.0000648158
       -0.0000526797   0.0000199147   0.0000126512  -0.0000241990   0.0000281186
       -0.0000563794  -0.0000304358  -0.0000004095   0.0002449315   0.0000846650
        0.0002415125   0.0001167239   0.0002329310   0.0001040249  -0.0000161101
       -0.0000176132   0.0000519109   0.0000540938   0.0000111861  -0.0000421053
       -0.0000597856   0.0000451885   0.0001471250   0.0001561199  -0.0000688669
        0.0000644721  -0.0000633902  -0.0000494502   0.0000638973   0.0000384369
        0.0000579615   0.0000111022  -0.0000313369   0.0000018607   0.0000155392
       -0.0000244234  -0.0000524705   0.0000184843   0.0000605257   0.0000248473
        0.0000023612  -0.0000170329   0.0000453623   0.0000095970   0.0000024302
       -0.0000341741  -0.0042810005  -0.0021665572  -0.0060711059   0.0001288709
       -0.0014480450  -0.0022256703  -0.0043088786   0.0020871748   0.0000003631
        0.0004999386   0.0003012614   0.0004025429  -0.0000364573  -0.0001122855
        0.0000918377   0.0000563716  -0.0001446848   0.0001426232   0.0000311051
        0.0000657028   0.0000363396   0.0079678828   0.0075562703  -0.0057817731
       -0.0042792496   0.0013189664   0.0006138409   0.0016777216   0.0009301250
       -0.0027180218   0.0002405303  -0.0057407142  -0.0038833434   0.0001186725
        0.0002869181   0.0006708878   0.0000648488  -0.0000303302   0.0000453849
       -0.0001643344   0.0000995886  -0.0000347199  -0.0000805794   0.0000548126
       -0.0000290233
       -0.0041033628  -0.0046677829  -0.0097592866  -0.0667640887  -0.0151649212
        0.0497635328   0.3917608670   0.2826122129  -0.0497430290   0.0080428590
        0.0106667254   0.0201639287  -0.1482202017  -0.1172013782  -0.0902792923
       -0.1431102741  -0.1063173512   0.0826347673  -0.0066405454  -0.0038844224
       -0.0182990269   0.0011915661  -0.0059049018   0.0029032710  -0.0320323670
       -0.0319150339   0.0172501812   0.0005651888   0.0002217161  -0.0007987903
        0.0002781299   0.0002879679  -0.0004406748   0.0015063315  -0.0061434160
        0.0026825199   0.0007564326  -0.0003112905  -0.0000875800   0.0001166063
       -0.0001189668  -0.0001775280  -0.0001095024  -0.0000605237  -0.0000780886
        0.0000373016  -0.0000528398  -0.0002109445   0.0000161929   0.0001263434
        0.0000374726  -0.0000161574   0.0000402485  -0.0000386197  -0.0000019467
        0.0000211214   0.0000366277   0.0000612371  -0.0001329188   0.0001524710
       -0.0000280492   0.0000098748  -0.0000330170  -0.0000592264  -0.0000373881
       -0.0000090546  -0.0000123848  -0.0000336650  -0.0000019800   0.0000063685
       -0.0000034480   0.0000103897  -0.0000129271  -0.0000308242   0.0000216882
       -0.0000128951   0.0000023394   0.0000201342   0.0000271451  -0.0000347836
        0.0000101970   0.0000051472   0.0000014561  -0.0000037299  -0.0000176209
        0.0000311616   0.0000138712  -0.0006390015   0.0000167127  -0.0000639829
       -0.0000892461   0.0000367152  -0.0001495672  -0.0000518732   0.0000618628
       -0.0000055115  -0.0000001436  -0.0000053696   0.0000105757   0.0000025636
       -0.0000179076   0.0000026325   0.0000394431   0.0000516420   0.0000609515
        0.0000407013   0.0000636912  -0.0000557232  -0.0000071308  -0.0000011417
        0.0000052086  -0.0000135330   0.0000053201   0.0000041029   0.0000330939
       -0.0000088968   0.0000329707  -0.0000016831  -0.0000062279  -0.0000093437
        0.0000158417   0.0000030922   0.0000102882  -0.0000294844  -0.0000090153
        0.0000201929  -0.0011981268   0.0006606545  -0.0032365426   0.0001310401
       -0.0011896585  -0.0004665211  -0.0001735176   0.0004493525  -0.0000311647
        0.0000855157   0.0002510270  -0.0000634666  -0.0000275365  -0.0000061538
       -0.0000364467   0.0000332887  -0.0000085724   0.0000438958  -0.0000131656
        0.0000645561  -0.0000191822  -0.0013979243  -0.0023395357  -0.0017237424
       -0.0004186631  -0.0001006534   0.0007564412  -0.0000674800   0.0004582966
       -0.0007370105   0.0004529279  -0.0003827166  -0.0001329565   0.0000242332
       -0.0000257187   0.0000203583   0.0000388431  -0.0000106865   0.0000157580
        0.0000093586  -0.0000003662   0.0000027346  -0.0000081654  -0.0000156138
        0.0000046409
       -0.0041708555  -0.0081708335  -0.0117098155  -0.0226444909  -0.0649604123
        0.0093625209   0.2826122129   0.4121622662   0.0224306661   0.0161782746
        0.0207274792   0.0148987031  -0.1085004180  -0.1746648767  -0.1072861517
       -0.1054134584  -0.1355881633   0.0787167783  -0.0038113448  -0.0134133997
       -0.0252207827  -0.0058417211   0.0016467457   0.0013486355  -0.0383272218
       -0.0336154839   0.0261838905  -0.0025703503  -0.0021444147  -0.0035460698
        0.0003936925   0.0000031351  -0.0004577833  -0.0062417046   0.0018397569
        0.0014365863   0.0011818702  -0.0007240194  -0.0000751396   0.0002049772
        0.0002739592  -0.0002634203  -0.0005785848   0.0000261688  -0.0000211794
        0.0000148169  -0.0003060180  -0.0002660141  -0.0000410269   0.0000735327
       -0.0000051153  -0.0000371480   0.0000552222   0.0000076088   0.0000396197
        0.0001103240   0.0000805402   0.0002739052   0.0002087556  -0.0000303646
       -0.0000173885   0.0000038364  -0.0000213946  -0.0000977991  -0.0000667464
        0.0000229743  -0.0000212383  -0.0000136962   0.0000001199   0.0000119291
       -0.0000070826  -0.0000075360  -0.0000297243  -0.0000728958   0.0000342940
       -0.0000250041   0.0000146609   0.0000268992   0.0000292647  -0.0000458047
        0.0000040190   0.0000639674  -0.0000237218   0.0000462675  -0.0000316086
        0.0000465534   0.0000166858  -0.0004919358  -0.0003095084   0.0002201956
        0.0000721291   0.0002044960  -0.0003029678   0.0000488033  -0.0000042946
        0.0000608587   0.0000086819   0.0000128674   0.0000199594   0.0000042299
       -0.0000210242  -0.0000092691   0.0000648499   0.0000663036   0.0000549223
        0.0000562819   0.0000745914  -0.0000778519  -0.0000236215   0.0000216116
        0.0000137101  -0.0000224157   0.0000006363   0.0000014135   0.0000414491
       -0.0000200275   0.0000358841   0.0000108443   0.0000057681   0.0000087862
        0.0000235400   0.0000124158   0.0000184727  -0.0000109286   0.0000138768
        0.0000248831  -0.0009956028   0.0001125078  -0.0021896144   0.0005385416
       -0.0009157572  -0.0008393209   0.0003924957   0.0001269433   0.0016897097
        0.0000009905   0.0001340738   0.0000880054  -0.0000438456  -0.0000128879
        0.0000086712   0.0000299483  -0.0000084945   0.0000323136  -0.0000117004
        0.0000687897  -0.0000378395  -0.0027609466  -0.0014205123  -0.0028117745
       -0.0002029892  -0.0008033359  -0.0006390311  -0.0005752940   0.0000597634
       -0.0000785488   0.0010862019  -0.0007914670  -0.0011255870   0.0001412872
        0.0000073290   0.0000815003   0.0000323312  -0.0000051798   0.0000342189
       -0.0000183857   0.0000223480   0.0000077785   0.0000016178  -0.0000066601
        0.0000040990
       -0.0084074730  -0.0115926805  -0.0096104095   0.0090500884  -0.0326454895
       -0.3423838517  -0.0497430290   0.0224306661   0.6569859288   0.0557624922
        0.0523338394  -0.0361092282  -0.0346821811  -0.0506373478  -0.1486547624
        0.0829301372   0.0799453681  -0.1056750672  -0.0180665266  -0.0247584926
       -0.0469445739   0.0027993030   0.0014721118  -0.0010554907  -0.0244626539
       -0.0163021178   0.0588022130  -0.0171939399  -0.0199654908  -0.0179463477
       -0.0004342354  -0.0005984664  -0.0002040552   0.0027784143   0.0015794496
       -0.0004781533  -0.0000108835   0.0001505228  -0.0001581630   0.0005915856
       -0.0005166457  -0.0002488403  -0.0003912926  -0.0001101298   0.0000582417
       -0.0000085234   0.0001610047   0.0001017057  -0.0001139398  -0.0000817732
       -0.0000789207   0.0000376428  -0.0000179074   0.0000068248   0.0000190593
       -0.0000210423  -0.0000450903  -0.0001664502  -0.0000815249  -0.0000490219
        0.0000086374  -0.0000288127   0.0000500110  -0.0002908730  -0.0002042628
        0.0001273656  -0.0000260398   0.0000262800  -0.0000174917  -0.0000183246
        0.0000174324  -0.0000020574  -0.0000191901   0.0000223398  -0.0000328618
       -0.0000118093  -0.0000006840  -0.0000115472  -0.0000075058  -0.0000162196
        0.0000008473  -0.0000011829   0.0000144794   0.0000085571  -0.0000112518
       -0.0000008331   0.0000125658   0.0003367216   0.0000507831  -0.0001255668
       -0.0001926652  -0.0000106431   0.0001481442   0.0000110785   0.0000083756
       -0.0000706802   0.0000070869   0.0000193661   0.0000156270  -0.0000194614
        0.0000274605  -0.0000523945   0.0001887738   0.0001041595  -0.0001278926
        0.0001180974   0.0000453252  -0.0000692952  -0.0000108673   0.0000532378
        0.0000165697   0.0000155379  -0.0000196834   0.0000123279   0.0000232045
       -0.0000465610   0.0000297395   0.0000129409   0.0000345055   0.0000280585
        0.0000116815  -0.0000042365   0.0000022993   0.0000137941   0.0000174948
       -0.0000034227  -0.0005543631  -0.0013599951  -0.0015091824   0.0001826836
        0.0011399284  -0.0013669449   0.0010196541  -0.0007869975   0.0011258879
        0.0001365439  -0.0001855458   0.0001933060  -0.0000156787  -0.0000100253
        0.0000366418   0.0000182063  -0.0000651461   0.0000497442   0.0000058596
        0.0000279277   0.0000153589   0.0012130317  -0.0005229899  -0.0045111421
       -0.0017230374   0.0007466416  -0.0004456968   0.0007466369  -0.0006384724
       -0.0002281056  -0.0011842575   0.0004944897   0.0003389901  -0.0001843105
        0.0002694343   0.0000220188  -0.0000027464  -0.0000340913   0.0000370138
       -0.0000639176   0.0000566317   0.0000190444  -0.0000202824   0.0000150525
       -0.0000287751
       -0.0086076317  -0.0079992147  -0.0037300265  -0.1650784625  -0.1098297595
        0.0746841578   0.0080428590   0.0161782746   0.0557624922   0.3879436204
        0.2587158631  -0.0452978866  -0.0346130376  -0.0298048347   0.0001718242
        0.0041268672  -0.0035175414   0.0007858282  -0.1499357650  -0.1097494878
       -0.0364708982  -0.0397158829  -0.0020719452   0.0186607160   0.0192267666
        0.0090091209  -0.0566370825  -0.0003459994  -0.0003088241  -0.0001153353
       -0.0133406147  -0.0151321488  -0.0085342474   0.0043580258  -0.0032336235
        0.0009137678  -0.0007868090  -0.0001881798   0.0004675228  -0.0001248095
       -0.0004640518  -0.0000499610  -0.0006911823  -0.0000396288  -0.0001761074
       -0.0000532464   0.0001837961   0.0000821388  -0.0001516414  -0.0001093939
       -0.0000376110   0.0000429978  -0.0000029762   0.0000414329   0.0000198548
       -0.0000032803  -0.0000149328   0.0001149375  -0.0000545716   0.0000169407
       -0.0000123989  -0.0000540765   0.0000525036  -0.0003213598  -0.0002120504
       -0.0000418074  -0.0000175091   0.0000153475  -0.0000150747  -0.0000163091
        0.0000299117  -0.0000003683  -0.0000115484   0.0000004995  -0.0000265159
       -0.0000213416   0.0000041978  -0.0000094019   0.0000244640  -0.0000348940
        0.0000190761   0.0000025738   0.0000032468   0.0000162642  -0.0000114025
        0.0000031942   0.0000178406  -0.0000512671  -0.0000468316   0.0000317974
       -0.0001482936   0.0000503582  -0.0000700233   0.0000512841  -0.0000224138
       -0.0000398826  -0.0000119520   0.0000147608   0.0000093377   0.0000054680
        0.0000303919  -0.0000428010   0.0000664144   0.0000577860  -0.0000410685
        0.0001445518   0.0000141558   0.0000611499  -0.0000391721   0.0000361651
        0.0000155327   0.0000092168  -0.0000135040   0.0000147807   0.0000211521
       -0.0000314993   0.0000561480   0.0000024988   0.0000082529   0.0000279623
        0.0000004776   0.0000028019  -0.0000007494   0.0000025028   0.0000079742
        0.0000105010  -0.0017223078  -0.0016065241  -0.0001375470  -0.0011444299
       -0.0001514955  -0.0005521133  -0.0047806819   0.0010114451  -0.0019902717
        0.0001737150  -0.0001617240   0.0000383113  -0.0000230305  -0.0000216216
        0.0000653673  -0.0000016603  -0.0000151862   0.0000284167  -0.0000086484
       -0.0000124374   0.0000211898  -0.0013569873  -0.0025693937   0.0014528712
       -0.0005984860   0.0013254358  -0.0002414896   0.0001362100  -0.0005366769
        0.0002554077  -0.0004985476   0.0012389053   0.0004923184  -0.0002320760
        0.0000867592  -0.0000089886  -0.0000178707  -0.0000057762   0.0000128245
       -0.0000286799   0.0000108146   0.0000051845   0.0000045844  -0.0000338916
       -0.0000094148
       -0.0083183424  -0.0122579202  -0.0025451466  -0.1016953601  -0.1373628304
        0.0528911295   0.0106667254   0.0207274792   0.0523338394   0.2587158631
        0.3861464476   0.0518328932  -0.0304342652  -0.0362219753   0.0014551140
       -0.0035799043   0.0036526104  -0.0010404808  -0.1178816642  -0.1742383013
       -0.0522019536  -0.0026371221  -0.0399200215  -0.0300452981   0.0160901019
        0.0073359927  -0.0640840850  -0.0001458915  -0.0005340938   0.0000586016
       -0.0126702420  -0.0130808363  -0.0075693029  -0.0033293409   0.0042122848
       -0.0013459472  -0.0007107411  -0.0002459025   0.0005564315   0.0002240685
        0.0000087533   0.0000415053  -0.0007137569  -0.0000169435  -0.0001461174
       -0.0000548823   0.0001922398   0.0001004396  -0.0001217475  -0.0001012808
       -0.0000231416   0.0000453122  -0.0000009859   0.0000293980   0.0000064783
       -0.0000139601  -0.0000100014   0.0001244103  -0.0000979052   0.0000200295
       -0.0000099368  -0.0000423400   0.0000523076  -0.0003291308  -0.0002081437
       -0.0000356872  -0.0000257997   0.0000124445  -0.0000113702  -0.0000148524
        0.0000292296   0.0000070770  -0.0000090454   0.0000014537  -0.0000288672
       -0.0000209214   0.0000063187  -0.0000098650   0.0000059128  -0.0000300034
        0.0000173699  -0.0000013547   0.0000066811   0.0000068024  -0.0000090929
        0.0000057036   0.0000140745  -0.0000289515  -0.0000316949   0.0000149891
       -0.0001026495   0.0000335874  -0.0000361617   0.0000555174  -0.0000148047
       -0.0000546404  -0.0000076796   0.0000136337   0.0000075958   0.0000094629
        0.0000309128  -0.0000468224   0.0000704792   0.0000399804  -0.0000326489
        0.0001473586   0.0000281136   0.0000449999  -0.0000358682   0.0000367154
        0.0000152122   0.0000061677  -0.0000103087   0.0000128998   0.0000126363
       -0.0000353981   0.0000468575   0.0000059254   0.0000092877   0.0000256560
       -0.0000034594   0.0000021707  -0.0000032106   0.0000020500   0.0000063513
        0.0000094231  -0.0001635588  -0.0003716297  -0.0000027966  -0.0000992642
       -0.0003795709  -0.0007667377   0.0007744587  -0.0000340770   0.0009631836
        0.0000295501   0.0000292210   0.0000927762  -0.0000081931  -0.0000076519
       -0.0001559567   0.0000510665  -0.0000272920   0.0000116634  -0.0000292401
        0.0000533334   0.0000147488  -0.0022203165  -0.0024105653   0.0012683969
       -0.0007930010   0.0002041856   0.0005977165  -0.0000005693  -0.0000935294
       -0.0020445753  -0.0009205513  -0.0051307801  -0.0005115070   0.0000708716
        0.0000862258   0.0001392342   0.0000547359  -0.0000244846   0.0000268003
       -0.0000346800   0.0000315752   0.0000296252  -0.0000077754   0.0000022982
        0.0000135301
       -0.0070592231  -0.0045601442   0.0056603340   0.1142784369   0.0959839642
       -0.1610210477   0.0201639287   0.0148987031  -0.0361092282  -0.0452978866
        0.0518328932   0.6851238617   0.0003139116   0.0018104931   0.0044333306
        0.0007201687  -0.0014069103  -0.0060884994  -0.0919007249  -0.1101288690
       -0.1526289580   0.0182544821  -0.0317870143  -0.3047557964  -0.0157233715
       -0.0215086387  -0.0328466090  -0.0000713408   0.0000913593   0.0008691327
        0.0079521322   0.0091169124   0.0066094154   0.0008033155  -0.0014082848
       -0.0059003149   0.0009452636  -0.0002271155   0.0002453377  -0.0002808524
       -0.0000631225  -0.0003119843  -0.0001282197   0.0001378712  -0.0002194000
        0.0001593026  -0.0002073040  -0.0001157071   0.0000891685   0.0001716459
        0.0001410791  -0.0000230064   0.0000199426  -0.0000204646  -0.0000298625
        0.0000436349   0.0000245384   0.0000128641   0.0001292052   0.0000361409
       -0.0000091136   0.0000070792  -0.0000435266   0.0000682277   0.0000057374
       -0.0000571618  -0.0000306496  -0.0000328210  -0.0000263012   0.0000337286
       -0.0000084982   0.0000153386   0.0000009263  -0.0000129634  -0.0000212964
       -0.0000235000   0.0000162432   0.0000087964   0.0000153079  -0.0000352042
        0.0000423783  -0.0000047607  -0.0000130004   0.0000025764   0.0000001400
        0.0000144816  -0.0000022690  -0.0000526182  -0.0000524752  -0.0001019574
        0.0000858640  -0.0000957145  -0.0000149324  -0.0000660847   0.0000090547
        0.0000194202  -0.0000199518  -0.0000268622  -0.0000022233   0.0000116302
        0.0000144390  -0.0000102912  -0.0000527490  -0.0000075391   0.0000683909
        0.0000132334   0.0000916470   0.0000165337  -0.0000181774  -0.0000334569
       -0.0000122271  -0.0000014210   0.0000113163  -0.0000002606   0.0000060130
        0.0000089329   0.0000381958  -0.0000074444  -0.0000239819  -0.0000159891
        0.0000087777   0.0000052541  -0.0000144417  -0.0000150847  -0.0000122497
        0.0000097245  -0.0005194721   0.0013919380  -0.0022627399  -0.0018294324
       -0.0011540733   0.0002919749  -0.0012456516   0.0012934201  -0.0007454564
        0.0000520467   0.0002856248  -0.0001601298   0.0000245834   0.0000951216
       -0.0002738248   0.0000790198   0.0000313062   0.0000172857  -0.0000220563
        0.0000402895  -0.0000235582  -0.0020911559  -0.0022295876   0.0011591061
        0.0010425754  -0.0007866942  -0.0008748211  -0.0007313356  -0.0008872980
        0.0009132106   0.0016638723  -0.0009327320  -0.0010528123   0.0002599158
        0.0000861978   0.0000435445   0.0000187033   0.0000418610  -0.0000664764
       -0.0000125296   0.0000244065   0.0000047392   0.0001901365  -0.0000684209
        0.0000063201
        0.0033650990   0.0001293562   0.0016483361   0.0190724008   0.0072995491
       -0.0577480312  -0.1482202017  -0.1085004180  -0.0346821811  -0.0346130376
       -0.0304342652   0.0003139116   0.3788096575   0.2622794915  -0.0427695153
       -0.0110621411  -0.0133118535  -0.0082156771   0.0092411111   0.0173703494
        0.0616661309  -0.0004703302  -0.0000907452  -0.0001515686  -0.1683714347
       -0.1142987680   0.0535028704  -0.0398093193  -0.0035218012   0.0183194358
        0.0043959659  -0.0031672125   0.0009006150  -0.0123742248  -0.0123320913
        0.0078740001  -0.0000272130   0.0000372469  -0.0001253970   0.0001537367
       -0.0000496962   0.0001712741   0.0001949007   0.0000275338  -0.0001685427
        0.0000004816   0.0000093018   0.0000215616   0.0000278981  -0.0000176192
        0.0000241957   0.0000150208   0.0000021443   0.0000065987  -0.0000057570
       -0.0000141985  -0.0000140714   0.0000093470  -0.0000561972   0.0000162397
        0.0000060364   0.0000001349   0.0000058631   0.0000042719   0.0000178937
        0.0000183534   0.0000030285   0.0000068305   0.0000026974   0.0000004665
        0.0000005391   0.0000036146  -0.0000031256   0.0000134250   0.0000006947
       -0.0000008901  -0.0000025788  -0.0000014296  -0.0000015035   0.0000080052
       -0.0000028471  -0.0000140925   0.0000038694  -0.0000017833   0.0000029570
       -0.0000028240  -0.0000036853   0.0001014811  -0.0000049006   0.0000294923
       -0.0000427480   0.0000197086   0.0000009372   0.0000250197  -0.0000036021
       -0.0000342733  -0.0000030358  -0.0000031925   0.0000027151  -0.0000095111
        0.0000006594  -0.0000059544   0.0000210368   0.0000021234   0.0000075042
       -0.0000017214   0.0000031589  -0.0000204095  -0.0000001376   0.0000010268
       -0.0000027625  -0.0000010838  -0.0000008233  -0.0000008276  -0.0000058246
       -0.0000043491  -0.0000045986   0.0000000793   0.0000043319   0.0000028390
       -0.0000027053  -0.0000050385  -0.0000020384   0.0000024842   0.0000033217
       -0.0000029562   0.0002576216  -0.0000317485   0.0006533424  -0.0002314027
       -0.0000321436   0.0003474320  -0.0004581971  -0.0001683407  -0.0004181302
       -0.0000448267  -0.0000028875  -0.0000094891  -0.0000109219  -0.0000307246
        0.0000127781   0.0000118225   0.0000094948  -0.0000162271  -0.0000121922
       -0.0000017260   0.0000176375  -0.0000755588  -0.0000433399  -0.0005429615
        0.0000452138  -0.0006001701   0.0002821926  -0.0000191146   0.0000486070
       -0.0003902231  -0.0000114324  -0.0005768705  -0.0006312396   0.0001140964
        0.0000376912   0.0001104919   0.0000389197  -0.0000301164  -0.0000006129
       -0.0000130500   0.0000244662   0.0000063629  -0.0000034196  -0.0000200182
       -0.0000026845
       -0.0000327963   0.0035722809   0.0007319875   0.0142221009   0.0070378531
       -0.0646517707  -0.1172013782  -0.1746648767  -0.0506373478  -0.0298048347
       -0.0362219753   0.0018104931   0.2622794915   0.3901367358   0.0399205239
       -0.0112599486  -0.0115783637  -0.0076995246   0.0110590594   0.0215121278
        0.0565968698  -0.0002507431  -0.0003203482   0.0000045858  -0.1060596541
       -0.1506184139   0.0383665816  -0.0030723273  -0.0410466412  -0.0208344183
       -0.0031574144   0.0044250598  -0.0013456950  -0.0148970411  -0.0129206939
        0.0089001401   0.0000144871   0.0000535846  -0.0000290241  -0.0001636953
       -0.0000036894  -0.0001901646  -0.0001331765   0.0000095050   0.0000798761
        0.0000038207   0.0000360988   0.0000034786  -0.0000258011  -0.0000071679
       -0.0000010986   0.0000254550   0.0000094113   0.0000123527  -0.0000032593
       -0.0000049536  -0.0000108500   0.0001372162  -0.0000483997   0.0000492081
        0.0000039379  -0.0000086131   0.0000055758   0.0000175593  -0.0000104369
        0.0000349026  -0.0000065152  -0.0000012870  -0.0000000757   0.0000026469
        0.0000030872   0.0000033530  -0.0000075553   0.0000003961   0.0000066087
       -0.0000150759   0.0000009837   0.0000000012   0.0000129448  -0.0000106887
       -0.0000036654  -0.0000078787   0.0000039433   0.0000046138  -0.0000138124
        0.0000034815   0.0000028183   0.0000347715  -0.0000821048   0.0000567647
       -0.0001147944   0.0000099661  -0.0001255311  -0.0000087388   0.0000074718
       -0.0000306383  -0.0000071270  -0.0000053351   0.0000078831  -0.0000104716
       -0.0000004544  -0.0000032243   0.0000107608   0.0000105479  -0.0000144984
       -0.0000193016   0.0000025307  -0.0000190629  -0.0000047898   0.0000014104
        0.0000061939  -0.0000025464  -0.0000063883   0.0000018426   0.0000103978
       -0.0000012097   0.0000061301  -0.0000020562  -0.0000012311   0.0000037271
        0.0000004886  -0.0000043580  -0.0000054889   0.0000024694   0.0000028180
        0.0000017729  -0.0001149597  -0.0002581695  -0.0003541331  -0.0002042546
       -0.0000199515   0.0001639907  -0.0008612996   0.0006655840  -0.0003101496
        0.0000805961   0.0001197969   0.0000039751  -0.0000193327  -0.0000197498
       -0.0000095365   0.0000284929  -0.0000058222   0.0000151956  -0.0000254214
        0.0000357636  -0.0000166898   0.0000418170  -0.0004633498  -0.0005389588
       -0.0002291071   0.0008116004   0.0002403288  -0.0000656755   0.0002141710
       -0.0004791916  -0.0001248255  -0.0002948938   0.0002102285  -0.0000377486
       -0.0000492724   0.0000457595   0.0000067336  -0.0000006430   0.0000004301
        0.0000105147   0.0000012901   0.0000000803  -0.0000404040  -0.0000080172
        0.0000124646
       -0.0001563945  -0.0015198390  -0.0043118293  -0.0147154242  -0.0206133944
       -0.0369714289  -0.0902792923  -0.1072861517  -0.1486547624   0.0001718242
        0.0014551140   0.0044333306  -0.0427695153   0.0399205239   0.6698622615
        0.0071889178   0.0081630732   0.0066135634   0.0206961671   0.0149360113
       -0.0367894664  -0.0001271897   0.0000451274   0.0007268673   0.1086687658
        0.0942510811  -0.1577652338   0.0180295305  -0.0209610015  -0.2979424518
        0.0013529772  -0.0008935687  -0.0058930899  -0.0088411542  -0.0080605114
        0.0065423543  -0.0003685604  -0.0000068883  -0.0001773004   0.0001032923
        0.0000738583   0.0000482742   0.0001432797  -0.0001067254   0.0001202434
       -0.0000575391   0.0000177976   0.0000076632  -0.0000511287  -0.0000883762
       -0.0000400042   0.0000279822   0.0000131015   0.0000168778   0.0000287499
       -0.0000005302   0.0000153423   0.0001551578  -0.0000056243   0.0000266005
        0.0000099249   0.0000047930   0.0000086098  -0.0000435382   0.0000144750
        0.0000615348   0.0000120579   0.0000265574   0.0000296848   0.0000081518
        0.0000092245  -0.0000013602  -0.0000354876  -0.0000032032   0.0000225022
        0.0000058219  -0.0000015794  -0.0000027182  -0.0000177998  -0.0000074240
       -0.0000062805   0.0000154675   0.0000015372   0.0000172369  -0.0000033223
       -0.0000052418   0.0000032455  -0.0001568616  -0.0000080760   0.0001740212
       -0.0001460656   0.0000646244  -0.0000900822   0.0000848763  -0.0000457084
        0.0000064342   0.0000065579   0.0000014572   0.0000113169  -0.0000160323
       -0.0000113190  -0.0000077442   0.0000300599  -0.0000169961  -0.0000493128
        0.0000065757  -0.0000235736  -0.0000468213   0.0000204582   0.0000202634
        0.0000217101   0.0000036602  -0.0000068182   0.0000025414  -0.0000067109
       -0.0000200510   0.0000047652   0.0000136477   0.0000099989   0.0000189374
        0.0000103172  -0.0000054392  -0.0000084328   0.0000194247   0.0000182657
       -0.0000055995  -0.0004425843   0.0003179044  -0.0005718952   0.0001985632
       -0.0005372617  -0.0008642684   0.0002914334  -0.0000687317   0.0008760244
       -0.0000023178   0.0000151015   0.0001542440  -0.0000036312  -0.0000127153
        0.0000400829   0.0000317813  -0.0000036813   0.0000220079  -0.0000166668
       -0.0000070505  -0.0000217729   0.0009116416   0.0010199698   0.0005184285
       -0.0002211400   0.0003079713   0.0004484640   0.0000865013   0.0000483967
       -0.0007072215   0.0001294313  -0.0004348692  -0.0000371341  -0.0000180193
        0.0000582759   0.0000883639   0.0000428198  -0.0000641509   0.0000020398
       -0.0000027963   0.0000437620   0.0000297387  -0.0000066456  -0.0000317652
       -0.0000091025
        0.0004491001   0.0005457149  -0.0003065122  -0.0017330754  -0.0014404745
        0.0054663786  -0.1431102741  -0.1054134584   0.0829301372   0.0041268672
       -0.0035799043   0.0007201687  -0.0110621411  -0.0112599486   0.0071889178
        0.1559056611   0.1260841099  -0.0921748530   0.0000280308   0.0002037156
       -0.0004451742   0.0000062716  -0.0000603001  -0.0001202448   0.0023940664
       -0.0059617028  -0.0013462230  -0.0009139229   0.0017650926   0.0002671955
       -0.0008487606   0.0009452167  -0.0002291304  -0.0005253119  -0.0004013576
        0.0004259314  -0.0004896461  -0.0001069567  -0.0004587969   0.0000612977
        0.0000765700  -0.0000948013   0.0000342879  -0.0002467145   0.0002906082
       -0.0001044296  -0.0000569065  -0.0000364808  -0.0001018809  -0.0000487299
       -0.0000779007  -0.0000462109  -0.0000015528  -0.0000056536   0.0000308824
        0.0000423728   0.0000267219  -0.0004318201   0.0002373853  -0.0003618682
       -0.0000079705  -0.0000013917  -0.0000012731   0.0000100491   0.0000498396
       -0.0000026935   0.0000086908   0.0000104606   0.0000149301  -0.0000081016
       -0.0000106164   0.0000068715  -0.0000460883  -0.0000570183   0.0000560581
        0.0000121771  -0.0000054590   0.0000126288   0.0000119124  -0.0000042752
        0.0000111013   0.0000264846  -0.0000151440   0.0000300462   0.0000014438
        0.0000005944  -0.0000032342  -0.0011048561   0.0002236977   0.0002212009
        0.0001213729   0.0000710948  -0.0000200615   0.0000807258  -0.0000807758
        0.0000991585   0.0000144274   0.0000091955   0.0000163830  -0.0000049716
       -0.0000357224   0.0000071996  -0.0000155338  -0.0000065369  -0.0000111929
        0.0000481510  -0.0000261890   0.0000284945   0.0000048587   0.0000071079
        0.0000139921  -0.0000010148  -0.0000052610  -0.0000029437   0.0000016320
        0.0000002334  -0.0000003008   0.0000046977   0.0000086939   0.0000117516
        0.0000141170   0.0000038116   0.0000160579   0.0000095449   0.0000103173
       -0.0000012265  -0.0001661655  -0.0001909678  -0.0005626296   0.0000519991
        0.0000326122  -0.0000237467  -0.0002820705   0.0002638425   0.0000815158
        0.0000546059   0.0000332224  -0.0000265108  -0.0000067606   0.0000061011
       -0.0000149438   0.0000082459  -0.0000017421   0.0000015281  -0.0000026324
       -0.0000010293  -0.0000018265  -0.0017327253  -0.0018744012  -0.0013430406
       -0.0004613986   0.0001495070  -0.0005524182  -0.0001421419  -0.0000750370
        0.0005727378  -0.0001602486   0.0001841498  -0.0002466514   0.0000025868
       -0.0000069462  -0.0000209674  -0.0000276040   0.0000195721  -0.0000027012
        0.0000073191  -0.0000094228  -0.0000115683   0.0000062506   0.0000017111
       -0.0000101454
        0.0005007609   0.0007306248  -0.0010354385   0.0010016147   0.0017624492
        0.0023895762  -0.1063173512  -0.1355881633   0.0799453681  -0.0035175414
        0.0036526104  -0.0014069103  -0.0133118535  -0.0115783637   0.0081630732
        0.1260841099   0.1450636486  -0.0853412469   0.0002895974   0.0000163660
       -0.0003177971   0.0000995163   0.0001569978  -0.0002225691  -0.0056543481
        0.0015186156  -0.0027204643   0.0015770116  -0.0007539809   0.0008081106
        0.0009210850  -0.0008097063   0.0000730874  -0.0004997514  -0.0005337914
        0.0004794542  -0.0010664952   0.0004213865  -0.0005554869   0.0006550325
       -0.0002080450   0.0001804365   0.0006085683  -0.0002737787   0.0005530113
       -0.0000828898   0.0002130706   0.0000782383  -0.0000584182  -0.0000004067
       -0.0000595491  -0.0000211603  -0.0000222005  -0.0000444570  -0.0000180579
       -0.0000751130  -0.0000433033  -0.0001987640  -0.0002117786  -0.0000711864
       -0.0000221915   0.0000071864  -0.0000135148  -0.0000062912   0.0000532050
       -0.0000335283   0.0000185059  -0.0000092531   0.0000097146  -0.0000244221
       -0.0000054953   0.0000094047  -0.0000181337   0.0000331480   0.0000246540
        0.0000379368  -0.0000214321  -0.0000076933  -0.0000080039   0.0000104948
        0.0000116785  -0.0000358818   0.0000077075  -0.0000243301   0.0000292178
       -0.0000328179  -0.0000050944   0.0003258824   0.0005984714  -0.0000579938
        0.0001114507  -0.0001354898   0.0002825226   0.0000550409  -0.0000588248
       -0.0000263435   0.0000118794  -0.0000087634   0.0000033558  -0.0000128772
       -0.0000248418   0.0000184509  -0.0000006700  -0.0000117412  -0.0000171054
        0.0000391891  -0.0000347757   0.0000247848   0.0000229022  -0.0000085108
        0.0000126861   0.0000176983  -0.0000059614   0.0000046118  -0.0000066635
        0.0000019735  -0.0000049467   0.0000001557  -0.0000021687  -0.0000024179
        0.0000071513  -0.0000146846   0.0000013964  -0.0000041420  -0.0000107511
       -0.0000105580   0.0000396324  -0.0006735179  -0.0000675754  -0.0001266116
        0.0003916664   0.0005231754  -0.0000009896  -0.0002145883  -0.0004463536
        0.0000008652  -0.0000419279  -0.0000312135   0.0000038549   0.0000042080
       -0.0000056381  -0.0000028737   0.0000046206  -0.0000101508   0.0000022776
       -0.0000200776   0.0000065873  -0.0014472212  -0.0026113805  -0.0011600431
       -0.0001893311  -0.0005791376   0.0006149179   0.0001682163   0.0002806752
       -0.0004650934   0.0000495919  -0.0003598432  -0.0000654783  -0.0000125255
        0.0000105393   0.0000531010   0.0000042236   0.0000066745   0.0000014018
        0.0000034526   0.0000025934  -0.0000065027  -0.0000209609  -0.0000076206
        0.0000071845
        0.0016066475   0.0021475098  -0.0033590621   0.0193509702   0.0172038826
       -0.0175041704   0.0826347673   0.0787167783  -0.1056750672   0.0007858282
       -0.0010404808  -0.0060884994  -0.0082156771  -0.0076995246   0.0066135634
       -0.0921748530  -0.0853412469   0.1232203786  -0.0004275488  -0.0004254301
       -0.0001459184   0.0010582705   0.0009218533  -0.0007442471  -0.0014201257
       -0.0025146430  -0.0004841916  -0.0007737380  -0.0003687525   0.0008241557
       -0.0001636987   0.0000553218   0.0000291157  -0.0004958760  -0.0004413766
        0.0002309095  -0.0015775718  -0.0000095824  -0.0007163143   0.0005675603
        0.0000010119   0.0001144415   0.0006711991  -0.0005247198   0.0006543800
       -0.0002246920   0.0000763155  -0.0000329252  -0.0001029988  -0.0000825112
       -0.0000593766   0.0000172839  -0.0000025704   0.0000250141   0.0000391803
       -0.0000215775  -0.0000143102   0.0001926412  -0.0000994432  -0.0000944762
       -0.0000018937   0.0000072691   0.0000012748   0.0000350779   0.0000908069
        0.0000286999   0.0000466272   0.0000371896   0.0000390207  -0.0000091256
        0.0000113519  -0.0000173729  -0.0000013116  -0.0000000019   0.0000671651
        0.0000407417  -0.0000070033  -0.0000093335  -0.0000035282   0.0000256524
       -0.0000304968   0.0000260896  -0.0000040796   0.0000123578   0.0000179645
       -0.0000200356   0.0000037574  -0.0002600461  -0.0000321150   0.0007079194
       -0.0001324012   0.0003703910  -0.0002561194   0.0001789725  -0.0000955677
       -0.0000028974   0.0000269475   0.0000114172  -0.0000013330  -0.0000099964
       -0.0000316946   0.0000381366   0.0000373558   0.0000191391  -0.0000490215
       -0.0000085721  -0.0000743836  -0.0000000616   0.0000488546   0.0000167323
        0.0000392053   0.0000076870  -0.0000062906   0.0000080693  -0.0000004088
        0.0000030922  -0.0000246016   0.0000188349   0.0000086585   0.0000183489
        0.0000010654  -0.0000041497  -0.0000024387   0.0000233888   0.0000133362
       -0.0000063271   0.0000011110  -0.0008675149   0.0006759160   0.0001503676
        0.0003479137   0.0000325270  -0.0001932015  -0.0002990450   0.0000534668
        0.0000112342  -0.0000771785   0.0000564319  -0.0000027134  -0.0000109841
        0.0000548837  -0.0000034026  -0.0000096875   0.0000044048   0.0000212556
       -0.0000413417   0.0000193493  -0.0003810120  -0.0001795845   0.0011943943
       -0.0005055421   0.0002139082   0.0005153500   0.0004583516   0.0002261816
       -0.0006955937  -0.0007991083  -0.0002506051   0.0005937051  -0.0001302210
        0.0000378212   0.0000931899   0.0000189147  -0.0000043218   0.0000190524
       -0.0000206899   0.0000020008   0.0000009406  -0.0000552355   0.0000219087
        0.0000246304
        0.0006294263  -0.0026213935   0.0017249717  -0.0334010564  -0.0332311701
        0.0176415896  -0.0066405454  -0.0038113448  -0.0180665266  -0.1499357650
       -0.1178816642  -0.0919007249   0.0092411111   0.0110590594   0.0206961671
        0.0000280308   0.0002895974  -0.0004275488   0.3956215650   0.2728918702
       -0.0513581925   0.0013626961  -0.0002039971  -0.0003507945  -0.0737659227
       -0.0173819522   0.0493415467   0.0016724474  -0.0059346725   0.0031432839
       -0.1466769280  -0.0989906165   0.0855403156   0.0008021977  -0.0028823201
       -0.0171080245  -0.0001594655  -0.0000051084   0.0000248623   0.0001703092
       -0.0000071771   0.0000899241   0.0000048748   0.0000468936  -0.0001006755
        0.0000003202   0.0000110450   0.0000123418  -0.0000093122  -0.0000563659
       -0.0000136205   0.0000046723   0.0000036755   0.0000107172   0.0000063285
        0.0000007263  -0.0000022564   0.0000059836   0.0000316847   0.0000111693
        0.0000025753  -0.0000062559   0.0000045269  -0.0000420173   0.0000020626
       -0.0000223517   0.0000074387   0.0000059372   0.0000012457  -0.0000094883
        0.0000056570  -0.0000150362   0.0000114189   0.0000073300  -0.0000228010
        0.0000018564  -0.0000063981  -0.0000074045  -0.0000182525  -0.0000007466
       -0.0000088439   0.0000146095   0.0000089140  -0.0000003974  -0.0000023100
       -0.0000017168   0.0000015646   0.0000042734   0.0000031762  -0.0000600979
       -0.0000543296  -0.0000569158   0.0000434100  -0.0000273887   0.0000081652
       -0.0000000132   0.0000028149   0.0000141944  -0.0000036140   0.0000090571
        0.0000113326  -0.0000080137  -0.0000004871  -0.0000055598   0.0000181387
        0.0000353047   0.0000028187   0.0000190113   0.0000018859   0.0000189376
       -0.0000068879   0.0000012227  -0.0000028991  -0.0000054111  -0.0000095787
       -0.0000077675  -0.0000024914   0.0000014397   0.0000060344   0.0000054072
       -0.0000031388  -0.0000005803   0.0000078744   0.0000064933   0.0000063001
       -0.0000045565   0.0003724592   0.0005937404   0.0007127491  -0.0001303938
       -0.0003237885  -0.0009851762   0.0008744652  -0.0004304491   0.0007409181
       -0.0001054624  -0.0001332990   0.0002228892   0.0000160952   0.0000035246
        0.0000514738  -0.0000314725  -0.0000028266  -0.0000015506   0.0000333596
        0.0000049521  -0.0000098535  -0.0003063034  -0.0003982058   0.0002490211
        0.0004941420  -0.0009367694  -0.0001204678  -0.0002123950  -0.0005529575
        0.0004428379   0.0000338738   0.0007879212  -0.0000692702   0.0000048376
        0.0000929910  -0.0000628213  -0.0000062290  -0.0000400138   0.0000239799
        0.0000004592   0.0000024489   0.0000152894   0.0000681970  -0.0000060582
       -0.0000518027
       -0.0019175189   0.0014482992   0.0018227117  -0.0413813219  -0.0337006781
        0.0267198953  -0.0038844224  -0.0134133997  -0.0247584926  -0.1097494878
       -0.1742383013  -0.1101288690   0.0173703494   0.0215121278   0.0149360113
        0.0002037156   0.0000163660  -0.0004254301   0.2728918702   0.3969260523
        0.0352650035  -0.0026250619  -0.0019505067  -0.0031546585  -0.0260645786
       -0.0745567399   0.0042372990  -0.0060453085   0.0021832654   0.0019119136
       -0.0988968990  -0.1219979853   0.0735034338  -0.0001835887  -0.0025310648
       -0.0202966620  -0.0001078758  -0.0000276284   0.0001312362  -0.0002076992
        0.0000319480  -0.0001441240  -0.0001767174   0.0000671372  -0.0000072279
        0.0000236666   0.0000230986   0.0000243378  -0.0000372722  -0.0000546608
       -0.0000303699   0.0000070702   0.0000042789   0.0000159205   0.0000058299
        0.0000068513  -0.0000103231   0.0000135156   0.0000501164   0.0000315716
       -0.0000014875  -0.0000149771   0.0000061986  -0.0000230177  -0.0000229744
       -0.0000173270  -0.0000020044   0.0000006805  -0.0000050895  -0.0000099785
        0.0000046260  -0.0000137986   0.0000097588   0.0000086418  -0.0000283219
       -0.0000037553  -0.0000071134  -0.0000069726  -0.0000104992  -0.0000191383
       -0.0000033162   0.0000157852   0.0000082213   0.0000026335  -0.0000102696
       -0.0000030056   0.0000078777  -0.0000017493  -0.0000038044  -0.0000866928
       -0.0000761909  -0.0000988411   0.0000183859  -0.0000414829   0.0000070821
        0.0000002519  -0.0000006638   0.0000119936  -0.0000005471   0.0000068321
        0.0000157209  -0.0000097583  -0.0000143017   0.0000000497   0.0000129129
        0.0000135583   0.0000120288   0.0000201020  -0.0000065371   0.0000165701
       -0.0000036300   0.0000012851  -0.0000078490  -0.0000024537   0.0000005160
       -0.0000068771   0.0000081251  -0.0000018679   0.0000025290   0.0000063889
       -0.0000020703  -0.0000020524   0.0000076354   0.0000053189   0.0000039783
       -0.0000019112   0.0001177375   0.0003684169  -0.0002299709   0.0001216814
       -0.0005015156  -0.0008761678   0.0011456692   0.0004670229   0.0008939843
       -0.0000496103  -0.0000451711   0.0001313737   0.0000011983  -0.0000050538
        0.0000054874  -0.0000115134   0.0000043344   0.0000168877  -0.0000145966
        0.0000670121  -0.0000406350  -0.0002124249  -0.0007419319   0.0001726219
        0.0000617360   0.0005138383  -0.0001526807   0.0000251279  -0.0003841280
        0.0001423403  -0.0001963043   0.0005028102   0.0004222026  -0.0000778892
        0.0000508064  -0.0000461342  -0.0000144808  -0.0000125701   0.0000288267
        0.0000046387  -0.0000216205  -0.0000000609   0.0000135870   0.0000336844
       -0.0000219453
        0.0042710671   0.0034466802   0.0012708615  -0.0261422434  -0.0175938271
        0.0560945196  -0.0182990269  -0.0252207827  -0.0469445739  -0.0364708982
       -0.0522019536  -0.1526289580   0.0616661309   0.0565968698  -0.0367894664
       -0.0004451742  -0.0003177971  -0.0001459184  -0.0513581925   0.0352650035
        0.6451349650  -0.0162228649  -0.0185933284  -0.0154202059  -0.0060890530
       -0.0517047840  -0.3228047449   0.0026102642   0.0015451511  -0.0006440468
        0.0858244979   0.0733491497  -0.1103305456  -0.0004015209  -0.0033379248
       -0.0170118361  -0.0000519354   0.0000830288  -0.0001210434   0.0001029830
        0.0001023071  -0.0000062522  -0.0001168475  -0.0001027801   0.0001867673
        0.0000244015  -0.0000513846  -0.0000191398   0.0000166689   0.0000444541
        0.0000097243  -0.0000071551   0.0000024484  -0.0000040115   0.0000004416
        0.0000178481   0.0000088929   0.0000056139   0.0000368253  -0.0000149108
       -0.0000014897  -0.0000040317   0.0000022369   0.0000352136   0.0000104991
       -0.0000084307  -0.0000108132  -0.0000157746  -0.0000167637   0.0000017363
       -0.0000063960   0.0000125667  -0.0000101912  -0.0000034623  -0.0000076041
       -0.0000145260   0.0000023891   0.0000050212   0.0000101123  -0.0000035121
        0.0000005537  -0.0000114056  -0.0000018308   0.0000015199  -0.0000048301
        0.0000116146  -0.0000074667   0.0000021555  -0.0000227080  -0.0000913879
        0.0000731370  -0.0000741348   0.0000484581  -0.0000274897  -0.0000013150
       -0.0000110539  -0.0000067359  -0.0000043318   0.0000034032  -0.0000052169
        0.0000012963  -0.0000108253  -0.0000045399   0.0000054794   0.0000351365
        0.0000022713   0.0000168329  -0.0000069139  -0.0000120002  -0.0000065303
       -0.0000067367  -0.0000034891   0.0000013522  -0.0000026863   0.0000043820
        0.0000036563  -0.0000012703  -0.0000060569   0.0000008424  -0.0000063299
       -0.0000017772   0.0000019511   0.0000005687  -0.0000073583  -0.0000023050
        0.0000017028  -0.0004763927   0.0000003671   0.0002151499   0.0006478262
       -0.0005637755  -0.0001571247   0.0008576560  -0.0000059921   0.0002823659
       -0.0001016602  -0.0000136651  -0.0000569691   0.0000151792  -0.0000693162
        0.0000911112  -0.0000190880   0.0000086840  -0.0000193649  -0.0000228518
        0.0000318055   0.0000167066   0.0004751540   0.0005036345  -0.0002546962
        0.0001002209  -0.0009359923  -0.0000428463  -0.0002828488   0.0000171918
        0.0003647370  -0.0001740356  -0.0001905148  -0.0001126169   0.0000903231
       -0.0000772928  -0.0000598437  -0.0000229442   0.0000195673   0.0000006292
        0.0000066027  -0.0000020437  -0.0000047644  -0.0000113857   0.0000025574
       -0.0000162489
       -0.0001748007   0.0000775865   0.0026649445  -0.0015565500   0.0012491482
        0.0192818264   0.0011915661  -0.0058417211   0.0027993030  -0.0397158829
       -0.0026371221   0.0182544821  -0.0004703302  -0.0002507431  -0.0001271897
        0.0000062716   0.0000995163   0.0010582705   0.0013626961  -0.0026250619
       -0.0162228649   0.0418873481   0.0111802078  -0.0213954794   0.0023090568
       -0.0059973037  -0.0013673274  -0.0009008079   0.0008890650  -0.0001427042
       -0.0008745435   0.0015705347  -0.0008662870  -0.0000627270  -0.0000710376
       -0.0008448098   0.0000713543   0.0000197756   0.0000487416   0.0001519614
        0.0001490410  -0.0001765143   0.0000997070   0.0000714273  -0.0000722861
        0.0000103629   0.0000195238   0.0000365483   0.0000077706  -0.0000111170
       -0.0000055027   0.0000068440  -0.0000122595  -0.0000000167  -0.0000100121
       -0.0000100143  -0.0000135898  -0.0000289088  -0.0000150182   0.0000027085
        0.0000091699   0.0000012630   0.0000032023   0.0000070490   0.0000107069
       -0.0000097196  -0.0000013093   0.0000038917  -0.0000044449  -0.0000035544
        0.0000016418  -0.0000078981   0.0000038531   0.0000142251  -0.0000140934
        0.0000138268  -0.0000028197  -0.0000121177  -0.0000199257   0.0000092612
        0.0000049867   0.0000060619   0.0000036018  -0.0000034618   0.0000128539
       -0.0000129057  -0.0000072760   0.0000284825   0.0000410370  -0.0000418123
       -0.0000017622  -0.0000201598   0.0000818692   0.0000105642  -0.0000049672
       -0.0000148101   0.0000073080   0.0000079100  -0.0000062091  -0.0000005777
        0.0000083215  -0.0000043603  -0.0000054771  -0.0000121023  -0.0000123528
        0.0000227801   0.0000046067   0.0000242274   0.0000152136   0.0000100338
       -0.0000045222   0.0000126720  -0.0000005835  -0.0000036000  -0.0000185000
       -0.0000032312  -0.0000061355   0.0000036719   0.0000058467   0.0000020887
       -0.0000010908  -0.0000023288   0.0000003198   0.0000094761   0.0000029919
       -0.0000098795  -0.0005021110  -0.0007761797  -0.0015849512  -0.0030360837
        0.0019498210   0.0000709356   0.0001128407  -0.0001036738  -0.0004842376
        0.0000986925  -0.0000107332   0.0000289400   0.0000757258   0.0000935584
       -0.0002379006   0.0000327427  -0.0000600362   0.0000473464   0.0000293507
       -0.0000477322   0.0000369498   0.0003453441  -0.0000236208  -0.0007317511
       -0.0004677418   0.0005444578  -0.0004323081   0.0005064638  -0.0002855907
        0.0002061878  -0.0004078440   0.0006094632   0.0002249011  -0.0001007863
        0.0001298102  -0.0000231616  -0.0000314278   0.0000032603   0.0000223816
       -0.0000328125  -0.0000145080  -0.0000057034  -0.0000435148   0.0000710349
       -0.0000038825
       -0.0008745344   0.0001418584   0.0022288664  -0.0011743249   0.0013886722
        0.0165216553  -0.0059049018   0.0016467457   0.0014721118  -0.0020719452
       -0.0399200215  -0.0317870143  -0.0000907452  -0.0003203482   0.0000451274
       -0.0000603001   0.0001569978   0.0009218533  -0.0002039971  -0.0019505067
       -0.0185933284   0.0111802078   0.0423546310   0.0347381314  -0.0059216214
        0.0016451887  -0.0024355886   0.0009118766  -0.0008769652   0.0001586711
        0.0017782130  -0.0008431425  -0.0002974231   0.0001068580  -0.0001879923
       -0.0008510802   0.0001077610   0.0000156663   0.0000103457   0.0004457165
       -0.0001558048  -0.0000136484   0.0000932246   0.0000996261  -0.0001062227
        0.0000036957   0.0000385798   0.0000309281  -0.0000000638   0.0000033073
        0.0000058981   0.0000071612  -0.0000151845  -0.0000057844  -0.0000002952
       -0.0000145302  -0.0000107038  -0.0000372242  -0.0000145798  -0.0000158277
        0.0000073893  -0.0000018723  -0.0000001010   0.0000272066   0.0000201939
       -0.0000014264   0.0000049298   0.0000008263  -0.0000028127  -0.0000009927
        0.0000009674  -0.0000034740   0.0000038635   0.0000080959  -0.0000041611
        0.0000126978  -0.0000044202  -0.0000094521  -0.0000130640   0.0000159639
       -0.0000030269  -0.0000029910   0.0000024631  -0.0000026219   0.0000100810
       -0.0000117228  -0.0000052171   0.0000328109   0.0000284038  -0.0000139964
        0.0000061193  -0.0000040607   0.0000543897   0.0000063995  -0.0000028284
       -0.0000070955   0.0000054141   0.0000026453  -0.0000035505   0.0000003075
        0.0000036926   0.0000012385  -0.0000048217   0.0000010565  -0.0000163752
        0.0000195982   0.0000017271   0.0000273120   0.0000170269   0.0000073093
       -0.0000046528   0.0000135912  -0.0000030092  -0.0000022290  -0.0000163025
        0.0000054201  -0.0000081540  -0.0000011501   0.0000004287   0.0000016204
        0.0000002286  -0.0000032257   0.0000010818   0.0000081469  -0.0000002312
       -0.0000076090   0.0003330886  -0.0002620795  -0.0002558423  -0.0004740255
        0.0017366572   0.0003619613   0.0003184815  -0.0006768897  -0.0007351527
       -0.0000887038  -0.0002896041   0.0000732693   0.0000657594   0.0000376755
        0.0001938365  -0.0000998413  -0.0000127583  -0.0000272267   0.0000584680
       -0.0001408379   0.0000216272   0.0001388529  -0.0000098106  -0.0006528616
        0.0008262272  -0.0000268911  -0.0010407029   0.0001239089  -0.0019374746
        0.0019116939   0.0006392087  -0.0019678132  -0.0015659004  -0.0002561160
        0.0002367096  -0.0002242826  -0.0000899758   0.0000609766  -0.0000350459
       -0.0000020670  -0.0000105217  -0.0000126203   0.0000754840   0.0000026410
       -0.0000194070
        0.0009707829   0.0005627346  -0.0009880060   0.0037978615   0.0008349301
       -0.0182042161   0.0029032710   0.0013486355  -0.0010554907   0.0186607160
       -0.0300452981  -0.3047557964  -0.0001515686   0.0000045858   0.0007268673
       -0.0001202448  -0.0002225691  -0.0007442471  -0.0003507945  -0.0031546585
       -0.0154202059  -0.0213954794   0.0347381314   0.3403383068  -0.0011753326
       -0.0028392011  -0.0003390126  -0.0001982488   0.0001803660   0.0001465264
        0.0001667560   0.0008445949   0.0008389748   0.0001102715   0.0000258525
       -0.0006634387  -0.0000502599  -0.0001038977  -0.0000037663  -0.0001533906
        0.0001605172  -0.0001681080  -0.0000757775  -0.0000517658   0.0001339787
        0.0000077998  -0.0000260869  -0.0000327512   0.0000057079  -0.0000057201
       -0.0000091841  -0.0000142201   0.0000036360   0.0000010164   0.0000007203
        0.0000101317   0.0000074310   0.0000207638   0.0000266716   0.0000053707
       -0.0000095584   0.0000027770  -0.0000023908  -0.0000098852  -0.0000105118
        0.0000135993  -0.0000051570  -0.0000096351   0.0000023486  -0.0000004611
       -0.0000033131   0.0000012764  -0.0000058963  -0.0000108836   0.0000080155
       -0.0000113856   0.0000024079   0.0000071878   0.0000191939  -0.0000051735
        0.0000035856  -0.0000037020  -0.0000025888   0.0000087238  -0.0000110437
        0.0000068770   0.0000011590  -0.0000370843  -0.0000410898   0.0000289257
        0.0000182356   0.0000123407  -0.0000854914  -0.0000254510   0.0000025930
        0.0000195127  -0.0000053625  -0.0000016445   0.0000073780  -0.0000021419
       -0.0000065592   0.0000005386  -0.0000049428  -0.0000034209   0.0000311587
       -0.0000147344   0.0000123245  -0.0000252091  -0.0000136410  -0.0000045891
        0.0000039228  -0.0000084634  -0.0000002942  -0.0000030685   0.0000047672
        0.0000059225   0.0000093830  -0.0000076548  -0.0000040867   0.0000015232
       -0.0000027146   0.0000011861   0.0000025937  -0.0000080475   0.0000018087
        0.0000043105  -0.0015007171  -0.0007535747  -0.0004395062  -0.0001003312
       -0.0000519800   0.0011053209  -0.0001425053  -0.0001114424  -0.0004866047
       -0.0001165897  -0.0000111815  -0.0000226609  -0.0000976953   0.0001159145
       -0.0000888040  -0.0000003262   0.0000099093  -0.0000744529   0.0000690445
       -0.0000544237  -0.0000263608  -0.0002461312  -0.0002197625   0.0004682149
       -0.0002654183  -0.0000593773   0.0003584794  -0.0000978096   0.0010728854
       -0.0005996185  -0.0003088108  -0.0020288147  -0.0000679173   0.0000156863
       -0.0001015654  -0.0000325355   0.0000149220  -0.0000019126  -0.0000207898
        0.0000315636  -0.0000532267   0.0000057609  -0.0000690847   0.0000125152
        0.0000682428
       -0.0002352956  -0.0004558705   0.0001159331  -0.0136233135  -0.0035092290
        0.0240364481  -0.0320323670  -0.0383272218  -0.0244626539   0.0192267666
        0.0160901019  -0.0157233715  -0.1683714347  -0.1060596541   0.1086687658
        0.0023940664  -0.0056543481  -0.0014201257  -0.0737659227  -0.0260645786
       -0.0060890530   0.0023090568  -0.0059216214  -0.0011753326   0.3910474750
        0.2732252326  -0.0363954290  -0.0017480169  -0.0017617758   0.0027317837
       -0.0022237765   0.0002188128   0.0199060198  -0.1233794277  -0.1017132629
       -0.0703070640  -0.0000663987  -0.0000135482  -0.0000180473   0.0001125646
        0.0000244235  -0.0000154256  -0.0000388529  -0.0000109348   0.0000039899
        0.0000179977   0.0000009231   0.0000020348  -0.0000097289  -0.0000345848
       -0.0000311642   0.0000092289   0.0000028157   0.0000166518   0.0000001371
        0.0000106780   0.0000052786   0.0000193488   0.0000689661   0.0000726588
        0.0000105342   0.0000005611   0.0000036221  -0.0000153741  -0.0000020123
        0.0000205398  -0.0000023314   0.0000083740   0.0000030630   0.0000034766
        0.0000060226  -0.0000046428   0.0000024051   0.0000020300  -0.0000175179
       -0.0000059065  -0.0000004638  -0.0000077150  -0.0000190022  -0.0000111371
        0.0000126287   0.0000132290   0.0000040916   0.0000077193  -0.0000035181
       -0.0000045760  -0.0000052598   0.0000331517  -0.0000335709  -0.0000505990
       -0.0000419133  -0.0000639608   0.0000018629  -0.0000380209   0.0000124619
       -0.0000055262  -0.0000033545   0.0000061844   0.0000020311   0.0000016602
        0.0000120630  -0.0000129821   0.0000097129  -0.0000060005  -0.0000145069
        0.0000140290   0.0000287935  -0.0000060266  -0.0000037507   0.0000065972
       -0.0000004596   0.0000023168  -0.0000027241  -0.0000007865  -0.0000088528
       -0.0000157624   0.0000115701   0.0000032870   0.0000083967   0.0000063202
        0.0000081583  -0.0000025205  -0.0000015557   0.0000088234   0.0000071011
       -0.0000046646   0.0000397462  -0.0000836335   0.0002324924   0.0000858553
        0.0000654535  -0.0001771762   0.0003711347   0.0000501809   0.0001691568
        0.0000054993  -0.0000309111   0.0000334097   0.0000022839   0.0000094648
       -0.0000113392   0.0000142681  -0.0000000330   0.0000082260  -0.0000044585
       -0.0000084447  -0.0000060419   0.0001115481   0.0000563961  -0.0001992406
       -0.0000217624  -0.0000446732  -0.0000731347  -0.0000992274  -0.0001389615
        0.0000546435  -0.0001708790   0.0000645245   0.0001463715   0.0000042054
        0.0000279305  -0.0000249899   0.0000205747  -0.0000344456  -0.0000124689
        0.0000045376   0.0000194772   0.0000118028   0.0000258075  -0.0000275973
       -0.0000107233
       -0.0002576985  -0.0005877986  -0.0001805210  -0.0029500558  -0.0072567417
        0.0180147001  -0.0319150339  -0.0336154839  -0.0163021178   0.0090091209
        0.0073359927  -0.0215086387  -0.1142987680  -0.1506184139   0.0942510811
       -0.0059617028   0.0015186156  -0.0025146430  -0.0173819522  -0.0745567399
       -0.0517047840  -0.0059973037   0.0016451887  -0.0028392011   0.2732252326
        0.4053955449   0.0484669788   0.0004488928   0.0013664537  -0.0001152268
       -0.0024528946   0.0009904486   0.0169870685  -0.1017332388  -0.1518235263
       -0.0828586029  -0.0001168299   0.0000494962  -0.0000054035   0.0001692858
       -0.0000017497   0.0000203336   0.0000122540   0.0001227850   0.0000664144
        0.0000109537   0.0000204240   0.0000092876  -0.0000106005  -0.0000501975
       -0.0000360503   0.0000113461   0.0000041912   0.0000144411  -0.0000036844
        0.0000002642  -0.0000014183  -0.0000173239   0.0000443177   0.0000875324
        0.0000118614  -0.0000001650   0.0000035159  -0.0000172625   0.0000016073
        0.0000201289   0.0000024136   0.0000091387   0.0000068124   0.0000003381
        0.0000043282  -0.0000062491   0.0000069376   0.0000040568  -0.0000190228
       -0.0000068366  -0.0000022942  -0.0000085330  -0.0000175825  -0.0000126238
        0.0000045982   0.0000136154   0.0000056108   0.0000032572  -0.0000080111
       -0.0000058375  -0.0000036425   0.0000569514  -0.0000106058  -0.0000676130
       -0.0000646821  -0.0000813794   0.0000065567  -0.0000590897   0.0000186120
       -0.0000122157  -0.0000007504   0.0000061508   0.0000024327   0.0000034180
        0.0000111326  -0.0000098357   0.0000146179  -0.0000043771  -0.0000139603
        0.0000151360   0.0000232339  -0.0000041918  -0.0000001111   0.0000060133
        0.0000022927   0.0000005776  -0.0000060165  -0.0000009218  -0.0000051792
       -0.0000173149   0.0000081447   0.0000057446   0.0000056496   0.0000072939
        0.0000065407  -0.0000045654  -0.0000016143   0.0000093735   0.0000054351
       -0.0000051526  -0.0000749797  -0.0000923879   0.0003295120   0.0000698086
       -0.0000391928  -0.0002825808   0.0002173138   0.0001127686   0.0001997317
        0.0000176048  -0.0000549289   0.0000589617  -0.0000054200  -0.0000021191
        0.0000088989   0.0000131977   0.0000087158   0.0000100919  -0.0000179912
       -0.0000055216  -0.0000196014   0.0001737914  -0.0001137530  -0.0002728331
       -0.0000589135   0.0000398606  -0.0000954073  -0.0000054546  -0.0001873883
        0.0001776375  -0.0001354559   0.0003646832   0.0001186920  -0.0000113497
        0.0000566824   0.0000015633   0.0000234849  -0.0000235795  -0.0000070761
        0.0000010766   0.0000209570   0.0000144020   0.0000352674  -0.0000236574
       -0.0000053030
        0.0000232611  -0.0002021682  -0.0013147544   0.0247994021   0.0176889969
       -0.0487921982   0.0172501812   0.0261838905   0.0588022130  -0.0566370825
       -0.0640840850  -0.0328466090   0.0535028704   0.0383665816  -0.1577652338
       -0.0013462230  -0.0027204643  -0.0004841916   0.0493415467   0.0042372990
       -0.3228047449  -0.0013673274  -0.0024355886  -0.0003390126  -0.0363954290
        0.0484669788   0.6461711574   0.0195534091   0.0166872702  -0.0186716405
        0.0030114283   0.0003615098  -0.0177393820  -0.0703236144  -0.0828750798
       -0.1038047150  -0.0001790327  -0.0000326238  -0.0000285613   0.0001043288
       -0.0000355900   0.0000621261   0.0000738498  -0.0000351973   0.0000572821
       -0.0000574441   0.0000484050   0.0000115255  -0.0000337180  -0.0000680810
       -0.0000393858  -0.0000137723   0.0000023362   0.0000041699   0.0000055364
       -0.0000043169  -0.0000117654  -0.0000487775  -0.0000208578  -0.0000372344
       -0.0000095367  -0.0000011869  -0.0000048981  -0.0000199023   0.0000138333
       -0.0000183946   0.0000176758   0.0000137408   0.0000097335  -0.0000153204
        0.0000009598  -0.0000182649   0.0000150208  -0.0000008476   0.0000019600
        0.0000123843  -0.0000074204  -0.0000026420   0.0000033171   0.0000028223
       -0.0000182021   0.0000172727   0.0000019697  -0.0000033600   0.0000002141
       -0.0000069544   0.0000096842  -0.0000010729   0.0000071729   0.0000615567
       -0.0000460368   0.0000705294  -0.0000519417   0.0000142897   0.0000173373
        0.0000173094   0.0000081666   0.0000128265  -0.0000042643   0.0000060040
       -0.0000043668   0.0000144832   0.0000128951   0.0000174600   0.0000055669
        0.0000019209  -0.0000272639   0.0000086671   0.0000012344   0.0000088269
        0.0000062979  -0.0000048551  -0.0000038340  -0.0000019721   0.0000098384
       -0.0000010881  -0.0000066178   0.0000043855   0.0000037828   0.0000054897
       -0.0000032524   0.0000021588   0.0000101783   0.0000001457   0.0000024380
       -0.0000018147  -0.0000429084  -0.0003626230   0.0002356494  -0.0003843705
        0.0000241417   0.0002475807  -0.0009004180   0.0003566692  -0.0005430773
        0.0000950520   0.0000145426   0.0000557309  -0.0000225079  -0.0000225179
        0.0000089982   0.0000102547   0.0000313001   0.0000324738  -0.0000283269
        0.0000349014  -0.0000368305   0.0001983499   0.0002351104  -0.0001620424
       -0.0002724962   0.0004685331   0.0002626438   0.0000116287   0.0000960365
       -0.0005812223  -0.0000580320  -0.0004910639  -0.0001523288   0.0000464144
        0.0000193900   0.0001532523   0.0000491661  -0.0000490168   0.0000412777
        0.0000070148   0.0000064828   0.0000160764   0.0000029978  -0.0000139979
       -0.0000257818
       -0.0000641500  -0.0003812996  -0.0004342890   0.0026119561  -0.0058070380
       -0.0012448122   0.0005651888  -0.0025703503  -0.0171939399  -0.0003459994
       -0.0001458915  -0.0000713408  -0.0398093193  -0.0030723273   0.0180295305
       -0.0009139229   0.0015770116  -0.0007737380   0.0016724474  -0.0060453085
        0.0026102642  -0.0009008079   0.0009118766  -0.0001982488  -0.0017480169
        0.0004488928   0.0195534091   0.0399952330   0.0132271281  -0.0212967312
       -0.0001424033   0.0000438395   0.0009721483  -0.0009247412   0.0017179542
        0.0003271885   0.0001195234  -0.0000308703   0.0000104029  -0.0000194150
        0.0000427570  -0.0000233099  -0.0000218923  -0.0000068998  -0.0000595063
        0.0000146371  -0.0000387402  -0.0000252356  -0.0000039000  -0.0000025864
       -0.0000066206  -0.0000119335   0.0000038178   0.0000039273   0.0000006780
        0.0000154877   0.0000107824  -0.0000118042   0.0000437842   0.0000320483
       -0.0000028994   0.0000001725  -0.0000013950  -0.0000143296  -0.0000067879
       -0.0000030887  -0.0000040906  -0.0000003537  -0.0000007934   0.0000009821
       -0.0000019360   0.0000010621   0.0000007355  -0.0000123595  -0.0000085399
       -0.0000078040   0.0000019292   0.0000026968   0.0000032565  -0.0000104239
        0.0000096067   0.0000106553  -0.0000029004   0.0000081004  -0.0000044978
        0.0000046436   0.0000020373  -0.0000016793  -0.0000324421  -0.0000692623
        0.0000358697  -0.0000337050   0.0000042963  -0.0000425637   0.0000191199
        0.0000028175   0.0000002994   0.0000039184   0.0000027808   0.0000026252
        0.0000006769  -0.0000044571  -0.0000023508   0.0000023762   0.0000137403
        0.0000034833   0.0000122837  -0.0000085548  -0.0000057876   0.0000011114
        0.0000007517  -0.0000035181   0.0000007906   0.0000002248   0.0000027978
       -0.0000037556   0.0000089338   0.0000008855   0.0000021841   0.0000029730
        0.0000054587   0.0000031445   0.0000056530  -0.0000012726   0.0000004447
        0.0000035200  -0.0000853189   0.0001286706  -0.0001982982   0.0000557818
       -0.0002000609  -0.0000688424  -0.0000095863   0.0001369382   0.0001464528
        0.0000015172   0.0000307160  -0.0000094578  -0.0000074915  -0.0000021621
       -0.0000012726   0.0000066673   0.0000041452   0.0000083087  -0.0000071057
        0.0000064769  -0.0000071017  -0.0000219788   0.0000628706   0.0001110067
       -0.0000540053   0.0000038172  -0.0000568379  -0.0000944834   0.0000407068
        0.0000331631   0.0001425722  -0.0000825063  -0.0001611040   0.0000238110
       -0.0000028454   0.0000152736   0.0000059764  -0.0000027226   0.0000015822
       -0.0000021272   0.0000002559  -0.0000016492   0.0000081575  -0.0000036691
       -0.0000062557
       -0.0001767115  -0.0002853571  -0.0005814215  -0.0058000679   0.0017955943
       -0.0028243204   0.0002217161  -0.0021444147  -0.0199654908  -0.0003088241
       -0.0005340938   0.0000913593  -0.0035218012  -0.0410466412  -0.0209610015
        0.0017650926  -0.0007539809  -0.0003687525  -0.0059346725   0.0021832654
        0.0015451511   0.0008890650  -0.0008769652   0.0001803660  -0.0017617758
        0.0013664537   0.0166872702   0.0132271281   0.0411021466   0.0247820423
       -0.0001474523   0.0000288302   0.0009008316   0.0015743331  -0.0008099099
        0.0008792508   0.0001039329   0.0000262204   0.0000455687  -0.0000348328
       -0.0000001916  -0.0000316391  -0.0000412974   0.0000993143   0.0000219710
        0.0000331645  -0.0000112988  -0.0000149365   0.0000091783   0.0000138439
        0.0000027357  -0.0000090464   0.0000074110  -0.0000088244   0.0000041596
        0.0000093001   0.0000105570  -0.0000222471   0.0000413711   0.0000036732
       -0.0000053085   0.0000013692  -0.0000079987  -0.0000128991  -0.0000121427
       -0.0000056644  -0.0000019880  -0.0000038466  -0.0000010140   0.0000020666
       -0.0000012950   0.0000023550   0.0000008893  -0.0000100658  -0.0000027768
       -0.0000050954   0.0000030472   0.0000032888   0.0000048295  -0.0000120977
        0.0000056999   0.0000032544  -0.0000058559   0.0000001477  -0.0000028904
        0.0000045044   0.0000023155  -0.0000249315  -0.0000299963  -0.0000437745
        0.0000259199  -0.0000257429  -0.0000208364  -0.0000192011   0.0000180368
        0.0000186865  -0.0000004989  -0.0000039160   0.0000003350   0.0000056686
       -0.0000006618   0.0000000283   0.0000018266   0.0000037498   0.0000179117
        0.0000053239   0.0000155097  -0.0000080427  -0.0000053592  -0.0000067959
        0.0000005354  -0.0000028996  -0.0000005621   0.0000011947   0.0000080617
       -0.0000044233   0.0000095024   0.0000022139  -0.0000061270  -0.0000010027
        0.0000052653   0.0000015960   0.0000021815  -0.0000069473  -0.0000050671
        0.0000057241  -0.0001451004   0.0000958839  -0.0004020455   0.0000081873
       -0.0001911962   0.0000776318  -0.0000037050   0.0000588026  -0.0000202336
        0.0000085539   0.0000540967  -0.0000228383  -0.0000029220  -0.0000027659
       -0.0000055860   0.0000056626  -0.0000002395   0.0000087856  -0.0000058285
        0.0000090943  -0.0000086772  -0.0000422303  -0.0001148251   0.0000038999
        0.0000809081  -0.0000604025   0.0000387536  -0.0001684235   0.0000965922
        0.0000009160   0.0001543716  -0.0000499165  -0.0000449353   0.0000455882
       -0.0000246840  -0.0000053363   0.0000079291  -0.0000016990   0.0000019717
        0.0000045524   0.0000038799   0.0000035632   0.0000061142  -0.0000027359
        0.0000009439
        0.0001456863   0.0000763640  -0.0010285450  -0.0014190170  -0.0027550420
       -0.0005554582  -0.0007987903  -0.0035460698  -0.0179463477  -0.0001153353
        0.0000586016   0.0008691327   0.0183194358  -0.0208344183  -0.2979424518
        0.0002671955   0.0008081106   0.0008241557   0.0031432839   0.0019119136
       -0.0006440468  -0.0001427042   0.0001586711   0.0001465264   0.0027317837
       -0.0001152268  -0.0186716405  -0.0212967312   0.0247820423   0.3347146077
        0.0000526418  -0.0001210322  -0.0008868369  -0.0006862013  -0.0001794154
        0.0008707292   0.0001913394  -0.0000762596   0.0000375865  -0.0000711307
        0.0000636818  -0.0000149758  -0.0000966916  -0.0000194833   0.0000455552
        0.0000540482  -0.0000640715  -0.0000748409   0.0000185373   0.0000495540
        0.0000179277  -0.0000092102   0.0000186770  -0.0000020538   0.0000055143
        0.0000271799   0.0000155828   0.0000110097   0.0000674245   0.0000315383
       -0.0000076046   0.0000022625  -0.0000105581  -0.0000050603  -0.0000150579
       -0.0000176387  -0.0000025694  -0.0000041606  -0.0000076551   0.0000095830
        0.0000001996   0.0000018071   0.0000036617  -0.0000177965   0.0000023314
       -0.0000148627   0.0000097628   0.0000127844   0.0000189268  -0.0000161429
        0.0000043343   0.0000104665  -0.0000080921   0.0000030770  -0.0000125937
        0.0000200772   0.0000074709  -0.0000361047  -0.0000765900  -0.0000444400
        0.0000475578  -0.0000424191  -0.0000977631  -0.0000558780   0.0000295585
        0.0000312534  -0.0000021113  -0.0000015446  -0.0000016577   0.0000056038
        0.0000001392   0.0000012451  -0.0000025722   0.0000074272   0.0000393014
       -0.0000017319   0.0000281438  -0.0000137578  -0.0000140737  -0.0000112900
       -0.0000009691  -0.0000096575   0.0000072541   0.0000027127   0.0000154734
       -0.0000017340   0.0000139283   0.0000039071  -0.0000043941  -0.0000049700
        0.0000063376   0.0000089984   0.0000007854  -0.0000115464  -0.0000053064
        0.0000133256  -0.0002258262   0.0001052097  -0.0002201589   0.0002113934
       -0.0003374116   0.0000930658  -0.0001731976   0.0001327421   0.0000512952
       -0.0000150162   0.0000588643  -0.0000495025   0.0000027289   0.0000021467
        0.0000276896  -0.0000079532  -0.0000048935   0.0000008043   0.0000144502
        0.0000149391  -0.0000036303  -0.0002294216  -0.0000346664   0.0003745506
        0.0000821112  -0.0001736744   0.0002105452  -0.0001971883   0.0003581973
       -0.0002190915   0.0001937145  -0.0002897957  -0.0000259142   0.0000811328
       -0.0000619050  -0.0000006550   0.0000201040  -0.0000060652   0.0000083589
       -0.0000007123   0.0000000920  -0.0000007794  -0.0000061352   0.0000157240
        0.0000123299
       -0.0006040572  -0.0006598341   0.0006026865   0.0024074734  -0.0059924359
       -0.0013101728   0.0002781299   0.0003936925  -0.0004342354  -0.0133406147
       -0.0126702420   0.0079521322   0.0043959659  -0.0031574144   0.0013529772
       -0.0008487606   0.0009210850  -0.0001636987  -0.1466769280  -0.0988968990
        0.0858244979  -0.0008745435   0.0017782130   0.0001667560  -0.0022237765
       -0.0024528946   0.0030114283  -0.0001424033  -0.0001474523   0.0000526418
        0.1583148050   0.1192669378  -0.0959244840  -0.0007516907   0.0016278467
       -0.0007887618   0.0002714472  -0.0000628868   0.0001043219  -0.0000374879
        0.0000464335  -0.0000579761  -0.0001076756  -0.0000211145  -0.0000506682
        0.0000381578  -0.0000352656  -0.0000157964   0.0000302762   0.0000358136
        0.0000294060  -0.0000008331   0.0000013126   0.0000008759  -0.0000139736
        0.0000133315  -0.0000039493  -0.0000160175  -0.0000001803   0.0000142253
        0.0000001407  -0.0000013332  -0.0000030473  -0.0000065101  -0.0000197827
       -0.0000112232  -0.0000105735  -0.0000027543  -0.0000142402   0.0000069059
       -0.0000010345   0.0000025414   0.0000020295   0.0000068846  -0.0000144397
       -0.0000034889   0.0000042852   0.0000028051   0.0000055038  -0.0000141432
        0.0000115297  -0.0000005468  -0.0000029003  -0.0000039686   0.0000008279
        0.0000033038   0.0000041178   0.0000177050   0.0000205768  -0.0000407420
        0.0000189679  -0.0000425292   0.0000172316  -0.0000070950   0.0000053528
        0.0000033875  -0.0000040249  -0.0000038208  -0.0000046100   0.0000014264
        0.0000120433  -0.0000089328  -0.0000011166   0.0000054475   0.0000220707
        0.0000007436   0.0000304604  -0.0000094777  -0.0000103852  -0.0000074644
       -0.0000032094  -0.0000006615   0.0000050630   0.0000026088   0.0000060970
       -0.0000048200   0.0000141105   0.0000018454  -0.0000017104  -0.0000035855
        0.0000017330   0.0000035607  -0.0000052167  -0.0000033370  -0.0000038223
        0.0000036735  -0.0001002231   0.0003309470  -0.0002922543   0.0000299710
       -0.0005293615   0.0001154248   0.0000643751   0.0002847268   0.0000425032
        0.0000416944   0.0001191049  -0.0000796476  -0.0000062013  -0.0000119748
       -0.0000627350   0.0000409985   0.0000136699   0.0000254697  -0.0000446893
        0.0000433775  -0.0000099630  -0.0003582986  -0.0001766432   0.0000112695
        0.0001876054  -0.0001472698  -0.0001409780  -0.0003012971   0.0000306422
        0.0002579706   0.0002152598   0.0000924580  -0.0001653075   0.0000712843
       -0.0000305973  -0.0000126900   0.0000023183   0.0000042978   0.0000038137
       -0.0000008066   0.0000078427   0.0000001629   0.0000443293  -0.0000101299
       -0.0000166289
       -0.0007350613  -0.0004166264   0.0005404038  -0.0061408495   0.0017731042
       -0.0025542074   0.0002879679   0.0000031351  -0.0005984664  -0.0151321488
       -0.0130808363   0.0091169124  -0.0031672125   0.0044250598  -0.0008935687
        0.0009452167  -0.0008097063   0.0000553218  -0.0989906165  -0.1219979853
        0.0733491497   0.0015705347  -0.0008431425   0.0008445949   0.0002188128
        0.0009904486   0.0003615098   0.0000438395   0.0000288302  -0.0001210322
        0.1192669378   0.1309035644  -0.0795924652   0.0018147059  -0.0007056130
       -0.0002770771   0.0002491015  -0.0000261585   0.0000852422  -0.0000932904
        0.0000009167  -0.0000852664  -0.0000790578   0.0001026117  -0.0000464592
        0.0000430976  -0.0000234080  -0.0000111878   0.0000285779   0.0000365325
        0.0000283722   0.0000009029   0.0000014613  -0.0000012933  -0.0000088637
        0.0000107179  -0.0000003214  -0.0000145587   0.0000156078   0.0000126318
        0.0000005270  -0.0000019842  -0.0000039023  -0.0000073190  -0.0000229451
       -0.0000103071  -0.0000089420  -0.0000042209  -0.0000108898   0.0000079056
       -0.0000008889   0.0000046408   0.0000030290   0.0000028060  -0.0000110242
       -0.0000052258   0.0000033783   0.0000026015   0.0000054401  -0.0000149165
        0.0000109460  -0.0000032281  -0.0000050115  -0.0000039347  -0.0000008687
        0.0000029962   0.0000035636   0.0000074084   0.0000065583  -0.0000328327
        0.0000186543  -0.0000380739   0.0000002765  -0.0000123862   0.0000053785
        0.0000059785  -0.0000040513  -0.0000070689  -0.0000031375   0.0000038209
        0.0000103680  -0.0000067045  -0.0000012214   0.0000046777   0.0000221637
        0.0000025256   0.0000299868  -0.0000079997  -0.0000093186  -0.0000093713
       -0.0000021211  -0.0000003804   0.0000025357   0.0000036076   0.0000073574
       -0.0000055714   0.0000156644   0.0000017226  -0.0000062286  -0.0000035808
        0.0000025419   0.0000017072  -0.0000051100  -0.0000039432  -0.0000067276
        0.0000054123   0.0000274852   0.0001241424  -0.0002540218  -0.0000489030
       -0.0002265951   0.0003364934  -0.0000471673   0.0001178759  -0.0001893250
        0.0000113296   0.0000955073  -0.0000810372  -0.0000030367   0.0000093587
       -0.0000548814   0.0000222825   0.0000006704   0.0000147334  -0.0000151309
        0.0000338599  -0.0000108111  -0.0003315338  -0.0004317033   0.0001086779
        0.0002194941  -0.0000961543  -0.0000833172  -0.0003946209   0.0000881239
        0.0001677367   0.0003045325  -0.0000063626  -0.0001313141   0.0000953404
       -0.0000385510   0.0000055545   0.0000065287   0.0000028555  -0.0000014598
        0.0000070508   0.0000205527   0.0000052007   0.0000342648  -0.0000294781
       -0.0000183330
       -0.0000721181  -0.0002572936  -0.0003356474  -0.0011558729  -0.0024831763
       -0.0001301467  -0.0004406748  -0.0004577833  -0.0002040552  -0.0085342474
       -0.0075693029   0.0066094154   0.0009006150  -0.0013456950  -0.0058930899
       -0.0002291304   0.0000730874   0.0000291157   0.0855403156   0.0735034338
       -0.1103305456  -0.0008662870  -0.0002974231   0.0008389748   0.0199060198
        0.0169870685  -0.0177393820   0.0009721483   0.0009008316  -0.0008868369
       -0.0959244840  -0.0795924652   0.1269282381   0.0002540271   0.0007856113
        0.0006501750  -0.0001244611  -0.0000417232  -0.0000083145  -0.0000113749
       -0.0000002435  -0.0000092207  -0.0000452458  -0.0000322793   0.0000916270
       -0.0000072977  -0.0000022746  -0.0000115495  -0.0000170792  -0.0000195731
       -0.0000146124  -0.0000050547   0.0000023734   0.0000030000   0.0000009774
        0.0000043589   0.0000049326   0.0000064758   0.0000264391   0.0000194279
       -0.0000039280   0.0000012416  -0.0000005240  -0.0000206606  -0.0000032776
        0.0000018083  -0.0000001397   0.0000005409   0.0000033171  -0.0000015023
        0.0000024153  -0.0000026633  -0.0000006050  -0.0000067598  -0.0000003722
       -0.0000057014   0.0000018900  -0.0000024759  -0.0000010997  -0.0000043378
        0.0000041408   0.0000059261   0.0000005357   0.0000039991  -0.0000029928
        0.0000012179  -0.0000017029  -0.0000121747  -0.0000266769   0.0000027374
       -0.0000055521  -0.0000003157  -0.0000263427  -0.0000188469   0.0000052206
        0.0000012806  -0.0000010587   0.0000034276   0.0000025446   0.0000008290
       -0.0000016672  -0.0000014388  -0.0000006058  -0.0000031546  -0.0000018242
        0.0000049218  -0.0000005170  -0.0000006439  -0.0000013035   0.0000038291
        0.0000017838  -0.0000009603  -0.0000011893  -0.0000019143  -0.0000012512
       -0.0000040523   0.0000049293   0.0000006401   0.0000025212   0.0000034898
        0.0000019802  -0.0000005335   0.0000002630  -0.0000004180   0.0000032883
       -0.0000015671  -0.0000047760   0.0000141428   0.0000813547   0.0000975032
       -0.0001197357  -0.0000696604   0.0000361724  -0.0000001232   0.0001354863
       -0.0000079239   0.0000010619   0.0000209670  -0.0000188611  -0.0000128977
       -0.0000035018   0.0000118245   0.0000034326  -0.0000090187   0.0000019710
       -0.0000095320   0.0000077595  -0.0000455316  -0.0000803830   0.0001730225
       -0.0000406479   0.0000101493   0.0000492728   0.0000250005   0.0000908160
       -0.0000884926  -0.0001130385  -0.0000371590   0.0000881533  -0.0000184944
       -0.0000040657  -0.0000016429   0.0000036193   0.0000018752  -0.0000093090
        0.0000008769  -0.0000052894   0.0000012522  -0.0000104419  -0.0000099095
        0.0000240273
       -0.0003835055   0.0003707098   0.0003655600   0.0001497428   0.0004577107
        0.0007239538   0.0015063315  -0.0062417046   0.0027784143   0.0043580258
       -0.0033293409   0.0008033155  -0.0123742248  -0.0148970411  -0.0088411542
       -0.0005253119  -0.0004997514  -0.0004958760   0.0008021977  -0.0001835887
       -0.0004015209  -0.0000627270   0.0001068580   0.0001102715  -0.1233794277
       -0.1017332388  -0.0703236144  -0.0009247412   0.0015743331  -0.0006862013
       -0.0007516907   0.0018147059   0.0002540271   0.1318972007   0.1222990903
        0.0762620329   0.0002251194  -0.0000367358   0.0000742022  -0.0001182724
        0.0000192047  -0.0000980497  -0.0001183761  -0.0000435367  -0.0000597837
        0.0000323965  -0.0000232178  -0.0000151654   0.0000186630   0.0000334264
        0.0000156032  -0.0000023827  -0.0000019451   0.0000015731  -0.0000104350
        0.0000107062  -0.0000077892  -0.0000258546  -0.0000071194   0.0000036301
       -0.0000018917  -0.0000028823  -0.0000022434   0.0000011920  -0.0000182411
       -0.0000116224  -0.0000079739  -0.0000045429  -0.0000136151   0.0000034618
       -0.0000018157   0.0000006007   0.0000066814   0.0000073666  -0.0000128001
       -0.0000027838   0.0000020725   0.0000045082   0.0000090142  -0.0000106812
        0.0000089357  -0.0000013308  -0.0000020232  -0.0000023951  -0.0000013755
        0.0000035729   0.0000068302   0.0000347997   0.0000264651  -0.0000452613
        0.0000198163  -0.0000415950   0.0000138807  -0.0000139615   0.0000055706
        0.0000068448  -0.0000039639  -0.0000017547  -0.0000041891   0.0000018170
        0.0000102122  -0.0000043485  -0.0000035489   0.0000083432   0.0000197759
       -0.0000037669   0.0000226935  -0.0000049693  -0.0000116216  -0.0000062667
       -0.0000034297  -0.0000022250   0.0000042620   0.0000029363   0.0000073428
        0.0000001201   0.0000116526  -0.0000012352  -0.0000014771  -0.0000038350
        0.0000004815   0.0000042272  -0.0000013661  -0.0000045721  -0.0000048770
        0.0000057253  -0.0001013228   0.0001097690  -0.0003051525   0.0000761364
       -0.0001751057   0.0001003784  -0.0000639255   0.0002433164  -0.0000144767
        0.0000093263   0.0000534707  -0.0000540574  -0.0000007887   0.0000035241
       -0.0000012793   0.0000024858   0.0000006704   0.0000096961  -0.0000030787
        0.0000193050  -0.0000060445  -0.0001731258  -0.0001036772  -0.0001013839
       -0.0000462611   0.0001280358  -0.0000938284  -0.0001283158   0.0001124641
        0.0000574324   0.0000431507  -0.0000556661  -0.0000133087   0.0000378069
       -0.0000296718  -0.0000073618   0.0000019515   0.0000015314   0.0000061639
        0.0000008075  -0.0000052971  -0.0000057079   0.0000080701   0.0000090576
       -0.0000061141
        0.0003236302  -0.0004001092   0.0002349081   0.0005479584   0.0004917434
        0.0006071595  -0.0061434160   0.0018397569   0.0015794496  -0.0032336235
        0.0042122848  -0.0014082848  -0.0123320913  -0.0129206939  -0.0080605114
       -0.0004013576  -0.0005337914  -0.0004413766  -0.0028823201  -0.0025310648
       -0.0033379248  -0.0000710376  -0.0001879923   0.0000258525  -0.1017132629
       -0.1518235263  -0.0828750798   0.0017179542  -0.0008099099  -0.0001794154
        0.0016278467  -0.0007056130   0.0007856113   0.1222990903   0.1637744538
        0.0932413800   0.0001921435   0.0000302342   0.0000666917   0.0000025552
        0.0000085042   0.0000215064  -0.0000224795   0.0001391751  -0.0000376023
        0.0000359521  -0.0000155597  -0.0000059367   0.0000360604   0.0000324321
        0.0000254277   0.0000005506  -0.0000004413  -0.0000057788  -0.0000051666
        0.0000032755  -0.0000057601  -0.0000415829  -0.0000075516  -0.0000079658
        0.0000010503  -0.0000005974  -0.0000030210  -0.0000036985  -0.0000130106
       -0.0000112405  -0.0000028403  -0.0000030186  -0.0000095619   0.0000043882
       -0.0000024760   0.0000030915   0.0000068190   0.0000059985  -0.0000090386
       -0.0000035433   0.0000022369   0.0000036195   0.0000062905  -0.0000074554
        0.0000038766  -0.0000060736  -0.0000045527  -0.0000070154  -0.0000011740
        0.0000034046   0.0000025541   0.0000395697   0.0000265211  -0.0000393054
        0.0000296913  -0.0000346991   0.0000190746  -0.0000138756   0.0000077583
        0.0000052400  -0.0000018747  -0.0000062949  -0.0000040698   0.0000042220
        0.0000079237  -0.0000026111   0.0000043756   0.0000041880   0.0000254522
        0.0000038499   0.0000220279  -0.0000070023  -0.0000070838  -0.0000098530
       -0.0000026479  -0.0000019971   0.0000021020   0.0000025418   0.0000072307
       -0.0000036726   0.0000076979   0.0000024300  -0.0000064928  -0.0000045115
        0.0000000266   0.0000021210  -0.0000032618  -0.0000056799  -0.0000078126
        0.0000058387  -0.0000453008   0.0000238899  -0.0000046949   0.0000409900
       -0.0000848751   0.0002340164  -0.0000519694  -0.0000563588  -0.0001552632
       -0.0000164191   0.0000244420  -0.0000474560   0.0000063521  -0.0000001246
        0.0000071446  -0.0000046826   0.0000004073  -0.0000016990   0.0000005387
        0.0000085318  -0.0000026062  -0.0001805262  -0.0002068550  -0.0001577616
        0.0001841760  -0.0003161697   0.0000159722  -0.0002233744   0.0001362356
        0.0000719849   0.0001941609  -0.0000907991  -0.0001498847   0.0000827661
       -0.0000344511  -0.0000117728   0.0000017159  -0.0000001353   0.0000078245
        0.0000018630   0.0000077055   0.0000029505   0.0000102033   0.0000086033
       -0.0000068049
        0.0002823885   0.0003309093  -0.0004325334   0.0006460266   0.0006356058
       -0.0003697843   0.0026825199   0.0014365863  -0.0004781533   0.0009137678
       -0.0013459472  -0.0059003149   0.0078740001   0.0089001401   0.0065423543
        0.0004259314   0.0004794542   0.0002309095  -0.0171080245  -0.0202966620
       -0.0170118361  -0.0008448098  -0.0008510802  -0.0006634387  -0.0703070640
       -0.0828586029  -0.1038047150   0.0003271885   0.0008792508   0.0008707292
       -0.0007887618  -0.0002770771   0.0006501750   0.0762620329   0.0932413800
        0.1199577281   0.0000269453  -0.0000473592   0.0000088281  -0.0000535307
        0.0000325624  -0.0000192009  -0.0000887812  -0.0000597257   0.0000807444
        0.0000171875  -0.0000153692  -0.0000202751   0.0000075632   0.0000219338
        0.0000073384  -0.0000000301   0.0000034601   0.0000000883  -0.0000007996
        0.0000095788   0.0000042658   0.0000211884   0.0000074081   0.0000110755
       -0.0000020715   0.0000003107   0.0000000061  -0.0000042241  -0.0000117068
       -0.0000022704  -0.0000037989  -0.0000016135  -0.0000055566   0.0000064572
        0.0000012018   0.0000046272  -0.0000046580  -0.0000041642  -0.0000001009
       -0.0000077018   0.0000052051   0.0000040705   0.0000087133  -0.0000081169
        0.0000054143  -0.0000011493  -0.0000029830  -0.0000009113  -0.0000038022
        0.0000076860   0.0000019806  -0.0000158377  -0.0000144306  -0.0000023759
        0.0000126833  -0.0000118565  -0.0000303524  -0.0000080477   0.0000048861
        0.0000063855  -0.0000028019  -0.0000028066  -0.0000004241  -0.0000014112
        0.0000019839  -0.0000045441  -0.0000003070   0.0000007662   0.0000134747
       -0.0000026728   0.0000129380  -0.0000119621  -0.0000072571  -0.0000048310
       -0.0000000136  -0.0000021005   0.0000038507   0.0000014952   0.0000055474
       -0.0000038888   0.0000092922   0.0000024043   0.0000000381  -0.0000021394
        0.0000028757   0.0000030316  -0.0000043739  -0.0000052146  -0.0000023323
        0.0000039941  -0.0001785765  -0.0000130324   0.0000015104   0.0002265463
       -0.0001793678   0.0001089264  -0.0000940166   0.0000575484  -0.0000162754
       -0.0000188912   0.0000268125  -0.0000529106   0.0000070231  -0.0000049662
        0.0000325986  -0.0000027322  -0.0000017508  -0.0000035593   0.0000040432
       -0.0000049607   0.0000035371  -0.0000965044   0.0000032453   0.0002280429
       -0.0000088822  -0.0000532212   0.0001216430  -0.0001035616   0.0002703163
       -0.0001632956  -0.0000319628  -0.0002567988   0.0000724540   0.0000461034
       -0.0000508199   0.0000053231   0.0000067481  -0.0000027810   0.0000037784
        0.0000011960   0.0000040812   0.0000001192  -0.0000170961   0.0000060806
        0.0000084073
        0.0005587978  -0.0201926978   0.0409153031   0.0010760505   0.0013687936
       -0.0012841127   0.0007564326   0.0011818702  -0.0000108835  -0.0007868090
       -0.0007107411   0.0009452636  -0.0000272130   0.0000144871  -0.0003685604
       -0.0004896461  -0.0010664952  -0.0015775718  -0.0001594655  -0.0001078758
       -0.0000519354   0.0000713543   0.0001077610  -0.0000502599  -0.0000663987
       -0.0001168299  -0.0001790327   0.0001195234   0.0001039329   0.0001913394
        0.0002714472   0.0002491015  -0.0001244611   0.0002251194   0.0001921435
        0.0000269453  -0.0296438538   0.0149743171  -0.0336209630  -0.0226657573
        0.0033784824  -0.0026279690   0.0222626671   0.0010774339   0.0037447352
       -0.0079735819   0.0110463072   0.0062138375  -0.0052594108  -0.0109237292
       -0.0062792217   0.0001574632  -0.0007354565   0.0001265033   0.0017344282
       -0.0031905433  -0.0015912732  -0.0013980528   0.0000454736  -0.0002562462
        0.0001658095   0.0002047569   0.0007252152  -0.0018173755  -0.0003748709
       -0.0004662935   0.0018331272   0.0031653955   0.0026755988  -0.0005427724
        0.0001346265  -0.0002281693   0.0000054234   0.0002329014   0.0000830468
        0.0003708180  -0.0002039858  -0.0001460565   0.0001378521  -0.0001014169
        0.0002415893  -0.0002009493   0.0001111934  -0.0000138660   0.0007703749
       -0.0009968099   0.0000979724   0.0008443020  -0.0002407942  -0.0014097646
        0.0006938314  -0.0007639788  -0.0003344387  -0.0002642483  -0.0001590721
       -0.0000713102   0.0003648068   0.0002778515   0.0000998112   0.0000687917
       -0.0001906723  -0.0002686979   0.0000842373   0.0000077693   0.0012551735
        0.0005351634   0.0016186854  -0.0002833060  -0.0004022649   0.0000730419
        0.0001170628  -0.0002065783  -0.0000412115  -0.0000771041   0.0001142713
       -0.0001172122   0.0001714622   0.0007572127   0.0002950999   0.0011385096
       -0.0002699304  -0.0000538791   0.0001359248   0.0002856057   0.0001839591
       -0.0002491079  -0.0074203413   0.0091828615   0.0031365418   0.0047500018
       -0.0104008359  -0.0029933033  -0.0027277630   0.0014904579   0.0024270061
       -0.0001273615   0.0010467507  -0.0002930356   0.0001718541   0.0001766165
       -0.0001151602  -0.0002660949  -0.0000345187  -0.0001917266   0.0000730595
        0.0003987742  -0.0001440610   0.0388951397  -0.0004439416  -0.0061054078
        0.0032670267  -0.0007548945  -0.0026414387  -0.0013382887   0.0031530320
       -0.0021570276   0.0016583584  -0.0032824926   0.0018403040   0.0007337042
       -0.0004068532  -0.0000393141   0.0000243651   0.0000744966  -0.0000046029
       -0.0000429300  -0.0000702192  -0.0000247957   0.0002586667   0.0001136537
       -0.0000286673
       -0.0004477827   0.0084603072  -0.0103182907  -0.0015749817  -0.0007816760
        0.0011615143  -0.0003112905  -0.0007240194   0.0001505228  -0.0001881798
       -0.0002459025  -0.0002271155   0.0000372469   0.0000535846  -0.0000068883
       -0.0001069567   0.0004213865  -0.0000095824  -0.0000051084  -0.0000276284
        0.0000830288   0.0000197756   0.0000156663  -0.0001038977  -0.0000135482
        0.0000494962  -0.0000326238  -0.0000308703   0.0000262204  -0.0000762596
       -0.0000628868  -0.0000261585  -0.0000417232  -0.0000367358   0.0000302342
       -0.0000473592   0.0149743171   0.0584091127   0.0008040880   0.0049329604
       -0.0083005985   0.0187354768  -0.0136772291  -0.0253006670  -0.0092136153
        0.0066314573  -0.0048414140   0.0015885304  -0.0057758464   0.0053258657
       -0.0054025175  -0.0001434763   0.0002833894  -0.0002112616   0.0005973235
       -0.0003381443  -0.0003276016   0.0007791089   0.0002147306   0.0006932647
       -0.0003270625  -0.0001648480  -0.0005414162  -0.0007390000  -0.0001518741
       -0.0007577614  -0.0017006453  -0.0025225441  -0.0019555551  -0.0000315407
        0.0000038593   0.0002314012   0.0000472763   0.0001701033   0.0001629347
        0.0000193520  -0.0000660545  -0.0000135263  -0.0000075680   0.0000104793
        0.0000349687  -0.0001143458  -0.0001347813  -0.0000381119   0.0001168054
       -0.0000630349   0.0001548997   0.0002414951  -0.0003989966  -0.0014127233
       -0.0002834082  -0.0010141860   0.0003407446  -0.0002916531  -0.0000749718
       -0.0000392955  -0.0000448783  -0.0001482808   0.0001363344  -0.0002202290
       -0.0004061120   0.0005549351  -0.0000365099  -0.0001842841  -0.0003029187
        0.0000379286  -0.0027663708  -0.0009684287   0.0002198228  -0.0001460512
       -0.0000364532   0.0001563032  -0.0000686027  -0.0000173689   0.0000083997
       -0.0000621860   0.0001865346  -0.0005655436  -0.0000158466  -0.0007533831
        0.0001561569  -0.0001288438  -0.0000093968  -0.0000914489  -0.0001162628
        0.0000313529   0.0019992229  -0.0028909085  -0.0012644127  -0.0013821236
        0.0028375335   0.0022751245   0.0010598117   0.0001181161  -0.0018181089
       -0.0000131026  -0.0002426115  -0.0001841873  -0.0000047927  -0.0000359467
       -0.0000605487   0.0000083771  -0.0000083619  -0.0000172176  -0.0000277420
       -0.0001265445   0.0000091739  -0.0027277905  -0.0236781027   0.0075650209
       -0.0000146468  -0.0007057061   0.0008236276  -0.0001544413   0.0001339410
        0.0001944840  -0.0007923009   0.0002639398   0.0001825607  -0.0001266860
        0.0000745419   0.0000362474   0.0000235995   0.0000201148   0.0000377977
        0.0000343745  -0.0000071551   0.0000105189  -0.0000287631  -0.0000069452
        0.0000244634
        0.0037168429  -0.0067110878   0.0180898239   0.0016860488   0.0005381184
       -0.0014184121  -0.0000875800  -0.0000751396  -0.0001581630   0.0004675228
        0.0005564315   0.0002453377  -0.0001253970  -0.0000290241  -0.0001773004
       -0.0004587969  -0.0005554869  -0.0007163143   0.0000248623   0.0001312362
       -0.0001210434   0.0000487416   0.0000103457  -0.0000037663  -0.0000180473
       -0.0000054035  -0.0000285613   0.0000104029   0.0000455687   0.0000375865
        0.0001043219   0.0000852422  -0.0000083145   0.0000742022   0.0000666917
        0.0000088281  -0.0336209630   0.0008040880   0.0555007503  -0.0061967172
        0.0195359457  -0.0262882180   0.0251950057  -0.0107061576  -0.0114578115
        0.0028526887  -0.0003864855   0.0068577207  -0.0039359877  -0.0032441242
       -0.0032747476   0.0004578535  -0.0007631476   0.0001568487   0.0017430051
       -0.0027510176  -0.0014794577   0.0006434701  -0.0012741956   0.0000844564
        0.0003430976   0.0000768372   0.0006357759  -0.0006143201   0.0009414893
        0.0001948183   0.0002792083   0.0007520266   0.0007929184   0.0000475903
        0.0002246740  -0.0001754180   0.0002042784   0.0003192960  -0.0007179382
        0.0000449628   0.0000965548  -0.0001948684   0.0000176201   0.0001276287
       -0.0001275635  -0.0001456251   0.0000370143  -0.0000822355   0.0005979937
       -0.0007129137   0.0002283609   0.0001920395  -0.0013294659  -0.0019868691
        0.0000966795  -0.0000665109  -0.0000600312  -0.0002479785  -0.0000476177
       -0.0001701517  -0.0000015092   0.0000224973  -0.0001410002   0.0000397145
        0.0003944590  -0.0001200199   0.0002414881  -0.0000885691  -0.0005908581
        0.0000033182  -0.0006434070   0.0004698047   0.0001163254  -0.0000383263
       -0.0000246785   0.0000484463  -0.0000480642  -0.0001224627   0.0000430392
        0.0001077305  -0.0000603917   0.0001370645   0.0001089893   0.0002426248
       -0.0002308302  -0.0000126247  -0.0001125156   0.0001355758   0.0000421033
       -0.0001448646  -0.0032047290   0.0018066726   0.0020008861   0.0010621276
       -0.0024783154  -0.0007448444  -0.0006882899  -0.0002289906   0.0004333477
        0.0000447584   0.0002614384  -0.0000603850   0.0000691080   0.0000214417
       -0.0000111128  -0.0000458743  -0.0000221936  -0.0000699446   0.0000499397
        0.0000684260  -0.0000779239   0.0058144800   0.0050420565  -0.0323001119
        0.0002606489   0.0007771416  -0.0025637382   0.0009578606  -0.0000639247
       -0.0000720696   0.0015239286  -0.0007134487  -0.0002373776   0.0002001877
       -0.0000304961  -0.0000022649  -0.0000330444   0.0000367031   0.0000141229
        0.0000103022  -0.0000049610   0.0000570708   0.0000489373  -0.0000077488
        0.0000526671
       -0.0320490563   0.0222398933  -0.0041118150   0.0000245138  -0.0009108460
        0.0007910595   0.0001166063   0.0002049772   0.0005915856  -0.0001248095
        0.0002240685  -0.0002808524   0.0001537367  -0.0001636953   0.0001032923
        0.0000612977   0.0006550325   0.0005675603   0.0001703092  -0.0002076992
        0.0001029830   0.0001519614   0.0004457165  -0.0001533906   0.0001125646
        0.0001692858   0.0001043288  -0.0000194150  -0.0000348328  -0.0000711307
       -0.0000374879  -0.0000932904  -0.0000113749  -0.0001182724   0.0000025552
       -0.0000535307  -0.0226657573   0.0049329604  -0.0061967172   0.2041613171
        0.0561943066  -0.0976300046  -0.0947753460  -0.0464490170   0.0725724454
       -0.0209942304  -0.0083964233   0.0251103578  -0.0219158209  -0.0208828234
        0.0171665862  -0.0024728793   0.0047958128   0.0025893531  -0.0003569141
       -0.0003471473   0.0003976886   0.0004562956  -0.0003374542  -0.0008469786
       -0.0022074407  -0.0043590826  -0.0034061855   0.0004893879   0.0008289165
       -0.0000874985  -0.0004767554  -0.0005034404   0.0006876700   0.0005728310
        0.0002110412  -0.0002890848   0.0000441267  -0.0000198106   0.0000876231
       -0.0012005025  -0.0006602279   0.0013478765   0.0003399372  -0.0003109506
       -0.0002153939  -0.0002228964  -0.0003358279   0.0002202030   0.0002589239
       -0.0003653484   0.0005372139  -0.0002169829  -0.0000174532   0.0003007822
        0.0003510747  -0.0004899470  -0.0008083755  -0.0002118656  -0.0002521156
       -0.0001925680  -0.0011873507  -0.0010825284   0.0011736211   0.0000459066
       -0.0000376314   0.0000984917  -0.0001250833   0.0008752299  -0.0001900995
       -0.0003776000  -0.0004891213   0.0000881264  -0.0003178256   0.0003134439
        0.0001687324  -0.0002517514  -0.0001622006   0.0004761449   0.0004915687
        0.0003238657   0.0002896302   0.0002874953  -0.0002573838   0.0004532067
        0.0000668351   0.0000284709  -0.0000739613  -0.0000008101   0.0000173052
        0.0000205251  -0.0027812158   0.0011010407   0.0002282102  -0.0036746277
        0.0001134017  -0.0003666946  -0.0023121844  -0.0060908145  -0.0003773063
        0.0003410409   0.0002089032  -0.0000733525   0.0000044009   0.0001727580
       -0.0001528452   0.0002003152  -0.0001723594   0.0005163883  -0.0000110086
       -0.0000397193  -0.0001211649   0.0025146239   0.0055709796  -0.0088638660
        0.0048276498  -0.0051183967  -0.0036104577  -0.0029226395   0.0005814451
        0.0027419162  -0.0022558028  -0.0027324347  -0.0018663107   0.0000641499
        0.0011432967   0.0004310548   0.0001491085  -0.0000496823   0.0001668710
       -0.0002982086  -0.0000111193  -0.0000450580   0.0001245629   0.0000261176
       -0.0000355102
        0.0112637627  -0.0272059730   0.0068375148   0.0005163803   0.0001981488
        0.0003061103  -0.0001189668   0.0002739592  -0.0005166457  -0.0004640518
        0.0000087533  -0.0000631225  -0.0000496962  -0.0000036894   0.0000738583
        0.0000765700  -0.0002080450   0.0000010119  -0.0000071771   0.0000319480
        0.0001023071   0.0001490410  -0.0001558048   0.0001605172   0.0000244235
       -0.0000017497  -0.0000355900   0.0000427570  -0.0000001916   0.0000636818
        0.0000464335   0.0000009167  -0.0000002435   0.0000192047   0.0000085042
        0.0000325624   0.0033784824  -0.0083005985   0.0195359457   0.0561943066
        0.1660875007  -0.1032881902  -0.0462191768  -0.0961636995   0.0605619067
        0.0069266644   0.0087426933  -0.0065764227  -0.0213043862  -0.0197422416
        0.0197988768   0.0015789092  -0.0011923606  -0.0017088220   0.0014722370
       -0.0000844913  -0.0005537696   0.0004749841  -0.0012949543  -0.0023255284
       -0.0029647712  -0.0047979186  -0.0030795334  -0.0010778156  -0.0020650063
       -0.0004276798   0.0002955131   0.0014923398   0.0004488159   0.0001783741
       -0.0000205232  -0.0001621057   0.0000206997  -0.0000677511  -0.0000421221
        0.0003628980   0.0003021721  -0.0003931306   0.0003005869   0.0003150388
       -0.0010153123   0.0003420810   0.0001021483  -0.0000802721  -0.0000685932
        0.0002990511  -0.0003587075   0.0002419157   0.0000013244   0.0002051735
        0.0010394091   0.0002103627  -0.0010834862   0.0005883289   0.0002675155
       -0.0002639814  -0.0011699201  -0.0007940105   0.0012265732   0.0000326549
        0.0000566234  -0.0002062650  -0.0000087886  -0.0023053700  -0.0001859149
        0.0004645305   0.0000550925   0.0002595107  -0.0002598094   0.0002754342
        0.0007574806  -0.0003087064  -0.0002086241   0.0001291749   0.0000409592
       -0.0002563299  -0.0004677449   0.0003481619   0.0001297656   0.0005733655
       -0.0000314314  -0.0000097981   0.0000095493   0.0001487291   0.0001886067
       -0.0000772856  -0.0110967624  -0.0007228217   0.0052664549   0.0015627129
       -0.0047371587  -0.0037062575  -0.0097986829  -0.0084167713   0.0032596107
        0.0006939628   0.0002140463   0.0007598891  -0.0000425310   0.0000391441
       -0.0000270167  -0.0000213623  -0.0001290622  -0.0000807187   0.0000561910
        0.0002967129  -0.0001372488  -0.0067893594  -0.0014481507   0.0012728510
        0.0080488401  -0.0004498829   0.0059770941   0.0010716245  -0.0019145983
        0.0005367148   0.0035121288   0.0044916192  -0.0002672309   0.0001223002
       -0.0013257171  -0.0009990812  -0.0001575781   0.0000818611  -0.0001127141
        0.0003824120  -0.0000917249   0.0000518376  -0.0000596037  -0.0000562642
        0.0000337553
       -0.0002322822   0.0039075525  -0.0236425198  -0.0004779949   0.0003866475
        0.0002604533  -0.0001775280  -0.0002634203  -0.0002488403  -0.0000499610
        0.0000415053  -0.0003119843   0.0001712741  -0.0001901646   0.0000482742
       -0.0000948013   0.0001804365   0.0001144415   0.0000899241  -0.0001441240
       -0.0000062522  -0.0001765143  -0.0000136484  -0.0001681080  -0.0000154256
        0.0000203336   0.0000621261  -0.0000233099  -0.0000316391  -0.0000149758
       -0.0000579761  -0.0000852664  -0.0000092207  -0.0000980497   0.0000215064
       -0.0000192009  -0.0026279690   0.0187354768  -0.0262882180  -0.0976300046
       -0.1032881902   0.2284954523   0.0700489755   0.0620420889  -0.1469001826
        0.0169904172   0.0081224697  -0.0229186472   0.0014461220   0.0033361618
        0.0033991398   0.0025292330  -0.0043806068  -0.0024449440  -0.0010357744
        0.0007992509   0.0015560495   0.0008317427  -0.0009397148  -0.0010703086
       -0.0003022877  -0.0001951113   0.0009054976   0.0000840685  -0.0026346327
       -0.0002464796  -0.0016959780  -0.0008267385   0.0001605236  -0.0002812707
       -0.0001304607   0.0000906989  -0.0000298501  -0.0001300561   0.0002616862
        0.0011401153   0.0007188802  -0.0010353370  -0.0003457943  -0.0004992949
        0.0002074442   0.0002498846   0.0000375470  -0.0001850481  -0.0003199522
        0.0004587359   0.0000180109  -0.0000425902   0.0003817865  -0.0001111929
        0.0002560523  -0.0010054134  -0.0011034944   0.0003431406   0.0005223820
        0.0000751661   0.0002099316   0.0001230006  -0.0000741297  -0.0000499908
       -0.0001698336   0.0000616749  -0.0008455367  -0.0007432951   0.0009818900
       -0.0003357457   0.0002810773  -0.0003763795  -0.0002966191  -0.0003554406
        0.0001962286  -0.0003029251  -0.0000401396   0.0000519981  -0.0007136923
       -0.0009528501   0.0006705560   0.0000343321  -0.0002454089   0.0003901066
        0.0000319314   0.0000125347  -0.0000099739  -0.0001534340  -0.0000584136
        0.0001818930   0.0110878693   0.0049474231  -0.0047089824   0.0015594135
       -0.0021688215  -0.0033267862   0.0003979806   0.0002833541   0.0033782405
       -0.0002285785  -0.0000902563   0.0000341703  -0.0000500146  -0.0001479688
        0.0001267208   0.0000599505  -0.0001712759   0.0001817548  -0.0000194833
        0.0000292336   0.0001892866   0.0053972895   0.0103539045  -0.0062408080
       -0.0047261479   0.0036882569  -0.0007752091  -0.0006729549   0.0009365344
       -0.0014296592   0.0016197912  -0.0003864192   0.0013054220  -0.0003312994
       -0.0001179906   0.0002550848   0.0000387834  -0.0000312567   0.0000257633
       -0.0000621982   0.0000299747  -0.0000300941  -0.0001142882   0.0000397972
        0.0000112218
       -0.0059959284   0.0080003822  -0.0201268272  -0.0016454834  -0.0005587327
        0.0005741891  -0.0001095024  -0.0005785848  -0.0003912926  -0.0006911823
       -0.0007137569  -0.0001282197   0.0001949007  -0.0001331765   0.0001432797
        0.0000342879   0.0006085683   0.0006711991   0.0000048748  -0.0001767174
       -0.0001168475   0.0000997070   0.0000932246  -0.0000757775  -0.0000388529
        0.0000122540   0.0000738498  -0.0000218923  -0.0000412974  -0.0000966916
       -0.0001076756  -0.0000790578  -0.0000452458  -0.0001183761  -0.0000224795
       -0.0000887812   0.0222626671  -0.0136772291   0.0251950057  -0.0947753460
       -0.0462191768   0.0700489755   0.3665497020   0.0469479172  -0.0846167818
       -0.0822226523   0.0294353730   0.0161609162  -0.0797169724  -0.0242765794
       -0.0201426236  -0.0150460803   0.0098806233   0.0172678279  -0.0143733291
        0.0226539733   0.0087479500   0.0079369237  -0.0087773982  -0.0065022415
       -0.0136306291  -0.0199806961  -0.0026146904   0.0077797025   0.0112648457
        0.0065432048  -0.0127358304  -0.0170231197  -0.0175351903   0.0016289856
        0.0008940944  -0.0012102771   0.0002905908   0.0000536519  -0.0000607788
       -0.0022783430  -0.0014292822   0.0029861425   0.0001577247  -0.0013605151
        0.0013563752   0.0003217176  -0.0001475612   0.0002833201  -0.0030104282
        0.0034730398  -0.0021790460   0.0003933276  -0.0003206931   0.0001261162
       -0.0001219875  -0.0003786436   0.0003687726  -0.0019309838  -0.0024270294
       -0.0020879670  -0.0021363504  -0.0021857360   0.0023854998   0.0002836003
        0.0000959534  -0.0001062535  -0.0001344530  -0.0003454560   0.0004507955
        0.0005554974   0.0001007081   0.0000296207  -0.0023456633   0.0029244851
        0.0017075261   0.0001107282  -0.0001449674   0.0000425465   0.0001112018
       -0.0009723353   0.0017921869  -0.0029087503   0.0005162022  -0.0037722911
        0.0000082909  -0.0000573160   0.0000810301   0.0001966846  -0.0000236246
        0.0000432341  -0.0020085669  -0.0051364800   0.0019919039  -0.0032925133
        0.0047895336   0.0032425555   0.0015337089  -0.0011073968  -0.0020350463
        0.0004250455  -0.0004697639   0.0000295341  -0.0000283502  -0.0000522140
       -0.0001454856   0.0000366118  -0.0001300054   0.0002291927  -0.0000667534
       -0.0002031077   0.0001698515  -0.0601436859   0.0039600204   0.0003630019
       -0.0049341159   0.0027339630  -0.0000347554  -0.0012233116   0.0014247768
       -0.0013115812  -0.0024849980  -0.0010791898   0.0021495871  -0.0005782766
        0.0003232644   0.0002837612   0.0000921468  -0.0000303552   0.0000339449
       -0.0001044407  -0.0000005751  -0.0000929222  -0.0000469226   0.0000733953
       -0.0000552819
       -0.0071190323  -0.0039845418   0.0045294136  -0.0001413629   0.0007155366
       -0.0005474451  -0.0000605237   0.0000261688  -0.0001101298  -0.0000396288
       -0.0000169435   0.0001378712   0.0000275338   0.0000095050  -0.0001067254
       -0.0002467145  -0.0002737787  -0.0005247198   0.0000468936   0.0000671372
       -0.0001027801   0.0000714273   0.0000996261  -0.0000517658  -0.0000109348
        0.0001227850  -0.0000351973  -0.0000068998   0.0000993143  -0.0000194833
       -0.0000211145   0.0001026117  -0.0000322793  -0.0000435367   0.0001391751
       -0.0000597257   0.0010774339  -0.0253006670  -0.0107061576  -0.0464490170
       -0.0961636995   0.0620420889   0.0469479172   0.4340094230   0.0650774795
        0.0260674745  -0.1116875633  -0.0310556195  -0.0299646478  -0.1075231684
       -0.0446950908  -0.0029404376   0.0073251302   0.0034938183   0.0185260741
       -0.0247452890  -0.0100773236   0.0068669892  -0.0229439317  -0.0203871493
       -0.0134997654  -0.0161522025  -0.0001346842  -0.0051698303  -0.0307532292
       -0.0151707544  -0.0050847109   0.0011585709  -0.0068109253   0.0008147551
        0.0000923091  -0.0011627672  -0.0003356690   0.0003562084   0.0000889687
       -0.0020179145  -0.0005314426   0.0019699853  -0.0003587861   0.0003259825
       -0.0007069289  -0.0001354868   0.0000219606  -0.0000443013   0.0039924350
       -0.0042501061   0.0029855398   0.0006167579   0.0006368313   0.0003481253
        0.0005326147  -0.0000445882   0.0002238055  -0.0032929791  -0.0035905542
       -0.0031902287  -0.0012819856  -0.0011917383   0.0014642718   0.0003017666
        0.0002901025  -0.0003730060  -0.0005974255   0.0005694182   0.0005203957
       -0.0009242013   0.0013268215   0.0002046913   0.0030158353  -0.0045350472
       -0.0024462411  -0.0001269575   0.0001886504  -0.0002318579  -0.0003102121
        0.0002756146   0.0009848072  -0.0004133364   0.0000796100   0.0003700978
       -0.0001770935  -0.0001197142  -0.0000825152   0.0002008259  -0.0001746590
       -0.0000519337  -0.0007250670   0.0015890372   0.0010816069  -0.0004528703
       -0.0008068477   0.0003706505  -0.0005664623  -0.0013114562  -0.0000151609
        0.0000517984   0.0000274284  -0.0001681428  -0.0000115748  -0.0000164400
       -0.0000869261  -0.0000608988  -0.0000700876  -0.0000165260  -0.0000483455
       -0.0000542667  -0.0000028938   0.0179905241   0.0029303311   0.0050851306
       -0.0045887710   0.0028812174  -0.0019628855  -0.0000720884   0.0010178794
       -0.0011393324   0.0002046289  -0.0006789813   0.0009582332  -0.0000881347
        0.0001493970   0.0002784395   0.0000353729   0.0000837437   0.0000320902
       -0.0000272857   0.0000851903   0.0000379837   0.0000226445   0.0001182267
        0.0000241092
        0.0135052294   0.0072261276  -0.0116208018  -0.0002857725  -0.0008317861
        0.0010204522  -0.0000780886  -0.0000211794   0.0000582417  -0.0001761074
       -0.0001461174  -0.0002194000  -0.0001685427   0.0000798761   0.0001202434
        0.0002906082   0.0005530113   0.0006543800  -0.0001006755  -0.0000072279
        0.0001867673  -0.0000722861  -0.0001062227   0.0001339787   0.0000039899
        0.0000664144   0.0000572821  -0.0000595063   0.0000219710   0.0000455552
       -0.0000506682  -0.0000464592   0.0000916270  -0.0000597837  -0.0000376023
        0.0000807444   0.0037447352  -0.0092136153  -0.0114578115   0.0725724454
        0.0605619067  -0.1469001826  -0.0846167818   0.0650774795   0.3753528687
        0.0246418224  -0.0401540594  -0.0719359898  -0.0141020612  -0.0338809764
       -0.0813980423   0.0158724423  -0.0089450122  -0.0162219371  -0.0026403386
        0.0054167533   0.0083615544   0.0048320909  -0.0192431379  -0.0152860068
        0.0079872257   0.0130055379   0.0058812282  -0.0030822427  -0.0163785795
       -0.0066424341  -0.0167561560  -0.0221958028  -0.0188267383  -0.0011975602
       -0.0012175533   0.0010715200  -0.0001596123  -0.0003772204   0.0003544618
        0.0021319953   0.0011881993  -0.0024834162   0.0003682899   0.0008094391
        0.0002426502   0.0001199825  -0.0001017538   0.0003944816  -0.0014411902
        0.0022504601  -0.0013214264   0.0005864114   0.0002854844   0.0010357592
        0.0007467261   0.0008732009   0.0002071234  -0.0017765422  -0.0028534508
       -0.0025838553   0.0025777765   0.0022406891  -0.0018440500   0.0002610369
        0.0001520255   0.0005786187  -0.0000312111   0.0001368529  -0.0007301731
       -0.0003261658  -0.0001430125   0.0005812675   0.0023725503  -0.0020372250
       -0.0014181599   0.0000955114  -0.0001324969  -0.0002017764   0.0005646644
       -0.0007079543   0.0003358965  -0.0043675377   0.0009170724  -0.0057741472
        0.0002767237  -0.0000904576  -0.0000655014  -0.0003014158  -0.0000646923
       -0.0001066886   0.0031727255  -0.0005605769  -0.0015305693  -0.0001787049
       -0.0001017344  -0.0004698412  -0.0004376611  -0.0003075615   0.0004652614
        0.0000406488  -0.0001544472   0.0000557902   0.0000155209   0.0000086759
        0.0000310174   0.0001509800   0.0000594212  -0.0000089250   0.0000197217
       -0.0000871549  -0.0001126586  -0.0315087751   0.0034332253  -0.0016605378
        0.0055433179  -0.0040100764   0.0033747296   0.0001996493  -0.0011048149
        0.0013577028   0.0009954492   0.0012028002  -0.0015107847   0.0001292262
       -0.0001781957  -0.0002143992  -0.0000050703   0.0000057318   0.0001380910
        0.0001606021  -0.0000580949   0.0001380139   0.0000003588  -0.0000761037
        0.0001389459
       -0.0001918615  -0.0005080989   0.0032419436   0.0000262764  -0.0001629819
       -0.0002524465   0.0000373016   0.0000148169  -0.0000085234  -0.0000532464
       -0.0000548823   0.0001593026   0.0000004816   0.0000038207  -0.0000575391
       -0.0001044296  -0.0000828898  -0.0002246920   0.0000003202   0.0000236666
        0.0000244015   0.0000103629   0.0000036957   0.0000077998   0.0000179977
        0.0000109537  -0.0000574441   0.0000146371   0.0000331645   0.0000540482
        0.0000381578   0.0000430976  -0.0000072977   0.0000323965   0.0000359521
        0.0000171875  -0.0079735819   0.0066314573   0.0028526887  -0.0209942304
        0.0069266644   0.0169904172  -0.0822226523   0.0260674745   0.0246418224
        0.4695333466   0.0223574099   0.0076229546   0.0089685297  -0.0032145039
       -0.0056377451  -0.0980206910  -0.0316565915   0.0431653718  -0.0918349977
        0.0335699646  -0.0361639379  -0.1218993465  -0.0418836617  -0.0424542490
        0.0003719027   0.0011130061   0.0005350996  -0.0009288552  -0.0027433878
       -0.0011410832  -0.0002658934  -0.0009068332  -0.0002037779  -0.0138269146
       -0.0138342635   0.0083172732   0.0075297832   0.0057692126  -0.0095411795
       -0.0128364862  -0.0061209600   0.0150364132   0.0085316551  -0.0098484093
        0.0095326148  -0.0150530923   0.0142226237  -0.0157509180  -0.0054241187
        0.0088085766  -0.0044692956  -0.0139887661  -0.0067383877  -0.0113435764
       -0.0161851334  -0.0127288852  -0.0083166523   0.0076924957   0.0066037141
        0.0065018569  -0.0002412746   0.0001186463   0.0001709164  -0.0000439988
        0.0001382470  -0.0001609524  -0.0001422581   0.0001513406   0.0001593083
       -0.0001961654   0.0002860078   0.0000088713   0.0003612433  -0.0007373317
       -0.0002931623  -0.0006498029   0.0000164171  -0.0003565801   0.0001470297
       -0.0000613278  -0.0000623151  -0.0004394254   0.0001139758  -0.0003506807
       -0.0001172682   0.0003027823   0.0001154037  -0.0016016368  -0.0024679704
       -0.0013579172  -0.0007209481   0.0006774915  -0.0000739409   0.0004141559
       -0.0007035763   0.0005344554  -0.0000973909   0.0006214203  -0.0004688501
       -0.0001199234   0.0001836483  -0.0002061846  -0.0000281672   0.0000243038
        0.0000132270   0.0000163137  -0.0000085048  -0.0000992945   0.0000399642
        0.0000509327  -0.0000212186   0.0027508658  -0.0005000983  -0.0002436708
       -0.0001527728  -0.0000415802  -0.0003136135  -0.0005180419   0.0004659903
       -0.0001857937   0.0002254841  -0.0003612626   0.0000917254   0.0001028444
       -0.0000397407   0.0000241846   0.0000111784   0.0000009693   0.0000107257
       -0.0000279035  -0.0000035222  -0.0000026900   0.0000265507   0.0000182071
       -0.0000027911
        0.0004542918   0.0017279376  -0.0006671707   0.0002588671   0.0000751790
        0.0003941683  -0.0000528398  -0.0003060180   0.0001610047   0.0001837961
        0.0001922398  -0.0002073040   0.0000093018   0.0000360988   0.0000177976
       -0.0000569065   0.0002130706   0.0000763155   0.0000110450   0.0000230986
       -0.0000513846   0.0000195238   0.0000385798  -0.0000260869   0.0000009231
        0.0000204240   0.0000484050  -0.0000387402  -0.0000112988  -0.0000640715
       -0.0000352656  -0.0000234080  -0.0000022746  -0.0000232178  -0.0000155597
       -0.0000153692   0.0110463072  -0.0048414140  -0.0003864855  -0.0083964233
        0.0087426933   0.0081224697   0.0294353730  -0.1116875633  -0.0401540594
        0.0223574099   0.4582096402  -0.0331583150   0.0074508460  -0.0132662574
       -0.0063477300  -0.0301823476  -0.0890710059   0.0381598011   0.0320586790
       -0.1042087587   0.0444382926  -0.0436807478  -0.0903187544  -0.0277801230
        0.0007029159   0.0020929600   0.0005342061  -0.0014351689  -0.0022630189
       -0.0014822308   0.0003976230   0.0007022692   0.0006815319  -0.0150643677
       -0.0135028192   0.0103346001  -0.0071660366  -0.0089747787   0.0141678592
        0.0113459702   0.0072592207  -0.0124555181   0.0034925741  -0.0097645224
        0.0103029535  -0.0053249092   0.0084977989  -0.0067411222   0.0122864956
       -0.0187839716   0.0115683562   0.0107657109   0.0073913516   0.0084633514
       -0.0124765774  -0.0092901334  -0.0052634581  -0.0123103654  -0.0134977317
       -0.0120811203   0.0001289431   0.0002633281   0.0000763097   0.0001749015
       -0.0005822999   0.0003616296  -0.0000494982  -0.0001251296  -0.0000028794
        0.0000055991  -0.0001192130  -0.0000083882   0.0007363677  -0.0005946677
       -0.0004749258   0.0002456962   0.0003590333  -0.0000315377  -0.0001846710
        0.0001546414   0.0001890375   0.0001239891  -0.0001275396   0.0001518594
        0.0008516059   0.0006419842   0.0004559330  -0.0025914681  -0.0029625383
       -0.0015026339  -0.0002037981  -0.0030320443   0.0006906710  -0.0015950738
        0.0027425001   0.0017637323   0.0012976604  -0.0011134379  -0.0014576111
        0.0002350831  -0.0002703977   0.0000106373   0.0000673149   0.0000086787
       -0.0000904953   0.0000088912   0.0000173390   0.0001317105  -0.0000368575
       -0.0001578047   0.0000456159  -0.0046692147  -0.0002467409  -0.0009410881
       -0.0007866061   0.0000351112   0.0001308773   0.0011779815  -0.0005434327
       -0.0002180201  -0.0007723797   0.0000792736   0.0000589097  -0.0001607952
        0.0001882883   0.0000831584  -0.0000058119  -0.0000091469  -0.0000090038
       -0.0000030112   0.0000159712   0.0000016378  -0.0000285878  -0.0000173041
       -0.0000024249
       -0.0012708984   0.0009843664  -0.0005535233   0.0002704781   0.0000597765
        0.0002215135  -0.0002109445  -0.0002660141   0.0001017057   0.0000821388
        0.0001004396  -0.0001157071   0.0000215616   0.0000034786   0.0000076632
       -0.0000364808   0.0000782383  -0.0000329252   0.0000123418   0.0000243378
       -0.0000191398   0.0000365483   0.0000309281  -0.0000327512   0.0000020348
        0.0000092876   0.0000115255  -0.0000252356  -0.0000149365  -0.0000748409
       -0.0000157964  -0.0000111878  -0.0000115495  -0.0000151654  -0.0000059367
       -0.0000202751   0.0062138375   0.0015885304   0.0068577207   0.0251103578
       -0.0065764227  -0.0229186472   0.0161609162  -0.0310556195  -0.0719359898
        0.0076229546  -0.0331583150   0.4626661968   0.0012665085  -0.0087306193
       -0.0073432640   0.0409216418   0.0370026709  -0.1102347635  -0.0374765522
        0.0474827399  -0.1082153646  -0.0407871322  -0.0274681647  -0.0918775381
        0.0006960652   0.0008719538   0.0003901676  -0.0003739318   0.0003695965
        0.0003678508   0.0001611224   0.0000447598   0.0003787047  -0.0027298533
       -0.0017494897   0.0093127955   0.0103889813   0.0127226384  -0.0188325421
        0.0108587096   0.0047438407  -0.0118444040  -0.0093851007   0.0174351663
       -0.0171688552  -0.0094145191   0.0073770085  -0.0095490199   0.0068880230
       -0.0093516866   0.0077534531  -0.0146883351  -0.0078767455  -0.0128635071
        0.0101611746   0.0081229028   0.0097096489  -0.0103515309  -0.0111986894
       -0.0102804976   0.0000816032  -0.0000076694  -0.0002780919   0.0000083935
        0.0001649780  -0.0000680523   0.0001755083   0.0000025590  -0.0002094455
       -0.0000522498  -0.0000023218   0.0001428667   0.0002499200  -0.0000591121
        0.0000302090  -0.0005191204   0.0000150770   0.0000347935   0.0002258795
        0.0001916867  -0.0006840691  -0.0001015063   0.0001506024  -0.0001961719
       -0.0005523505   0.0001091573   0.0002692196  -0.0020445046  -0.0025594929
       -0.0004734550   0.0001192531  -0.0013727227   0.0000836328  -0.0003538481
        0.0013661903   0.0011015284   0.0004964989  -0.0004694903  -0.0013546606
       -0.0000071340  -0.0000989750  -0.0000655114   0.0000045649  -0.0000003847
       -0.0000026709  -0.0000209118   0.0000513589  -0.0000821804   0.0000008623
       -0.0000441143   0.0000145670  -0.0061169160   0.0003929115  -0.0016933791
       -0.0017943878   0.0007000940  -0.0003606809   0.0008742836  -0.0002357066
       -0.0003713267  -0.0005576114  -0.0000513836   0.0002052131  -0.0001610326
        0.0001691690   0.0001132727  -0.0000114904  -0.0000086299  -0.0000124599
       -0.0000134361   0.0000145781   0.0000049830  -0.0000241873  -0.0000071921
       -0.0000019708
        0.0005619902  -0.0020173435   0.0014200022  -0.0001575180   0.0001641388
       -0.0001478794   0.0000161929  -0.0000410269  -0.0001139398  -0.0001516414
       -0.0001217475   0.0000891685   0.0000278981  -0.0000258011  -0.0000511287
       -0.0001018809  -0.0000584182  -0.0001029988  -0.0000093122  -0.0000372722
        0.0000166689   0.0000077706  -0.0000000638   0.0000057079  -0.0000097289
       -0.0000106005  -0.0000337180  -0.0000039000   0.0000091783   0.0000185373
        0.0000302762   0.0000285779  -0.0000170792   0.0000186630   0.0000360604
        0.0000075632  -0.0052594108  -0.0057758464  -0.0039359877  -0.0219158209
       -0.0213043862   0.0014461220  -0.0797169724  -0.0299646478  -0.0141020612
        0.0089685297   0.0074508460   0.0012665085   0.4703259246  -0.0106775193
       -0.0205550554   0.0005100636  -0.0010148878  -0.0008704068  -0.0002740324
        0.0005779816   0.0008346775  -0.0010149279   0.0021522610   0.0019077690
       -0.0972345426  -0.0288319283   0.0450548175  -0.1258528015   0.0539540876
        0.0230195964  -0.0925316251   0.0183343128  -0.0453496561  -0.0151218250
       -0.0033859640   0.0169543337  -0.0000464728   0.0000918522  -0.0001607931
       -0.0002037501  -0.0001931023  -0.0000739208   0.0000851782   0.0000681463
        0.0000390425  -0.0006752135   0.0002825443  -0.0002159236  -0.0004330214
        0.0002814966  -0.0002567626  -0.0001290061  -0.0000737200  -0.0002097354
       -0.0002732246  -0.0002421438   0.0000991233   0.0003356867   0.0005663113
        0.0006250216  -0.0114839484  -0.0111886126   0.0105617023   0.0077489842
        0.0069026156  -0.0094331996  -0.0149319062   0.0101480066   0.0081713748
       -0.0157451213   0.0133438298   0.0026923134   0.0072237859  -0.0069674387
       -0.0030404731  -0.0162118118   0.0085228985  -0.0204819211   0.0079336122
       -0.0039410663   0.0113378509  -0.0037021212  -0.0000132803  -0.0075358301
       -0.0000886447  -0.0003021868  -0.0002959306  -0.0020769267   0.0023944975
        0.0018924272  -0.0004921139   0.0006386499  -0.0000812327   0.0001826659
       -0.0004560121   0.0004256162  -0.0001080638  -0.0001020819  -0.0002621710
       -0.0000316620   0.0001546542  -0.0001481469   0.0000039467   0.0000104594
        0.0000028353  -0.0000142457   0.0000363944  -0.0000504169   0.0000034892
        0.0000210700  -0.0000134733   0.0012801772   0.0004987674  -0.0002672446
        0.0003668993  -0.0000420695   0.0001643871  -0.0005150326   0.0004464740
       -0.0001161112   0.0007513764  -0.0001925660  -0.0000993471   0.0001133996
       -0.0001412185  -0.0000340640   0.0000031680   0.0000065373   0.0000084919
        0.0000016772  -0.0000177293  -0.0000050576   0.0000168710   0.0000180324
        0.0000000072
        0.0014168366   0.0022197061   0.0023119109  -0.0001071442  -0.0002250851
       -0.0002303517   0.0001263434   0.0000735327  -0.0000817732  -0.0001093939
       -0.0001012808   0.0001716459  -0.0000176192  -0.0000071679  -0.0000883762
       -0.0000487299  -0.0000004067  -0.0000825112  -0.0000563659  -0.0000546608
        0.0000444541  -0.0000111170   0.0000033073  -0.0000057201  -0.0000345848
       -0.0000501975  -0.0000680810  -0.0000025864   0.0000138439   0.0000495540
        0.0000358136   0.0000365325  -0.0000195731   0.0000334264   0.0000324321
        0.0000219338  -0.0109237292   0.0053258657  -0.0032441242  -0.0208828234
       -0.0197422416   0.0033361618  -0.0242765794  -0.1075231684  -0.0338809764
       -0.0032145039  -0.0132662574  -0.0087306193  -0.0106775193   0.4379641295
       -0.0246113419  -0.0009867298   0.0010785755   0.0011719136  -0.0003554247
        0.0006420941   0.0001133189   0.0009824528  -0.0004757268  -0.0003882506
       -0.0278103741  -0.0830481725   0.0359506407   0.0532359596  -0.1061006917
       -0.0189776916   0.0199808417  -0.0729042277   0.0326417805   0.0075599855
        0.0090671253  -0.0105323979  -0.0000690453   0.0000268424  -0.0001030347
       -0.0001304592  -0.0001680532   0.0001592503  -0.0001497642  -0.0004048621
        0.0003661737   0.0003949852   0.0001084839   0.0001727220   0.0000220814
       -0.0000332532   0.0001161438   0.0000195829   0.0000651480  -0.0000760442
       -0.0001621602  -0.0001700557   0.0000891491  -0.0005053298  -0.0001638865
       -0.0002064352  -0.0146750873  -0.0131871987   0.0134036276  -0.0061784204
       -0.0072699150   0.0114385365  -0.0054744864   0.0069908413   0.0019685879
        0.0068500521  -0.0062484838  -0.0000447786   0.0164657489  -0.0199984385
       -0.0090264866   0.0090885450  -0.0048793015   0.0110435060   0.0087434509
       -0.0066093876   0.0178558064  -0.0109682259   0.0041647751  -0.0195105612
        0.0001520107   0.0005299081   0.0002053757   0.0030485321  -0.0021083390
       -0.0025905474   0.0003003844   0.0003494393  -0.0009622893   0.0000621688
       -0.0005735806   0.0005804567   0.0001570884   0.0002956919  -0.0002977590
       -0.0000865488   0.0001369809  -0.0002148976   0.0000379676   0.0000155297
        0.0000017867  -0.0000370867   0.0000278615   0.0000212534  -0.0000071346
       -0.0000126538  -0.0000034598   0.0079651022  -0.0027417106   0.0007929704
        0.0014190293  -0.0011965480  -0.0000746586  -0.0009202281   0.0007880593
        0.0003828313   0.0004688033  -0.0005115684  -0.0002763703   0.0002257253
       -0.0001803742  -0.0000921474   0.0000223665   0.0000276141   0.0000083476
        0.0000361865  -0.0000353056  -0.0000209328   0.0000277311   0.0000078810
        0.0000223517
       -0.0007120668   0.0009349565   0.0012454092  -0.0001289609  -0.0000348200
       -0.0002992172   0.0000374726  -0.0000051153  -0.0000789207  -0.0000376110
       -0.0000231416   0.0001410791   0.0000241957  -0.0000010986  -0.0000400042
       -0.0000779007  -0.0000595491  -0.0000593766  -0.0000136205  -0.0000303699
        0.0000097243  -0.0000055027   0.0000058981  -0.0000091841  -0.0000311642
       -0.0000360503  -0.0000393858  -0.0000066206   0.0000027357   0.0000179277
        0.0000294060   0.0000283722  -0.0000146124   0.0000156032   0.0000254277
        0.0000073384  -0.0062792217  -0.0054025175  -0.0032747476   0.0171665862
        0.0197988768   0.0033991398  -0.0201426236  -0.0446950908  -0.0813980423
       -0.0056377451  -0.0063477300  -0.0073432640  -0.0205550554  -0.0246113419
        0.4827310038  -0.0004303348   0.0008859303   0.0012586837  -0.0003125137
        0.0007495772   0.0004561088   0.0015349158  -0.0023785187  -0.0014557043
        0.0433305200   0.0365921202  -0.1191321490   0.0239702193  -0.0170691153
       -0.0711872770  -0.0446125189   0.0291994553  -0.1367409180   0.0131482307
        0.0010817176  -0.0126505376  -0.0001407739   0.0000787497  -0.0006775617
       -0.0001120904   0.0002565548   0.0001588847   0.0002155958   0.0003741861
       -0.0000942448  -0.0004835497   0.0001399384   0.0002984601  -0.0001723641
        0.0001406813  -0.0002540341  -0.0000352756  -0.0000692377  -0.0000992792
        0.0001336693   0.0000907412  -0.0000133972  -0.0005921051  -0.0005864150
       -0.0003727791  -0.0061892317  -0.0048101714   0.0071758275   0.0108157761
        0.0141014096  -0.0205043227   0.0176508637  -0.0135187438  -0.0088289431
       -0.0152472774   0.0135789480   0.0047832193   0.0057720977  -0.0074542943
       -0.0034767079   0.0010746793  -0.0002102074   0.0054666944  -0.0063759852
        0.0082859105  -0.0194713505  -0.0089634982   0.0016779670  -0.0169153232
       -0.0010924370   0.0004908956   0.0002751543   0.0016682652  -0.0016466548
       -0.0010738044   0.0001242947   0.0005849248  -0.0009762685   0.0004839062
       -0.0003412553   0.0005604695   0.0001422365   0.0004636138  -0.0003314532
       -0.0001464243   0.0001391227  -0.0001908116   0.0000131827   0.0000061264
        0.0000303375  -0.0000585979   0.0000797440  -0.0001067479   0.0000016713
        0.0000047600  -0.0000094676   0.0013326687  -0.0004419503  -0.0005905042
        0.0000706455  -0.0001196498  -0.0002941343  -0.0006078635   0.0005522242
        0.0001513010   0.0003041180  -0.0003664043  -0.0001482192   0.0001081451
       -0.0000995338  -0.0000231665   0.0000073067   0.0000140501   0.0000039008
        0.0000066997  -0.0000196494  -0.0000069100   0.0000179625   0.0000130105
        0.0000121076
        0.0003261894  -0.0003083083   0.0005566511   0.0000533016   0.0000240988
       -0.0000347081  -0.0000161574  -0.0000371480   0.0000376428   0.0000429978
        0.0000453122  -0.0000230064   0.0000150208   0.0000254550   0.0000279822
       -0.0000462109  -0.0000211603   0.0000172839   0.0000046723   0.0000070702
       -0.0000071551   0.0000068440   0.0000071612  -0.0000142201   0.0000092289
        0.0000113461  -0.0000137723  -0.0000119335  -0.0000090464  -0.0000092102
       -0.0000008331   0.0000009029  -0.0000050547  -0.0000023827   0.0000005506
       -0.0000000301   0.0001574632  -0.0001434763   0.0004578535  -0.0024728793
        0.0015789092   0.0025292330  -0.0150460803  -0.0029404376   0.0158724423
       -0.0980206910  -0.0301823476   0.0409216418   0.0005100636  -0.0009867298
       -0.0004303348   0.4963744833  -0.0459376272   0.0138468624   0.0068832044
        0.0054891636  -0.0067103543  -0.0181638778  -0.0150693249   0.0098379874
        0.0086601507   0.0097709436   0.0057066778   0.0000479750  -0.0001946620
       -0.0001802193  -0.0001596012  -0.0001155562  -0.0001244109  -0.1060781104
       -0.0515808272  -0.0343766561  -0.1187643281   0.0592360351  -0.0906738999
       -0.1261266746   0.0957774600   0.0607363417  -0.0010791800   0.0021784357
       -0.0021357075   0.0002920403  -0.0000537548  -0.0003589065   0.0000460610
        0.0003115329  -0.0003745612   0.0000742798  -0.0005976702   0.0011831421
       -0.0025869413  -0.0025512035  -0.0016574929   0.0003469851   0.0005001643
        0.0006833574  -0.0012204755   0.0033384498   0.0023026426   0.0007339627
        0.0006613455   0.0008550893  -0.0000097756  -0.0000500269  -0.0000151955
       -0.0000005544   0.0000256691   0.0000113741   0.0000599071  -0.0000149932
       -0.0000799989   0.0000165128   0.0000224720  -0.0000454840  -0.0000113765
        0.0000018016   0.0000102150   0.0000131838   0.0000065081  -0.0000444364
       -0.0132971356  -0.0135147322  -0.0117160623  -0.0115695567  -0.0147196202
       -0.0064431598  -0.0001770588  -0.0001284411   0.0000528983  -0.0001263508
        0.0002954126  -0.0000066563   0.0000167945  -0.0000783414   0.0000467015
        0.0000285072  -0.0000167659   0.0000380242   0.0000098304  -0.0000093184
       -0.0000016105  -0.0000141460   0.0000018048   0.0000225850  -0.0000124102
       -0.0000050768  -0.0000006118   0.0004483540  -0.0000753495  -0.0001827895
       -0.0000988629   0.0000468380  -0.0001230243   0.0000600794  -0.0000552563
        0.0000315956  -0.0001123825   0.0000056553  -0.0000043011  -0.0000070689
        0.0000241627   0.0000098938  -0.0000028548  -0.0000007562   0.0000021736
       -0.0000061298  -0.0000007948  -0.0000004500   0.0000039276   0.0000040920
       -0.0000048115
       -0.0006233626   0.0000793930  -0.0005869051  -0.0001174773  -0.0000943284
       -0.0000825971   0.0000402485   0.0000552222  -0.0000179074  -0.0000029762
       -0.0000009859   0.0000199426   0.0000021443   0.0000094113   0.0000131015
       -0.0000015528  -0.0000222005  -0.0000025704   0.0000036755   0.0000042789
        0.0000024484  -0.0000122595  -0.0000151845   0.0000036360   0.0000028157
        0.0000041912   0.0000023362   0.0000038178   0.0000074110   0.0000186770
        0.0000013126   0.0000014613   0.0000023734  -0.0000019451  -0.0000004413
        0.0000034601  -0.0007354565   0.0002833894  -0.0007631476   0.0047958128
       -0.0011923606  -0.0043806068   0.0098806233   0.0073251302  -0.0089450122
       -0.0316565915  -0.0890710059   0.0370026709  -0.0010148878   0.0010785755
        0.0008859303  -0.0459376272   0.5036221513   0.0115851526  -0.0080798359
       -0.0108346593   0.0146050200  -0.0160594199  -0.0118020652   0.0086412695
       -0.0069991588  -0.0233201037  -0.0153193852  -0.0000508438  -0.0000735587
        0.0001547412  -0.0000409706  -0.0001189965   0.0000045444  -0.0515425429
       -0.1307213496  -0.0390865670   0.0598848755  -0.0859490246   0.0683040269
        0.0954784897  -0.1472399610  -0.0680011547   0.0016176546  -0.0024642700
        0.0023587954  -0.0006867003   0.0005820364  -0.0005696812  -0.0003239714
        0.0000389673   0.0002657346   0.0009801967   0.0004406604   0.0005564134
       -0.0024809771  -0.0018534593  -0.0015356431  -0.0003045721   0.0003058644
        0.0005341029   0.0025014714  -0.0030770503  -0.0027215281  -0.0009080432
        0.0003725592  -0.0003250787  -0.0000357380   0.0000346737   0.0000925658
        0.0000212162   0.0000525439  -0.0000297440  -0.0000012426   0.0000319903
        0.0000061775  -0.0000669459   0.0001209282  -0.0001095886  -0.0000079260
       -0.0000174668   0.0000223633   0.0000055284   0.0000013824  -0.0000166323
        0.0043826536   0.0074636996   0.0029326900  -0.0123947185  -0.0141548258
       -0.0059396998   0.0002214789   0.0004992227  -0.0001301524   0.0002073728
       -0.0005756072  -0.0002566249  -0.0002400932   0.0001773786   0.0003391792
       -0.0000370409   0.0000468766   0.0000289129  -0.0000129022  -0.0000067120
        0.0000167232   0.0000060445  -0.0000108582  -0.0000243053   0.0000080612
        0.0000383988  -0.0000112822   0.0001338351  -0.0000700480   0.0003501925
        0.0001848926  -0.0000492916   0.0001121713  -0.0001738617   0.0000743064
        0.0000247748   0.0001579667   0.0000293646  -0.0000228696   0.0000243863
       -0.0000420091  -0.0000200563   0.0000015283   0.0000011670   0.0000037383
        0.0000038248  -0.0000032299   0.0000014247  -0.0000002862  -0.0000015817
        0.0000034490
       -0.0004586016  -0.0003195394  -0.0000455080   0.0000607295   0.0000501990
       -0.0000162060  -0.0000386197   0.0000076088   0.0000068248   0.0000414329
        0.0000293980  -0.0000204646   0.0000065987   0.0000123527   0.0000168778
       -0.0000056536  -0.0000444570   0.0000250141   0.0000107172   0.0000159205
       -0.0000040115  -0.0000000167  -0.0000057844   0.0000010164   0.0000166518
        0.0000144411   0.0000041699   0.0000039273  -0.0000088244  -0.0000020538
        0.0000008759  -0.0000012933   0.0000030000   0.0000015731  -0.0000057788
        0.0000000883   0.0001265033  -0.0002112616   0.0001568487   0.0025893531
       -0.0017088220  -0.0024449440   0.0172678279   0.0034938183  -0.0162219371
        0.0431653718   0.0381598011  -0.1102347635  -0.0008704068   0.0011719136
        0.0012586837   0.0138468624   0.0115851526   0.4888117293   0.0086612225
        0.0130319129  -0.0156526568  -0.0067929523  -0.0043815216   0.0056499499
       -0.0051594318  -0.0161526275  -0.0093951731  -0.0000237178   0.0001410038
        0.0002569654   0.0001402964   0.0001829426   0.0001069131  -0.0364164223
       -0.0420507659  -0.0935238374  -0.0904248302   0.0680871750  -0.1534250922
        0.0613000076  -0.0683788945  -0.0883265899  -0.0013973558   0.0028557477
       -0.0023016686   0.0007457130  -0.0004061833   0.0006082704   0.0001650630
       -0.0004370332   0.0001069014  -0.0009257345  -0.0010476121   0.0005644543
       -0.0018780463  -0.0014867133  -0.0012603491  -0.0004712277  -0.0001175349
        0.0003007572   0.0015357360  -0.0027043433  -0.0012549478  -0.0002402382
        0.0010452874   0.0006770116  -0.0000135047   0.0000736349   0.0000282674
       -0.0000092023   0.0000250157   0.0000120053  -0.0000511002   0.0000254645
        0.0000396571  -0.0002220560  -0.0000655203  -0.0001116544   0.0001064223
        0.0000337462  -0.0000352371  -0.0000312526   0.0000408706   0.0000469184
       -0.0146491711  -0.0147649831  -0.0118495772   0.0106883246   0.0138155505
        0.0076332801   0.0000842823   0.0002902165   0.0000027926   0.0000510853
       -0.0001980093  -0.0002996285  -0.0002481820  -0.0000252265   0.0003726424
        0.0000312209  -0.0000110989   0.0000690680   0.0000014288   0.0000059537
       -0.0000006291   0.0000092660   0.0000010578   0.0000307689  -0.0000048463
        0.0000001583  -0.0000095613  -0.0004740095   0.0002780279  -0.0003089660
       -0.0000151987   0.0000637203  -0.0000155075   0.0001051498  -0.0001144098
        0.0000398364   0.0000707876   0.0000991444  -0.0000567854  -0.0000176660
        0.0000124027  -0.0000026995  -0.0000013171  -0.0000014235  -0.0000070800
        0.0000052583   0.0000020091   0.0000004480   0.0000010728  -0.0000019863
       -0.0000036317
        0.0007514580   0.0002225107  -0.0006601389  -0.0000041086  -0.0000533736
        0.0000108155  -0.0000019467   0.0000396197   0.0000190593   0.0000198548
        0.0000064783  -0.0000298625  -0.0000057570  -0.0000032593   0.0000287499
        0.0000308824  -0.0000180579   0.0000391803   0.0000063285   0.0000058299
        0.0000004416  -0.0000100121  -0.0000002952   0.0000007203   0.0000001371
       -0.0000036844   0.0000055364   0.0000006780   0.0000041596   0.0000055143
       -0.0000139736  -0.0000088637   0.0000009774  -0.0000104350  -0.0000051666
       -0.0000007996   0.0017344282   0.0005973235   0.0017430051  -0.0003569141
        0.0014722370  -0.0010357744  -0.0143733291   0.0185260741  -0.0026403386
       -0.0918349977   0.0320586790  -0.0374765522  -0.0002740324  -0.0003554247
       -0.0003125137   0.0068832044  -0.0080798359   0.0086612225   0.5216351901
        0.0276448277  -0.0182324844  -0.0162928527   0.0103563444  -0.0187548842
       -0.0001637007  -0.0001198918   0.0000941025   0.0001324362   0.0003616362
        0.0001939734  -0.0001834057   0.0007747929   0.0003551784   0.0000351421
        0.0002398495   0.0000463298  -0.0012386013  -0.0021857850   0.0027269018
        0.0006318586  -0.0005194650   0.0001181926  -0.1354672717  -0.0482635899
        0.1086174899  -0.2038757066  -0.0857741390  -0.0793861115  -0.0627213448
        0.0543099365   0.0386258606  -0.0033262023  -0.0015145710  -0.0031749896
        0.0004074237   0.0007540516  -0.0002401084   0.0000938233   0.0007650519
        0.0003041036   0.0000251374  -0.0000615480  -0.0000513014  -0.0000655954
        0.0000431873  -0.0000358461   0.0000285582   0.0000135943  -0.0000704777
       -0.0000017957  -0.0000313017   0.0000416058  -0.0000376760   0.0000545050
        0.0000668549  -0.0002535481  -0.0007674414  -0.0003274980   0.0001153316
        0.0001570866  -0.0000554793  -0.0001498715   0.0002583515   0.0001180135
       -0.0002531280  -0.0007318247   0.0004053082   0.0000280300  -0.0001610579
       -0.0000411182   0.0000355658  -0.0003752153   0.0002365618  -0.0002330281
        0.0003548229  -0.0001602642   0.0000647288  -0.0001421965   0.0001761866
        0.0000904548  -0.0000363462  -0.0000025436   0.0000215546  -0.0000288823
        0.0000018616  -0.0000217424   0.0000009256   0.0000785251  -0.0000270653
       -0.0000384366   0.0000200942  -0.0011365636   0.0001497788  -0.0000568386
       -0.0003185941   0.0001263685  -0.0000314332   0.0000986612   0.0000118470
       -0.0001104637  -0.0001757922  -0.0000586936   0.0001155443  -0.0000324789
        0.0000297547   0.0000302818   0.0000035631  -0.0000050710   0.0000055093
       -0.0000083987   0.0000004994  -0.0000031572  -0.0000045608   0.0000032942
       -0.0000027229
       -0.0011812388  -0.0002270848   0.0002215355  -0.0000318225  -0.0000146206
       -0.0000683813   0.0000211214   0.0001103240  -0.0000210423  -0.0000032803
       -0.0000139601   0.0000436349  -0.0000141985  -0.0000049536  -0.0000005302
        0.0000423728  -0.0000751130  -0.0000215775   0.0000007263   0.0000068513
        0.0000178481  -0.0000100143  -0.0000145302   0.0000101317   0.0000106780
        0.0000002642  -0.0000043169   0.0000154877   0.0000093001   0.0000271799
        0.0000133315   0.0000107179   0.0000043589   0.0000107062   0.0000032755
        0.0000095788  -0.0031905433  -0.0003381443  -0.0027510176  -0.0003471473
       -0.0000844913   0.0007992509   0.0226539733  -0.0247452890   0.0054167533
        0.0335699646  -0.1042087587   0.0474827399   0.0005779816   0.0006420941
        0.0007495772   0.0054891636  -0.0108346593   0.0130319129   0.0276448277
        0.4859515518   0.0356553985  -0.0045734252   0.0052221929  -0.0056522921
        0.0001240490   0.0001384661  -0.0001136511  -0.0002018921  -0.0003537415
       -0.0002557562  -0.0005789389  -0.0000353497  -0.0002148603   0.0000162967
        0.0002941913  -0.0003467387  -0.0015127733  -0.0012683952   0.0019252275
        0.0006546241   0.0004762277  -0.0007758942  -0.0484055522  -0.0670366802
        0.0555743320  -0.0857511976  -0.0875695912  -0.0424103451   0.0539176344
       -0.1934704766  -0.1058154596  -0.0019701691  -0.0005373945  -0.0019710106
        0.0000389188   0.0003459739  -0.0006047198  -0.0007430090   0.0003055651
       -0.0005387271   0.0000157492  -0.0000060695   0.0000261435   0.0000116615
       -0.0000492279  -0.0000147601  -0.0000330987   0.0000165422   0.0000879749
       -0.0000120935   0.0000049511  -0.0000684368   0.0000432460  -0.0001003826
       -0.0000838943   0.0003644573  -0.0013677874  -0.0007186123  -0.0000295674
       -0.0001846737   0.0001700841   0.0003316607  -0.0003469753  -0.0000723512
        0.0000209815  -0.0006790528   0.0003622420   0.0000979224  -0.0000374209
        0.0001106598  -0.0000158706   0.0005884724  -0.0000144757   0.0001168224
       -0.0007942314  -0.0003547230  -0.0001969629   0.0003633176   0.0004238146
       -0.0000041178   0.0000410781  -0.0000033978  -0.0000037931   0.0000217697
        0.0000134859   0.0000052769  -0.0000392430   0.0000165712   0.0000330615
        0.0000560977  -0.0000194554   0.0022618759  -0.0000174430   0.0006400808
        0.0005349291  -0.0001730885   0.0001396787  -0.0001787704  -0.0000149303
        0.0001294254   0.0002791921   0.0000916628  -0.0001308046   0.0000493837
       -0.0000519957  -0.0000427993   0.0000010185   0.0000002870  -0.0000012719
        0.0000081276  -0.0000035595   0.0000018974   0.0000122526  -0.0000018597
       -0.0000002157
        0.0000177931  -0.0002992428  -0.0001092937  -0.0001112620  -0.0000452409
       -0.0000534643   0.0000366277   0.0000805402  -0.0000450903  -0.0000149328
       -0.0000100014   0.0000245384  -0.0000140714  -0.0000108500   0.0000153423
        0.0000267219  -0.0000433033  -0.0000143102  -0.0000022564  -0.0000103231
        0.0000088929  -0.0000135898  -0.0000107038   0.0000074310   0.0000052786
       -0.0000014183  -0.0000117654   0.0000107824   0.0000105570   0.0000155828
       -0.0000039493  -0.0000003214   0.0000049326  -0.0000077892  -0.0000057601
        0.0000042658  -0.0015912732  -0.0003276016  -0.0014794577   0.0003976886
       -0.0005537696   0.0015560495   0.0087479500  -0.0100773236   0.0083615544
       -0.0361639379   0.0444382926  -0.1082153646   0.0008346775   0.0001133189
        0.0004561088  -0.0067103543   0.0146050200  -0.0156526568  -0.0182324844
        0.0356553985   0.5015705947  -0.0134804578   0.0075643772  -0.0134425091
        0.0000598649   0.0000544200  -0.0001322569  -0.0001227920  -0.0001932440
       -0.0001116907  -0.0004455627   0.0001683111   0.0000114577  -0.0002109353
       -0.0001282586  -0.0000233252   0.0017705710   0.0027934521  -0.0027911952
       -0.0007897668   0.0005914111   0.0005258724   0.1092241802   0.0549214277
       -0.1720339799  -0.0795238808  -0.0427133966  -0.0817665557   0.0376886120
       -0.1051543167  -0.1151748191  -0.0027359738  -0.0012520920  -0.0019129380
        0.0005164603   0.0004340369   0.0004859371  -0.0004538271   0.0008956626
       -0.0000577495  -0.0000254364   0.0000395711   0.0000388619  -0.0000667612
       -0.0000199783   0.0000136440  -0.0000541813   0.0000141706   0.0000582806
        0.0000180058  -0.0000103535  -0.0000418390   0.0000278127  -0.0000402523
       -0.0000527421   0.0003478005  -0.0009978311  -0.0006652440  -0.0001762899
       -0.0001901067   0.0001193572   0.0001885211  -0.0001335398   0.0001098664
       -0.0003033582  -0.0003019657  -0.0000282171  -0.0000041013   0.0000179916
        0.0000266784   0.0000368000   0.0003211612  -0.0000729038   0.0003074268
       -0.0002602419  -0.0003689295  -0.0002305513   0.0000986326   0.0001867526
       -0.0000996230   0.0000021244   0.0000422068  -0.0000080913   0.0000000472
        0.0000285925  -0.0000225232  -0.0000032052  -0.0000312495   0.0000060644
        0.0000242202  -0.0000070723   0.0011830246  -0.0000211664   0.0005768132
        0.0002141604  -0.0000683629   0.0000686782  -0.0001583597   0.0000556268
        0.0000174073   0.0000912280   0.0000197588  -0.0000134583   0.0000242627
       -0.0000355522  -0.0000200022   0.0000003872   0.0000005306  -0.0000043070
        0.0000008217   0.0000005264  -0.0000009393  -0.0000051503  -0.0000008634
       -0.0000003736
        0.0013849458  -0.0015693831  -0.0012771758   0.0000727377  -0.0000364765
       -0.0000858327   0.0000612371   0.0002739052  -0.0001664502   0.0001149375
        0.0001244103   0.0000128641   0.0000093470   0.0001372162   0.0001551578
       -0.0004318201  -0.0001987640   0.0001926412   0.0000059836   0.0000135156
        0.0000056139  -0.0000289088  -0.0000372242   0.0000207638   0.0000193488
       -0.0000173239  -0.0000487775  -0.0000118042  -0.0000222471   0.0000110097
       -0.0000160175  -0.0000145587   0.0000064758  -0.0000258546  -0.0000415829
        0.0000211884  -0.0013980528   0.0007791089   0.0006434701   0.0004562956
        0.0004749841   0.0008317427   0.0079369237   0.0068669892   0.0048320909
       -0.1218993465  -0.0436807478  -0.0407871322  -0.0010149279   0.0009824528
        0.0015349158  -0.0181638778  -0.0160594199  -0.0067929523  -0.0162928527
       -0.0045734252  -0.0134804578   0.4940124745  -0.0277466865  -0.0300244867
        0.0000160226   0.0000454952   0.0000689527   0.0001759662   0.0004935363
        0.0001854391   0.0001680426   0.0002393607   0.0001641665  -0.0023534203
       -0.0015524412   0.0026477158   0.0006790210   0.0007050758  -0.0012788093
        0.0001205981  -0.0002249942  -0.0005761132   0.0003445066  -0.0003896896
        0.0004841563  -0.0019047375   0.0017798223  -0.0028378020   0.0000066846
       -0.0011168813  -0.0006097288  -0.1052954236   0.0756441804  -0.0750717916
       -0.1409111242  -0.0703091618   0.0978524363  -0.0957059963   0.0785728279
        0.0619902147   0.0000653163   0.0000342740  -0.0000247328  -0.0000370887
        0.0000484025  -0.0000010652   0.0000239086  -0.0000349882  -0.0000648283
        0.0000095247  -0.0000716117   0.0000081260  -0.0000652715   0.0001326547
        0.0000744834   0.0001046091   0.0000103172   0.0000537360  -0.0000350890
        0.0000057509  -0.0000138250   0.0000853122   0.0000034080   0.0001035455
       -0.0000224005  -0.0000039929  -0.0000437555  -0.0006949038  -0.0009678092
       -0.0004178591   0.0000492816   0.0003458872  -0.0001977154  -0.0001958083
       -0.0005054430  -0.0005014458  -0.0001415166   0.0002857509   0.0014994279
        0.0000503429   0.0000278699   0.0001998296   0.0000162188  -0.0000214668
        0.0000151161   0.0000066391  -0.0000174104   0.0000632095  -0.0000140788
       -0.0000091996   0.0000003256   0.0005574915   0.0011250454   0.0005902813
        0.0001145216   0.0000308836  -0.0000166374   0.0000288249  -0.0000640383
        0.0000133771  -0.0000066180   0.0000904651   0.0000397406  -0.0000290136
        0.0000145333   0.0000029764  -0.0000012100  -0.0000047537   0.0000020319
       -0.0000049769  -0.0000016146  -0.0000007664   0.0000050756   0.0000052128
       -0.0000070815
       -0.0034278706   0.0007962345   0.0016873361  -0.0001688098  -0.0002225308
       -0.0002433668  -0.0001329188   0.0002087556  -0.0000815249  -0.0000545716
       -0.0000979052   0.0001292052  -0.0000561972  -0.0000483997  -0.0000056243
        0.0002373853  -0.0002117786  -0.0000994432   0.0000316847   0.0000501164
        0.0000368253  -0.0000150182  -0.0000145798   0.0000266716   0.0000689661
        0.0000443177  -0.0000208578   0.0000437842   0.0000413711   0.0000674245
       -0.0000001803   0.0000156078   0.0000264391  -0.0000071194  -0.0000075516
        0.0000074081   0.0000454736   0.0002147306  -0.0012741956  -0.0003374542
       -0.0012949543  -0.0009397148  -0.0087773982  -0.0229439317  -0.0192431379
       -0.0418836617  -0.0903187544  -0.0274681647   0.0021522610  -0.0004757268
       -0.0023785187  -0.0150693249  -0.0118020652  -0.0043815216   0.0103563444
        0.0052221929   0.0075643772  -0.0277466865   0.5108735961  -0.0261634379
        0.0002114986   0.0003394395   0.0000096600  -0.0003367854  -0.0008132100
       -0.0003363045  -0.0003219045  -0.0003074210  -0.0002976040  -0.0022042066
       -0.0009632835   0.0019367299  -0.0010450516   0.0000291430  -0.0012645550
        0.0003167312   0.0001719106  -0.0003331183   0.0005630251   0.0002453687
        0.0000210643   0.0025139060  -0.0013221737   0.0027100651   0.0007935727
        0.0005607271   0.0009701934   0.0739296359  -0.1323151661   0.0899716762
       -0.0700407393  -0.0958614635   0.0724080348   0.0804261218  -0.1582278246
       -0.0921728421   0.0000454490   0.0000436408   0.0000535090  -0.0000277779
       -0.0000232274  -0.0000384639  -0.0000179835   0.0000310585   0.0000604332
       -0.0000387345   0.0000521308  -0.0000280406   0.0001665961  -0.0002105920
       -0.0000995831  -0.0000760429  -0.0001313875  -0.0000163031   0.0000556309
       -0.0000539023   0.0000411011  -0.0001442412   0.0000505212  -0.0001381004
       -0.0001160918  -0.0002038280  -0.0000496674  -0.0005203350  -0.0006789992
       -0.0003026530  -0.0000029403   0.0005138627   0.0000300886   0.0000738823
       -0.0010550291  -0.0002925013  -0.0002427522   0.0010293856   0.0007855681
       -0.0000207902   0.0000435641   0.0000214748  -0.0000085212   0.0000094447
        0.0000151096   0.0000089934  -0.0000021149  -0.0000068553   0.0000068127
        0.0000405108  -0.0000373105   0.0005076700  -0.0010578055  -0.0009195130
        0.0001592302   0.0000143453   0.0000924387  -0.0000717542  -0.0000343754
        0.0000251198   0.0001702847   0.0000843832  -0.0000493635   0.0000106818
       -0.0000152585  -0.0000228994   0.0000051178  -0.0000040790  -0.0000002014
        0.0000057648   0.0000012603   0.0000052322   0.0000073595  -0.0000083006
        0.0000022020
       -0.0031461780   0.0006848113   0.0018897728  -0.0000323508  -0.0000646407
       -0.0001916659   0.0001524710  -0.0000303646  -0.0000490219   0.0000169407
        0.0000200295   0.0000361409   0.0000162397   0.0000492081   0.0000266005
       -0.0003618682  -0.0000711864  -0.0000944762   0.0000111693   0.0000315716
       -0.0000149108   0.0000027085  -0.0000158277   0.0000053707   0.0000726588
        0.0000875324  -0.0000372344   0.0000320483   0.0000036732   0.0000315383
        0.0000142253   0.0000126318   0.0000194279   0.0000036301  -0.0000079658
        0.0000110755  -0.0002562462   0.0006932647   0.0000844564  -0.0008469786
       -0.0023255284  -0.0010703086  -0.0065022415  -0.0203871493  -0.0152860068
       -0.0424542490  -0.0277801230  -0.0918775381   0.0019077690  -0.0003882506
       -0.0014557043   0.0098379874   0.0086412695   0.0056499499  -0.0187548842
       -0.0056522921  -0.0134425091  -0.0300244867  -0.0261634379   0.5113931316
        0.0001193303  -0.0000317050  -0.0000974018  -0.0003074070  -0.0007762670
       -0.0002614829  -0.0002334329  -0.0002138944  -0.0001494922   0.0024233585
        0.0018189444  -0.0016492024   0.0016107013   0.0007310733   0.0008459441
        0.0001367122   0.0004670405   0.0002392081  -0.0001947146  -0.0006374928
        0.0002948992  -0.0025058749   0.0020525164  -0.0024379385   0.0003790961
       -0.0011536050   0.0002870117  -0.0743625358   0.0900861546  -0.1331390957
        0.0974451044   0.0723360858  -0.1418293124   0.0627022485  -0.0918743946
       -0.1157957000  -0.0000361441   0.0000417284   0.0000647720   0.0000427618
       -0.0000106176  -0.0000316014  -0.0000339687   0.0000305742   0.0000716510
       -0.0000132852   0.0000788835  -0.0000188512   0.0001412280  -0.0001815825
       -0.0001070704   0.0000259542   0.0000483177  -0.0000628788  -0.0000378602
       -0.0000420124   0.0000822306  -0.0000505847   0.0000149498  -0.0000951764
        0.0000682248   0.0000719071  -0.0000006944   0.0005315795   0.0007082554
        0.0002848561  -0.0000805574   0.0001702761   0.0000407464   0.0001950346
        0.0001922999  -0.0001006240   0.0010522028   0.0000710484  -0.0006689820
       -0.0000584909  -0.0000677907  -0.0000665853  -0.0000046933   0.0000266974
       -0.0000252279   0.0000031471   0.0000162285  -0.0000252435   0.0000030026
        0.0000108840  -0.0000072359   0.0009618326  -0.0012603491  -0.0011883009
        0.0001578809  -0.0000374715  -0.0000239822   0.0000855978  -0.0001322467
        0.0000827306   0.0001153838   0.0001167543  -0.0001075862   0.0000222581
       -0.0000073270  -0.0000210433  -0.0000025151  -0.0000003543  -0.0000077540
        0.0000051187   0.0000028774   0.0000008982   0.0000059418  -0.0000036122
       -0.0000045727
        0.0002718029  -0.0005624680   0.0003400092   0.0000418502   0.0000718724
        0.0000081652  -0.0000280492  -0.0000173885   0.0000086374  -0.0000123989
       -0.0000099368  -0.0000091136   0.0000060364   0.0000039379   0.0000099249
       -0.0000079705  -0.0000221915  -0.0000018937   0.0000025753  -0.0000014875
       -0.0000014897   0.0000091699   0.0000073893  -0.0000095584   0.0000105342
        0.0000118614  -0.0000095367  -0.0000028994  -0.0000053085  -0.0000076046
        0.0000001407   0.0000005270  -0.0000039280  -0.0000018917   0.0000010503
       -0.0000020715   0.0001658095  -0.0003270625   0.0003430976  -0.0022074407
       -0.0029647712  -0.0003022877  -0.0136306291  -0.0134997654   0.0079872257
        0.0003719027   0.0007029159   0.0006960652  -0.0972345426  -0.0278103741
        0.0433305200   0.0086601507  -0.0069991588  -0.0051594318  -0.0001637007
        0.0001240490   0.0000598649   0.0000160226   0.0002114986   0.0001193303
        0.4940184831   0.0062393718   0.0486516633  -0.0178541786  -0.0045876266
        0.0182695396   0.0068590130   0.0047113453  -0.0078140161  -0.1140498366
        0.0541229822   0.0344825461   0.0007300519  -0.0010599105  -0.0002868716
       -0.0007884152  -0.0032156248  -0.0019779271  -0.0000140981  -0.0000139466
        0.0000045262   0.0000286646   0.0000364610  -0.0000545655   0.0000076690
        0.0000321883  -0.0000245667   0.0000102344  -0.0000174831  -0.0000435293
        0.0000009878   0.0000254593   0.0000192672   0.0000540465   0.0000799463
       -0.0000209188  -0.1123500978  -0.0907955233  -0.0597908263  -0.1223817091
        0.0559337983  -0.0949243219  -0.0030211449   0.0022749025   0.0018197053
        0.0001692979  -0.0006788157   0.0005833100   0.0004823362  -0.0010631250
       -0.0002643176   0.0002180920   0.0004705962  -0.0001097481  -0.0011295813
        0.0010918135  -0.0028874147  -0.0000250890   0.0002156096  -0.0004407992
       -0.0146779952   0.0157553043   0.0070709834  -0.0127098568   0.0112634216
        0.0105155415  -0.0001098112   0.0000397606   0.0000229696  -0.0000227472
        0.0001167152  -0.0001361714  -0.0000943409  -0.0001098964   0.0000593081
        0.0000234029  -0.0000117129   0.0000293779  -0.0000014423  -0.0000042406
       -0.0000035125  -0.0000078837  -0.0000144829   0.0000050364  -0.0000021027
       -0.0000009986   0.0000043096   0.0004282222   0.0001708193  -0.0000699161
       -0.0000716568   0.0000876417  -0.0000959201   0.0000600097  -0.0000771941
        0.0000570073  -0.0000359657   0.0000503379  -0.0000448411  -0.0000093170
        0.0000169177   0.0000028096  -0.0000052692  -0.0000013862   0.0000019621
        0.0000006696  -0.0000054552   0.0000012636   0.0000048859   0.0000068407
       -0.0000068672
        0.0006651765  -0.0004622141  -0.0000655087  -0.0000672547  -0.0000290709
       -0.0000061582   0.0000098748   0.0000038364  -0.0000288127  -0.0000540765
       -0.0000423400   0.0000070792   0.0000001349  -0.0000086131   0.0000047930
       -0.0000013917   0.0000071864   0.0000072691  -0.0000062559  -0.0000149771
       -0.0000040317   0.0000012630  -0.0000018723   0.0000027770   0.0000005611
       -0.0000001650  -0.0000011869   0.0000001725   0.0000013692   0.0000022625
       -0.0000013332  -0.0000019842   0.0000012416  -0.0000028823  -0.0000005974
        0.0000003107   0.0002047569  -0.0001648480   0.0000768372  -0.0043590826
       -0.0047979186  -0.0001951113  -0.0199806961  -0.0161522025   0.0130055379
        0.0011130061   0.0020929600   0.0008719538  -0.0288319283  -0.0830481725
        0.0365921202   0.0097709436  -0.0233201037  -0.0161526275  -0.0001198918
        0.0001384661   0.0000544200   0.0000454952   0.0003394395  -0.0000317050
        0.0062393718   0.5024437204   0.0145702913   0.0107853715   0.0047449120
       -0.0104441975  -0.0043304658  -0.0051554750   0.0101447016   0.0559404061
       -0.1234553056  -0.0386178407   0.0005377235   0.0008303180   0.0008258715
       -0.0022062047  -0.0038588955  -0.0027219707  -0.0000700449  -0.0000031642
        0.0000259006   0.0002036189  -0.0001375195   0.0000759438   0.0000240806
        0.0000536246   0.0000177264   0.0000050939   0.0000131962   0.0000332848
        0.0000095388   0.0000679006   0.0000722719   0.0000580218   0.0000566631
        0.0000167133  -0.0911315327  -0.1594716396  -0.0737810201   0.0555841226
       -0.0851585021   0.0664939778   0.0030789369  -0.0018297173  -0.0015785996
        0.0002136478   0.0002034837  -0.0007206079   0.0007988572   0.0005695192
       -0.0004154718  -0.0004430803   0.0002705420  -0.0003015325   0.0005636303
       -0.0004382487   0.0019427105   0.0000203811  -0.0000193960  -0.0003242348
        0.0116219227  -0.0115814188  -0.0048138666  -0.0059580217   0.0073166414
        0.0048661034  -0.0001929725   0.0000369400   0.0001681657   0.0000408649
       -0.0000304663  -0.0001207006  -0.0000885757  -0.0001222043   0.0000617652
        0.0000165657   0.0000093386   0.0000125742  -0.0000032174  -0.0000076630
       -0.0000012259  -0.0000016033  -0.0000037985   0.0000018696  -0.0000048353
        0.0000022951   0.0000030831   0.0003910869   0.0000505813   0.0003173589
       -0.0000171675   0.0000392760   0.0000585119  -0.0000804895   0.0000513584
       -0.0001019582   0.0000134683  -0.0000119717   0.0000878693   0.0000104797
       -0.0000166089  -0.0000001616  -0.0000011785  -0.0000009326   0.0000048489
       -0.0000114497   0.0000035684   0.0000003232  -0.0000029432   0.0000008701
        0.0000000617
        0.0003396292  -0.0006095392   0.0003359868   0.0000802755   0.0000860004
        0.0000279632  -0.0000330170  -0.0000213946   0.0000500110   0.0000525036
        0.0000523076  -0.0000435266   0.0000058631   0.0000055758   0.0000086098
       -0.0000012731  -0.0000135148   0.0000012748   0.0000045269   0.0000061986
        0.0000022369   0.0000032023  -0.0000001010  -0.0000023908   0.0000036221
        0.0000035159  -0.0000048981  -0.0000013950  -0.0000079987  -0.0000105581
       -0.0000030473  -0.0000039023  -0.0000005240  -0.0000022434  -0.0000030210
        0.0000000061   0.0007252152  -0.0005414162   0.0006357759  -0.0034061855
       -0.0030795334   0.0009054976  -0.0026146904  -0.0001346842   0.0058812282
        0.0005350996   0.0005342061   0.0003901676   0.0450548175   0.0359506407
       -0.1191321490   0.0057066778  -0.0153193852  -0.0093951731   0.0000941025
       -0.0001136511  -0.0001322569   0.0000689527   0.0000096600  -0.0000974018
        0.0486516633   0.0145702913   0.4952058397   0.0113294035   0.0017914292
       -0.0104348557   0.0102707371   0.0132341456  -0.0214044298   0.0337104311
       -0.0360989466  -0.0922947399   0.0007748672  -0.0005415650   0.0001764868
       -0.0015289244  -0.0026805494  -0.0009317149   0.0000376314   0.0000204903
       -0.0000290895  -0.0000279954   0.0000299053   0.0001275994  -0.0000184014
       -0.0000388887  -0.0000066088  -0.0000287224  -0.0000275999   0.0000243510
        0.0000294775   0.0000781434  -0.0000148507  -0.0000318883   0.0000008851
        0.0000125660  -0.0591121617  -0.0732479026  -0.0900915724  -0.0956722889
        0.0667587071  -0.1521570818   0.0017235352  -0.0010773132  -0.0007015381
       -0.0009292529   0.0003141337   0.0005949903   0.0002222439   0.0006245286
        0.0002058860   0.0010717730  -0.0003603241   0.0009392767  -0.0019392880
        0.0013006939  -0.0044211098   0.0002099020   0.0002577526  -0.0000197286
       -0.0112380500   0.0119871561   0.0085796293   0.0163983626  -0.0140318986
       -0.0125089436  -0.0001630207  -0.0000837019   0.0002318942  -0.0000561006
        0.0001673078  -0.0001622055  -0.0000617362  -0.0001340251   0.0000608356
        0.0000310126  -0.0000308281   0.0000515314  -0.0000056611   0.0000006527
       -0.0000030843   0.0000055277  -0.0000191615   0.0000122129   0.0000034801
        0.0000026074  -0.0000010940  -0.0002685975   0.0003500333  -0.0004038395
       -0.0000910252   0.0001211934  -0.0000577675   0.0001615394  -0.0001541886
       -0.0000024549  -0.0000400265   0.0000810114   0.0000021765  -0.0000231585
        0.0000311500   0.0000105629  -0.0000034510  -0.0000034015  -0.0000055995
       -0.0000058480   0.0000077302   0.0000020924   0.0000013747   0.0000003826
       -0.0000055018
       -0.0012069012  -0.0008840428  -0.0015047986   0.0002278188   0.0002773889
        0.0002997412  -0.0000592264  -0.0000977991  -0.0002908730  -0.0003213598
       -0.0003291308   0.0000682277   0.0000042719   0.0000175593  -0.0000435382
        0.0000100491  -0.0000062912   0.0000350779  -0.0000420173  -0.0000230177
        0.0000352136   0.0000070490   0.0000272066  -0.0000098852  -0.0000153741
       -0.0000172625  -0.0000199023  -0.0000143296  -0.0000128991  -0.0000050603
       -0.0000065101  -0.0000073190  -0.0000206606   0.0000011920  -0.0000036985
       -0.0000042241  -0.0018173755  -0.0007390000  -0.0006143201   0.0004893879
       -0.0010778156   0.0000840685   0.0077797025  -0.0051698303  -0.0030822427
       -0.0009288552  -0.0014351689  -0.0003739318  -0.1258528015   0.0532359596
        0.0239702193   0.0000479750  -0.0000508438  -0.0000237178   0.0001324362
       -0.0002018921  -0.0001227920   0.0001759662  -0.0003367854  -0.0003074070
       -0.0178541786   0.0107853715   0.0113294035   0.4940664339   0.0383240428
        0.0208462833  -0.0186273066   0.0141698328  -0.0012033573  -0.0019921721
       -0.0019227643   0.0023578923  -0.0000263262  -0.0000070449  -0.0000461585
        0.0000558262   0.0000158891  -0.0000397313  -0.0000277572  -0.0000056092
       -0.0000109342   0.0001067479  -0.0000539086   0.0000124677   0.0000694086
       -0.0000685862   0.0000302997  -0.0000015516   0.0000128181   0.0000556146
        0.0000076276   0.0000837315   0.0000234231  -0.0000553613  -0.0000921603
       -0.0000869948   0.0001275437   0.0007163709  -0.0000468604   0.0007375814
        0.0007511033  -0.0010059995  -0.1092047856  -0.0492419874   0.0972878114
       -0.1361197535   0.0310489129  -0.1140247353  -0.0877277959  -0.0890492947
       -0.0325141792  -0.0022780342   0.0020672615  -0.0028514642   0.0003023687
       -0.0003314590   0.0004684855   0.0000031735   0.0011309643   0.0009816729
        0.0000348809   0.0000012533  -0.0000399741  -0.0007281685   0.0007068363
        0.0006701384   0.0000883791  -0.0006555019  -0.0003423936  -0.0001663258
        0.0002250107   0.0002702315   0.0000184592  -0.0000150513  -0.0001467185
        0.0000770962  -0.0001110810   0.0000402564   0.0000012781   0.0000039918
       -0.0000219286   0.0000119766  -0.0000336463   0.0000257097   0.0000079767
       -0.0000112936   0.0000257264   0.0006665130  -0.0008866205   0.0003294475
       -0.0000865959  -0.0003156452  -0.0004537100   0.0003472907  -0.0001443943
        0.0001511767  -0.0004122293  -0.0004511378  -0.0002154626   0.0000064097
        0.0001661619   0.0000823798  -0.0000101981  -0.0000038843   0.0000069363
       -0.0000321173   0.0000190730  -0.0000003198   0.0000025884   0.0000071278
       -0.0000136294
        0.0035014345  -0.0003510890  -0.0018431509   0.0000905615   0.0002971504
        0.0003210191  -0.0000373881  -0.0000667464  -0.0002042628  -0.0002120504
       -0.0002081437   0.0000057374   0.0000178937  -0.0000104369   0.0000144750
        0.0000498396   0.0000532050   0.0000908069   0.0000020626  -0.0000229744
        0.0000104991   0.0000107069   0.0000201939  -0.0000105118  -0.0000020123
        0.0000016073   0.0000138333  -0.0000067879  -0.0000121427  -0.0000150579
       -0.0000197827  -0.0000229451  -0.0000032776  -0.0000182411  -0.0000130106
       -0.0000117068  -0.0003748709  -0.0001518741   0.0009414893   0.0008289165
       -0.0020650063  -0.0026346327   0.0112648457  -0.0307532292  -0.0163785795
       -0.0027433878  -0.0022630189   0.0003695965   0.0539540876  -0.1061006917
       -0.0170691153  -0.0001946620  -0.0000735587   0.0001410038   0.0003616362
       -0.0003537415  -0.0001932440   0.0004935363  -0.0008132100  -0.0007762670
       -0.0045876266   0.0047449120   0.0017914292   0.0383240428   0.4960139496
       -0.0146014577   0.0132133863  -0.0084685830   0.0007138784  -0.0014732233
       -0.0003695922   0.0015445489  -0.0000235441  -0.0000585741  -0.0000169697
        0.0000065527   0.0001003758   0.0000261829   0.0000167282   0.0000632327
       -0.0000997971   0.0000138390  -0.0000515895   0.0000135064   0.0001040361
       -0.0001301138   0.0000915235   0.0000130328   0.0000030138   0.0000710091
        0.0000918221   0.0001295055  -0.0000096366  -0.0001751568  -0.0002268600
       -0.0002242635  -0.0004134604   0.0003361174   0.0005105723  -0.0007750808
        0.0004766561   0.0001921592  -0.0493219783  -0.0790821104   0.0728422174
        0.0310486862  -0.0520870100   0.0372752854  -0.0906682008  -0.2165957513
       -0.0626191621   0.0011845334  -0.0003400824   0.0017173498   0.0000055276
        0.0000106561  -0.0005519158  -0.0006091757   0.0003410902  -0.0010818480
       -0.0000298647  -0.0000088946  -0.0000201576  -0.0003390685   0.0003103138
        0.0003018043  -0.0000876617  -0.0006290365   0.0000713892  -0.0001043821
        0.0003902463  -0.0000651838  -0.0000863222  -0.0000368889   0.0000006402
        0.0000781843  -0.0000752138   0.0000523549  -0.0000200519  -0.0000195576
       -0.0000017484   0.0000230852  -0.0000368429   0.0000203455   0.0000041829
       -0.0000127222   0.0000322213  -0.0012446700  -0.0016018944  -0.0004945529
       -0.0003817463   0.0001369203  -0.0004482051   0.0000684981  -0.0002919771
        0.0000192498  -0.0006975848  -0.0002502974   0.0000698973  -0.0000429845
        0.0001931666   0.0001040205  -0.0000024319  -0.0000133849   0.0000119647
       -0.0000861493   0.0000392238   0.0000093360   0.0000078890   0.0000072598
       -0.0000166416
        0.0013941645  -0.0009794510  -0.0004595744   0.0000658196   0.0000129741
        0.0000742272  -0.0000090546   0.0000229743   0.0001273656  -0.0000418074
       -0.0000356872  -0.0000571618   0.0000183534   0.0000349026   0.0000615348
       -0.0000026935  -0.0000335283   0.0000286999  -0.0000223517  -0.0000173270
       -0.0000084307  -0.0000097196  -0.0000014264   0.0000135993   0.0000205398
        0.0000201289  -0.0000183946  -0.0000030887  -0.0000056644  -0.0000176387
       -0.0000112232  -0.0000103071   0.0000018083  -0.0000116224  -0.0000112405
       -0.0000022704  -0.0004662935  -0.0007577614   0.0001948183  -0.0000874985
       -0.0004276798  -0.0002464796   0.0065432048  -0.0151707544  -0.0066424341
       -0.0011410832  -0.0014822308   0.0003678508   0.0230195964  -0.0189776916
       -0.0711872770  -0.0001802193   0.0001547412   0.0002569654   0.0001939734
       -0.0002557562  -0.0001116907   0.0001854391  -0.0003363045  -0.0002614829
        0.0182695396  -0.0104441975  -0.0104348557   0.0208462833  -0.0146014577
        0.5197784167  -0.0174726734   0.0131282178   0.0014856437   0.0028269472
        0.0017186875  -0.0023560726   0.0000558242  -0.0000234420   0.0000167618
       -0.0000564716   0.0000189737   0.0000176546  -0.0000505573   0.0000005650
       -0.0000371466   0.0000912323  -0.0000728804  -0.0001224577   0.0001012167
       -0.0000620337   0.0000773485   0.0000344500  -0.0000078448   0.0000136648
        0.0000330605   0.0000443956  -0.0000054924  -0.0000842921  -0.0000790511
       -0.0001060860  -0.0002957760  -0.0003707744   0.0001226381   0.0012325048
       -0.0012183027   0.0006477405   0.0961985731   0.0724971668  -0.1816893919
       -0.1132494616   0.0377184522  -0.1825142029  -0.0333662913  -0.0625951059
       -0.0642943965  -0.0032789581   0.0023164173  -0.0030959674  -0.0006967383
        0.0001076548   0.0002916197  -0.0007019669   0.0011539359   0.0007250647
        0.0001595786  -0.0001228933  -0.0001530126   0.0007236308  -0.0006790122
       -0.0006236379  -0.0000719709  -0.0001863391   0.0003063947   0.0000381111
        0.0002505885  -0.0001394265  -0.0000289091  -0.0000881976   0.0000330587
        0.0000253073  -0.0000597372   0.0000528837  -0.0000006744  -0.0000046349
       -0.0000053281  -0.0000118879  -0.0000105746   0.0000006787  -0.0000000344
       -0.0000062474   0.0000052807   0.0003748012  -0.0002319798   0.0001964119
       -0.0005652352   0.0003527935  -0.0004174368   0.0001041972  -0.0002507756
        0.0000013270  -0.0005828926  -0.0000768093   0.0000488328  -0.0000202246
        0.0001230500   0.0000606917  -0.0000070708  -0.0000093130  -0.0000018564
       -0.0000431835   0.0000170788   0.0000145871   0.0000155762   0.0000107160
       -0.0000139673
        0.0007451159   0.0002751347  -0.0006409678   0.0000020858   0.0000409714
        0.0000579613  -0.0000123848  -0.0000212383  -0.0000260398  -0.0000175091
       -0.0000257997  -0.0000306496   0.0000030285  -0.0000065152   0.0000120579
        0.0000086908   0.0000185059   0.0000466272   0.0000074387  -0.0000020044
       -0.0000108132  -0.0000013093   0.0000049298  -0.0000051570  -0.0000023314
        0.0000024136   0.0000176758  -0.0000040906  -0.0000019880  -0.0000025694
       -0.0000105735  -0.0000089420  -0.0000001397  -0.0000079739  -0.0000028403
       -0.0000037989   0.0018331272  -0.0017006453   0.0002792083  -0.0004767554
        0.0002955131  -0.0016959780  -0.0127358304  -0.0050847109  -0.0167561560
       -0.0002658934   0.0003976230   0.0001611224  -0.0925316251   0.0199808417
       -0.0446125189  -0.0001596012  -0.0000409706   0.0001402964  -0.0001834057
       -0.0005789389  -0.0004455627   0.0001680426  -0.0003219045  -0.0002334329
        0.0068590130  -0.0043304658   0.0102707371  -0.0186273066   0.0132133863
       -0.0174726734   0.5217129931   0.0073760408  -0.0335534241  -0.0000539001
       -0.0000131375  -0.0003266309  -0.0000705732   0.0000098057  -0.0000564545
        0.0000209272   0.0000642417   0.0000419947  -0.0000146849  -0.0000482501
       -0.0001011533  -0.0000754606   0.0008915870   0.0005618225  -0.0001088372
       -0.0001701112  -0.0001223266  -0.0000026414  -0.0000180761   0.0000417203
        0.0000288459   0.0000564193  -0.0000208708  -0.0000242996  -0.0000794780
       -0.0000395210   0.0006038288   0.0001059574   0.0004235142  -0.0012014190
       -0.0016541334   0.0029369264   0.0005291048  -0.0000310028  -0.0011819691
       -0.0034941053   0.0035742608   0.0002424256  -0.0000191271  -0.0004047088
       -0.0003578981  -0.2310829213   0.0907259480   0.0507594837  -0.1193310852
       -0.0872594329   0.0730915882  -0.0502740966  -0.0351634504  -0.0229556693
       -0.0003260530  -0.0000866998   0.0012106986   0.0000604378   0.0000806362
        0.0001682817   0.0000604120  -0.0002787036   0.0002417784  -0.0001379595
        0.0002015921  -0.0001701590   0.0000061597  -0.0001310273   0.0000803870
        0.0000475535  -0.0000303506   0.0000409084  -0.0000017575  -0.0000150893
       -0.0000030382   0.0000034174  -0.0000418751   0.0000363722  -0.0000022576
       -0.0000095722   0.0000191691  -0.0011498447   0.0001796551  -0.0000787769
       -0.0002679235   0.0000600500   0.0000092063   0.0001360048   0.0000181027
       -0.0001060115  -0.0001204839  -0.0000344067   0.0000892199  -0.0000361947
        0.0000243331   0.0000279786   0.0000042452  -0.0000025185   0.0000087106
       -0.0000001273  -0.0000007474  -0.0000060584  -0.0000081290   0.0000017861
       -0.0000014537
        0.0002882524  -0.0007303135  -0.0006685940   0.0000554527   0.0000650905
        0.0000481184  -0.0000336650  -0.0000136962   0.0000262800   0.0000153475
        0.0000124445  -0.0000328210   0.0000068305  -0.0000012870   0.0000265574
        0.0000104606  -0.0000092531   0.0000371896   0.0000059372   0.0000006805
       -0.0000157746   0.0000038917   0.0000008263  -0.0000096351   0.0000083740
        0.0000091387   0.0000137408  -0.0000003537  -0.0000038466  -0.0000041606
       -0.0000027543  -0.0000042209   0.0000005409  -0.0000045429  -0.0000030186
       -0.0000016135   0.0031653955  -0.0025225441   0.0007520266  -0.0005034404
        0.0014923398  -0.0008267385  -0.0170231197   0.0011585709  -0.0221958028
       -0.0009068332   0.0007022692   0.0000447598   0.0183343128  -0.0729042277
        0.0291994553  -0.0001155562  -0.0001189965   0.0001829426   0.0007747929
       -0.0000353497   0.0001683111   0.0002393607  -0.0003074210  -0.0002138944
        0.0047113453  -0.0051554750   0.0132341456   0.0141698328  -0.0084685830
        0.0131282178   0.0073760408   0.5253050753   0.0178013821   0.0003264585
       -0.0001453350   0.0000070982   0.0000520745   0.0000032581  -0.0000439803
        0.0000095078   0.0000659489   0.0000195179   0.0001274585   0.0000592252
       -0.0002771163  -0.0005240974  -0.0015772504  -0.0010638545  -0.0003602204
       -0.0001291643  -0.0003215471  -0.0000323059  -0.0000514930  -0.0000006730
        0.0000773044   0.0000982393  -0.0000086728  -0.0000373144  -0.0001113684
       -0.0000499777   0.0004813859   0.0005203143   0.0005404997  -0.0012322806
       -0.0009536402   0.0028518785  -0.0005104838   0.0006397973   0.0004002451
        0.0029813633  -0.0024173305  -0.0004518185   0.0005618373   0.0001122771
        0.0007547844   0.0912599062  -0.0865570057  -0.0248092942  -0.0873121555
       -0.1443263964   0.0826034523  -0.0340519288  -0.2047304269  -0.1102598737
        0.0002536961  -0.0000903936  -0.0005826727  -0.0000331965   0.0000721222
       -0.0000626198  -0.0000708518   0.0000193501   0.0003258989  -0.0000007365
       -0.0001004508  -0.0002951179  -0.0001029034  -0.0000938739   0.0001803196
        0.0000526761  -0.0000017309   0.0000562661  -0.0000162053  -0.0000133024
       -0.0000058017   0.0000235395  -0.0000266088   0.0000104273  -0.0000018909
        0.0000153203   0.0000051821  -0.0022001195   0.0009910015  -0.0002404327
       -0.0002992183   0.0002888266   0.0000065424   0.0001450993  -0.0001248422
       -0.0000954691  -0.0000820731   0.0000589042   0.0000923390  -0.0000410258
        0.0000358249   0.0000215675  -0.0000049369  -0.0000070680  -0.0000016343
       -0.0000150750   0.0000069446   0.0000057495   0.0000013500   0.0000021240
       -0.0000058458
        0.0010455406  -0.0003725525  -0.0004104652  -0.0000380759  -0.0000188337
        0.0000172615  -0.0000019800   0.0000001199  -0.0000174917  -0.0000150747
       -0.0000113702  -0.0000263012   0.0000026974  -0.0000000757   0.0000296848
        0.0000149301   0.0000097146   0.0000390207   0.0000012457  -0.0000050895
       -0.0000167637  -0.0000044449  -0.0000028127   0.0000023486   0.0000030630
        0.0000068124   0.0000097335  -0.0000007934  -0.0000010140  -0.0000076551
       -0.0000142402  -0.0000108898   0.0000033171  -0.0000136151  -0.0000095619
       -0.0000055566   0.0026755988  -0.0019555551   0.0007929184   0.0006876700
        0.0004488159   0.0001605236  -0.0175351903  -0.0068109253  -0.0188267383
       -0.0002037779   0.0006815319   0.0003787047  -0.0453496561   0.0326417805
       -0.1367409180  -0.0001244109   0.0000045444   0.0001069131   0.0003551784
       -0.0002148603   0.0000114577   0.0001641665  -0.0002976040  -0.0001494922
       -0.0078140161   0.0101447016  -0.0214044298  -0.0012033573   0.0007138784
        0.0014856437  -0.0335534241   0.0178013821   0.4610958183  -0.0000441002
       -0.0001684761   0.0004234442  -0.0000453002  -0.0000458951  -0.0000262742
       -0.0000222632  -0.0000055401  -0.0000175190  -0.0000115642   0.0000861802
       -0.0001139679  -0.0001888796  -0.0008592953  -0.0006870644  -0.0001962410
       -0.0002242440  -0.0002412641   0.0000176274  -0.0000280854   0.0000241044
        0.0000383335   0.0000547057  -0.0000195140  -0.0000100153  -0.0000959851
       -0.0000618301  -0.0008244319  -0.0007506845   0.0005657204   0.0020745233
        0.0018377334  -0.0031244803   0.0005406624  -0.0005786418   0.0003682412
        0.0006523248  -0.0008409240   0.0003594960   0.0004839776  -0.0003997221
        0.0000662189   0.0507275323  -0.0245913859  -0.0556242948   0.0732479925
        0.0835679970  -0.1106893005  -0.0227431272  -0.1109251331  -0.1167335394
       -0.0001171036   0.0001395319  -0.0008479366  -0.0001570697   0.0001033610
       -0.0001049279  -0.0000445748  -0.0000332458   0.0000932746   0.0001134895
        0.0002594046  -0.0002461107  -0.0000860878  -0.0001053410   0.0001388125
       -0.0000175108  -0.0000363755   0.0000491557  -0.0000197262  -0.0000183052
        0.0000099203  -0.0000028640   0.0000032034  -0.0000343158  -0.0000023228
       -0.0000030754   0.0000108164  -0.0017977327   0.0006450523  -0.0000359926
       -0.0004195312   0.0002599578  -0.0000675718   0.0000565324  -0.0000136902
       -0.0001444767  -0.0002100251  -0.0000159052   0.0001553376  -0.0000390944
        0.0000340914   0.0000303098  -0.0000010777  -0.0000036155   0.0000011888
       -0.0000165131   0.0000090534   0.0000004482  -0.0000138726   0.0000011576
       -0.0000036422
       -0.0001237642  -0.0000637247   0.0001788568  -0.0000452097  -0.0000483224
       -0.0000874070   0.0000063685   0.0000119291  -0.0000183246  -0.0000163091
       -0.0000148524   0.0000337286   0.0000004665   0.0000026469   0.0000081518
       -0.0000081016  -0.0000244221  -0.0000091256  -0.0000094883  -0.0000099785
        0.0000017363  -0.0000035544  -0.0000009927  -0.0000004611   0.0000034766
        0.0000003381  -0.0000153204   0.0000009821   0.0000020666   0.0000095830
        0.0000069059   0.0000079056  -0.0000015023   0.0000034618   0.0000043882
        0.0000064572  -0.0005427724  -0.0000315407   0.0000475903   0.0005728310
        0.0001783741  -0.0002812707   0.0016289856   0.0008147551  -0.0011975602
       -0.0138269146  -0.0150643677  -0.0027298533  -0.0151218250   0.0075599855
        0.0131482307  -0.1060781104  -0.0515425429  -0.0364164223   0.0000351421
        0.0000162967  -0.0002109353  -0.0023534203  -0.0022042066   0.0024233585
       -0.1140498366   0.0559404061   0.0337104311  -0.0019921721  -0.0014732233
        0.0028269472  -0.0000539001   0.0003264585  -0.0000441002   0.5098413176
       -0.0015231395   0.0061644433  -0.0143298644  -0.0130244743  -0.0126669937
        0.0085201907   0.0110392908   0.0071085568  -0.0000745701   0.0000487557
       -0.0000486881   0.0001375338   0.0005426110  -0.0004776830  -0.0001366378
       -0.0001373619  -0.0000670055   0.0001594612  -0.0000012120   0.0000917877
       -0.0006187400  -0.0006831598  -0.0004742229  -0.0000167285   0.0001092645
        0.0000439597   0.0083777091  -0.0091009331  -0.0061027239  -0.0156773603
        0.0160796616   0.0064851392  -0.0007176459   0.0006303291   0.0004345668
        0.0001289292  -0.0000197841   0.0000422488   0.0000086410  -0.0001401547
       -0.0000726460   0.0001851739   0.0001928066  -0.0008556209  -0.0000559538
        0.0000205043  -0.0001097115  -0.0001979971   0.0001336678   0.0001170003
       -0.1369636976   0.0592536482  -0.0961782006  -0.1071289229  -0.0579637330
        0.0853500869   0.0000205740   0.0002096458  -0.0000843760   0.0000769348
       -0.0001769564  -0.0000193803  -0.0000236970   0.0000772508   0.0000325970
       -0.0000182242   0.0000323943  -0.0000136970  -0.0000009765  -0.0000011702
        0.0000064179  -0.0000057284  -0.0000007549  -0.0000033491  -0.0000011553
        0.0000117149  -0.0000012518   0.0003789729   0.0000204539  -0.0000604915
        0.0001098998  -0.0000445835  -0.0000130147  -0.0001309183   0.0000860054
        0.0000296475   0.0000801319  -0.0000316486  -0.0000213378   0.0000282884
       -0.0000279738  -0.0000136678   0.0000026622   0.0000006645   0.0000041001
        0.0000016781  -0.0000066106  -0.0000056441   0.0000074782   0.0000076051
       -0.0000036343
        0.0000315781   0.0000451728   0.0000407856   0.0000101101  -0.0000116467
       -0.0000179857  -0.0000034480  -0.0000070826   0.0000174324   0.0000299117
        0.0000292296  -0.0000084982   0.0000005391   0.0000030872   0.0000092245
       -0.0000106164  -0.0000054953   0.0000113519   0.0000056570   0.0000046260
       -0.0000063960   0.0000016418   0.0000009674  -0.0000033131   0.0000060226
        0.0000043282   0.0000009598  -0.0000019360  -0.0000012950   0.0000001996
       -0.0000010345  -0.0000008889   0.0000024153  -0.0000018157  -0.0000024760
        0.0000012018   0.0001346265   0.0000038593   0.0002246740   0.0002110412
       -0.0000205232  -0.0001304607   0.0008940944   0.0000923091  -0.0012175533
       -0.0138342635  -0.0135028192  -0.0017494897  -0.0033859640   0.0090671253
        0.0010817176  -0.0515808272  -0.1307213496  -0.0420507659   0.0002398495
        0.0002941913  -0.0001282586  -0.0015524412  -0.0009632835   0.0018189444
        0.0541229822  -0.1234553056  -0.0360989466  -0.0019227643  -0.0003695922
        0.0017186875  -0.0000131375  -0.0001453350  -0.0001684761  -0.0015231395
        0.4761157167  -0.0424362190   0.0039353746   0.0065021703   0.0035568964
       -0.0109674943  -0.0180982737  -0.0123156909  -0.0000529312   0.0000277849
       -0.0000725804  -0.0004147853  -0.0006535828   0.0003602087  -0.0001338919
       -0.0001055869  -0.0000678227   0.0000427746   0.0000216032   0.0000952118
       -0.0006072586  -0.0002486939  -0.0004541972   0.0000964963   0.0001383672
        0.0001065216   0.0127990882  -0.0177668681  -0.0119998629   0.0126596709
       -0.0118277479  -0.0051733189  -0.0005034425   0.0004240279   0.0003164493
       -0.0000427503  -0.0000152698  -0.0000019113   0.0000070008   0.0000839078
        0.0001116502  -0.0001711550  -0.0000282337   0.0006802000  -0.0000923391
        0.0000673561   0.0001577806   0.0000089012  -0.0000585941   0.0000751450
        0.0593488891  -0.0804191263   0.0635666659  -0.0577052474  -0.0944122938
        0.0802643088   0.0000111601  -0.0000803462   0.0000145062  -0.0000473550
        0.0001043810   0.0000107039   0.0000169772  -0.0000491814  -0.0000150880
        0.0000110782  -0.0000105003   0.0000236845   0.0000036001  -0.0000009549
        0.0000006630  -0.0000028233   0.0000013240   0.0000069576  -0.0000002742
        0.0000014608  -0.0000022108  -0.0000304956  -0.0000273531  -0.0001487928
       -0.0000304946  -0.0000135044  -0.0000132390   0.0000397230  -0.0000012826
       -0.0000001796  -0.0000302277  -0.0000114200   0.0000046614  -0.0000040598
        0.0000048950   0.0000001678  -0.0000004120  -0.0000005329  -0.0000007218
       -0.0000007733   0.0000002466   0.0000005816   0.0000008110  -0.0000016979
        0.0000014204
       -0.0000363128   0.0001521399  -0.0000116471  -0.0000133770  -0.0000155256
       -0.0000098722   0.0000103897  -0.0000075360  -0.0000020574  -0.0000003683
        0.0000070770   0.0000153386   0.0000036146   0.0000033530  -0.0000013602
        0.0000068715   0.0000094047  -0.0000173729  -0.0000150362  -0.0000137986
        0.0000125667  -0.0000078981  -0.0000034740   0.0000012764  -0.0000046428
       -0.0000062491  -0.0000182649   0.0000010621   0.0000023550   0.0000018071
        0.0000025414   0.0000046408  -0.0000026633   0.0000006007   0.0000030915
        0.0000046272  -0.0002281693   0.0002314012  -0.0001754180  -0.0002890848
       -0.0001621057   0.0000906989  -0.0012102771  -0.0011627672   0.0010715200
        0.0083172732   0.0103346001   0.0093127955   0.0169543337  -0.0105323979
       -0.0126505376  -0.0343766561  -0.0390865670  -0.0935238374   0.0000463298
       -0.0003467387  -0.0000233252   0.0026477158   0.0019367299  -0.0016492024
        0.0344825461  -0.0386178407  -0.0922947399   0.0023578923   0.0015445489
       -0.0023560726  -0.0003266309   0.0000070982   0.0004234442   0.0061644433
       -0.0424362190   0.5157147922  -0.0158731833  -0.0149991129  -0.0127263361
       -0.0071603900  -0.0118154354  -0.0070801103   0.0000690151   0.0001665578
        0.0000170003   0.0002919480   0.0008104390  -0.0004730605   0.0000361042
        0.0000843633  -0.0000643613   0.0000553359  -0.0000543608  -0.0000352915
        0.0006702875   0.0004727922   0.0005857869  -0.0000497056   0.0001031122
       -0.0000150302   0.0082053689  -0.0122261047  -0.0072951394  -0.0113591481
        0.0123227956   0.0075565978   0.0009162911  -0.0006203798  -0.0002002084
        0.0000507695   0.0000782609  -0.0000754621  -0.0001177577   0.0001648257
        0.0000032167   0.0007189565   0.0001044219  -0.0014502505   0.0001450199
       -0.0001226599  -0.0000065729   0.0001877136  -0.0000706551  -0.0001208430
       -0.0964013880   0.0636386593  -0.1438410050   0.0850055561   0.0803038581
       -0.1587238818   0.0000109054  -0.0000294835  -0.0000503324  -0.0000133275
       -0.0000308735   0.0001428083   0.0000735240   0.0000391877  -0.0001254723
       -0.0000151020   0.0000178771  -0.0000393654  -0.0000009672   0.0000007544
        0.0000055134  -0.0000031158   0.0000013206  -0.0000056018   0.0000003857
        0.0000007730   0.0000026130   0.0000474263  -0.0001600598   0.0001033140
        0.0000445342  -0.0000407594   0.0000179611  -0.0000633277   0.0000471362
       -0.0000149898   0.0000315225  -0.0000245245   0.0000015097   0.0000112605
       -0.0000125334  -0.0000033543   0.0000021580   0.0000022910  -0.0000013016
       -0.0000024053   0.0000013716  -0.0000016267  -0.0000014252   0.0000009241
        0.0000007802
        0.0000204783  -0.0000814952   0.0002647329   0.0000161759   0.0000141839
       -0.0000147103  -0.0000129271  -0.0000297243  -0.0000191901  -0.0000115484
       -0.0000090454   0.0000009263  -0.0000031256  -0.0000075553  -0.0000354876
       -0.0000460883  -0.0000181337  -0.0000013116   0.0000114189   0.0000097588
       -0.0000101912   0.0000038531   0.0000038635  -0.0000058963   0.0000024051
        0.0000069376   0.0000150208   0.0000007355   0.0000008893   0.0000036617
        0.0000020295   0.0000030290  -0.0000006050   0.0000066814   0.0000068190
       -0.0000046580   0.0000054234   0.0000472763   0.0002042784   0.0000441267
        0.0000206997  -0.0000298501   0.0002905908  -0.0003356690  -0.0001596123
        0.0075297832  -0.0071660366   0.0103889813  -0.0000464728  -0.0000690453
       -0.0001407739  -0.1187643281   0.0598848755  -0.0904248302  -0.0012386013
       -0.0015127733   0.0017705710   0.0006790210  -0.0010450516   0.0016107013
        0.0007300519   0.0005377235   0.0007748672  -0.0000263262  -0.0000235441
        0.0000558242  -0.0000705732   0.0000520745  -0.0000453002  -0.0143298644
        0.0039353746  -0.0158731833   0.1412605582  -0.0624288650   0.1065685704
       -0.0139259031   0.0123295506  -0.0134362880   0.0003425098  -0.0005499025
        0.0004835144  -0.0000111523   0.0000960141   0.0001010434  -0.0000399045
       -0.0001481711   0.0000060193  -0.0006848537  -0.0006162046   0.0001776882
       -0.0000802453  -0.0000389112   0.0001062522  -0.0000580711   0.0001253098
       -0.0001211340  -0.0000358412   0.0002042912   0.0002876901   0.0004944610
       -0.0002327299  -0.0000154175  -0.0000238605  -0.0000008166   0.0000097023
        0.0000233161   0.0000062707   0.0000246440  -0.0000125862  -0.0000017110
       -0.0000202291   0.0000243007  -0.0000672711   0.0000815481   0.0000331515
       -0.0000306718   0.0000140309  -0.0000041989   0.0000143263   0.0000177700
       -0.0020222209  -0.0032547555  -0.0022167275  -0.0001465155   0.0003290682
       -0.0001169372   0.0000188489   0.0000478365  -0.0000666916   0.0000057289
        0.0000348917   0.0000119567   0.0000017480  -0.0000092296  -0.0000217478
       -0.0000131175   0.0000051626  -0.0000003139  -0.0000030194  -0.0000018921
       -0.0000001567  -0.0000025903   0.0000001111  -0.0000068323  -0.0000017912
        0.0000069989  -0.0000013408   0.0000513915  -0.0000394144  -0.0001519162
        0.0000408064  -0.0000066712  -0.0000552880  -0.0000724178  -0.0000017862
        0.0000739207   0.0000359678   0.0000118258  -0.0000419425   0.0000099540
       -0.0000069283  -0.0000104167   0.0000002474   0.0000004743   0.0000013598
       -0.0000004910  -0.0000025192  -0.0000034941   0.0000028707   0.0000008883
       -0.0000028018
       -0.0001413647   0.0000266156   0.0004123567   0.0000251777   0.0000243696
        0.0000088039  -0.0000308242  -0.0000728958   0.0000223398   0.0000004995
        0.0000014537  -0.0000129634   0.0000134250   0.0000003961  -0.0000032032
       -0.0000570183   0.0000331480  -0.0000000019   0.0000073300   0.0000086418
       -0.0000034623   0.0000142251   0.0000080959  -0.0000108836   0.0000020300
        0.0000040568  -0.0000008476  -0.0000123595  -0.0000100658  -0.0000177965
        0.0000068846   0.0000028060  -0.0000067598   0.0000073666   0.0000059985
       -0.0000041642   0.0002329014   0.0001701033   0.0003192960  -0.0000198106
       -0.0000677511  -0.0001300561   0.0000536519   0.0003562084  -0.0003772204
        0.0057692126  -0.0089747787   0.0127226384   0.0000918522   0.0000268424
        0.0000787497   0.0592360351  -0.0859490246   0.0680871750  -0.0021857850
       -0.0012683952   0.0027934521   0.0007050758   0.0000291430   0.0007310733
       -0.0010599105   0.0008303180  -0.0005415650  -0.0000070449  -0.0000585741
       -0.0000234420   0.0000098057   0.0000032581  -0.0000458951  -0.0130244743
        0.0065021703  -0.0149991129  -0.0624288650   0.1030675571  -0.0801361885
        0.0162533682  -0.0117237716   0.0144545027   0.0004250192  -0.0006280833
        0.0006692290  -0.0002491196  -0.0000134515  -0.0002973244  -0.0000295987
        0.0002475762  -0.0000055729  -0.0012649617  -0.0000308748  -0.0000292963
        0.0000810229   0.0000922324  -0.0001932392   0.0001499564  -0.0004651708
        0.0000170929  -0.0000060695   0.0000399056   0.0001118203   0.0001623956
       -0.0004035818  -0.0000925327  -0.0000014983  -0.0000036105   0.0000332609
        0.0000226376   0.0000214757  -0.0000215172  -0.0000034151  -0.0000115087
       -0.0000139421  -0.0000377753  -0.0000832462   0.0000245549   0.0000619820
       -0.0000402115  -0.0000130811  -0.0000148721   0.0000256237   0.0000003242
       -0.0026844284  -0.0023704805  -0.0026010401  -0.0000109607   0.0007722055
       -0.0003650474  -0.0000303046   0.0000056783  -0.0000669344   0.0000640619
       -0.0000128751   0.0000582343  -0.0000508966   0.0000366823  -0.0000680464
       -0.0000150515   0.0000074227  -0.0000136726  -0.0000066953   0.0000057217
        0.0000022421   0.0000034539   0.0000019329  -0.0000262354   0.0000107883
        0.0000072934  -0.0000027667  -0.0000620181  -0.0001536327  -0.0003713606
       -0.0000399494  -0.0000102182  -0.0000343785   0.0000595025  -0.0000167924
        0.0000115102  -0.0000010844  -0.0000030917  -0.0000312322   0.0000005862
        0.0000060267   0.0000019402   0.0000004329   0.0000025006  -0.0000001087
        0.0000032428  -0.0000009118  -0.0000009702   0.0000022324  -0.0000004619
        0.0000012651
        0.0007545588   0.0005301486  -0.0010204922  -0.0000315664  -0.0000109510
        0.0000741117   0.0000216882   0.0000342940  -0.0000328618  -0.0000265159
       -0.0000288672  -0.0000212964   0.0000006947   0.0000066087   0.0000225022
        0.0000560581   0.0000246540   0.0000671651  -0.0000228010  -0.0000283219
       -0.0000076041  -0.0000140934  -0.0000041611   0.0000080155  -0.0000175179
       -0.0000190228   0.0000019600  -0.0000085399  -0.0000027768   0.0000023314
       -0.0000144397  -0.0000110242  -0.0000003722  -0.0000128001  -0.0000090386
       -0.0000001009   0.0000830468   0.0001629347  -0.0007179382   0.0000876231
       -0.0000421221   0.0002616862  -0.0000607788   0.0000889687   0.0003544618
       -0.0095411795   0.0141678592  -0.0188325421  -0.0001607931  -0.0001030347
       -0.0006775617  -0.0906738999   0.0683040269  -0.1534250922   0.0027269018
        0.0019252275  -0.0027911952  -0.0012788093  -0.0012645550   0.0008459441
       -0.0002868716   0.0008258715   0.0001764868  -0.0000461585  -0.0000169697
        0.0000167618  -0.0000564545  -0.0000439803  -0.0000262742  -0.0126669937
        0.0035568964  -0.0127263361   0.1065685704  -0.0801361885   0.1783970821
        0.0064241327  -0.0049047381   0.0084214053  -0.0006648279   0.0008602965
       -0.0006731943   0.0001748135  -0.0001715919   0.0002075861   0.0000556338
       -0.0000824013  -0.0000282345   0.0005377750   0.0000846335   0.0005786069
       -0.0002605810  -0.0002733425   0.0000449913   0.0001140142   0.0000851153
        0.0000405947   0.0001555534   0.0001823959   0.0003007594   0.0002862740
       -0.0008525466  -0.0000086124  -0.0000440670   0.0000056834   0.0000414589
        0.0001132726  -0.0000895181   0.0000080254  -0.0000097810   0.0000263478
        0.0000194220   0.0001244259  -0.0000209135   0.0000680386  -0.0000146331
       -0.0000018212   0.0001025728   0.0000196273  -0.0000057672   0.0000553202
       -0.0022842051  -0.0024752573  -0.0010608566   0.0004902436   0.0002544712
        0.0007417195   0.0000421814  -0.0002760532   0.0001688859  -0.0001205437
        0.0001586627   0.0000327317   0.0000878721  -0.0001266710  -0.0000184738
        0.0000310355  -0.0000343264   0.0000200511   0.0000052647  -0.0000092303
       -0.0000045455  -0.0000064849  -0.0000042069   0.0000312290  -0.0000130756
       -0.0000197669   0.0000099261  -0.0003148088  -0.0002211917   0.0008510129
       -0.0000991711  -0.0000074993   0.0000619479  -0.0000139171   0.0000709361
       -0.0000882768  -0.0001549818  -0.0000627422   0.0001132349  -0.0000194316
        0.0000056079   0.0000121545  -0.0000008903  -0.0000009468   0.0000021829
       -0.0000049088   0.0000014563  -0.0000021980  -0.0000147397  -0.0000015506
        0.0000016923
        0.0004769962   0.0001263521   0.0000886098   0.0000464177   0.0000501319
        0.0000790768  -0.0000128951  -0.0000250041  -0.0000118093  -0.0000213416
       -0.0000209214  -0.0000235000  -0.0000008901  -0.0000150759   0.0000058219
        0.0000121771   0.0000379368   0.0000407417   0.0000018564  -0.0000037553
       -0.0000145260   0.0000138268   0.0000126978  -0.0000113856  -0.0000059065
       -0.0000068366   0.0000123843  -0.0000078040  -0.0000050954  -0.0000148627
       -0.0000034889  -0.0000052258  -0.0000057014  -0.0000027838  -0.0000035433
       -0.0000077018   0.0003708180   0.0000193520   0.0000449628  -0.0012005025
        0.0003628980   0.0011401153  -0.0022783430  -0.0020179145   0.0021319953
       -0.0128364862   0.0113459702   0.0108587096  -0.0002037501  -0.0001304592
       -0.0001120904  -0.1261266746   0.0954784897   0.0613000076   0.0006318586
        0.0006546241  -0.0007897668   0.0001205981   0.0003167312   0.0001367122
       -0.0007884152  -0.0022062047  -0.0015289244   0.0000558262   0.0000065527
       -0.0000564716   0.0000209272   0.0000095078  -0.0000222632   0.0085201907
       -0.0109674943  -0.0071603900  -0.0139259031   0.0162533682   0.0064241327
        0.1460980901  -0.1068716919  -0.0716000165  -0.0000245994   0.0001423164
       -0.0002875542   0.0000601697  -0.0000850682  -0.0000110446   0.0002425277
       -0.0004161473   0.0000903642  -0.0001589233   0.0000940122   0.0000571301
        0.0001690951  -0.0000025643  -0.0001510158  -0.0003337599  -0.0008894598
       -0.0001369025   0.0003854387  -0.0006919358  -0.0003377403  -0.0000049211
       -0.0001628772   0.0000702339   0.0000212496  -0.0000212318  -0.0000367417
        0.0000402366  -0.0000671646  -0.0000062978   0.0000101153   0.0000004173
        0.0000092651   0.0000236022  -0.0000140670   0.0000388360  -0.0000015125
        0.0000060495  -0.0000260997   0.0000007308  -0.0000087882   0.0000004465
        0.0006240719  -0.0001634771  -0.0000211208   0.0004680744   0.0000700087
       -0.0001475834  -0.0000777479  -0.0002382897   0.0000332243  -0.0000596580
        0.0002758821   0.0000786177   0.0000504927  -0.0001248401  -0.0001140599
        0.0000208954  -0.0000339535   0.0000149965   0.0000049810   0.0000039843
       -0.0000103273  -0.0000011109   0.0000067779   0.0000012104  -0.0000026236
       -0.0000183249   0.0000053891  -0.0002287407  -0.0000485751   0.0000167379
       -0.0001395665   0.0000282918  -0.0000519132   0.0001247690  -0.0000448925
       -0.0000220969  -0.0001380772  -0.0000242478   0.0000291131  -0.0000350012
        0.0000382413   0.0000170761   0.0000039097  -0.0000022419  -0.0000003432
        0.0000009826  -0.0000016856  -0.0000031149   0.0000005015  -0.0000015389
       -0.0000025451
       -0.0000203868  -0.0002313374   0.0001780354  -0.0000142002  -0.0000134254
       -0.0000484344   0.0000023394   0.0000146609  -0.0000006840   0.0000041978
        0.0000063187   0.0000162432  -0.0000025788   0.0000009837  -0.0000015794
       -0.0000054590  -0.0000214321  -0.0000070033  -0.0000063981  -0.0000071134
        0.0000023891  -0.0000028197  -0.0000044202   0.0000024079  -0.0000004638
       -0.0000022942  -0.0000074204   0.0000019292   0.0000030472   0.0000097628
        0.0000042852   0.0000033783   0.0000018900   0.0000020725   0.0000022369
        0.0000052051  -0.0002039858  -0.0000660545   0.0000965548  -0.0006602279
        0.0003021721   0.0007188802  -0.0014292822  -0.0005314426   0.0011881993
       -0.0061209600   0.0072592207   0.0047438407  -0.0001931023  -0.0001680532
        0.0002565548   0.0957774600  -0.1472399610  -0.0683788945  -0.0005194650
        0.0004762277   0.0005914111  -0.0002249942   0.0001719106   0.0004670405
       -0.0032156248  -0.0038588955  -0.0026805494   0.0000158891   0.0001003758
        0.0000189737   0.0000642417   0.0000659489  -0.0000055401   0.0110392908
       -0.0180982737  -0.0118154354   0.0123295506  -0.0117237716  -0.0049047381
       -0.1068716919   0.1737076867   0.0798757088  -0.0000888086  -0.0000684329
        0.0000147121   0.0000178020  -0.0000136115  -0.0001709430  -0.0002026400
       -0.0001738781   0.0003406843   0.0000609492  -0.0001508812  -0.0000887915
       -0.0000198524  -0.0000700297   0.0000554599  -0.0004095930   0.0000131765
        0.0000410663   0.0006802998  -0.0010027391  -0.0008325499  -0.0003727722
        0.0003407570  -0.0000316580  -0.0000117536   0.0000170932  -0.0000218822
       -0.0000813624   0.0000116759   0.0000200574  -0.0000267004   0.0000556777
        0.0000579938  -0.0000055974  -0.0000592547  -0.0000452051  -0.0000023271
        0.0000065624  -0.0000144321  -0.0000157778   0.0000341147   0.0000748795
        0.0002557727   0.0007274078   0.0001790383   0.0002384192  -0.0001093930
        0.0002258540  -0.0000340521   0.0001354260  -0.0000026056   0.0000560942
       -0.0000938673  -0.0000735937  -0.0000244377   0.0000472235   0.0000403917
       -0.0000113184   0.0000155675  -0.0000011848  -0.0000012921  -0.0000033785
        0.0000008106  -0.0000035103  -0.0000018493  -0.0000084607  -0.0000012772
        0.0000154765  -0.0000012314   0.0002505239   0.0001478670  -0.0000797645
        0.0000460840   0.0000180814  -0.0000115324  -0.0000987522   0.0000346251
        0.0000005074   0.0000454297  -0.0000041212   0.0000122549   0.0000172810
       -0.0000161268  -0.0000068746  -0.0000026435  -0.0000016807   0.0000029116
       -0.0000059324  -0.0000014000   0.0000018003   0.0000021291   0.0000022184
       -0.0000005312
       -0.0001732804  -0.0000552533  -0.0002496231  -0.0000384832  -0.0000216631
       -0.0000180149   0.0000201342   0.0000268992  -0.0000115472  -0.0000094019
       -0.0000098650   0.0000087964  -0.0000014296   0.0000000012  -0.0000027182
        0.0000126288  -0.0000076933  -0.0000093335  -0.0000074045  -0.0000069726
        0.0000050212  -0.0000121177  -0.0000094521   0.0000071878  -0.0000077150
       -0.0000085330  -0.0000026420   0.0000026968   0.0000032888   0.0000127844
        0.0000028051   0.0000026015  -0.0000024759   0.0000045082   0.0000036195
        0.0000040705  -0.0001460565  -0.0000135263  -0.0001948684   0.0013478765
       -0.0003931306  -0.0010353370   0.0029861425   0.0019699853  -0.0024834162
        0.0150364132  -0.0124555181  -0.0118444040  -0.0000739208   0.0001592503
        0.0001588847   0.0607363417  -0.0680011547  -0.0883265899   0.0001181926
       -0.0007758942   0.0005258724  -0.0005761132  -0.0003331183   0.0002392081
       -0.0019779271  -0.0027219707  -0.0009317149  -0.0000397313   0.0000261829
        0.0000176546   0.0000419947   0.0000195179  -0.0000175190   0.0071085568
       -0.0123156909  -0.0070801103  -0.0134362880   0.0144545027   0.0084214053
       -0.0716000165   0.0798757088   0.1026150403  -0.0001796130  -0.0001344334
        0.0002333631  -0.0001432340  -0.0001508118  -0.0004884848   0.0001633873
        0.0007713850  -0.0000825054   0.0000302459   0.0001189914  -0.0000528355
       -0.0000582448  -0.0000372021  -0.0000185658  -0.0000238800   0.0001039163
        0.0003015060   0.0005571548  -0.0006595877  -0.0003473768  -0.0000780390
        0.0000325104  -0.0000297267  -0.0000263308   0.0000257199   0.0000404818
       -0.0000309002   0.0000322549  -0.0000092975  -0.0000376647   0.0000321618
        0.0000381106  -0.0000151222  -0.0000692228  -0.0000530201   0.0000088600
       -0.0000079310   0.0000438619  -0.0000145459   0.0000520864   0.0000770217
        0.0003342156  -0.0000739292  -0.0000923240   0.0000391093   0.0003978649
        0.0003830935   0.0000628731   0.0002321292  -0.0000281370   0.0000911475
       -0.0003054744  -0.0000548458  -0.0000707480   0.0001066957   0.0000801435
       -0.0000235019   0.0000358348  -0.0000231502  -0.0000112650  -0.0000028496
        0.0000118456   0.0000017929  -0.0000083019  -0.0000049692   0.0000040682
        0.0000157503  -0.0000002752   0.0000297598   0.0000593229   0.0002427063
        0.0000986832  -0.0000093524   0.0000410827  -0.0001272132   0.0000519503
        0.0000100167   0.0000873519   0.0000051453  -0.0000058137   0.0000192648
       -0.0000300868  -0.0000111099  -0.0000009819   0.0000008792  -0.0000009205
       -0.0000030375  -0.0000005450  -0.0000029638  -0.0000019979   0.0000030076
       -0.0000025227
       -0.0007356292   0.0008003512  -0.0005463506  -0.0000361666  -0.0000882900
       -0.0000255136   0.0000271451   0.0000292647  -0.0000075058   0.0000244640
        0.0000059128   0.0000153079  -0.0000015035   0.0000129448  -0.0000177998
        0.0000119124  -0.0000080039  -0.0000035282  -0.0000182525  -0.0000104992
        0.0000101123  -0.0000199257  -0.0000130640   0.0000191939  -0.0000190022
       -0.0000175825   0.0000033171   0.0000032565   0.0000048295   0.0000189268
        0.0000055038   0.0000054401  -0.0000010997   0.0000090142   0.0000062905
        0.0000087133   0.0001378521  -0.0000075680   0.0000176201   0.0003399372
        0.0003005869  -0.0003457943   0.0001577247  -0.0003587861   0.0003682899
        0.0085316551   0.0034925741  -0.0093851007   0.0000851782  -0.0001497642
        0.0002155958  -0.0010791800   0.0016176546  -0.0013973558  -0.1354672717
       -0.0484055522   0.1092241802   0.0003445066   0.0005630251  -0.0001947146
       -0.0000140981  -0.0000700449   0.0000376314  -0.0000277572   0.0000167282
       -0.0000505573  -0.0000146849   0.0001274585  -0.0000115642  -0.0000745701
       -0.0000529312   0.0000690151   0.0003425098   0.0004250192  -0.0006648279
       -0.0000245994  -0.0000888086  -0.0001796130   0.1543964897   0.0539951442
       -0.1252189793  -0.0200989611  -0.0102160129   0.0186383890  -0.0068063144
       -0.0017707933   0.0093334996  -0.0001071173  -0.0000148121  -0.0000395495
       -0.0001755547   0.0000261990  -0.0006024985  -0.0001378180  -0.0000341225
        0.0000426658   0.0000037487   0.0000000276   0.0000057193   0.0000367126
       -0.0000128989  -0.0000540877   0.0000287880   0.0000062043   0.0000114079
       -0.0000124716   0.0000283972  -0.0000112390  -0.0000246847  -0.0000087727
        0.0000023821  -0.0003289119  -0.0000989398   0.0002361512   0.0004019352
       -0.0000545215  -0.0001882878  -0.0000216442   0.0001301806  -0.0000106393
        0.0000981594   0.0001962038   0.0000857418   0.0000987796   0.0000659183
       -0.0000030514   0.0001427757  -0.0002862016  -0.0000454165  -0.0006629075
        0.0001694825   0.0008551805   0.0005286801  -0.0000675933  -0.0003645835
        0.0000319058   0.0000207450  -0.0001128298   0.0000167871   0.0000361179
       -0.0000326638   0.0000814120  -0.0000109898   0.0001012663   0.0000120431
       -0.0000703908  -0.0000034675  -0.0001700965  -0.0000696510   0.0001300357
        0.0001513261  -0.0000991508   0.0001038930  -0.0000670078   0.0000467513
        0.0000154715   0.0000720276  -0.0000064096  -0.0000370604   0.0000218842
       -0.0000334322  -0.0000120390   0.0000002162   0.0000003563   0.0000016615
        0.0000020924  -0.0000066833  -0.0000031583  -0.0000002928   0.0000024628
       -0.0000004922
        0.0018736067  -0.0004381395   0.0005407811   0.0000426145   0.0000967971
        0.0000648158  -0.0000347836  -0.0000458047  -0.0000162196  -0.0000348940
       -0.0000300034  -0.0000352042   0.0000080052  -0.0000106887  -0.0000074240
       -0.0000042752   0.0000104948   0.0000256524  -0.0000007466  -0.0000191383
       -0.0000035121   0.0000092612   0.0000159639  -0.0000051735  -0.0000111371
       -0.0000126238   0.0000028223  -0.0000104239  -0.0000120977  -0.0000161429
       -0.0000141432  -0.0000149165  -0.0000043378  -0.0000106812  -0.0000074554
       -0.0000081169  -0.0001014169   0.0000104793   0.0001276287  -0.0003109506
        0.0003150388  -0.0004992949  -0.0013605151   0.0003259825   0.0008094391
       -0.0098484093  -0.0097645224   0.0174351663   0.0000681463  -0.0004048621
        0.0003741861   0.0021784357  -0.0024642700   0.0028557477  -0.0482635899
       -0.0670366802   0.0549214277  -0.0003896896   0.0002453687  -0.0006374928
       -0.0000139466  -0.0000031642   0.0000204903  -0.0000056092   0.0000632327
        0.0000005650  -0.0000482501   0.0000592252   0.0000861802   0.0000487557
        0.0000277849   0.0001665578  -0.0005499025  -0.0006280833   0.0008602965
        0.0001423164  -0.0000684329  -0.0001344334   0.0539951442   0.0773218584
       -0.0664241296  -0.0123914415  -0.0051947844   0.0104944283   0.0157947938
        0.0068700420  -0.0194141525  -0.0000941759  -0.0000367294  -0.0000758931
       -0.0000354650   0.0003220273  -0.0000380534   0.0001241041  -0.0000302147
       -0.0000475100   0.0000242960   0.0000392788  -0.0000246870  -0.0000017303
        0.0000682377  -0.0000583164   0.0000548669  -0.0000311298  -0.0000706887
       -0.0000416303   0.0000176526   0.0000074091  -0.0000069808   0.0000502658
        0.0000120231  -0.0002664519  -0.0000142791   0.0001435613   0.0001626692
       -0.0003664107  -0.0006571009   0.0000440357   0.0002079640   0.0000045082
        0.0000342700   0.0001593078  -0.0000240101   0.0000575636   0.0000495374
       -0.0000921494  -0.0001161324  -0.0002938301  -0.0001467470   0.0001116424
        0.0008979820  -0.0000180924   0.0000247632  -0.0005046004  -0.0001130369
        0.0000208613  -0.0000372203   0.0000324226   0.0000338220  -0.0000399440
       -0.0000093849  -0.0000062680   0.0001070212   0.0000169548  -0.0000820081
       -0.0001317710   0.0000258257  -0.0001667616   0.0002551034  -0.0002787527
       -0.0003502504   0.0001366667  -0.0002424675   0.0000352249   0.0000080949
       -0.0000260557  -0.0002559706  -0.0000877975   0.0000772233  -0.0000311447
        0.0000463525   0.0000268441  -0.0000082238  -0.0000011594  -0.0000032626
       -0.0000118870   0.0000030011   0.0000005669  -0.0000093121  -0.0000000074
       -0.0000016815
       -0.0009781011   0.0008099376  -0.0000900582  -0.0000312116  -0.0000759915
       -0.0000526797   0.0000101970   0.0000040190   0.0000008473   0.0000190761
        0.0000173699   0.0000423783  -0.0000028471  -0.0000036654  -0.0000062805
        0.0000111013   0.0000116785  -0.0000304968  -0.0000088439  -0.0000033162
        0.0000005537   0.0000049867  -0.0000030269   0.0000035856   0.0000126287
        0.0000045982  -0.0000182021   0.0000096067   0.0000056999   0.0000043343
        0.0000115297   0.0000109460   0.0000041408   0.0000089357   0.0000038766
        0.0000054143   0.0002415893   0.0000349687  -0.0001275635  -0.0002153939
       -0.0010153123   0.0002074442   0.0013563752  -0.0007069289   0.0002426502
        0.0095326148   0.0103029535  -0.0171688552   0.0000390425   0.0003661737
       -0.0000942448  -0.0021357075   0.0023587954  -0.0023016686   0.1086174899
        0.0555743320  -0.1720339799   0.0004841563   0.0000210643   0.0002948992
        0.0000045262   0.0000259006  -0.0000290895  -0.0000109342  -0.0000997971
       -0.0000371466  -0.0001011533  -0.0002771163  -0.0001139679  -0.0000486881
       -0.0000725804   0.0000170003   0.0004835144   0.0006692290  -0.0006731943
       -0.0002875542   0.0000147121   0.0002333631  -0.1252189793  -0.0664241296
        0.1991916128  -0.0064658665  -0.0036514703   0.0085632105   0.0143940246
        0.0032323862  -0.0163190847   0.0000650618  -0.0002108560   0.0002868516
       -0.0008724614  -0.0000265766  -0.0002980699   0.0000750440   0.0000204260
       -0.0001961841  -0.0000131822  -0.0000202958   0.0000179082   0.0000383653
       -0.0000477321  -0.0000112249   0.0000006431  -0.0000146764   0.0000513096
        0.0000184744   0.0000185516  -0.0000302908   0.0000036027  -0.0000340162
       -0.0000185337   0.0000552121   0.0001641635   0.0000757373  -0.0000333789
       -0.0003172933   0.0000507609   0.0000467981  -0.0000648055  -0.0000818290
        0.0000343997   0.0000676087  -0.0000696407  -0.0000013981  -0.0000826783
        0.0001088188   0.0001561310  -0.0006546417  -0.0001629656  -0.0003778698
        0.0003755683   0.0011043672   0.0007229749  -0.0000986169  -0.0004227558
        0.0000252434   0.0000384064  -0.0001368765  -0.0000223816   0.0000049975
       -0.0000640805   0.0000357045   0.0000406850  -0.0001435546  -0.0000235500
       -0.0000080318   0.0000310653   0.0000084243  -0.0001467724   0.0001461130
        0.0001207412  -0.0001218820   0.0001259985   0.0000587430   0.0000130116
       -0.0000162412   0.0001008175  -0.0000120548  -0.0000479956   0.0000176193
       -0.0000126103  -0.0000132127   0.0000083971  -0.0000000982   0.0000000443
        0.0000094315  -0.0000028379  -0.0000025055   0.0000062787  -0.0000022484
        0.0000020643
       -0.0003632891  -0.0003889947  -0.0002682720   0.0000238254   0.0000235502
        0.0000199147   0.0000051472   0.0000639674  -0.0000011829   0.0000025738
       -0.0000013547  -0.0000047607  -0.0000140925  -0.0000078787   0.0000154675
        0.0000264846  -0.0000358818   0.0000260896   0.0000146095   0.0000157852
       -0.0000114056   0.0000060619  -0.0000029910  -0.0000037020   0.0000132290
        0.0000136154   0.0000172727   0.0000106553   0.0000032544   0.0000104665
       -0.0000005468  -0.0000032281   0.0000059261  -0.0000013308  -0.0000060736
       -0.0000011493  -0.0002009493  -0.0001143458  -0.0001456251  -0.0002228964
        0.0003420810   0.0002498846   0.0003217176  -0.0001354868   0.0001199825
       -0.0150530923  -0.0053249092  -0.0094145191  -0.0006752135   0.0003949852
       -0.0004835497   0.0002920403  -0.0006867003   0.0007457130  -0.2038757066
       -0.0857511976  -0.0795238808  -0.0019047375   0.0025139060  -0.0025058749
        0.0000286646   0.0002036189  -0.0000279954   0.0001067479   0.0000138390
        0.0000912323  -0.0000754606  -0.0005240974  -0.0001888796   0.0001375338
       -0.0004147853   0.0002919480  -0.0000111523  -0.0002491196   0.0001748135
        0.0000601697   0.0000178020  -0.0001432340  -0.0200989611  -0.0123914415
       -0.0064658665   0.2334496551   0.1007247758   0.0942179619   0.0059989568
        0.0020641607   0.0022730938  -0.0005619727  -0.0004569387  -0.0007180693
        0.0004508344   0.0002137417  -0.0000425584   0.0000258018   0.0001630161
        0.0001975164   0.0000161096   0.0000161295   0.0000103461   0.0000119860
       -0.0000903090   0.0000934607  -0.0000354255  -0.0000188941  -0.0000106296
        0.0000504937  -0.0000855091   0.0000095203   0.0000364809   0.0000235009
        0.0000033279   0.0015476705   0.0003265774   0.0000521768  -0.0004886630
        0.0001091454   0.0004541348   0.0001532095  -0.0003542530  -0.0000527491
        0.0005635421  -0.0004725540   0.0004317529  -0.0000374856  -0.0000119070
        0.0001277887   0.0000066705   0.0002982800   0.0001353637   0.0001204951
       -0.0003201389  -0.0005248801  -0.0002058526   0.0001050921   0.0003722250
        0.0000076633  -0.0000278544   0.0001063004   0.0000025327   0.0000014925
        0.0000049438  -0.0000146883  -0.0000298858   0.0000069670   0.0000171812
        0.0000494702  -0.0000163947   0.0001695952   0.0001556592   0.0002095410
        0.0000644124   0.0000463346   0.0000723559   0.0000682514  -0.0000923292
       -0.0000090402   0.0000389914   0.0000864576   0.0000139507  -0.0000232345
        0.0000160178   0.0000014535   0.0000049673  -0.0000055483   0.0000034778
        0.0000031936   0.0000006349   0.0000012221   0.0000065957  -0.0000022837
       -0.0000033734
        0.0002210235  -0.0001155783   0.0001118214   0.0000038987   0.0000034596
        0.0000126512   0.0000014561  -0.0000237218   0.0000144794   0.0000032468
        0.0000066811  -0.0000130004   0.0000038694   0.0000039433   0.0000015372
       -0.0000151440   0.0000077075  -0.0000040796   0.0000089140   0.0000082213
       -0.0000018308   0.0000036018   0.0000024631  -0.0000025888   0.0000040916
        0.0000056108   0.0000019697  -0.0000029004  -0.0000058559  -0.0000080921
       -0.0000029003  -0.0000050115   0.0000005357  -0.0000020232  -0.0000045527
       -0.0000029830   0.0001111934  -0.0001347813   0.0000370143  -0.0003358279
        0.0001021483   0.0000375470  -0.0001475612   0.0000219606  -0.0001017538
        0.0142226237   0.0084977989   0.0073770085   0.0002825443   0.0001084839
        0.0001399384  -0.0000537548   0.0005820364  -0.0004061833  -0.0857741390
       -0.0875695912  -0.0427133966   0.0017798223  -0.0013221737   0.0020525164
        0.0000364610  -0.0001375195   0.0000299053  -0.0000539086  -0.0000515895
       -0.0000728804   0.0008915870  -0.0015772504  -0.0008592953   0.0005426110
       -0.0006535828   0.0008104390   0.0000960141  -0.0000134515  -0.0001715919
       -0.0000850682  -0.0000136115  -0.0001508118  -0.0102160129  -0.0051947844
       -0.0036514703   0.1007247758   0.1044851582   0.0508301536  -0.0209632996
       -0.0146393279  -0.0126553499   0.0006345673   0.0004716436   0.0006722211
        0.0001637192  -0.0000886992   0.0000217034  -0.0000909978   0.0000247524
        0.0002217217  -0.0000228776  -0.0000940096  -0.0000261351  -0.0000357271
        0.0000383587  -0.0000345119  -0.0000127743   0.0000147062   0.0000190576
       -0.0000439660   0.0000457764  -0.0000058601  -0.0000012218  -0.0000213196
       -0.0000084397  -0.0003403755  -0.0020169961  -0.0019875956  -0.0001306161
        0.0001558171   0.0000031182  -0.0001233370  -0.0001643056  -0.0001000349
       -0.0009646086  -0.0010397109   0.0008689887  -0.0001243269   0.0001710873
       -0.0001610453  -0.0000354120   0.0000150935   0.0000471996   0.0000628339
       -0.0000178820  -0.0001326435  -0.0000964436   0.0000293014   0.0000466262
       -0.0000064774  -0.0000183334   0.0000421819   0.0000037861  -0.0000007076
        0.0000103325  -0.0000202417   0.0000001634  -0.0000102116   0.0000096259
        0.0000199507  -0.0000114343  -0.0000355835   0.0000914801  -0.0000919507
       -0.0000626419   0.0000247733  -0.0000375385   0.0000524264  -0.0000308205
        0.0000041965  -0.0000495229   0.0000037562   0.0000039486  -0.0000094026
        0.0000133470   0.0000050244  -0.0000027945  -0.0000005652  -0.0000036551
        0.0000000232   0.0000036098   0.0000019054  -0.0000028278  -0.0000035567
        0.0000006214
       -0.0002482631   0.0000458444  -0.0002423461  -0.0000067382  -0.0000245157
       -0.0000241990  -0.0000037299   0.0000462675   0.0000085571   0.0000162642
        0.0000068024   0.0000025764  -0.0000017833   0.0000046138   0.0000172369
        0.0000300462  -0.0000243301   0.0000123578  -0.0000003974   0.0000026335
        0.0000015199  -0.0000034618  -0.0000026219   0.0000087238   0.0000077193
        0.0000032572  -0.0000033600   0.0000081004   0.0000001477   0.0000030770
       -0.0000039686  -0.0000039347   0.0000039991  -0.0000023951  -0.0000070154
       -0.0000009113  -0.0000138660  -0.0000381119  -0.0000822355   0.0002202030
       -0.0000802721  -0.0001850481   0.0002833201  -0.0000443013   0.0003944816
       -0.0157509180  -0.0067411222  -0.0095490199  -0.0002159236   0.0001727220
        0.0002984601  -0.0003589065  -0.0005696812   0.0006082704  -0.0793861115
       -0.0424103451  -0.0817665557  -0.0028378020   0.0027100651  -0.0024379385
       -0.0000545655   0.0000759438   0.0001275994   0.0000124677   0.0000135064
       -0.0001224577   0.0005618225  -0.0010638545  -0.0006870644  -0.0004776830
        0.0003602087  -0.0004730605   0.0001010434  -0.0002973244   0.0002075861
       -0.0000110446  -0.0001709430  -0.0004884848   0.0186383890   0.0104944283
        0.0085632105   0.0942179619   0.0508301536   0.0944145154  -0.0151121502
       -0.0120464406  -0.0085984258  -0.0009702316  -0.0004099531  -0.0006168262
        0.0001619566   0.0000872689  -0.0001362839   0.0000381934   0.0002160999
        0.0002066786   0.0000336770  -0.0000446660  -0.0000115693   0.0001013389
       -0.0000781677  -0.0000506053   0.0000436447  -0.0000181076  -0.0000227241
       -0.0000306774   0.0000034235  -0.0000142086   0.0000061489  -0.0000071998
        0.0000051566  -0.0002651454  -0.0016754358  -0.0000680053   0.0003120907
       -0.0000206217  -0.0001756933  -0.0000468071  -0.0001380694  -0.0001026019
        0.0008518527   0.0009260963   0.0004608593   0.0001227461  -0.0001078924
        0.0000991646  -0.0000173637   0.0000533772   0.0001024362  -0.0000680766
       -0.0000998071  -0.0001619707  -0.0000008179   0.0000177585   0.0001564043
        0.0000369511  -0.0000155627   0.0000243855   0.0000075462   0.0000010079
       -0.0000109936   0.0000213093   0.0000070518   0.0000534418  -0.0000128904
       -0.0000276565  -0.0000021128  -0.0000350836   0.0000938134   0.0002148454
        0.0000144192   0.0000034605   0.0000792268   0.0000952091  -0.0000481454
       -0.0000384970   0.0000053539   0.0000346037   0.0000065627  -0.0000147580
        0.0000087344  -0.0000004692   0.0000008640  -0.0000027458  -0.0000046694
        0.0000027568   0.0000025950  -0.0000002689  -0.0000018365  -0.0000030402
       -0.0000027263
        0.0002679679   0.0002911380  -0.0000036206   0.0000147352   0.0000096870
        0.0000281186  -0.0000176209  -0.0000316086  -0.0000112518  -0.0000114025
       -0.0000090929   0.0000001400   0.0000029570  -0.0000138124  -0.0000033223
        0.0000014438   0.0000292178   0.0000179645  -0.0000023100  -0.0000102696
       -0.0000048301   0.0000128539   0.0000100810  -0.0000110437  -0.0000035181
       -0.0000080111   0.0000002141  -0.0000044978  -0.0000028904  -0.0000125937
        0.0000008279  -0.0000008687  -0.0000029928  -0.0000013755  -0.0000011740
       -0.0000038022   0.0007703749   0.0001168054   0.0005979937   0.0002589239
       -0.0000685932  -0.0003199522  -0.0030104282   0.0039924350  -0.0014411902
       -0.0054241187   0.0122864956   0.0068880230  -0.0004330214   0.0000220814
       -0.0001723641   0.0000460610  -0.0003239714   0.0001650630  -0.0627213448
        0.0539176344   0.0376886120   0.0000066846   0.0007935727   0.0003790961
        0.0000076690   0.0000240806  -0.0000184014   0.0000694086   0.0001040361
        0.0001012167  -0.0001088372  -0.0003602204  -0.0001962410  -0.0001366378
       -0.0001338919   0.0000361042  -0.0000399045  -0.0000295987   0.0000556338
        0.0002425277  -0.0002026400   0.0001633873  -0.0068063144   0.0157947938
        0.0143940246   0.0059989568  -0.0209632996  -0.0151121502   0.0720022889
       -0.0649111010  -0.0419129242   0.0000535594  -0.0002138484   0.0001694249
       -0.0004610803   0.0001272806   0.0001799047  -0.0003617321   0.0000890605
       -0.0012874658   0.0000011693   0.0000074677   0.0000043007  -0.0000056838
       -0.0000112302   0.0000240696   0.0000149678  -0.0000253003  -0.0000273925
        0.0000297267  -0.0000310215   0.0000098781  -0.0000029793   0.0000289363
        0.0000176593   0.0001642206   0.0001174507   0.0000343531  -0.0000815962
       -0.0000531835  -0.0000176588   0.0001486970  -0.0000901554  -0.0000947491
        0.0000924299  -0.0000068046  -0.0000644314   0.0000207937  -0.0000716896
        0.0000545681   0.0000434586  -0.0003708585  -0.0000825019  -0.0001115695
        0.0004401463   0.0002951972   0.0002006467  -0.0002313696  -0.0002364822
        0.0000145928  -0.0000190172  -0.0000271783   0.0000129010  -0.0000011047
       -0.0000256685  -0.0000002980   0.0000237440  -0.0000268325  -0.0000160632
       -0.0000294526   0.0000210792  -0.0005792969   0.0000051340  -0.0001679341
       -0.0001296803   0.0000239397  -0.0000563275   0.0000685687  -0.0000132325
        0.0000053047  -0.0000882250  -0.0000283753   0.0000028350  -0.0000190948
        0.0000212152   0.0000087670   0.0000042947  -0.0000024557   0.0000028566
        0.0000018256  -0.0000057006  -0.0000036399   0.0000030978  -0.0000005895
       -0.0000008469
       -0.0000306797  -0.0003304384   0.0000225275  -0.0000734731  -0.0000394001
       -0.0000563794   0.0000311616   0.0000465534  -0.0000008331   0.0000031942
        0.0000057036   0.0000144816  -0.0000028240   0.0000034815  -0.0000052418
        0.0000005944  -0.0000328179  -0.0000200356  -0.0000017168  -0.0000030056
        0.0000116146  -0.0000129057  -0.0000117228   0.0000068770  -0.0000045760
       -0.0000058375  -0.0000069544   0.0000046436   0.0000045044   0.0000200772
        0.0000033038   0.0000029962   0.0000012179   0.0000035729   0.0000034046
        0.0000076860  -0.0009968099  -0.0000630349  -0.0007129137  -0.0003653484
        0.0002990511   0.0004587359   0.0034730398  -0.0042501061   0.0022504601
        0.0088085766  -0.0187839716  -0.0093516866   0.0002814966  -0.0000332532
        0.0001406813   0.0003115329   0.0000389673  -0.0004370332   0.0543099365
       -0.1934704766  -0.1051543167  -0.0011168813   0.0005607271  -0.0011536050
        0.0000321883   0.0000536246  -0.0000388887  -0.0000685862  -0.0001301138
       -0.0000620337  -0.0001701112  -0.0001291643  -0.0002242440  -0.0001373619
       -0.0001055869   0.0000843633  -0.0001481711   0.0002475762  -0.0000824013
       -0.0004161473  -0.0001738781   0.0007713850  -0.0017707933   0.0068700420
        0.0032323862   0.0020641607  -0.0146393279  -0.0120464406  -0.0649111010
        0.2230065494   0.1219394778  -0.0003601216   0.0001336754  -0.0002884400
        0.0001823521   0.0000375467   0.0000063621   0.0000076004   0.0006486985
        0.0004434095  -0.0000084629   0.0001148216   0.0000399921  -0.0000251566
        0.0000497004  -0.0000124057  -0.0000514670   0.0000271003   0.0000446073
       -0.0000290203   0.0000380242  -0.0000066072  -0.0000028904   0.0000077140
       -0.0000215934   0.0002134155  -0.0001058698  -0.0000859380  -0.0000791930
       -0.0000726821   0.0001341575   0.0001252041  -0.0000029733   0.0000571692
        0.0000480943  -0.0001260511  -0.0001293663   0.0000358089   0.0000345529
        0.0000348103   0.0000298509   0.0002827547  -0.0000131849   0.0001579701
       -0.0002873664  -0.0001804109  -0.0001413517   0.0001330242   0.0001599835
       -0.0000435865   0.0000364041   0.0000009892  -0.0000212181  -0.0000106362
        0.0000167821   0.0000046095  -0.0000096354  -0.0000215495   0.0000007731
        0.0000346980  -0.0000009561   0.0007356182   0.0000865978   0.0001922626
        0.0001901169  -0.0000270447   0.0000015126  -0.0002106046   0.0000538325
        0.0000634931   0.0001128862   0.0000188700  -0.0000241896   0.0000346357
       -0.0000395824  -0.0000192746  -0.0000021671   0.0000009045   0.0000008962
       -0.0000047061  -0.0000011267  -0.0000006289   0.0000010954   0.0000030024
       -0.0000008457
       -0.0004708443   0.0000192454  -0.0001295250  -0.0000177371  -0.0000541087
       -0.0000304358   0.0000138712   0.0000166858   0.0000125658   0.0000178406
        0.0000140745  -0.0000022690  -0.0000036853   0.0000028183   0.0000032455
       -0.0000032342  -0.0000050944   0.0000037574   0.0000015646   0.0000078777
       -0.0000074667  -0.0000072760  -0.0000052171   0.0000011590  -0.0000052598
       -0.0000036425   0.0000096842   0.0000020373   0.0000023155   0.0000074709
        0.0000041178   0.0000035636  -0.0000017029   0.0000068302   0.0000025541
        0.0000019806   0.0000979724   0.0001548997   0.0002283609   0.0005372139
       -0.0003587075   0.0000180109  -0.0021790460   0.0029855398  -0.0013214264
       -0.0044692956   0.0115683562   0.0077534531  -0.0002567626   0.0001161438
       -0.0002540341  -0.0003745612   0.0002657346   0.0001069014   0.0386258606
       -0.1058154596  -0.1151748191  -0.0006097288   0.0009701934   0.0002870117
       -0.0000245667   0.0000177264  -0.0000066088   0.0000302997   0.0000915235
        0.0000773485  -0.0001223266  -0.0003215471  -0.0002412641  -0.0000670055
       -0.0000678227  -0.0000643613   0.0000060193  -0.0000055729  -0.0000282345
        0.0000903642   0.0003406843  -0.0000825054   0.0093334996  -0.0194141525
       -0.0163190847   0.0022730938  -0.0126553499  -0.0085984258  -0.0419129242
        0.1219394778   0.1338811266  -0.0000201707   0.0001432277   0.0000014690
        0.0001484563  -0.0001669798  -0.0000854302  -0.0009539668   0.0003355551
       -0.0005299110   0.0000029225   0.0000148621  -0.0000029941  -0.0000086337
       -0.0000123334   0.0000333353  -0.0000317705   0.0000183591   0.0000034821
        0.0000208832  -0.0000218062   0.0000153034  -0.0000120682   0.0000186443
        0.0000120489   0.0002963797  -0.0000471436  -0.0000568328  -0.0001395026
        0.0000232659   0.0002042206   0.0000511140  -0.0001095336   0.0000210194
        0.0000793540  -0.0000923615  -0.0000468806  -0.0000013977  -0.0000141804
        0.0000359255  -0.0000051513   0.0001719037   0.0000823620  -0.0000187918
       -0.0002782042  -0.0000242755  -0.0000166481   0.0001360255  -0.0000075718
       -0.0000005816   0.0000261490  -0.0000177169  -0.0000140045   0.0000163010
        0.0000145702  -0.0000014306  -0.0000429549   0.0000340134   0.0000303022
        0.0000264398  -0.0000091694  -0.0000144772   0.0000361499   0.0001810228
        0.0000544238  -0.0000053686   0.0000470436  -0.0000351286   0.0000091048
       -0.0000072265   0.0000688815   0.0000199129  -0.0000092702   0.0000073035
       -0.0000178556  -0.0000060252   0.0000005004  -0.0000011617  -0.0000027310
       -0.0000028760  -0.0000001316  -0.0000048711  -0.0000002527   0.0000013751
       -0.0000048232
        0.0006987461  -0.0001843073   0.0006448779   0.0001633048   0.0001598878
       -0.0000004095  -0.0006390015  -0.0004919358   0.0003367216  -0.0000512671
       -0.0000289515  -0.0000526182   0.0001014811   0.0000347715  -0.0001568616
       -0.0011048561   0.0003258824  -0.0002600461   0.0000042734  -0.0000017493
        0.0000021555   0.0000284825   0.0000328109  -0.0000370843   0.0000331517
        0.0000569514  -0.0000010729  -0.0000016793  -0.0000249315  -0.0000361047
        0.0000177050   0.0000074084  -0.0000121747   0.0000347997   0.0000395697
       -0.0000158377   0.0008443020   0.0002414951   0.0001920395  -0.0002169829
        0.0002419157  -0.0000425902   0.0003933276   0.0006167579   0.0005864114
       -0.0139887661   0.0107657109  -0.0146883351  -0.0001290061   0.0000195829
       -0.0000352756   0.0000742798   0.0009801967  -0.0009257345  -0.0033262023
       -0.0019701691  -0.0027359738  -0.1052954236   0.0739296359  -0.0743625358
        0.0000102344   0.0000050939  -0.0000287224  -0.0000015516   0.0000130328
        0.0000344500  -0.0000026414  -0.0000323059   0.0000176274   0.0001594612
        0.0000427746   0.0000553359  -0.0006848537  -0.0012649617   0.0005377750
       -0.0001589233   0.0000609492   0.0000302459  -0.0001071173  -0.0000941759
        0.0000650618  -0.0005619727   0.0006345673  -0.0009702316   0.0000535594
       -0.0003601216  -0.0000201707   0.1242216718  -0.0869459573   0.0890871626
        0.0098485843  -0.0112813972   0.0108802373  -0.0094328642   0.0135624850
       -0.0089395506   0.0000236497   0.0000654936   0.0000673689   0.0000381895
       -0.0001176408   0.0000167772  -0.0000167860   0.0000073320   0.0000242725
        0.0000451469  -0.0000149933   0.0000003633  -0.0000244173   0.0000288158
        0.0000110036   0.0000438920   0.0000557980   0.0000143137  -0.0000254531
        0.0000003799   0.0000501572   0.0000259579  -0.0000090261   0.0000262734
        0.0001516474   0.0001169448   0.0001187356   0.0000320897   0.0000557898
        0.0000557932  -0.0001170445   0.0001697877   0.0000286650   0.0000886850
       -0.0000352007  -0.0000542164  -0.0003050330  -0.0001450476   0.0000736081
        0.0000271244   0.0000094990   0.0000675689  -0.0000024946  -0.0000029711
        0.0000084721  -0.0000133465  -0.0000056673   0.0000093645  -0.0000055756
        0.0000234632  -0.0000088104  -0.0007776281   0.0006869651   0.0004476014
       -0.0000862334  -0.0000214452  -0.0001326428  -0.0001309905   0.0001161866
        0.0000381254   0.0000223662  -0.0000657640   0.0000023988   0.0000192195
       -0.0000083368  -0.0000120011  -0.0000003600   0.0000050142   0.0000035877
        0.0000005172  -0.0000059286  -0.0000064059   0.0000026214   0.0000000359
        0.0000008540
        0.0001806610   0.0006511219   0.0001296588  -0.0000122599   0.0000443345
        0.0002449315   0.0000167127  -0.0003095084   0.0000507831  -0.0000468316
       -0.0000316949  -0.0000524752  -0.0000049006  -0.0000821048  -0.0000080760
        0.0002236977   0.0005984714  -0.0000321150   0.0000031762  -0.0000038044
       -0.0000227080   0.0000410370   0.0000284038  -0.0000410898  -0.0000335709
       -0.0000106058   0.0000071729  -0.0000324421  -0.0000299963  -0.0000765900
        0.0000205768   0.0000065583  -0.0000266769   0.0000264651   0.0000265211
       -0.0000144306  -0.0002407942  -0.0003989966  -0.0013294659  -0.0000174532
        0.0000013244   0.0003817865  -0.0003206931   0.0006368313   0.0002854844
       -0.0067383877   0.0073913516  -0.0078767455  -0.0000737200   0.0000651480
       -0.0000692377  -0.0005976702   0.0004406604  -0.0010476121  -0.0015145710
       -0.0005373945  -0.0012520920   0.0756441804  -0.1323151661   0.0900861546
       -0.0000174831   0.0000131962  -0.0000275999   0.0000128181   0.0000030138
       -0.0000078448  -0.0000180761  -0.0000514930  -0.0000280854  -0.0000012120
        0.0000216032  -0.0000543608  -0.0006162046  -0.0000308748   0.0000846335
        0.0000940122  -0.0001508812   0.0001189914  -0.0000148121  -0.0000367294
       -0.0002108560  -0.0004569387   0.0004716436  -0.0004099531  -0.0002138484
        0.0001336754   0.0001432277  -0.0869459573   0.1528982860  -0.1022578641
        0.0070704662  -0.0103399153   0.0107154184   0.0141512844  -0.0173594678
        0.0130951329   0.0000299644   0.0000099868   0.0000179395  -0.0000220516
       -0.0000286114  -0.0000074983  -0.0000064154   0.0000018971   0.0000204052
        0.0000135398  -0.0000153515  -0.0000218822  -0.0000000815   0.0000088987
        0.0000145642   0.0000162887  -0.0000031000   0.0000102229  -0.0000007976
       -0.0000193292   0.0000158408   0.0000058187   0.0000090748   0.0000070299
       -0.0000074357  -0.0000115983  -0.0000269498   0.0000227495   0.0000261749
       -0.0000051571  -0.0000316683  -0.0001129045  -0.0000096017   0.0001040657
       -0.0001393228   0.0001688832  -0.0003393980   0.0000657031  -0.0000886165
        0.0000035533   0.0000000243  -0.0000067837  -0.0000074528   0.0000097017
        0.0000045521  -0.0000079493  -0.0000053765  -0.0000291824   0.0000197821
        0.0000267500  -0.0000136550   0.0008299541  -0.0014452590  -0.0005392167
       -0.0001243535  -0.0000724047   0.0000330946   0.0001355591  -0.0000078228
       -0.0000287033  -0.0001927188  -0.0000608381  -0.0000287039  -0.0000090278
        0.0000164662   0.0000143319   0.0000008326   0.0000046255   0.0000004247
        0.0000021027  -0.0000017442  -0.0000022092  -0.0000021216   0.0000008484
        0.0000033739
        0.0017481458   0.0000445769  -0.0028988363   0.0000496642   0.0000761054
        0.0000846650  -0.0000639829   0.0002201956  -0.0001255668   0.0000317974
        0.0000149891  -0.0001019574   0.0000294923   0.0000567647   0.0001740212
        0.0002212009  -0.0000579938   0.0007079194  -0.0000600979  -0.0000866928
       -0.0000913879  -0.0000418123  -0.0000139964   0.0000289257  -0.0000505990
       -0.0000676130   0.0000615567  -0.0000692623  -0.0000437745  -0.0000444400
       -0.0000407420  -0.0000328327   0.0000027374  -0.0000452613  -0.0000393054
       -0.0000023759  -0.0014097646  -0.0014127233  -0.0019868691   0.0003007822
        0.0002051735  -0.0001111929   0.0001261162   0.0003481253   0.0010357592
       -0.0113435764   0.0084633514  -0.0128635071  -0.0002097354  -0.0000760442
       -0.0000992792   0.0011831421   0.0005564134   0.0005644543  -0.0031749896
       -0.0019710106  -0.0019129380  -0.0750717916   0.0899716762  -0.1331390957
       -0.0000435293   0.0000332848   0.0000243510   0.0000556146   0.0000710091
        0.0000136648   0.0000417203  -0.0000006730   0.0000241044   0.0000917877
        0.0000952118  -0.0000352915   0.0001776882  -0.0000292963   0.0005786069
        0.0000571301  -0.0000887915  -0.0000528355  -0.0000395495  -0.0000758931
        0.0002868516  -0.0007180693   0.0006722211  -0.0006168262   0.0001694249
       -0.0002884400   0.0000014690   0.0890871626  -0.1022578641   0.1524421603
       -0.0095772874   0.0159863515  -0.0142881147   0.0084631055  -0.0102505135
        0.0099574667   0.0000556607   0.0000364128   0.0000078222   0.0000139509
       -0.0001055719   0.0000696984  -0.0000181366  -0.0000022300  -0.0000397363
        0.0000298650  -0.0001204165   0.0000228162   0.0000204242   0.0000479145
        0.0000468271   0.0000909303   0.0000402010   0.0000363037  -0.0000379499
        0.0000360544   0.0000340852   0.0000278496  -0.0000252208   0.0000404740
        0.0000983564   0.0000324925   0.0000411068   0.0000489633   0.0000226561
        0.0000229045   0.0001324813  -0.0005527855   0.0002798508  -0.0002443361
        0.0005088351  -0.0001060095   0.0004242649  -0.0003076076  -0.0000380829
        0.0000273553  -0.0000737290   0.0000298528   0.0000072841  -0.0000169220
       -0.0000047893   0.0000048127  -0.0000027067   0.0000468582  -0.0000187961
       -0.0000594467   0.0000305248  -0.0000024538   0.0003614126   0.0016252106
       -0.0001524488   0.0001482534   0.0000910472   0.0000246332  -0.0000374645
       -0.0000645701  -0.0003110354   0.0000228434   0.0001834398  -0.0000573262
        0.0000241603   0.0000218935  -0.0000070204  -0.0000039295   0.0000023629
       -0.0000092400   0.0000051113   0.0000022546  -0.0000220131  -0.0000003082
       -0.0000003446
        0.0016059977   0.0011468297  -0.0007530503  -0.0002951219   0.0001009290
        0.0002415125  -0.0000892461   0.0000721291  -0.0001926652  -0.0001482936
       -0.0001026495   0.0000858640  -0.0000427480  -0.0001147944  -0.0001460656
        0.0001213729   0.0001114507  -0.0001324012  -0.0000543296  -0.0000761909
        0.0000731370  -0.0000017622   0.0000061193   0.0000182356  -0.0000419133
       -0.0000646821  -0.0000460368   0.0000358697   0.0000259199   0.0000475578
        0.0000189679   0.0000186543  -0.0000055521   0.0000198163   0.0000296913
        0.0000126833   0.0006938314  -0.0002834082   0.0000966795   0.0003510747
        0.0010394091   0.0002560523  -0.0001219875   0.0005326147   0.0007467261
       -0.0161851334  -0.0124765774   0.0101611746  -0.0002732246  -0.0001621602
        0.0001336693  -0.0025869413  -0.0024809771  -0.0018780463   0.0004074237
        0.0000389188   0.0005164603  -0.1409111242  -0.0700407393   0.0974451044
        0.0000009878   0.0000095388   0.0000294775   0.0000076276   0.0000918221
        0.0000330605   0.0000288459   0.0000773044   0.0000383335  -0.0006187400
       -0.0006072586   0.0006702875  -0.0000802453   0.0000810229  -0.0002605810
        0.0001690951  -0.0000198524  -0.0000582448  -0.0001755547  -0.0000354650
       -0.0008724614   0.0004508344   0.0001637192   0.0001619566  -0.0004610803
        0.0001823521   0.0001484563   0.0098485843   0.0070704662  -0.0095772874
        0.1628825723   0.0824584560  -0.1122212395  -0.0114325386  -0.0052725127
        0.0134681105   0.0000306957   0.0000530368   0.0000151837  -0.0000338318
        0.0000219537  -0.0000200106   0.0000082713  -0.0000090597  -0.0000063437
       -0.0000060337  -0.0000059969  -0.0000047653  -0.0000273279   0.0000523594
        0.0000286386  -0.0000421177  -0.0000285723   0.0000266158   0.0000284436
       -0.0000281313  -0.0000590437   0.0000261119   0.0000604721   0.0000403990
        0.0000345941   0.0000101382   0.0000695826  -0.0001168395  -0.0001559168
       -0.0001359847   0.0001454137  -0.0011306454  -0.0001856162   0.0001832824
        0.0011720658   0.0020625992  -0.0024113355  -0.0015250759   0.0005764242
       -0.0000144069   0.0000046617  -0.0005826971  -0.0000326610   0.0000568250
       -0.0000298716  -0.0000147539   0.0000293057  -0.0001313894   0.0000508529
       -0.0000110151   0.0000110846  -0.0007035893   0.0001388714   0.0001986240
       -0.0001332283  -0.0001349312  -0.0000850997  -0.0000136026   0.0001316565
       -0.0000274229  -0.0000903290  -0.0002245833  -0.0000171661   0.0000169058
        0.0000021342   0.0000158820   0.0000032677   0.0000021040   0.0000017933
       -0.0000046193  -0.0000050744  -0.0000055960  -0.0000060797   0.0000033380
        0.0000032726
        0.0027218273  -0.0005751435  -0.0014430999   0.0002279638   0.0001919264
        0.0001167239   0.0000367152   0.0002044960  -0.0000106431   0.0000503582
        0.0000335874  -0.0000957145   0.0000197086   0.0000099661   0.0000646244
        0.0000710948  -0.0001354898   0.0003703910  -0.0000569158  -0.0000988411
       -0.0000741348  -0.0000201598  -0.0000040607   0.0000123407  -0.0000639608
       -0.0000813794   0.0000705294  -0.0000337050  -0.0000257429  -0.0000424191
       -0.0000425292  -0.0000380739  -0.0000003157  -0.0000415950  -0.0000346991
       -0.0000118565  -0.0007639788  -0.0010141860  -0.0000665109  -0.0004899470
        0.0002103627  -0.0010054134  -0.0003786436  -0.0000445882   0.0008732009
       -0.0127288852  -0.0092901334   0.0081229028  -0.0002421438  -0.0001700557
        0.0000907412  -0.0025512035  -0.0018534593  -0.0014867133   0.0007540516
        0.0003459739   0.0004340369  -0.0703091618  -0.0958614635   0.0723360858
        0.0000254593   0.0000679006   0.0000781434   0.0000837315   0.0001295055
        0.0000443956   0.0000564193   0.0000982393   0.0000547057  -0.0006831598
       -0.0002486939   0.0004727922  -0.0000389112   0.0000922324  -0.0002733425
       -0.0000025643  -0.0000700297  -0.0000372021   0.0000261990   0.0003220273
       -0.0000265766   0.0002137417  -0.0000886992   0.0000872689   0.0001272806
        0.0000375467  -0.0001669798  -0.0112813972  -0.0103399153   0.0159863515
        0.0824584560   0.1097322847  -0.0811360069   0.0143763488   0.0091525655
       -0.0145215578   0.0000404465   0.0000532616  -0.0000180346  -0.0000179096
        0.0000399894   0.0000109862   0.0000084021  -0.0000082094  -0.0000676916
       -0.0000196025  -0.0000514322   0.0000362764   0.0000125630   0.0000704370
        0.0000356092   0.0000271235  -0.0000115994   0.0000318585  -0.0000176627
        0.0000099917  -0.0000668215   0.0000358187   0.0000261793   0.0000492928
        0.0000037859  -0.0000193583   0.0000091339  -0.0000742155  -0.0001447674
       -0.0001165562   0.0001197603  -0.0009338673   0.0000036179  -0.0001086761
        0.0017568090   0.0002023380  -0.0006684630  -0.0020505811   0.0005170602
        0.0000649986  -0.0000596593  -0.0000784652   0.0000131095  -0.0000212864
       -0.0000315789   0.0000010208  -0.0000004692  -0.0000024502  -0.0000156260
       -0.0001189923   0.0000967428  -0.0002100374   0.0005781809   0.0005195118
       -0.0003135977   0.0002318198  -0.0001215790   0.0000385275  -0.0000397179
       -0.0000409382  -0.0003555953  -0.0000074474   0.0001841079  -0.0000485475
        0.0000401529   0.0000282392  -0.0000087907  -0.0000013853   0.0000015191
       -0.0000121518   0.0000043272   0.0000024672  -0.0000151742   0.0000036641
       -0.0000013931
        0.0005043546  -0.0016755875   0.0025492015   0.0001239036   0.0002658474
        0.0002329310  -0.0001495672  -0.0003029678   0.0001481442  -0.0000700233
       -0.0000361617  -0.0000149324   0.0000009372  -0.0001255311  -0.0000900822
       -0.0000200615   0.0002825226  -0.0002561194   0.0000434100   0.0000183859
        0.0000484581   0.0000818692   0.0000543897  -0.0000854914   0.0000018629
        0.0000065567  -0.0000519417   0.0000042963  -0.0000208364  -0.0000977631
        0.0000172316   0.0000002765  -0.0000263427   0.0000138807   0.0000190746
       -0.0000303524  -0.0003344387   0.0003407446  -0.0000600312  -0.0008083755
       -0.0010834862  -0.0011034944   0.0003687726   0.0002238055   0.0002071234
       -0.0083166523  -0.0052634581   0.0097096489   0.0000991233   0.0000891491
       -0.0000133972  -0.0016574929  -0.0015356431  -0.0012603491  -0.0002401084
       -0.0006047198   0.0004859371   0.0978524363   0.0724080348  -0.1418293124
        0.0000192672   0.0000722719  -0.0000148507   0.0000234231  -0.0000096366
       -0.0000054924  -0.0000208708  -0.0000086728  -0.0000195140  -0.0004742229
       -0.0004541972   0.0005857869   0.0001062522  -0.0001932392   0.0000449913
       -0.0001510158   0.0000554599  -0.0000185658  -0.0006024985  -0.0000380534
       -0.0002980699  -0.0000425584   0.0000217034  -0.0001362839   0.0001799047
        0.0000063621  -0.0000854302   0.0108802373   0.0107154184  -0.0142881147
       -0.1122212395  -0.0811360069   0.1637142694   0.0137696745   0.0064334535
       -0.0135968539   0.0000012199  -0.0000013575  -0.0000036847   0.0000131771
        0.0000026715  -0.0000097325   0.0000061303   0.0000052548  -0.0000179790
       -0.0000034055   0.0000157641   0.0000031446   0.0000092246   0.0000033585
       -0.0000081544   0.0000382146   0.0000014356   0.0000171120  -0.0000288115
       -0.0000208589  -0.0000126379   0.0000035379   0.0000060473   0.0000015041
        0.0000391704   0.0000480128   0.0000388626  -0.0001723878  -0.0002435667
       -0.0000408357  -0.0004899125   0.0016437357   0.0000025035   0.0009655889
       -0.0017622335  -0.0031437198   0.0004960026   0.0018309787  -0.0008523148
       -0.0000093283   0.0000508830   0.0006004159  -0.0000340465  -0.0000595610
        0.0000887811  -0.0000317753  -0.0000359284  -0.0000109882  -0.0000042365
        0.0001031545  -0.0000198544   0.0005057762  -0.0002242559  -0.0007603077
       -0.0002600217   0.0001021316  -0.0001812419   0.0001394817  -0.0000810997
        0.0000189864  -0.0001362916   0.0000488654  -0.0000495568  -0.0000247008
        0.0000441707   0.0000008114  -0.0000066162   0.0000025425  -0.0000040179
       -0.0000004907  -0.0000013426  -0.0000005460   0.0000027890  -0.0000040611
       -0.0000002566
        0.0008417171  -0.0001677436  -0.0006783888   0.0000908567   0.0000650565
        0.0001040249  -0.0000518732   0.0000488033   0.0000110785   0.0000512841
        0.0000555174  -0.0000660847   0.0000250197  -0.0000087388   0.0000848763
        0.0000807258   0.0000550409   0.0001789725  -0.0000273887  -0.0000414829
       -0.0000274897   0.0000105642   0.0000063995  -0.0000254510  -0.0000380209
       -0.0000590897   0.0000142897  -0.0000425637  -0.0000192011  -0.0000558780
       -0.0000070950  -0.0000123862  -0.0000188469  -0.0000139615  -0.0000138756
       -0.0000080477  -0.0002642483  -0.0002916531  -0.0002479785  -0.0002118656
        0.0005883289   0.0003431406  -0.0019309838  -0.0032929791  -0.0017765422
        0.0076924957  -0.0123103654  -0.0103515309   0.0003356867  -0.0005053298
       -0.0005921051   0.0003469851  -0.0003045721  -0.0004712277   0.0000938233
       -0.0007430090  -0.0004538271  -0.0957059963   0.0804261218   0.0627022485
        0.0000540465   0.0000580218  -0.0000318883  -0.0000553613  -0.0001751568
       -0.0000842921  -0.0000242996  -0.0000373144  -0.0000100153  -0.0000167285
        0.0000964963  -0.0000497056  -0.0000580711   0.0001499564   0.0001140142
       -0.0003337599  -0.0004095930  -0.0000238800  -0.0001378180   0.0001241041
        0.0000750440   0.0000258018  -0.0000909978   0.0000381934  -0.0003617321
        0.0000076004  -0.0009539668  -0.0094328642   0.0141512844   0.0084631055
       -0.0114325386   0.0143763488   0.0137696745   0.1114192464  -0.0920065151
       -0.0706293306   0.0000098799   0.0000379692   0.0000111884  -0.0000123210
       -0.0000051305   0.0000038585  -0.0000236373  -0.0000087616  -0.0000157297
       -0.0000201146  -0.0000347022   0.0000035545   0.0000528118  -0.0000263838
       -0.0000122272   0.0000343080  -0.0000022143   0.0000028782  -0.0000227577
       -0.0000001518   0.0000084318  -0.0000023010   0.0000091457  -0.0000026792
        0.0000272719  -0.0000168491  -0.0000077570   0.0000404497   0.0000263286
        0.0000051340   0.0000058555  -0.0002086889   0.0000862545  -0.0000603284
        0.0003191738  -0.0000245021  -0.0001947883  -0.0003809959   0.0000074321
        0.0000377696  -0.0000295055   0.0000840840   0.0000053768  -0.0000060017
       -0.0000071676  -0.0000055616  -0.0000050134   0.0000023920  -0.0000051149
       -0.0000066272   0.0000184435  -0.0005280247   0.0005759807   0.0004615522
       -0.0001535278   0.0000528284   0.0000135278   0.0000972025  -0.0000141453
       -0.0000873577  -0.0001526676  -0.0000236635   0.0000917591  -0.0000438002
        0.0000355054   0.0000159143   0.0000013614  -0.0000033513   0.0000016704
       -0.0000020547  -0.0000017120  -0.0000017473  -0.0000063702  -0.0000021109
       -0.0000010929
       -0.0001082923  -0.0005382272   0.0001945968  -0.0000046386   0.0000130913
       -0.0000161101   0.0000618628  -0.0000042946   0.0000083756  -0.0000224138
       -0.0000148047   0.0000090547  -0.0000036021   0.0000074718  -0.0000457084
       -0.0000807758  -0.0000588248  -0.0000955677   0.0000081652   0.0000070821
       -0.0000013150  -0.0000049672  -0.0000028284   0.0000025930   0.0000124619
        0.0000186120   0.0000173373   0.0000191199   0.0000180368   0.0000295585
        0.0000053528   0.0000053785   0.0000052206   0.0000055706   0.0000077583
        0.0000048861  -0.0001590721  -0.0000749718  -0.0000476177  -0.0002521156
        0.0002675155   0.0005223820  -0.0024270294  -0.0035905542  -0.0028534508
        0.0066037141  -0.0134977317  -0.0111986894   0.0005663113  -0.0001638865
       -0.0005864150   0.0005001643   0.0003058644  -0.0001175349   0.0007650519
        0.0003055651   0.0008956626   0.0785728279  -0.1582278246  -0.0918743946
        0.0000799463   0.0000566631   0.0000008851  -0.0000921603  -0.0002268600
       -0.0000790511  -0.0000794780  -0.0001113684  -0.0000959851   0.0001092645
        0.0001383672   0.0001031122   0.0001253098  -0.0004651708   0.0000851153
       -0.0008894598   0.0000131765   0.0001039163  -0.0000341225  -0.0000302147
        0.0000204260   0.0001630161   0.0000247524   0.0002160999   0.0000890605
        0.0006486985   0.0003355551   0.0135624850  -0.0173594678  -0.0102505135
       -0.0052725127   0.0091525655   0.0064334535  -0.0920065151   0.1831134343
        0.1083330158  -0.0000219008   0.0000680638   0.0000399341   0.0000173164
        0.0000379127  -0.0000278488  -0.0000330100   0.0000225208   0.0000479633
       -0.0000451779   0.0000768821  -0.0000041216   0.0000197014  -0.0000409472
       -0.0000344095  -0.0000243462  -0.0000089278  -0.0000170362   0.0000115096
       -0.0000139940   0.0000321732  -0.0000330250   0.0000136723  -0.0000275124
        0.0000485588   0.0000532989   0.0000297101   0.0000155542   0.0000428002
        0.0000482505   0.0000105773   0.0002487703  -0.0000665041   0.0000483676
       -0.0000926998   0.0000875799  -0.0001601840   0.0000073248  -0.0000417626
       -0.0000196202   0.0000516914   0.0000202734  -0.0000061255  -0.0000082705
        0.0000125091  -0.0000030623  -0.0000087668  -0.0000033185  -0.0000013031
        0.0000334658  -0.0000053517   0.0002556107  -0.0002726159  -0.0001255457
        0.0001545562   0.0000219122  -0.0000700333  -0.0002399876   0.0000463952
        0.0001099632   0.0001459859   0.0000177541  -0.0000448595   0.0000443900
       -0.0000412773  -0.0000184150  -0.0000007919   0.0000026726   0.0000022905
       -0.0000031885  -0.0000013257  -0.0000011946   0.0000070653   0.0000066843
       -0.0000016271
       -0.0002953139   0.0000732445  -0.0001368161  -0.0000656517  -0.0000361453
       -0.0000176132  -0.0000055115   0.0000608587  -0.0000706802  -0.0000398826
       -0.0000546404   0.0000194202  -0.0000342733  -0.0000306383   0.0000064342
        0.0000991585  -0.0000263435  -0.0000028974  -0.0000000132   0.0000002519
       -0.0000110539  -0.0000148101  -0.0000070955   0.0000195127  -0.0000055262
       -0.0000122157   0.0000173094   0.0000028175   0.0000186865   0.0000312534
        0.0000033875   0.0000059785   0.0000012806   0.0000068448   0.0000052400
        0.0000063855  -0.0000713102  -0.0000392955  -0.0001701517  -0.0001925680
       -0.0002639814   0.0000751661  -0.0020879670  -0.0031902287  -0.0025838553
        0.0065018569  -0.0120811203  -0.0102804976   0.0006250216  -0.0002064352
       -0.0003727791   0.0006833574   0.0005341029   0.0003007572   0.0003041036
       -0.0005387271  -0.0000577495   0.0619902147  -0.0921728421  -0.1157957000
       -0.0000209188   0.0000167133   0.0000125660  -0.0000869948  -0.0002242635
       -0.0001060860  -0.0000395210  -0.0000499777  -0.0000618301   0.0000439597
        0.0001065216  -0.0000150302  -0.0001211340   0.0000170929   0.0000405947
       -0.0001369025   0.0000410663   0.0003015060   0.0000426658  -0.0000475100
       -0.0001961841   0.0001975164   0.0002217217   0.0002066786  -0.0012874658
        0.0004434095  -0.0005299110  -0.0089395506   0.0130951329   0.0099574667
        0.0134681105  -0.0145215578  -0.0135968539  -0.0706293306   0.1083330158
        0.1328407250  -0.0000000595   0.0000190890   0.0000152371  -0.0000075493
        0.0000183086  -0.0000166498  -0.0000253869   0.0000224072   0.0000415803
       -0.0000298651   0.0000363658  -0.0000114537   0.0000242230  -0.0000479895
       -0.0000165369  -0.0000214134  -0.0000173086  -0.0000042430   0.0000149337
       -0.0000088379   0.0000388250  -0.0000260368   0.0000182469   0.0000009459
       -0.0000167377  -0.0000144890  -0.0000324372   0.0000202157   0.0000529430
        0.0000251870  -0.0000494327   0.0002674055   0.0000507897   0.0001691318
       -0.0005047986  -0.0001064402   0.0000312093   0.0003903080   0.0000408140
       -0.0000514074   0.0000391326  -0.0000766835  -0.0000199482   0.0000042623
        0.0000219739   0.0000052707  -0.0000081257  -0.0000086643   0.0000174844
        0.0000182274  -0.0000137679  -0.0000222980   0.0002528479   0.0001908365
        0.0000966967  -0.0000243957   0.0000587800  -0.0001284560   0.0000726317
       -0.0000177495   0.0001029879  -0.0000251853  -0.0000027365   0.0000237982
       -0.0000336967  -0.0000037252   0.0000012796  -0.0000003142   0.0000001907
       -0.0000042693  -0.0000008083  -0.0000029823   0.0000012604   0.0000037546
       -0.0000024574
        0.0004133834  -0.0002926689  -0.0000885459   0.0000149876   0.0000362651
        0.0000519109  -0.0000001436   0.0000086819   0.0000070869  -0.0000119520
       -0.0000076796  -0.0000199518  -0.0000030358  -0.0000071270   0.0000065579
        0.0000144274   0.0000118794   0.0000269475   0.0000028149  -0.0000006638
       -0.0000067359   0.0000073080   0.0000054141  -0.0000053625  -0.0000033545
       -0.0000007504   0.0000081666   0.0000002994  -0.0000004989  -0.0000021113
       -0.0000040249  -0.0000040513  -0.0000010587  -0.0000039639  -0.0000018747
       -0.0000028019   0.0003648068  -0.0000448783  -0.0000015092  -0.0011873507
       -0.0011699201   0.0002099316  -0.0021363504  -0.0012819856   0.0025777765
       -0.0002412746   0.0001289431   0.0000816032  -0.0114839484  -0.0146750873
       -0.0061892317  -0.0012204755   0.0025014714   0.0015357360   0.0000251374
        0.0000157492  -0.0000254364   0.0000653163   0.0000454490  -0.0000361441
       -0.1123500978  -0.0911315327  -0.0591121617   0.0001275437  -0.0004134604
       -0.0002957760   0.0006038288   0.0004813859  -0.0008244319   0.0083777091
        0.0127990882   0.0082053689  -0.0000358412  -0.0000060695   0.0001555534
        0.0003854387   0.0006802998   0.0005571548   0.0000037487   0.0000242960
       -0.0000131822   0.0000161096  -0.0000228776   0.0000336770   0.0000011693
       -0.0000084629   0.0000029225   0.0000236497   0.0000299644   0.0000556607
        0.0000306957   0.0000404465   0.0000012199   0.0000098799  -0.0000219008
       -0.0000000595   0.1305708399   0.1044019375   0.0645610540  -0.0127626359
       -0.0133621637  -0.0124970919   0.0001595624   0.0001632147  -0.0000979007
       -0.0000940994  -0.0000901714  -0.0000251684  -0.0005527355   0.0005406394
        0.0007921400   0.0000735729   0.0000869580   0.0000576358  -0.0000521068
        0.0001970906  -0.0002191611   0.0001720030   0.0000578458   0.0003804005
        0.0006214312   0.0000982958   0.0001128033   0.0004925442   0.0001067415
       -0.0001009812  -0.0000853242  -0.0000101874   0.0000874072   0.0000172235
        0.0000769356  -0.0001227964  -0.0000574896  -0.0000880121   0.0000512204
        0.0000149622  -0.0000212541   0.0000370965  -0.0000024233   0.0000009532
       -0.0000019591   0.0000041122  -0.0000019134  -0.0000014174   0.0000012915
       -0.0000006503  -0.0000012321  -0.0002033599   0.0000430140   0.0000772113
       -0.0001020813   0.0000921697  -0.0000111063   0.0000892263  -0.0000730892
       -0.0000378854  -0.0000789948   0.0000291811   0.0000504551  -0.0000365744
        0.0000355996   0.0000165402   0.0000042962  -0.0000038523   0.0000025172
       -0.0000046448   0.0000010430   0.0000008904   0.0000049633   0.0000018302
       -0.0000034455
        0.0000687067  -0.0004317038  -0.0000279315   0.0000422448   0.0000585608
        0.0000540938  -0.0000053696   0.0000128674   0.0000193661   0.0000147608
        0.0000136337  -0.0000268622  -0.0000031925  -0.0000053351   0.0000014572
        0.0000091955  -0.0000087634   0.0000114172   0.0000141944   0.0000119936
       -0.0000043318   0.0000079100   0.0000026453  -0.0000016445   0.0000061844
        0.0000061508   0.0000128265   0.0000039184  -0.0000039160  -0.0000015446
       -0.0000038208  -0.0000070689   0.0000034276  -0.0000017547  -0.0000062949
       -0.0000028066   0.0002778515  -0.0001482808   0.0000224973  -0.0010825284
       -0.0007940105   0.0001230006  -0.0021857360  -0.0011917383   0.0022406891
        0.0001186463   0.0002633281  -0.0000076694  -0.0111886126  -0.0131871987
       -0.0048101714   0.0033384498  -0.0030770503  -0.0027043433  -0.0000615480
       -0.0000060695   0.0000395711   0.0000342740   0.0000436408   0.0000417284
       -0.0907955233  -0.1594716396  -0.0732479026   0.0007163709   0.0003361174
       -0.0003707744   0.0001059574   0.0005203143  -0.0007506845  -0.0091009331
       -0.0177668681  -0.0122261047   0.0002042912   0.0000399056   0.0001823959
       -0.0006919358  -0.0010027391  -0.0006595877   0.0000000276   0.0000392788
       -0.0000202958   0.0000161295  -0.0000940096  -0.0000446660   0.0000074677
        0.0001148216   0.0000148621   0.0000654936   0.0000099868   0.0000364128
        0.0000530368   0.0000532616  -0.0000013575   0.0000379692   0.0000680638
        0.0000190890   0.1044019375   0.1862746292   0.0865928873   0.0057880195
        0.0082128519   0.0047829257   0.0000831851  -0.0000145175  -0.0001007279
       -0.0000126808  -0.0000821250   0.0000496047   0.0001898012   0.0003999908
       -0.0000315932   0.0001880821  -0.0005573303   0.0000985119   0.0002009705
        0.0001714415  -0.0002371642  -0.0001083804   0.0002605324   0.0005342903
       -0.0003729636   0.0000552584   0.0002068639  -0.0001451962   0.0005432936
        0.0001058152  -0.0000583882   0.0000240141   0.0000850500   0.0000025937
        0.0000840844  -0.0001853796  -0.0000807388  -0.0000687412   0.0001110438
        0.0000177750  -0.0000270781   0.0000519297  -0.0000028229   0.0000023459
       -0.0000006000   0.0000073069  -0.0000048224   0.0000007045   0.0000048382
        0.0000048697  -0.0000010373  -0.0001395307   0.0002642924   0.0000178577
       -0.0000558793   0.0000834454   0.0000074626   0.0001216534  -0.0001221875
       -0.0000131980  -0.0000200653   0.0000763724   0.0000085552  -0.0000283601
        0.0000288282   0.0000072942  -0.0000015087  -0.0000039779  -0.0000041853
       -0.0000013830   0.0000063516   0.0000023386  -0.0000003908  -0.0000037057
       -0.0000034061
       -0.0000688002   0.0001281462  -0.0002722375  -0.0000042873  -0.0000103725
        0.0000111861   0.0000105757   0.0000199594   0.0000156270   0.0000093377
        0.0000075958  -0.0000022233   0.0000027151   0.0000078831   0.0000113169
        0.0000163830   0.0000033558  -0.0000013330  -0.0000036140  -0.0000005471
        0.0000034032  -0.0000062091  -0.0000035505   0.0000073780   0.0000020311
        0.0000024327  -0.0000042643   0.0000027808   0.0000003350  -0.0000016577
       -0.0000046100  -0.0000031375   0.0000025446  -0.0000041891  -0.0000040698
       -0.0000004241   0.0000998112   0.0001363344  -0.0001410002   0.0011736211
        0.0012265732  -0.0000741297   0.0023854998   0.0014642718  -0.0018440500
        0.0001709164   0.0000763097  -0.0002780919   0.0105617023   0.0134036276
        0.0071758275   0.0023026426  -0.0027215281  -0.0012549478  -0.0000513014
        0.0000261435   0.0000388619  -0.0000247328   0.0000535090   0.0000647720
       -0.0597908263  -0.0737810201  -0.0900915724  -0.0000468604   0.0005105723
        0.0001226381   0.0004235142   0.0005404997   0.0005657204  -0.0061027239
       -0.0119998629  -0.0072951394   0.0002876901   0.0001118203   0.0003007594
       -0.0003377403  -0.0008325499  -0.0003473768   0.0000057193  -0.0000246870
        0.0000179082   0.0000103461  -0.0000261351  -0.0000115693   0.0000043007
        0.0000399921  -0.0000029941   0.0000673689   0.0000179395   0.0000078222
        0.0000151837  -0.0000180346  -0.0000036847   0.0000111884   0.0000399341
        0.0000152371   0.0645610540   0.0865928873   0.1058371224  -0.0157945173
       -0.0152291439  -0.0125706856  -0.0000024011   0.0000449956  -0.0000389348
       -0.0000144130  -0.0001222571  -0.0001390567   0.0004037538  -0.0000836604
        0.0000596326  -0.0000779825   0.0000774010   0.0000434400   0.0000177985
       -0.0000766958   0.0000096881   0.0002590559   0.0001128017  -0.0004632205
       -0.0001248237   0.0004587174   0.0005345240  -0.0001843796  -0.0000770460
       -0.0002618087   0.0000391607   0.0000111188   0.0000302805   0.0000094218
       -0.0000703511  -0.0000436355  -0.0000110636   0.0000475223   0.0000421893
       -0.0000006241   0.0000008530   0.0000032157  -0.0000063759  -0.0000004419
        0.0000074906   0.0000081611  -0.0000010456   0.0000079892   0.0000008501
       -0.0000040927  -0.0000020105  -0.0001916320  -0.0000927749   0.0001733889
       -0.0000210968   0.0000095624   0.0000518958   0.0000385204  -0.0000100785
       -0.0000452391  -0.0000178876   0.0000100034   0.0000253319  -0.0000063478
        0.0000071959   0.0000024956   0.0000008526  -0.0000003600  -0.0000015777
        0.0000007740   0.0000040410   0.0000026738  -0.0000032910  -0.0000008920
        0.0000005040
        0.0000293488  -0.0001975623   0.0002624601  -0.0000082930  -0.0000147660
       -0.0000421053   0.0000025636   0.0000042299  -0.0000194614   0.0000054680
        0.0000094629   0.0000116302  -0.0000095111  -0.0000104716  -0.0000160323
       -0.0000049716  -0.0000128772  -0.0000099964   0.0000090571   0.0000068321
       -0.0000052169  -0.0000005777   0.0000003075  -0.0000021419   0.0000016602
        0.0000034180   0.0000060040   0.0000026252   0.0000056686   0.0000056038
        0.0000014264   0.0000038209   0.0000008290   0.0000018170   0.0000042220
       -0.0000014112   0.0000687917  -0.0002202290   0.0000397145   0.0000459066
        0.0000326549  -0.0000499908   0.0002836003   0.0003017666   0.0002610369
       -0.0000439988   0.0001749015   0.0000083935   0.0077489842  -0.0061784204
        0.0108157761   0.0007339627  -0.0009080432  -0.0002402382  -0.0000655954
        0.0000116615  -0.0000667612  -0.0000370887  -0.0000277779   0.0000427618
       -0.1223817091   0.0555841226  -0.0956722889   0.0007375814  -0.0007750808
        0.0012325048  -0.0012014190  -0.0012322806   0.0020745233  -0.0156773603
        0.0126596709  -0.0113591481   0.0004944610   0.0001623956   0.0002862740
       -0.0000049211  -0.0003727722  -0.0000780390   0.0000367126  -0.0000017303
        0.0000383653   0.0000119860  -0.0000357271   0.0001013389  -0.0000056838
       -0.0000251566  -0.0000086337   0.0000381895  -0.0000220516   0.0000139509
       -0.0000338318  -0.0000179096   0.0000131771  -0.0000123210   0.0000173164
       -0.0000075493  -0.0127626359   0.0057880195  -0.0157945173   0.1447965482
       -0.0678796000   0.1055268176  -0.0000689752  -0.0000508867   0.0000363466
       -0.0004711828  -0.0000667448   0.0004011404  -0.0000014935   0.0000402879
       -0.0001308216   0.0000058737  -0.0001237076  -0.0000405557   0.0003293301
       -0.0002311155   0.0007077084  -0.0000376835   0.0000323642   0.0001475148
       -0.0024696701   0.0033783914   0.0021044004  -0.0000929148  -0.0000810269
       -0.0003793558   0.0000115887   0.0000543233  -0.0000705532  -0.0000039204
        0.0000576695   0.0000005751   0.0000109980  -0.0000073808  -0.0000093694
       -0.0000112684   0.0000052518  -0.0000030423  -0.0000004733  -0.0000030415
       -0.0000001408  -0.0000029697   0.0000047744  -0.0000019094  -0.0000051882
        0.0000008976  -0.0000023365   0.0000125751   0.0001288253  -0.0000908686
        0.0000380932   0.0000198891  -0.0000666285  -0.0000892786  -0.0000053336
        0.0000862591   0.0000286149   0.0000161281  -0.0000431229   0.0000134268
       -0.0000068626  -0.0000130040  -0.0000005933   0.0000005580   0.0000016989
       -0.0000010451  -0.0000023702  -0.0000000642   0.0000053839   0.0000010947
       -0.0000015003
       -0.0006983997  -0.0003922928   0.0007734188   0.0000466501   0.0000180918
       -0.0000597856  -0.0000179076  -0.0000210242   0.0000274605   0.0000303919
        0.0000309128   0.0000144390   0.0000006594  -0.0000004544  -0.0000113190
       -0.0000357224  -0.0000248418  -0.0000316946   0.0000113326   0.0000157209
        0.0000012963   0.0000083215   0.0000036926  -0.0000065592   0.0000120630
        0.0000111326  -0.0000043668   0.0000006769  -0.0000006618   0.0000001392
        0.0000120433   0.0000103680  -0.0000016672   0.0000102122   0.0000079237
        0.0000019839  -0.0001906723  -0.0004061120   0.0003944590  -0.0000376314
        0.0000566234  -0.0001698336   0.0000959534   0.0002901025   0.0001520255
        0.0001382470  -0.0005822999   0.0001649780   0.0069026156  -0.0072699150
        0.0141014096   0.0006613455   0.0003725592   0.0010452874   0.0000431873
       -0.0000492279  -0.0000199783   0.0000484025  -0.0000232274  -0.0000106176
        0.0559337983  -0.0851585021   0.0667587071   0.0007511033   0.0004766561
       -0.0012183027  -0.0016541334  -0.0009536402   0.0018377334   0.0160796616
       -0.0118277479   0.0123227956  -0.0002327299  -0.0004035818  -0.0008525466
       -0.0001628772   0.0003407570   0.0000325104  -0.0000128989   0.0000682377
       -0.0000477321  -0.0000903090   0.0000383587  -0.0000781677  -0.0000112302
        0.0000497004  -0.0000123334  -0.0001176408  -0.0000286114  -0.0001055719
        0.0000219537   0.0000399894   0.0000026715  -0.0000051305   0.0000379127
        0.0000183086  -0.0133621637   0.0082128519  -0.0152291439  -0.0678796000
        0.0985317886  -0.0775060711   0.0001771414  -0.0001096397  -0.0001790733
       -0.0001143536   0.0003832317   0.0000056665  -0.0001608039   0.0000353688
       -0.0001644342  -0.0000499048  -0.0000271148  -0.0002107887   0.0004411204
       -0.0000942130   0.0006563924  -0.0000235695  -0.0000348771   0.0000763565
        0.0032449965  -0.0027683010  -0.0018463435  -0.0004864127   0.0006452275
        0.0002462795  -0.0000059730   0.0001607976  -0.0001611141   0.0000265294
       -0.0000338974   0.0000675212  -0.0000012272   0.0000555698  -0.0000403490
       -0.0000160592   0.0000240290  -0.0000253333   0.0000031881   0.0000071979
       -0.0000002004  -0.0000002492   0.0000103706  -0.0000126750   0.0000037006
        0.0000064906  -0.0000050064   0.0003303551   0.0003095618  -0.0006149108
        0.0001319125  -0.0000366426  -0.0000277404  -0.0000150302  -0.0000221431
        0.0000719703   0.0001705650   0.0000340711  -0.0001016004   0.0000257617
       -0.0000183612  -0.0000151744   0.0000020657   0.0000033487  -0.0000010909
        0.0000077253  -0.0000018748  -0.0000021995   0.0000089492   0.0000005603
       -0.0000000848
        0.0005745235   0.0007857647  -0.0005932843  -0.0000287207  -0.0000281718
        0.0000451885   0.0000026325  -0.0000092691  -0.0000523945  -0.0000428010
       -0.0000468224  -0.0000102912  -0.0000059544  -0.0000032243  -0.0000077442
        0.0000071996   0.0000184509   0.0000381366  -0.0000080137  -0.0000097583
       -0.0000108253  -0.0000043603   0.0000012385   0.0000005386  -0.0000129821
       -0.0000098357   0.0000144832  -0.0000044571   0.0000000283   0.0000012451
       -0.0000089328  -0.0000067045  -0.0000014388  -0.0000043485  -0.0000026111
       -0.0000045441  -0.0002686979   0.0005549351  -0.0001200199   0.0000984917
       -0.0002062650   0.0000616749  -0.0001062535  -0.0003730060   0.0005786187
       -0.0001609524   0.0003616296  -0.0000680523  -0.0094331996   0.0114385365
       -0.0205043227   0.0008550893  -0.0003250787   0.0006770116  -0.0000358461
       -0.0000147601   0.0000136440  -0.0000010652  -0.0000384639  -0.0000316014
       -0.0949243219   0.0664939778  -0.1521570818  -0.0010059995   0.0001921592
        0.0006477405   0.0029369264   0.0028518785  -0.0031244803   0.0064851392
       -0.0051733189   0.0075565978  -0.0000154175  -0.0000925327  -0.0000086124
        0.0000702339  -0.0000316580  -0.0000297267  -0.0000540877  -0.0000583164
       -0.0000112249   0.0000934607  -0.0000345119  -0.0000506053   0.0000240696
       -0.0000124057   0.0000333353   0.0000167772  -0.0000074983   0.0000696984
       -0.0000200106   0.0000109862  -0.0000097325   0.0000038585  -0.0000278488
       -0.0000166498  -0.0124970919   0.0047829257  -0.0125706856   0.1055268176
       -0.0775060711   0.1795655334  -0.0001973013  -0.0001361919   0.0002962979
        0.0010394081  -0.0000049036   0.0000061310  -0.0001063518  -0.0002773176
       -0.0005515203   0.0003297578  -0.0002741704   0.0002352053  -0.0006452643
        0.0003942351  -0.0011934667   0.0000072577   0.0001084008   0.0002025543
        0.0015918068  -0.0020809800  -0.0002502425   0.0001746344  -0.0002822117
        0.0007713664   0.0000483491  -0.0002248586   0.0001290783  -0.0000699122
        0.0000346278   0.0000220914   0.0000422889  -0.0000516430  -0.0000148343
        0.0000169369  -0.0000229841   0.0000098518  -0.0000010748  -0.0000068829
       -0.0000028093  -0.0000023585  -0.0000183102   0.0000175354  -0.0000029669
       -0.0000073591   0.0000076626  -0.0000555843  -0.0005395297   0.0003404011
       -0.0000743604  -0.0000895139   0.0000282181   0.0000061867   0.0000942623
       -0.0000606071  -0.0001346664  -0.0000851176   0.0000733726  -0.0000085577
       -0.0000005568   0.0000102895   0.0000011829   0.0000012639   0.0000058062
        0.0000019994  -0.0000016649  -0.0000055041  -0.0000131157  -0.0000029724
        0.0000029936
       -0.0003862435  -0.0024124276  -0.0019866832   0.0001458760   0.0002328751
        0.0001471250   0.0000394431   0.0000648499   0.0001887738   0.0000664144
        0.0000704792  -0.0000527490   0.0000210368   0.0000107608   0.0000300599
       -0.0000155338  -0.0000006700   0.0000373558  -0.0000004871  -0.0000143017
       -0.0000045399  -0.0000054771  -0.0000048217  -0.0000049428   0.0000097129
        0.0000146179   0.0000128951  -0.0000023508   0.0000018266  -0.0000025722
       -0.0000011166  -0.0000012214  -0.0000006058  -0.0000035489   0.0000043756
       -0.0000003070   0.0000842373  -0.0000365099   0.0002414881  -0.0001250833
       -0.0000087886  -0.0008455367  -0.0001344530  -0.0005974255  -0.0000312111
       -0.0001422581  -0.0000494982   0.0001755083  -0.0149319062  -0.0054744864
        0.0176508637  -0.0000097756  -0.0000357380  -0.0000135047   0.0000285582
       -0.0000330987  -0.0000541813   0.0000239086  -0.0000179835  -0.0000339687
       -0.0030211449   0.0030789369   0.0017235352  -0.1092047856  -0.0493219783
        0.0961985731   0.0005291048  -0.0005104838   0.0005406624  -0.0007176459
       -0.0005034425   0.0009162911  -0.0000238605  -0.0000014983  -0.0000440670
        0.0000212496  -0.0000117536  -0.0000263308   0.0000287880   0.0000548669
        0.0000006431  -0.0000354255  -0.0000127743   0.0000436447   0.0000149678
       -0.0000514670  -0.0000317705  -0.0000167860  -0.0000064154  -0.0000181366
        0.0000082713   0.0000084021   0.0000061303  -0.0000236373  -0.0000330100
       -0.0000253869   0.0001595624   0.0000831851  -0.0000024011  -0.0000689752
        0.0001771414  -0.0001973013   0.1285694240   0.0570444603  -0.1121543235
        0.0091938621   0.0066879770  -0.0137924971  -0.0082244440  -0.0092403557
        0.0110451462   0.0003931228  -0.0002133040  -0.0000906085  -0.0002009469
        0.0008142353  -0.0002096408  -0.0006433934  -0.0003042884  -0.0001732041
        0.0000230859  -0.0000540234   0.0000180711  -0.0001843035   0.0002157624
        0.0001423209   0.0000014534   0.0000168519   0.0004582028   0.0001756884
       -0.0000797655  -0.0002072293  -0.0000934227   0.0001550937   0.0001025738
       -0.0000241297   0.0000416989  -0.0000225940  -0.0000134506  -0.0000098794
        0.0000085555  -0.0000000008   0.0000298878  -0.0000218221  -0.0000111302
        0.0000037520  -0.0000121909  -0.0000648984   0.0001533343   0.0005552623
       -0.0004832592   0.0001992643  -0.0003641050  -0.0001316409  -0.0000850813
       -0.0002597109  -0.0005728600  -0.0001621401   0.0003398972  -0.0000088252
        0.0001055147   0.0000823028   0.0000226235  -0.0000098557   0.0000115115
       -0.0000468756   0.0000350149   0.0000078347   0.0000136849  -0.0000066771
       -0.0000011054
       -0.0032234939  -0.0001500428  -0.0020769424   0.0002114842   0.0001606287
        0.0001561199   0.0000516420   0.0000663036   0.0001041595   0.0000577860
        0.0000399804  -0.0000075391   0.0000021234   0.0000105479  -0.0000169961
       -0.0000065369  -0.0000117412   0.0000191391  -0.0000055598   0.0000000497
        0.0000054794  -0.0000121023   0.0000010565  -0.0000034209  -0.0000060005
       -0.0000043771   0.0000174600   0.0000023762   0.0000037498   0.0000074272
        0.0000054475   0.0000046777  -0.0000031546   0.0000083432   0.0000041880
        0.0000007662   0.0000077693  -0.0001842841  -0.0000885691   0.0008752299
       -0.0023053700  -0.0007432951  -0.0003454560   0.0005694182   0.0001368529
        0.0001513406  -0.0001251296   0.0000025590   0.0101480066   0.0069908413
       -0.0135187438  -0.0000500269   0.0000346737   0.0000736349   0.0000135943
        0.0000165422   0.0000141706  -0.0000349882   0.0000310585   0.0000305742
        0.0022749025  -0.0018297173  -0.0010773132  -0.0492419874  -0.0790821104
        0.0724971668  -0.0000310028   0.0006397973  -0.0005786418   0.0006303291
        0.0004240279  -0.0006203798  -0.0000008166  -0.0000036105   0.0000056834
       -0.0000212318   0.0000170932   0.0000257199   0.0000062043  -0.0000311298
       -0.0000146764  -0.0000188941   0.0000147062  -0.0000181076  -0.0000253003
        0.0000271003   0.0000183591   0.0000073320   0.0000018971  -0.0000022300
       -0.0000090597  -0.0000082094   0.0000052548  -0.0000087616   0.0000225208
        0.0000224072   0.0001632147  -0.0000145175   0.0000449956  -0.0000508867
       -0.0001096397  -0.0001361919   0.0570444603   0.0925638080  -0.0822670133
       -0.0032477307  -0.0024363881   0.0065828556  -0.0164852224  -0.0139266010
        0.0204673396  -0.0001034391  -0.0000887861  -0.0000670162   0.0005031898
       -0.0002957137   0.0001054840  -0.0002696476  -0.0000552597   0.0000610101
       -0.0000473381   0.0000509099   0.0000096226   0.0001614507  -0.0001481904
       -0.0001704475   0.0003527974   0.0000581140   0.0005202236  -0.0000429600
       -0.0006050745  -0.0002242181   0.0000107044   0.0002515717   0.0001828534
        0.0000011505   0.0000278121  -0.0000111763  -0.0000061963   0.0000100676
       -0.0000026333   0.0000219537  -0.0000318113   0.0000350213   0.0000075782
        0.0000296366  -0.0000048415   0.0001510531  -0.0000622482   0.0006003883
        0.0001772215  -0.0004074254   0.0000112909   0.0001907240   0.0000749270
       -0.0000176834   0.0000051896  -0.0002107313  -0.0001049061   0.0000245326
        0.0000045676   0.0000207678   0.0000006086  -0.0000047493  -0.0000029074
        0.0000276935  -0.0000154556  -0.0000033827  -0.0000027940  -0.0000039594
       -0.0000023590
       -0.0037539131  -0.0026308687  -0.0006291959  -0.0001539787  -0.0000200682
       -0.0000688669   0.0000609515   0.0000549223  -0.0001278926  -0.0000410685
       -0.0000326489   0.0000683909   0.0000075042  -0.0000144984  -0.0000493128
       -0.0000111929  -0.0000171054  -0.0000490215   0.0000181387   0.0000129129
        0.0000351365  -0.0000123528  -0.0000163752   0.0000311587  -0.0000145069
       -0.0000139603   0.0000055669   0.0000137403   0.0000179117   0.0000393014
        0.0000220707   0.0000221637  -0.0000018242   0.0000197759   0.0000254522
        0.0000134747   0.0012551735  -0.0003029187  -0.0005908581  -0.0001900995
       -0.0001859149   0.0009818900   0.0004507955   0.0005203957  -0.0007301731
        0.0001593083  -0.0000028794  -0.0002094455   0.0081713748   0.0019685879
       -0.0088289431  -0.0000151955   0.0000925658   0.0000282674  -0.0000704777
        0.0000879749   0.0000582806  -0.0000648283   0.0000604332   0.0000716510
        0.0018197053  -0.0015785996  -0.0007015381   0.0972878114   0.0728422174
       -0.1816893919  -0.0011819691   0.0004002451   0.0003682412   0.0004345668
        0.0003164493  -0.0002002084   0.0000097023   0.0000332609   0.0000414589
       -0.0000367417  -0.0000218822   0.0000404818   0.0000114079  -0.0000706887
        0.0000513096  -0.0000106296   0.0000190576  -0.0000227241  -0.0000273925
        0.0000446073   0.0000034821   0.0000242725   0.0000204052  -0.0000397363
       -0.0000063437  -0.0000676916  -0.0000179790  -0.0000157297   0.0000479633
        0.0000415803  -0.0000979007  -0.0001007279  -0.0000389348   0.0000363466
       -0.0001790733   0.0002962979  -0.1121543235  -0.0822670133   0.2083930148
        0.0112324347   0.0123596149  -0.0232523821  -0.0038032637  -0.0024496710
        0.0064247173  -0.0002673733   0.0001159508  -0.0000856290  -0.0000975448
        0.0000654455   0.0003549355  -0.0001230912  -0.0000596275   0.0001288293
        0.0000287307  -0.0000239585  -0.0000249862   0.0000452755  -0.0001313369
       -0.0000342818  -0.0000153455   0.0007921764  -0.0005062978   0.0000576152
       -0.0004348852   0.0000334004  -0.0000742483   0.0002635634   0.0000559811
       -0.0000356366   0.0001265933  -0.0000802632   0.0000077567   0.0000221430
        0.0000028770  -0.0000007208   0.0000213818   0.0000100890  -0.0000004373
        0.0000213713  -0.0000315388  -0.0003896005   0.0001893186   0.0002634374
        0.0007720271  -0.0000710853   0.0004035548  -0.0005475126   0.0000904534
        0.0001440360   0.0010935541   0.0001717827  -0.0003090073   0.0001081263
       -0.0001471703  -0.0000784920   0.0000189484   0.0000074411  -0.0000049779
        0.0000163323   0.0000001068   0.0000057696   0.0000299719   0.0000057798
        0.0000072902
        0.0007470411  -0.0016180004   0.0010560121   0.0001113167   0.0002923235
        0.0000644721   0.0000407013   0.0000562819   0.0001180974   0.0001445518
        0.0001473586   0.0000132334  -0.0000017214  -0.0000193016   0.0000065757
        0.0000481510   0.0000391891  -0.0000085721   0.0000353047   0.0000135583
        0.0000022713   0.0000227801   0.0000195982  -0.0000147344   0.0000140290
        0.0000151360   0.0000019209   0.0000034833   0.0000053239  -0.0000017319
        0.0000007436   0.0000025256   0.0000049218  -0.0000037669   0.0000038499
       -0.0000026728   0.0005351634   0.0000379286   0.0000033182  -0.0003776000
        0.0004645305  -0.0003357457   0.0005554974  -0.0009242013  -0.0003261658
       -0.0001961654   0.0000055991  -0.0000522498  -0.0157451213   0.0068500521
       -0.0152472774  -0.0000005544   0.0000212162  -0.0000092023  -0.0000017957
       -0.0000120935   0.0000180058   0.0000095247  -0.0000387345  -0.0000132852
        0.0001692979   0.0002136478  -0.0009292529  -0.1361197535   0.0310486862
       -0.1132494616  -0.0034941053   0.0029813633   0.0006523248   0.0001289292
       -0.0000427503   0.0000507695   0.0000233161   0.0000226376   0.0001132726
        0.0000402366  -0.0000813624  -0.0000309002  -0.0000124716  -0.0000416303
        0.0000184744   0.0000504937  -0.0000439660  -0.0000306774   0.0000297267
       -0.0000290203   0.0000208832   0.0000451469   0.0000135398   0.0000298650
       -0.0000060337  -0.0000196025  -0.0000034055  -0.0000201146  -0.0000451779
       -0.0000298651  -0.0000940994  -0.0000126808  -0.0000144130  -0.0004711828
       -0.0001143536   0.0010394081   0.0091938621  -0.0032477307   0.0112324347
        0.1566741707  -0.0361646788   0.1321496797  -0.0100980851   0.0003131422
       -0.0138597718  -0.0005239076   0.0006082911  -0.0009346313  -0.0001350677
        0.0000097513   0.0000744270  -0.0000016475   0.0001824339   0.0003608363
        0.0001670835  -0.0001469500  -0.0000520075   0.0000416724  -0.0000560240
       -0.0000330759  -0.0000042592   0.0000237199  -0.0002859603  -0.0001044936
        0.0003482617  -0.0000889069  -0.0000078280   0.0000429561  -0.0000311370
        0.0000062232  -0.0000129003   0.0000099797  -0.0000007158  -0.0000056611
       -0.0000028279  -0.0000050045  -0.0000010099   0.0000023590  -0.0000057307
       -0.0000061213   0.0000018693  -0.0009593094  -0.0013857179  -0.0013581984
        0.0001314721   0.0004912471  -0.0004227216  -0.0003483335  -0.0003725038
        0.0005403343  -0.0002664715   0.0001111187  -0.0001855987   0.0000383377
        0.0000391441  -0.0000340862  -0.0000124077   0.0000028134  -0.0000112787
       -0.0000203579   0.0000144491   0.0000189072   0.0000298488   0.0000004984
       -0.0000048383
       -0.0032859708  -0.0031864044   0.0019500453   0.0002227823   0.0001979664
       -0.0000633902   0.0000636912   0.0000745914   0.0000453252   0.0000141558
        0.0000281136   0.0000916470   0.0000031589   0.0000025307  -0.0000235736
       -0.0000261890  -0.0000347757  -0.0000743836   0.0000028187   0.0000120288
        0.0000168329   0.0000046067   0.0000017271   0.0000123245   0.0000287935
        0.0000232339  -0.0000272639   0.0000122837   0.0000155097   0.0000281438
        0.0000304604   0.0000299868  -0.0000005170   0.0000226935   0.0000220279
        0.0000129380   0.0016186854  -0.0027663708  -0.0006434070  -0.0004891213
        0.0000550925   0.0002810773   0.0001007081   0.0013268215  -0.0001430125
        0.0002860078  -0.0001192130  -0.0000023218   0.0133438298  -0.0062484838
        0.0135789480   0.0000256691   0.0000525439   0.0000250157  -0.0000313017
        0.0000049511  -0.0000103535  -0.0000716117   0.0000521308   0.0000788835
       -0.0006788157   0.0002034837   0.0003141337   0.0310489129  -0.0520870100
        0.0377184522   0.0035742608  -0.0024173305  -0.0008409240  -0.0000197841
       -0.0000152698   0.0000782609   0.0000062707   0.0000214757  -0.0000895181
       -0.0000671646   0.0000116759   0.0000322549   0.0000283972   0.0000176526
        0.0000185516  -0.0000855091   0.0000457764   0.0000034235  -0.0000310215
        0.0000380242  -0.0000218062  -0.0000149933  -0.0000153515  -0.0001204165
       -0.0000059969  -0.0000514322   0.0000157641  -0.0000347022   0.0000768821
        0.0000363658  -0.0000901714  -0.0000821250  -0.0001222571  -0.0000667448
        0.0003832317  -0.0000049036   0.0066879770  -0.0024363881   0.0123596149
       -0.0361646788   0.0626505174  -0.0415195083  -0.0172323090   0.0038448934
       -0.0211912678   0.0007953648  -0.0003744670   0.0009394477   0.0000481922
        0.0001422566  -0.0000528985  -0.0000571899  -0.0000600180  -0.0002039759
       -0.0000553507   0.0000040720   0.0000066919  -0.0000539449   0.0000022524
        0.0000191990  -0.0000985496   0.0008267062  -0.0005173721   0.0001331215
       -0.0003768251   0.0000074845  -0.0000695699   0.0002367766   0.0000314876
       -0.0000337838   0.0000817590  -0.0000587748   0.0000084661   0.0000138219
       -0.0000032341  -0.0000097688   0.0000153894  -0.0000176250   0.0000022262
        0.0000276873  -0.0000143318  -0.0007470510  -0.0000164683  -0.0018005139
        0.0006667772  -0.0002438344   0.0001149234  -0.0002955882   0.0001697142
        0.0000969817   0.0008521725  -0.0000656339  -0.0002790678   0.0001140629
       -0.0001123344  -0.0000563992   0.0000179535   0.0000102932   0.0000007976
        0.0000327496  -0.0000082519  -0.0000167987   0.0000196323  -0.0000056100
        0.0000048004
        0.0011331987   0.0015797317   0.0005080892   0.0001938960   0.0001475325
       -0.0000494502  -0.0000557232  -0.0000778519  -0.0000692952   0.0000611499
        0.0000449999   0.0000165337  -0.0000204095  -0.0000190629  -0.0000468213
        0.0000284945   0.0000247848  -0.0000000616   0.0000190113   0.0000201020
       -0.0000069139   0.0000242274   0.0000273120  -0.0000252091  -0.0000060266
       -0.0000041918   0.0000086671  -0.0000085548  -0.0000080427  -0.0000137578
       -0.0000094777  -0.0000079997  -0.0000006439  -0.0000049693  -0.0000070023
       -0.0000119621  -0.0002833060  -0.0009684287   0.0004698047   0.0000881264
        0.0002595107  -0.0003763795   0.0000296207   0.0002046913   0.0005812675
        0.0000088713  -0.0000083882   0.0001428667   0.0026923134  -0.0000447786
        0.0047832193   0.0000113741  -0.0000297440   0.0000120053   0.0000416058
       -0.0000684368  -0.0000418390   0.0000081260  -0.0000280406  -0.0000188512
        0.0005833100  -0.0007206079   0.0005949903  -0.1140247353   0.0372752854
       -0.1825142029   0.0002424256  -0.0004518185   0.0003594960   0.0000422488
       -0.0000019113  -0.0000754621   0.0000246440  -0.0000215172   0.0000080254
       -0.0000062978   0.0000200574  -0.0000092975  -0.0000112390   0.0000074091
       -0.0000302908   0.0000095203  -0.0000058601  -0.0000142086   0.0000098781
       -0.0000066072   0.0000153034   0.0000003633  -0.0000218822   0.0000228162
       -0.0000047653   0.0000362764   0.0000031446   0.0000035545  -0.0000041216
       -0.0000114537  -0.0000251684   0.0000496047  -0.0001390567   0.0004011404
        0.0000056665   0.0000061310  -0.0137924971   0.0065828556  -0.0232523821
        0.1321496797  -0.0415195083   0.2102995575  -0.0085999558   0.0002647015
       -0.0095995259   0.0001853618  -0.0000773413   0.0002564168   0.0000149173
       -0.0002420528   0.0000673511   0.0001811582   0.0002404949   0.0001619254
        0.0000128461  -0.0000208312   0.0000017211   0.0000185587  -0.0000152669
        0.0000018720   0.0001025716  -0.0004389074   0.0000806650  -0.0001593610
        0.0003082644   0.0000581759   0.0000640874  -0.0001139807  -0.0000902797
        0.0000286690  -0.0000726083   0.0000284561  -0.0000036421  -0.0000081470
       -0.0000033617   0.0000065409  -0.0000219585   0.0000109248   0.0000020622
       -0.0000181235   0.0000156937  -0.0010009637  -0.0017210367  -0.0018789622
       -0.0002172712  -0.0002200892  -0.0003726512   0.0003411324   0.0000025011
        0.0001747355  -0.0004866395  -0.0001432834  -0.0000439436  -0.0000272705
        0.0000591948   0.0000122435  -0.0000178033   0.0000032643   0.0000051481
        0.0000246776  -0.0000150487  -0.0000120961  -0.0000232864  -0.0000097628
        0.0000011128
        0.0006231398  -0.0001620447  -0.0004422434  -0.0000080223   0.0000487821
        0.0000638973  -0.0000071308  -0.0000236215  -0.0000108673  -0.0000391721
       -0.0000358682  -0.0000181774  -0.0000001376  -0.0000047898   0.0000204582
        0.0000048587   0.0000229022   0.0000488546   0.0000018859  -0.0000065371
       -0.0000120002   0.0000152136   0.0000170269  -0.0000136410  -0.0000037507
       -0.0000001111   0.0000012344  -0.0000057876  -0.0000053592  -0.0000140737
       -0.0000103852  -0.0000093186  -0.0000013035  -0.0000116216  -0.0000070838
       -0.0000072571  -0.0004022649   0.0002198228   0.0001163254  -0.0003178256
       -0.0002598094  -0.0002966191  -0.0023456633   0.0030158353   0.0023725503
        0.0003612433   0.0007363677   0.0002499200   0.0072237859   0.0164657489
        0.0057720977   0.0000599071  -0.0000012426  -0.0000511002  -0.0000376760
        0.0000432460   0.0000278127  -0.0000652715   0.0001665961   0.0001412280
        0.0004823362   0.0007988572   0.0002222439  -0.0877277959  -0.0906682008
       -0.0333662913  -0.0000191271   0.0005618373   0.0004839776   0.0000086410
        0.0000070008  -0.0001177577  -0.0000125862  -0.0000034151  -0.0000097810
        0.0000101153  -0.0000267004  -0.0000376647  -0.0000246847  -0.0000069808
        0.0000036027   0.0000364809  -0.0000012218   0.0000061489  -0.0000029793
       -0.0000028904  -0.0000120682  -0.0000244173  -0.0000000815   0.0000204242
       -0.0000273279   0.0000125630   0.0000092246   0.0000528118   0.0000197014
        0.0000242230  -0.0005527355   0.0001898012   0.0004037538  -0.0000014935
       -0.0001608039  -0.0001063518  -0.0082244440  -0.0164852224  -0.0038032637
       -0.0100980851  -0.0172323090  -0.0085999558   0.1024442442   0.1028034592
        0.0374068189  -0.0000065714  -0.0000138092   0.0000308760  -0.0001477422
       -0.0000718508  -0.0000625876  -0.0002269048   0.0006390410  -0.0004036104
        0.0000184257   0.0000181041   0.0000063551   0.0000441796  -0.0000151087
       -0.0000259436  -0.0000407875  -0.0003419872   0.0001307560  -0.0000615078
        0.0002637695   0.0000124288   0.0000244717  -0.0000913561  -0.0000540176
        0.0000328201  -0.0000583944   0.0000303657  -0.0000003946  -0.0000027366
       -0.0000082495   0.0000000927  -0.0000030744   0.0000013564  -0.0000010575
       -0.0000172795   0.0000090642  -0.0003687789  -0.0003433203  -0.0000918808
       -0.0002499407   0.0001346617  -0.0001832032   0.0001724931  -0.0001957973
       -0.0000013969  -0.0004576287  -0.0000390974   0.0000873983  -0.0000657226
        0.0001083712   0.0000455987   0.0000033473  -0.0000075883   0.0000082757
       -0.0000339519   0.0000036335   0.0000025534   0.0000108808   0.0000078832
       -0.0000085178
       -0.0004077610  -0.0008547159  -0.0001121177   0.0000271563   0.0000262982
        0.0000384369  -0.0000011417   0.0000216116   0.0000532378   0.0000361651
        0.0000367154  -0.0000334569   0.0000010268   0.0000014104   0.0000202634
        0.0000071079  -0.0000085108   0.0000167323   0.0000189376   0.0000165701
       -0.0000065303   0.0000100338   0.0000073093  -0.0000045891   0.0000065972
        0.0000060133   0.0000088269   0.0000011114  -0.0000067959  -0.0000112900
       -0.0000074644  -0.0000093713   0.0000038291  -0.0000062667  -0.0000098530
       -0.0000048310   0.0000730419  -0.0001460512  -0.0000383263   0.0003134439
        0.0002754342  -0.0003554406   0.0029244851  -0.0045350472  -0.0020372250
       -0.0007373317  -0.0005946677  -0.0000591121  -0.0069674387  -0.0199984385
       -0.0074542943  -0.0000149932   0.0000319903   0.0000254645   0.0000545050
       -0.0001003826  -0.0000402523   0.0001326547  -0.0002105920  -0.0001815825
       -0.0010631250   0.0005695192   0.0006245286  -0.0890492947  -0.2165957513
       -0.0625951059  -0.0004047088   0.0001122771  -0.0003997221  -0.0001401547
        0.0000839078   0.0001648257  -0.0000017110  -0.0000115087   0.0000263478
        0.0000004173   0.0000556777   0.0000321618  -0.0000087727   0.0000502658
       -0.0000340162   0.0000235009  -0.0000213196  -0.0000071998   0.0000289363
        0.0000077140   0.0000186443   0.0000288158   0.0000088987   0.0000479145
        0.0000523594   0.0000704370   0.0000033585  -0.0000263838  -0.0000409472
       -0.0000479895   0.0005406394   0.0003999908  -0.0000836604   0.0000402879
        0.0000353688  -0.0002773176  -0.0092403557  -0.0139266010  -0.0024496710
        0.0003131422   0.0038448934   0.0002647015   0.1028034592   0.2505262407
        0.0739166994  -0.0001891629   0.0003048349   0.0001114672   0.0000031601
       -0.0000528002  -0.0000455851   0.0009046612   0.0000004230   0.0008056637
       -0.0000101069  -0.0000111299   0.0000145815  -0.0000405976   0.0000764221
        0.0000552385  -0.0000000810   0.0000402650   0.0000062350  -0.0000159588
        0.0002336092  -0.0001970948  -0.0000418050  -0.0000690352   0.0000755496
        0.0000111212  -0.0000347556   0.0000608082  -0.0000042712   0.0000006969
       -0.0000018581   0.0000047334  -0.0000033364  -0.0000068933   0.0000032339
        0.0000067781   0.0000026363   0.0000691283   0.0003415465   0.0001290566
       -0.0001261993   0.0000936786  -0.0000128706   0.0001645526  -0.0001730064
       -0.0000386426  -0.0000482930   0.0000648396   0.0000040142  -0.0000344670
        0.0000564519   0.0000155103  -0.0000013649  -0.0000049538  -0.0000045352
       -0.0000130918   0.0000126501   0.0000021740   0.0000038871  -0.0000011687
       -0.0000076982
       -0.0000642383   0.0000007981  -0.0002848845   0.0000464575   0.0000429945
        0.0000579615   0.0000052086   0.0000137101   0.0000165697   0.0000155327
        0.0000152122  -0.0000122271  -0.0000027625   0.0000061939   0.0000217101
        0.0000139921   0.0000126861   0.0000392053  -0.0000068879  -0.0000036300
       -0.0000067367  -0.0000045222  -0.0000046528   0.0000039228  -0.0000004596
        0.0000022927   0.0000062979   0.0000007517   0.0000005354  -0.0000009691
       -0.0000032094  -0.0000021211   0.0000017838  -0.0000034297  -0.0000026479
       -0.0000000136   0.0001170628  -0.0000364532  -0.0000246785   0.0001687324
        0.0007574806   0.0001962286   0.0017075261  -0.0024462411  -0.0014181599
       -0.0002931623  -0.0004749258   0.0000302090  -0.0030404731  -0.0090264866
       -0.0034767079  -0.0000799989   0.0000061775   0.0000396571   0.0000668549
       -0.0000838943  -0.0000527421   0.0000744834  -0.0000995831  -0.0001070704
       -0.0002643176  -0.0004154718   0.0002058860  -0.0325141792  -0.0626191621
       -0.0642943965  -0.0003578981   0.0007547844   0.0000662189  -0.0000726460
        0.0001116502   0.0000032167  -0.0000202291  -0.0000139421   0.0000194220
        0.0000092651   0.0000579938   0.0000381106   0.0000023821   0.0000120231
       -0.0000185337   0.0000033279  -0.0000084397   0.0000051566   0.0000176593
       -0.0000215934   0.0000120489   0.0000110036   0.0000145642   0.0000468271
        0.0000286386   0.0000356092  -0.0000081544  -0.0000122272  -0.0000344095
       -0.0000165369   0.0007921400  -0.0000315932   0.0000596326  -0.0001308216
       -0.0001644342  -0.0005515203   0.0110451462   0.0204673396   0.0064247173
       -0.0138597718  -0.0211912678  -0.0095995259   0.0374068189   0.0739166994
        0.0727354164  -0.0000383549  -0.0000134305  -0.0000949943   0.0000130063
        0.0000789185  -0.0000521105  -0.0006517821   0.0005901825  -0.0000104460
       -0.0000742540   0.0000733165   0.0000259122  -0.0000017136   0.0000337053
       -0.0000017823  -0.0000019536   0.0000479277  -0.0000136847  -0.0000072131
       -0.0001077111  -0.0000467100  -0.0000237166  -0.0000050755   0.0000343276
        0.0000018983   0.0000148518   0.0000114822  -0.0000065958  -0.0000014568
        0.0000079863   0.0000103076  -0.0000057374   0.0000098777   0.0000019505
        0.0000010488  -0.0000039510  -0.0002767285  -0.0002864136  -0.0001402125
        0.0000963347   0.0000292215   0.0001456832   0.0000770275  -0.0000401730
       -0.0000534076   0.0001003767   0.0000533338   0.0000127914  -0.0000204988
       -0.0000089612   0.0000039539   0.0000001959  -0.0000023923   0.0000011642
        0.0000032300  -0.0000010494   0.0000057344  -0.0000032657   0.0000020991
        0.0000010443
       -0.0001053814   0.0005026926   0.0000411457   0.0000272345  -0.0000008495
        0.0000111022  -0.0000135330  -0.0000224157   0.0000155379   0.0000092168
        0.0000061677  -0.0000014210  -0.0000010838  -0.0000025464   0.0000036602
       -0.0000010148   0.0000176983   0.0000076870   0.0000012227   0.0000012851
       -0.0000034891   0.0000126720   0.0000135912  -0.0000084634   0.0000023168
        0.0000005776  -0.0000048551  -0.0000035181  -0.0000028996  -0.0000096575
       -0.0000006615  -0.0000003804  -0.0000009603  -0.0000022250  -0.0000019971
       -0.0000021005  -0.0002065783   0.0001563032   0.0000484463  -0.0002517514
       -0.0003087064  -0.0003029251   0.0001107282  -0.0001269575   0.0000955114
       -0.0006498029   0.0002456962  -0.0005191204  -0.0162118118   0.0090885450
        0.0010746793   0.0000165128  -0.0000669459  -0.0002220560  -0.0002535481
        0.0003644573   0.0003478005   0.0001046091  -0.0000760429   0.0000259542
        0.0002180920  -0.0004430803   0.0010717730  -0.0022780342   0.0011845334
       -0.0032789581  -0.2310829213   0.0912599062   0.0507275323   0.0001851739
       -0.0001711550   0.0007189565   0.0000243007  -0.0000377753   0.0001244259
        0.0000236022  -0.0000055974  -0.0000151222  -0.0003289119  -0.0002664519
        0.0000552121   0.0015476705  -0.0003403755  -0.0002651454   0.0001642206
        0.0002134155   0.0002963797   0.0000438920   0.0000162887   0.0000909303
       -0.0000421177   0.0000271235   0.0000382146   0.0000343080  -0.0000243462
       -0.0000214134   0.0000735729   0.0001880821  -0.0000779825   0.0000058737
       -0.0000499048   0.0003297578   0.0003931228  -0.0001034391  -0.0002673733
       -0.0005239076   0.0007953648   0.0001853618  -0.0000065714  -0.0001891629
       -0.0000383549   0.2651042901  -0.1081288413  -0.0597191653  -0.0200022274
        0.0071956909   0.0082614191   0.0029437301   0.0000019431   0.0004743723
        0.0006458840  -0.0002262983   0.0007163571  -0.0000284915  -0.0001250654
        0.0000765189   0.0000448555  -0.0003121483  -0.0000516957  -0.0001855767
        0.0003456821   0.0001844277   0.0001580762  -0.0001150659  -0.0001548968
        0.0000396767  -0.0000579771   0.0000168504   0.0000311874   0.0000126703
       -0.0000182269  -0.0000240216   0.0000172116   0.0000300083  -0.0000031273
       -0.0000274606   0.0000004687   0.0001242428  -0.0002914530  -0.0000938206
       -0.0000010476  -0.0001033531   0.0000264402   0.0001577882   0.0000019096
       -0.0000022522  -0.0000468721  -0.0000417578  -0.0000233898  -0.0000195540
        0.0000221672   0.0000056831   0.0000065625   0.0000000688   0.0000026509
        0.0000144154  -0.0000079353  -0.0000042413   0.0000052416  -0.0000006862
        0.0000018216
        0.0001486040  -0.0001084613   0.0001140903  -0.0000439957  -0.0000273711
       -0.0000313369   0.0000053201   0.0000006363  -0.0000196834  -0.0000135040
       -0.0000103087   0.0000113163  -0.0000008233  -0.0000063883  -0.0000068182
       -0.0000052610  -0.0000059614  -0.0000062906  -0.0000028991  -0.0000078490
        0.0000013522  -0.0000005835  -0.0000030092  -0.0000002942  -0.0000027241
       -0.0000060165  -0.0000038340   0.0000007906  -0.0000005621   0.0000072541
        0.0000050630   0.0000025357  -0.0000011893   0.0000042620   0.0000021020
        0.0000038507  -0.0000412115  -0.0000686027  -0.0000480642  -0.0001622006
       -0.0002086241  -0.0000401396  -0.0001449674   0.0001886504  -0.0001324969
        0.0000164171   0.0003590333   0.0000150770   0.0085228985  -0.0048793015
       -0.0002102074   0.0000224720   0.0001209282  -0.0000655203  -0.0007674414
       -0.0013677874  -0.0009978311   0.0000103172  -0.0001313875   0.0000483177
        0.0004705962   0.0002705420  -0.0003603241   0.0020672615  -0.0003400824
        0.0023164173   0.0907259480  -0.0865570057  -0.0245913859   0.0001928066
       -0.0000282337   0.0001044219  -0.0000672711  -0.0000832462  -0.0000209135
       -0.0000140670  -0.0000592547  -0.0000692228  -0.0000989398  -0.0000142791
        0.0001641635   0.0003265774  -0.0020169961  -0.0016754358   0.0001174507
       -0.0001058698  -0.0000471436   0.0000557980  -0.0000031000   0.0000402010
       -0.0000285723  -0.0000115994   0.0000014356  -0.0000022143  -0.0000089278
       -0.0000173086   0.0000869580  -0.0005573303   0.0000774010  -0.0001237076
       -0.0000271148  -0.0002741704  -0.0002133040  -0.0000887861   0.0001159508
        0.0006082911  -0.0003744670  -0.0000773413  -0.0000138092   0.0003048349
       -0.0000134305  -0.1081288413   0.1012112603   0.0304152243  -0.0174129849
        0.0082656142   0.0056930945   0.0243363079  -0.0149017808  -0.0104577196
       -0.0003695884   0.0009542136   0.0000944665  -0.0000576788  -0.0000107579
       -0.0000136974  -0.0000102694   0.0000632116  -0.0000432997   0.0000516038
        0.0000155858   0.0000074361   0.0000085205   0.0000091792   0.0000143296
       -0.0000071583  -0.0000007115  -0.0000118758   0.0000109945  -0.0000001274
       -0.0000049108  -0.0000143937   0.0000240658  -0.0000089918  -0.0000096765
        0.0000001526  -0.0000006231   0.0000471291   0.0001923507   0.0000296997
        0.0000043710   0.0000260549  -0.0000286661  -0.0001087831   0.0000385750
       -0.0000005214   0.0000123257  -0.0000123002   0.0000137308   0.0000162854
       -0.0000133565  -0.0000078837  -0.0000018355  -0.0000017923   0.0000000291
       -0.0000072061  -0.0000008654   0.0000003602   0.0000005433   0.0000000893
       -0.0000010481
       -0.0003371300   0.0002554534  -0.0001750864   0.0000185433  -0.0000025939
        0.0000018607   0.0000041029   0.0000014135   0.0000123279   0.0000147807
        0.0000128998  -0.0000002606  -0.0000008276   0.0000018426   0.0000025414
       -0.0000029437   0.0000046118   0.0000080693  -0.0000054111  -0.0000024537
       -0.0000026863  -0.0000036000  -0.0000022290  -0.0000030685  -0.0000007865
       -0.0000009218  -0.0000019721   0.0000002248   0.0000011947   0.0000027127
        0.0000026088   0.0000036076  -0.0000019143   0.0000029363   0.0000025418
        0.0000014952  -0.0000771041  -0.0000173689  -0.0001224627   0.0004761449
        0.0001291749   0.0000519981   0.0000425465  -0.0002318579  -0.0002017764
       -0.0003565801  -0.0000315377   0.0000347935  -0.0204819211   0.0110435060
        0.0054666944  -0.0000454840  -0.0001095886  -0.0001116544  -0.0003274980
       -0.0007186123  -0.0006652440   0.0000537360  -0.0000163031  -0.0000628788
       -0.0001097481  -0.0003015325   0.0009392767  -0.0028514642   0.0017173498
       -0.0030959674   0.0507594837  -0.0248092942  -0.0556242948  -0.0008556209
        0.0006802000  -0.0014502505   0.0000815481   0.0000245549   0.0000680386
        0.0000388360  -0.0000452051  -0.0000530201   0.0002361512   0.0001435613
        0.0000757373   0.0000521768  -0.0019875956  -0.0000680053   0.0000343531
       -0.0000859380  -0.0000568328   0.0000143137   0.0000102229   0.0000363037
        0.0000266158   0.0000318585   0.0000171120   0.0000028782  -0.0000170362
       -0.0000042430   0.0000576358   0.0000985119   0.0000434400  -0.0000405557
       -0.0002107887   0.0002352053  -0.0000906085  -0.0000670162  -0.0000856290
       -0.0009346313   0.0009394477   0.0002564168   0.0000308760   0.0001114672
       -0.0000949943  -0.0597191653   0.0304152243   0.0662079537   0.0164637944
       -0.0067156985  -0.0049221651   0.0159654664  -0.0098970998  -0.0053700199
        0.0015025337   0.0000039508  -0.0017690304   0.0001944839  -0.0000791174
        0.0002812138   0.0000414952   0.0000079158   0.0000251077  -0.0000272620
       -0.0001150622   0.0000295784   0.0000292351   0.0000288104  -0.0000226594
       -0.0000000624   0.0000179041  -0.0000114945  -0.0000106156  -0.0000001484
       -0.0000002331   0.0000162608  -0.0000176699   0.0000080326   0.0000016971
        0.0000075608   0.0000024035   0.0000026750  -0.0001493682   0.0001439118
        0.0000558751  -0.0000736009   0.0000604421   0.0000075271   0.0000382535
       -0.0000363179   0.0000403811  -0.0000157685   0.0000085107   0.0000016897
       -0.0000095658  -0.0000016378   0.0000043416   0.0000001580   0.0000011334
        0.0000018662  -0.0000017100  -0.0000053934  -0.0000007947  -0.0000005151
       -0.0000011180
       -0.0010270521   0.0004367650  -0.0007519261  -0.0000082440  -0.0000495525
        0.0000155392   0.0000330939   0.0000414491   0.0000232045   0.0000211521
        0.0000126363   0.0000060130  -0.0000058246   0.0000103978  -0.0000067109
        0.0000016320  -0.0000066635  -0.0000004088  -0.0000095787   0.0000005160
        0.0000043820  -0.0000185000  -0.0000163025   0.0000047672  -0.0000088528
       -0.0000051792   0.0000098384   0.0000027978   0.0000080617   0.0000154734
        0.0000060970   0.0000073574  -0.0000012512   0.0000073428   0.0000072307
        0.0000055474   0.0001142713   0.0000083997   0.0000430392   0.0004915687
        0.0000409592  -0.0007136923   0.0001112018  -0.0003102121   0.0005646644
        0.0001470297  -0.0001846710   0.0002258795   0.0079336122   0.0087434509
       -0.0063759852  -0.0000113765  -0.0000079260   0.0001064223   0.0001153316
       -0.0000295674  -0.0001762899  -0.0000350890   0.0000556309  -0.0000378602
       -0.0011295813   0.0005636303  -0.0019392880   0.0003023687   0.0000055276
       -0.0006967383  -0.1193310852  -0.0873121555   0.0732479925  -0.0000559538
       -0.0000923391   0.0001450199   0.0000331515   0.0000619820  -0.0000146331
       -0.0000015125  -0.0000023271   0.0000088600   0.0004019352   0.0001626692
       -0.0000333789  -0.0004886630  -0.0001306161   0.0003120907  -0.0000815962
       -0.0000791930  -0.0001395026  -0.0000254531  -0.0000007976  -0.0000379499
        0.0000284436  -0.0000176627  -0.0000288115  -0.0000227577   0.0000115096
        0.0000149337  -0.0000521068   0.0002009705   0.0000177985   0.0003293301
        0.0004411204  -0.0006452643  -0.0002009469   0.0005031898  -0.0000975448
       -0.0001350677   0.0000481922   0.0000149173  -0.0001477422   0.0000031601
        0.0000130063  -0.0200022274  -0.0174129849   0.0164637944   0.1359150731
        0.1007817749  -0.0828537829  -0.0036623555  -0.0060002815   0.0029928071
        0.0000982626  -0.0001726041  -0.0001677316   0.0000923341  -0.0000071500
       -0.0000601506   0.0001436811   0.0002414583   0.0001736065  -0.0000093405
       -0.0006185213  -0.0000792312  -0.0000148709   0.0001994684   0.0000864825
       -0.0000165216   0.0000702009  -0.0000366587  -0.0000227299   0.0000039553
        0.0000147618   0.0000565442  -0.0000594864   0.0000315253   0.0000197393
        0.0000360946  -0.0000035921  -0.0001168840  -0.0001162707   0.0002280867
        0.0001765841  -0.0001013246   0.0001341837  -0.0000900712   0.0000582875
       -0.0000191412   0.0001217225   0.0000111362  -0.0000026529   0.0000210416
       -0.0000390362  -0.0000091215   0.0000027892   0.0000002963   0.0000057736
        0.0000024990  -0.0000061830  -0.0000019721   0.0000013542   0.0000015291
        0.0000008601
        0.0004923514   0.0004889757   0.0003388449  -0.0000253984  -0.0000428963
       -0.0000244234  -0.0000088968  -0.0000200275  -0.0000465610  -0.0000314993
       -0.0000353981   0.0000089329  -0.0000043491  -0.0000012097  -0.0000200510
        0.0000002334   0.0000019735   0.0000030922  -0.0000077675  -0.0000068771
        0.0000036563  -0.0000032312   0.0000054201   0.0000059225  -0.0000157624
       -0.0000173149  -0.0000010881  -0.0000037556  -0.0000044233  -0.0000017340
       -0.0000048200  -0.0000055714  -0.0000040523   0.0000001201  -0.0000036726
       -0.0000038888  -0.0001172122  -0.0000621860   0.0001077305   0.0003238657
       -0.0002563299  -0.0009528501  -0.0009723353   0.0002756146  -0.0007079543
       -0.0000613278   0.0001546414   0.0001916867  -0.0039410663  -0.0066093876
        0.0082859105   0.0000018016  -0.0000174668   0.0000337462   0.0001570866
       -0.0001846737  -0.0001901067   0.0000057509  -0.0000539023  -0.0000420124
        0.0010918135  -0.0004382487   0.0013006939  -0.0003314590   0.0000106561
        0.0001076548  -0.0872594329  -0.1443263964   0.0835679970   0.0000205043
        0.0000673561  -0.0001226599  -0.0000306718  -0.0000402115  -0.0000018212
        0.0000060495   0.0000065624  -0.0000079310  -0.0000545215  -0.0003664107
       -0.0003172933   0.0001091454   0.0001558171  -0.0000206217  -0.0000531835
       -0.0000726821   0.0000232659   0.0000003799  -0.0000193292   0.0000360544
       -0.0000281313   0.0000099917  -0.0000208589  -0.0000001518  -0.0000139940
       -0.0000088379   0.0001970906   0.0001714415  -0.0000766958  -0.0002311155
       -0.0000942130   0.0003942351   0.0008142353  -0.0002957137   0.0000654455
        0.0000097513   0.0001422566  -0.0002420528  -0.0000718508  -0.0000528002
        0.0000789185   0.0071956909   0.0082656142  -0.0067156985   0.1007817749
        0.1651189585  -0.0974524201  -0.0175817366  -0.0217200515   0.0126494475
       -0.0000495273  -0.0000245807   0.0001490198  -0.0000040976   0.0000328857
       -0.0000890506  -0.0000189236  -0.0002295711  -0.0001386035  -0.0001897558
        0.0003595243   0.0001778247   0.0001456330  -0.0001018911  -0.0001804256
        0.0000230014  -0.0000353386  -0.0000159783   0.0000400119   0.0000175639
        0.0000034492  -0.0000468279  -0.0000339945   0.0000814080   0.0000123835
       -0.0000317285   0.0000080808  -0.0000423039   0.0000123895  -0.0001108649
       -0.0000681178  -0.0000340314  -0.0001322508  -0.0000123904   0.0000238974
        0.0000817212  -0.0001387852  -0.0000683068  -0.0000504833   0.0000003340
        0.0000057348   0.0000005321  -0.0000106714   0.0000004027  -0.0000078185
       -0.0000016675  -0.0000056259   0.0000019763  -0.0000062642  -0.0000012207
       -0.0000001589
       -0.0021964426   0.0005131667  -0.0006572874  -0.0000113181  -0.0000729784
       -0.0000524705   0.0000329707   0.0000358841   0.0000297395   0.0000561480
        0.0000468575   0.0000381958  -0.0000045986   0.0000061301   0.0000047652
       -0.0000003008  -0.0000049467  -0.0000246016  -0.0000024914   0.0000081251
       -0.0000012703  -0.0000061355  -0.0000081540   0.0000093830   0.0000115701
        0.0000081447  -0.0000066178   0.0000089338   0.0000095024   0.0000139283
        0.0000141105   0.0000156644   0.0000049293   0.0000116526   0.0000076979
        0.0000092922   0.0001714622   0.0001865346  -0.0000603917   0.0002896302
       -0.0004677449   0.0006705560   0.0017921869   0.0009848072   0.0003358965
       -0.0000623151   0.0001890375  -0.0006840691   0.0113378509   0.0178558064
       -0.0194713505   0.0000102150   0.0000223633  -0.0000352371  -0.0000554793
        0.0001700841   0.0001193572  -0.0000138250   0.0000411011   0.0000822306
       -0.0028874147   0.0019427105  -0.0044211098   0.0004684855  -0.0005519158
        0.0002916197   0.0730915882   0.0826034523  -0.1106893005  -0.0001097115
        0.0001577806  -0.0000065729   0.0000140309  -0.0000130811   0.0001025728
       -0.0000260997  -0.0000144321   0.0000438619  -0.0001882878  -0.0006571009
        0.0000507609   0.0004541348   0.0000031182  -0.0001756933  -0.0000176588
        0.0001341575   0.0002042206   0.0000501572   0.0000158408   0.0000340852
       -0.0000590437  -0.0000668215  -0.0000126379   0.0000084318   0.0000321732
        0.0000388250  -0.0002191611  -0.0002371642   0.0000096881   0.0007077084
        0.0006563924  -0.0011934667  -0.0002096408   0.0001054840   0.0003549355
        0.0000744270  -0.0000528985   0.0000673511  -0.0000625876  -0.0000455851
       -0.0000521105   0.0082614191   0.0056930945  -0.0049221651  -0.0828537829
       -0.0974524201   0.1298307028  -0.0089617727  -0.0111560645   0.0091441536
        0.0000033147   0.0000538708   0.0001128815  -0.0000573770  -0.0000907454
        0.0001311540   0.0002101098   0.0000007647   0.0000352168  -0.0002627909
       -0.0003922120   0.0002525861   0.0001861945   0.0001549474  -0.0000560089
        0.0000325283   0.0000309755  -0.0000535509   0.0000270433   0.0000228363
       -0.0000261538   0.0000171116   0.0000346845   0.0000772521  -0.0000167871
       -0.0000050837  -0.0000241567   0.0001542788  -0.0002801709   0.0003653322
        0.0004072853  -0.0002066047   0.0002759314  -0.0000355614   0.0000208832
        0.0000328528   0.0003358575   0.0000707855  -0.0001106274   0.0000428736
       -0.0000584371  -0.0000358702   0.0000093347   0.0000038387  -0.0000015785
        0.0000178832  -0.0000048562  -0.0000033148   0.0000096549   0.0000007202
        0.0000033563
        0.0000908965  -0.0002880573  -0.0002751076   0.0000015126   0.0000192951
        0.0000184843  -0.0000016831   0.0000108443   0.0000129409   0.0000024988
        0.0000059254  -0.0000074444   0.0000000793  -0.0000020562   0.0000136477
        0.0000046977   0.0000001557   0.0000188349   0.0000014397  -0.0000018679
       -0.0000060569   0.0000036719  -0.0000011501  -0.0000076548   0.0000032870
        0.0000057446   0.0000043855   0.0000008855   0.0000022139   0.0000039071
        0.0000018454   0.0000017226   0.0000006401  -0.0000012352   0.0000024300
        0.0000024043   0.0007572127  -0.0005655436   0.0001370645   0.0002874953
        0.0003481619   0.0000343321  -0.0029087503  -0.0004133364  -0.0043675377
       -0.0004394254   0.0001239891  -0.0001015063  -0.0037021212  -0.0109682259
       -0.0089634982   0.0000131838   0.0000055284  -0.0000312526  -0.0001498715
        0.0003316607   0.0001885211   0.0000853122  -0.0001442412  -0.0000505847
       -0.0000250890   0.0000203811   0.0002099020   0.0000031735  -0.0006091757
       -0.0007019669  -0.0502740966  -0.0340519288  -0.0227431272  -0.0001979971
        0.0000089012   0.0001877136  -0.0000041989  -0.0000148721   0.0000196273
        0.0000007308  -0.0000157778  -0.0000145459  -0.0000216442   0.0000440357
        0.0000467981   0.0001532095  -0.0001233370  -0.0000468071   0.0001486970
        0.0001252041   0.0000511140   0.0000259579   0.0000058187   0.0000278496
        0.0000261119   0.0000358187   0.0000035379  -0.0000023010  -0.0000330250
       -0.0000260368   0.0001720030  -0.0001083804   0.0002590559  -0.0000376835
       -0.0000235695   0.0000072577  -0.0006433934  -0.0002696476  -0.0001230912
       -0.0000016475  -0.0000571899   0.0001811582  -0.0002269048   0.0009046612
       -0.0006517821   0.0029437301   0.0243363079   0.0159654664  -0.0036623555
       -0.0175817366  -0.0089617727   0.0580380973   0.0385413528   0.0295155880
        0.0001193636   0.0000688506  -0.0000201300   0.0000347563  -0.0000344464
        0.0001047198  -0.0000162008   0.0000989412   0.0000719620   0.0000683310
       -0.0000441260  -0.0001710536  -0.0000568984   0.0000008748   0.0001142742
       -0.0000034778  -0.0000049067   0.0000284607  -0.0000075196  -0.0000053483
       -0.0000015314   0.0000105647   0.0000004062  -0.0000166531  -0.0000005319
        0.0000135735  -0.0000019498  -0.0005435986   0.0001770458   0.0000069918
       -0.0000662739   0.0001025540   0.0000328456   0.0000067427  -0.0000360425
       -0.0000581562   0.0000009123   0.0000419600   0.0000633783  -0.0000189457
        0.0000137613   0.0000101819   0.0000072095  -0.0000037359   0.0000091732
       -0.0000063677   0.0000014091  -0.0000008591   0.0000066027   0.0000021950
       -0.0000021124
        0.0002706006  -0.0002847616  -0.0001853854   0.0000413493   0.0000618198
        0.0000605257  -0.0000062279   0.0000057681   0.0000345055   0.0000082529
        0.0000092877  -0.0000239819   0.0000043319  -0.0000012311   0.0000099989
        0.0000086939  -0.0000021687   0.0000086585   0.0000060344   0.0000025290
        0.0000008424   0.0000058467   0.0000004287  -0.0000040867   0.0000083967
        0.0000056496   0.0000037828   0.0000021841  -0.0000061270  -0.0000043941
       -0.0000017104  -0.0000062286   0.0000025212  -0.0000014771  -0.0000064928
        0.0000000381   0.0002950999  -0.0000158466   0.0001089893  -0.0002573838
        0.0001297656  -0.0002454089   0.0005162022   0.0000796100   0.0009170724
        0.0001139758  -0.0001275396   0.0001506024  -0.0000132803   0.0041647751
        0.0016779670   0.0000065081   0.0000013824   0.0000408706   0.0002583515
       -0.0003469753  -0.0001335398   0.0000034080   0.0000505212   0.0000149498
        0.0002156096  -0.0000193960   0.0002577526   0.0011309643   0.0003410902
        0.0011539359  -0.0351634504  -0.2047304269  -0.1109251331   0.0001336678
       -0.0000585941  -0.0000706551   0.0000143263   0.0000256237  -0.0000057672
       -0.0000087882   0.0000341147   0.0000520864   0.0001301806   0.0002079640
       -0.0000648055  -0.0003542530  -0.0001643056  -0.0001380694  -0.0000901554
       -0.0000029733  -0.0001095336  -0.0000090261   0.0000090748  -0.0000252208
        0.0000604721   0.0000261793   0.0000060473   0.0000091457   0.0000136723
        0.0000182469   0.0000578458   0.0002605324   0.0001128017   0.0000323642
       -0.0000348771   0.0001084008  -0.0003042884  -0.0000552597  -0.0000596275
        0.0001824339  -0.0000600180   0.0002404949   0.0006390410   0.0000004230
        0.0005901825   0.0000019431  -0.0149017808  -0.0098970998  -0.0060002815
       -0.0217200515  -0.0111560645   0.0385413528   0.2368296946   0.1275000149
       -0.0000945845  -0.0001211511  -0.0001006538  -0.0000240993   0.0000432454
       -0.0000176430  -0.0000437490   0.0000632437   0.0000784052   0.0001185677
       -0.0000314528  -0.0002114112  -0.0001158153   0.0000120662   0.0001452409
       -0.0000113984  -0.0000195819   0.0000520580  -0.0000135531  -0.0000037855
        0.0000053566   0.0000102815   0.0000012985  -0.0000458578   0.0000098396
        0.0000252289   0.0000057910  -0.0002711063   0.0002533156   0.0000420749
       -0.0000710955   0.0000568744   0.0000440134   0.0000866052  -0.0000482061
       -0.0000919055  -0.0000382272   0.0000287769   0.0000692221  -0.0000240104
        0.0000245598   0.0000091765  -0.0000000875  -0.0000038864  -0.0000035817
       -0.0000028778   0.0000089104   0.0000001075  -0.0000029503  -0.0000043080
       -0.0000029083
       -0.0002695046  -0.0003451555  -0.0003406250   0.0000372911   0.0000366244
        0.0000248473  -0.0000093437   0.0000087862   0.0000280585   0.0000279623
        0.0000256560  -0.0000159891   0.0000028390   0.0000037271   0.0000189374
        0.0000117516  -0.0000024179   0.0000183489   0.0000054072   0.0000063889
       -0.0000063299   0.0000020887   0.0000016204   0.0000015232   0.0000063202
        0.0000072939   0.0000054897   0.0000029730  -0.0000010027  -0.0000049700
       -0.0000035855  -0.0000035808   0.0000034898  -0.0000038350  -0.0000045115
       -0.0000021394   0.0011385096  -0.0007533831   0.0002426248   0.0004532067
        0.0005733655   0.0003901066  -0.0037722911   0.0003700978  -0.0057741472
       -0.0003506807   0.0001518594  -0.0001961719  -0.0075358301  -0.0195105612
       -0.0169153232  -0.0000444364  -0.0000166323   0.0000469184   0.0001180135
       -0.0000723512   0.0001098664   0.0001035455  -0.0001381004  -0.0000951764
       -0.0004407992  -0.0003242348  -0.0000197286   0.0009816729  -0.0010818480
        0.0007250647  -0.0229556693  -0.1102598737  -0.1167335394   0.0001170003
        0.0000751450  -0.0001208430   0.0000177700   0.0000003242   0.0000553202
        0.0000004465   0.0000748795   0.0000770217  -0.0000106393   0.0000045082
       -0.0000818290  -0.0000527491  -0.0001000349  -0.0001026019  -0.0000947491
        0.0000571692   0.0000210194   0.0000262734   0.0000070299   0.0000404740
        0.0000403990   0.0000492928   0.0000015041  -0.0000026792  -0.0000275124
        0.0000009459   0.0003804005   0.0005342903  -0.0004632205   0.0001475148
        0.0000763565   0.0002025543  -0.0001732041   0.0000610101   0.0001288293
        0.0003608363  -0.0002039759   0.0001619254  -0.0004036104   0.0008056637
       -0.0000104460   0.0004743723  -0.0104577196  -0.0053700199   0.0029928071
        0.0126494475   0.0091441536   0.0295155880   0.1275000149   0.1346351072
       -0.0000216771  -0.0001169100  -0.0000411819  -0.0000443217   0.0000309878
        0.0000264536  -0.0000314161   0.0000625517   0.0001281842  -0.0000216425
       -0.0000553240  -0.0001562434  -0.0000447380  -0.0000377154   0.0000694637
        0.0000241412  -0.0000026817   0.0000341135  -0.0000007454   0.0000046327
        0.0000048048   0.0000040315  -0.0000184547   0.0000213838   0.0000063229
        0.0000053117  -0.0000041128  -0.0007557021   0.0002438552   0.0000392682
       -0.0000792233   0.0001132579   0.0000705688   0.0001348517  -0.0001075490
       -0.0000490965   0.0000184164   0.0000769021   0.0000197229  -0.0000299864
        0.0000216391   0.0000086018   0.0000007650  -0.0000036039  -0.0000031828
       -0.0000013797   0.0000058669   0.0000031503   0.0000009207  -0.0000004222
       -0.0000029285
       -0.0003294987   0.0003092964  -0.0004086277  -0.0000167558  -0.0000401909
        0.0000023612   0.0000158417   0.0000235400   0.0000116815   0.0000004776
       -0.0000034594   0.0000087777  -0.0000027053   0.0000004886   0.0000103172
        0.0000141170   0.0000071513   0.0000010654  -0.0000031388  -0.0000020703
       -0.0000017772  -0.0000010908   0.0000002286  -0.0000027146   0.0000081583
        0.0000065407  -0.0000032524   0.0000054587   0.0000052653   0.0000063376
        0.0000017330   0.0000025419   0.0000019802   0.0000004815   0.0000000266
        0.0000028757  -0.0002699304   0.0001561569  -0.0002308302   0.0000668351
       -0.0000314314   0.0000319314   0.0000082909  -0.0001770935   0.0002767237
       -0.0001172682   0.0008516059  -0.0005523505  -0.0000886447   0.0001520107
       -0.0010924370  -0.0132971356   0.0043826536  -0.0146491711  -0.0002531280
        0.0000209815  -0.0003033582  -0.0000224005  -0.0001160918   0.0000682248
       -0.0146779952   0.0116219227  -0.0112380500   0.0000348809  -0.0000298647
        0.0001595786  -0.0003260530   0.0002536961  -0.0001171036  -0.1369636976
        0.0593488891  -0.0964013880  -0.0020222209  -0.0026844284  -0.0022842051
        0.0006240719   0.0002557727   0.0003342156   0.0000981594   0.0000342700
        0.0000343997   0.0005635421  -0.0009646086   0.0008518527   0.0000924299
        0.0000480943   0.0000793540   0.0001516474  -0.0000074357   0.0000983564
        0.0000345941   0.0000037859   0.0000391704   0.0000272719   0.0000485588
       -0.0000167377   0.0006214312  -0.0003729636  -0.0001248237  -0.0024696701
        0.0032449965   0.0015918068   0.0000230859  -0.0000473381   0.0000287307
        0.0001670835  -0.0000553507   0.0000128461   0.0000184257  -0.0000101069
       -0.0000742540   0.0006458840  -0.0003695884   0.0015025337   0.0000982626
       -0.0000495273   0.0000033147   0.0001193636  -0.0000945845  -0.0000216771
        0.1579114990  -0.0693211480   0.1121707811   0.0091581730  -0.0060108410
        0.0096748206   0.0000594202  -0.0001077059   0.0001048572  -0.0000927471
        0.0000105268  -0.0000339864   0.0000663004  -0.0000237187   0.0000368989
        0.0000241601  -0.0000252226   0.0000203371   0.0000078444   0.0000045797
       -0.0000097344   0.0000059226  -0.0000075780   0.0000299051  -0.0000009487
       -0.0000077194   0.0000001184   0.0001153431  -0.0001646318   0.0002814819
        0.0000615868  -0.0000775949   0.0001336357   0.0000605940   0.0000264632
       -0.0000846054   0.0000269456  -0.0000116707   0.0000370499  -0.0000062299
        0.0000005125   0.0000005795   0.0000111791  -0.0000019273   0.0000057348
        0.0000070308  -0.0000025388  -0.0000041877   0.0000037323  -0.0000021252
        0.0000006361
       -0.0000243660  -0.0001232113   0.0000770836  -0.0000095211  -0.0000069984
       -0.0000170329   0.0000030922   0.0000124158  -0.0000042365   0.0000028019
        0.0000021707   0.0000052541  -0.0000050385  -0.0000043580  -0.0000054392
        0.0000038116  -0.0000146846  -0.0000041497  -0.0000005803  -0.0000020524
        0.0000019511  -0.0000023288  -0.0000032257   0.0000011861  -0.0000025205
       -0.0000045654   0.0000021588   0.0000031445   0.0000015960   0.0000089984
        0.0000035607   0.0000017072  -0.0000005335   0.0000042272   0.0000021210
        0.0000030316  -0.0000538791  -0.0001288438  -0.0000126247   0.0000284709
       -0.0000097981   0.0000125347  -0.0000573160  -0.0001197142  -0.0000904576
        0.0003027823   0.0006419842   0.0001091573  -0.0003021868   0.0005299081
        0.0004908956  -0.0135147322   0.0074636996  -0.0147649831  -0.0007318247
       -0.0006790528  -0.0003019657  -0.0000039929  -0.0002038280   0.0000719071
        0.0157553043  -0.0115814188   0.0119871561   0.0000012533  -0.0000088946
       -0.0001228933  -0.0000866998  -0.0000903936   0.0001395319   0.0592536482
       -0.0804191263   0.0636386593  -0.0032547555  -0.0023704805  -0.0024752573
       -0.0001634771   0.0007274078  -0.0000739292   0.0001962038   0.0001593078
        0.0000676087  -0.0004725540  -0.0010397109   0.0009260963  -0.0000068046
       -0.0001260511  -0.0000923615   0.0001169448  -0.0000115983   0.0000324925
        0.0000101382  -0.0000193583   0.0000480128  -0.0000168491   0.0000532989
       -0.0000144890   0.0000982958   0.0000552584   0.0004587174   0.0033783914
       -0.0027683010  -0.0020809800  -0.0000540234   0.0000509099  -0.0000239585
       -0.0001469500   0.0000040720  -0.0000208312   0.0000181041  -0.0000111299
        0.0000733165  -0.0002262983   0.0009542136   0.0000039508  -0.0001726041
       -0.0000245807   0.0000538708   0.0000688506  -0.0001211511  -0.0001169100
       -0.0693211480   0.0965660554  -0.0723890821   0.0092515519  -0.0075930977
        0.0144678279   0.0000042881   0.0000627313  -0.0000317691   0.0000044573
       -0.0000292884   0.0000046233   0.0000110134   0.0000093688   0.0000038760
       -0.0000028560   0.0000095104  -0.0000072135   0.0000055427  -0.0000010294
       -0.0000007845  -0.0000065877   0.0000031067   0.0000016451  -0.0000033236
        0.0000031144   0.0000007006   0.0001037427   0.0001873022  -0.0000266956
        0.0000366235   0.0000185240  -0.0000188455  -0.0000630844  -0.0000020084
        0.0000347661   0.0000348883   0.0000118561  -0.0000221393   0.0000116930
       -0.0000114968  -0.0000061542  -0.0000040109  -0.0000018616  -0.0000004774
       -0.0000038859  -0.0000020016   0.0000012934   0.0000013727   0.0000016719
       -0.0000021098
       -0.0000357717  -0.0000095490  -0.0001379123   0.0000174232   0.0000226563
        0.0000453623   0.0000102882   0.0000184727   0.0000022993  -0.0000007494
       -0.0000032106  -0.0000144417  -0.0000020384  -0.0000054889  -0.0000084328
        0.0000160579   0.0000013964  -0.0000024387   0.0000078744   0.0000076354
        0.0000005687   0.0000003198   0.0000010818   0.0000025937  -0.0000015557
       -0.0000016143   0.0000101783   0.0000056530   0.0000021815   0.0000007854
       -0.0000052167  -0.0000051100   0.0000002630  -0.0000013661  -0.0000032618
       -0.0000043739   0.0001359248  -0.0000093968  -0.0001125156  -0.0000739613
        0.0000095493  -0.0000099739   0.0000810301  -0.0000825152  -0.0000655014
        0.0001154037   0.0004559330   0.0002692196  -0.0002959306   0.0002053757
        0.0002751543  -0.0117160623   0.0029326900  -0.0118495772   0.0004053082
        0.0003622420  -0.0000282171  -0.0000437555  -0.0000496674  -0.0000006944
        0.0070709834  -0.0048138666   0.0085796293  -0.0000399741  -0.0000201576
       -0.0001530126   0.0012106986  -0.0005826727  -0.0008479366  -0.0961782006
        0.0635666659  -0.1438410050  -0.0022167275  -0.0026010401  -0.0010608566
       -0.0000211208   0.0001790383  -0.0000923240   0.0000857418  -0.0000240101
       -0.0000696407   0.0004317529   0.0008689887   0.0004608593  -0.0000644314
       -0.0001293663  -0.0000468806   0.0001187356  -0.0000269498   0.0000411068
        0.0000695826   0.0000091339   0.0000388626  -0.0000077570   0.0000297101
       -0.0000324372   0.0001128033   0.0002068639   0.0005345240   0.0021044004
       -0.0018463435  -0.0002502425   0.0000180711   0.0000096226  -0.0000249862
       -0.0000520075   0.0000066919   0.0000017211   0.0000063551   0.0000145815
        0.0000259122   0.0007163571   0.0000944665  -0.0017690304  -0.0001677316
        0.0001490198   0.0001128815  -0.0000201300  -0.0001006538  -0.0000411819
        0.1121707811  -0.0723890821   0.1700097593  -0.0137863829   0.0135838235
       -0.0201924887   0.0000049633  -0.0000666321   0.0000241187  -0.0000320907
        0.0000807749  -0.0000155928  -0.0000000143  -0.0000400745   0.0000158487
        0.0000105583  -0.0000137778   0.0000154958  -0.0000023121   0.0000007071
       -0.0000018480   0.0000074423   0.0000035988   0.0000078683  -0.0000022829
       -0.0000083667   0.0000005510  -0.0001721321   0.0000003034   0.0001916387
       -0.0000212669   0.0000198081   0.0000120382   0.0000627745  -0.0000505772
       -0.0000033614  -0.0000213547   0.0000229016   0.0000018290  -0.0000153263
        0.0000155003   0.0000039264   0.0000017108  -0.0000005227  -0.0000048833
        0.0000008909   0.0000040396  -0.0000011186  -0.0000022352  -0.0000015472
       -0.0000020892
        0.0003882752  -0.0001470048   0.0000713793   0.0000214914   0.0000241850
        0.0000095970  -0.0000294844  -0.0000109286   0.0000137941   0.0000025028
        0.0000020500  -0.0000150847   0.0000024842   0.0000024694   0.0000194247
        0.0000095449  -0.0000041420   0.0000233888   0.0000064933   0.0000053189
       -0.0000073583   0.0000094761   0.0000081469  -0.0000080475   0.0000088234
        0.0000093735   0.0000001457  -0.0000012726  -0.0000069473  -0.0000115464
       -0.0000033370  -0.0000039432  -0.0000004180  -0.0000045721  -0.0000056799
       -0.0000052146   0.0002856057  -0.0000914489   0.0001355758  -0.0000008101
        0.0001487291  -0.0001534340   0.0001966846   0.0002008259  -0.0003014158
       -0.0016016368  -0.0025914681  -0.0020445046  -0.0020769267   0.0030485321
        0.0016682652  -0.0115695567  -0.0123947185   0.0106883246   0.0000280300
        0.0000979224  -0.0000041013  -0.0006949038  -0.0005203350   0.0005315795
       -0.0127098568  -0.0059580217   0.0163983626  -0.0007281685  -0.0003390685
        0.0007236308   0.0000604378  -0.0000331965  -0.0001570697  -0.1071289229
       -0.0577052474   0.0850055561  -0.0001465155  -0.0000109607   0.0004902436
        0.0004680744   0.0002384192   0.0000391093   0.0000987796   0.0000575636
       -0.0000013981  -0.0000374856  -0.0001243269   0.0001227461   0.0000207937
        0.0000358089  -0.0000013977   0.0000320897   0.0000227495   0.0000489633
       -0.0001168395  -0.0000742155  -0.0001723878   0.0000404497   0.0000155542
        0.0000202157   0.0004925442  -0.0001451962  -0.0001843796  -0.0000929148
       -0.0004864127   0.0001746344  -0.0001843035   0.0001614507   0.0000452755
        0.0000416724  -0.0000539449   0.0000185587   0.0000441796  -0.0000405976
       -0.0000017136  -0.0000284915  -0.0000576788   0.0001944839   0.0000923341
       -0.0000040976  -0.0000573770   0.0000347563  -0.0000240993  -0.0000443217
        0.0091581730   0.0092515519  -0.0137863829   0.1260790297   0.0674124864
       -0.0993909700  -0.0000631028  -0.0000233024   0.0000435477   0.0000319572
        0.0000818074  -0.0001060706  -0.0000766268  -0.0000536925   0.0000577069
        0.0000121250  -0.0000214831   0.0000391452  -0.0000048519   0.0000039147
        0.0000009024   0.0000020341   0.0000032091  -0.0000031426   0.0000017052
       -0.0000041307  -0.0000045804  -0.0002252397   0.0000547528  -0.0000801537
       -0.0001397985   0.0000725550  -0.0000634200   0.0001406213  -0.0000868375
        0.0000099124  -0.0001171671   0.0000280632   0.0000050582  -0.0000359119
        0.0000405922   0.0000123420   0.0000010126  -0.0000031391  -0.0000017332
        0.0000023101  -0.0000007334  -0.0000000291   0.0000042063  -0.0000010326
       -0.0000042160
        0.0002071636  -0.0002949200  -0.0000383034  -0.0000029069   0.0000128334
        0.0000024302  -0.0000090153   0.0000138768   0.0000174948   0.0000079742
        0.0000063513  -0.0000122497   0.0000033217   0.0000028180   0.0000182657
        0.0000103173  -0.0000107511   0.0000133362   0.0000063001   0.0000039783
       -0.0000023050   0.0000029919  -0.0000002312   0.0000018087   0.0000071011
        0.0000054351   0.0000024380   0.0000004447  -0.0000050671  -0.0000053064
       -0.0000038223  -0.0000067276   0.0000032883  -0.0000048770  -0.0000078126
       -0.0000023323   0.0001839591  -0.0001162628   0.0000421033   0.0000173052
        0.0001886067  -0.0000584136  -0.0000236246  -0.0001746590  -0.0000646923
       -0.0024679704  -0.0029625383  -0.0025594929   0.0023944975  -0.0021083390
       -0.0016466548  -0.0147196202  -0.0141548258   0.0138155505  -0.0001610579
       -0.0000374209   0.0000179916  -0.0009678092  -0.0006789992   0.0007082554
        0.0112634216   0.0073166414  -0.0140318986   0.0007068363   0.0003103138
       -0.0006790122   0.0000806362   0.0000721222   0.0001033610  -0.0579637330
       -0.0944122938   0.0803038581   0.0003290682   0.0007722055   0.0002544712
        0.0000700087  -0.0001093930   0.0003978649   0.0000659183   0.0000495374
       -0.0000826783  -0.0000119070   0.0001710873  -0.0001078924  -0.0000716896
        0.0000345529  -0.0000141804   0.0000557898   0.0000261749   0.0000226561
       -0.0001559168  -0.0001447674  -0.0002435667   0.0000263286   0.0000428002
        0.0000529430   0.0001067415   0.0005432936  -0.0000770460  -0.0000810269
        0.0006452275  -0.0002822117   0.0002157624  -0.0001481904  -0.0001313369
       -0.0000560240   0.0000022524  -0.0000152669  -0.0000151087   0.0000764221
        0.0000337053  -0.0001250654  -0.0000107579  -0.0000791174  -0.0000071500
        0.0000328857  -0.0000907454  -0.0000344464   0.0000432454   0.0000309878
       -0.0060108410  -0.0075930977   0.0135838235   0.0674124864   0.1122847892
       -0.0892056973  -0.0000508741   0.0000884886   0.0000570311   0.0000746558
       -0.0000419483  -0.0001802185  -0.0001129932  -0.0000009250   0.0001309965
        0.0000012021  -0.0000033921   0.0000383172  -0.0000092026  -0.0000006479
        0.0000070048   0.0000077383  -0.0000015217  -0.0000072951   0.0000044798
        0.0000063554  -0.0000041263  -0.0001117415   0.0002018079  -0.0000357030
       -0.0000729048   0.0000776144  -0.0000182812   0.0000519967  -0.0000552943
       -0.0000151169  -0.0000415607   0.0000332258   0.0000248240  -0.0000151610
        0.0000174767   0.0000054355  -0.0000026996  -0.0000021626  -0.0000028583
       -0.0000016607   0.0000043986   0.0000037108  -0.0000020366  -0.0000038716
        0.0000000459
       -0.0003744881   0.0000023819  -0.0000922496  -0.0000258124  -0.0000379755
       -0.0000341741   0.0000201929   0.0000248831  -0.0000034227   0.0000105010
        0.0000094231   0.0000097245  -0.0000029562   0.0000017729  -0.0000055995
       -0.0000012265  -0.0000105580  -0.0000063271  -0.0000045565  -0.0000019112
        0.0000017028  -0.0000098795  -0.0000076090   0.0000043105  -0.0000046646
       -0.0000051526  -0.0000018147   0.0000035200   0.0000057241   0.0000133256
        0.0000036735   0.0000054123  -0.0000015671   0.0000057253   0.0000058387
        0.0000039941  -0.0002491079   0.0000313529  -0.0001448646   0.0000205251
       -0.0000772856   0.0001818930   0.0000432341  -0.0000519337  -0.0001066886
       -0.0013579172  -0.0015026339  -0.0004734550   0.0018924272  -0.0025905474
       -0.0010738044  -0.0064431598  -0.0059396998   0.0076332801  -0.0000411182
        0.0001106598   0.0000266784  -0.0004178591  -0.0003026530   0.0002848561
        0.0105155415   0.0048661034  -0.0125089436   0.0006701384   0.0003018043
       -0.0006236379   0.0001682817  -0.0000626198  -0.0001049279   0.0853500869
        0.0802643088  -0.1587238818  -0.0001169372  -0.0003650474   0.0007417195
       -0.0001475834   0.0002258540   0.0003830935  -0.0000030514  -0.0000921494
        0.0001088188   0.0001277887  -0.0001610453   0.0000991646   0.0000545681
        0.0000348103   0.0000359255   0.0000557932  -0.0000051571   0.0000229045
       -0.0001359847  -0.0001165562  -0.0000408357   0.0000051340   0.0000482505
        0.0000251870  -0.0001009812   0.0001058152  -0.0002618087  -0.0003793558
        0.0002462795   0.0007713664   0.0001423209  -0.0001704475  -0.0000342818
       -0.0000330759   0.0000191990   0.0000018720  -0.0000259436   0.0000552385
       -0.0000017823   0.0000765189  -0.0000136974   0.0002812138  -0.0000601506
       -0.0000890506   0.0001311540   0.0001047198  -0.0000176430   0.0000264536
        0.0096748206   0.0144678279  -0.0201924887  -0.0993909700  -0.0892056973
        0.1834180587   0.0000527197   0.0001023962   0.0000042035  -0.0000077225
       -0.0001393386  -0.0000098587   0.0000241921   0.0000534001   0.0000277136
       -0.0000088691   0.0000208397  -0.0000152260   0.0000000139  -0.0000022778
       -0.0000006070  -0.0000035343  -0.0000075806   0.0000096078  -0.0000032898
        0.0000088029   0.0000000823   0.0001680388  -0.0000235547   0.0001834013
        0.0001331325  -0.0000412911   0.0000600617  -0.0001137876   0.0000438924
        0.0000069527   0.0001144012   0.0000080503  -0.0000182974   0.0000263678
       -0.0000328827  -0.0000138998   0.0000016604   0.0000011753   0.0000012885
       -0.0000019026  -0.0000006278  -0.0000034918  -0.0000001524   0.0000031272
       -0.0000020722
       -0.0229128148   0.0004323489   0.0066740955  -0.0001703446   0.0020326719
       -0.0042810005  -0.0011981268  -0.0009956028  -0.0005543631  -0.0017223078
       -0.0001635588  -0.0005194721   0.0002576216  -0.0001149597  -0.0004425843
       -0.0001661655   0.0000396324   0.0000011110   0.0003724592   0.0001177375
       -0.0004763927  -0.0005021110   0.0003330886  -0.0015007171   0.0000397462
       -0.0000749797  -0.0000429084  -0.0000853189  -0.0001451004  -0.0002258262
       -0.0001002231   0.0000274852  -0.0000047760  -0.0001013228  -0.0000453008
       -0.0001785765  -0.0074203413   0.0019992229  -0.0032047290  -0.0027812158
       -0.0110967624   0.0110878693  -0.0020085669  -0.0007250670   0.0031727255
       -0.0007209481  -0.0002037981   0.0001192531  -0.0004921139   0.0003003844
        0.0001242947  -0.0001770588   0.0002214789   0.0000842823   0.0000355658
       -0.0000158706   0.0000368000   0.0000492816  -0.0000029403  -0.0000805574
       -0.0001098112  -0.0001929725  -0.0001630207   0.0000883791  -0.0000876617
       -0.0000719709   0.0000604120  -0.0000708518  -0.0000445748   0.0000205740
        0.0000111601   0.0000109054   0.0000188489  -0.0000303046   0.0000421814
       -0.0000777479  -0.0000340521   0.0000628731   0.0001427757  -0.0001161324
        0.0001561310   0.0000066705  -0.0000354120  -0.0000173637   0.0000434586
        0.0000298509  -0.0000051513  -0.0001170445  -0.0000316683   0.0001324813
        0.0001454137   0.0001197603  -0.0004899125   0.0000058555   0.0000105773
       -0.0000494327  -0.0000853242  -0.0000583882   0.0000391607   0.0000115887
       -0.0000059730   0.0000483491   0.0000014534   0.0003527974  -0.0000153455
       -0.0000042592  -0.0000985496   0.0001025716  -0.0000407875  -0.0000000810
       -0.0000019536   0.0000448555  -0.0000102694   0.0000414952   0.0001436811
       -0.0000189236   0.0002101098  -0.0000162008  -0.0000437490  -0.0000314161
        0.0000594202   0.0000042881   0.0000049633  -0.0000631028  -0.0000508741
        0.0000527197   0.0981616435  -0.1306473287  -0.0518813936  -0.0856790211
        0.0882272667   0.0249697343   0.0119723516   0.0263024230   0.0263342160
        0.0067692800   0.0168242442  -0.0033369597   0.0005311738   0.0012117962
       -0.0009660887   0.0007802602  -0.0010952293   0.0017471030   0.0009843992
        0.0015682460  -0.0016180752   0.0070779402  -0.0003459510   0.0004511169
       -0.0004333420   0.0017802460  -0.0012732645  -0.0010379086  -0.0017409473
        0.0023862807   0.0008684507   0.0060816819  -0.0062200293  -0.0004629532
        0.0003289608  -0.0003301856  -0.0001473109   0.0000215481   0.0000049710
        0.0000258343  -0.0000494593  -0.0000036973   0.0001143993  -0.0000301782
       -0.0000660560
        0.0004387808  -0.0336692826  -0.0102292433  -0.0034865979  -0.0011761591
       -0.0021665572   0.0006606545   0.0001125078  -0.0013599951  -0.0016065241
       -0.0003716297   0.0013919380  -0.0000317485  -0.0002581695   0.0003179044
       -0.0001909678  -0.0006735179  -0.0008675149   0.0005937404   0.0003684169
        0.0000003671  -0.0007761797  -0.0002620795  -0.0007535747  -0.0000836335
       -0.0000923879  -0.0003626230   0.0001286706   0.0000958839   0.0001052097
        0.0003309470   0.0001241424   0.0000141428   0.0001097690   0.0000238899
       -0.0000130324   0.0091828615  -0.0028909085   0.0018066726   0.0011010407
       -0.0007228217   0.0049474231  -0.0051364800   0.0015890372  -0.0005605769
        0.0006774915  -0.0030320443  -0.0013727227   0.0006386499   0.0003494393
        0.0005849248  -0.0001284411   0.0004992227   0.0002902165  -0.0003752153
        0.0005884724   0.0003211612   0.0003458872   0.0005138627   0.0001702761
        0.0000397606   0.0000369400  -0.0000837019  -0.0006555019  -0.0006290365
       -0.0001863391  -0.0002787036   0.0000193501  -0.0000332458   0.0002096458
       -0.0000803462  -0.0000294835   0.0000478365   0.0000056783  -0.0002760532
       -0.0002382897   0.0001354260   0.0002321292  -0.0002862016  -0.0002938301
       -0.0006546417   0.0002982800   0.0000150935   0.0000533772  -0.0003708585
        0.0002827547   0.0001719037   0.0001697877  -0.0001129045  -0.0005527855
       -0.0011306454  -0.0009338673   0.0016437357  -0.0002086889   0.0002487703
        0.0002674055  -0.0000101874   0.0000240141   0.0000111188   0.0000543233
        0.0001607976  -0.0002248586   0.0000168519   0.0000581140   0.0007921764
        0.0000237199   0.0008267062  -0.0004389074  -0.0003419872   0.0000402650
        0.0000479277  -0.0003121483   0.0000632116   0.0000079158   0.0002414583
       -0.0002295711   0.0000007647   0.0000989412   0.0000632437   0.0000625517
       -0.0001077059   0.0000627313  -0.0000666321  -0.0000233024   0.0000884886
        0.0001023962  -0.1306473287   0.4423110111   0.0933896368   0.0849019210
       -0.3073311246  -0.0586735114   0.0292698308  -0.0397980033  -0.0697774667
        0.0180542505  -0.0513396632   0.0150734642  -0.0006682389  -0.0003327571
       -0.0018371486   0.0010633804  -0.0015356964  -0.0002625970   0.0010818728
       -0.0052625926   0.0056742032  -0.0096874529   0.0044818477   0.0151996308
        0.0092753038  -0.0006793133   0.0030549751  -0.0041151789  -0.0010572251
        0.0046483075   0.0010557668   0.0001712306   0.0011127061   0.0007132053
       -0.0007676440  -0.0006601120  -0.0000861199   0.0000748927  -0.0000755455
       -0.0000101458   0.0000817732   0.0000505812   0.0001698440   0.0000153604
       -0.0000282737
        0.0007260729   0.0042282855  -0.0389115801   0.0011754279   0.0058744440
       -0.0060711059  -0.0032365426  -0.0021896144  -0.0015091824  -0.0001375470
       -0.0000027966  -0.0022627399   0.0006533424  -0.0003541331  -0.0005718952
       -0.0005626296  -0.0000675754   0.0006759160   0.0007127491  -0.0002299709
        0.0002151499  -0.0015849512  -0.0002558423  -0.0004395062   0.0002324924
        0.0003295120   0.0002356494  -0.0001982982  -0.0004020455  -0.0002201589
       -0.0002922543  -0.0002540218   0.0000813547  -0.0003051525  -0.0000046949
        0.0000015104   0.0031365418  -0.0012644127   0.0020008861   0.0002282102
        0.0052664549  -0.0047089824   0.0019919039   0.0010816069  -0.0015305693
       -0.0000739409   0.0006906710   0.0000836328  -0.0000812327  -0.0009622893
       -0.0009762685   0.0000528983  -0.0001301524   0.0000027926   0.0002365618
       -0.0000144757  -0.0000729038  -0.0001977154   0.0000300886   0.0000407464
        0.0000229696   0.0001681657   0.0002318942  -0.0003423936   0.0000713892
        0.0003063947   0.0002417784   0.0003258989   0.0000932746  -0.0000843760
        0.0000145062  -0.0000503324  -0.0000666916  -0.0000669344   0.0001688859
        0.0000332243  -0.0000026056  -0.0000281370  -0.0000454165  -0.0001467470
       -0.0001629656   0.0001353637   0.0000471996   0.0001024362  -0.0000825019
       -0.0000131849   0.0000823620   0.0000286650  -0.0000096017   0.0002798508
       -0.0001856162   0.0000036179   0.0000025035   0.0000862545  -0.0000665041
        0.0000507897   0.0000874072   0.0000850500   0.0000302805  -0.0000705532
       -0.0001611141   0.0001290783   0.0004582028   0.0005202236  -0.0005062978
       -0.0002859603  -0.0005173721   0.0000806650   0.0001307560   0.0000062350
       -0.0000136847  -0.0000516957  -0.0000432997   0.0000251077   0.0001736065
       -0.0001386035   0.0000352168   0.0000719620   0.0000784052   0.0001281842
        0.0001048572  -0.0000317691   0.0000241187   0.0000435477   0.0000570311
        0.0000042035  -0.0518813936   0.0933896368   0.1905120417   0.0298001762
       -0.0782520576  -0.1061505714   0.0268345481  -0.0664864539  -0.0290625700
       -0.0066919894   0.0271609307   0.0043339317  -0.0011871812  -0.0001583604
        0.0010602325   0.0006366417   0.0001119269   0.0002982985  -0.0010327206
        0.0050791511  -0.0035877939  -0.0002548896   0.0056360586  -0.0050273048
       -0.0016891046   0.0032402495  -0.0000703319   0.0022696576   0.0007384087
       -0.0038707260   0.0006032904  -0.0019858920   0.0040595115  -0.0002734574
        0.0000806652   0.0003390429   0.0001929189  -0.0001257091   0.0001483211
       -0.0000085471   0.0000667371  -0.0000508714  -0.0001972758  -0.0000443155
       -0.0000077850
        0.0079099246   0.0026026286  -0.0143263657  -0.0000603981   0.0005960979
        0.0001288709   0.0001310401   0.0005385416   0.0001826836  -0.0011444299
       -0.0000992642  -0.0018294324  -0.0002314027  -0.0002042546   0.0001985632
        0.0000519991  -0.0001266116   0.0001503676  -0.0001303938   0.0001216814
        0.0006478262  -0.0030360837  -0.0004740255  -0.0001003312   0.0000858553
        0.0000698086  -0.0003843705   0.0000557818   0.0000081873   0.0002113934
        0.0000299710  -0.0000489030   0.0000975032   0.0000761364   0.0000409900
        0.0002265463   0.0047500018  -0.0013821236   0.0010621276  -0.0036746277
        0.0015627129   0.0015594135  -0.0032925133  -0.0004528703  -0.0001787049
        0.0004141559  -0.0015950738  -0.0003538481   0.0001826659   0.0000621688
        0.0004839062  -0.0001263508   0.0002073728   0.0000510853  -0.0002330281
        0.0001168224   0.0003074268  -0.0001958083   0.0000738823   0.0001950346
       -0.0000227472   0.0000408649  -0.0000561006  -0.0001663258  -0.0001043821
        0.0000381111  -0.0001379595  -0.0000007365   0.0001134895   0.0000769348
       -0.0000473550  -0.0000133275   0.0000057289   0.0000640619  -0.0001205437
       -0.0000596580   0.0000560942   0.0000911475  -0.0006629075   0.0001116424
       -0.0003778698   0.0001204951   0.0000628339  -0.0000680766  -0.0001115695
        0.0001579701  -0.0000187918   0.0000886850   0.0001040657  -0.0002443361
        0.0001832824  -0.0001086761   0.0009655889  -0.0000603284   0.0000483676
        0.0001691318   0.0000172235   0.0000025937   0.0000094218  -0.0000039204
        0.0000265294  -0.0000699122   0.0001756884  -0.0000429600   0.0000576152
       -0.0001044936   0.0001331215  -0.0001593610  -0.0000615078  -0.0000159588
       -0.0000072131  -0.0001855767   0.0000516038  -0.0000272620  -0.0000093405
       -0.0001897558  -0.0002627909   0.0000683310   0.0001185677  -0.0000216425
       -0.0000927471   0.0000044573  -0.0000320907   0.0000319572   0.0000746558
       -0.0000077225  -0.0856790211   0.0849019210   0.0298001762   0.2499040025
       -0.1268797108  -0.1027287317  -0.0833241963   0.0340901283   0.0940043452
       -0.0726116484   0.0023211219  -0.0078378898   0.0011419382  -0.0155170682
        0.0199882532  -0.0044881479   0.0153321792  -0.0223513141  -0.0003621670
        0.0023288202  -0.0011509331  -0.0045763363   0.0017133684   0.0011298895
        0.0002296578  -0.0004501869   0.0003733211  -0.0010783204   0.0013699625
       -0.0006790511  -0.0002045740  -0.0010396060   0.0011656770   0.0003658911
       -0.0003555993  -0.0000687936   0.0000661008   0.0000073095   0.0000202711
        0.0000478621  -0.0000009631  -0.0000046100  -0.0000827806   0.0000129497
        0.0000522297
       -0.0004028208  -0.0216071219   0.0371622865   0.0009125728   0.0013871322
       -0.0014480450  -0.0011896585  -0.0009157572   0.0011399284  -0.0001514955
       -0.0003795709  -0.0011540733  -0.0000321436  -0.0000199515  -0.0005372617
        0.0000326122   0.0003916664   0.0003479137  -0.0003237885  -0.0005015156
       -0.0005637755   0.0019498210   0.0017366572  -0.0000519800   0.0000654535
       -0.0000391928   0.0000241417  -0.0002000609  -0.0001911962  -0.0003374116
       -0.0005293615  -0.0002265951  -0.0001197357  -0.0001751057  -0.0000848751
       -0.0001793678  -0.0104008359   0.0028375335  -0.0024783154   0.0001134017
       -0.0047371587  -0.0021688215   0.0047895336  -0.0008068477  -0.0001017344
       -0.0007035763   0.0027425001   0.0013661903  -0.0004560121  -0.0005735806
       -0.0003412553   0.0002954126  -0.0005756072  -0.0001980093   0.0003548229
       -0.0007942314  -0.0002602419  -0.0005054430  -0.0010550291   0.0001922999
        0.0001167152  -0.0000304663   0.0001673078   0.0002250107   0.0003902463
        0.0002505885   0.0002015921  -0.0001004508   0.0002594046  -0.0001769564
        0.0001043810  -0.0000308735   0.0000348917  -0.0000128751   0.0001586627
        0.0002758821  -0.0000938673  -0.0003054744   0.0001694825   0.0008979820
        0.0003755683  -0.0003201389  -0.0000178820  -0.0000998071   0.0004401463
       -0.0002873664  -0.0002782042  -0.0000352007  -0.0001393228   0.0005088351
        0.0011720658   0.0017568090  -0.0017622335   0.0003191738  -0.0000926998
       -0.0005047986   0.0000769356   0.0000840844  -0.0000703511   0.0000576695
       -0.0000338974   0.0000346278  -0.0000797655  -0.0006050745  -0.0004348852
        0.0003482617  -0.0003768251   0.0003082644   0.0002637695   0.0002336092
       -0.0001077111   0.0003456821   0.0000155858  -0.0001150622  -0.0006185213
        0.0003595243  -0.0003922120  -0.0000441260  -0.0000314528  -0.0000553240
        0.0000105268  -0.0000292884   0.0000807749   0.0000818074  -0.0000419483
       -0.0001393386   0.0882272667  -0.3073311246  -0.0782520576  -0.1268797108
        0.5680640690   0.1199456652   0.0319105036  -0.1215967973  -0.1283025268
        0.0017605185  -0.1012091243   0.0421091584   0.0003644719   0.0034811853
        0.0005268337  -0.0008070253   0.0062241179  -0.0035354217   0.0044649217
       -0.0226352434   0.0199269747   0.0081803097  -0.0036022475   0.0001503394
       -0.0030054550  -0.0000305661   0.0015663858   0.0053806951  -0.0016984596
       -0.0013810992  -0.0046097536   0.0008191801  -0.0011444326  -0.0009493203
        0.0009611681   0.0003839858  -0.0002128718   0.0000052390  -0.0001113118
       -0.0000925247   0.0000122709   0.0000359422  -0.0000402578   0.0000002692
       -0.0000589262
       -0.0110164258   0.0190331199   0.0283555302   0.0000184192   0.0018565252
       -0.0022256703  -0.0004665211  -0.0008393209  -0.0013669449  -0.0005521133
       -0.0007667377   0.0002919749   0.0003474320   0.0001639907  -0.0008642684
       -0.0000237467   0.0005231754   0.0000325270  -0.0009851762  -0.0008761678
       -0.0001571247   0.0000709356   0.0003619613   0.0011053209  -0.0001771762
       -0.0002825808   0.0002475807  -0.0000688424   0.0000776318   0.0000930658
        0.0001154248   0.0003364934  -0.0000696604   0.0001003784   0.0002340164
        0.0001089264  -0.0029933033   0.0022751245  -0.0007448444  -0.0003666946
       -0.0037062575  -0.0033267862   0.0032425555   0.0003706505  -0.0004698412
        0.0005344554   0.0017637323   0.0011015284   0.0004256162   0.0005804567
        0.0005604695  -0.0000066563  -0.0002566249  -0.0002996285  -0.0001602642
       -0.0003547230  -0.0003689295  -0.0005014458  -0.0002925013  -0.0001006240
       -0.0001361714  -0.0001207006  -0.0001622055   0.0002702315  -0.0000651838
       -0.0001394265  -0.0001701590  -0.0002951179  -0.0002461107  -0.0000193803
        0.0000107039   0.0001428083   0.0000119567   0.0000582343   0.0000327317
        0.0000786177  -0.0000735937  -0.0000548458   0.0008551805  -0.0000180924
        0.0011043672  -0.0005248801  -0.0001326435  -0.0001619707   0.0002951972
       -0.0001804109  -0.0000242755  -0.0000542164   0.0001688832  -0.0001060095
        0.0020625992   0.0002023380  -0.0031437198  -0.0000245021   0.0000875799
       -0.0001064402  -0.0001227964  -0.0001853796  -0.0000436355   0.0000005751
        0.0000675212   0.0000220914  -0.0002072293  -0.0002242181   0.0000334004
       -0.0000889069   0.0000074845   0.0000581759   0.0000124288  -0.0001970948
       -0.0000467100   0.0001844277   0.0000074361   0.0000295784  -0.0000792312
        0.0001778247   0.0002525861  -0.0001710536  -0.0002114112  -0.0001562434
       -0.0000339864   0.0000046233  -0.0000155928  -0.0001060706  -0.0001802185
       -0.0000098587   0.0249697343  -0.0586735114  -0.1061505714  -0.1027287317
        0.1199456652   0.8125921692   0.0991637125  -0.1464776641  -0.5689985161
       -0.0096025414   0.0576423271  -0.1185067200   0.0019057269   0.0086305071
       -0.0180192222  -0.0065270150   0.0081180973  -0.0159785537  -0.0004437481
       -0.0048989657   0.0077639402   0.0049989697  -0.0042978489  -0.0066853636
       -0.0023657365   0.0004445654  -0.0027512211  -0.0015198557   0.0006954181
        0.0018187957   0.0023042410  -0.0001248891  -0.0042732172   0.0000906622
       -0.0000428357   0.0000159855   0.0000176692   0.0000407375  -0.0000090554
        0.0000470243  -0.0001715855  -0.0000295425   0.0001204066   0.0000594547
        0.0000497965
       -0.0094598200  -0.0032805247   0.0035676759  -0.0051925094   0.0035880786
       -0.0043088786  -0.0001735176   0.0003924957   0.0010196541  -0.0047806819
        0.0007744587  -0.0012456516  -0.0004581971  -0.0008612996   0.0002914334
       -0.0002820705  -0.0000009896  -0.0001932015   0.0008744652   0.0011456692
        0.0008576560   0.0001128407   0.0003184815  -0.0001425053   0.0003711347
        0.0002173138  -0.0009004180  -0.0000095863  -0.0000037050  -0.0001731976
        0.0000643751  -0.0000471673   0.0000361724  -0.0000639255  -0.0000519694
       -0.0000940166  -0.0027277630   0.0010598117  -0.0006882899  -0.0023121844
       -0.0097986829   0.0003979806   0.0015337089  -0.0005664623  -0.0004376611
       -0.0000973909   0.0012976604   0.0004964989  -0.0001080638   0.0001570884
        0.0001422365   0.0000167945  -0.0002400932  -0.0002481820   0.0000647288
       -0.0001969629  -0.0002305513  -0.0001415166  -0.0002427522   0.0010522028
       -0.0000943409  -0.0000885757  -0.0000617362   0.0000184592  -0.0000863222
       -0.0000289091   0.0000061597  -0.0001029034  -0.0000860878  -0.0000236970
        0.0000169772   0.0000735240   0.0000017480  -0.0000508966   0.0000878721
        0.0000504927  -0.0000244377  -0.0000707480   0.0005286801   0.0000247632
        0.0007229749  -0.0002058526  -0.0000964436  -0.0000008179   0.0002006467
       -0.0001413517  -0.0000166481  -0.0003050330  -0.0003393980   0.0004242649
       -0.0024113355  -0.0006684630   0.0004960026  -0.0001947883  -0.0001601840
        0.0000312093  -0.0000574896  -0.0000807388  -0.0000110636   0.0000109980
       -0.0000012272   0.0000422889  -0.0000934227   0.0000107044  -0.0000742483
       -0.0000078280  -0.0000695699   0.0000640874   0.0000244717  -0.0000418050
       -0.0000237166   0.0001580762   0.0000085205   0.0000292351  -0.0000148709
        0.0001456330   0.0001861945  -0.0000568984  -0.0001158153  -0.0000447380
        0.0000663004   0.0000110134  -0.0000000143  -0.0000766268  -0.0001129932
        0.0000241921   0.0119723516   0.0292698308   0.0268345481  -0.0833241963
        0.0319105036   0.0991637125   0.0751275503  -0.0557665435  -0.1292166744
        0.0175264325   0.0021406216   0.0021867956   0.0002523818   0.0011973262
       -0.0022004716   0.0000210097  -0.0011681075   0.0027802040  -0.0007407591
       -0.0001090877  -0.0005766223   0.0032739045  -0.0001312768  -0.0000796661
        0.0009314221   0.0008312242  -0.0001377671  -0.0001151491  -0.0009531688
        0.0007499935   0.0004496786   0.0010717670  -0.0003557228  -0.0001592492
        0.0000517304  -0.0000712612  -0.0000206674  -0.0000289005   0.0000019879
        0.0000035464  -0.0000070111   0.0000043530   0.0000470735  -0.0000058434
       -0.0000454842
       -0.0034433973   0.0127094322  -0.0046007040   0.0049801106  -0.0052272209
        0.0020871748   0.0004493525   0.0001269433  -0.0007869975   0.0010114451
       -0.0000340770   0.0012934201  -0.0001683407   0.0006655840  -0.0000687317
        0.0002638425  -0.0002145883  -0.0002990450  -0.0004304491   0.0004670229
       -0.0000059921  -0.0001036738  -0.0006768897  -0.0001114424   0.0000501809
        0.0001127686   0.0003566692   0.0001369382   0.0000588026   0.0001327421
        0.0002847268   0.0001178759  -0.0000001232   0.0002433164  -0.0000563588
        0.0000575484   0.0014904579   0.0001181161  -0.0002289906  -0.0060908145
       -0.0084167713   0.0002833541  -0.0011073968  -0.0013114562  -0.0003075615
        0.0006214203  -0.0011134379  -0.0004694903  -0.0001020819   0.0002956919
        0.0004636138  -0.0000783414   0.0001773786  -0.0000252265  -0.0001421965
        0.0003633176   0.0000986326   0.0002857509   0.0010293856   0.0000710484
       -0.0001098964  -0.0001222043  -0.0001340251  -0.0000150513  -0.0000368889
       -0.0000881976  -0.0001310273  -0.0000938739  -0.0001053410   0.0000772508
       -0.0000491814   0.0000391877  -0.0000092296   0.0000366823  -0.0001266710
       -0.0001248401   0.0000472235   0.0001066957  -0.0000675933  -0.0005046004
       -0.0000986169   0.0001050921   0.0000293014   0.0000177585  -0.0002313696
        0.0001330242   0.0001360255  -0.0001450476   0.0000657031  -0.0003076076
       -0.0015250759  -0.0020505811   0.0018309787  -0.0003809959   0.0000073248
        0.0003903080  -0.0000880121  -0.0000687412   0.0000475223  -0.0000073808
        0.0000555698  -0.0000516430   0.0001550937   0.0002515717   0.0002635634
        0.0000429561   0.0002367766  -0.0001139807  -0.0000913561  -0.0000690352
       -0.0000050755  -0.0001150659   0.0000091792   0.0000288104   0.0001994684
       -0.0001018911   0.0001549474   0.0000008748   0.0000120662  -0.0000377154
       -0.0000237187   0.0000093688  -0.0000400745  -0.0000536925  -0.0000009250
        0.0000534001   0.0263024230  -0.0397980033  -0.0664864539   0.0340901283
       -0.1215967973  -0.1464776641  -0.0557665435   0.1545012719   0.1873462921
        0.0000225727   0.0092985128   0.0204917166  -0.0002347342  -0.0012959884
        0.0033037383   0.0006785126  -0.0013576081   0.0029408586  -0.0002631924
        0.0027462727  -0.0008551090  -0.0002924000   0.0005885095  -0.0002370483
        0.0002544509  -0.0003763124   0.0002826917  -0.0019171460   0.0011087792
        0.0000497009   0.0009408212  -0.0005015247  -0.0002796871   0.0004405422
       -0.0003074886  -0.0000409891   0.0000691544   0.0000046996   0.0000109083
        0.0000230263   0.0000214442   0.0000168964   0.0000401515  -0.0000231554
        0.0000340005
        0.0052158617   0.0011636718  -0.0241220845  -0.0029600811   0.0006890218
        0.0000003631  -0.0000311647   0.0016897097   0.0011258879  -0.0019902717
        0.0009631836  -0.0007454564  -0.0004181302  -0.0003101496   0.0008760244
        0.0000815158  -0.0004463536   0.0000534668   0.0007409181   0.0008939843
        0.0002823659  -0.0004842376  -0.0007351527  -0.0004866047   0.0001691568
        0.0001997317  -0.0005430773   0.0001464528  -0.0000202336   0.0000512952
        0.0000425032  -0.0001893250   0.0001354863  -0.0000144767  -0.0001552632
       -0.0000162754   0.0024270061  -0.0018181089   0.0004333477  -0.0003773063
        0.0032596107   0.0033782405  -0.0020350463  -0.0000151609   0.0004652614
       -0.0004688501  -0.0014576111  -0.0013546606  -0.0002621710  -0.0002977590
       -0.0003314532   0.0000467015   0.0003391792   0.0003726424   0.0001761866
        0.0004238146   0.0001867526   0.0014994279   0.0007855681  -0.0006689820
        0.0000593081   0.0000617652   0.0000608356  -0.0001467185   0.0000006402
        0.0000330587   0.0000803870   0.0001803196   0.0001388125   0.0000325970
       -0.0000150880  -0.0001254723  -0.0000217478  -0.0000680464  -0.0000184738
       -0.0001140599   0.0000403917   0.0000801435  -0.0003645835  -0.0001130369
       -0.0004227558   0.0003722250   0.0000466262   0.0001564043  -0.0002364822
        0.0001599835  -0.0000075718   0.0000736081  -0.0000886165  -0.0000380829
        0.0005764242   0.0005170602  -0.0008523148   0.0000074321  -0.0000417626
        0.0000408140   0.0000512204   0.0001110438   0.0000421893  -0.0000093694
       -0.0000403490  -0.0000148343   0.0001025738   0.0001828534   0.0000559811
       -0.0000311370   0.0000314876  -0.0000902797  -0.0000540176   0.0000755496
        0.0000343276  -0.0001548968   0.0000143296  -0.0000226594   0.0000864825
       -0.0001804256  -0.0000560089   0.0001142742   0.0001452409   0.0000694637
        0.0000368989   0.0000038760   0.0000158487   0.0000577069   0.0001309965
        0.0000277136   0.0263342160  -0.0697774667  -0.0290625700   0.0940043452
       -0.1283025268  -0.5689985161  -0.1292166744   0.1873462921   0.6831256525
        0.0095336210  -0.0031082361  -0.0622911315  -0.0011052395   0.0049390612
       -0.0066061095   0.0004096894   0.0019601628  -0.0029951361   0.0007114373
       -0.0020908782   0.0024481330  -0.0034696177   0.0030813261   0.0034102265
        0.0012249405  -0.0002105918   0.0014009262  -0.0003284884   0.0001612378
       -0.0013717054  -0.0002059518   0.0000707248   0.0027988007   0.0001048912
       -0.0001932353  -0.0000735772   0.0000386281  -0.0000350041   0.0000342544
        0.0000087566   0.0000846521   0.0000043392  -0.0000666737  -0.0000427150
       -0.0000232658
        0.0013484530   0.0003826766   0.0021639457   0.0001860860  -0.0002097003
        0.0004999386   0.0000855157   0.0000009905   0.0001365439   0.0001737150
        0.0000295501   0.0000520467  -0.0000448267   0.0000805961  -0.0000023178
        0.0000546059   0.0000008652   0.0000112342  -0.0001054624  -0.0000496103
       -0.0001016602   0.0000986925  -0.0000887038  -0.0001165897   0.0000054993
        0.0000176048   0.0000950520   0.0000015172   0.0000085539  -0.0000150162
        0.0000416944   0.0000113296  -0.0000079239   0.0000093263  -0.0000164191
       -0.0000188912  -0.0001273615  -0.0000131026   0.0000447584   0.0003410409
        0.0006939628  -0.0002285785   0.0004250455   0.0000517984   0.0000406488
       -0.0001199234   0.0002350831  -0.0000071340  -0.0000316620  -0.0000865488
       -0.0001464243   0.0000285072  -0.0000370409   0.0000312209   0.0000904548
       -0.0000041178  -0.0000996230   0.0000503429  -0.0000207902  -0.0000584909
        0.0000234029   0.0000165657   0.0000310126   0.0000770962   0.0000781843
        0.0000253073   0.0000475535   0.0000526761  -0.0000175108  -0.0000182242
        0.0000110782  -0.0000151020  -0.0000131175  -0.0000150515   0.0000310355
        0.0000208954  -0.0000113184  -0.0000235019   0.0000319058   0.0000208613
        0.0000252434   0.0000076633  -0.0000064774   0.0000369511   0.0000145928
       -0.0000435865  -0.0000005816   0.0000271244   0.0000035533   0.0000273553
       -0.0000144069   0.0000649986  -0.0000093283   0.0000377696  -0.0000196202
       -0.0000514074   0.0000149622   0.0000177750  -0.0000006241  -0.0000112684
       -0.0000160592   0.0000169369  -0.0000241297   0.0000011505  -0.0000356366
        0.0000062232  -0.0000337838   0.0000286690   0.0000328201   0.0000111212
        0.0000018983   0.0000396767  -0.0000071583  -0.0000000624  -0.0000165216
        0.0000230014   0.0000325283  -0.0000034778  -0.0000113984   0.0000241412
        0.0000241601  -0.0000028560   0.0000105583   0.0000121250   0.0000012021
       -0.0000088691   0.0067692800   0.0180542505  -0.0066919894  -0.0726116484
        0.0017605185  -0.0096025414   0.0175264325   0.0000225727   0.0095336210
        0.4910519464  -0.0072938502  -0.0205877763  -0.1939183240   0.0180881769
        0.1226139951  -0.2064810053  -0.0503854126  -0.1055341550  -0.0451501060
        0.0189412544   0.0090318923   0.0002683643  -0.0001784833  -0.0011071438
       -0.0003971886  -0.0000097699  -0.0001266314   0.0003727023  -0.0000947390
       -0.0002440665  -0.0001764570  -0.0000943580   0.0002868087  -0.0000607757
        0.0000682776   0.0000339843  -0.0000048682  -0.0000014458   0.0000025616
       -0.0000101230   0.0000064167  -0.0000056028  -0.0000063152  -0.0000052437
       -0.0000047091
        0.0009811032   0.0017898611  -0.0062878375   0.0001119457  -0.0006231816
        0.0003012614   0.0002510270   0.0001340738  -0.0001855458  -0.0001617240
        0.0000292210   0.0002856248  -0.0000028875   0.0001197969   0.0000151015
        0.0000332224  -0.0000419279  -0.0000771785  -0.0001332990  -0.0000451711
       -0.0000136651  -0.0000107332  -0.0002896041  -0.0000111815  -0.0000309111
       -0.0000549289   0.0000145426   0.0000307160   0.0000540967   0.0000588643
        0.0001191049   0.0000955073   0.0000010619   0.0000534707   0.0000244420
        0.0000268125   0.0010467507  -0.0002426115   0.0002614384   0.0002089032
        0.0002140463  -0.0000902563  -0.0004697639   0.0000274284  -0.0001544472
        0.0001836483  -0.0002703977  -0.0000989750   0.0001546542   0.0001369809
        0.0001391227  -0.0000167659   0.0000468766  -0.0000110989  -0.0000363462
        0.0000410781   0.0000021244   0.0000278699   0.0000435641  -0.0000677907
       -0.0000117129   0.0000093386  -0.0000308281  -0.0001110810  -0.0000752138
       -0.0000597372  -0.0000303506  -0.0000017309  -0.0000363755   0.0000323943
       -0.0000105003   0.0000178771   0.0000051626   0.0000074227  -0.0000343264
       -0.0000339535   0.0000155675   0.0000358348   0.0000207450  -0.0000372203
        0.0000384064  -0.0000278544  -0.0000183334  -0.0000155627  -0.0000190172
        0.0000364041   0.0000261490   0.0000094990   0.0000000243  -0.0000737290
        0.0000046617  -0.0000596593   0.0000508830  -0.0000295055   0.0000516914
        0.0000391326  -0.0000212541  -0.0000270781   0.0000008530   0.0000052518
        0.0000240290  -0.0000229841   0.0000416989   0.0000278121   0.0001265933
       -0.0000129003   0.0000817590  -0.0000726083  -0.0000583944  -0.0000347556
        0.0000148518  -0.0000579771  -0.0000007115   0.0000179041   0.0000702009
       -0.0000353386   0.0000309755  -0.0000049067  -0.0000195819  -0.0000026817
       -0.0000252226   0.0000095104  -0.0000137778  -0.0000214831  -0.0000033921
        0.0000208397   0.0168242442  -0.0513396632   0.0271609307   0.0023211219
       -0.1012091243   0.0576423271   0.0021406216   0.0092985128  -0.0031082361
       -0.0072938502   0.5061881527   0.0511023978   0.0188835278  -0.0467854224
       -0.0153714486  -0.0541208697  -0.0576049976  -0.0357389678   0.0196073811
       -0.2591220516  -0.0785229218  -0.0014996584   0.0001941271   0.0018983154
        0.0013202616  -0.0006600589   0.0004171203  -0.0005469513   0.0000948222
        0.0003990870   0.0000811058  -0.0000467789  -0.0000177241   0.0001546077
       -0.0001178730  -0.0000513554   0.0000221866  -0.0000006879   0.0000021910
        0.0000106294  -0.0000079792   0.0000115700   0.0000316562  -0.0000101714
        0.0000110470
        0.0019438617  -0.0056186905   0.0013172560   0.0002371233  -0.0000215001
        0.0004025429  -0.0000634666   0.0000880054   0.0001933060   0.0000383113
        0.0000927762  -0.0001601298  -0.0000094891   0.0000039751   0.0001542440
       -0.0000265108  -0.0000312135   0.0000564319   0.0002228892   0.0001313737
       -0.0000569691   0.0000289400   0.0000732693  -0.0000226609   0.0000334097
        0.0000589617   0.0000557309  -0.0000094578  -0.0000228383  -0.0000495025
       -0.0000796476  -0.0000810372   0.0000209670  -0.0000540574  -0.0000474560
       -0.0000529106  -0.0002930356  -0.0001841873  -0.0000603850  -0.0000733525
        0.0007598891   0.0000341703   0.0000295341  -0.0001681428   0.0000557902
       -0.0002061846   0.0000106373  -0.0000655114  -0.0001481469  -0.0002148976
       -0.0001908116   0.0000380242   0.0000289129   0.0000690680  -0.0000025436
       -0.0000033978   0.0000422068   0.0001998296   0.0000214748  -0.0000665853
        0.0000293779   0.0000125742   0.0000515314   0.0000402564   0.0000523549
        0.0000528837   0.0000409084   0.0000562661   0.0000491557  -0.0000136970
        0.0000236845  -0.0000393654  -0.0000003139  -0.0000136726   0.0000200511
        0.0000149965  -0.0000011848  -0.0000231502  -0.0001128298   0.0000324226
       -0.0001368765   0.0001063004   0.0000421819   0.0000243855  -0.0000271783
        0.0000009892  -0.0000177169   0.0000675689  -0.0000067837   0.0000298528
       -0.0005826971  -0.0000784652   0.0006004159   0.0000840840   0.0000202734
       -0.0000766835   0.0000370965   0.0000519297   0.0000032157  -0.0000030423
       -0.0000253333   0.0000098518  -0.0000225940  -0.0000111763  -0.0000802632
        0.0000099797  -0.0000587748   0.0000284561   0.0000303657   0.0000608082
        0.0000114822   0.0000168504  -0.0000118758  -0.0000114945  -0.0000366587
       -0.0000159783  -0.0000535509   0.0000284607   0.0000520580   0.0000341135
        0.0000203371  -0.0000072135   0.0000154958   0.0000391452   0.0000383172
       -0.0000152260  -0.0033369597   0.0150734642   0.0043339317  -0.0078378898
        0.0421091584  -0.1185067200   0.0021867956   0.0204917166  -0.0622911315
       -0.0205877763   0.0511023978   0.4727892009   0.1191347870  -0.0149848547
       -0.1291693915  -0.0998910291  -0.0320815775  -0.0986569984   0.0090876978
       -0.0774677359  -0.0710776538   0.0000281647   0.0004135197   0.0001817474
       -0.0000967110   0.0002441942  -0.0000228437   0.0005354642  -0.0004563458
       -0.0000166801  -0.0005955062   0.0003319030   0.0002829526  -0.0001336379
        0.0001180744   0.0000283939  -0.0000215808  -0.0000048999  -0.0000088446
       -0.0000187834   0.0000268253  -0.0000020368  -0.0000257820  -0.0000051560
       -0.0000167382
       -0.0001444006  -0.0000213587   0.0005911787  -0.0000217227   0.0000180468
       -0.0000364573  -0.0000275365  -0.0000438456  -0.0000156787  -0.0000230305
       -0.0000081931   0.0000245834  -0.0000109219  -0.0000193327  -0.0000036312
       -0.0000067606   0.0000038549  -0.0000027134   0.0000160952   0.0000011983
        0.0000151792   0.0000757258   0.0000657594  -0.0000976953   0.0000022839
       -0.0000054200  -0.0000225079  -0.0000074915  -0.0000029220   0.0000027289
       -0.0000062013  -0.0000030367  -0.0000188611  -0.0000007887   0.0000063521
        0.0000070231   0.0001718541  -0.0000047927   0.0000691080   0.0000044009
       -0.0000425310  -0.0000500146  -0.0000283502  -0.0000115748   0.0000155209
       -0.0000281672   0.0000673149   0.0000045649   0.0000039467   0.0000379676
        0.0000131827   0.0000098304  -0.0000129022   0.0000014288   0.0000215546
       -0.0000037931  -0.0000080913   0.0000162188  -0.0000085212  -0.0000046933
       -0.0000014423  -0.0000032174  -0.0000056611   0.0000012781  -0.0000200519
       -0.0000006744  -0.0000017575  -0.0000162053  -0.0000197262  -0.0000009765
        0.0000036001  -0.0000009672  -0.0000030194  -0.0000066953   0.0000052647
        0.0000049810  -0.0000012921  -0.0000112650   0.0000167871   0.0000338220
       -0.0000223816   0.0000025327   0.0000037861   0.0000075462   0.0000129010
       -0.0000212181  -0.0000140045  -0.0000024946  -0.0000074528   0.0000072841
       -0.0000326610   0.0000131095  -0.0000340465   0.0000053768  -0.0000061255
       -0.0000199482  -0.0000024233  -0.0000028229  -0.0000063759  -0.0000004733
        0.0000031881  -0.0000010748  -0.0000134506  -0.0000061963   0.0000077567
       -0.0000007158   0.0000084661  -0.0000036421  -0.0000003946  -0.0000042712
       -0.0000065958   0.0000311874   0.0000109945  -0.0000106156  -0.0000227299
        0.0000400119   0.0000270433  -0.0000075196  -0.0000135531  -0.0000007454
        0.0000078444   0.0000055427  -0.0000023121  -0.0000048519  -0.0000092026
        0.0000000139   0.0005311738  -0.0006682389  -0.0011871812   0.0011419382
        0.0003644719   0.0019057269   0.0002523818  -0.0002347342  -0.0011052395
       -0.1939183240   0.0188835278   0.1191347870   0.2226330299  -0.0216894643
       -0.1374871161  -0.0273131367   0.0014426844   0.0158343643  -0.0033705299
        0.0017972291   0.0030010568   0.0000601076   0.0000652467  -0.0003668618
        0.0000153564   0.0000389161  -0.0001551256  -0.0000881387  -0.0000086209
        0.0001444681   0.0000338245  -0.0000010951  -0.0000849779   0.0000121673
       -0.0000092797  -0.0000135669  -0.0000014940   0.0000018845   0.0000054790
        0.0000005032  -0.0000098635  -0.0000028265   0.0000066235   0.0000108496
       -0.0000020134
       -0.0003213743   0.0004672678   0.0004423637  -0.0000230907  -0.0000283733
       -0.0001122855  -0.0000061538  -0.0000128879  -0.0000100253  -0.0000216216
       -0.0000076519   0.0000951216  -0.0000307246  -0.0000197498  -0.0000127153
        0.0000061011   0.0000042080  -0.0000109841   0.0000035246  -0.0000050538
       -0.0000693162   0.0000935584   0.0000376755   0.0001159145   0.0000094648
       -0.0000021191  -0.0000225179  -0.0000021621  -0.0000027659   0.0000021467
       -0.0000119748   0.0000093587  -0.0000128977   0.0000035241  -0.0000001246
       -0.0000049662   0.0001766165  -0.0000359467   0.0000214417   0.0001727580
        0.0000391441  -0.0001479688  -0.0000522140  -0.0000164400   0.0000086759
        0.0000243038   0.0000086787  -0.0000003847   0.0000104594   0.0000155297
        0.0000061264  -0.0000093184  -0.0000067120   0.0000059537  -0.0000288823
        0.0000217697   0.0000000472  -0.0000214668   0.0000094447   0.0000266974
       -0.0000042406  -0.0000076630   0.0000006527   0.0000039918  -0.0000195576
       -0.0000046349  -0.0000150893  -0.0000133024  -0.0000183052  -0.0000011702
       -0.0000009549   0.0000007544  -0.0000018921   0.0000057217  -0.0000092303
        0.0000039843  -0.0000033785  -0.0000028496   0.0000361179  -0.0000399440
        0.0000049975   0.0000014925  -0.0000007076   0.0000010079  -0.0000011047
       -0.0000106362   0.0000163010  -0.0000029711   0.0000097017  -0.0000169220
        0.0000568250  -0.0000212864  -0.0000595610  -0.0000060017  -0.0000082705
        0.0000042623   0.0000009532   0.0000023459  -0.0000004419  -0.0000030415
        0.0000071979  -0.0000068829  -0.0000098794   0.0000100676   0.0000221430
       -0.0000056611   0.0000138219  -0.0000081470  -0.0000027366   0.0000006969
       -0.0000014568   0.0000126703  -0.0000001274  -0.0000001484   0.0000039553
        0.0000175639   0.0000228363  -0.0000053483  -0.0000037855   0.0000046327
        0.0000045797  -0.0000010294   0.0000007071   0.0000039147  -0.0000006479
       -0.0000022778   0.0012117962  -0.0003327571  -0.0001583604  -0.0155170682
        0.0034811853   0.0086305071   0.0011973262  -0.0012959884   0.0049390612
        0.0180881769  -0.0467854224  -0.0149848547  -0.0216894643   0.0472826922
        0.0161928249  -0.0074557988   0.0017357823   0.0042372885   0.0240275681
       -0.0044741560  -0.0187611961  -0.0000551252   0.0000237853  -0.0001806643
        0.0000816535  -0.0000146642  -0.0001466005  -0.0000453918  -0.0000726993
        0.0002072241   0.0001036598   0.0000321029  -0.0002094793   0.0000005791
        0.0000082025  -0.0000256026  -0.0000077037   0.0000080777  -0.0000114683
        0.0000017563  -0.0000081044   0.0000006185   0.0000173599   0.0000008854
        0.0000028375
        0.0006572502  -0.0001371908  -0.0010079521   0.0000282343   0.0000711924
        0.0000918377  -0.0000364467   0.0000086712   0.0000366418   0.0000653673
       -0.0001559567  -0.0002738248   0.0000127781  -0.0000095365   0.0000400829
       -0.0000149438  -0.0000056381   0.0000548837   0.0000514738   0.0000054874
        0.0000911112  -0.0002379006   0.0001938365  -0.0000888040  -0.0000113392
        0.0000088989   0.0000089982  -0.0000012726  -0.0000055860   0.0000276896
       -0.0000627350  -0.0000548814  -0.0000035018  -0.0000012793   0.0000071446
        0.0000325986  -0.0001151602  -0.0000605487  -0.0000111128  -0.0001528452
       -0.0000270167   0.0001267208  -0.0001454856  -0.0000869261   0.0000310174
        0.0000132270  -0.0000904953  -0.0000026709   0.0000028353   0.0000017867
        0.0000303375  -0.0000016105   0.0000167232  -0.0000006291   0.0000018616
        0.0000134859   0.0000285925   0.0000151161   0.0000151096  -0.0000252279
       -0.0000035125  -0.0000012259  -0.0000030843  -0.0000219286  -0.0000017484
       -0.0000053281  -0.0000030382  -0.0000058017   0.0000099203   0.0000064179
        0.0000006630   0.0000055134  -0.0000001567   0.0000022421  -0.0000045455
       -0.0000103273   0.0000008106   0.0000118456  -0.0000326638  -0.0000093849
       -0.0000640805   0.0000049438   0.0000103325  -0.0000109936  -0.0000256685
        0.0000167821   0.0000145702   0.0000084721   0.0000045521  -0.0000047893
       -0.0000298716  -0.0000315789   0.0000887811  -0.0000071676   0.0000125091
        0.0000219739  -0.0000019591  -0.0000006000   0.0000074906  -0.0000001408
       -0.0000002004  -0.0000028093   0.0000085555  -0.0000026333   0.0000028770
       -0.0000028279  -0.0000032341  -0.0000033617  -0.0000082495  -0.0000018581
        0.0000079863  -0.0000182269  -0.0000049108  -0.0000002331   0.0000147618
        0.0000034492  -0.0000261538  -0.0000015314   0.0000053566   0.0000048048
       -0.0000097344  -0.0000007845  -0.0000018480   0.0000009024   0.0000070048
       -0.0000006070  -0.0009660887  -0.0018371486   0.0010602325   0.0199882532
        0.0005268337  -0.0180192222  -0.0022004716   0.0033037383  -0.0066061095
        0.1226139951  -0.0153714486  -0.1291693915  -0.1374871161   0.0161928249
        0.1504365774  -0.0113893607   0.0006744692   0.0096630197   0.0098266189
       -0.0031304597  -0.0072780457  -0.0001462549   0.0000257657   0.0005037847
       -0.0000859567  -0.0000569712   0.0002114462   0.0000349684   0.0001910300
       -0.0002217897  -0.0001354636  -0.0001844559   0.0001489200   0.0000190010
       -0.0000331716   0.0000188132   0.0000102891  -0.0000076965   0.0000035701
        0.0000057408  -0.0000037270   0.0000036178  -0.0000223282   0.0000021162
        0.0000098595
       -0.0002654096   0.0000742403  -0.0006326485   0.0000130540  -0.0000845583
        0.0000563716   0.0000332887   0.0000299483   0.0000182063  -0.0000016603
        0.0000510665   0.0000790198   0.0000118225   0.0000284929   0.0000317813
        0.0000082459  -0.0000028737  -0.0000034026  -0.0000314725  -0.0000115134
       -0.0000190880   0.0000327427  -0.0000998413  -0.0000003262   0.0000142681
        0.0000131977   0.0000102547   0.0000066673   0.0000056626  -0.0000079532
        0.0000409985   0.0000222825   0.0000118245   0.0000024858  -0.0000046826
       -0.0000027322  -0.0002660949   0.0000083771  -0.0000458743   0.0002003152
       -0.0000213623   0.0000599505   0.0000366118  -0.0000608988   0.0001509800
        0.0000163137   0.0000088912  -0.0000209118  -0.0000142457  -0.0000370867
       -0.0000585979  -0.0000141460   0.0000060445   0.0000092660  -0.0000217424
        0.0000052769  -0.0000225232   0.0000066391   0.0000089934   0.0000031471
       -0.0000078837  -0.0000016033   0.0000055277   0.0000119766   0.0000230852
       -0.0000118879   0.0000034174   0.0000235395  -0.0000028640  -0.0000057284
       -0.0000028233  -0.0000031158  -0.0000025903   0.0000034539  -0.0000064849
       -0.0000011109  -0.0000035103   0.0000017929   0.0000814120  -0.0000062680
        0.0000357045  -0.0000146883  -0.0000202417   0.0000213093  -0.0000002980
        0.0000046095  -0.0000014306  -0.0000133465  -0.0000079493   0.0000048127
       -0.0000147539   0.0000010208  -0.0000317753  -0.0000055616  -0.0000030623
        0.0000052707   0.0000041122   0.0000073069   0.0000081611  -0.0000029697
       -0.0000002492  -0.0000023585  -0.0000000008   0.0000219537  -0.0000007208
       -0.0000050045  -0.0000097688   0.0000065409   0.0000000927   0.0000047334
        0.0000103076  -0.0000240216  -0.0000143937   0.0000162608   0.0000565442
       -0.0000468279   0.0000171116   0.0000105647   0.0000102815   0.0000040315
        0.0000059226  -0.0000065877   0.0000074423   0.0000020341   0.0000077383
       -0.0000035343   0.0007802602   0.0010633804   0.0006366417  -0.0044881479
       -0.0008070253  -0.0065270150   0.0000210097   0.0006785126   0.0004096894
       -0.2064810053  -0.0541208697  -0.0998910291  -0.0273131367  -0.0074557988
       -0.0113893607   0.2365068936   0.0620131649   0.1168978191   0.0008392706
       -0.0012719851  -0.0002225524   0.0001312744  -0.0000050065   0.0002173925
        0.0000290971  -0.0000383789   0.0001974176   0.0000975760  -0.0000093267
       -0.0001669868  -0.0000027586   0.0000318369   0.0001190023  -0.0000164544
        0.0000127742   0.0000136135   0.0000058979  -0.0000089013   0.0000106694
       -0.0000002763   0.0000014596   0.0000012283   0.0000036996  -0.0000079306
       -0.0000033755
        0.0001331352   0.0001142945   0.0000717673  -0.0000830132  -0.0000648191
       -0.0001446848  -0.0000085724  -0.0000084945  -0.0000651461  -0.0000151862
       -0.0000272920   0.0000313062   0.0000094948  -0.0000058222  -0.0000036813
       -0.0000017421   0.0000046206  -0.0000096875  -0.0000028266   0.0000043344
        0.0000086840  -0.0000600362  -0.0000127583   0.0000099093  -0.0000000330
        0.0000087158   0.0000313001   0.0000041452  -0.0000002395  -0.0000048935
        0.0000136699   0.0000006704   0.0000034326   0.0000006704   0.0000004073
       -0.0000017508  -0.0000345187  -0.0000083619  -0.0000221936  -0.0001723594
       -0.0001290622  -0.0001712759  -0.0001300054  -0.0000700876   0.0000594212
       -0.0000085048   0.0000173390   0.0000513589   0.0000363944   0.0000278615
        0.0000797440   0.0000018048  -0.0000108582   0.0000010578   0.0000009256
       -0.0000392430  -0.0000032052  -0.0000174104  -0.0000021149   0.0000162285
       -0.0000144829  -0.0000037985  -0.0000191615  -0.0000336463  -0.0000368429
       -0.0000105746  -0.0000418751  -0.0000266088   0.0000032034  -0.0000007549
        0.0000013240   0.0000013206   0.0000001111   0.0000019329  -0.0000042069
        0.0000067779  -0.0000018493  -0.0000083019  -0.0000109898   0.0001070212
        0.0000406850  -0.0000298858   0.0000001634   0.0000070518   0.0000237440
       -0.0000096354  -0.0000429549  -0.0000056673  -0.0000053765  -0.0000027067
        0.0000293057  -0.0000004692  -0.0000359284  -0.0000050134  -0.0000087668
       -0.0000081257  -0.0000019134  -0.0000048224  -0.0000010456   0.0000047744
        0.0000103706  -0.0000183102   0.0000298878  -0.0000318113   0.0000213818
       -0.0000010099   0.0000153894  -0.0000219585  -0.0000030744  -0.0000033364
       -0.0000057374   0.0000172116   0.0000240658  -0.0000176699  -0.0000594864
       -0.0000339945   0.0000346845   0.0000004062   0.0000012985  -0.0000184547
       -0.0000075780   0.0000031067   0.0000035988   0.0000032091  -0.0000015217
       -0.0000075806  -0.0010952293  -0.0015356964   0.0001119269   0.0153321792
        0.0062241179   0.0081180973  -0.0011681075  -0.0013576081   0.0019601628
       -0.0503854126  -0.0576049976  -0.0320815775   0.0014426844   0.0017357823
        0.0006744692   0.0620131649   0.0632711218   0.0379006746  -0.0256124663
       -0.0106376980  -0.0165756231  -0.0000177665   0.0001025387   0.0001233410
       -0.0000128297  -0.0000074969  -0.0000180719  -0.0000681782   0.0000508025
        0.0000500286  -0.0000112816  -0.0000215753  -0.0000835641   0.0000176228
       -0.0000132385  -0.0000053746  -0.0000019729   0.0000009152  -0.0000046545
        0.0000030126  -0.0000007796   0.0000017080  -0.0000015014  -0.0000011170
        0.0000015581
       -0.0006230245   0.0001531769  -0.0004536772   0.0000000559  -0.0001178396
        0.0001426232   0.0000438958   0.0000323136   0.0000497442   0.0000284167
        0.0000116634   0.0000172857  -0.0000162271   0.0000151956   0.0000220079
        0.0000015281  -0.0000101508   0.0000044048  -0.0000015506   0.0000168877
       -0.0000193649   0.0000473464  -0.0000272267  -0.0000744529   0.0000082260
        0.0000100919   0.0000324738   0.0000083087   0.0000087856   0.0000008043
        0.0000254697   0.0000147334  -0.0000090187   0.0000096961  -0.0000016990
       -0.0000035593  -0.0001917266  -0.0000172176  -0.0000699446   0.0005163883
       -0.0000807187   0.0001817548   0.0002291927  -0.0000165260  -0.0000089250
       -0.0000992945   0.0001317105  -0.0000821804  -0.0000504169   0.0000212534
       -0.0001067479   0.0000225850  -0.0000243053   0.0000307689   0.0000785251
        0.0000165712  -0.0000312495   0.0000632095  -0.0000068553  -0.0000252435
        0.0000050364   0.0000018696   0.0000122129   0.0000257097   0.0000203455
        0.0000006787   0.0000363722   0.0000104273  -0.0000343158  -0.0000033491
        0.0000069576  -0.0000056018  -0.0000068323  -0.0000262354   0.0000312290
        0.0000012104  -0.0000084607  -0.0000049692   0.0001012663   0.0000169548
       -0.0001435546   0.0000069670  -0.0000102116   0.0000534418  -0.0000268325
       -0.0000215495   0.0000340134   0.0000093645  -0.0000291824   0.0000468582
       -0.0001313894  -0.0000024502  -0.0000109882   0.0000023920  -0.0000033185
       -0.0000086643  -0.0000014174   0.0000007045   0.0000079892  -0.0000019094
       -0.0000126750   0.0000175354  -0.0000218221   0.0000350213   0.0000100890
        0.0000023590  -0.0000176250   0.0000109248   0.0000013564  -0.0000068933
        0.0000098777   0.0000300083  -0.0000089918   0.0000080326   0.0000315253
        0.0000814080   0.0000772521  -0.0000166531  -0.0000458578   0.0000213838
        0.0000299051   0.0000016451   0.0000078683  -0.0000031426  -0.0000072951
        0.0000096078   0.0017471030  -0.0002625970   0.0002982985  -0.0223513141
       -0.0035354217  -0.0159785537   0.0027802040   0.0029408586  -0.0029951361
       -0.1055341550  -0.0357389678  -0.0986569984   0.0158343643   0.0042372885
        0.0096630197   0.1168978191   0.0379006746   0.1134504866  -0.0099904530
       -0.0055394699  -0.0058031582   0.0001343382  -0.0000207033   0.0001543015
        0.0001513189  -0.0000501159   0.0001224956   0.0000678721  -0.0000815011
       -0.0000081878   0.0000861504   0.0000629133   0.0000104649  -0.0000063313
       -0.0000058923  -0.0000023219   0.0000032428  -0.0000064199   0.0000000050
        0.0000035233  -0.0000013434   0.0000013270   0.0000055888  -0.0000037347
       -0.0000044474
        0.0001019357   0.0003001461   0.0002138032   0.0000466487   0.0000851595
        0.0000311051  -0.0000131656  -0.0000117004   0.0000058596  -0.0000086484
       -0.0000292401  -0.0000220563  -0.0000121922  -0.0000254214  -0.0000166668
       -0.0000026324   0.0000022776   0.0000212556   0.0000333596  -0.0000145966
       -0.0000228518   0.0000293507   0.0000584680   0.0000690445  -0.0000044585
       -0.0000179912  -0.0000283269  -0.0000071057  -0.0000058285   0.0000144502
       -0.0000446893  -0.0000151309   0.0000019710  -0.0000030787   0.0000005387
        0.0000040432   0.0000730595  -0.0000277420   0.0000499397  -0.0000110086
        0.0000561910  -0.0000194833  -0.0000667534  -0.0000483455   0.0000197217
        0.0000399642  -0.0000368575   0.0000008623   0.0000034892  -0.0000071346
        0.0000016713  -0.0000124102   0.0000080612  -0.0000048463  -0.0000270653
        0.0000330615   0.0000060644  -0.0000140788   0.0000068127   0.0000030026
       -0.0000021027  -0.0000048353   0.0000034801   0.0000079767   0.0000041829
       -0.0000000344  -0.0000022576  -0.0000018909  -0.0000023228  -0.0000011553
       -0.0000002742   0.0000003857  -0.0000017912   0.0000107883  -0.0000130756
       -0.0000026236  -0.0000012772   0.0000040682   0.0000120431  -0.0000820081
       -0.0000235500   0.0000171812   0.0000096259  -0.0000128904  -0.0000160632
        0.0000007731   0.0000303022  -0.0000055756   0.0000197821  -0.0000187961
        0.0000508529  -0.0000156260  -0.0000042365  -0.0000051149  -0.0000013031
        0.0000174844   0.0000012915   0.0000048382   0.0000008501  -0.0000051882
        0.0000037006  -0.0000029669  -0.0000111302   0.0000075782  -0.0000004373
       -0.0000057307   0.0000022262   0.0000020622  -0.0000010575   0.0000032339
        0.0000019505  -0.0000031273  -0.0000096765   0.0000016971   0.0000197393
        0.0000123835  -0.0000167871  -0.0000005319   0.0000098396   0.0000063229
       -0.0000009487  -0.0000033236  -0.0000022829   0.0000017052   0.0000044798
       -0.0000032898   0.0009843992   0.0010818728  -0.0010327206  -0.0003621670
        0.0044649217  -0.0004437481  -0.0007407591  -0.0002631924   0.0007114373
       -0.0451501060   0.0196073811   0.0090876978  -0.0033705299   0.0240275681
        0.0098266189   0.0008392706  -0.0256124663  -0.0099904530   0.0476883317
       -0.0235699597  -0.0081705378   0.0000159204   0.0000096830  -0.0002048252
       -0.0000907173   0.0000168612  -0.0000708418   0.0000124311   0.0000225099
       -0.0000005818   0.0000273754  -0.0000676763  -0.0000149747  -0.0000069382
        0.0000055058   0.0000023866   0.0000016607  -0.0000004857   0.0000033007
       -0.0000004727  -0.0000099312  -0.0000020448   0.0000053896   0.0000034632
        0.0000027899
        0.0004025362  -0.0004917137  -0.0012219574  -0.0000384224  -0.0001843319
        0.0000657028   0.0000645561   0.0000687897   0.0000279277  -0.0000124374
        0.0000533334   0.0000402895  -0.0000017260   0.0000357636  -0.0000070505
       -0.0000010293  -0.0000200776  -0.0000413417   0.0000049521   0.0000670121
        0.0000318055  -0.0000477322  -0.0001408379  -0.0000544237  -0.0000084447
       -0.0000055216   0.0000349014   0.0000064769   0.0000090943   0.0000149391
        0.0000433775   0.0000338599  -0.0000095320   0.0000193050   0.0000085318
       -0.0000049607   0.0003987742  -0.0001265445   0.0000684260  -0.0000397193
        0.0002967129   0.0000292336  -0.0002031077  -0.0000542667  -0.0000871549
        0.0000509327  -0.0001578047  -0.0000441143   0.0000210700  -0.0000126538
        0.0000047600  -0.0000050768   0.0000383988   0.0000001583  -0.0000384366
        0.0000560977   0.0000242202  -0.0000091996   0.0000405108   0.0000108840
       -0.0000009986   0.0000022951   0.0000026074  -0.0000112936  -0.0000127222
       -0.0000062474  -0.0000095722   0.0000153203  -0.0000030754   0.0000117149
        0.0000014608   0.0000007730   0.0000069989   0.0000072934  -0.0000197669
       -0.0000183249   0.0000154765   0.0000157503  -0.0000703908  -0.0001317710
       -0.0000080318   0.0000494702   0.0000199507  -0.0000276565  -0.0000294526
        0.0000346980   0.0000264398   0.0000234632   0.0000267500  -0.0000594467
       -0.0000110151  -0.0001189923   0.0001031545  -0.0000066272   0.0000334658
        0.0000182274  -0.0000006503   0.0000048697  -0.0000040927   0.0000008976
        0.0000064906  -0.0000073591   0.0000037520   0.0000296366   0.0000213713
       -0.0000061213   0.0000276873  -0.0000181235  -0.0000172795   0.0000067781
        0.0000010488  -0.0000274606   0.0000001526   0.0000075608   0.0000360946
       -0.0000317285  -0.0000050837   0.0000135735   0.0000252289   0.0000053117
       -0.0000077194   0.0000031144  -0.0000083667  -0.0000041307   0.0000063554
        0.0000088029   0.0015682460  -0.0052625926   0.0050791511   0.0023288202
       -0.0226352434  -0.0048989657  -0.0001090877   0.0027462727  -0.0020908782
        0.0189412544  -0.2591220516  -0.0774677359   0.0017972291  -0.0044741560
       -0.0031304597  -0.0012719851  -0.0106376980  -0.0055394699  -0.0235699597
        0.2996837079   0.0884899148  -0.0003897635   0.0002526405   0.0004069083
        0.0003316045  -0.0000609605   0.0000446195  -0.0002214257  -0.0000336304
        0.0001336203   0.0000225364   0.0000793979   0.0000684935   0.0000431365
       -0.0000353033  -0.0000157780   0.0000013830   0.0000027292  -0.0000000679
       -0.0000057861   0.0000115238  -0.0000015425   0.0000022214  -0.0000007988
       -0.0000043199
       -0.0003451287   0.0005067012   0.0005504356   0.0000287619   0.0001533455
        0.0000363396  -0.0000191822  -0.0000378395   0.0000153589   0.0000211898
        0.0000147488  -0.0000235582   0.0000176375  -0.0000166898  -0.0000217729
       -0.0000018265   0.0000065873   0.0000193493  -0.0000098535  -0.0000406350
        0.0000167066   0.0000369498   0.0000216272  -0.0000263608  -0.0000060419
       -0.0000196014  -0.0000368305  -0.0000071017  -0.0000086772  -0.0000036303
       -0.0000099630  -0.0000108111   0.0000077595  -0.0000060445  -0.0000026062
        0.0000035371  -0.0001440610   0.0000091739  -0.0000779239  -0.0001211649
       -0.0001372488   0.0001892866   0.0001698515  -0.0000028938  -0.0001126586
       -0.0000212186   0.0000456159   0.0000145670  -0.0000134733  -0.0000034598
       -0.0000094676  -0.0000006118  -0.0000112822  -0.0000095613   0.0000200942
       -0.0000194554  -0.0000070723   0.0000003256  -0.0000373105  -0.0000072359
        0.0000043096   0.0000030831  -0.0000010940   0.0000257264   0.0000322213
        0.0000052807   0.0000191691   0.0000051821   0.0000108164  -0.0000012518
       -0.0000022108   0.0000026130  -0.0000013408  -0.0000027667   0.0000099261
        0.0000053891  -0.0000012314  -0.0000002752  -0.0000034675   0.0000258257
        0.0000310653  -0.0000163947  -0.0000114343  -0.0000021128   0.0000210792
       -0.0000009561  -0.0000091694  -0.0000088104  -0.0000136550   0.0000305248
        0.0000110846   0.0000967428  -0.0000198544   0.0000184435  -0.0000053517
       -0.0000137679  -0.0000012321  -0.0000010373  -0.0000020105  -0.0000023365
       -0.0000050064   0.0000076626  -0.0000121909  -0.0000048415  -0.0000315388
        0.0000018693  -0.0000143318   0.0000156937   0.0000090642   0.0000026363
       -0.0000039510   0.0000004687  -0.0000006231   0.0000024035  -0.0000035921
        0.0000080808  -0.0000241567  -0.0000019498   0.0000057910  -0.0000041128
        0.0000001184   0.0000007006   0.0000005510  -0.0000045804  -0.0000041263
        0.0000000823  -0.0016180752   0.0056742032  -0.0035877939  -0.0011509331
        0.0199269747   0.0077639402  -0.0005766223  -0.0008551090   0.0024481330
        0.0090318923  -0.0785229218  -0.0710776538   0.0030010568  -0.0187611961
       -0.0072780457  -0.0002225524  -0.0165756231  -0.0058031582  -0.0081705378
        0.0884899148   0.0774601540   0.0002584453  -0.0000000600  -0.0003047878
       -0.0002594465   0.0000769304  -0.0000443402   0.0000724846   0.0000529138
       -0.0001635535   0.0000167765  -0.0000382054   0.0000622146  -0.0000242567
        0.0000128442   0.0000126234   0.0000014504  -0.0000030715   0.0000019613
       -0.0000026324  -0.0000009722  -0.0000072628  -0.0000057633   0.0000013981
       -0.0000042746
       -0.0610051263  -0.0069974838   0.0320692979  -0.0058865444  -0.0053410813
        0.0079678828  -0.0013979243  -0.0027609466   0.0012130317  -0.0013569873
       -0.0022203165  -0.0020911559  -0.0000755588   0.0000418170   0.0009116416
       -0.0017327253  -0.0014472212  -0.0003810120  -0.0003063034  -0.0002124249
        0.0004751540   0.0003453441   0.0001388529  -0.0002461312   0.0001115481
        0.0001737914   0.0001983499  -0.0000219788  -0.0000422303  -0.0002294216
       -0.0003582986  -0.0003315338  -0.0000455316  -0.0001731258  -0.0001805262
       -0.0000965044   0.0388951397  -0.0027277905   0.0058144800   0.0025146239
       -0.0067893594   0.0053972895  -0.0601436859   0.0179905241  -0.0315087751
        0.0027508658  -0.0046692147  -0.0061169160   0.0012801772   0.0079651022
        0.0013326687   0.0004483540   0.0001338351  -0.0004740095  -0.0011365636
        0.0022618759   0.0011830246   0.0005574915   0.0005076700   0.0009618326
        0.0004282222   0.0003910869  -0.0002685975   0.0006665130  -0.0012446700
        0.0003748012  -0.0011498447  -0.0022001195  -0.0017977327   0.0003789729
       -0.0000304956   0.0000474263   0.0000513915  -0.0000620181  -0.0003148088
       -0.0002287407   0.0002505239   0.0000297598  -0.0001700965  -0.0001667616
        0.0000084243   0.0001695952  -0.0000355835  -0.0000350836  -0.0005792969
        0.0007356182  -0.0000144772  -0.0007776281   0.0008299541  -0.0000024538
       -0.0007035893  -0.0002100374   0.0005057762  -0.0005280247   0.0002556107
       -0.0000222980  -0.0002033599  -0.0001395307  -0.0001916320   0.0000125751
        0.0003303551  -0.0000555843  -0.0000648984   0.0001510531  -0.0003896005
       -0.0009593094  -0.0007470510  -0.0010009637  -0.0003687789   0.0000691283
       -0.0002767285   0.0001242428   0.0000471291   0.0000026750  -0.0001168840
       -0.0000423039   0.0001542788  -0.0005435986  -0.0002711063  -0.0007557021
        0.0001153431   0.0001037427  -0.0001721321  -0.0002252397  -0.0001117415
        0.0001680388   0.0070779402  -0.0096874529  -0.0002548896  -0.0045763363
        0.0081803097   0.0049989697   0.0032739045  -0.0002924000  -0.0034696177
        0.0002683643  -0.0014996584   0.0000281647   0.0000601076  -0.0000551252
       -0.0001462549   0.0001312744  -0.0000177665   0.0001343382   0.0000159204
       -0.0003897635   0.0002584453   0.0999431959   0.0096119997  -0.0301001787
       -0.0076447683  -0.0021518278   0.0157491084  -0.0016895271   0.0014177843
       -0.0030164815  -0.0040893555   0.0018962125   0.0026557299  -0.0012740417
       -0.0001571840   0.0006708831   0.0000186865  -0.0001794172   0.0001252277
        0.0000687519  -0.0001347648   0.0000354038  -0.0002204048   0.0000629314
        0.0000025703
       -0.0125244679  -0.0409348389   0.0292652813  -0.0057794662  -0.0031952474
        0.0075562703  -0.0023395357  -0.0014205123  -0.0005229899  -0.0025693937
       -0.0024105653  -0.0022295876  -0.0000433399  -0.0004633498   0.0010199698
       -0.0018744012  -0.0026113805  -0.0001795845  -0.0003982058  -0.0007419319
        0.0005036345  -0.0000236208  -0.0000098106  -0.0002197625   0.0000563961
       -0.0001137530   0.0002351104   0.0000628706  -0.0001148251  -0.0000346664
       -0.0001766432  -0.0004317033  -0.0000803830  -0.0001036772  -0.0002068550
        0.0000032453  -0.0004439416  -0.0236781027   0.0050420565   0.0055709796
       -0.0014481507   0.0103539045   0.0039600204   0.0029303311   0.0034332253
       -0.0005000983  -0.0002467409   0.0003929115   0.0004987674  -0.0027417106
       -0.0004419503  -0.0000753495  -0.0000700480   0.0002780279   0.0001497788
       -0.0000174430  -0.0000211664   0.0011250454  -0.0010578055  -0.0012603491
        0.0001708193   0.0000505813   0.0003500333  -0.0008866205  -0.0016018944
       -0.0002319798   0.0001796551   0.0009910015   0.0006450523   0.0000204539
       -0.0000273531  -0.0001600598  -0.0000394144  -0.0001536327  -0.0002211917
       -0.0000485751   0.0001478670   0.0000593229  -0.0000696510   0.0002551034
       -0.0001467724   0.0001556592   0.0000914801   0.0000938134   0.0000051340
        0.0000865978   0.0000361499   0.0006869651  -0.0014452590   0.0003614126
        0.0001388714   0.0005781809  -0.0002242559   0.0005759807  -0.0002726159
        0.0002528479   0.0000430140   0.0002642924  -0.0000927749   0.0001288253
        0.0003095618  -0.0005395297   0.0001533343  -0.0000622482   0.0001893186
       -0.0013857179  -0.0000164683  -0.0017210367  -0.0003433203   0.0003415465
       -0.0002864136  -0.0002914530   0.0001923507  -0.0001493682  -0.0001162707
        0.0000123895  -0.0002801709   0.0001770458   0.0002533156   0.0002438552
       -0.0001646318   0.0001873022   0.0000003034   0.0000547528   0.0002018079
       -0.0000235547  -0.0003459510   0.0044818477   0.0056360586   0.0017133684
       -0.0036022475  -0.0042978489  -0.0001312768   0.0005885095   0.0030813261
       -0.0001784833   0.0001941271   0.0004135197   0.0000652467   0.0000237853
        0.0000257657  -0.0000050065   0.0001025387  -0.0000207033   0.0000096830
        0.0002526405  -0.0000000600   0.0096119997   0.0726411072  -0.0524539848
        0.0028123897   0.0042792501  -0.0046738000   0.0004751284  -0.0022379280
        0.0013647389   0.0024799975   0.0022155191   0.0001778303   0.0000109417
       -0.0001013888  -0.0003004847  -0.0001754491  -0.0001401469  -0.0000924742
       -0.0001337738  -0.0000031779   0.0000158569   0.0000746120  -0.0000938998
       -0.0001239390
        0.0389507437   0.0258665732  -0.1366315001  -0.0009238472  -0.0004606274
       -0.0057817731  -0.0017237424  -0.0028117745  -0.0045111421   0.0014528712
        0.0012683969   0.0011591061  -0.0005429615  -0.0005389588   0.0005184285
       -0.0013430406  -0.0011600431   0.0011943943   0.0002490211   0.0001726219
       -0.0002546962  -0.0007317511  -0.0006528616   0.0004682149  -0.0001992406
       -0.0002728331  -0.0001620424   0.0001110067   0.0000038999   0.0003745506
        0.0000112695   0.0001086779   0.0001730225  -0.0001013839  -0.0001577616
        0.0002280429  -0.0061054078   0.0075650209  -0.0323001119  -0.0088638660
        0.0012728510  -0.0062408080   0.0003630019   0.0050851306  -0.0016605378
       -0.0002436708  -0.0009410881  -0.0016933791  -0.0002672446   0.0007929704
       -0.0005905042  -0.0001827895   0.0003501925  -0.0003089660  -0.0000568386
        0.0006400808   0.0005768132   0.0005902813  -0.0009195130  -0.0011883009
       -0.0000699161   0.0003173589  -0.0004038395   0.0003294475  -0.0004945529
        0.0001964119  -0.0000787769  -0.0002404327  -0.0000359926  -0.0000604915
       -0.0001487928   0.0001033140  -0.0001519162  -0.0003713606   0.0008510129
        0.0000167379  -0.0000797645   0.0002427063   0.0001300357  -0.0002787527
        0.0001461130   0.0002095410  -0.0000919507   0.0002148454  -0.0001679341
        0.0001922626   0.0001810228   0.0004476014  -0.0005392167   0.0016252106
        0.0001986240   0.0005195118  -0.0007603077   0.0004615522  -0.0001255457
        0.0001908365   0.0000772113   0.0000178577   0.0001733889  -0.0000908686
       -0.0006149108   0.0003404011   0.0005552623   0.0006003883   0.0002634374
       -0.0013581984  -0.0018005139  -0.0018789622  -0.0000918808   0.0001290566
       -0.0001402125  -0.0000938206   0.0000296997   0.0001439118   0.0002280867
       -0.0001108649   0.0003653322   0.0000069918   0.0000420749   0.0000392682
        0.0002814819  -0.0000266956   0.0001916387  -0.0000801537  -0.0000357030
        0.0001834013   0.0004511169   0.0151996308  -0.0050273048   0.0011298895
        0.0001503394  -0.0066853636  -0.0000796661  -0.0002370483   0.0034102265
       -0.0011071438   0.0018983154   0.0001817474  -0.0003668618  -0.0001806643
        0.0005037847   0.0002173925   0.0001233410   0.0001543015  -0.0002048252
        0.0004069083  -0.0003047878  -0.0301001787  -0.0524539848   0.1943945766
       -0.0011049994  -0.0005050341   0.0015467462   0.0003542978   0.0026617923
       -0.0039645373   0.0092927247   0.0016572641   0.0008996984   0.0003833437
       -0.0008089356  -0.0003736887   0.0002368969  -0.0000653485  -0.0001461458
        0.0000921861   0.0001651037  -0.0001643957  -0.0003352002  -0.0001117873
       -0.0000266072
       -0.0316964566  -0.0026201217   0.0043519572  -0.0001863537  -0.0018862340
       -0.0042792496  -0.0004186631  -0.0002029892  -0.0017230374  -0.0005984860
       -0.0007930010   0.0010425754   0.0000452138  -0.0002291071  -0.0002211400
       -0.0004613986  -0.0001893311  -0.0005055421   0.0004941420   0.0000617360
        0.0001002209  -0.0004677418   0.0008262272  -0.0002654183  -0.0000217624
       -0.0000589135  -0.0002724962  -0.0000540053   0.0000809081   0.0000821112
        0.0001876054   0.0002194941  -0.0000406479  -0.0000462611   0.0001841760
       -0.0000088822   0.0032670267  -0.0000146468   0.0002606489   0.0048276498
        0.0080488401  -0.0047261479  -0.0049341159  -0.0045887710   0.0055433179
       -0.0001527728  -0.0007866061  -0.0017943878   0.0003668993   0.0014190293
        0.0000706455  -0.0000988629   0.0001848926  -0.0000151987  -0.0003185941
        0.0005349291   0.0002141604   0.0001145216   0.0001592302   0.0001578809
       -0.0000716568  -0.0000171675  -0.0000910252  -0.0000865959  -0.0003817463
       -0.0005652352  -0.0002679235  -0.0002992183  -0.0004195312   0.0001098998
       -0.0000304946   0.0000445342   0.0000408064  -0.0000399494  -0.0000991711
       -0.0001395665   0.0000460840   0.0000986832   0.0001513261  -0.0003502504
        0.0001207412   0.0000644124  -0.0000626419   0.0000144192  -0.0001296803
        0.0001901169   0.0000544238  -0.0000862334  -0.0001243535  -0.0001524488
       -0.0001332283  -0.0003135977  -0.0002600217  -0.0001535278   0.0001545562
        0.0000966967  -0.0001020813  -0.0000558793  -0.0000210968   0.0000380932
        0.0001319125  -0.0000743604  -0.0004832592   0.0001772215   0.0007720271
        0.0001314721   0.0006667772  -0.0002172712  -0.0002499407  -0.0001261993
        0.0000963347  -0.0000010476   0.0000043710   0.0000558751   0.0001765841
       -0.0000681178   0.0004072853  -0.0000662739  -0.0000710955  -0.0000792233
        0.0000615868   0.0000366235  -0.0000212669  -0.0001397985  -0.0000729048
        0.0001331325  -0.0004333420   0.0092753038  -0.0016891046   0.0002296578
       -0.0030054550  -0.0023657365   0.0009314221   0.0002544509   0.0012249405
       -0.0003971886   0.0013202616  -0.0000967110   0.0000153564   0.0000816535
       -0.0000859567   0.0000290971  -0.0000128297   0.0001513189  -0.0000907173
        0.0003316045  -0.0002594465  -0.0076447683   0.0028123897  -0.0011049994
        0.2544753783   0.0214088329  -0.2180437742  -0.2049729013  -0.0179927451
        0.1542581668   0.0343941067  -0.0215865481   0.0287049722  -0.0378839901
        0.0055097789   0.0383030091   0.0022566288  -0.0022700620   0.0006192480
       -0.0025832270   0.0004288056   0.0011704603  -0.0068364641   0.0037007707
        0.0013487416
        0.0088780881  -0.0225015265   0.0076292594   0.0036483245  -0.0092132464
        0.0013189664  -0.0001006534  -0.0008033359   0.0007466416   0.0013254358
        0.0002041856  -0.0007866942  -0.0006001701   0.0008116004   0.0003079713
        0.0001495070  -0.0005791376   0.0002139082  -0.0009367694   0.0005138383
       -0.0009359923   0.0005444578  -0.0000268911  -0.0000593773  -0.0000446732
        0.0000398606   0.0004685331   0.0000038172  -0.0000604025  -0.0001736744
       -0.0001472698  -0.0000961543   0.0000101493   0.0001280358  -0.0003161697
       -0.0000532212  -0.0007548945  -0.0007057061   0.0007771416  -0.0051183967
       -0.0004498829   0.0036882569   0.0027339630   0.0028812174  -0.0040100764
       -0.0000415802   0.0000351112   0.0007000940  -0.0000420695  -0.0011965480
       -0.0001196498   0.0000468380  -0.0000492916   0.0000637203   0.0001263685
       -0.0001730885  -0.0000683629   0.0000308836   0.0000143453  -0.0000374715
        0.0000876417   0.0000392760   0.0001211934  -0.0003156452   0.0001369203
        0.0003527935   0.0000600500   0.0002888266   0.0002599578  -0.0000445835
       -0.0000135044  -0.0000407594  -0.0000066712  -0.0000102182  -0.0000074993
        0.0000282918   0.0000180814  -0.0000093524  -0.0000991508   0.0001366667
       -0.0001218820   0.0000463346   0.0000247733   0.0000034605   0.0000239397
       -0.0000270447  -0.0000053686  -0.0000214452  -0.0000724047   0.0001482534
       -0.0001349312   0.0002318198   0.0001021316   0.0000528284   0.0000219122
       -0.0000243957   0.0000921697   0.0000834454   0.0000095624   0.0000198891
       -0.0000366426  -0.0000895139   0.0001992643  -0.0004074254  -0.0000710853
        0.0004912471  -0.0002438344  -0.0002200892   0.0001346617   0.0000936786
        0.0000292215  -0.0001033531   0.0000260549  -0.0000736009  -0.0001013246
       -0.0000340314  -0.0002066047   0.0001025540   0.0000568744   0.0001132579
       -0.0000775949   0.0000185240   0.0000198081   0.0000725550   0.0000776144
       -0.0000412911   0.0017802460  -0.0006793133   0.0032402495  -0.0004501869
       -0.0000305661   0.0004445654   0.0008312242  -0.0003763124  -0.0002105918
       -0.0000097699  -0.0006600589   0.0002441942   0.0000389161  -0.0000146642
       -0.0000569712  -0.0000383789  -0.0000074969  -0.0000501159   0.0000168612
       -0.0000609605   0.0000769304  -0.0021518278   0.0042792501  -0.0005050341
        0.0214088329   0.1111049718  -0.1318381009  -0.0362428270  -0.0891197773
        0.0709663588  -0.0146192745  -0.0037882189   0.0583007136   0.0161567721
        0.0116775117  -0.0097625838  -0.0004550706  -0.0002669346  -0.0009064317
       -0.0010017454   0.0005178672   0.0009355792   0.0044002585  -0.0013134380
       -0.0008070818
       -0.0082390354   0.0120419184  -0.0398796251  -0.0001319600  -0.0025977026
        0.0006138409   0.0007564412  -0.0006390311  -0.0004456968  -0.0002414896
        0.0005977165  -0.0008748211   0.0002821926   0.0002403288   0.0004484640
       -0.0005524182   0.0006149179   0.0005153500  -0.0001204678  -0.0001526807
       -0.0000428463  -0.0004323081  -0.0010407029   0.0003584794  -0.0000731347
       -0.0000954073   0.0002626438  -0.0000568379   0.0000387536   0.0002105452
       -0.0001409780  -0.0000833172   0.0000492728  -0.0000938284   0.0000159722
        0.0001216430  -0.0026414387   0.0008236276  -0.0025637382  -0.0036104577
        0.0059770941  -0.0007752091  -0.0000347554  -0.0019628855   0.0033747296
       -0.0003136135   0.0001308773  -0.0003606809   0.0001643871  -0.0000746586
       -0.0002941343  -0.0001230243   0.0001121713  -0.0000155075  -0.0000314332
        0.0001396787   0.0000686782  -0.0000166374   0.0000924387  -0.0000239822
       -0.0000959201   0.0000585119  -0.0000577675  -0.0004537100  -0.0004482051
       -0.0004174368   0.0000092063   0.0000065424  -0.0000675718  -0.0000130147
       -0.0000132390   0.0000179611  -0.0000552880  -0.0000343785   0.0000619479
       -0.0000519132  -0.0000115324   0.0000410827   0.0001038930  -0.0002424675
        0.0001259985   0.0000723559  -0.0000375385   0.0000792268  -0.0000563275
        0.0000015126   0.0000470436  -0.0001326428   0.0000330946   0.0000910472
       -0.0000850997  -0.0001215790  -0.0001812419   0.0000135278  -0.0000700333
        0.0000587800  -0.0000111063   0.0000074626   0.0000518958  -0.0000666285
       -0.0000277404   0.0000282181  -0.0003641050   0.0000112909   0.0004035548
       -0.0004227216   0.0001149234  -0.0003726512  -0.0001832032  -0.0000128706
        0.0001456832   0.0000264402  -0.0000286661   0.0000604421   0.0001341837
       -0.0001322508   0.0002759314   0.0000328456   0.0000440134   0.0000705688
        0.0001336357  -0.0000188455   0.0000120382  -0.0000634200  -0.0000182812
        0.0000600617  -0.0012732645   0.0030549751  -0.0000703319   0.0003733211
        0.0015663858  -0.0027512211  -0.0001377671   0.0002826917   0.0014009262
       -0.0001266314   0.0004171203  -0.0000228437  -0.0001551256  -0.0001466005
        0.0002114462   0.0001974176  -0.0000180719   0.0001224956  -0.0000708418
        0.0000446195  -0.0000443402   0.0157491084  -0.0046738000   0.0015467462
       -0.2180437742  -0.1318381009   0.4357712687   0.1779342475   0.0593540162
       -0.3122506767   0.0167145839   0.0596965533  -0.0770865989   0.0238564042
       -0.0011887258  -0.0097477660   0.0004720628   0.0005363242   0.0007869227
       -0.0005953514   0.0011547537   0.0001199326   0.0022854205  -0.0014809740
        0.0007318225
       -0.0333916913   0.0266544767  -0.0048231764   0.0005709082   0.0019483039
        0.0016777216  -0.0000674800  -0.0005752940   0.0007466369   0.0001362100
       -0.0000005693  -0.0007313356  -0.0000191146  -0.0000656755   0.0000865013
       -0.0001421419   0.0001682163   0.0004583516  -0.0002123950   0.0000251279
       -0.0002828488   0.0005064638   0.0001239089  -0.0000978096  -0.0000992274
       -0.0000054546   0.0000116287  -0.0000944834  -0.0001684235  -0.0001971883
       -0.0003012971  -0.0003946209   0.0000250005  -0.0001283158  -0.0002233744
       -0.0001035616  -0.0013382887  -0.0001544413   0.0009578606  -0.0029226395
        0.0010716245  -0.0006729549  -0.0012233116  -0.0000720884   0.0001996493
       -0.0005180419   0.0011779815   0.0008742836  -0.0005150326  -0.0009202281
       -0.0006078635   0.0000600794  -0.0001738617   0.0001051498   0.0000986612
       -0.0001787704  -0.0001583597   0.0000288249  -0.0000717542   0.0000855978
        0.0000600097  -0.0000804895   0.0001615394   0.0003472907   0.0000684981
        0.0001041972   0.0001360048   0.0001450993   0.0000565324  -0.0001309183
        0.0000397230  -0.0000633277  -0.0000724178   0.0000595025  -0.0000139171
        0.0001247690  -0.0000987522  -0.0001272132  -0.0000670078   0.0000352249
        0.0000587430   0.0000682514   0.0000524264   0.0000952091   0.0000685687
       -0.0002106046  -0.0000351286  -0.0001309905   0.0001355591   0.0000246332
       -0.0000136026   0.0000385275   0.0001394817   0.0000972025  -0.0002399876
       -0.0001284560   0.0000892263   0.0001216534   0.0000385204  -0.0000892786
       -0.0000150302   0.0000061867  -0.0001316409   0.0001907240  -0.0005475126
       -0.0003483335  -0.0002955882   0.0003411324   0.0001724931   0.0001645526
        0.0000770275   0.0001577882  -0.0001087831   0.0000075271  -0.0000900712
       -0.0000123904  -0.0000355614   0.0000067427   0.0000866052   0.0001348517
        0.0000605940  -0.0000630844   0.0000627745   0.0001406213   0.0000519967
       -0.0001137876  -0.0010379086  -0.0041151789   0.0022696576  -0.0010783204
        0.0053806951  -0.0015198557  -0.0001151491  -0.0019171460  -0.0003284884
        0.0003727023  -0.0005469513   0.0005354642  -0.0000881387  -0.0000453918
        0.0000349684   0.0000975760  -0.0000681782   0.0000678721   0.0000124311
       -0.0002214257   0.0000724846  -0.0016895271   0.0004751284   0.0003542978
       -0.2049729013  -0.0362428270   0.1779342475   0.5435917627  -0.1393713899
       -0.1062226644  -0.1216325601   0.0884319612  -0.0805532782  -0.1487925651
        0.0402102891   0.0034028150  -0.0092033387   0.0090489971  -0.0027181247
        0.0042318212   0.0022213130   0.0018568491  -0.0205788719   0.0085296392
        0.0070170195
        0.0177083397   0.0104353033  -0.0254228553   0.0008058591  -0.0012676926
        0.0009301250   0.0004582966   0.0000597634  -0.0006384724  -0.0005366769
       -0.0000935294  -0.0008872980   0.0000486070   0.0002141710   0.0000483967
       -0.0000750370   0.0002806752   0.0002261816  -0.0005529575  -0.0003841280
        0.0000171918  -0.0002855907  -0.0019374746   0.0010728854  -0.0001389615
       -0.0001873883   0.0000960365   0.0000407068   0.0000965922   0.0003581973
        0.0000306422   0.0000881239   0.0000908160   0.0001124641   0.0001362356
        0.0002703163   0.0031530320   0.0001339410  -0.0000639247   0.0005814451
       -0.0019145983   0.0009365344   0.0014247768   0.0010178794  -0.0011048149
        0.0004659903  -0.0005434327  -0.0002357066   0.0004464740   0.0007880593
        0.0005522242  -0.0000552563   0.0000743064  -0.0001144098   0.0000118470
       -0.0000149303   0.0000556268  -0.0000640383  -0.0000343754  -0.0001322467
       -0.0000771941   0.0000513584  -0.0001541886  -0.0001443943  -0.0002919771
       -0.0002507756   0.0000181027  -0.0001248422  -0.0000136902   0.0000860054
       -0.0000012826   0.0000471362  -0.0000017862  -0.0000167924   0.0000709361
       -0.0000448925   0.0000346251   0.0000519503   0.0000467513   0.0000080949
        0.0000130116  -0.0000923292  -0.0000308205  -0.0000481454  -0.0000132325
        0.0000538325   0.0000091048   0.0001161866  -0.0000078228  -0.0000374645
        0.0001316565  -0.0000397179  -0.0000810997  -0.0000141453   0.0000463952
        0.0000726317  -0.0000730892  -0.0001221875  -0.0000100785  -0.0000053336
       -0.0000221431   0.0000942623  -0.0000850813   0.0000749270   0.0000904534
       -0.0003725038   0.0001697142   0.0000025011  -0.0001957973  -0.0001730064
       -0.0000401730   0.0000019096   0.0000385750   0.0000382535   0.0000582875
        0.0000238974   0.0000208832  -0.0000360425  -0.0000482061  -0.0001075490
        0.0000264632  -0.0000020084  -0.0000505772  -0.0000868375  -0.0000552943
        0.0000438924  -0.0017409473  -0.0010572251   0.0007384087   0.0013699625
       -0.0016984596   0.0006954181  -0.0009531688   0.0011087792   0.0001612378
       -0.0000947390   0.0000948222  -0.0004563458  -0.0000086209  -0.0000726993
        0.0001910300  -0.0000093267   0.0000508025  -0.0000815011   0.0000225099
       -0.0000336304   0.0000529138   0.0014177843  -0.0022379280   0.0026617923
       -0.0179927451  -0.0891197773   0.0593540162  -0.1393713899   0.4535385747
       -0.2351902838   0.0751456459  -0.2597547465   0.2085887272   0.0453372746
       -0.0921937375  -0.0087815286   0.0059310614  -0.0051057020   0.0026160019
        0.0232753292  -0.0182226772  -0.0060509331  -0.0151512959   0.0081907847
       -0.0003150321
        0.0017821961  -0.0268748913   0.0467214889   0.0004568703   0.0000672203
       -0.0027180218  -0.0007370105  -0.0000785488  -0.0002281056   0.0002554077
       -0.0020445753   0.0009132106  -0.0003902231  -0.0004791916  -0.0007072215
        0.0005727378  -0.0004650934  -0.0006955937   0.0004428379   0.0001423403
        0.0003647370   0.0002061878   0.0019116939  -0.0005996185   0.0000546435
        0.0001776375  -0.0005812223   0.0000331631   0.0000009160  -0.0002190915
        0.0002579706   0.0001677367  -0.0000884926   0.0000574324   0.0000719849
       -0.0001632956  -0.0021570276   0.0001944840  -0.0000720696   0.0027419162
        0.0005367148  -0.0014296592  -0.0013115812  -0.0011393324   0.0013577028
       -0.0001857937  -0.0002180201  -0.0003713267  -0.0001161112   0.0003828313
        0.0001513010   0.0000315956   0.0000247748   0.0000398364  -0.0001104637
        0.0001294254   0.0000174073   0.0000133771   0.0000251198   0.0000827306
        0.0000570073  -0.0001019582  -0.0000024549   0.0001511767   0.0000192498
        0.0000013270  -0.0001060115  -0.0000954691  -0.0001444767   0.0000296475
       -0.0000001796  -0.0000149898   0.0000739207   0.0000115102  -0.0000882768
       -0.0000220969   0.0000005074   0.0000100167   0.0000154715  -0.0000260557
       -0.0000162412  -0.0000090402   0.0000041965  -0.0000384970   0.0000053047
        0.0000634931  -0.0000072265   0.0000381254  -0.0000287033  -0.0000645701
       -0.0000274229  -0.0000409382   0.0000189864  -0.0000873577   0.0001099632
       -0.0000177495  -0.0000378854  -0.0000131980  -0.0000452391   0.0000862591
        0.0000719703  -0.0000606071  -0.0002597109  -0.0000176834   0.0001440360
        0.0005403343   0.0000969817   0.0001747355  -0.0000013969  -0.0000386426
       -0.0000534076  -0.0000022522  -0.0000005214  -0.0000363179  -0.0000191412
        0.0000817212   0.0000328528  -0.0000581562  -0.0000919055  -0.0000490965
       -0.0000846054   0.0000347661  -0.0000033614   0.0000099124  -0.0000151169
        0.0000069527   0.0023862807   0.0046483075  -0.0038707260  -0.0006790511
       -0.0013810992   0.0018187957   0.0007499935   0.0000497009  -0.0013717054
       -0.0002440665   0.0003990870  -0.0000166801   0.0001444681   0.0002072241
       -0.0002217897  -0.0001669868   0.0000500286  -0.0000081878  -0.0000005818
        0.0001336203  -0.0001635535  -0.0030164815   0.0013647389  -0.0039645373
        0.1542581668   0.0709663588  -0.3122506767  -0.1062226644  -0.2351902838
        0.6318833681  -0.0568256336   0.1977294143  -0.2861098714   0.0045633679
       -0.0092002897  -0.0635996435  -0.0251144452   0.0139576329   0.0000370796
        0.0137680438  -0.0108490211  -0.0012207240   0.0142093827  -0.0054426338
       -0.0024622392
       -0.0258425399  -0.0017925975  -0.0032507651  -0.0030518435  -0.0045864169
        0.0002405303   0.0004529279   0.0010862019  -0.0011842575  -0.0004985476
       -0.0009205513   0.0016638723  -0.0000114324  -0.0001248255   0.0001294313
       -0.0001602486   0.0000495919  -0.0007991083   0.0000338738  -0.0001963043
       -0.0001740356  -0.0004078440   0.0006392087  -0.0003088108  -0.0001708790
       -0.0001354559  -0.0000580320   0.0001425722   0.0001543716   0.0001937145
        0.0002152598   0.0003045325  -0.0001130385   0.0000431507   0.0001941609
       -0.0000319628   0.0016583584  -0.0007923009   0.0015239286  -0.0022558028
        0.0035121288   0.0016197912  -0.0024849980   0.0002046289   0.0009954492
        0.0002254841  -0.0007723797  -0.0005576114   0.0007513764   0.0004688033
        0.0003041180  -0.0001123825   0.0001579667   0.0000707876  -0.0001757922
        0.0002791921   0.0000912280  -0.0000066180   0.0001702847   0.0001153838
       -0.0000359657   0.0000134683  -0.0000400265  -0.0004122293  -0.0006975848
       -0.0005828926  -0.0001204839  -0.0000820731  -0.0002100251   0.0000801319
       -0.0000302277   0.0000315225   0.0000359678  -0.0000010844  -0.0001549818
       -0.0001380772   0.0000454297   0.0000873519   0.0000720276  -0.0002559706
        0.0001008175   0.0000389914  -0.0000495229   0.0000053539  -0.0000882250
        0.0001128862   0.0000688815   0.0000223662  -0.0001927188  -0.0003110354
       -0.0000903290  -0.0003555953  -0.0001362916  -0.0001526676   0.0001459859
        0.0001029879  -0.0000789948  -0.0000200653  -0.0000178876   0.0000286149
        0.0001705650  -0.0001346664  -0.0005728600   0.0000051896   0.0010935541
       -0.0002664715   0.0008521725  -0.0004866395  -0.0004576287  -0.0000482930
        0.0001003767  -0.0000468721   0.0000123257   0.0000403811   0.0001217225
       -0.0001387852   0.0003358575   0.0000009123  -0.0000382272   0.0000184164
        0.0000269456   0.0000348883  -0.0000213547  -0.0001171671  -0.0000415607
        0.0001144012   0.0008684507   0.0010557668   0.0006032904  -0.0002045740
       -0.0046097536   0.0023042410   0.0004496786   0.0009408212  -0.0002059518
       -0.0001764570   0.0000811058  -0.0005955062   0.0000338245   0.0001036598
       -0.0001354636  -0.0000027586  -0.0000112816   0.0000861504   0.0000273754
        0.0000225364   0.0000167765  -0.0040893555   0.0024799975   0.0092927247
        0.0343941067  -0.0146192745   0.0167145839  -0.1216325601   0.0751456459
       -0.0568256336   0.1466340333  -0.0989153600   0.0548190745  -0.0171807665
        0.0355831375  -0.0244705012  -0.0062326103   0.0044328352  -0.0001130517
       -0.0021197798   0.0016220770  -0.0007176261   0.0030376092  -0.0006533557
       -0.0012478211
       -0.0018013171  -0.0253010992   0.0139955314   0.0025278346  -0.0027445363
       -0.0057407142  -0.0003827166  -0.0007914670   0.0004944897   0.0012389053
       -0.0051307801  -0.0009327320  -0.0005768705  -0.0002948938  -0.0004348692
        0.0001841498  -0.0003598432  -0.0002506051   0.0007879212   0.0005028102
       -0.0001905148   0.0006094632  -0.0019678132  -0.0020288147   0.0000645245
        0.0003646832  -0.0004910639  -0.0000825063  -0.0000499165  -0.0002897957
        0.0000924580  -0.0000063626  -0.0000371590  -0.0000556661  -0.0000907991
       -0.0002567988  -0.0032824926   0.0002639398  -0.0007134487  -0.0027324347
        0.0044916192  -0.0003864192  -0.0010791898  -0.0006789813   0.0012028002
       -0.0003612626   0.0000792736  -0.0000513836  -0.0001925660  -0.0005115684
       -0.0003664043   0.0000056553   0.0000293646   0.0000991444  -0.0000586936
        0.0000916628   0.0000197588   0.0000904651   0.0000843832   0.0001167543
        0.0000503379  -0.0000119717   0.0000810114  -0.0004511378  -0.0002502974
       -0.0000768093  -0.0000344067   0.0000589042  -0.0000159052  -0.0000316486
       -0.0000114200  -0.0000245245   0.0000118258  -0.0000030917  -0.0000627422
       -0.0000242478  -0.0000041212   0.0000051453  -0.0000064096  -0.0000877975
       -0.0000120548   0.0000864576   0.0000037562   0.0000346037  -0.0000283753
        0.0000188700   0.0000199129  -0.0000657640  -0.0000608381   0.0000228434
       -0.0002245833  -0.0000074474   0.0000488654  -0.0000236635   0.0000177541
       -0.0000251853   0.0000291811   0.0000763724   0.0000100034   0.0000161281
        0.0000340711  -0.0000851176  -0.0001621401  -0.0002107313   0.0001717827
        0.0001111187  -0.0000656339  -0.0001432834  -0.0000390974   0.0000648396
        0.0000533338  -0.0000417578  -0.0000123002  -0.0000157685   0.0000111362
       -0.0000683068   0.0000707855   0.0000419600   0.0000287769   0.0000769021
       -0.0000116707   0.0000118561   0.0000229016   0.0000280632   0.0000332258
        0.0000080503   0.0060816819   0.0001712306  -0.0019858920  -0.0010396060
        0.0008191801  -0.0001248891   0.0010717670  -0.0005015247   0.0000707248
       -0.0000943580  -0.0000467789   0.0003319030  -0.0000010951   0.0000321029
       -0.0001844559   0.0000318369  -0.0000215753   0.0000629133  -0.0000676763
        0.0000793979  -0.0000382054   0.0018962125   0.0022155191   0.0016572641
       -0.0215865481  -0.0037882189   0.0596965533   0.0884319612  -0.2597547465
        0.1977294143  -0.0989153600   0.3153883930  -0.2872148729   0.0252622356
       -0.0210888132   0.0252458946   0.0057948888  -0.0026407776  -0.0003321213
       -0.0006254227   0.0010595298   0.0006484970  -0.0004774848   0.0005429369
        0.0005147657
        0.0019310928   0.0107412051  -0.0309803594   0.0048240631  -0.0030505123
       -0.0038833434  -0.0001329565  -0.0011255870   0.0003389901   0.0004923184
       -0.0005115070  -0.0010528123  -0.0006312396   0.0002102285  -0.0000371341
       -0.0002466514  -0.0000654783   0.0005937051  -0.0000692702   0.0004222026
       -0.0001126169   0.0002249011  -0.0015659004  -0.0000679173   0.0001463715
        0.0001186920  -0.0001523288  -0.0001611040  -0.0000449353  -0.0000259142
       -0.0001653075  -0.0001313141   0.0000881533  -0.0000133087  -0.0001498847
        0.0000724540   0.0018403040   0.0001825607  -0.0002373776  -0.0018663107
       -0.0002672309   0.0013054220   0.0021495871   0.0009582332  -0.0015107847
        0.0000917254   0.0000589097   0.0002052131  -0.0000993471  -0.0002763703
       -0.0001482192  -0.0000043011  -0.0000228696  -0.0000567854   0.0001155443
       -0.0001308046  -0.0000134583   0.0000397406  -0.0000493635  -0.0001075862
       -0.0000448411   0.0000878693   0.0000021765  -0.0002154626   0.0000698973
        0.0000488328   0.0000892199   0.0000923390   0.0001553376  -0.0000213378
        0.0000046614   0.0000015097  -0.0000419425  -0.0000312322   0.0001132349
        0.0000291131   0.0000122549  -0.0000058137  -0.0000370604   0.0000772233
       -0.0000479956   0.0000139507   0.0000039486   0.0000065627   0.0000028350
       -0.0000241896  -0.0000092702   0.0000023988  -0.0000287039   0.0001834398
       -0.0000171661   0.0001841079  -0.0000495568   0.0000917591  -0.0000448595
       -0.0000027365   0.0000504551   0.0000085552   0.0000253319  -0.0000431229
       -0.0001016004   0.0000733726   0.0003398972  -0.0001049061  -0.0003090073
       -0.0001855987  -0.0002790678  -0.0000439436   0.0000873983   0.0000040142
        0.0000127914  -0.0000233898   0.0000137308   0.0000085107  -0.0000026529
       -0.0000504833  -0.0001106274   0.0000633783   0.0000692221   0.0000197229
        0.0000370499  -0.0000221393   0.0000018290   0.0000050582   0.0000248240
       -0.0000182974  -0.0062200293   0.0011127061   0.0040595115   0.0011656770
       -0.0011444326  -0.0042732172  -0.0003557228  -0.0002796871   0.0027988007
        0.0002868087  -0.0000177241   0.0002829526  -0.0000849779  -0.0002094793
        0.0001489200   0.0001190023  -0.0000835641   0.0000104649  -0.0000149747
        0.0000684935   0.0000622146   0.0026557299   0.0001778303   0.0008996984
        0.0287049722   0.0583007136  -0.0770865989  -0.0805532782   0.2085887272
       -0.2861098714   0.0548190745  -0.2872148729   0.3929346415  -0.0082276259
        0.0157425098   0.0024741633  -0.0000927590  -0.0000238734   0.0010073228
       -0.0009757110   0.0011913340  -0.0009490958   0.0001280240  -0.0014744206
       -0.0005326113
        0.0071819563  -0.0022767027   0.0013478532  -0.0004996484   0.0006245416
        0.0001186725   0.0000242332   0.0001412872  -0.0001843105  -0.0002320760
        0.0000708716   0.0002599158   0.0001140964  -0.0000377486  -0.0000180193
        0.0000025868  -0.0000125255  -0.0001302210   0.0000048376  -0.0000778892
        0.0000903231  -0.0001007863  -0.0002561160   0.0000156863   0.0000042054
       -0.0000113497   0.0000464144   0.0000238110   0.0000455882   0.0000811328
        0.0000712843   0.0000953404  -0.0000184944   0.0000378069   0.0000827661
        0.0000461034   0.0007337042  -0.0001266860   0.0002001877   0.0000641499
        0.0001223002  -0.0003312994  -0.0005782766  -0.0000881347   0.0001292262
        0.0001028444  -0.0001607952  -0.0001610326   0.0001133996   0.0002257253
        0.0001081451  -0.0000070689   0.0000243863  -0.0000176660  -0.0000324789
        0.0000493837   0.0000242627  -0.0000290136   0.0000106818   0.0000222581
       -0.0000093170   0.0000104797  -0.0000231585   0.0000064097  -0.0000429845
       -0.0000202246  -0.0000361947  -0.0000410258  -0.0000390944   0.0000282884
       -0.0000040598   0.0000112605   0.0000099540   0.0000005862  -0.0000194316
       -0.0000350012   0.0000172810   0.0000192648   0.0000218842  -0.0000311447
        0.0000176193  -0.0000232345  -0.0000094026  -0.0000147580  -0.0000190948
        0.0000346357   0.0000073035   0.0000192195  -0.0000090278  -0.0000573262
        0.0000169058  -0.0000485475  -0.0000247008  -0.0000438002   0.0000443900
        0.0000237982  -0.0000365744  -0.0000283601  -0.0000063478   0.0000134268
        0.0000257617  -0.0000085577  -0.0000088252   0.0000245326   0.0001081263
        0.0000383377   0.0001140629  -0.0000272705  -0.0000657226  -0.0000344670
       -0.0000204988  -0.0000195540   0.0000162854   0.0000016897   0.0000210416
        0.0000003340   0.0000428736  -0.0000189457  -0.0000240104  -0.0000299864
       -0.0000062299   0.0000116930  -0.0000153263  -0.0000359119  -0.0000151610
        0.0000263678  -0.0004629532   0.0007132053  -0.0002734574   0.0003658911
       -0.0009493203   0.0000906622  -0.0001592492   0.0004405422   0.0001048912
       -0.0000607757   0.0001546077  -0.0001336379   0.0000121673   0.0000005791
        0.0000190010  -0.0000164544   0.0000176228  -0.0000063313  -0.0000069382
        0.0000431365  -0.0000242567  -0.0012740417   0.0000109417   0.0003833437
       -0.0378839901   0.0161567721   0.0238564042  -0.1487925651   0.0453372746
        0.0045633679  -0.0171807665   0.0252622356  -0.0082276259   0.4661130853
        0.0307702322  -0.0013987101  -0.0719495557   0.0179542605  -0.0759693306
       -0.0449585441  -0.0415666999  -0.0248858465  -0.1505619385  -0.0928021658
        0.0803207663
       -0.0035154042   0.0030714521   0.0042057522  -0.0001280939   0.0009805883
        0.0002869181  -0.0000257187   0.0000073290   0.0002694343   0.0000867592
        0.0000862258   0.0000861978   0.0000376912  -0.0000492724   0.0000582759
       -0.0000069462   0.0000105393   0.0000378212   0.0000929910   0.0000508064
       -0.0000772928   0.0001298102   0.0002367096  -0.0001015654   0.0000279305
        0.0000566824   0.0000193900  -0.0000028454  -0.0000246840  -0.0000619050
       -0.0000305973  -0.0000385510  -0.0000040657  -0.0000296718  -0.0000344511
       -0.0000508199  -0.0004068532   0.0000745419  -0.0000304961   0.0011432967
       -0.0013257171  -0.0001179906   0.0003232644   0.0001493970  -0.0001781957
       -0.0000397407   0.0001882883   0.0001691690  -0.0001412185  -0.0001803742
       -0.0000995338   0.0000241627  -0.0000420091   0.0000124027   0.0000297547
       -0.0000519957  -0.0000355522   0.0000145333  -0.0000152585  -0.0000073270
        0.0000169177  -0.0000166089   0.0000311500   0.0001661619   0.0001931666
        0.0001230500   0.0000243331   0.0000358249   0.0000340914  -0.0000279738
        0.0000048950  -0.0000125334  -0.0000069283   0.0000060267   0.0000056079
        0.0000382413  -0.0000161268  -0.0000300868  -0.0000334322   0.0000463525
       -0.0000126103   0.0000160178   0.0000133470   0.0000087344   0.0000212152
       -0.0000395824  -0.0000178556  -0.0000083368   0.0000164662   0.0000241603
        0.0000021342   0.0000401529   0.0000441707   0.0000355054  -0.0000412773
       -0.0000336967   0.0000355996   0.0000288282   0.0000071959  -0.0000068626
       -0.0000183612  -0.0000005568   0.0001055147   0.0000045676  -0.0001471703
        0.0000391441  -0.0001123344   0.0000591948   0.0001083712   0.0000564519
       -0.0000089612   0.0000221672  -0.0000133565  -0.0000095658  -0.0000390362
        0.0000057348  -0.0000584371   0.0000137613   0.0000245598   0.0000216391
        0.0000005125  -0.0000114968   0.0000155003   0.0000405922   0.0000174767
       -0.0000328827   0.0003289608  -0.0007676440   0.0000806652  -0.0003555993
        0.0009611681  -0.0000428357   0.0000517304  -0.0003074886  -0.0001932353
        0.0000682776  -0.0001178730   0.0001180744  -0.0000092797   0.0000082025
       -0.0000331716   0.0000127742  -0.0000132385  -0.0000058923   0.0000055058
       -0.0000353033   0.0000128442  -0.0001571840  -0.0001013888  -0.0008089356
        0.0055097789   0.0116775117  -0.0011887258   0.0402102891  -0.0921937375
       -0.0092002897   0.0355831375  -0.0210888132   0.0157425098   0.0307702322
        0.4826593861  -0.0313754944   0.0177102185  -0.0536544157   0.0554621290
       -0.0351357611  -0.2117107956  -0.1058539953  -0.0927398043  -0.1186905237
        0.0728955984
        0.0000222870   0.0043466065  -0.0029000938  -0.0001366907   0.0006352346
        0.0006708878   0.0000203583   0.0000815003   0.0000220188  -0.0000089886
        0.0001392342   0.0000435445   0.0001104919   0.0000457595   0.0000883639
       -0.0000209674   0.0000531010   0.0000931899  -0.0000628213  -0.0000461342
       -0.0000598437  -0.0000231616  -0.0002242826  -0.0000325355  -0.0000249899
        0.0000015633   0.0001532523   0.0000152736  -0.0000053363  -0.0000006550
       -0.0000126900   0.0000055545  -0.0000016429  -0.0000073618  -0.0000117728
        0.0000053231  -0.0000393141   0.0000362474  -0.0000022649   0.0004310548
       -0.0009990812   0.0002550848   0.0002837612   0.0002784395  -0.0002143992
        0.0000241846   0.0000831584   0.0001132727  -0.0000340640  -0.0000921474
       -0.0000231665   0.0000098938  -0.0000200563  -0.0000026995   0.0000302818
       -0.0000427993  -0.0000200022   0.0000029764  -0.0000228994  -0.0000210433
        0.0000028096  -0.0000001616   0.0000105629   0.0000823798   0.0001040205
        0.0000606917   0.0000279786   0.0000215675   0.0000303098  -0.0000136678
        0.0000001678  -0.0000033543  -0.0000104167   0.0000019402   0.0000121545
        0.0000170761  -0.0000068746  -0.0000111099  -0.0000120390   0.0000268441
       -0.0000132127   0.0000014535   0.0000050244  -0.0000004692   0.0000087670
       -0.0000192746  -0.0000060252  -0.0000120011   0.0000143319   0.0000218935
        0.0000158820   0.0000282392   0.0000008114   0.0000159143  -0.0000184150
       -0.0000037252   0.0000165402   0.0000072942   0.0000024956  -0.0000130040
       -0.0000151744   0.0000102895   0.0000823028   0.0000207678  -0.0000784920
       -0.0000340862  -0.0000563992   0.0000122435   0.0000455987   0.0000155103
        0.0000039539   0.0000056831  -0.0000078837  -0.0000016378  -0.0000091215
        0.0000005321  -0.0000358702   0.0000101819   0.0000091765   0.0000086018
        0.0000005795  -0.0000061542   0.0000039264   0.0000123420   0.0000054355
       -0.0000138998  -0.0003301856  -0.0006601120   0.0003390429  -0.0000687936
        0.0003839858   0.0000159855  -0.0000712612  -0.0000409891  -0.0000735772
        0.0000339843  -0.0000513554   0.0000283939  -0.0000135669  -0.0000256026
        0.0000188132   0.0000136135  -0.0000053746  -0.0000023219   0.0000023866
       -0.0000157780   0.0000126234   0.0006708831  -0.0003004847  -0.0003736887
        0.0383030091  -0.0097625838  -0.0097477660   0.0034028150  -0.0087815286
       -0.0635996435  -0.0244705012   0.0252458946   0.0024741633  -0.0013987101
       -0.0313754944   0.5331859438  -0.0753107223   0.0562908109  -0.2497093757
       -0.0212249659  -0.1072641195  -0.1052304941   0.0796413487   0.0719903268
       -0.1055148284
        0.0003732901   0.0008675269  -0.0010059859  -0.0001028606   0.0000649180
        0.0000648488   0.0000388431   0.0000323312  -0.0000027464  -0.0000178707
        0.0000547359   0.0000187033   0.0000389197   0.0000067336   0.0000428198
       -0.0000276040   0.0000042236   0.0000189147  -0.0000062290  -0.0000144808
       -0.0000229442  -0.0000314278  -0.0000899758   0.0000149220   0.0000205747
        0.0000234849   0.0000491661   0.0000059764   0.0000079291   0.0000201040
        0.0000023183   0.0000065287   0.0000036193   0.0000019515   0.0000017159
        0.0000067481   0.0000243651   0.0000235995  -0.0000330444   0.0001491085
       -0.0001575781   0.0000387834   0.0000921468   0.0000353729  -0.0000050703
        0.0000111784  -0.0000058119  -0.0000114904   0.0000031680   0.0000223665
        0.0000073067  -0.0000028548   0.0000015283  -0.0000013171   0.0000035631
        0.0000010185   0.0000003872  -0.0000012100   0.0000051178  -0.0000025151
       -0.0000052692  -0.0000011785  -0.0000034510  -0.0000101981  -0.0000024319
       -0.0000070708   0.0000042452  -0.0000049369  -0.0000010777   0.0000026622
       -0.0000004120   0.0000021580   0.0000002474   0.0000004329  -0.0000008903
        0.0000039097  -0.0000026435  -0.0000009819   0.0000002162  -0.0000082238
        0.0000083971   0.0000049673  -0.0000027945   0.0000008640   0.0000042947
       -0.0000021671   0.0000005004  -0.0000003600   0.0000008326  -0.0000070204
        0.0000032677  -0.0000087907  -0.0000066162   0.0000013614  -0.0000007919
        0.0000012796   0.0000042962  -0.0000015087   0.0000008526  -0.0000005933
        0.0000020657   0.0000011829   0.0000226235   0.0000006086   0.0000189484
       -0.0000124077   0.0000179535  -0.0000178033   0.0000033473  -0.0000013649
        0.0000001959   0.0000065625  -0.0000018355   0.0000043416   0.0000027892
       -0.0000106714   0.0000093347   0.0000072095  -0.0000000875   0.0000007650
        0.0000111791  -0.0000040109   0.0000017108   0.0000010126  -0.0000026996
        0.0000016604  -0.0001473109  -0.0000861199   0.0001929189   0.0000661008
       -0.0002128718   0.0000176692  -0.0000206674   0.0000691544   0.0000386281
       -0.0000048682   0.0000221866  -0.0000215808  -0.0000014940  -0.0000077037
        0.0000102891   0.0000058979  -0.0000019729   0.0000032428   0.0000016607
        0.0000013830   0.0000014504   0.0000186865  -0.0001754491   0.0002368969
        0.0022566288  -0.0004550706   0.0004720628  -0.0092033387   0.0059310614
       -0.0251144452  -0.0062326103   0.0057948888  -0.0000927590  -0.0719495557
        0.0177102185  -0.0753107223   0.0791565825  -0.0244947634   0.0894032281
       -0.0013945071   0.0001848763  -0.0075052860   0.0068180851  -0.0051364466
        0.0184599177
        0.0003460260  -0.0004138795   0.0005197777   0.0000761805  -0.0000401900
       -0.0000303302  -0.0000106865  -0.0000051798  -0.0000340913  -0.0000057762
       -0.0000244846   0.0000418610  -0.0000301164  -0.0000006430  -0.0000641509
        0.0000195721   0.0000066745  -0.0000043218  -0.0000400138  -0.0000125701
        0.0000195673   0.0000032603   0.0000609766  -0.0000019126  -0.0000344456
       -0.0000235795  -0.0000490168  -0.0000027226  -0.0000016990  -0.0000060652
        0.0000042978   0.0000028555   0.0000018752   0.0000015314  -0.0000001353
       -0.0000027810   0.0000744966   0.0000201148   0.0000367031  -0.0000496823
        0.0000818611  -0.0000312567  -0.0000303552   0.0000837437   0.0000057318
        0.0000009693  -0.0000091469  -0.0000086299   0.0000065373   0.0000276141
        0.0000140501  -0.0000007562   0.0000011670  -0.0000014235  -0.0000050710
        0.0000002870   0.0000005306  -0.0000047537  -0.0000040790  -0.0000003543
       -0.0000013862  -0.0000009326  -0.0000034015  -0.0000038843  -0.0000133849
       -0.0000093130  -0.0000025185  -0.0000070680  -0.0000036155   0.0000006645
       -0.0000005329   0.0000022910   0.0000004743   0.0000025006  -0.0000009468
       -0.0000022419  -0.0000016807   0.0000008792   0.0000003563  -0.0000011594
       -0.0000000982  -0.0000055483  -0.0000005652  -0.0000027458  -0.0000024557
        0.0000009045  -0.0000011617   0.0000050142   0.0000046255  -0.0000039295
        0.0000021040  -0.0000013853   0.0000025425  -0.0000033513   0.0000026726
       -0.0000003142  -0.0000038523  -0.0000039779  -0.0000003600   0.0000005580
        0.0000033487   0.0000012639  -0.0000098557  -0.0000047493   0.0000074411
        0.0000028134   0.0000102932   0.0000032643  -0.0000075883  -0.0000049538
       -0.0000023923   0.0000000688  -0.0000017923   0.0000001580   0.0000002963
        0.0000004027   0.0000038387  -0.0000037359  -0.0000038864  -0.0000036039
       -0.0000019273  -0.0000018616  -0.0000005227  -0.0000031391  -0.0000021626
        0.0000011753   0.0000215481   0.0000748927  -0.0001257091   0.0000073095
        0.0000052390   0.0000407375  -0.0000289005   0.0000046996  -0.0000350041
       -0.0000014458  -0.0000006879  -0.0000048999   0.0000018845   0.0000080777
       -0.0000076965  -0.0000089013   0.0000009152  -0.0000064199  -0.0000004857
        0.0000027292  -0.0000030715  -0.0001794172  -0.0001401469  -0.0000653485
       -0.0022700620  -0.0002669346   0.0005363242   0.0090489971  -0.0051057020
        0.0139576329   0.0044328352  -0.0026407776  -0.0000238734   0.0179542605
       -0.0536544157   0.0562908109  -0.0244947634   0.0616614714  -0.0635360178
       -0.0096611110   0.0051384258  -0.0249182549   0.0048988950  -0.0048121483
        0.0175045788
       -0.0002324874   0.0002899115  -0.0003736742  -0.0000497914  -0.0000565294
        0.0000453849   0.0000157580   0.0000342189   0.0000370138   0.0000128245
        0.0000268003  -0.0000664764  -0.0000006129   0.0000004301   0.0000020398
       -0.0000027012   0.0000014018   0.0000190524   0.0000239799   0.0000288267
        0.0000006292   0.0000223816  -0.0000350459  -0.0000207898  -0.0000124689
       -0.0000070761   0.0000412777   0.0000015822   0.0000019717   0.0000083589
        0.0000038137  -0.0000014598  -0.0000093090   0.0000061639   0.0000078245
        0.0000037784  -0.0000046029   0.0000377977   0.0000141229   0.0001668710
       -0.0001127141   0.0000257633   0.0000339449   0.0000320902   0.0001380910
        0.0000107257  -0.0000090038  -0.0000124599   0.0000084919   0.0000083476
        0.0000039008   0.0000021736   0.0000037383  -0.0000070800   0.0000055093
       -0.0000012719  -0.0000043070   0.0000020319  -0.0000002014  -0.0000077540
        0.0000019621   0.0000048489  -0.0000055995   0.0000069363   0.0000119647
       -0.0000018564   0.0000087106  -0.0000016343   0.0000011888   0.0000041001
       -0.0000007218  -0.0000013016   0.0000013598  -0.0000001087   0.0000021829
       -0.0000003432   0.0000029116  -0.0000009205   0.0000016615  -0.0000032626
        0.0000000443   0.0000034778  -0.0000036551  -0.0000046694   0.0000028566
        0.0000008962  -0.0000027310   0.0000035877   0.0000004247   0.0000023629
        0.0000017933   0.0000015191  -0.0000040179   0.0000016704   0.0000022905
        0.0000001907   0.0000025172  -0.0000041853  -0.0000015777   0.0000016989
       -0.0000010909   0.0000058062   0.0000115115  -0.0000029074  -0.0000049779
       -0.0000112787   0.0000007976   0.0000051481   0.0000082757  -0.0000045352
        0.0000011642   0.0000026509   0.0000000291   0.0000011334   0.0000057736
       -0.0000078185  -0.0000015785   0.0000091732  -0.0000035817  -0.0000031828
        0.0000057348  -0.0000004774  -0.0000048833  -0.0000017332  -0.0000028583
        0.0000012885   0.0000049710  -0.0000755455   0.0001483211   0.0000202711
       -0.0001113118  -0.0000090554   0.0000019879   0.0000109083   0.0000342544
        0.0000025616   0.0000021910  -0.0000088446   0.0000054790  -0.0000114683
        0.0000035701   0.0000106694  -0.0000046545   0.0000000050   0.0000033007
       -0.0000000679   0.0000019613   0.0001252277  -0.0000924742  -0.0001461458
        0.0006192480  -0.0009064317   0.0007869227  -0.0027181247   0.0026160019
        0.0000370796  -0.0001130517  -0.0003321213   0.0010073228  -0.0759693306
        0.0554621290  -0.2497093757   0.0894032281  -0.0635360178   0.2839700800
       -0.0073573317   0.0015171263  -0.0191922882  -0.0041247901   0.0052228344
       -0.0167445838
       -0.0000254159  -0.0003836876  -0.0005047285  -0.0000668373  -0.0002839145
       -0.0001643344   0.0000093586  -0.0000183857  -0.0000639176  -0.0000286799
       -0.0000346800  -0.0000125296  -0.0000130500   0.0000105147  -0.0000027963
        0.0000073191   0.0000034526  -0.0000206899   0.0000004592   0.0000046387
        0.0000066027  -0.0000328125  -0.0000020670   0.0000315636   0.0000045376
        0.0000010766   0.0000070148  -0.0000021272   0.0000045524  -0.0000007123
       -0.0000008066   0.0000070508   0.0000008769   0.0000008075   0.0000018630
        0.0000011960  -0.0000429300   0.0000343745   0.0000103022  -0.0002982086
        0.0003824120  -0.0000621982  -0.0001044407  -0.0000272857   0.0001606021
       -0.0000279035  -0.0000030112  -0.0000134361   0.0000016772   0.0000361865
        0.0000066997  -0.0000061298   0.0000038248   0.0000052583  -0.0000083987
        0.0000081276   0.0000008217  -0.0000049769   0.0000057648   0.0000051187
        0.0000006696  -0.0000114497  -0.0000058480  -0.0000321173  -0.0000861493
       -0.0000431835  -0.0000001273  -0.0000150750  -0.0000165131   0.0000016781
       -0.0000007733  -0.0000024053  -0.0000004910   0.0000032428  -0.0000049088
        0.0000009826  -0.0000059324  -0.0000030375   0.0000020924  -0.0000118870
        0.0000094315   0.0000031936   0.0000000232   0.0000027568   0.0000018256
       -0.0000047061  -0.0000028760   0.0000005172   0.0000021027  -0.0000092400
       -0.0000046193  -0.0000121518  -0.0000004907  -0.0000020547  -0.0000031885
       -0.0000042693  -0.0000046448  -0.0000013830   0.0000007740  -0.0000010451
        0.0000077253   0.0000019994  -0.0000468756   0.0000276935   0.0000163323
       -0.0000203579   0.0000327496   0.0000246776  -0.0000339519  -0.0000130918
        0.0000032300   0.0000144154  -0.0000072061   0.0000018662   0.0000024990
       -0.0000016675   0.0000178832  -0.0000063677  -0.0000028778  -0.0000013797
        0.0000070308  -0.0000038859   0.0000008909   0.0000023101  -0.0000016607
       -0.0000019026   0.0000258343  -0.0000101458  -0.0000085471   0.0000478621
       -0.0000925247   0.0000470243   0.0000035464   0.0000230263   0.0000087566
       -0.0000101230   0.0000106294  -0.0000187834   0.0000005032   0.0000017563
        0.0000057408  -0.0000002763   0.0000030126   0.0000035233  -0.0000004727
       -0.0000057861  -0.0000026324   0.0000687519  -0.0001337738   0.0000921861
       -0.0025832270  -0.0010017454  -0.0005953514   0.0042318212   0.0232753292
        0.0137680438  -0.0021197798  -0.0006254227  -0.0009757110  -0.0449585441
       -0.0351357611  -0.0212249659  -0.0013945071  -0.0096611110  -0.0073573317
        0.0520310859   0.0438105001   0.0270240527  -0.0045884780  -0.0200992419
       -0.0101405061
        0.0005776915   0.0000073318  -0.0000399459  -0.0000796440   0.0001961232
        0.0000995886  -0.0000003662   0.0000223480   0.0000566317   0.0000108146
        0.0000315752   0.0000244065   0.0000244662   0.0000012901   0.0000437620
       -0.0000094228   0.0000025934   0.0000020008   0.0000024489  -0.0000216205
       -0.0000020437  -0.0000145080  -0.0000105217  -0.0000532267   0.0000194772
        0.0000209570   0.0000064828   0.0000002559   0.0000038799   0.0000000920
        0.0000078427   0.0000205527  -0.0000052894  -0.0000052971   0.0000077055
        0.0000040812  -0.0000702192  -0.0000071551  -0.0000049610  -0.0000111193
       -0.0000917249   0.0000299747  -0.0000005751   0.0000851903  -0.0000580949
       -0.0000035222   0.0000159712   0.0000145781  -0.0000177293  -0.0000353056
       -0.0000196494  -0.0000007948  -0.0000032299   0.0000020091   0.0000004994
       -0.0000035595   0.0000005264  -0.0000016146   0.0000012603   0.0000028774
       -0.0000054552   0.0000035684   0.0000077302   0.0000190730   0.0000392238
        0.0000170788  -0.0000007474   0.0000069446   0.0000090534  -0.0000066106
        0.0000002466   0.0000013716  -0.0000025192  -0.0000009118   0.0000014563
       -0.0000016856  -0.0000014000  -0.0000005450  -0.0000066833   0.0000030011
       -0.0000028379   0.0000006349   0.0000036098   0.0000025950  -0.0000057006
       -0.0000011267  -0.0000001316  -0.0000059286  -0.0000017442   0.0000051113
       -0.0000050744   0.0000043272  -0.0000013426  -0.0000017120  -0.0000013257
       -0.0000008083   0.0000010430   0.0000063516   0.0000040410  -0.0000023702
       -0.0000018748  -0.0000016649   0.0000350149  -0.0000154556   0.0000001068
        0.0000144491  -0.0000082519  -0.0000150487   0.0000036335   0.0000126501
       -0.0000010494  -0.0000079353  -0.0000008654  -0.0000017100  -0.0000061830
       -0.0000056259  -0.0000048562   0.0000014091   0.0000089104   0.0000058669
       -0.0000025388  -0.0000020016   0.0000040396  -0.0000007334   0.0000043986
       -0.0000006278  -0.0000494593   0.0000817732   0.0000667371  -0.0000009631
        0.0000122709  -0.0001715855  -0.0000070111   0.0000214442   0.0000846521
        0.0000064167  -0.0000079792   0.0000268253  -0.0000098635  -0.0000081044
       -0.0000037270   0.0000014596  -0.0000007796  -0.0000013434  -0.0000099312
        0.0000115238  -0.0000009722  -0.0001347648  -0.0000031779   0.0001651037
        0.0004288056   0.0005178672   0.0011547537   0.0022213130  -0.0182226772
       -0.0108490211   0.0016220770   0.0010595298   0.0011913340  -0.0415666999
       -0.2117107956  -0.1072641195   0.0001848763   0.0051384258   0.0015171263
        0.0438105001   0.2415619948   0.1229225395  -0.0069388191  -0.0187476256
       -0.0089699316
        0.0002368509  -0.0002461371   0.0001162745  -0.0000732899   0.0000516185
       -0.0000347199   0.0000027346   0.0000077785   0.0000190444   0.0000051845
        0.0000296252   0.0000047392   0.0000063629   0.0000000803   0.0000297387
       -0.0000115683  -0.0000065027   0.0000009406   0.0000152894  -0.0000000609
       -0.0000047644  -0.0000057034  -0.0000126203   0.0000057609   0.0000118028
        0.0000144020   0.0000160764  -0.0000016492   0.0000035632  -0.0000007794
        0.0000001629   0.0000052007   0.0000012522  -0.0000057079   0.0000029505
        0.0000001192  -0.0000247957   0.0000105189   0.0000570708  -0.0000450580
        0.0000518376  -0.0000300941  -0.0000929222   0.0000379837   0.0001380139
       -0.0000026900   0.0000016378   0.0000049830  -0.0000050576  -0.0000209328
       -0.0000069100  -0.0000004500   0.0000014247   0.0000004480  -0.0000031572
        0.0000018974  -0.0000009393  -0.0000007664   0.0000052322   0.0000008982
        0.0000012636   0.0000003232   0.0000020924  -0.0000003198   0.0000093360
        0.0000145871  -0.0000060584   0.0000057495   0.0000004482  -0.0000056441
        0.0000005816  -0.0000016267  -0.0000034941  -0.0000009702  -0.0000021980
       -0.0000031149   0.0000018003  -0.0000029638  -0.0000031583   0.0000005669
       -0.0000025055   0.0000012221   0.0000019054  -0.0000002689  -0.0000036399
       -0.0000006289  -0.0000048711  -0.0000064059  -0.0000022092   0.0000022546
       -0.0000055960   0.0000024672  -0.0000005460  -0.0000017473  -0.0000011946
       -0.0000029823   0.0000008904   0.0000023386   0.0000026738  -0.0000000642
       -0.0000021995  -0.0000055041   0.0000078347  -0.0000033827   0.0000057696
        0.0000189072  -0.0000167987  -0.0000120961   0.0000025534   0.0000021740
        0.0000057344  -0.0000042413   0.0000003602  -0.0000053934  -0.0000019721
        0.0000019763  -0.0000033148  -0.0000008591   0.0000001075   0.0000031503
       -0.0000041877   0.0000012934  -0.0000011186  -0.0000000291   0.0000037108
       -0.0000034918  -0.0000036973   0.0000505812  -0.0000508714  -0.0000046100
        0.0000359422  -0.0000295425   0.0000043530   0.0000168964   0.0000043392
       -0.0000056028   0.0000115700  -0.0000020368  -0.0000028265   0.0000006185
        0.0000036178   0.0000012283   0.0000017080   0.0000013270  -0.0000020448
       -0.0000015425  -0.0000072628   0.0000354038   0.0000158569  -0.0001643957
        0.0011704603   0.0009355792   0.0001199326   0.0018568491  -0.0060509331
       -0.0012207240  -0.0007176261   0.0006484970  -0.0009490958  -0.0248858465
       -0.1058539953  -0.1052304941  -0.0075052860  -0.0249182549  -0.0191922882
        0.0270240527   0.1229225395   0.1185875622   0.0030474813   0.0122381326
        0.0078249504
       -0.0000811299  -0.0005999036   0.0014798437  -0.0001063554   0.0001393394
       -0.0000805794  -0.0000081654   0.0000016178  -0.0000202824   0.0000045844
       -0.0000077754   0.0001901365  -0.0000034196  -0.0000404040  -0.0000066456
        0.0000062506  -0.0000209609  -0.0000552355   0.0000681970   0.0000135870
       -0.0000113857  -0.0000435148   0.0000754840  -0.0000690847   0.0000258075
        0.0000352674   0.0000029978   0.0000081575   0.0000061142  -0.0000061352
        0.0000443293   0.0000342648  -0.0000104419   0.0000080701   0.0000102033
       -0.0000170961   0.0002586667  -0.0000287631   0.0000489373   0.0001245629
       -0.0000596037  -0.0001142882  -0.0000469226   0.0000226445   0.0000003588
        0.0000265507  -0.0000285878  -0.0000241873   0.0000168710   0.0000277311
        0.0000179625   0.0000039276  -0.0000002862   0.0000010728  -0.0000045608
        0.0000122526  -0.0000051503   0.0000050756   0.0000073595   0.0000059418
        0.0000048859  -0.0000029432   0.0000013747   0.0000025884   0.0000078890
        0.0000155762  -0.0000081290   0.0000013500  -0.0000138726   0.0000074782
        0.0000008110  -0.0000014252   0.0000028707   0.0000022324  -0.0000147397
        0.0000005015   0.0000021291  -0.0000019979  -0.0000002928  -0.0000093121
        0.0000062787   0.0000065957  -0.0000028278  -0.0000018365   0.0000030978
        0.0000010954  -0.0000002527   0.0000026214  -0.0000021216  -0.0000220131
       -0.0000060797  -0.0000151742   0.0000027890  -0.0000063702   0.0000070653
        0.0000012604   0.0000049633  -0.0000003908  -0.0000032910   0.0000053839
        0.0000089492  -0.0000131157   0.0000136849  -0.0000027940   0.0000299719
        0.0000298488   0.0000196323  -0.0000232864   0.0000108808   0.0000038871
       -0.0000032657   0.0000052416   0.0000005433  -0.0000007947   0.0000013542
       -0.0000062642   0.0000096549   0.0000066027  -0.0000029503   0.0000009207
        0.0000037323   0.0000013727  -0.0000022352   0.0000042063  -0.0000020366
       -0.0000001524   0.0001143993   0.0001698440  -0.0001972758  -0.0000827806
       -0.0000402578   0.0001204066   0.0000470735   0.0000401515  -0.0000666737
       -0.0000063152   0.0000316562  -0.0000257820   0.0000066235   0.0000173599
       -0.0000223282   0.0000036996  -0.0000015014   0.0000055888   0.0000053896
        0.0000022214  -0.0000057633  -0.0002204048   0.0000746120  -0.0003352002
       -0.0068364641   0.0044002585   0.0022854205  -0.0205788719  -0.0151512959
        0.0142093827   0.0030376092  -0.0004774848   0.0001280240  -0.1505619385
       -0.0927398043   0.0796413487   0.0068180851   0.0048988950  -0.0041247901
       -0.0045884780  -0.0069388191   0.0030474813   0.1724397245   0.1061044416
       -0.0959521258
       -0.0000491405  -0.0000949613  -0.0000422724   0.0001095990   0.0000138387
        0.0000548126  -0.0000156138  -0.0000066601   0.0000150525  -0.0000338916
        0.0000022982  -0.0000684209  -0.0000200182  -0.0000080172  -0.0000317652
        0.0000017111  -0.0000076206   0.0000219087  -0.0000060582   0.0000336844
        0.0000025574   0.0000710349   0.0000026410   0.0000125152  -0.0000275973
       -0.0000236574  -0.0000139979  -0.0000036691  -0.0000027359   0.0000157240
       -0.0000101299  -0.0000294781  -0.0000099095   0.0000090576   0.0000086033
        0.0000060806   0.0001136537  -0.0000069452  -0.0000077488   0.0000261176
       -0.0000562642   0.0000397972   0.0000733953   0.0001182267  -0.0000761037
        0.0000182071  -0.0000173041  -0.0000071921   0.0000180324   0.0000078810
        0.0000130105   0.0000040920  -0.0000015817  -0.0000019863   0.0000032942
       -0.0000018597  -0.0000008634   0.0000052128  -0.0000083006  -0.0000036122
        0.0000068407   0.0000008701   0.0000003826   0.0000071278   0.0000072598
        0.0000107160   0.0000017861   0.0000021240   0.0000011576   0.0000076051
       -0.0000016979   0.0000009241   0.0000008883  -0.0000004619  -0.0000015506
       -0.0000015389   0.0000022184   0.0000030076   0.0000024628  -0.0000000074
       -0.0000022484  -0.0000022837  -0.0000035567  -0.0000030402  -0.0000005895
        0.0000030024   0.0000013751   0.0000000359   0.0000008484  -0.0000003082
        0.0000033380   0.0000036641  -0.0000040611  -0.0000021109   0.0000066843
        0.0000037546   0.0000018302  -0.0000037057  -0.0000008920   0.0000010947
        0.0000005603  -0.0000029724  -0.0000066771  -0.0000039594   0.0000057798
        0.0000004984  -0.0000056100  -0.0000097628   0.0000078832  -0.0000011687
        0.0000020991  -0.0000006862   0.0000000893  -0.0000005151   0.0000015291
       -0.0000012207   0.0000007202   0.0000021950  -0.0000043080  -0.0000004222
       -0.0000021252   0.0000016719  -0.0000015472  -0.0000010326  -0.0000038716
        0.0000031272  -0.0000301782   0.0000153604  -0.0000443155   0.0000129497
        0.0000002692   0.0000594547  -0.0000058434  -0.0000231554  -0.0000427150
       -0.0000052437  -0.0000101714  -0.0000051560   0.0000108496   0.0000008854
        0.0000021162  -0.0000079306  -0.0000011170  -0.0000037347   0.0000034632
       -0.0000007988   0.0000013981   0.0000629314  -0.0000938998  -0.0001117873
        0.0037007707  -0.0013134380  -0.0014809740   0.0085296392   0.0081907847
       -0.0054426338  -0.0006533557   0.0005429369  -0.0014744206  -0.0928021658
       -0.1186905237   0.0719903268  -0.0051364466  -0.0048121483   0.0052228344
       -0.0200992419  -0.0187476256   0.0122381326   0.1061044416   0.1350214292
       -0.0808318359
        0.0005335108   0.0001551624  -0.0003092356   0.0000294437  -0.0000175766
       -0.0000290233   0.0000046409   0.0000040990  -0.0000287751  -0.0000094148
        0.0000135301   0.0000063201  -0.0000026845   0.0000124646  -0.0000091025
       -0.0000101454   0.0000071845   0.0000246304  -0.0000518027  -0.0000219453
       -0.0000162489  -0.0000038825  -0.0000194070   0.0000682428  -0.0000107233
       -0.0000053030  -0.0000257818  -0.0000062557   0.0000009439   0.0000123299
       -0.0000166289  -0.0000183330   0.0000240273  -0.0000061141  -0.0000068049
        0.0000084073  -0.0000286673   0.0000244634   0.0000526671  -0.0000355102
        0.0000337553   0.0000112218  -0.0000552819   0.0000241092   0.0001389459
       -0.0000027911  -0.0000024249  -0.0000019708   0.0000000072   0.0000223517
        0.0000121076  -0.0000048115   0.0000034490  -0.0000036317  -0.0000027229
       -0.0000002157  -0.0000003736  -0.0000070815   0.0000022020  -0.0000045727
       -0.0000068672   0.0000000617  -0.0000055018  -0.0000136294  -0.0000166416
       -0.0000139673  -0.0000014537  -0.0000058458  -0.0000036422  -0.0000036343
        0.0000014204   0.0000007802  -0.0000028018   0.0000012651   0.0000016923
       -0.0000025451  -0.0000005312  -0.0000025227  -0.0000004922  -0.0000016815
        0.0000020643  -0.0000033734   0.0000006214  -0.0000027263  -0.0000008469
       -0.0000008457  -0.0000048232   0.0000008540   0.0000033739  -0.0000003446
        0.0000032726  -0.0000013931  -0.0000002566  -0.0000010929  -0.0000016271
       -0.0000024574  -0.0000034455  -0.0000034061   0.0000005040  -0.0000015003
       -0.0000000848   0.0000029936  -0.0000011054  -0.0000023590   0.0000072902
       -0.0000048383   0.0000048004   0.0000011128  -0.0000085178  -0.0000076982
        0.0000010443   0.0000018216  -0.0000010481  -0.0000011180   0.0000008601
       -0.0000001589   0.0000033563  -0.0000021124  -0.0000029083  -0.0000029285
        0.0000006361  -0.0000021098  -0.0000020892  -0.0000042160   0.0000000459
       -0.0000020722  -0.0000660560  -0.0000282737  -0.0000077850   0.0000522297
       -0.0000589262   0.0000497965  -0.0000454842   0.0000340005  -0.0000232658
       -0.0000047091   0.0000110470  -0.0000167382  -0.0000020134   0.0000028375
        0.0000098595  -0.0000033755   0.0000015581  -0.0000044474   0.0000027899
       -0.0000043199  -0.0000042746   0.0000025703  -0.0001239390  -0.0000266072
        0.0013487416  -0.0008070818   0.0007318225   0.0070170195  -0.0003150321
       -0.0024622392  -0.0012478211   0.0005147657  -0.0005326113   0.0803207663
        0.0728955984  -0.1055148284   0.0184599177   0.0175045788  -0.0167445838
       -0.0101405061  -0.0089699316   0.0078249504  -0.0959521258  -0.0808318359
        0.1168143799
