dataset,index,variant,recovery,searches_complete,compute_cpu_seconds,best_events
golden,0,seeds3,recovered,True,235.928799019,
golden,0,seeds10,recovered,True,760.5901194840001,
golden,1,seeds3,recovered,True,8.529930387,
golden,1,seeds10,recovered,True,24.356131474,
golden,2,seeds3,recovered,True,21.830828193999995,
golden,2,seeds10,recovered,True,58.612129817,
golden,3,seeds3,recovered,True,6.499696288,
golden,3,seeds10,recovered,True,18.93137201,
golden,4,seeds3,recovered,True,9.973481240000002,
golden,4,seeds10,recovered,True,23.602022513,
golden,5,seeds3,recovered,True,2.9359044250000004,
golden,5,seeds10,recovered,True,7.172493429000001,
golden,6,seeds3,recovered,True,1.219672295,
golden,6,seeds10,recovered,True,1.9635179580000002,
golden,7,seeds3,not_recovered,True,50.27102911600001,
golden,7,seeds10,not_recovered,True,132.81632839899999,
golden,8,seeds3,recovered,True,10.592829063,
golden,8,seeds10,recovered,True,24.874343300000007,
golden,9,seeds3,recovered,True,5.285867067,
golden,9,seeds10,recovered,True,12.024589522000001,
golden,10,seeds3,recovered,True,24.518797843999998,
golden,10,seeds10,recovered,True,62.469150379999995,
golden,11,seeds3,recovered,True,6.500441821,
golden,11,seeds10,recovered,True,17.844769938,
golden,12,seeds3,recovered,True,19.90111803,
golden,12,seeds10,recovered,True,38.871325664,
golden,13,seeds3,recovered,True,27.112803976000002,
golden,13,seeds10,recovered,True,77.625282698,
golden,14,seeds3,recovered,True,5.5665003550000005,
golden,14,seeds10,recovered,True,14.334629097,
golden,15,seeds3,recovered,True,4.7788910719999995,
golden,15,seeds10,recovered,True,10.613496249,
golden,16,seeds3,recovered,True,29.335717865,
golden,16,seeds10,recovered,True,86.675229462,
golden,17,seeds3,recovered,True,198.01930525300003,
golden,17,seeds10,recovered,True,644.4799580040001,
golden,18,seeds3,recovered,True,1.7555201779999998,
golden,18,seeds10,recovered,True,3.3413111420000003,
golden,19,seeds3,not_recovered,True,117.35119136199998,
golden,19,seeds10,unknown,True,376.043178039,
golden,20,seeds3,recovered,True,13.686890639000001,
golden,20,seeds10,recovered,True,39.062661485999996,
golden,21,seeds3,recovered,True,5.300486178999999,
golden,21,seeds10,recovered,True,13.229490406,
golden,22,seeds3,recovered,True,13.056691008999998,
golden,22,seeds10,recovered,True,28.362547958000004,
golden,23,seeds3,recovered,True,2.45430338,
golden,23,seeds10,recovered,True,5.7705031579999995,
golden,24,seeds3,recovered,True,6.379422932000001,
golden,24,seeds10,recovered,True,12.801740368,
golden,25,seeds3,recovered,True,21.155764204,
golden,25,seeds10,recovered,True,65.11324976200001,
golden,26,seeds3,recovered,True,6.994362947,
golden,26,seeds10,recovered,True,14.905536861999998,
golden,27,seeds3,recovered,True,36.25980849300001,
golden,27,seeds10,recovered,True,103.67909990199999,
golden,28,seeds3,recovered,True,2.8912464540000005,
golden,28,seeds10,recovered,True,6.17716379,
golden,29,seeds3,recovered,True,66.93348381799998,
golden,29,seeds10,recovered,True,220.124660721,
golden,30,seeds3,recovered,True,15.650668851000002,
golden,30,seeds10,recovered,True,42.313379474,
golden,31,seeds3,recovered,True,4.464254261999999,
golden,31,seeds10,recovered,True,9.470731563,
golden,32,seeds3,recovered,True,31.62908343,
golden,32,seeds10,recovered,True,87.31214400700001,
golden,33,seeds3,recovered,True,30.649855038,
golden,33,seeds10,recovered,True,92.04828325700001,
golden,34,seeds3,recovered,True,6.995036376999999,
golden,34,seeds10,recovered,True,15.102697355999998,
golden,35,seeds3,recovered,True,11.226294549999999,
golden,35,seeds10,recovered,True,26.163681293,
golden,36,seeds3,recovered,True,12.597718200000001,
golden,36,seeds10,recovered,True,33.235280110999994,
golden,37,seeds3,recovered,True,8.735003296999999,
golden,37,seeds10,recovered,True,26.378467521999994,
golden,38,seeds3,recovered,True,2.221779701,
golden,38,seeds10,recovered,True,3.3492386010000006,
golden,39,seeds3,recovered,True,55.597289715,
golden,39,seeds10,recovered,True,161.604141455,
golden,40,seeds3,recovered,True,31.59105501600001,
golden,40,seeds10,recovered,True,93.43010084600002,
golden,41,seeds3,recovered,True,17.368501173,
golden,41,seeds10,recovered,True,44.861666635000006,
golden,42,seeds3,recovered,True,9.961239779,
golden,42,seeds10,recovered,True,25.7357722,
golden,43,seeds3,recovered,True,1.9605897449999998,
golden,43,seeds10,recovered,True,3.5311366699999995,
golden,44,seeds3,recovered,True,60.405935863,
golden,44,seeds10,recovered,True,193.46953895099995,
golden,45,seeds3,recovered,True,5.575284324999999,
golden,45,seeds10,recovered,True,12.385918242,
golden,46,seeds3,recovered,True,12.886451757999998,
golden,46,seeds10,recovered,True,36.515021143999995,
golden,47,seeds3,recovered,True,1.459675061,
golden,47,seeds10,recovered,True,1.8243911220000002,
golden,48,seeds3,recovered,True,112.936825733,
golden,48,seeds10,recovered,True,336.019949003,
golden,49,seeds3,recovered,True,2.8591759870000004,
golden,49,seeds10,recovered,True,5.402659364,
golden,50,seeds3,recovered,True,1.274590493,
golden,50,seeds10,recovered,True,2.312855228,
golden,51,seeds3,recovered,True,1.9360539099999996,
golden,51,seeds10,recovered,True,3.4938078649999995,
golden,52,seeds3,recovered,True,3.982470620999999,
golden,52,seeds10,recovered,True,9.097024368,
golden,53,seeds3,recovered,True,5.100852257,
golden,53,seeds10,recovered,True,10.740644697999997,
golden,54,seeds3,recovered,True,3.2779589379999994,
golden,54,seeds10,recovered,True,5.406163139,
golden,55,seeds3,recovered,True,10.991164301,
golden,55,seeds10,recovered,True,23.526842860000002,
golden,56,seeds3,recovered,True,18.225882804,
golden,56,seeds10,recovered,True,44.184714104,
golden,57,seeds3,recovered,True,1.4977917179999998,
golden,57,seeds10,recovered,True,2.86046711,
golden,58,seeds3,recovered,True,3.990293748,
golden,58,seeds10,recovered,True,6.2891317309999994,
golden,59,seeds3,recovered,True,2.765817091,
golden,59,seeds10,recovered,True,4.993488843,
golden,60,seeds3,recovered,True,1.5968006639999999,
golden,60,seeds10,recovered,True,2.383006088,
golden,61,seeds3,recovered,True,23.467419761000002,
golden,61,seeds10,recovered,True,54.586383724,
golden,62,seeds3,recovered,True,5.319693178,
golden,62,seeds10,recovered,True,12.001825158,
golden,63,seeds3,recovered,True,1.7588887359999998,
golden,63,seeds10,recovered,True,3.112022754,
golden,64,seeds3,recovered,True,2.047686273,
golden,64,seeds10,recovered,True,3.4163690209999995,
golden,65,seeds3,recovered,True,4.300564623,
golden,65,seeds10,recovered,True,9.810409438999999,
golden,66,seeds3,recovered,True,101.35323312299997,
golden,66,seeds10,recovered,True,310.848837687,
golden,67,seeds3,recovered,True,7.2332519600000005,
golden,67,seeds10,recovered,True,13.12970611,
golden,68,seeds3,recovered,True,16.996393982,
golden,68,seeds10,recovered,True,47.034872565,
golden,69,seeds3,recovered,True,12.516819769000001,
golden,69,seeds10,recovered,True,31.866714891999997,
golden,70,seeds3,recovered,True,2.607767945,
golden,70,seeds10,recovered,True,5.880320577000001,
golden,71,seeds3,recovered,True,14.644781352999999,
golden,71,seeds10,recovered,True,35.042534540999995,
golden,72,seeds3,recovered,True,4.536325657,
golden,72,seeds10,recovered,True,8.932977612999998,
golden,73,seeds3,recovered,True,1.7797502029999999,
golden,73,seeds10,recovered,True,2.66167405,
golden,74,seeds3,recovered,True,18.178430590999998,
golden,74,seeds10,recovered,True,35.108798152,
golden,75,seeds3,recovered,True,1.6960572369999998,
golden,75,seeds10,recovered,True,2.292032486,
golden,76,seeds3,recovered,True,4.488919016,
golden,76,seeds10,recovered,True,8.137825303,
golden,77,seeds3,recovered,True,6.047418854999998,
golden,77,seeds10,recovered,True,14.92958135,
golden,78,seeds3,recovered,True,6.082506382999999,
golden,78,seeds10,recovered,True,13.450532299999999,
golden,79,seeds3,recovered,True,4.826387182000001,
golden,79,seeds10,recovered,True,11.178396706000001,
golden,80,seeds3,recovered,True,9.731059985999998,
golden,80,seeds10,recovered,True,25.074094022000004,
golden,81,seeds3,recovered,True,5.875241411,
golden,81,seeds10,recovered,True,11.933001695,
golden,82,seeds3,recovered,True,1.3207751559999998,
golden,82,seeds10,recovered,True,1.751227497,
golden,83,seeds3,recovered,True,7.531815425,
golden,83,seeds10,recovered,True,18.166906731999998,
golden,84,seeds3,recovered,True,9.557371357000001,
golden,84,seeds10,recovered,True,22.576177951,
golden,85,seeds3,recovered,True,10.873613176,
golden,85,seeds10,recovered,True,25.775860975,
golden,86,seeds3,recovered,True,3.738368512,
golden,86,seeds10,recovered,True,6.637299457999999,
golden,87,seeds3,recovered,True,3.908155309,
golden,87,seeds10,recovered,True,7.678190411000001,
golden,88,seeds3,recovered,True,6.638057576,
golden,88,seeds10,recovered,True,11.661647065,
golden,89,seeds3,recovered,True,2.453272593,
golden,89,seeds10,recovered,True,4.516792971,
golden,90,seeds3,recovered,True,8.058441115,
golden,90,seeds10,recovered,True,18.511168147,
golden,91,seeds3,recovered,True,41.758324582,
golden,91,seeds10,recovered,True,113.26072463,
golden,92,seeds3,recovered,True,4.686557112999999,
golden,92,seeds10,recovered,True,8.947736928000001,
golden,93,seeds3,recovered,True,2.254464206,
golden,93,seeds10,recovered,True,4.6728134,
golden,94,seeds3,recovered,True,1.8964304990000003,
golden,94,seeds10,recovered,True,3.397632803,
golden,95,seeds3,recovered,True,44.605825252,
golden,95,seeds10,recovered,True,114.42903154599998,
golden,96,seeds3,recovered,True,2.724249114999999,
golden,96,seeds10,recovered,True,4.986662226,
golden,97,seeds3,recovered,True,34.118283311,
golden,97,seeds10,recovered,True,93.27091752800001,
golden,98,seeds3,recovered,True,1.857927282,
golden,98,seeds10,recovered,True,2.5122565280000004,
golden,99,seeds3,recovered,True,3.3909011519999996,
golden,99,seeds10,recovered,True,6.891580959000001,
golden,100,seeds3,recovered,True,10.652551256,
golden,100,seeds10,recovered,True,26.851896756000002,
golden,101,seeds3,recovered,True,4.121695633,
golden,101,seeds10,recovered,True,10.447784105,
golden,102,seeds3,recovered,True,29.931438339,
golden,102,seeds10,recovered,True,98.22559610199997,
golden,103,seeds3,recovered,True,24.623404760999996,
golden,103,seeds10,recovered,True,72.25522111699999,
golden,104,seeds3,recovered,True,8.313780701999999,
golden,104,seeds10,recovered,True,18.306465442,
golden,105,seeds3,recovered,True,2.2776714169999996,
golden,105,seeds10,recovered,True,3.6241957929999993,
golden,106,seeds3,recovered,True,39.809755349,
golden,106,seeds10,recovered,True,99.053734362,
golden,107,seeds3,recovered,True,45.69897289400001,
golden,107,seeds10,recovered,True,133.95468061699998,
golden,108,seeds3,recovered,True,24.327896036,
golden,108,seeds10,recovered,True,61.54156870899999,
golden,109,seeds3,recovered,True,4.276138778,
golden,109,seeds10,recovered,True,11.338879302,
golden,110,seeds3,recovered,True,32.56037692300001,
golden,110,seeds10,recovered,True,83.03276580699999,
golden,111,seeds3,recovered,True,36.087050315,
golden,111,seeds10,recovered,True,109.12084345300002,
golden,112,seeds3,recovered,True,10.635752332,
golden,112,seeds10,recovered,True,26.640015072,
golden,113,seeds3,recovered,True,33.224461756,
golden,113,seeds10,recovered,True,88.98505821799999,
golden,114,seeds3,recovered,True,1.9442003789999998,
golden,114,seeds10,recovered,True,3.673314286,
golden,115,seeds3,recovered,True,5.700338781999999,
golden,115,seeds10,recovered,True,10.962021093,
golden,116,seeds3,recovered,True,14.318078249,
golden,116,seeds10,recovered,True,35.143412244000004,
golden,117,seeds3,recovered,True,3.3335216009999997,
golden,117,seeds10,recovered,True,7.494990251000001,
golden,118,seeds3,recovered,True,18.222757063,
golden,118,seeds10,recovered,True,43.378938525,
golden,119,seeds3,recovered,True,5.153498440000002,
golden,119,seeds10,recovered,True,12.040368995,
golden,120,seeds3,recovered,True,77.14208868300001,
golden,120,seeds10,recovered,True,208.055906469,
golden,121,seeds3,recovered,True,22.004133529,
golden,121,seeds10,recovered,True,61.25559641700001,
golden,122,seeds3,recovered,True,8.124418772000002,
golden,122,seeds10,recovered,True,21.622643990999997,
golden,123,seeds3,recovered,True,15.051892943,
golden,123,seeds10,recovered,True,32.746447702,
golden,124,seeds3,recovered,True,4.584979028999999,
golden,124,seeds10,recovered,True,6.420292083999999,
golden,125,seeds3,recovered,True,17.542659947,
golden,125,seeds10,recovered,True,30.253442057000004,
golden,126,seeds3,recovered,True,31.558010668999998,
golden,126,seeds10,recovered,True,91.57760942299998,
golden,127,seeds3,recovered,True,47.736302827,
golden,127,seeds10,recovered,True,140.37170531400002,
golden,128,seeds3,recovered,True,25.352850958,
golden,128,seeds10,recovered,True,76.830219369,
golden,129,seeds3,recovered,True,11.271157696,
golden,129,seeds10,recovered,True,30.692168702999993,
golden,130,seeds3,recovered,True,22.485990776999998,
golden,130,seeds10,recovered,True,58.802837332,
golden,131,seeds3,recovered,True,94.709172353,
golden,131,seeds10,recovered,True,336.905905493,
golden,132,seeds3,recovered,True,9.626383691,
golden,132,seeds10,recovered,True,28.203184744999994,
golden,133,seeds3,recovered,True,2.324915411,
golden,133,seeds10,recovered,True,3.3460416329999996,
golden,134,seeds3,recovered,True,23.230769507999998,
golden,134,seeds10,recovered,True,64.41030768700001,
golden,135,seeds3,recovered,True,78.843317267,
golden,135,seeds10,recovered,True,200.53602063300002,
golden,136,seeds3,recovered,True,4.629155784,
golden,136,seeds10,recovered,True,13.502470291,
golden,137,seeds3,recovered,True,10.371384174000001,
golden,137,seeds10,recovered,True,25.062885245,
golden,138,seeds3,recovered,True,16.885793505,
golden,138,seeds10,recovered,True,40.52311791000001,
golden,139,seeds3,recovered,True,2.9518213639999997,
golden,139,seeds10,recovered,True,6.813287124,
golden,140,seeds3,recovered,True,2.249161472,
golden,140,seeds10,recovered,True,4.09633094,
golden,141,seeds3,recovered,True,11.803937264000002,
golden,141,seeds10,recovered,True,34.202865952,
golden,142,seeds3,recovered,True,2.7618121209999997,
golden,142,seeds10,recovered,True,5.816498696,
golden,143,seeds3,recovered,True,221.29857069999994,
golden,143,seeds10,recovered,True,597.990376698,
golden,144,seeds3,recovered,True,1.9140810669999997,
golden,144,seeds10,recovered,True,2.8527556350000003,
golden,145,seeds3,recovered,True,3.6280635960000005,
golden,145,seeds10,recovered,True,8.038334291000002,
golden,146,seeds3,recovered,True,36.35148627600001,
golden,146,seeds10,recovered,True,94.455127807,
golden,147,seeds3,recovered,True,10.687243218000003,
golden,147,seeds10,recovered,True,28.437829821,
golden,148,seeds3,recovered,True,1.977623603,
golden,148,seeds10,recovered,True,2.935429134,
golden,149,seeds3,recovered,True,45.000517252,
golden,149,seeds10,recovered,True,110.161693182,
golden,150,seeds3,recovered,True,30.920077591000002,
golden,150,seeds10,recovered,True,104.779228509,
golden,151,seeds3,recovered,True,22.523593288,
golden,151,seeds10,recovered,True,61.822406667,
golden,152,seeds3,recovered,True,48.622600778000006,
golden,152,seeds10,recovered,True,174.193781628,
golden,153,seeds3,recovered,True,20.925570861999994,
golden,153,seeds10,recovered,True,48.344216145,
golden,154,seeds3,recovered,True,99.34292660499997,
golden,154,seeds10,recovered,True,285.573001049,
golden,155,seeds3,recovered,True,5.451376429,
golden,155,seeds10,recovered,True,14.922536617000002,
golden,156,seeds3,recovered,True,22.973621620000003,
golden,156,seeds10,recovered,True,70.82407919,
golden,157,seeds3,recovered,True,34.555351472,
golden,157,seeds10,recovered,True,108.05363349599999,
golden,158,seeds3,recovered,True,5.751260781,
golden,158,seeds10,recovered,True,15.941841859000002,
golden,159,seeds3,recovered,True,15.553418884,
golden,159,seeds10,recovered,True,46.156148443,
golden,160,seeds3,recovered,True,7.460471065,
golden,160,seeds10,recovered,True,16.008347476,
golden,161,seeds3,recovered,True,5.887028288,
golden,161,seeds10,recovered,True,12.147605055,
golden,162,seeds3,recovered,True,12.755511056,
golden,162,seeds10,recovered,True,36.787006875,
golden,163,seeds3,recovered,True,7.149263222999999,
golden,163,seeds10,recovered,True,17.731928676,
golden,164,seeds3,recovered,True,84.233422064,
golden,164,seeds10,recovered,True,239.655427589,
golden,165,seeds3,recovered,True,2.001307034,
golden,165,seeds10,recovered,True,3.250022471,
golden,166,seeds3,recovered,True,3.5328075010000006,
golden,166,seeds10,recovered,True,5.954109729,
golden,167,seeds3,recovered,True,52.77152714199999,
golden,167,seeds10,recovered,True,155.120958074,
golden,168,seeds3,recovered,True,9.823765878,
golden,168,seeds10,recovered,True,23.68265597,
golden,169,seeds3,recovered,True,23.785219589999997,
golden,169,seeds10,recovered,True,66.201853411,
golden,170,seeds3,recovered,True,6.253735755,
golden,170,seeds10,recovered,True,15.104505708,
golden,171,seeds3,recovered,True,26.776392774999998,
golden,171,seeds10,recovered,True,85.519125996,
golden,172,seeds3,recovered,True,4.75590197,
golden,172,seeds10,recovered,True,12.649975495,
golden,173,seeds3,recovered,True,12.316038440999998,
golden,173,seeds10,recovered,True,33.943795407,
golden,174,seeds3,recovered,True,11.612809261999999,
golden,174,seeds10,recovered,True,37.41073402000001,
golden,175,seeds3,recovered,True,10.84177735,
golden,175,seeds10,recovered,True,25.744172998000003,
golden,176,seeds3,recovered,True,8.613334365,
golden,176,seeds10,recovered,True,22.354737611,
golden,177,seeds3,recovered,True,20.938400637,
golden,177,seeds10,recovered,True,65.574644584,
golden,178,seeds3,recovered,True,16.390903527,
golden,178,seeds10,recovered,True,41.565554044,
golden,179,seeds3,recovered,True,9.367567917,
golden,179,seeds10,recovered,True,29.961875522,
golden,180,seeds3,recovered,True,6.28560229,
golden,180,seeds10,recovered,True,12.525610333000001,
golden,181,seeds3,recovered,True,51.425923562,
golden,181,seeds10,recovered,True,149.62146816299997,
golden,182,seeds3,recovered,True,34.062411866,
golden,182,seeds10,recovered,True,92.334976818,
golden,183,seeds3,recovered,True,3.3090986119999997,
golden,183,seeds10,recovered,True,6.663186872000001,
golden,184,seeds3,recovered,True,9.611367358999999,
golden,184,seeds10,recovered,True,22.013235603,
golden,185,seeds3,recovered,True,1.9504853109999998,
golden,185,seeds10,recovered,True,3.2101061439999996,
golden,186,seeds3,recovered,True,47.244725285,
golden,186,seeds10,recovered,True,141.62334750000002,
golden,187,seeds3,recovered,True,10.637067964,
golden,187,seeds10,recovered,True,28.737541159,
golden,188,seeds3,recovered,True,1.256894902,
golden,188,seeds10,recovered,True,1.9543084179999997,
golden,189,seeds3,recovered,True,2.2057651929999995,
golden,189,seeds10,recovered,True,3.8414840360000007,
golden,190,seeds3,recovered,True,1.5046165910000002,
golden,190,seeds10,recovered,True,2.5761874650000003,
golden,191,seeds3,recovered,True,2.200623664,
golden,191,seeds10,recovered,True,4.045637018,
golden,192,seeds3,recovered,True,3.352326915,
golden,192,seeds10,recovered,True,7.659805478,
golden,193,seeds3,recovered,True,11.080455717,
golden,193,seeds10,recovered,True,24.404981164,
golden,194,seeds3,recovered,True,83.524194377,
golden,194,seeds10,recovered,True,253.99626216800002,
golden,195,seeds3,recovered,True,11.495854326,
golden,195,seeds10,recovered,True,33.99753033499999,
golden,196,seeds3,recovered,True,30.575232865,
golden,196,seeds10,recovered,True,94.627988593,
golden,197,seeds3,recovered,True,4.964560381,
golden,197,seeds10,recovered,True,11.091848237,
golden,198,seeds3,recovered,True,32.932492862000004,
golden,198,seeds10,recovered,True,101.663120603,
golden,199,seeds3,recovered,True,17.418907947,
golden,199,seeds10,recovered,True,48.445071114,
golden,200,seeds3,recovered,True,14.842738791000002,
golden,200,seeds10,recovered,True,39.094895021000006,
golden,201,seeds3,recovered,True,59.846523559999994,
golden,201,seeds10,recovered,True,186.22664763299997,
golden,202,seeds3,recovered,True,30.486162643999997,
golden,202,seeds10,recovered,True,86.023670772,
golden,203,seeds3,recovered,True,1.34130299,
golden,203,seeds10,recovered,True,1.9654866569999998,
golden,204,seeds3,recovered,True,9.530817246000002,
golden,204,seeds10,recovered,True,21.611257105,
golden,205,seeds3,recovered,True,19.396096361,
golden,205,seeds10,recovered,True,51.559933009999995,
golden,206,seeds3,recovered,True,1.478979255,
golden,206,seeds10,recovered,True,2.2186686499999997,
golden,207,seeds3,recovered,True,16.99795648,
golden,207,seeds10,recovered,True,48.400824665,
golden,208,seeds3,recovered,True,11.740477366,
golden,208,seeds10,recovered,True,28.430049417999996,
golden,209,seeds3,recovered,True,24.145392436999998,
golden,209,seeds10,recovered,True,64.35207358,
golden,210,seeds3,recovered,True,4.951472572999999,
golden,210,seeds10,recovered,True,11.868994566,
golden,211,seeds3,recovered,True,1.324464372,
golden,211,seeds10,recovered,True,1.84924329,
golden,212,seeds3,recovered,True,5.0716215,
golden,212,seeds10,recovered,True,13.695402003,
golden,213,seeds3,recovered,True,42.588916212,
golden,213,seeds10,recovered,True,127.67333677199998,
golden,214,seeds3,recovered,True,56.60213185800001,
golden,214,seeds10,recovered,True,149.944600608,
golden,215,seeds3,recovered,True,9.022257020999998,
golden,215,seeds10,recovered,True,21.607954102,
golden,216,seeds3,recovered,True,30.493589954,
golden,216,seeds10,recovered,True,77.62086609,
golden,217,seeds3,recovered,True,5.686377556,
golden,217,seeds10,recovered,True,14.574717562,
golden,218,seeds3,recovered,True,1.5703713130000003,
golden,218,seeds10,recovered,True,2.5574037969999996,
golden,219,seeds3,recovered,True,13.769315132,
golden,219,seeds10,recovered,True,31.616628011,
golden,220,seeds3,recovered,True,25.229937476000003,
golden,220,seeds10,recovered,True,79.37491004099999,
golden,221,seeds3,recovered,True,12.525641475000004,
golden,221,seeds10,recovered,True,27.543270733,
golden,222,seeds3,recovered,True,1.6439575190000002,
golden,222,seeds10,recovered,True,3.3913257669999997,
golden,223,seeds3,recovered,True,8.723501668,
golden,223,seeds10,recovered,True,24.09073284,
golden,224,seeds3,recovered,True,2.6983623079999997,
golden,224,seeds10,recovered,True,5.04559454,
golden,225,seeds3,recovered,True,1.253565718,
golden,225,seeds10,recovered,True,1.5636633770000001,
golden,226,seeds3,recovered,True,1.26157872,
golden,226,seeds10,recovered,True,2.4606725340000004,
golden,227,seeds3,recovered,True,1.2939731890000001,
golden,227,seeds10,recovered,True,1.721895812,
golden,228,seeds3,recovered,True,14.330565636000003,
golden,228,seeds10,recovered,True,41.150943917,
golden,229,seeds3,recovered,True,50.9171124,
golden,229,seeds10,recovered,True,137.09805478200002,
golden,230,seeds3,recovered,True,17.207436306,
golden,230,seeds10,recovered,True,48.729430087000004,
golden,231,seeds3,recovered,True,50.472080004000006,
golden,231,seeds10,recovered,True,146.12061663100002,
golden,232,seeds3,recovered,True,2.736679303,
golden,232,seeds10,recovered,True,5.186813743,
golden,233,seeds3,recovered,True,3.7172164899999998,
golden,233,seeds10,recovered,True,9.614934603999998,
golden,234,seeds3,recovered,True,2.390210892,
golden,234,seeds10,recovered,True,5.126750545,
golden,235,seeds3,recovered,True,1.7718009289999999,
golden,235,seeds10,recovered,True,2.83884109,
golden,236,seeds3,recovered,True,1.973385832,
golden,236,seeds10,recovered,True,4.46524672,
golden,237,seeds3,recovered,True,31.011935053000002,
golden,237,seeds10,recovered,True,92.285720162,
golden,238,seeds3,recovered,True,8.466536400999999,
golden,238,seeds10,recovered,True,21.977495836000003,
golden,239,seeds3,recovered,True,65.755273539,
golden,239,seeds10,recovered,True,198.64051895199998,
golden,240,seeds3,recovered,True,2.0549073460000002,
golden,240,seeds10,recovered,True,3.188974291,
golden,241,seeds3,recovered,True,3.7517078109999993,
golden,241,seeds10,recovered,True,9.205695782,
golden,242,seeds3,recovered,True,15.598921449000002,
golden,242,seeds10,recovered,True,38.291613352,
golden,243,seeds3,recovered,True,8.493630024,
golden,243,seeds10,recovered,True,23.214930202999994,
golden,244,seeds3,recovered,True,32.434718401000005,
golden,244,seeds10,recovered,True,97.41565096300002,
golden,245,seeds3,recovered,True,40.037596390999994,
golden,245,seeds10,recovered,True,128.154712742,
golden,246,seeds3,recovered,True,9.357034653000001,
golden,246,seeds10,recovered,True,28.549489487000002,
golden,247,seeds3,recovered,True,11.725238299,
golden,247,seeds10,recovered,True,27.753275094,
golden,248,seeds3,recovered,True,20.307142798999998,
golden,248,seeds10,recovered,True,56.60221322300001,
golden,249,seeds3,recovered,True,5.640658788,
golden,249,seeds10,recovered,True,11.126521302,
golden,250,seeds3,recovered,True,1.869320928,
golden,250,seeds10,recovered,True,4.0360613690000005,
golden,251,seeds3,recovered,True,6.8838950709999995,
golden,251,seeds10,recovered,True,18.685062277,
golden,252,seeds3,recovered,True,2.572489462,
golden,252,seeds10,recovered,True,5.822291538000001,
golden,253,seeds3,recovered,True,13.353016192,
golden,253,seeds10,recovered,True,33.659473649999995,
golden,254,seeds3,recovered,True,1.528327778,
golden,254,seeds10,recovered,True,2.6204835780000004,
golden,255,seeds3,recovered,True,8.978843556000001,
golden,255,seeds10,recovered,True,23.183050148,
golden,256,seeds3,recovered,True,6.777201076999999,
golden,256,seeds10,recovered,True,16.774496013,
golden,257,seeds3,recovered,True,85.418623605,
golden,257,seeds10,recovered,True,257.91673051299995,
golden,258,seeds3,recovered,True,4.037451556000001,
golden,258,seeds10,recovered,True,8.680879689,
golden,259,seeds3,recovered,True,2.2276927300000002,
golden,259,seeds10,recovered,True,4.066004878,
golden,260,seeds3,recovered,True,7.019289783,
golden,260,seeds10,recovered,True,14.876271444999999,
golden,261,seeds3,recovered,True,10.05922705,
golden,261,seeds10,recovered,True,27.029136058,
golden,262,seeds3,recovered,True,5.269947255,
golden,262,seeds10,recovered,True,15.452247379999996,
golden,263,seeds3,recovered,True,2.5083363660000004,
golden,263,seeds10,recovered,True,4.331676539000001,
golden,264,seeds3,recovered,True,3.9635754399999996,
golden,264,seeds10,recovered,True,9.372529781,
golden,265,seeds3,recovered,True,2.243012029,
golden,265,seeds10,recovered,True,3.739641626,
golden,266,seeds3,recovered,True,7.950342451,
golden,266,seeds10,recovered,True,19.954865167999998,
golden,267,seeds3,recovered,True,1.095003088,
golden,267,seeds10,recovered,True,1.1585974599999997,
golden,268,seeds3,recovered,True,33.626674789999996,
golden,268,seeds10,recovered,True,95.080103923,
golden,269,seeds3,recovered,True,4.127053375999999,
golden,269,seeds10,recovered,True,9.410962326,
golden,270,seeds3,recovered,True,24.038256178000005,
golden,270,seeds10,recovered,True,67.431723259,
golden,271,seeds3,recovered,True,1.0726934240000001,
golden,271,seeds10,recovered,True,1.2339162570000002,
golden,272,seeds3,recovered,True,4.322560591,
golden,272,seeds10,recovered,True,11.624765941,
golden,273,seeds3,recovered,True,13.426649763,
golden,273,seeds10,recovered,True,36.470036621,
golden,274,seeds3,recovered,True,7.640134548000001,
golden,274,seeds10,recovered,True,16.30277729,
golden,275,seeds3,recovered,True,13.494445292000002,
golden,275,seeds10,recovered,True,35.661256544000004,
golden,276,seeds3,recovered,True,7.166353947000001,
golden,276,seeds10,recovered,True,18.249348808,
golden,277,seeds3,recovered,True,12.894436004,
golden,277,seeds10,recovered,True,31.446041276,
golden,278,seeds3,recovered,True,5.245428415999999,
golden,278,seeds10,recovered,True,11.50167668,
golden,279,seeds3,recovered,True,7.974089649,
golden,279,seeds10,recovered,True,19.798265055999998,
golden,280,seeds3,recovered,True,5.848121752,
golden,280,seeds10,recovered,True,14.731060065,
golden,281,seeds3,recovered,True,2.562782004,
golden,281,seeds10,recovered,True,4.947617536999999,
golden,282,seeds3,recovered,True,3.874413298,
golden,282,seeds10,recovered,True,8.207889811,
golden,283,seeds3,recovered,True,3.46526826,
golden,283,seeds10,recovered,True,7.485710039000001,
golden,284,seeds3,recovered,True,8.958793827000001,
golden,284,seeds10,recovered,True,21.778885138,
golden,285,seeds3,recovered,True,25.693529093000002,
golden,285,seeds10,recovered,True,77.022228384,
golden,286,seeds3,recovered,True,25.870572820000003,
golden,286,seeds10,recovered,True,83.30958391200001,
golden,287,seeds3,recovered,True,8.846406026,
golden,287,seeds10,recovered,True,22.35375043,
golden,288,seeds3,recovered,True,5.125592811,
golden,288,seeds10,recovered,True,12.080605536,
golden,289,seeds3,recovered,True,45.765163809,
golden,289,seeds10,recovered,True,122.058346866,
golden,290,seeds3,recovered,True,18.771003086,
golden,290,seeds10,recovered,True,42.279650304,
golden,291,seeds3,recovered,True,1.9831666269999997,
golden,291,seeds10,recovered,True,4.8748016619999985,
golden,292,seeds3,recovered,True,1.7433179559999998,
golden,292,seeds10,recovered,True,2.6865716080000004,
golden,293,seeds3,recovered,True,5.733959938,
golden,293,seeds10,recovered,True,14.914837231,
golden,294,seeds3,recovered,True,2.017090992,
golden,294,seeds10,recovered,True,3.3680199239999986,
golden,295,seeds3,recovered,True,44.535927319,
golden,295,seeds10,recovered,True,150.617782138,
golden,296,seeds3,recovered,True,14.677261072,
golden,296,seeds10,recovered,True,47.674029528999995,
golden,297,seeds3,recovered,True,47.240890439000005,
golden,297,seeds10,recovered,True,144.624644632,
golden,298,seeds3,recovered,True,3.596350306,
golden,298,seeds10,recovered,True,9.054712745,
golden,299,seeds3,recovered,True,2.1087591109999995,
golden,299,seeds10,recovered,True,4.285168444999999,
golden,300,seeds3,recovered,True,7.725924628,
golden,300,seeds10,recovered,True,17.941456397,
golden,301,seeds3,recovered,True,39.156192149999995,
golden,301,seeds10,recovered,True,105.259381497,
golden,302,seeds3,recovered,True,11.150192489,
golden,302,seeds10,recovered,True,31.710669423,
golden,303,seeds3,recovered,True,1.219005996,
golden,303,seeds10,recovered,True,1.8913443600000002,
golden,304,seeds3,recovered,True,12.334530976,
golden,304,seeds10,recovered,True,37.04097664300001,
golden,305,seeds3,recovered,True,11.390035093999998,
golden,305,seeds10,recovered,True,30.286647184000003,
golden,306,seeds3,recovered,True,3.6018310750000007,
golden,306,seeds10,recovered,True,7.963798917,
golden,307,seeds3,recovered,True,148.518517649,
golden,307,seeds10,recovered,True,473.423874318,
golden,308,seeds3,recovered,True,23.532990389,
golden,308,seeds10,recovered,True,75.78275806200001,
golden,309,seeds3,recovered,True,18.714383999,
golden,309,seeds10,recovered,True,53.742045346,
golden,310,seeds3,recovered,True,1.4368047379999997,
golden,310,seeds10,recovered,True,2.3421279449999997,
golden,311,seeds3,recovered,True,3.880136394,
golden,311,seeds10,recovered,True,10.317452388,
golden,312,seeds3,recovered,True,11.973108862,
golden,312,seeds10,recovered,True,29.87029196,
golden,313,seeds3,recovered,True,43.283301775999995,
golden,313,seeds10,recovered,True,148.64642678400003,
golden,314,seeds3,recovered,True,3.1312643769999995,
golden,314,seeds10,recovered,True,5.366498237,
golden,315,seeds3,recovered,True,17.665490507,
golden,315,seeds10,recovered,True,49.50687915200001,
golden,316,seeds3,recovered,True,3.313214105999999,
golden,316,seeds10,recovered,True,8.320107365,
golden,317,seeds3,recovered,True,5.539082177000001,
golden,317,seeds10,recovered,True,11.71536488,
golden,318,seeds3,recovered,True,26.838483548000003,
golden,318,seeds10,recovered,True,78.477877293,
golden,319,seeds3,recovered,True,11.091791792,
golden,319,seeds10,recovered,True,30.189316678,
golden,320,seeds3,recovered,True,22.579459506999996,
golden,320,seeds10,recovered,True,67.103720004,
golden,321,seeds3,recovered,True,1.9455339280000001,
golden,321,seeds10,recovered,True,3.851783168,
golden,322,seeds3,recovered,True,7.198714827,
golden,322,seeds10,recovered,True,18.286301225,
golden,323,seeds3,recovered,True,1.283190111,
golden,323,seeds10,recovered,True,1.9306070760000003,
golden,324,seeds3,recovered,True,2.2457400059999997,
golden,324,seeds10,recovered,True,5.9868957069999995,
golden,325,seeds3,recovered,True,24.161776509,
golden,325,seeds10,recovered,True,69.092133431,
golden,326,seeds3,recovered,True,2.3521420209999997,
golden,326,seeds10,recovered,True,3.826128559,
golden,327,seeds3,recovered,True,7.574891708999999,
golden,327,seeds10,recovered,True,18.959333263999994,
golden,328,seeds3,recovered,True,19.897804877,
golden,328,seeds10,recovered,True,58.971561521000005,
golden,329,seeds3,recovered,True,5.0323008730000005,
golden,329,seeds10,recovered,True,12.146336069,
golden,330,seeds3,recovered,True,2.203912499,
golden,330,seeds10,recovered,True,3.8959419950000003,
golden,331,seeds3,recovered,True,14.003915581,
golden,331,seeds10,recovered,True,36.86153028900001,
golden,332,seeds3,recovered,True,1.6254254639999999,
golden,332,seeds10,recovered,True,3.1451090329999998,
golden,333,seeds3,recovered,True,2.4018412319999998,
golden,333,seeds10,recovered,True,4.7748761879999995,
golden,334,seeds3,recovered,True,7.360549033999999,
golden,334,seeds10,recovered,True,15.770944036000001,
golden,335,seeds3,recovered,True,5.976418442,
golden,335,seeds10,recovered,True,13.366413521,
golden,336,seeds3,recovered,True,1.969258849,
golden,336,seeds10,recovered,True,4.708780834,
golden,337,seeds3,recovered,True,56.181830135999995,
golden,337,seeds10,recovered,True,175.72507405599998,
golden,338,seeds3,recovered,True,3.327168146,
golden,338,seeds10,recovered,True,8.133050863000001,
golden,339,seeds3,recovered,True,3.748774809,
golden,339,seeds10,recovered,True,10.241906228000001,
golden,340,seeds3,recovered,True,3.5168476959999992,
golden,340,seeds10,recovered,True,8.237750554,
golden,341,seeds3,recovered,True,3.7764677310000003,
golden,341,seeds10,recovered,True,8.393341441,
golden,342,seeds3,recovered,True,3.623971488,
golden,342,seeds10,recovered,True,8.246903928000002,
golden,343,seeds3,recovered,True,22.721228294,
golden,343,seeds10,recovered,True,62.823254240000004,
golden,344,seeds3,recovered,True,41.738273037,
golden,344,seeds10,recovered,True,118.30291440900001,
golden,345,seeds3,recovered,True,4.5629509950000005,
golden,345,seeds10,recovered,True,10.143476542999998,
golden,346,seeds3,recovered,True,4.6779806740000005,
golden,346,seeds10,recovered,True,13.361491221000001,
golden,347,seeds3,recovered,True,3.945058542,
golden,347,seeds10,recovered,True,8.285968691999999,
golden,348,seeds3,recovered,True,1.349720359,
golden,348,seeds10,recovered,True,2.0486846549999997,
golden,349,seeds3,recovered,True,9.290477026,
golden,349,seeds10,recovered,True,26.875000829999998,
golden,350,seeds3,recovered,True,2.8150865339999998,
golden,350,seeds10,recovered,True,5.926771269,
golden,351,seeds3,recovered,True,2.846801602,
golden,351,seeds10,recovered,True,7.288215129000001,
golden,352,seeds3,recovered,True,32.042629250999994,
golden,352,seeds10,recovered,True,91.51878850899999,
golden,353,seeds3,recovered,True,2.8462963329999997,
golden,353,seeds10,recovered,True,5.5121625960000005,
golden,354,seeds3,recovered,True,12.143293434999997,
golden,354,seeds10,recovered,True,34.890393072,
golden,355,seeds3,recovered,True,9.949260913000002,
golden,355,seeds10,recovered,True,25.157037128,
golden,356,seeds3,recovered,True,2.522328478,
golden,356,seeds10,recovered,True,4.415105606,
golden,357,seeds3,recovered,True,13.665314371000001,
golden,357,seeds10,recovered,True,33.269535081,
golden,358,seeds3,recovered,True,56.105872172,
golden,358,seeds10,recovered,True,162.83375390999998,
golden,359,seeds3,recovered,True,6.357442570000001,
golden,359,seeds10,recovered,True,16.609901179999998,
golden,360,seeds3,recovered,True,2.068242091,
golden,360,seeds10,recovered,True,3.169522341,
golden,361,seeds3,recovered,True,4.670893518000001,
golden,361,seeds10,recovered,True,11.519002523999998,
golden,362,seeds3,recovered,True,2.5629142190000005,
golden,362,seeds10,recovered,True,2.777494822,
golden,363,seeds3,recovered,True,5.233318363,
golden,363,seeds10,recovered,True,11.65354047,
golden,364,seeds3,recovered,True,24.246105905,
golden,364,seeds10,recovered,True,66.91903643700002,
golden,365,seeds3,recovered,True,13.296450432,
golden,365,seeds10,recovered,True,37.690139649,
golden,366,seeds3,recovered,True,2.078274821,
golden,366,seeds10,recovered,True,2.9957214830000005,
golden,367,seeds3,recovered,True,6.5915998049999995,
golden,367,seeds10,recovered,True,16.547646752000002,
golden,368,seeds3,recovered,True,3.7606338630000002,
golden,368,seeds10,recovered,True,7.091619041000001,
golden,369,seeds3,recovered,True,1.5110740790000003,
golden,369,seeds10,recovered,True,2.375964132,
golden,370,seeds3,recovered,True,2.493456903,
golden,370,seeds10,recovered,True,5.7955666610000005,
golden,371,seeds3,recovered,True,7.8139877250000005,
golden,371,seeds10,recovered,True,20.675052504,
golden,372,seeds3,recovered,True,177.488776848,
golden,372,seeds10,recovered,True,555.063713302,
golden,373,seeds3,recovered,True,10.976819854999999,
golden,373,seeds10,recovered,True,28.289896744000004,
golden,374,seeds3,recovered,True,24.23702844,
golden,374,seeds10,recovered,True,71.235433028,
golden,375,seeds3,recovered,True,6.101397148000001,
golden,375,seeds10,recovered,True,11.803597521,
golden,376,seeds3,recovered,True,3.8189642139999997,
golden,376,seeds10,recovered,True,7.394399624,
golden,377,seeds3,recovered,True,5.744537784,
golden,377,seeds10,recovered,True,11.783309692,
golden,378,seeds3,recovered,True,3.3465014080000004,
golden,378,seeds10,recovered,True,7.384219579,
golden,379,seeds3,recovered,True,1.39389861,
golden,379,seeds10,recovered,True,2.307579896,
golden,380,seeds3,recovered,True,8.297968305,
golden,380,seeds10,recovered,True,18.637989972,
golden,381,seeds3,recovered,True,11.898372163000001,
golden,381,seeds10,recovered,True,26.874049804000002,
golden,382,seeds3,recovered,True,2.456984714,
golden,382,seeds10,recovered,True,3.8064662059999996,
golden,383,seeds3,recovered,True,3.5844424249999998,
golden,383,seeds10,recovered,True,8.107845056,
golden,384,seeds3,recovered,True,5.193536118999999,
golden,384,seeds10,recovered,True,14.339185136000001,
golden,385,seeds3,recovered,True,9.869647421,
golden,385,seeds10,recovered,True,25.993416718000002,
golden,386,seeds3,recovered,True,15.370615516999997,
golden,386,seeds10,recovered,True,44.541840994999994,
golden,387,seeds3,recovered,True,1.2282712329999999,
golden,387,seeds10,recovered,True,1.693600582,
golden,388,seeds3,recovered,True,33.991675154999996,
golden,388,seeds10,recovered,True,93.016452283,
golden,389,seeds3,recovered,True,1.5916853309999996,
golden,389,seeds10,recovered,True,2.3309733080000004,
golden,390,seeds3,recovered,True,5.0865267329999995,
golden,390,seeds10,recovered,True,13.910117113999998,
golden,391,seeds3,recovered,True,13.193774648,
golden,391,seeds10,recovered,True,36.92195164200001,
golden,392,seeds3,recovered,True,1.0774105479999998,
golden,392,seeds10,recovered,True,1.4895118099999998,
golden,393,seeds3,recovered,True,10.121605905,
golden,393,seeds10,recovered,True,28.183481197,
golden,394,seeds3,recovered,True,4.176318502,
golden,394,seeds10,recovered,True,8.135844722999998,
golden,395,seeds3,recovered,True,1.5018792479999998,
golden,395,seeds10,recovered,True,2.3514186039999996,
golden,396,seeds3,recovered,True,6.144404026,
golden,396,seeds10,recovered,True,14.271213649999998,
golden,397,seeds3,recovered,True,2.8852329599999997,
golden,397,seeds10,recovered,True,6.028945984,
golden,398,seeds3,recovered,True,1.3279094169999999,
golden,398,seeds10,recovered,True,2.464386064,
golden,399,seeds3,recovered,True,1.5783873579999996,
golden,399,seeds10,recovered,True,1.6016640959999997,
golden,400,seeds3,recovered,True,43.466240625,
golden,400,seeds10,recovered,True,124.408690624,
golden,401,seeds3,recovered,True,52.570764888,
golden,401,seeds10,recovered,True,173.22329493200004,
golden,402,seeds3,recovered,True,2.371755113,
golden,402,seeds10,recovered,True,5.186509875999999,
golden,403,seeds3,recovered,True,133.37136298500002,
golden,403,seeds10,recovered,True,458.52574514500003,
golden,404,seeds3,recovered,True,6.08695359,
golden,404,seeds10,recovered,True,16.168241218,
golden,405,seeds3,recovered,True,8.681241152999998,
golden,405,seeds10,recovered,True,20.201624303,
golden,406,seeds3,recovered,True,14.189122642000001,
golden,406,seeds10,recovered,True,36.137395762000004,
golden,407,seeds3,recovered,True,18.231116699,
golden,407,seeds10,recovered,True,59.083735581999996,
golden,408,seeds3,recovered,True,4.580174195,
golden,408,seeds10,recovered,True,14.53926596,
golden,409,seeds3,recovered,True,2.4351840179999993,
golden,409,seeds10,recovered,True,4.751857376999999,
golden,410,seeds3,recovered,True,414.13330940500003,
golden,410,seeds10,recovered,True,1425.476443469,
golden,411,seeds3,recovered,True,48.866142177,
golden,411,seeds10,recovered,True,147.41592458799997,
golden,412,seeds3,recovered,True,5.464535936000001,
golden,412,seeds10,recovered,True,9.659378803,
golden,413,seeds3,recovered,True,8.685289501000002,
golden,413,seeds10,recovered,True,25.961341901,
golden,414,seeds3,recovered,True,3.3800820109999994,
golden,414,seeds10,recovered,True,7.1884737030000005,
golden,415,seeds3,recovered,True,4.708568223,
golden,415,seeds10,recovered,True,12.839642169000001,
golden,416,seeds3,recovered,True,2.563756932,
golden,416,seeds10,recovered,True,3.771760218,
golden,417,seeds3,recovered,True,29.636394650000007,
golden,417,seeds10,recovered,True,97.28774428599999,
golden,418,seeds3,recovered,True,4.293516879,
golden,418,seeds10,recovered,True,9.389896120000001,
golden,419,seeds3,recovered,True,9.588850238,
golden,419,seeds10,recovered,True,27.699613760000002,
golden,420,seeds3,recovered,True,73.650056957,
golden,420,seeds10,recovered,True,187.70117122000002,
golden,421,seeds3,recovered,True,5.824625081999999,
golden,421,seeds10,recovered,True,15.400679465999998,
golden,422,seeds3,recovered,True,3.229780714,
golden,422,seeds10,recovered,True,5.052085138000001,
golden,423,seeds3,recovered,True,77.825532272,
golden,423,seeds10,recovered,True,232.13977182099998,
golden,424,seeds3,recovered,True,2.962282041,
golden,424,seeds10,recovered,True,4.831653425000001,
golden,425,seeds3,recovered,True,21.628248399000004,
golden,425,seeds10,recovered,True,58.273018132000004,
golden,426,seeds3,recovered,True,6.7150154230000005,
golden,426,seeds10,recovered,True,14.979507437,
golden,427,seeds3,recovered,True,30.139118605999997,
golden,427,seeds10,recovered,True,72.146349785,
golden,428,seeds3,recovered,True,14.921052293999999,
golden,428,seeds10,recovered,True,34.639249662,
golden,429,seeds3,recovered,True,2.166392171,
golden,429,seeds10,recovered,True,4.167967817999999,
golden,430,seeds3,recovered,True,11.527966794000001,
golden,430,seeds10,recovered,True,27.924459640000002,
golden,431,seeds3,recovered,True,12.819936679000001,
golden,431,seeds10,recovered,True,34.064601015,
golden,432,seeds3,recovered,True,7.8525510259999995,
golden,432,seeds10,recovered,True,19.108048258000004,
golden,433,seeds3,recovered,True,4.5450101069999995,
golden,433,seeds10,recovered,True,9.902620412000001,
golden,434,seeds3,recovered,True,24.936892466000003,
golden,434,seeds10,recovered,True,68.785904552,
golden,435,seeds3,recovered,True,5.206771755,
golden,435,seeds10,recovered,True,10.064907618000001,
golden,436,seeds3,recovered,True,7.976738577999999,
golden,436,seeds10,recovered,True,17.769381038,
golden,437,seeds3,recovered,True,1.9856914549999998,
golden,437,seeds10,recovered,True,2.969914397,
golden,438,seeds3,recovered,True,4.099171841999999,
golden,438,seeds10,recovered,True,7.672431171999998,
golden,439,seeds3,recovered,True,64.41999587000001,
golden,439,seeds10,recovered,True,182.57044606199997,
golden,440,seeds3,recovered,True,2.525914128,
golden,440,seeds10,recovered,True,4.77725966,
golden,441,seeds3,recovered,True,5.535313663,
golden,441,seeds10,recovered,True,14.112065489,
golden,442,seeds3,recovered,True,40.741431335,
golden,442,seeds10,recovered,True,119.134114956,
golden,443,seeds3,recovered,True,20.616289350000002,
golden,443,seeds10,recovered,True,61.25892551199999,
golden,444,seeds3,recovered,True,42.533106481,
golden,444,seeds10,recovered,True,124.493372735,
golden,445,seeds3,recovered,True,24.146304403,
golden,445,seeds10,recovered,True,73.510510437,
golden,446,seeds3,recovered,True,34.68330730700001,
golden,446,seeds10,recovered,True,109.06382822100001,
golden,447,seeds3,recovered,True,1.828262985,
golden,447,seeds10,recovered,True,3.3263251070000006,
golden,448,seeds3,recovered,True,40.77491968099999,
golden,448,seeds10,recovered,True,109.860923233,
golden,449,seeds3,recovered,True,14.391017081000001,
golden,449,seeds10,recovered,True,39.705273592999994,
golden,450,seeds3,recovered,True,4.676591759,
golden,450,seeds10,recovered,True,8.942837253,
golden,451,seeds3,recovered,True,6.771354293,
golden,451,seeds10,recovered,True,17.235198558,
golden,452,seeds3,recovered,True,4.376374113,
golden,452,seeds10,recovered,True,9.202824633,
golden,453,seeds3,recovered,True,102.20998883800002,
golden,453,seeds10,recovered,True,267.774355338,
golden,454,seeds3,recovered,True,51.43910533500001,
golden,454,seeds10,recovered,True,129.616572421,
golden,455,seeds3,recovered,True,4.031952700000001,
golden,455,seeds10,recovered,True,7.574309521,
golden,456,seeds3,recovered,True,14.519681943,
golden,456,seeds10,recovered,True,42.067307725,
golden,457,seeds3,recovered,True,5.5114907220000005,
golden,457,seeds10,recovered,True,14.715609248,
golden,458,seeds3,recovered,True,3.296385508,
golden,458,seeds10,recovered,True,7.072415439999999,
golden,459,seeds3,recovered,True,13.709104895,
golden,459,seeds10,recovered,True,33.352131967999995,
golden,460,seeds3,recovered,True,2.111396032,
golden,460,seeds10,recovered,True,3.2829358539999998,
golden,461,seeds3,recovered,True,10.89379816,
golden,461,seeds10,recovered,True,41.169117566,
golden,462,seeds3,recovered,True,38.558144962,
golden,462,seeds10,recovered,True,87.02897174700001,
golden,463,seeds3,recovered,True,47.53870394599999,
golden,463,seeds10,recovered,True,147.35168331699998,
golden,464,seeds3,recovered,True,21.246388359,
golden,464,seeds10,recovered,True,59.055520943,
golden,465,seeds3,recovered,True,10.352312556999998,
golden,465,seeds10,recovered,True,25.411259090999994,
golden,466,seeds3,recovered,True,15.228236007,
golden,466,seeds10,recovered,True,41.379006603,
golden,467,seeds3,recovered,True,1.334063924,
golden,467,seeds10,recovered,True,2.0180974450000004,
golden,468,seeds3,recovered,True,2.2817757539999994,
golden,468,seeds10,recovered,True,4.120217668,
golden,469,seeds3,recovered,True,4.1829941129999995,
golden,469,seeds10,recovered,True,9.366523758,
golden,470,seeds3,recovered,True,2.756659777,
golden,470,seeds10,recovered,True,5.721708077000001,
golden,471,seeds3,recovered,True,6.152748557000001,
golden,471,seeds10,recovered,True,16.406501701000003,
golden,472,seeds3,recovered,True,2.9222886709999996,
golden,472,seeds10,recovered,True,4.9661701350000005,
golden,473,seeds3,recovered,True,8.976725829,
golden,473,seeds10,recovered,True,21.493626046,
golden,474,seeds3,recovered,True,24.491033257999998,
golden,474,seeds10,recovered,True,66.879908069,
golden,475,seeds3,recovered,True,5.603469716999999,
golden,475,seeds10,recovered,True,16.861574877000002,
golden,476,seeds3,recovered,True,1.4837250669999995,
golden,476,seeds10,recovered,True,1.922468586,
golden,477,seeds3,recovered,True,10.418443128,
golden,477,seeds10,recovered,True,24.603402429,
golden,478,seeds3,recovered,True,2.464247554,
golden,478,seeds10,recovered,True,4.4815031130000005,
golden,479,seeds3,recovered,True,5.240254711,
golden,479,seeds10,recovered,True,11.172315689000001,
golden,480,seeds3,recovered,True,9.336156888,
golden,480,seeds10,recovered,True,20.739716555,
golden,481,seeds3,recovered,True,10.051015432,
golden,481,seeds10,recovered,True,23.172922084999996,
golden,482,seeds3,recovered,True,5.277583805,
golden,482,seeds10,recovered,True,11.855503614,
golden,483,seeds3,recovered,True,1.531589211,
golden,483,seeds10,recovered,True,2.2186790829999996,
golden,484,seeds3,recovered,True,25.930658059,
golden,484,seeds10,recovered,True,80.23963559100001,
golden,485,seeds3,recovered,True,14.196554617,
golden,485,seeds10,recovered,True,37.070835832,
golden,486,seeds3,recovered,True,5.61813972,
golden,486,seeds10,recovered,True,14.359471924000001,
golden,487,seeds3,recovered,True,2.3947738010000004,
golden,487,seeds10,recovered,True,5.363002531999999,
golden,488,seeds3,recovered,True,3.357626539,
golden,488,seeds10,recovered,True,5.59778605,
golden,489,seeds3,recovered,True,7.778381839,
golden,489,seeds10,recovered,True,18.476184785,
golden,490,seeds3,recovered,True,18.300737512,
golden,490,seeds10,recovered,True,47.866269079,
golden,491,seeds3,recovered,True,13.512543448999999,
golden,491,seeds10,recovered,True,40.348943852,
golden,492,seeds3,recovered,True,8.332565713000001,
golden,492,seeds10,recovered,True,20.121989686,
golden,493,seeds3,recovered,True,4.429316131,
golden,493,seeds10,recovered,True,10.269416688,
golden,494,seeds3,recovered,True,2.7810551199999995,
golden,494,seeds10,recovered,True,6.875939473,
golden,495,seeds3,recovered,True,38.03173077699999,
golden,495,seeds10,recovered,True,131.82194810800002,
golden,496,seeds3,recovered,True,43.456902185,
golden,496,seeds10,recovered,True,128.191068396,
golden,497,seeds3,recovered,True,32.092608843,
golden,497,seeds10,recovered,True,99.624131764,
golden,498,seeds3,recovered,True,2.5147927809999997,
golden,498,seeds10,recovered,True,4.60871691,
golden,499,seeds3,recovered,True,16.475512119999998,
golden,499,seeds10,recovered,True,41.425640748,
golden,500,seeds3,recovered,True,3.2072571279999997,
golden,500,seeds10,recovered,True,8.904328389,
golden,501,seeds3,recovered,True,4.043231704999999,
golden,501,seeds10,recovered,True,9.246688851999998,
golden,502,seeds3,recovered,True,2.406247841,
golden,502,seeds10,recovered,True,4.050433867999999,
golden,503,seeds3,recovered,True,5.350654772,
golden,503,seeds10,recovered,True,12.487772087,
golden,504,seeds3,recovered,True,8.73088366,
golden,504,seeds10,recovered,True,22.451274904,
golden,505,seeds3,recovered,True,9.049273423999999,
golden,505,seeds10,recovered,True,24.578356682999996,
golden,506,seeds3,recovered,True,10.326152504,
golden,506,seeds10,recovered,True,22.770886549,
golden,507,seeds3,recovered,True,14.064023601000002,
golden,507,seeds10,recovered,True,32.5362682,
golden,508,seeds3,recovered,True,2.10871365,
golden,508,seeds10,recovered,True,4.157857742,
golden,509,seeds3,recovered,True,7.201403666999999,
golden,509,seeds10,recovered,True,15.225644323,
golden,510,seeds3,recovered,True,3.340515152,
golden,510,seeds10,recovered,True,6.550332654,
golden,511,seeds3,recovered,True,7.743764263,
golden,511,seeds10,recovered,True,20.098026242999996,
golden,512,seeds3,recovered,True,1.8671441189999998,
golden,512,seeds10,recovered,True,3.5816002769999997,
golden,513,seeds3,recovered,True,5.274894432,
golden,513,seeds10,recovered,True,11.208274172000001,
golden,514,seeds3,recovered,True,10.258386308000002,
golden,514,seeds10,recovered,True,26.732127185,
golden,515,seeds3,recovered,True,7.236353900999999,
golden,515,seeds10,recovered,True,17.046417292999998,
golden,516,seeds3,recovered,True,14.808877728,
golden,516,seeds10,recovered,True,43.550927529,
golden,517,seeds3,recovered,True,3.4070964860000004,
golden,517,seeds10,recovered,True,10.209360328,
golden,518,seeds3,recovered,True,9.781502924000002,
golden,518,seeds10,recovered,True,27.338855407,
golden,519,seeds3,recovered,True,3.9037830049999998,
golden,519,seeds10,recovered,True,7.466845956,
golden,520,seeds3,recovered,True,3.293150588,
golden,520,seeds10,recovered,True,8.593799443,
golden,521,seeds3,recovered,True,80.85842555100001,
golden,521,seeds10,recovered,True,247.6985712,
golden,522,seeds3,recovered,True,2.8840162540000005,
golden,522,seeds10,recovered,True,7.1306216870000005,
golden,523,seeds3,recovered,True,12.042232443,
golden,523,seeds10,recovered,True,26.973068507999997,
golden,524,seeds3,recovered,True,9.177321976,
golden,524,seeds10,recovered,True,25.588966750000004,
golden,525,seeds3,recovered,True,3.2246722919999997,
golden,525,seeds10,recovered,True,9.674998955000001,
golden,526,seeds3,recovered,True,1.5458769909999996,
golden,526,seeds10,recovered,True,2.5476305619999997,
golden,527,seeds3,recovered,True,13.048816115999998,
golden,527,seeds10,recovered,True,35.210039355,
golden,528,seeds3,recovered,True,54.772323017999994,
golden,528,seeds10,recovered,True,184.94738378399998,
golden,529,seeds3,recovered,True,14.143724344,
golden,529,seeds10,recovered,True,38.172193852,
golden,530,seeds3,recovered,True,4.673596089,
golden,530,seeds10,recovered,True,11.833826820999999,
golden,531,seeds3,recovered,True,15.332024944000002,
golden,531,seeds10,recovered,True,39.426998432,
golden,532,seeds3,recovered,True,87.684899016,
golden,532,seeds10,recovered,True,290.97767211400003,
golden,533,seeds3,recovered,True,14.063059210999999,
golden,533,seeds10,recovered,True,39.058895981,
golden,534,seeds3,recovered,True,18.937066027999997,
golden,534,seeds10,recovered,True,45.973124088000006,
golden,535,seeds3,recovered,True,14.385008999,
golden,535,seeds10,recovered,True,40.22383429799999,
golden,536,seeds3,recovered,True,21.442364430999994,
golden,536,seeds10,recovered,True,58.546348065000004,
golden,537,seeds3,recovered,True,2.8527281049999997,
golden,537,seeds10,recovered,True,6.269805152,
golden,538,seeds3,recovered,True,1.947420679,
golden,538,seeds10,recovered,True,3.9953942059999994,
golden,539,seeds3,recovered,True,4.8139342790000015,
golden,539,seeds10,recovered,True,10.572126104999999,
golden,540,seeds3,recovered,True,7.789106779999999,
golden,540,seeds10,recovered,True,18.415889083,
golden,541,seeds3,recovered,True,59.04115038899999,
golden,541,seeds10,recovered,True,172.35647181400003,
golden,542,seeds3,recovered,True,30.536110903999997,
golden,542,seeds10,recovered,True,95.37856794100001,
golden,543,seeds3,recovered,True,3.225671305,
golden,543,seeds10,recovered,True,7.129478358000001,
golden,544,seeds3,recovered,True,7.89853193,
golden,544,seeds10,recovered,True,19.517830347000004,
golden,545,seeds3,recovered,True,16.930387999,
golden,545,seeds10,recovered,True,51.77579343300001,
golden,546,seeds3,recovered,True,8.156934883,
golden,546,seeds10,recovered,True,22.885956344999997,
golden,547,seeds3,recovered,True,31.146883046999996,
golden,547,seeds10,recovered,True,102.78004916400002,
golden,548,seeds3,recovered,True,5.825809934,
golden,548,seeds10,recovered,True,18.242625085,
golden,549,seeds3,recovered,True,22.866215951999997,
golden,549,seeds10,recovered,True,52.83028909,
golden,550,seeds3,recovered,True,5.557144507,
golden,550,seeds10,recovered,True,13.494075231999998,
golden,551,seeds3,recovered,True,60.983878051,
golden,551,seeds10,recovered,True,171.877767735,
golden,552,seeds3,recovered,True,1.455220358,
golden,552,seeds10,recovered,True,2.6211555690000004,
golden,553,seeds3,recovered,True,42.358660683,
golden,553,seeds10,recovered,True,131.4956412,
golden,554,seeds3,recovered,True,42.785812569,
golden,554,seeds10,recovered,True,149.169390373,
golden,555,seeds3,recovered,True,25.866147956,
golden,555,seeds10,recovered,True,67.46606200299999,
golden,556,seeds3,recovered,True,15.049544651999998,
golden,556,seeds10,recovered,True,37.608611612000004,
golden,557,seeds3,recovered,True,4.425720881,
golden,557,seeds10,recovered,True,9.804894497,
golden,558,seeds3,recovered,True,7.867611521999999,
golden,558,seeds10,recovered,True,12.948710258999999,
golden,559,seeds3,recovered,True,69.071995769,
golden,559,seeds10,recovered,True,214.06323896000004,
golden,560,seeds3,recovered,True,4.017829709000001,
golden,560,seeds10,recovered,True,10.256493172999999,
golden,561,seeds3,recovered,True,147.510211215,
golden,561,seeds10,recovered,True,479.77604126600005,
golden,562,seeds3,recovered,True,6.044323628999999,
golden,562,seeds10,recovered,True,13.876516836,
golden,563,seeds3,recovered,True,24.64369096,
golden,563,seeds10,recovered,True,67.549409655,
golden,564,seeds3,recovered,True,111.93830155900001,
golden,564,seeds10,recovered,True,383.094928178,
golden,565,seeds3,recovered,True,56.42825346800001,
golden,565,seeds10,recovered,True,160.89326187499998,
golden,566,seeds3,recovered,True,21.476120097999996,
golden,566,seeds10,recovered,True,61.529593876,
golden,567,seeds3,recovered,True,58.43232421100001,
golden,567,seeds10,recovered,True,194.02308273199998,
golden,568,seeds3,recovered,True,15.846886063000001,
golden,568,seeds10,recovered,True,45.260059373000004,
golden,569,seeds3,recovered,True,16.874960330999997,
golden,569,seeds10,recovered,True,49.883365474,
golden,570,seeds3,recovered,True,7.7066679240000004,
golden,570,seeds10,recovered,True,19.212862047999998,
golden,571,seeds3,recovered,True,7.931611976,
golden,571,seeds10,recovered,True,19.873327946000003,
golden,572,seeds3,recovered,True,52.604689445999995,
golden,572,seeds10,recovered,True,154.683053868,
golden,573,seeds3,recovered,True,56.012152256,
golden,573,seeds10,recovered,True,113.16886481,
golden,574,seeds3,recovered,True,19.470447412000002,
golden,574,seeds10,recovered,True,66.05108823399999,
golden,575,seeds3,recovered,True,230.819828754,
golden,575,seeds10,recovered,True,758.6106023740001,
golden,576,seeds3,recovered,True,19.026386738000003,
golden,576,seeds10,recovered,True,59.202550869,
golden,577,seeds3,recovered,True,3.911477665,
golden,577,seeds10,recovered,True,10.479744164,
golden,578,seeds3,recovered,True,7.921128069999999,
golden,578,seeds10,recovered,True,17.795607733,
golden,579,seeds3,recovered,True,32.82934941799999,
golden,579,seeds10,recovered,True,99.03014125099999,
golden,580,seeds3,recovered,True,13.610997332999997,
golden,580,seeds10,recovered,True,31.633119882,
golden,581,seeds3,recovered,True,5.299342729999999,
golden,581,seeds10,recovered,True,12.411345967000003,
golden,582,seeds3,recovered,True,10.826664425999999,
golden,582,seeds10,recovered,True,31.466607549000003,
golden,583,seeds3,recovered,True,130.82464213600002,
golden,583,seeds10,recovered,True,419.6367640440001,
golden,584,seeds3,recovered,True,2.3466188539999995,
golden,584,seeds10,recovered,True,4.739706583,
golden,585,seeds3,recovered,True,3.842894961,
golden,585,seeds10,recovered,True,8.214847062999999,
golden,586,seeds3,recovered,True,7.388993729999999,
golden,586,seeds10,recovered,True,20.863669130999998,
golden,587,seeds3,recovered,True,14.995073842,
golden,587,seeds10,recovered,True,40.81716086499999,
golden,588,seeds3,recovered,True,8.572149145,
golden,588,seeds10,recovered,True,19.695168681,
golden,589,seeds3,recovered,True,6.655290473999999,
golden,589,seeds10,recovered,True,13.287079746,
golden,590,seeds3,unknown,True,227.67888611000004,
golden,590,seeds10,unknown,True,744.5323247970001,
golden,591,seeds3,recovered,True,2.308524623,
golden,591,seeds10,recovered,True,5.3903038159999985,
golden,592,seeds3,recovered,True,2.553422396,
golden,592,seeds10,recovered,True,4.134914774,
golden,593,seeds3,recovered,True,1.9858153909999996,
golden,593,seeds10,recovered,True,3.676144691,
golden,594,seeds3,recovered,True,41.863734140000005,
golden,594,seeds10,recovered,True,101.70750290599999,
golden,595,seeds3,recovered,True,33.52550657,
golden,595,seeds10,recovered,True,112.73332340299999,
golden,596,seeds3,recovered,True,201.907577933,
golden,596,seeds10,recovered,True,702.355082284,
golden,597,seeds3,recovered,True,20.304790041000004,
golden,597,seeds10,recovered,True,58.872197056,
golden,598,seeds3,recovered,True,28.588934848999997,
golden,598,seeds10,recovered,True,86.95424238000001,
golden,599,seeds3,recovered,True,22.734912774999998,
golden,599,seeds10,recovered,True,68.59148032499999,
golden,600,seeds3,recovered,True,5.923114191,
golden,600,seeds10,recovered,True,13.830141990999998,
golden,601,seeds3,recovered,True,24.182912460000004,
golden,601,seeds10,recovered,True,63.219799091,
golden,602,seeds3,recovered,True,12.664290620000003,
golden,602,seeds10,recovered,True,38.790801298000005,
golden,603,seeds3,recovered,True,39.145612985999996,
golden,603,seeds10,recovered,True,121.27033197899999,
golden,604,seeds3,recovered,True,11.017437688000001,
golden,604,seeds10,recovered,True,30.832487499000006,
golden,605,seeds3,recovered,True,1.297388901,
golden,605,seeds10,recovered,True,1.9645770069999997,
golden,606,seeds3,recovered,True,1.221744127,
golden,606,seeds10,recovered,True,1.5480677809999994,
golden,607,seeds3,recovered,True,186.05496717800003,
golden,607,seeds10,recovered,True,582.4258020279999,
golden,608,seeds3,recovered,True,19.49194672,
golden,608,seeds10,recovered,True,60.198821695999996,
golden,609,seeds3,recovered,True,24.975544014,
golden,609,seeds10,recovered,True,75.31716064999999,
golden,610,seeds3,recovered,True,9.224726183000001,
golden,610,seeds10,recovered,True,25.311868812000004,
golden,611,seeds3,recovered,True,16.113031438,
golden,611,seeds10,recovered,True,40.478076087,
golden,612,seeds3,recovered,True,134.113252503,
golden,612,seeds10,recovered,True,398.29394860700006,
golden,613,seeds3,recovered,True,19.232310469,
golden,613,seeds10,recovered,True,47.688066784,
golden,614,seeds3,recovered,True,31.681845398,
golden,614,seeds10,recovered,True,97.63878945100001,
golden,615,seeds3,recovered,True,15.959252583000003,
golden,615,seeds10,recovered,True,39.357281207,
golden,616,seeds3,recovered,True,29.392777370000005,
golden,616,seeds10,recovered,True,66.452558968,
golden,617,seeds3,recovered,True,7.959557598,
golden,617,seeds10,recovered,True,18.059862333999998,
golden,618,seeds3,recovered,True,40.936573978999995,
golden,618,seeds10,recovered,True,121.84116219100001,
golden,619,seeds3,recovered,True,52.838924266,
golden,619,seeds10,recovered,True,164.40982757299997,
golden,620,seeds3,recovered,True,189.45517144,
golden,620,seeds10,recovered,True,544.3380858520001,
golden,621,seeds3,recovered,True,54.054743676,
golden,621,seeds10,recovered,True,195.924405853,
golden,622,seeds3,recovered,True,185.574805331,
golden,622,seeds10,recovered,True,572.6546424839999,
golden,623,seeds3,recovered,True,29.694109940999994,
golden,623,seeds10,recovered,True,76.770210479,
golden,624,seeds3,recovered,True,1.4327556369999999,
golden,624,seeds10,recovered,True,1.9924383879999996,
golden,625,seeds3,recovered,True,1.009670825,
golden,625,seeds10,recovered,True,1.2132153680000002,
golden,626,seeds3,recovered,True,4.276048445000001,
golden,626,seeds10,recovered,True,9.167210697,
golden,627,seeds3,recovered,True,11.711669714,
golden,627,seeds10,recovered,True,29.759968004999998,
golden,628,seeds3,recovered,True,13.585420578999999,
golden,628,seeds10,recovered,True,37.238402181,
golden,629,seeds3,recovered,True,25.040096896999998,
golden,629,seeds10,recovered,True,65.675500481,
golden,630,seeds3,recovered,True,18.039404541,
golden,630,seeds10,recovered,True,48.304020906000005,
golden,631,seeds3,recovered,True,4.119497583999999,
golden,631,seeds10,recovered,True,7.662455881,
golden,632,seeds3,recovered,True,36.46180215199999,
golden,632,seeds10,recovered,True,100.02971858500001,
golden,633,seeds3,recovered,True,17.879639574000002,
golden,633,seeds10,recovered,True,49.08367986,
golden,634,seeds3,recovered,True,53.222987571999994,
golden,634,seeds10,recovered,True,152.24650079,
golden,635,seeds3,recovered,True,63.936011186,
golden,635,seeds10,recovered,True,205.13142624500003,
golden,636,seeds3,recovered,True,31.31740102,
golden,636,seeds10,recovered,True,75.666302681,
golden,637,seeds3,recovered,True,2.346001511,
golden,637,seeds10,recovered,True,4.811376601999999,
golden,638,seeds3,recovered,True,25.900612883,
golden,638,seeds10,recovered,True,75.10109263999999,
golden,639,seeds3,recovered,True,28.834837413000002,
golden,639,seeds10,recovered,True,88.17268451800001,
golden,640,seeds3,recovered,True,117.259064527,
golden,640,seeds10,recovered,True,342.234659165,
golden,641,seeds3,recovered,True,16.519491934999998,
golden,641,seeds10,recovered,True,46.334672537,
golden,642,seeds3,recovered,True,65.55633888999999,
golden,642,seeds10,recovered,True,196.90844474899998,
golden,643,seeds3,recovered,True,18.249900202,
golden,643,seeds10,recovered,True,49.017108705999995,
golden,644,seeds3,recovered,True,14.126874911999998,
golden,644,seeds10,recovered,True,39.818379769,
golden,645,seeds3,recovered,True,58.01909762300001,
golden,645,seeds10,recovered,True,137.242383413,
golden,646,seeds3,recovered,True,17.691548096,
golden,646,seeds10,recovered,True,55.025489573,
golden,647,seeds3,recovered,True,71.50537276000001,
golden,647,seeds10,recovered,True,227.34933873900002,
golden,648,seeds3,recovered,True,11.935971731999999,
golden,648,seeds10,recovered,True,27.219897369999998,
golden,649,seeds3,recovered,True,48.745036684,
golden,649,seeds10,recovered,True,140.880967121,
golden,650,seeds3,recovered,True,66.99795621300001,
golden,650,seeds10,recovered,True,205.26630481800004,
golden,651,seeds3,recovered,True,9.122486401999998,
golden,651,seeds10,recovered,True,23.967813947,
golden,652,seeds3,recovered,True,12.310303377,
golden,652,seeds10,recovered,True,25.560284229000004,
golden,653,seeds3,recovered,True,4.136332458999999,
golden,653,seeds10,recovered,True,8.425809641,
golden,654,seeds3,recovered,True,4.603421946999999,
golden,654,seeds10,recovered,True,14.971468005000004,
golden,655,seeds3,recovered,True,3.096401509,
golden,655,seeds10,recovered,True,6.122989897999999,
golden,656,seeds3,recovered,True,3.74256894,
golden,656,seeds10,recovered,True,6.667775144,
golden,657,seeds3,recovered,True,8.358012914,
golden,657,seeds10,recovered,True,18.032158899,
golden,658,seeds3,recovered,True,8.405774811999999,
golden,658,seeds10,recovered,True,23.908507803000003,
golden,659,seeds3,recovered,True,3.2146260609999997,
golden,659,seeds10,recovered,True,9.402712543,
golden,660,seeds3,recovered,True,2.438431206,
golden,660,seeds10,recovered,True,3.8202116550000005,
golden,661,seeds3,recovered,True,46.51936108200001,
golden,661,seeds10,recovered,True,147.38168121799995,
golden,662,seeds3,recovered,True,14.856845516,
golden,662,seeds10,recovered,True,42.249221006,
golden,663,seeds3,recovered,True,10.855956641999999,
golden,663,seeds10,recovered,True,19.812439635999997,
golden,664,seeds3,recovered,True,12.357164537000003,
golden,664,seeds10,recovered,True,28.839062664000004,
golden,665,seeds3,recovered,True,18.010796359,
golden,665,seeds10,recovered,True,45.91003523500001,
golden,666,seeds3,recovered,True,36.082484189,
golden,666,seeds10,recovered,True,109.14655839299999,
golden,667,seeds3,recovered,True,131.36046384199997,
golden,667,seeds10,recovered,True,408.66174582900004,
golden,668,seeds3,recovered,True,2.990020414,
golden,668,seeds10,recovered,True,6.268184912000001,
golden,669,seeds3,recovered,True,5.825389124000001,
golden,669,seeds10,recovered,True,16.414553359999996,
golden,670,seeds3,recovered,True,22.417521373,
golden,670,seeds10,recovered,True,60.617627752999994,
golden,671,seeds3,recovered,True,166.876396011,
golden,671,seeds10,recovered,True,550.9797929629999,
golden,672,seeds3,recovered,True,178.67415884800002,
golden,672,seeds10,recovered,True,571.819114616,
golden,673,seeds3,recovered,True,38.974234967,
golden,673,seeds10,recovered,True,101.462035662,
golden,674,seeds3,recovered,True,12.292514807,
golden,674,seeds10,recovered,True,31.814240997999995,
golden,675,seeds3,recovered,True,4.861920778,
golden,675,seeds10,recovered,True,11.528216641999999,
golden,676,seeds3,recovered,True,4.629172263999999,
golden,676,seeds10,recovered,True,11.077005798,
golden,677,seeds3,recovered,True,50.14986274900001,
golden,677,seeds10,recovered,True,149.907435007,
golden,678,seeds3,recovered,True,10.014791032,
golden,678,seeds10,recovered,True,35.434011434,
golden,679,seeds3,recovered,True,19.807732745000003,
golden,679,seeds10,recovered,True,54.051504711999996,
golden,680,seeds3,recovered,True,17.002498525,
golden,680,seeds10,recovered,True,41.39270080299999,
golden,681,seeds3,recovered,True,11.170808406999999,
golden,681,seeds10,recovered,True,27.054634766999996,
golden,682,seeds3,recovered,True,125.93582951499998,
golden,682,seeds10,recovered,True,390.625007383,
golden,683,seeds3,recovered,True,15.05181627,
golden,683,seeds10,recovered,True,34.931843264,
golden,684,seeds3,recovered,True,13.817479742999998,
golden,684,seeds10,recovered,True,35.270363796000005,
golden,685,seeds3,recovered,True,18.93429367,
golden,685,seeds10,recovered,True,46.198379824999996,
golden,686,seeds3,recovered,True,9.751715613,
golden,686,seeds10,recovered,True,30.930357949000005,
golden,687,seeds3,recovered,True,4.410682217,
golden,687,seeds10,recovered,True,11.701873602,
golden,688,seeds3,recovered,True,11.505978090999998,
golden,688,seeds10,recovered,True,28.294493793,
golden,689,seeds3,recovered,True,9.940353901999998,
golden,689,seeds10,recovered,True,23.576172872,
golden,690,seeds3,recovered,True,10.693295051,
golden,690,seeds10,recovered,True,25.451288815,
golden,691,seeds3,recovered,True,4.968571014,
golden,691,seeds10,recovered,True,11.324184112000001,
golden,692,seeds3,recovered,True,15.507031664999998,
golden,692,seeds10,recovered,True,42.288142428,
golden,693,seeds3,recovered,True,4.911219878000001,
golden,693,seeds10,recovered,True,8.956081722999999,
golden,694,seeds3,recovered,True,5.242859709999999,
golden,694,seeds10,recovered,True,14.540762646,
golden,695,seeds3,recovered,True,26.465390051999997,
golden,695,seeds10,recovered,True,72.512731228,
golden,696,seeds3,recovered,True,49.844116197000005,
golden,696,seeds10,recovered,True,138.103519146,
golden,697,seeds3,recovered,True,53.084382953,
golden,697,seeds10,recovered,True,124.373200239,
golden,698,seeds3,recovered,True,7.163323045,
golden,698,seeds10,recovered,True,13.127051803,
golden,699,seeds3,recovered,True,16.500972624,
golden,699,seeds10,recovered,True,45.691500105,
golden,700,seeds3,recovered,True,73.36883150799999,
golden,700,seeds10,recovered,True,230.48862280199998,
golden,701,seeds3,recovered,True,1.472458182,
golden,701,seeds10,recovered,True,2.149902659,
golden,702,seeds3,recovered,True,1.239440654,
golden,702,seeds10,recovered,True,1.8493469460000003,
golden,703,seeds3,recovered,True,4.700180499,
golden,703,seeds10,recovered,True,10.853880593000001,
golden,704,seeds3,recovered,True,1.5020103579999997,
golden,704,seeds10,recovered,True,2.4101858079999996,
golden,705,seeds3,recovered,True,34.472295063,
golden,705,seeds10,recovered,True,106.542927592,
golden,706,seeds3,recovered,True,156.10701687,
golden,706,seeds10,recovered,True,423.971167869,
golden,707,seeds3,recovered,True,1.5827273949999996,
golden,707,seeds10,recovered,True,2.3290485280000004,
golden,708,seeds3,recovered,True,5.518130855999999,
golden,708,seeds10,recovered,True,11.005874161000001,
golden,709,seeds3,recovered,True,330.420059633,
golden,709,seeds10,recovered,True,1093.763944202,
golden,710,seeds3,recovered,True,46.222754701999996,
golden,710,seeds10,recovered,True,135.78231414700002,
golden,711,seeds3,recovered,True,4.535475116000001,
golden,711,seeds10,recovered,True,9.621242457000001,
golden,712,seeds3,recovered,True,5.106582315999999,
golden,712,seeds10,recovered,True,10.548288351,
golden,713,seeds3,recovered,True,1.7643790480000003,
golden,713,seeds10,recovered,True,3.548821902,
golden,714,seeds3,recovered,True,15.72306378,
golden,714,seeds10,recovered,True,49.11031860600001,
golden,715,seeds3,recovered,True,133.90008879700002,
golden,715,seeds10,recovered,True,378.603947009,
golden,716,seeds3,recovered,True,15.425999972999998,
golden,716,seeds10,recovered,True,40.075130476000005,
golden,717,seeds3,recovered,True,4.2867184069999995,
golden,717,seeds10,recovered,True,12.764160646999999,
golden,718,seeds3,recovered,True,6.918990877000001,
golden,718,seeds10,recovered,True,20.183230155,
golden,719,seeds3,recovered,True,2.7277388589999996,
golden,719,seeds10,recovered,True,9.029455747,
golden,720,seeds3,recovered,True,64.434189906,
golden,720,seeds10,recovered,True,212.01849402300004,
golden,721,seeds3,recovered,True,8.108175366,
golden,721,seeds10,recovered,True,21.636793685,
golden,722,seeds3,recovered,True,6.442146158,
golden,722,seeds10,recovered,True,12.924822638000002,
golden,723,seeds3,recovered,True,52.859009947000004,
golden,723,seeds10,recovered,True,172.79118665299998,
golden,724,seeds3,recovered,True,19.361492507999998,
golden,724,seeds10,recovered,True,57.234061939,
golden,725,seeds3,recovered,True,206.57613115899997,
golden,725,seeds10,recovered,True,506.8275274660001,
golden,726,seeds3,recovered,True,3.6341026100000002,
golden,726,seeds10,recovered,True,10.193643536999998,
golden,727,seeds3,recovered,True,3.1306635510000005,
golden,727,seeds10,recovered,True,6.646964951999999,
golden,728,seeds3,recovered,True,5.485527058,
golden,728,seeds10,recovered,True,15.015631968999998,
golden,729,seeds3,recovered,True,5.301781049,
golden,729,seeds10,recovered,True,11.405523457999998,
golden,730,seeds3,recovered,True,23.395536369,
golden,730,seeds10,recovered,True,58.277646858,
golden,731,seeds3,recovered,True,3.305031757,
golden,731,seeds10,recovered,True,6.7207365249999995,
golden,732,seeds3,recovered,True,5.999642676,
golden,732,seeds10,recovered,True,12.667704658000002,
golden,733,seeds3,recovered,True,62.202833262,
golden,733,seeds10,recovered,True,201.43803070899997,
golden,734,seeds3,recovered,True,20.0592973,
golden,734,seeds10,recovered,True,54.828779103,
golden,735,seeds3,recovered,True,109.47475048199999,
golden,735,seeds10,recovered,True,327.79724774600004,
golden,736,seeds3,recovered,True,24.633744905999997,
golden,736,seeds10,recovered,True,65.231368652,
golden,737,seeds3,recovered,True,109.32268813199998,
golden,737,seeds10,recovered,True,347.922747026,
golden,738,seeds3,recovered,True,3.8624224380000003,
golden,738,seeds10,recovered,True,8.580188727,
golden,739,seeds3,recovered,True,3.5087745640000003,
golden,739,seeds10,recovered,True,5.923847896,
golden,740,seeds3,recovered,True,163.58944596199999,
golden,740,seeds10,recovered,True,497.9475120949999,
golden,741,seeds3,recovered,True,32.777739046,
golden,741,seeds10,recovered,True,107.487126695,
golden,742,seeds3,recovered,True,15.633357251000001,
golden,742,seeds10,recovered,True,43.66961072800001,
golden,743,seeds3,recovered,True,13.667684112000002,
golden,743,seeds10,recovered,True,39.527730739999996,
golden,744,seeds3,recovered,True,72.321053037,
golden,744,seeds10,recovered,True,231.32626516499997,
golden,745,seeds3,recovered,True,3.8711746100000006,
golden,745,seeds10,recovered,True,8.004799492,
golden,746,seeds3,recovered,True,37.75432287100001,
golden,746,seeds10,recovered,True,114.237808084,
golden,747,seeds3,recovered,True,26.604305989,
golden,747,seeds10,recovered,True,65.23086230300001,
golden,748,seeds3,recovered,True,13.415107736000001,
golden,748,seeds10,recovered,True,31.465255900000002,
golden,749,seeds3,recovered,True,4.44911343,
golden,749,seeds10,recovered,True,11.120333607,
golden,750,seeds3,recovered,True,39.897847805,
golden,750,seeds10,recovered,True,126.094091954,
golden,751,seeds3,recovered,True,20.074029521,
golden,751,seeds10,recovered,True,59.069752490999996,
golden,752,seeds3,recovered,True,3.343045447,
golden,752,seeds10,recovered,True,6.695564807999999,
golden,753,seeds3,recovered,True,17.865905375999997,
golden,753,seeds10,recovered,True,55.314647907,
golden,754,seeds3,recovered,True,3.415704123,
golden,754,seeds10,recovered,True,8.375166672999999,
golden,755,seeds3,recovered,True,3.5704549540000006,
golden,755,seeds10,recovered,True,6.650920827,
golden,756,seeds3,recovered,True,25.816488175000003,
golden,756,seeds10,recovered,True,75.640517638,
golden,757,seeds3,recovered,True,307.188595087,
golden,757,seeds10,recovered,True,984.8565083450002,
golden,758,seeds3,recovered,True,4.338576002,
golden,758,seeds10,recovered,True,10.746192405999997,
golden,759,seeds3,recovered,True,17.674908533,
golden,759,seeds10,recovered,True,51.112029697,
golden,760,seeds3,recovered,True,24.065317287,
golden,760,seeds10,recovered,True,72.796465662,
golden,761,seeds3,recovered,True,27.498859342999992,
golden,761,seeds10,recovered,True,96.55730822999999,
golden,762,seeds3,recovered,True,15.394713889999998,
golden,762,seeds10,recovered,True,44.313097684,
golden,763,seeds3,recovered,True,13.720540456999998,
golden,763,seeds10,recovered,True,37.307277877,
golden,764,seeds3,recovered,True,21.680173613999997,
golden,764,seeds10,recovered,True,74.91645989300001,
golden,765,seeds3,recovered,True,22.626030004,
golden,765,seeds10,recovered,True,72.581852584,
golden,766,seeds3,recovered,True,83.03970469999999,
golden,766,seeds10,recovered,True,269.9211437519999,
golden,767,seeds3,recovered,True,4.616432641,
golden,767,seeds10,recovered,True,9.587886484,
golden,768,seeds3,recovered,True,498.59020594699996,
golden,768,seeds10,recovered,True,1411.983832846,
golden,769,seeds3,recovered,True,6.770947383,
golden,769,seeds10,recovered,True,17.071730814,
golden,770,seeds3,recovered,True,4.687645967,
golden,770,seeds10,recovered,True,11.476816540000002,
golden,771,seeds3,recovered,True,47.17720637899999,
golden,771,seeds10,recovered,True,131.29091037700002,
golden,772,seeds3,recovered,True,93.30577932099999,
golden,772,seeds10,recovered,True,309.975931005,
golden,773,seeds3,recovered,True,43.319001351,
golden,773,seeds10,recovered,True,126.42784436099998,
golden,774,seeds3,recovered,True,14.739401130999997,
golden,774,seeds10,recovered,True,32.531495439,
golden,775,seeds3,recovered,True,23.552369660000004,
golden,775,seeds10,recovered,True,72.15265852600001,
golden,776,seeds3,recovered,True,5.548092783999999,
golden,776,seeds10,recovered,True,11.301131537,
golden,777,seeds3,recovered,True,20.992205281999997,
golden,777,seeds10,recovered,True,54.350794882,
golden,778,seeds3,recovered,True,3.725319959,
golden,778,seeds10,recovered,True,7.534522725,
golden,779,seeds3,recovered,True,11.620090429000001,
golden,779,seeds10,recovered,True,34.03025645599999,
golden,780,seeds3,recovered,True,108.797019234,
golden,780,seeds10,recovered,True,352.47783364500003,
golden,781,seeds3,recovered,True,2.9245865589999998,
golden,781,seeds10,recovered,True,6.249790791,
golden,782,seeds3,recovered,True,135.015164556,
golden,782,seeds10,recovered,True,432.5199877149999,
golden,783,seeds3,recovered,True,36.936016965,
golden,783,seeds10,recovered,True,108.19850809400003,
golden,784,seeds3,recovered,True,97.393926593,
golden,784,seeds10,recovered,True,297.52332585500005,
golden,785,seeds3,recovered,True,5.369177861,
golden,785,seeds10,recovered,True,13.100812422,
golden,786,seeds3,recovered,True,2.375713584,
golden,786,seeds10,recovered,True,4.211758354,
golden,787,seeds3,recovered,True,1.824952628,
golden,787,seeds10,recovered,True,2.7351613869999998,
golden,788,seeds3,recovered,True,33.375147291000005,
golden,788,seeds10,recovered,True,110.171180218,
golden,789,seeds3,recovered,True,156.70943414299998,
golden,789,seeds10,recovered,True,481.67158395300004,
golden,790,seeds3,recovered,True,42.14087556199999,
golden,790,seeds10,recovered,True,130.52971585100002,
golden,791,seeds3,recovered,True,6.538464418999999,
golden,791,seeds10,recovered,True,12.930423508,
golden,792,seeds3,recovered,True,18.164774163,
golden,792,seeds10,recovered,True,49.932500431,
golden,793,seeds3,recovered,True,19.967335879,
golden,793,seeds10,recovered,True,60.050180282,
golden,794,seeds3,recovered,True,38.69076405299999,
golden,794,seeds10,recovered,True,122.339354915,
golden,795,seeds3,recovered,True,2.553811217,
golden,795,seeds10,recovered,True,5.297589882,
golden,796,seeds3,recovered,True,36.977316023,
golden,796,seeds10,recovered,True,107.70155216199998,
golden,797,seeds3,recovered,True,8.828196227000001,
golden,797,seeds10,recovered,True,28.272831161999996,
golden,798,seeds3,recovered,True,2.2644415559999995,
golden,798,seeds10,recovered,True,4.338359639,
golden,799,seeds3,recovered,True,12.078356667000001,
golden,799,seeds10,recovered,True,28.473757514,
golden,800,seeds3,recovered,True,16.324965203,
golden,800,seeds10,recovered,True,36.93827058400001,
golden,801,seeds3,recovered,True,11.190330503000002,
golden,801,seeds10,recovered,True,32.598579017999995,
golden,802,seeds3,recovered,True,28.378761538000003,
golden,802,seeds10,recovered,True,82.635424895,
golden,803,seeds3,recovered,True,14.566452878,
golden,803,seeds10,recovered,True,38.08803355199999,
golden,804,seeds3,recovered,True,4.129885403,
golden,804,seeds10,recovered,True,10.972826051,
golden,805,seeds3,recovered,True,11.290513779000001,
golden,805,seeds10,recovered,True,31.797916,
golden,806,seeds3,recovered,True,32.836016259000004,
golden,806,seeds10,recovered,True,89.811072333,
golden,807,seeds3,recovered,True,38.693252643,
golden,807,seeds10,recovered,True,129.94166264100002,
golden,808,seeds3,recovered,True,64.82510343000001,
golden,808,seeds10,recovered,True,207.50925434199996,
golden,809,seeds3,recovered,True,116.446358296,
golden,809,seeds10,recovered,True,381.73114155100006,
golden,810,seeds3,recovered,True,3.990455906000001,
golden,810,seeds10,recovered,True,9.453424369,
golden,811,seeds3,recovered,True,12.972865798999997,
golden,811,seeds10,recovered,True,35.241929201999994,
golden,812,seeds3,recovered,True,14.682174101000001,
golden,812,seeds10,recovered,True,44.33516705900001,
golden,813,seeds3,recovered,True,50.326858258,
golden,813,seeds10,recovered,True,160.32700732799998,
golden,814,seeds3,recovered,True,73.039554047,
golden,814,seeds10,recovered,True,223.76202629899998,
golden,815,seeds3,recovered,True,96.211192636,
golden,815,seeds10,recovered,True,292.63494016300007,
golden,816,seeds3,recovered,True,123.54199226599997,
golden,816,seeds10,recovered,True,383.050512394,
golden,817,seeds3,recovered,True,82.38730708599998,
golden,817,seeds10,recovered,True,268.62083243800004,
golden,818,seeds3,recovered,True,230.07222249,
golden,818,seeds10,recovered,True,704.889264599,
golden,819,seeds3,recovered,True,138.52926539999999,
golden,819,seeds10,recovered,True,441.1253362509999,
golden,820,seeds3,recovered,True,90.85379087800001,
golden,820,seeds10,recovered,True,290.418711137,
golden,821,seeds3,recovered,True,4.477412029,
golden,821,seeds10,recovered,True,11.063024236999999,
golden,822,seeds3,recovered,True,127.6523358,
golden,822,seeds10,recovered,True,366.894972889,
golden,823,seeds3,recovered,True,57.670333733999996,
golden,823,seeds10,recovered,True,178.397122356,
golden,824,seeds3,recovered,True,515.270215492,
golden,824,seeds10,recovered,False,,
golden,825,seeds3,recovered,True,427.711197483,
golden,825,seeds10,recovered,False,,
golden,826,seeds3,recovered,True,20.333270206999998,
golden,826,seeds10,recovered,True,51.898452405,
golden,827,seeds3,recovered,True,169.57956766200004,
golden,827,seeds10,recovered,True,542.386563226,
golden,828,seeds3,recovered,True,18.669930572,
golden,828,seeds10,recovered,True,51.133231943,
golden,829,seeds3,recovered,True,114.969221358,
golden,829,seeds10,recovered,True,374.719117302,
golden,830,seeds3,recovered,True,418.652372018,
golden,830,seeds10,recovered,False,,
golden,831,seeds3,recovered,True,66.48615844,
golden,831,seeds10,recovered,True,212.44682507000002,
golden,832,seeds3,recovered,True,14.10597499,
golden,832,seeds10,recovered,True,37.458189807,
golden,833,seeds3,recovered,True,199.776243103,
golden,833,seeds10,recovered,True,631.788316288,
golden,834,seeds3,recovered,True,275.601347239,
golden,834,seeds10,recovered,True,942.0649565879999,
golden,835,seeds3,recovered,True,116.181927147,
golden,835,seeds10,recovered,True,394.010646708,
golden,836,seeds3,recovered,True,311.00197950800003,
golden,836,seeds10,recovered,True,1037.450121902,
golden,837,seeds3,recovered,True,152.62260921,
golden,837,seeds10,recovered,True,502.22191369999996,
golden,838,seeds3,recovered,True,126.88739009700001,
golden,838,seeds10,recovered,True,394.051564502,
golden,839,seeds3,recovered,True,49.638652963,
golden,839,seeds10,recovered,True,171.35025133200003,
golden,840,seeds3,recovered,True,120.84198304000003,
golden,840,seeds10,recovered,True,347.8522257589999,
golden,841,seeds3,recovered,True,150.20591135100003,
golden,841,seeds10,recovered,True,444.94245269699996,
golden,842,seeds3,recovered,True,97.49286144999999,
golden,842,seeds10,recovered,True,296.402300919,
golden,843,seeds3,recovered,True,27.192592913,
golden,843,seeds10,recovered,True,80.222424405,
golden,844,seeds3,recovered,True,171.01967561100003,
golden,844,seeds10,recovered,True,530.1303749650001,
golden,845,seeds3,recovered,True,29.550532524999998,
golden,845,seeds10,recovered,True,89.306953787,
golden,846,seeds3,recovered,True,199.922740056,
golden,846,seeds10,recovered,True,662.9838902600001,
golden,847,seeds3,recovered,True,21.236397603,
golden,847,seeds10,recovered,True,61.53232336400001,
golden,848,seeds3,recovered,True,41.41807921499999,
golden,848,seeds10,recovered,True,123.290230452,
golden,849,seeds3,recovered,True,25.130757878000004,
golden,849,seeds10,recovered,True,76.343890988,
golden,850,seeds3,unknown,True,185.14307357399997,
golden,850,seeds10,recovered,True,616.5822503659999,
golden,851,seeds3,recovered,True,208.04279690099997,
golden,851,seeds10,recovered,True,683.1840721870001,
golden,852,seeds3,recovered,True,661.0901440499999,
golden,852,seeds10,recovered,False,,
golden,853,seeds3,recovered,True,11.040321728999999,
golden,853,seeds10,recovered,True,32.391149353,
golden,854,seeds3,recovered,True,80.08689648900001,
golden,854,seeds10,recovered,True,270.557090453,
golden,855,seeds3,recovered,True,29.273168828000003,
golden,855,seeds10,recovered,True,84.78937616900001,
golden,856,seeds3,recovered,True,212.854504507,
golden,856,seeds10,recovered,True,664.4664657359999,
golden,857,seeds3,recovered,True,48.384392714,
golden,857,seeds10,recovered,True,118.797826361,
golden,858,seeds3,recovered,True,182.38287130499998,
golden,858,seeds10,recovered,True,618.08919628,
golden,859,seeds3,recovered,True,153.74077650399997,
golden,859,seeds10,recovered,True,480.436325051,
golden,860,seeds3,recovered,True,25.186705028000006,
golden,860,seeds10,recovered,True,44.042635672,
golden,861,seeds3,recovered,True,14.874260283999998,
golden,861,seeds10,recovered,True,40.00520889399999,
golden,862,seeds3,recovered,True,423.462247197,
golden,862,seeds10,recovered,True,868.5232753690001,
golden,863,seeds3,recovered,True,19.776757076000003,
golden,863,seeds10,recovered,True,48.383272436,
golden,864,seeds3,recovered,True,6.161040097,
golden,864,seeds10,recovered,True,15.192457370999998,
golden,865,seeds3,recovered,True,43.599232799999996,
golden,865,seeds10,recovered,True,95.034273858,
golden,866,seeds3,recovered,True,29.965507857000002,
golden,866,seeds10,recovered,True,49.133238981,
golden,867,seeds3,recovered,True,38.176603487,
golden,867,seeds10,recovered,True,122.63476356000001,
golden,868,seeds3,recovered,True,133.279235847,
golden,868,seeds10,recovered,True,414.6691722809999,
golden,869,seeds3,recovered,True,11.889036464000002,
golden,869,seeds10,recovered,True,32.876042977,
golden,870,seeds3,recovered,True,156.12203105799998,
golden,870,seeds10,recovered,True,484.879439773,
golden,871,seeds3,not_recovered,True,90.233958928,
golden,871,seeds10,unknown,True,295.268026232,
golden,872,seeds3,recovered,True,12.352651211,
golden,872,seeds10,recovered,True,30.332915647,
golden,873,seeds3,recovered,True,83.52153213100001,
golden,873,seeds10,recovered,True,224.64464865999997,
golden,874,seeds3,recovered,True,23.634258924999997,
golden,874,seeds10,recovered,True,64.099011165,
golden,875,seeds3,recovered,True,99.87968942399999,
golden,875,seeds10,recovered,True,300.197369072,
golden,876,seeds3,recovered,True,139.788605737,
golden,876,seeds10,recovered,True,451.4847105249999,
golden,877,seeds3,recovered,True,58.257449448,
golden,877,seeds10,recovered,True,162.09342518699998,
golden,878,seeds3,recovered,True,13.291062776,
golden,878,seeds10,recovered,True,38.99845834499999,
golden,879,seeds3,recovered,True,10.229479308999998,
golden,879,seeds10,recovered,True,26.885679142999997,
golden,880,seeds3,recovered,True,5.794551968,
golden,880,seeds10,recovered,True,16.112532129999998,
golden,881,seeds3,recovered,True,37.325350367,
golden,881,seeds10,recovered,True,99.80955528400003,
golden,882,seeds3,recovered,True,142.671540441,
golden,882,seeds10,recovered,True,438.20942869600003,
golden,883,seeds3,recovered,True,41.29946390399999,
golden,883,seeds10,recovered,True,131.32458651000002,
golden,884,seeds3,recovered,True,42.562471769000005,
golden,884,seeds10,recovered,True,119.27579490900001,
golden,885,seeds3,recovered,True,28.076572628999998,
golden,885,seeds10,recovered,True,86.561194407,
golden,886,seeds3,recovered,True,45.964800498,
golden,886,seeds10,recovered,True,138.576949009,
golden,887,seeds3,recovered,True,234.54835324300004,
golden,887,seeds10,recovered,True,787.6720927739999,
golden,888,seeds3,recovered,True,38.51929874099999,
golden,888,seeds10,recovered,True,115.732632622,
golden,889,seeds3,recovered,True,14.90771823,
golden,889,seeds10,recovered,True,38.875337418,
golden,890,seeds3,recovered,True,42.06234529300001,
golden,890,seeds10,recovered,True,122.668531809,
golden,891,seeds3,recovered,True,19.825805145999997,
golden,891,seeds10,recovered,True,58.62989979500001,
golden,892,seeds3,recovered,True,6.971194284999999,
golden,892,seeds10,recovered,True,16.310512547000002,
golden,893,seeds3,recovered,True,21.484319306,
golden,893,seeds10,recovered,True,62.96848730400001,
golden,894,seeds3,recovered,True,23.973384777000003,
golden,894,seeds10,recovered,True,68.688760755,
golden,895,seeds3,recovered,True,8.282934471999999,
golden,895,seeds10,recovered,True,21.311291646999997,
golden,896,seeds3,recovered,True,12.265561061,
golden,896,seeds10,recovered,True,32.370053264,
golden,897,seeds3,recovered,True,1.5301153029999996,
golden,897,seeds10,recovered,True,2.2749927769999996,
golden,898,seeds3,recovered,True,15.614738154000003,
golden,898,seeds10,recovered,True,44.205834467,
golden,899,seeds3,recovered,True,16.888641336,
golden,899,seeds10,recovered,True,43.458603607,
golden,900,seeds3,recovered,True,1.715205576,
golden,900,seeds10,recovered,True,2.949955945,
golden,901,seeds3,recovered,True,14.523407414999998,
golden,901,seeds10,recovered,True,43.27009350799999,
golden,902,seeds3,recovered,True,18.604408844,
golden,902,seeds10,recovered,True,54.218788946999986,
golden,903,seeds3,recovered,True,9.631246763000002,
golden,903,seeds10,recovered,True,19.435093543999997,
golden,904,seeds3,recovered,True,13.822808305999999,
golden,904,seeds10,recovered,True,36.43468951,
golden,905,seeds3,recovered,True,78.371383103,
golden,905,seeds10,recovered,True,243.195051099,
golden,906,seeds3,recovered,True,1.375190059,
golden,906,seeds10,recovered,True,2.069567158,
golden,907,seeds3,recovered,True,2.642096626,
golden,907,seeds10,recovered,True,4.804147435,
golden,908,seeds3,recovered,True,11.099010930999999,
golden,908,seeds10,recovered,True,36.430869367999996,
golden,909,seeds3,recovered,True,103.82188815500001,
golden,909,seeds10,recovered,True,300.492101932,
golden,910,seeds3,recovered,True,22.803752721,
golden,910,seeds10,recovered,True,71.594279997,
golden,911,seeds3,recovered,True,1.4390527660000003,
golden,911,seeds10,recovered,True,2.382601597,
golden,912,seeds3,recovered,True,75.22802925900001,
golden,912,seeds10,recovered,True,247.24535039399998,
golden,913,seeds3,recovered,True,43.546030521000006,
golden,913,seeds10,recovered,True,121.86082351200001,
golden,914,seeds3,recovered,True,4.685672868,
golden,914,seeds10,recovered,True,9.721297229,
golden,915,seeds3,recovered,True,34.267829242000005,
golden,915,seeds10,recovered,True,110.44234837799999,
golden,916,seeds3,recovered,True,3.878282860000001,
golden,916,seeds10,recovered,True,9.002568122,
golden,917,seeds3,recovered,True,27.989346156000003,
golden,917,seeds10,recovered,True,81.277964322,
golden,918,seeds3,recovered,True,21.305696343,
golden,918,seeds10,recovered,True,53.859937499,
golden,919,seeds3,recovered,True,1.7265248050000004,
golden,919,seeds10,recovered,True,3.689673465,
golden,920,seeds3,recovered,True,4.6300255020000005,
golden,920,seeds10,recovered,True,8.897462435000001,
golden,921,seeds3,recovered,True,17.004191141000003,
golden,921,seeds10,recovered,True,49.635957989000005,
golden,922,seeds3,recovered,True,100.62838341799998,
golden,922,seeds10,recovered,True,287.41880950499996,
golden,923,seeds3,recovered,True,2.814175008,
golden,923,seeds10,recovered,True,6.1559133049999994,
golden,924,seeds3,recovered,True,106.144996183,
golden,924,seeds10,recovered,True,317.16437947,
golden,925,seeds3,recovered,True,11.215263378999998,
golden,925,seeds10,recovered,True,30.414183570000002,
golden,926,seeds3,recovered,True,6.713832632999999,
golden,926,seeds10,recovered,True,14.318002143000001,
golden,927,seeds3,recovered,True,7.244547448,
golden,927,seeds10,recovered,True,20.062329047,
golden,928,seeds3,recovered,True,3.2193895439999998,
golden,928,seeds10,recovered,True,9.069168280999998,
golden,929,seeds3,recovered,True,133.26367412999997,
golden,929,seeds10,recovered,True,413.09855719599994,
golden,930,seeds3,recovered,True,2.2559751799999996,
golden,930,seeds10,recovered,True,4.160543798999999,
golden,931,seeds3,recovered,True,60.44245405099999,
golden,931,seeds10,recovered,True,181.432657624,
golden,932,seeds3,recovered,True,8.368811728,
golden,932,seeds10,recovered,True,23.117528279,
golden,933,seeds3,recovered,True,19.271569655,
golden,933,seeds10,recovered,True,49.13796011100001,
golden,934,seeds3,recovered,True,15.874082222,
golden,934,seeds10,recovered,True,37.806198996999996,
golden,935,seeds3,recovered,True,6.41711209,
golden,935,seeds10,recovered,True,14.438450955,
golden,936,seeds3,recovered,True,6.866248668000001,
golden,936,seeds10,recovered,True,15.530363372000004,
golden,937,seeds3,recovered,True,1.0720481059999998,
golden,937,seeds10,recovered,True,1.515377736,
golden,938,seeds3,recovered,True,8.131374293,
golden,938,seeds10,recovered,True,20.819421979000005,
golden,939,seeds3,recovered,True,2.0101227329999998,
golden,939,seeds10,recovered,True,3.7514124789999994,
golden,940,seeds3,recovered,True,1.3896176480000002,
golden,940,seeds10,recovered,True,2.277143851,
golden,941,seeds3,recovered,True,1.1509501109999998,
golden,941,seeds10,recovered,True,1.5403845040000004,
golden,942,seeds3,recovered,True,3.803095832,
golden,942,seeds10,recovered,True,9.522208971999998,
golden,943,seeds3,recovered,True,4.787397643,
golden,943,seeds10,recovered,True,11.204966637,
golden,944,seeds3,recovered,True,5.7141636380000005,
golden,944,seeds10,recovered,True,14.624968642999999,
golden,945,seeds3,recovered,True,1.3582825179999998,
golden,945,seeds10,recovered,True,2.153788197,
golden,946,seeds3,recovered,True,4.01480934,
golden,946,seeds10,recovered,True,9.174201473,
golden,947,seeds3,recovered,True,3.611851298,
golden,947,seeds10,recovered,True,7.361716706999999,
golden,948,seeds3,recovered,True,1.1364086569999998,
golden,948,seeds10,recovered,True,1.411481185,
golden,949,seeds3,recovered,True,1.263760267,
golden,949,seeds10,recovered,True,1.7079867389999999,
golden,950,seeds3,recovered,True,2.668167226,
golden,950,seeds10,recovered,True,5.051358163,
golden,951,seeds3,recovered,True,5.999901247,
golden,951,seeds10,recovered,True,16.623426782,
golden,952,seeds3,recovered,True,23.222499014999997,
golden,952,seeds10,recovered,True,62.739561431,
golden,953,seeds3,recovered,True,1.7624572149999995,
golden,953,seeds10,recovered,True,2.740813985,
golden,954,seeds3,recovered,True,2.759545031,
golden,954,seeds10,recovered,True,4.661060977,
golden,955,seeds3,recovered,True,5.442210074,
golden,955,seeds10,recovered,True,15.822769190999999,
golden,956,seeds3,recovered,True,24.596829189,
golden,956,seeds10,recovered,True,66.81232016199999,
golden,957,seeds3,recovered,True,1.182289821,
golden,957,seeds10,recovered,True,1.422883926,
golden,958,seeds3,recovered,True,1.0006600680000002,
golden,958,seeds10,recovered,True,1.161670473,
golden,959,seeds3,recovered,True,1.498621807,
golden,959,seeds10,recovered,True,2.140240714,
golden,960,seeds3,recovered,True,2.939128356,
golden,960,seeds10,recovered,True,5.740228007999999,
golden,961,seeds3,recovered,True,3.5783772549999995,
golden,961,seeds10,recovered,True,7.545969926,
golden,962,seeds3,recovered,True,1.8607942559999997,
golden,962,seeds10,recovered,True,3.565954385,
golden,963,seeds3,recovered,True,7.541384066,
golden,963,seeds10,recovered,True,15.524829787000002,
golden,964,seeds3,recovered,True,32.726319346,
golden,964,seeds10,recovered,True,96.649434157,
golden,965,seeds3,recovered,True,1.9357209209999995,
golden,965,seeds10,recovered,True,3.297798483,
golden,966,seeds3,recovered,True,2.2275122099999995,
golden,966,seeds10,recovered,True,4.087736135999999,
golden,967,seeds3,recovered,True,3.5528250719999996,
golden,967,seeds10,recovered,True,7.985195716,
golden,968,seeds3,recovered,True,151.135412577,
golden,968,seeds10,recovered,True,482.25570020099997,
golden,969,seeds3,recovered,True,2.210512575,
golden,969,seeds10,recovered,True,4.1586185570000005,
golden,970,seeds3,recovered,True,22.266489371000006,
golden,970,seeds10,recovered,True,68.892028163,
golden,971,seeds3,recovered,True,5.59055641,
golden,971,seeds10,recovered,True,15.426538118000002,
golden,972,seeds3,recovered,True,2.8492910609999997,
golden,972,seeds10,recovered,True,5.1860748050000005,
golden,973,seeds3,recovered,True,4.445015544,
golden,973,seeds10,recovered,True,11.110686520999998,
golden,974,seeds3,recovered,True,2.3614132669999996,
golden,974,seeds10,recovered,True,3.7457442729999997,
golden,975,seeds3,recovered,True,2.184303257,
golden,975,seeds10,recovered,True,4.668258710999999,
golden,976,seeds3,recovered,True,3.593227908,
golden,976,seeds10,recovered,True,5.999102543999999,
golden,977,seeds3,recovered,True,1.4655753729999998,
golden,977,seeds10,recovered,True,2.2664366109999996,
golden,978,seeds3,recovered,True,1.6094280369999998,
golden,978,seeds10,recovered,True,2.771800733,
golden,979,seeds3,recovered,True,1.048832738,
golden,979,seeds10,recovered,True,1.3459781179999997,
golden,980,seeds3,recovered,True,1.532427544,
golden,980,seeds10,recovered,True,2.093106995,
golden,981,seeds3,recovered,True,1.246947251,
golden,981,seeds10,recovered,True,1.9091229319999998,
golden,982,seeds3,recovered,True,1.1212561939999999,
golden,982,seeds10,recovered,True,1.485151799,
golden,983,seeds3,recovered,True,1.6092708349999998,
golden,983,seeds10,recovered,True,2.8392501680000004,
golden,984,seeds3,recovered,True,2.1574920239999997,
golden,984,seeds10,recovered,True,2.959660398,
golden,985,seeds3,recovered,True,1.243467146,
golden,985,seeds10,recovered,True,1.9164452149999995,
golden,986,seeds3,not_recovered,True,3.2498698129999997,
golden,986,seeds10,not_recovered,True,7.842378396000001,
golden,987,seeds3,recovered,True,4.4077164589999995,
golden,987,seeds10,recovered,True,11.561741895,
golden,988,seeds3,recovered,True,1.9851442799999997,
golden,988,seeds10,recovered,True,4.173669854,
golden,989,seeds3,recovered,True,1.7721301819999997,
golden,989,seeds10,recovered,True,3.360573977,
golden,990,seeds3,recovered,True,3.4616214050000003,
golden,990,seeds10,recovered,True,8.450295712,
golden,991,seeds3,recovered,True,2.682082488,
golden,991,seeds10,recovered,True,6.490042773999999,
golden,992,seeds3,recovered,True,5.723375636999998,
golden,992,seeds10,recovered,True,13.336392165,
golden,993,seeds3,recovered,True,5.170160243,
golden,993,seeds10,recovered,True,10.131798346,
golden,994,seeds3,recovered,True,4.0060711069999995,
golden,994,seeds10,recovered,True,8.136556788,
golden,995,seeds3,recovered,True,13.603184648,
golden,995,seeds10,recovered,True,40.13378463,
golden,996,seeds3,recovered,True,4.604557286,
golden,996,seeds10,recovered,True,10.537375064999999,
golden,997,seeds3,recovered,True,8.754752246,
golden,997,seeds10,recovered,True,18.026412842,
golden,998,seeds3,recovered,True,3.1563421609999995,
golden,998,seeds10,recovered,True,6.459704265000001,
golden,999,seeds3,recovered,True,1.7067379379999998,
golden,999,seeds10,recovered,True,2.9536795180000004,
golden,1000,seeds3,recovered,True,2.064412562,
golden,1000,seeds10,recovered,True,3.639502986,
golden,1001,seeds3,recovered,True,0.9212008939999998,
golden,1001,seeds10,recovered,True,0.9500366949999999,
golden,1002,seeds3,recovered,True,1.5001031229999997,
golden,1002,seeds10,recovered,True,2.3452635419999996,
golden,1003,seeds3,recovered,True,2.742743699,
golden,1003,seeds10,recovered,True,6.064454893,
golden,1004,seeds3,recovered,True,1.569671702,
golden,1004,seeds10,recovered,True,2.5457360719999995,
golden,1005,seeds3,recovered,True,1.1869179880000003,
golden,1005,seeds10,recovered,True,1.7686574190000002,
golden,1006,seeds3,recovered,True,1.1357282509999997,
golden,1006,seeds10,recovered,True,1.5329900539999999,
golden,1007,seeds3,recovered,True,2.9884046029999998,
golden,1007,seeds10,recovered,True,7.097117996,
golden,1008,seeds3,recovered,True,5.224161306,
golden,1008,seeds10,recovered,True,11.452604318999999,
golden,1009,seeds3,recovered,True,2.3711716650000003,
golden,1009,seeds10,recovered,True,3.9291846660000003,
golden,1010,seeds3,recovered,True,1.04819404,
golden,1010,seeds10,recovered,True,2.057710502,
golden,1011,seeds3,recovered,True,1.565960866,
golden,1011,seeds10,recovered,True,2.578825696,
golden,1012,seeds3,recovered,True,1.6596036630000002,
golden,1012,seeds10,recovered,True,3.0004339869999996,
golden,1013,seeds3,recovered,True,2.8015413500000004,
golden,1013,seeds10,recovered,True,7.588824562000001,
golden,1014,seeds3,recovered,True,7.596553892,
golden,1014,seeds10,recovered,True,16.641169759,
golden,1015,seeds3,recovered,True,7.915693949,
golden,1015,seeds10,recovered,True,19.973902439999996,
golden,1016,seeds3,recovered,True,1.8350254209999997,
golden,1016,seeds10,recovered,True,3.08309453,
golden,1017,seeds3,recovered,True,4.16536221,
golden,1017,seeds10,recovered,True,9.231632042000001,
golden,1018,seeds3,recovered,True,12.37710937,
golden,1018,seeds10,recovered,True,37.765452826,
golden,1019,seeds3,recovered,True,3.3846835570000007,
golden,1019,seeds10,recovered,True,5.936181385,
golden,1020,seeds3,recovered,True,1.6891147169999998,
golden,1020,seeds10,recovered,True,3.5832412010000003,
golden,1021,seeds3,recovered,True,18.622005508,
golden,1021,seeds10,recovered,True,42.492640101,
golden,1022,seeds3,recovered,True,7.510261328,
golden,1022,seeds10,recovered,True,17.538961861,
golden,1023,seeds3,recovered,True,9.101990118999998,
golden,1023,seeds10,recovered,True,21.678067757999997,
golden,1024,seeds3,recovered,True,61.812890405000005,
golden,1024,seeds10,recovered,True,189.763356747,
golden,1025,seeds3,recovered,True,106.66147256699999,
golden,1025,seeds10,recovered,True,303.132003105,
golden,1026,seeds3,recovered,True,23.894661064,
golden,1026,seeds10,recovered,True,68.605843621,
golden,1027,seeds3,recovered,True,11.520322273999998,
golden,1027,seeds10,recovered,True,31.415692572999994,
golden,1028,seeds3,recovered,True,154.722646569,
golden,1028,seeds10,recovered,True,540.0267105720001,
golden,1029,seeds3,recovered,True,89.91198808399997,
golden,1029,seeds10,recovered,True,297.79794672800006,
golden,1030,seeds3,recovered,True,32.436822614,
golden,1030,seeds10,recovered,True,89.34679212,
golden,1031,seeds3,recovered,True,49.937055568999995,
golden,1031,seeds10,recovered,True,130.01150619,
golden,1032,seeds3,recovered,True,16.800621004,
golden,1032,seeds10,recovered,True,47.770848316,
golden,1033,seeds3,unknown,True,60.16691848800001,
golden,1033,seeds10,unknown,True,144.648917004,
golden,1034,seeds3,recovered,True,50.797112935,
golden,1034,seeds10,recovered,True,148.351482352,
golden,1035,seeds3,recovered,True,9.646756618,
golden,1035,seeds10,recovered,True,21.117499012,
golden,1036,seeds3,recovered,True,39.191618962999996,
golden,1036,seeds10,recovered,True,108.10115576199999,
golden,1037,seeds3,recovered,True,10.328475647,
golden,1037,seeds10,recovered,True,24.866992581999998,
golden,1038,seeds3,recovered,True,5.519772414,
golden,1038,seeds10,recovered,True,12.792780684,
golden,1039,seeds3,recovered,True,37.235070193,
golden,1039,seeds10,recovered,True,107.508986899,
golden,1040,seeds3,recovered,True,2.9100741579999996,
golden,1040,seeds10,recovered,True,5.848606414000001,
golden,1041,seeds3,recovered,True,4.765665935,
golden,1041,seeds10,recovered,True,12.228672841000002,
golden,1042,seeds3,recovered,True,28.994676281000004,
golden,1042,seeds10,recovered,True,70.48646457199999,
golden,1043,seeds3,recovered,True,1.4573475390000001,
golden,1043,seeds10,recovered,True,2.028342757,
golden,1044,seeds3,recovered,True,38.773871577,
golden,1044,seeds10,recovered,True,93.05881000100001,
golden,1045,seeds3,recovered,True,12.590611151,
golden,1045,seeds10,recovered,True,29.727899970999996,
golden,1046,seeds3,recovered,True,4.853193440999999,
golden,1046,seeds10,recovered,True,11.314015806,
golden,1047,seeds3,recovered,True,2.436712794,
golden,1047,seeds10,recovered,True,4.640281396000001,
golden,1048,seeds3,recovered,True,25.806539900999994,
golden,1048,seeds10,recovered,True,75.023537311,
golden,1049,seeds3,recovered,True,43.68083365700001,
golden,1049,seeds10,recovered,True,90.17901549900002,
golden,1050,seeds3,recovered,True,31.836140056000005,
golden,1050,seeds10,recovered,True,111.209014911,
golden,1051,seeds3,recovered,True,4.312236069,
golden,1051,seeds10,recovered,True,9.794206085999999,
golden,1052,seeds3,recovered,True,16.639926497999998,
golden,1052,seeds10,recovered,True,43.449947348,
golden,1053,seeds3,recovered,True,3.1231651409999994,
golden,1053,seeds10,recovered,True,5.584432031999999,
golden,1054,seeds3,recovered,True,1.04325955,
golden,1054,seeds10,recovered,True,1.639146574,
golden,1055,seeds3,recovered,True,3.678900256,
golden,1055,seeds10,recovered,True,9.639118609,
golden,1056,seeds3,recovered,True,34.351828451,
golden,1056,seeds10,recovered,True,85.01726343000001,
golden,1057,seeds3,recovered,True,1.637525812,
golden,1057,seeds10,recovered,True,2.6770236790000004,
golden,1058,seeds3,recovered,True,7.541919592000001,
golden,1058,seeds10,recovered,True,16.385093898999997,
golden,1059,seeds3,recovered,True,2.925986753,
golden,1059,seeds10,recovered,True,5.1687355109999995,
golden,1060,seeds3,recovered,True,9.123465252999999,
golden,1060,seeds10,recovered,True,24.788847481,
golden,1061,seeds3,recovered,True,12.400496845000003,
golden,1061,seeds10,recovered,True,38.421150265,
golden,1062,seeds3,recovered,True,68.855976857,
golden,1062,seeds10,recovered,True,221.69670107200002,
golden,1063,seeds3,recovered,True,19.335851885000004,
golden,1063,seeds10,recovered,True,58.109845495,
golden,1064,seeds3,recovered,True,20.291467152,
golden,1064,seeds10,recovered,True,42.87369501799999,
golden,1065,seeds3,recovered,True,7.842325005999999,
golden,1065,seeds10,recovered,True,21.888032991,
golden,1066,seeds3,recovered,True,39.759674513,
golden,1066,seeds10,recovered,True,96.42095287699999,
golden,1067,seeds3,recovered,True,5.734814023,
golden,1067,seeds10,recovered,True,9.969860430999997,
golden,1068,seeds3,recovered,True,2.570320801,
golden,1068,seeds10,recovered,True,6.459491551000001,
golden,1069,seeds3,recovered,True,1.6894689289999998,
golden,1069,seeds10,recovered,True,1.470158542,
golden,1070,seeds3,recovered,True,3.130736311,
golden,1070,seeds10,recovered,True,6.760356432999999,
golden,1071,seeds3,recovered,True,8.35401693,
golden,1071,seeds10,recovered,True,21.618151107000003,
golden,1072,seeds3,recovered,True,6.773705958999999,
golden,1072,seeds10,recovered,True,16.223775135,
golden,1073,seeds3,recovered,True,4.148625785999999,
golden,1073,seeds10,recovered,True,7.712953488999999,
golden,1074,seeds3,recovered,True,1.524172207,
golden,1074,seeds10,recovered,True,2.390996555,
golden,1075,seeds3,recovered,True,1.462397617,
golden,1075,seeds10,recovered,True,1.682977459,
golden,1076,seeds3,recovered,True,10.588517463,
golden,1076,seeds10,recovered,True,31.258112949999997,
golden,1077,seeds3,recovered,True,4.804744438,
golden,1077,seeds10,recovered,True,8.173732139999998,
golden,1078,seeds3,recovered,True,24.633505143,
golden,1078,seeds10,recovered,True,50.428294793,
golden,1079,seeds3,recovered,True,2.1429197769999995,
golden,1079,seeds10,recovered,True,4.317558346,
golden,1080,seeds3,recovered,True,25.140682607,
golden,1080,seeds10,recovered,True,69.08232086999999,
golden,1081,seeds3,recovered,True,1.7153805219999998,
golden,1081,seeds10,recovered,True,2.5132868299999997,
golden,1082,seeds3,recovered,True,8.014034216999999,
golden,1082,seeds10,recovered,True,27.791645281000005,
golden,1083,seeds3,recovered,True,20.242873815,
golden,1083,seeds10,recovered,True,58.547008945,
golden,1084,seeds3,recovered,True,1.2022334419999998,
golden,1084,seeds10,recovered,True,1.4049742409999997,
golden,1085,seeds3,recovered,True,3.8174680509999996,
golden,1085,seeds10,recovered,True,7.512745685999998,
golden,1086,seeds3,recovered,True,2.3786553500000003,
golden,1086,seeds10,recovered,True,4.399044622000001,
golden,1087,seeds3,recovered,True,2.027256123,
golden,1087,seeds10,recovered,True,3.125664638,
golden,1088,seeds3,recovered,True,1.5804247889999998,
golden,1088,seeds10,recovered,True,2.9010593979999997,
golden,1089,seeds3,recovered,True,20.752284736,
golden,1089,seeds10,recovered,True,56.729660789,
golden,1090,seeds3,recovered,True,20.864325887,
golden,1090,seeds10,recovered,True,52.193095721999995,
golden,1091,seeds3,recovered,True,1.708033999,
golden,1091,seeds10,recovered,True,2.5241379630000003,
golden,1092,seeds3,recovered,True,21.112127913000002,
golden,1092,seeds10,recovered,True,64.51960299499999,
golden,1093,seeds3,recovered,True,11.594534923000001,
golden,1093,seeds10,recovered,True,32.885407111,
golden,1094,seeds3,recovered,True,15.799839091,
golden,1094,seeds10,recovered,True,38.88258403,
golden,1095,seeds3,recovered,True,14.904603594999998,
golden,1095,seeds10,recovered,True,44.222819966,
golden,1096,seeds3,recovered,True,35.103982988,
golden,1096,seeds10,recovered,True,107.05735657000001,
golden,1097,seeds3,recovered,True,6.422552443999999,
golden,1097,seeds10,recovered,True,11.614110954000001,
golden,1098,seeds3,recovered,True,30.845451352000005,
golden,1098,seeds10,recovered,True,88.536869485,
golden,1099,seeds3,recovered,True,29.300713584999997,
golden,1099,seeds10,recovered,True,65.140075851,
golden,1100,seeds3,recovered,True,53.75362339899999,
golden,1100,seeds10,recovered,True,174.442034829,
golden,1101,seeds3,recovered,True,4.6855538899999996,
golden,1101,seeds10,recovered,True,10.995449090000001,
golden,1102,seeds3,recovered,True,4.270699005,
golden,1102,seeds10,recovered,True,7.873262728000001,
golden,1103,seeds3,recovered,True,2.268436728,
golden,1103,seeds10,recovered,True,3.883372726,
golden,1104,seeds3,recovered,True,2.232905399,
golden,1104,seeds10,recovered,True,4.726119846,
golden,1105,seeds3,recovered,True,4.606807055999999,
golden,1105,seeds10,recovered,True,8.141491791,
golden,1106,seeds3,recovered,True,6.148739469,
golden,1106,seeds10,recovered,True,16.880388902,
golden,1107,seeds3,recovered,True,3.106587926,
golden,1107,seeds10,recovered,True,4.620911134999999,
golden,1108,seeds3,recovered,True,1.2785728619999999,
golden,1108,seeds10,recovered,True,1.6186608670000004,
golden,1109,seeds3,recovered,True,3.0308488149999997,
golden,1109,seeds10,recovered,True,3.884280984,
golden,1110,seeds3,recovered,True,38.098215978,
golden,1110,seeds10,recovered,True,130.53213869899997,
golden,1111,seeds3,recovered,True,2.6411092490000003,
golden,1111,seeds10,recovered,True,4.652729969,
golden,1112,seeds3,recovered,True,1.151041294,
golden,1112,seeds10,recovered,True,1.2650263439999998,
golden,1113,seeds3,recovered,True,1.4791079360000001,
golden,1113,seeds10,recovered,True,2.150785932,
golden,1114,seeds3,recovered,True,39.752077715999995,
golden,1114,seeds10,recovered,True,120.78790063499997,
golden,1115,seeds3,recovered,True,6.749683165999999,
golden,1115,seeds10,recovered,True,14.920127276999999,
golden,1116,seeds3,recovered,True,1.611930127,
golden,1116,seeds10,recovered,True,2.2229945220000005,
golden,1117,seeds3,recovered,True,3.9987586820000005,
golden,1117,seeds10,recovered,True,6.592744629000001,
golden,1118,seeds3,recovered,True,8.07245373,
golden,1118,seeds10,recovered,True,19.806155959,
golden,1119,seeds3,recovered,True,11.836717328,
golden,1119,seeds10,recovered,True,33.140876742,
golden,1120,seeds3,recovered,True,15.226353331999999,
golden,1120,seeds10,recovered,True,41.617622913,
golden,1121,seeds3,recovered,True,7.543444653000001,
golden,1121,seeds10,recovered,True,15.642141212999999,
golden,1122,seeds3,recovered,True,1.832951605,
golden,1122,seeds10,recovered,True,3.357874796,
golden,1123,seeds3,recovered,True,17.138605251999998,
golden,1123,seeds10,recovered,True,45.908593679999996,
golden,1124,seeds3,recovered,True,5.655321930000001,
golden,1124,seeds10,recovered,True,17.059890505000002,
golden,1125,seeds3,recovered,True,2.8636788390000003,
golden,1125,seeds10,recovered,True,5.851102136,
golden,1126,seeds3,recovered,True,2.647908078,
golden,1126,seeds10,recovered,True,4.275362097,
golden,1127,seeds3,recovered,True,62.53944909800001,
golden,1127,seeds10,recovered,True,223.27629670399995,
golden,1128,seeds3,recovered,True,34.448139260999994,
golden,1128,seeds10,recovered,True,93.09925739499997,
golden,1129,seeds3,recovered,True,28.254409957,
golden,1129,seeds10,recovered,True,80.15637625400001,
golden,1130,seeds3,recovered,True,12.763938754000002,
golden,1130,seeds10,recovered,True,40.427690139,
golden,1131,seeds3,recovered,True,49.031488126999996,
golden,1131,seeds10,recovered,True,126.96937194899999,
golden,1132,seeds3,recovered,True,2.203320198,
golden,1132,seeds10,recovered,True,3.7772386069999997,
golden,1133,seeds3,recovered,True,6.536999612999999,
golden,1133,seeds10,recovered,True,12.375644998000002,
golden,1134,seeds3,recovered,True,20.450555707,
golden,1134,seeds10,recovered,True,47.82390673399999,
golden,1135,seeds3,recovered,True,4.854608618,
golden,1135,seeds10,recovered,True,10.312861963,
golden,1136,seeds3,recovered,True,1.9799241139999997,
golden,1136,seeds10,recovered,True,4.887175296999999,
golden,1137,seeds3,recovered,True,9.102440173,
golden,1137,seeds10,recovered,True,20.533600329,
golden,1138,seeds3,recovered,True,4.221646851999999,
golden,1138,seeds10,recovered,True,10.026554108,
golden,1139,seeds3,recovered,True,4.790575200999999,
golden,1139,seeds10,recovered,True,14.708278866,
golden,1140,seeds3,recovered,True,3.6251453490000003,
golden,1140,seeds10,recovered,True,7.719407858000001,
golden,1141,seeds3,recovered,True,2.184695321,
golden,1141,seeds10,recovered,True,4.072159429999999,
golden,1142,seeds3,recovered,True,1.834893885,
golden,1142,seeds10,recovered,True,2.721879344,
golden,1143,seeds3,recovered,True,17.788915465000002,
golden,1143,seeds10,recovered,True,49.725082552,
golden,1144,seeds3,recovered,True,1.509821025,
golden,1144,seeds10,recovered,True,2.5859840469999997,
golden,1145,seeds3,recovered,True,3.8491468960000006,
golden,1145,seeds10,recovered,True,7.069193199,
golden,1146,seeds3,recovered,True,23.545129756999998,
golden,1146,seeds10,recovered,True,57.942107562,
golden,1147,seeds3,recovered,True,1.914570598,
golden,1147,seeds10,recovered,True,3.582910137,
golden,1148,seeds3,recovered,True,16.905333708999997,
golden,1148,seeds10,recovered,True,38.156105708,
golden,1149,seeds3,recovered,True,8.066159665,
golden,1149,seeds10,recovered,True,18.784954268000003,
golden,1150,seeds3,recovered,True,112.338624873,
golden,1150,seeds10,recovered,True,376.758328667,
golden,1151,seeds3,recovered,True,2.810049021,
golden,1151,seeds10,recovered,True,7.641682980000001,
golden,1152,seeds3,recovered,True,4.488553625,
golden,1152,seeds10,recovered,True,8.215511883,
golden,1153,seeds3,recovered,True,2.0065484489999994,
golden,1153,seeds10,recovered,True,3.689117553,
golden,1154,seeds3,recovered,True,9.459881337999999,
golden,1154,seeds10,recovered,True,22.892192942,
golden,1155,seeds3,recovered,True,17.655687847999996,
golden,1155,seeds10,recovered,True,49.757135382,
golden,1156,seeds3,recovered,True,9.647403795,
golden,1156,seeds10,recovered,True,27.073561426000005,
golden,1157,seeds3,recovered,True,1.981179484,
golden,1157,seeds10,recovered,True,3.519751308,
golden,1158,seeds3,recovered,True,33.483534936,
golden,1158,seeds10,recovered,True,101.339404163,
golden,1159,seeds3,recovered,True,3.2781719600000003,
golden,1159,seeds10,recovered,True,9.098311328,
golden,1160,seeds3,recovered,True,1.385679452,
golden,1160,seeds10,recovered,True,2.052859755,
golden,1161,seeds3,recovered,True,1.4907652289999997,
golden,1161,seeds10,recovered,True,2.3080804529999996,
golden,1162,seeds3,recovered,True,1.437026558,
golden,1162,seeds10,recovered,True,2.064174806,
golden,1163,seeds3,recovered,True,6.051438653,
golden,1163,seeds10,recovered,True,14.638788884999997,
golden,1164,seeds3,recovered,True,4.403206999000001,
golden,1164,seeds10,recovered,True,7.183994752,
golden,1165,seeds3,recovered,True,3.866697681,
golden,1165,seeds10,recovered,True,11.779926387,
golden,1166,seeds3,recovered,True,1.5225500250000001,
golden,1166,seeds10,recovered,True,1.9394943229999997,
golden,1167,seeds3,recovered,True,1.531593595,
golden,1167,seeds10,recovered,True,2.094004544,
golden,1168,seeds3,recovered,True,6.786403301,
golden,1168,seeds10,recovered,True,14.816681294000002,
golden,1169,seeds3,recovered,True,4.203048235000001,
golden,1169,seeds10,recovered,True,8.063169448,
golden,1170,seeds3,recovered,True,11.271265135,
golden,1170,seeds10,recovered,True,33.127378523000004,
golden,1171,seeds3,recovered,True,18.791911568,
golden,1171,seeds10,recovered,True,41.685152957,
golden,1172,seeds3,recovered,True,9.367700177,
golden,1172,seeds10,recovered,True,25.57106264,
golden,1173,seeds3,recovered,True,2.239328895,
golden,1173,seeds10,recovered,True,4.309549411999999,
golden,1174,seeds3,recovered,True,4.479900979,
golden,1174,seeds10,recovered,True,9.252809312,
golden,1175,seeds3,recovered,True,4.567276197,
golden,1175,seeds10,recovered,True,8.390171319,
golden,1176,seeds3,recovered,True,1.764801089,
golden,1176,seeds10,recovered,True,3.0812009679999997,
golden,1177,seeds3,recovered,True,16.754521642,
golden,1177,seeds10,recovered,True,50.48316453999999,
golden,1178,seeds3,recovered,True,1.1759265380000001,
golden,1178,seeds10,recovered,True,1.615284226,
golden,1179,seeds3,recovered,True,37.68279575099999,
golden,1179,seeds10,recovered,True,81.926455197,
golden,1180,seeds3,recovered,True,11.682171285,
golden,1180,seeds10,recovered,True,23.177340914,
golden,1181,seeds3,recovered,True,1.776136448,
golden,1181,seeds10,recovered,True,4.016043238,
golden,1182,seeds3,recovered,True,3.1372268200000004,
golden,1182,seeds10,recovered,True,8.919732647,
golden,1183,seeds3,recovered,True,2.146198771,
golden,1183,seeds10,recovered,True,3.7604003869999993,
golden,1184,seeds3,recovered,True,1.2197509709999999,
golden,1184,seeds10,recovered,True,1.568335102,
golden,1185,seeds3,recovered,True,2.3326987370000003,
golden,1185,seeds10,recovered,True,3.4757683430000004,
golden,1186,seeds3,recovered,True,27.463850982,
golden,1186,seeds10,recovered,True,80.624838824,
golden,1187,seeds3,recovered,True,12.033243955,
golden,1187,seeds10,recovered,True,31.304616215,
golden,1188,seeds3,recovered,True,2.4167896659999997,
golden,1188,seeds10,recovered,True,5.179819867000001,
golden,1189,seeds3,recovered,True,2.9206285800000003,
golden,1189,seeds10,recovered,True,6.156353728999999,
golden,1190,seeds3,recovered,True,4.4050187030000005,
golden,1190,seeds10,recovered,True,12.904361294000001,
golden,1191,seeds3,recovered,True,1.038508285,
golden,1191,seeds10,recovered,True,1.183678626,
golden,1192,seeds3,recovered,True,3.5744521559999995,
golden,1192,seeds10,recovered,True,10.521111718,
golden,1193,seeds3,recovered,True,2.837130847,
golden,1193,seeds10,recovered,True,5.162872846000001,
golden,1194,seeds3,recovered,True,2.948521766,
golden,1194,seeds10,recovered,True,5.642088986000001,
golden,1195,seeds3,recovered,True,6.086707024,
golden,1195,seeds10,recovered,True,12.112379467,
golden,1196,seeds3,recovered,True,4.099665177,
golden,1196,seeds10,recovered,True,8.766916674,
golden,1197,seeds3,recovered,True,2.3705820429999998,
golden,1197,seeds10,recovered,True,5.2284328449999995,
golden,1198,seeds3,recovered,True,1.8685431600000002,
golden,1198,seeds10,recovered,True,2.782471948,
golden,1199,seeds3,recovered,True,4.032732124999999,
golden,1199,seeds10,recovered,True,9.139455665000002,
golden,1200,seeds3,recovered,True,3.3140199159999995,
golden,1200,seeds10,recovered,True,5.66114956,
golden,1201,seeds3,recovered,True,4.276866323,
golden,1201,seeds10,recovered,True,9.218628528999998,
golden,1202,seeds3,recovered,True,1.1755178229999999,
golden,1202,seeds10,recovered,True,1.4862933369999998,
golden,1203,seeds3,recovered,True,3.192482067,
golden,1203,seeds10,recovered,True,7.655142499,
golden,1204,seeds3,recovered,True,1.1740575709999999,
golden,1204,seeds10,recovered,True,1.429097047,
golden,1205,seeds3,recovered,True,1.175484154,
golden,1205,seeds10,recovered,True,1.690116947,
golden,1206,seeds3,recovered,True,11.188602156999998,
golden,1206,seeds10,recovered,True,27.582526200999997,
golden,1207,seeds3,recovered,True,1.33740292,
golden,1207,seeds10,recovered,True,1.7410122999999997,
golden,1208,seeds3,recovered,True,8.4982334,
golden,1208,seeds10,recovered,True,19.353676672000002,
golden,1209,seeds3,recovered,True,2.150382767,
golden,1209,seeds10,recovered,True,3.8813102760000002,
golden,1210,seeds3,recovered,True,8.058597323,
golden,1210,seeds10,recovered,True,20.902851594,
golden,1211,seeds3,recovered,True,13.024289809,
golden,1211,seeds10,recovered,True,32.557030131000005,
golden,1212,seeds3,recovered,True,7.346983470000001,
golden,1212,seeds10,recovered,True,16.127133357,
golden,1213,seeds3,recovered,True,6.686123068000001,
golden,1213,seeds10,recovered,True,18.032061661,
golden,1214,seeds3,recovered,True,21.01677504,
golden,1214,seeds10,recovered,True,55.68538106599999,
golden,1215,seeds3,recovered,True,5.662734387999999,
golden,1215,seeds10,recovered,True,14.92867978,
golden,1216,seeds3,recovered,True,4.251418892,
golden,1216,seeds10,recovered,True,11.803237516,
golden,1217,seeds3,recovered,True,2.607620496,
golden,1217,seeds10,recovered,True,4.495026076,
golden,1218,seeds3,recovered,True,4.409210257,
golden,1218,seeds10,recovered,True,8.368898772,
golden,1219,seeds3,recovered,True,2.667129629,
golden,1219,seeds10,recovered,True,6.117341798,
golden,1220,seeds3,recovered,True,5.912862426,
golden,1220,seeds10,recovered,True,13.370229026,
golden,1221,seeds3,recovered,True,21.345880253,
golden,1221,seeds10,recovered,True,82.780312194,
golden,1222,seeds3,recovered,True,9.287828894,
golden,1222,seeds10,recovered,True,21.045329584,
golden,1223,seeds3,recovered,True,2.036370372,
golden,1223,seeds10,recovered,True,3.8230763130000005,
golden,1224,seeds3,recovered,True,2.3492933469999997,
golden,1224,seeds10,recovered,True,3.8197146309999996,
golden,1225,seeds3,recovered,True,11.584826656,
golden,1225,seeds10,recovered,True,33.120002025000005,
golden,1226,seeds3,recovered,True,52.322541774,
golden,1226,seeds10,recovered,True,170.472800158,
golden,1227,seeds3,recovered,True,51.167937143,
golden,1227,seeds10,recovered,True,169.416875318,
golden,1228,seeds3,not_recovered,True,23.312742737999997,
golden,1228,seeds10,not_recovered,True,73.904900485,
golden,1229,seeds3,recovered,True,79.127706289,
golden,1229,seeds10,recovered,True,252.02164719099997,
golden,1230,seeds3,recovered,True,42.088331497,
golden,1230,seeds10,recovered,True,121.10513259499997,
golden,1231,seeds3,recovered,True,22.148283463000002,
golden,1231,seeds10,recovered,True,62.29902328600001,
golden,1232,seeds3,recovered,True,54.440750389,
golden,1232,seeds10,recovered,True,166.027148068,
golden,1233,seeds3,recovered,True,24.125328323999998,
golden,1233,seeds10,recovered,True,60.498436662,
golden,1234,seeds3,recovered,True,19.626845811,
golden,1234,seeds10,recovered,True,51.664556690999994,
golden,1235,seeds3,recovered,True,22.391254048,
golden,1235,seeds10,recovered,True,54.11564885,
golden,1236,seeds3,recovered,True,16.913431478999996,
golden,1236,seeds10,recovered,True,41.80210486600001,
golden,1237,seeds3,recovered,True,4.971585947000001,
golden,1237,seeds10,recovered,True,16.236000311999998,
golden,1238,seeds3,recovered,True,130.25154320800002,
golden,1238,seeds10,recovered,True,397.6548543079999,
golden,1239,seeds3,recovered,True,28.461290390999995,
golden,1239,seeds10,recovered,True,79.001674478,
golden,1240,seeds3,recovered,True,133.92647834000002,
golden,1240,seeds10,recovered,True,424.651312797,
golden,1241,seeds3,recovered,True,20.099514149999997,
golden,1241,seeds10,recovered,True,53.19065826700001,
golden,1242,seeds3,recovered,True,1.5585953090000002,
golden,1242,seeds10,recovered,True,2.3823983569999996,
golden,1243,seeds3,recovered,True,1.423040451,
golden,1243,seeds10,recovered,True,2.3654040949999997,
golden,1244,seeds3,recovered,True,3.6948744189999996,
golden,1244,seeds10,recovered,True,7.059475915,
golden,1245,seeds3,recovered,True,4.603823673,
golden,1245,seeds10,recovered,True,11.320207592999997,
golden,1246,seeds3,recovered,True,1.9097148279999998,
golden,1246,seeds10,recovered,True,3.512474938,
golden,1247,seeds3,recovered,True,8.664967296,
golden,1247,seeds10,recovered,True,21.240602398,
golden,1248,seeds3,recovered,True,1.2571202789999998,
golden,1248,seeds10,recovered,True,1.8436929609999997,
golden,1249,seeds3,recovered,True,1.438889562,
golden,1249,seeds10,recovered,True,2.318267853,
golden,1250,seeds3,recovered,True,1.6862476869999996,
golden,1250,seeds10,recovered,True,1.910034465,
golden,1251,seeds3,recovered,True,1.381830109,
golden,1251,seeds10,recovered,True,1.7642873399999999,
golden,1252,seeds3,recovered,True,3.2641741680000007,
golden,1252,seeds10,recovered,True,6.360395699,
golden,1253,seeds3,recovered,True,2.8385902190000003,
golden,1253,seeds10,recovered,True,7.0075332050000005,
golden,1254,seeds3,recovered,True,2.6754259670000007,
golden,1254,seeds10,recovered,True,4.507802282999999,
golden,1255,seeds3,recovered,True,1.077779669,
golden,1255,seeds10,recovered,True,1.199844892,
golden,1256,seeds3,recovered,True,61.865179027,
golden,1256,seeds10,recovered,True,180.55306304799998,
golden,1257,seeds3,recovered,True,1.4035238799999994,
golden,1257,seeds10,recovered,True,2.4935274730000003,
golden,1258,seeds3,recovered,True,11.118928028,
golden,1258,seeds10,recovered,True,28.271727651000003,
golden,1259,seeds3,recovered,True,1.163590958,
golden,1259,seeds10,recovered,True,1.5584066749999999,
golden,1260,seeds3,recovered,True,5.158816375000001,
golden,1260,seeds10,recovered,True,9.804517344,
golden,1261,seeds3,recovered,True,8.571160523000001,
golden,1261,seeds10,recovered,True,25.578644712000006,
golden,1262,seeds3,recovered,True,26.363972223999998,
golden,1262,seeds10,recovered,True,68.90637389300001,
golden,1263,seeds3,recovered,True,43.317365224999996,
golden,1263,seeds10,recovered,True,118.34302793300002,
golden,1264,seeds3,recovered,True,160.959771453,
golden,1264,seeds10,recovered,True,435.14708746099996,
golden,1265,seeds3,recovered,True,2.460620619,
golden,1265,seeds10,recovered,True,5.355496841,
golden,1266,seeds3,recovered,True,1.8270673869999996,
golden,1266,seeds10,recovered,True,3.277406931,
golden,1267,seeds3,recovered,True,2.4851868999999995,
golden,1267,seeds10,recovered,True,4.574096379,
golden,1268,seeds3,recovered,True,23.36303494,
golden,1268,seeds10,recovered,True,68.99283210799999,
golden,1269,seeds3,recovered,True,2.2803446139999997,
golden,1269,seeds10,recovered,True,3.1094655309999997,
golden,1270,seeds3,recovered,True,2.121001721,
golden,1270,seeds10,recovered,True,3.0107787330000004,
golden,1271,seeds3,recovered,True,5.452814246,
golden,1271,seeds10,recovered,True,14.142635152999997,
golden,1272,seeds3,recovered,True,13.438239451999998,
golden,1272,seeds10,recovered,True,40.250185919,
golden,1273,seeds3,recovered,True,6.590632536999999,
golden,1273,seeds10,recovered,True,22.420663118999997,
golden,1274,seeds3,recovered,True,3.0168006,
golden,1274,seeds10,recovered,True,5.82625015,
golden,1275,seeds3,recovered,True,4.221228302999999,
golden,1275,seeds10,recovered,True,7.447014279999999,
golden,1276,seeds3,recovered,True,3.99119934,
golden,1276,seeds10,recovered,True,6.8942199550000005,
golden,1277,seeds3,recovered,True,27.109408082,
golden,1277,seeds10,recovered,True,60.846099579,
golden,1278,seeds3,recovered,True,2.3475458089999997,
golden,1278,seeds10,recovered,True,3.9500584950000013,
golden,1279,seeds3,recovered,True,1.635162742,
golden,1279,seeds10,recovered,True,2.831618411,
golden,1280,seeds3,recovered,True,2.0426284409999997,
golden,1280,seeds10,recovered,True,3.9288374490000004,
golden,1281,seeds3,recovered,True,7.492820772,
golden,1281,seeds10,recovered,True,18.522255607,
golden,1282,seeds3,recovered,True,3.0471217540000004,
golden,1282,seeds10,recovered,True,5.929817773,
golden,1283,seeds3,recovered,True,2.119692567,
golden,1283,seeds10,recovered,True,3.8190463669999994,
golden,1284,seeds3,recovered,True,9.09235489,
golden,1284,seeds10,recovered,True,28.320261104999997,
golden,1285,seeds3,not_recovered,True,1.975625538,
golden,1285,seeds10,not_recovered,True,4.545515444,
golden,1286,seeds3,recovered,True,1.777473595,
golden,1286,seeds10,recovered,True,2.8706144499999997,
golden,1287,seeds3,recovered,True,16.349737602,
golden,1287,seeds10,recovered,True,51.304130604,
golden,1288,seeds3,recovered,True,17.785829906,
golden,1288,seeds10,recovered,True,41.805056582000006,
golden,1289,seeds3,recovered,True,3.547922001,
golden,1289,seeds10,recovered,True,8.654513705,
golden,1290,seeds3,recovered,True,1.8147504459999997,
golden,1290,seeds10,recovered,True,3.6075002599999997,
golden,1291,seeds3,recovered,True,1.8047721769999998,
golden,1291,seeds10,recovered,True,2.8851471319999993,
golden,1292,seeds3,recovered,True,2.449481418,
golden,1292,seeds10,recovered,True,4.665085180999999,
golden,1293,seeds3,recovered,True,2.5505412109999996,
golden,1293,seeds10,recovered,True,5.01703439,
golden,1294,seeds3,recovered,True,2.501470447,
golden,1294,seeds10,recovered,True,4.116952946,
golden,1295,seeds3,recovered,True,2.1952702780000006,
golden,1295,seeds10,recovered,True,3.7368151460000005,
golden,1296,seeds3,recovered,True,2.76035508,
golden,1296,seeds10,recovered,True,4.269280509,
golden,1297,seeds3,recovered,True,3.080281888,
golden,1297,seeds10,recovered,True,6.523198988000001,
golden,1298,seeds3,recovered,True,2.3341284060000005,
golden,1298,seeds10,recovered,True,5.429661349,
golden,1299,seeds3,recovered,True,3.4189823300000004,
golden,1299,seeds10,recovered,True,7.175156515,
golden,1300,seeds3,recovered,True,3.8786346939999996,
golden,1300,seeds10,recovered,True,6.888399510000001,
golden,1301,seeds3,recovered,True,2.111096763,
golden,1301,seeds10,recovered,True,3.2053524289999995,
golden,1302,seeds3,recovered,True,1.820691639,
golden,1302,seeds10,recovered,True,2.6115322869999997,
golden,1303,seeds3,recovered,True,5.694905758000001,
golden,1303,seeds10,recovered,True,14.128636090999997,
golden,1304,seeds3,recovered,True,42.510712422000005,
golden,1304,seeds10,recovered,True,124.82866577200001,
golden,1305,seeds3,recovered,True,3.1777927349999997,
golden,1305,seeds10,recovered,True,6.065205238000001,
golden,1306,seeds3,recovered,True,12.695145808,
golden,1306,seeds10,recovered,True,29.345856466999997,
golden,1307,seeds3,recovered,True,9.601301132,
golden,1307,seeds10,recovered,True,23.849914250000005,
golden,1308,seeds3,recovered,True,8.658277234000002,
golden,1308,seeds10,recovered,True,19.589881252999998,
golden,1309,seeds3,recovered,True,2.563897088,
golden,1309,seeds10,recovered,True,5.272838898,
golden,1310,seeds3,recovered,True,8.774274943,
golden,1310,seeds10,recovered,True,25.213165461000006,
golden,1311,seeds3,recovered,True,5.3906038500000015,
golden,1311,seeds10,recovered,True,15.774039084000002,
golden,1312,seeds3,recovered,True,7.106976299000001,
golden,1312,seeds10,recovered,True,19.137319131000005,
golden,1313,seeds3,recovered,True,33.291017069000006,
golden,1313,seeds10,recovered,True,103.27317314000001,
golden,1314,seeds3,not_recovered,True,20.84223112,
golden,1314,seeds10,recovered,True,61.27596866199999,
golden,1315,seeds3,recovered,True,6.572106779,
golden,1315,seeds10,recovered,True,19.904325194000002,
golden,1316,seeds3,recovered,True,1.47836913,
golden,1316,seeds10,recovered,True,1.782830581,
golden,1317,seeds3,recovered,True,6.013598803999999,
golden,1317,seeds10,recovered,True,13.252317925,
golden,1318,seeds3,recovered,True,31.285789671000003,
golden,1318,seeds10,recovered,True,102.416364668,
golden,1319,seeds3,recovered,True,3.3546705649999997,
golden,1319,seeds10,recovered,True,8.515904626,
golden,1320,seeds3,recovered,True,2.4873659829999992,
golden,1320,seeds10,recovered,True,4.954403633999999,
golden,1321,seeds3,recovered,True,1.1320885029999999,
golden,1321,seeds10,recovered,True,1.5399301960000003,
golden,1322,seeds3,recovered,True,1.423508909,
golden,1322,seeds10,recovered,True,1.898178912,
golden,1323,seeds3,recovered,True,12.098415792000003,
golden,1323,seeds10,recovered,True,33.61206545900001,
golden,1324,seeds3,recovered,True,9.779640004999997,
golden,1324,seeds10,recovered,True,24.009356793,
golden,1325,seeds3,recovered,True,21.999450930000002,
golden,1325,seeds10,recovered,True,59.847645519000004,
golden,1326,seeds3,recovered,True,1.8581566499999997,
golden,1326,seeds10,recovered,True,3.7447098839999997,
golden,1327,seeds3,recovered,True,16.261805358,
golden,1327,seeds10,recovered,True,44.263898472,
golden,1328,seeds3,recovered,True,3.6148375519999996,
golden,1328,seeds10,recovered,True,7.955553904,
golden,1329,seeds3,recovered,True,1.1977791269999998,
golden,1329,seeds10,recovered,True,1.497499339,
golden,1330,seeds3,recovered,True,15.280639200999998,
golden,1330,seeds10,recovered,True,47.45741620999999,
golden,1331,seeds3,recovered,True,8.82771158,
golden,1331,seeds10,recovered,True,22.250501317999998,
golden,1332,seeds3,recovered,True,1.32690831,
golden,1332,seeds10,recovered,True,1.7749357209999999,
golden,1333,seeds3,recovered,True,5.1205027340000004,
golden,1333,seeds10,recovered,True,11.021361599999997,
golden,1334,seeds3,recovered,True,7.844507466,
golden,1334,seeds10,recovered,True,16.568714646999997,
golden,1335,seeds3,recovered,True,2.5982819119999996,
golden,1335,seeds10,recovered,True,4.367084371000001,
golden,1336,seeds3,recovered,True,3.798265067999999,
golden,1336,seeds10,recovered,True,9.150790724,
golden,1337,seeds3,recovered,True,1.7769699130000003,
golden,1337,seeds10,recovered,True,2.9076412289999998,
golden,1338,seeds3,recovered,True,1.9521888139999999,
golden,1338,seeds10,recovered,True,2.625584968,
golden,1339,seeds3,recovered,True,8.604178211999997,
golden,1339,seeds10,recovered,True,20.225569747999998,
golden,1340,seeds3,recovered,True,1.0812470229999998,
golden,1340,seeds10,recovered,True,1.5668884339999998,
golden,1341,seeds3,recovered,True,1.0148803829999997,
golden,1341,seeds10,recovered,True,1.5323135369999996,
golden,1342,seeds3,recovered,True,0.9385507839999998,
golden,1342,seeds10,recovered,True,1.0303716069999997,
golden,1343,seeds3,recovered,True,1.6022470529999997,
golden,1343,seeds10,recovered,True,2.5358832579999997,
golden,1344,seeds3,recovered,True,1.616686273,
golden,1344,seeds10,recovered,True,2.616784017,
golden,1345,seeds3,recovered,True,0.9554729640000001,
golden,1345,seeds10,recovered,True,1.46632322,
golden,1346,seeds3,recovered,True,2.0558169769999997,
golden,1346,seeds10,recovered,True,3.3638910589999993,
golden,1347,seeds3,recovered,True,1.4473125270000002,
golden,1347,seeds10,recovered,True,2.5455571509999997,
golden,1348,seeds3,recovered,True,1.595806007,
golden,1348,seeds10,recovered,True,2.3109595989999994,
golden,1349,seeds3,recovered,True,7.432136768,
golden,1349,seeds10,recovered,True,16.04318232,
golden,1350,seeds3,recovered,True,15.846428056,
golden,1350,seeds10,recovered,True,54.21721887699999,
golden,1351,seeds3,recovered,True,139.08311740799996,
golden,1351,seeds10,recovered,True,447.74407169499995,
golden,1352,seeds3,recovered,True,9.974437577,
golden,1352,seeds10,recovered,True,32.658531727,
golden,1353,seeds3,recovered,True,6.5054769939999995,
golden,1353,seeds10,recovered,True,15.111289003999996,
golden,1354,seeds3,recovered,True,1.121033511,
golden,1354,seeds10,recovered,True,1.4892723079999999,
golden,1355,seeds3,recovered,True,0.9686278879999999,
golden,1355,seeds10,recovered,True,1.195082096,
golden,1356,seeds3,recovered,True,4.483464201,
golden,1356,seeds10,recovered,True,11.603038707,
golden,1357,seeds3,recovered,True,2.4619485649999993,
golden,1357,seeds10,recovered,True,5.795017936,
golden,1358,seeds3,unknown,True,138.08008609599997,
golden,1358,seeds10,unknown,True,397.091864889,
golden,1359,seeds3,recovered,True,25.30348199,
golden,1359,seeds10,recovered,True,69.57857342,
golden,1360,seeds3,recovered,True,42.64403929,
golden,1360,seeds10,recovered,True,133.516231469,
golden,1361,seeds3,recovered,True,207.78522023800002,
golden,1361,seeds10,recovered,True,741.8936501459999,
golden,1362,seeds3,recovered,True,57.861005889,
golden,1362,seeds10,recovered,True,189.224693729,
golden,1363,seeds3,recovered,True,4.879312005,
golden,1363,seeds10,recovered,True,10.458972047,
golden,1364,seeds3,recovered,True,3.8719888549999997,
golden,1364,seeds10,recovered,True,9.958320756,
golden,1365,seeds3,recovered,True,202.28352304999999,
golden,1365,seeds10,recovered,True,466.9123346559999,
golden,1366,seeds3,recovered,True,6.889139004,
golden,1366,seeds10,recovered,True,18.397067705999998,
golden,1367,seeds3,recovered,True,5.616277974,
golden,1367,seeds10,recovered,True,14.620070769999998,
golden,1368,seeds3,recovered,True,40.296078373,
golden,1368,seeds10,recovered,True,125.665039635,
golden,1369,seeds3,recovered,True,109.448904383,
golden,1369,seeds10,recovered,True,365.58030771299997,
golden,1370,seeds3,recovered,True,42.065236286,
golden,1370,seeds10,recovered,True,119.02949718400001,
golden,1371,seeds3,recovered,True,11.289201431999999,
golden,1371,seeds10,recovered,True,23.029490326,
golden,1372,seeds3,recovered,True,35.755450569000004,
golden,1372,seeds10,recovered,True,89.00596323900001,
golden,1373,seeds3,recovered,True,1.0804308599999999,
golden,1373,seeds10,recovered,True,1.357402393,
golden,1374,seeds3,recovered,True,49.906072549,
golden,1374,seeds10,recovered,True,141.90400623100004,
golden,1375,seeds3,recovered,True,6.829066168000001,
golden,1375,seeds10,recovered,True,14.780236169,
golden,1376,seeds3,recovered,True,3.679229273,
golden,1376,seeds10,recovered,True,9.190150567,
golden,1377,seeds3,not_recovered,True,51.297680707,
golden,1377,seeds10,unknown,True,168.51301253000003,
golden,1378,seeds3,recovered,True,23.506682957000002,
golden,1378,seeds10,recovered,True,57.20376221,
golden,1379,seeds3,recovered,True,10.305242433,
golden,1379,seeds10,recovered,True,25.417880648,
golden,1380,seeds3,recovered,True,84.299551919,
golden,1380,seeds10,recovered,True,262.830082043,
golden,1381,seeds3,recovered,True,6.853349909,
golden,1381,seeds10,recovered,True,21.419846959,
golden,1382,seeds3,recovered,True,23.454835812,
golden,1382,seeds10,recovered,True,67.01195466700001,
golden,1383,seeds3,recovered,True,29.37951774,
golden,1383,seeds10,recovered,True,88.12824875300001,
golden,1384,seeds3,recovered,True,15.393907762000001,
golden,1384,seeds10,recovered,True,40.849125656000005,
golden,1385,seeds3,recovered,True,21.876849589000003,
golden,1385,seeds10,recovered,True,70.45150992,
golden,1386,seeds3,recovered,True,1498.776757985,
golden,1386,seeds10,recovered,False,,
golden,1387,seeds3,recovered,True,141.87790493999998,
golden,1387,seeds10,recovered,True,392.980390202,
golden,1388,seeds3,recovered,True,11.429619653,
golden,1388,seeds10,recovered,True,19.271875358000003,
golden,1389,seeds3,recovered,True,52.340033362999996,
golden,1389,seeds10,recovered,True,179.904972028,
golden,1390,seeds3,recovered,True,17.410223774000002,
golden,1390,seeds10,recovered,True,54.565718491000005,
golden,1391,seeds3,recovered,True,4.662757513,
golden,1391,seeds10,recovered,True,9.103030001,
golden,1392,seeds3,recovered,True,258.66648137100003,
golden,1392,seeds10,recovered,True,809.0029684749999,
golden,1393,seeds3,recovered,True,17.622987938,
golden,1393,seeds10,recovered,True,54.308651721000004,
golden,1394,seeds3,recovered,True,4.068612626,
golden,1394,seeds10,recovered,True,9.048204922,
golden,1395,seeds3,recovered,True,35.917203712,
golden,1395,seeds10,recovered,True,105.35415135000001,
golden,1396,seeds3,recovered,True,50.680034027000005,
golden,1396,seeds10,recovered,True,178.24105753400002,
golden,1397,seeds3,recovered,True,3.6844342840000004,
golden,1397,seeds10,recovered,True,9.535014847,
golden,1398,seeds3,recovered,True,27.037878937,
golden,1398,seeds10,recovered,True,77.2654655,
golden,1399,seeds3,recovered,True,3.151209394,
golden,1399,seeds10,recovered,True,6.651439323,
golden,1400,seeds3,recovered,True,20.207725089,
golden,1400,seeds10,recovered,True,54.28063184999999,
golden,1401,seeds3,recovered,True,14.760097091000002,
golden,1401,seeds10,recovered,True,40.023298162,
golden,1402,seeds3,recovered,True,50.284006983999994,
golden,1402,seeds10,recovered,True,153.171166344,
golden,1403,seeds3,recovered,True,29.370357596,
golden,1403,seeds10,recovered,True,85.49259137899998,
golden,1404,seeds3,recovered,True,149.49490914199998,
golden,1404,seeds10,recovered,True,513.189470316,
golden,1405,seeds3,recovered,True,153.13829517300002,
golden,1405,seeds10,recovered,True,372.880825652,
golden,1406,seeds3,recovered,True,32.714145753,
golden,1406,seeds10,recovered,True,100.81417387999998,
golden,1407,seeds3,recovered,True,7.966045815999999,
golden,1407,seeds10,recovered,True,19.075312245,
golden,1408,seeds3,recovered,True,34.594180383,
golden,1408,seeds10,recovered,True,105.07094248,
golden,1409,seeds3,recovered,True,311.27243432299997,
golden,1409,seeds10,recovered,True,1187.1541269519998,
golden,1410,seeds3,recovered,True,191.559256494,
golden,1410,seeds10,recovered,True,555.927720314,
golden,1411,seeds3,recovered,True,19.788843685000003,
golden,1411,seeds10,recovered,True,45.372840442999994,
golden,1412,seeds3,recovered,True,51.214286886000004,
golden,1412,seeds10,recovered,True,148.869734573,
golden,1413,seeds3,recovered,True,81.16230995099998,
golden,1413,seeds10,recovered,True,186.57426552799998,
golden,1414,seeds3,recovered,True,105.70165636599998,
golden,1414,seeds10,recovered,True,284.795136021,
golden,1415,seeds3,recovered,True,17.451749525,
golden,1415,seeds10,recovered,True,57.548942379,
golden,1416,seeds3,recovered,True,5.212981931,
golden,1416,seeds10,recovered,True,10.987346732000002,
golden,1417,seeds3,recovered,True,2.030149731,
golden,1417,seeds10,recovered,True,3.0682948679999997,
golden,1418,seeds3,recovered,True,17.428834532000003,
golden,1418,seeds10,recovered,True,51.499153615999994,
golden,1419,seeds3,recovered,True,140.113811888,
golden,1419,seeds10,recovered,True,515.2639920680001,
golden,1420,seeds3,recovered,True,20.541454607000002,
golden,1420,seeds10,recovered,True,59.128165738,
golden,1421,seeds3,recovered,True,10.061622809,
golden,1421,seeds10,recovered,True,24.34817944,
golden,1422,seeds3,recovered,True,11.899839475,
golden,1422,seeds10,recovered,True,28.237086562000002,
golden,1423,seeds3,recovered,True,6.109153331000001,
golden,1423,seeds10,recovered,True,13.798944837000002,
golden,1424,seeds3,recovered,True,37.79037298,
golden,1424,seeds10,recovered,True,104.14550163300001,
golden,1425,seeds3,recovered,True,10.076281003,
golden,1425,seeds10,recovered,True,30.553011202,
golden,1426,seeds3,recovered,True,40.252820959,
golden,1426,seeds10,recovered,True,129.814933495,
golden,1427,seeds3,recovered,True,2.923615586,
golden,1427,seeds10,recovered,True,5.33167697,
golden,1428,seeds3,recovered,True,6.844848017,
golden,1428,seeds10,recovered,True,17.492650895999997,
golden,1429,seeds3,recovered,True,119.396313868,
golden,1429,seeds10,recovered,True,327.773780834,
golden,1430,seeds3,recovered,True,38.571208565999996,
golden,1430,seeds10,recovered,True,97.269454865,
golden,1431,seeds3,recovered,True,3.828667568,
golden,1431,seeds10,recovered,True,8.179011437,
golden,1432,seeds3,recovered,True,39.77053088700001,
golden,1432,seeds10,recovered,True,116.37033936099999,
golden,1433,seeds3,recovered,True,33.738164428999994,
golden,1433,seeds10,recovered,True,93.80665560999999,
golden,1434,seeds3,recovered,True,9.956393209,
golden,1434,seeds10,recovered,True,27.08304351,
golden,1435,seeds3,recovered,True,9.638096231999999,
golden,1435,seeds10,recovered,True,24.426049361,
golden,1436,seeds3,recovered,True,22.826008394,
golden,1436,seeds10,recovered,True,70.12318976699999,
golden,1437,seeds3,recovered,True,8.772514478999998,
golden,1437,seeds10,recovered,True,20.1377895,
golden,1438,seeds3,recovered,True,11.046644077,
golden,1438,seeds10,recovered,True,30.149672088000006,
golden,1439,seeds3,recovered,True,21.151393517,
golden,1439,seeds10,recovered,True,56.798944645999995,
golden,1440,seeds3,recovered,True,9.572161986000001,
golden,1440,seeds10,recovered,True,25.861371076000005,
golden,1441,seeds3,recovered,True,37.857282409,
golden,1441,seeds10,recovered,True,108.28002287500001,
golden,1442,seeds3,recovered,True,20.569509581,
golden,1442,seeds10,recovered,True,56.90586309999999,
golden,1443,seeds3,recovered,True,28.822083655000004,
golden,1443,seeds10,recovered,True,83.27442238200001,
golden,1444,seeds3,recovered,True,48.947239657,
golden,1444,seeds10,recovered,True,130.48684589799998,
golden,1445,seeds3,recovered,True,43.946125332,
golden,1445,seeds10,recovered,True,139.084143782,
golden,1446,seeds3,recovered,True,22.647541329999996,
golden,1446,seeds10,recovered,True,65.949772498,
golden,1447,seeds3,recovered,True,19.528959984,
golden,1447,seeds10,recovered,True,56.599186598,
golden,1448,seeds3,recovered,True,10.331419786,
golden,1448,seeds10,recovered,True,28.698100520999994,
golden,1449,seeds3,recovered,True,3.3545238139999998,
golden,1449,seeds10,recovered,True,7.952467302,
golden,1450,seeds3,recovered,True,4.435382966999999,
golden,1450,seeds10,recovered,True,10.572936078000001,
golden,1451,seeds3,recovered,True,74.19884170399999,
golden,1451,seeds10,recovered,True,259.235671202,
golden,1452,seeds3,recovered,True,13.652432522,
golden,1452,seeds10,recovered,True,39.394696514,
golden,1453,seeds3,recovered,True,253.92718826599997,
golden,1453,seeds10,recovered,True,693.853617461,
golden,1454,seeds3,recovered,True,139.754651493,
golden,1454,seeds10,recovered,True,456.9143316399999,
golden,1455,seeds3,recovered,True,17.588910802,
golden,1455,seeds10,recovered,True,52.58446730100001,
golden,1456,seeds3,recovered,True,36.077518502000004,
golden,1456,seeds10,recovered,True,109.19449894499999,
golden,1457,seeds3,recovered,True,1.4169648220000002,
golden,1457,seeds10,recovered,True,1.8538333890000005,
golden,1458,seeds3,recovered,True,2.346065583,
golden,1458,seeds10,recovered,True,4.278466181,
golden,1459,seeds3,recovered,True,18.745405768999998,
golden,1459,seeds10,recovered,True,56.03013419,
golden,1460,seeds3,recovered,True,16.122701558000003,
golden,1460,seeds10,recovered,True,36.167332376000005,
golden,1461,seeds3,recovered,True,15.238308452,
golden,1461,seeds10,recovered,True,36.639074273999995,
golden,1462,seeds3,recovered,True,74.738937209,
golden,1462,seeds10,recovered,True,229.63375731899998,
golden,1463,seeds3,recovered,True,45.533957596,
golden,1463,seeds10,recovered,True,144.341705697,
golden,1464,seeds3,recovered,True,20.048569316,
golden,1464,seeds10,recovered,True,61.104434086999994,
golden,1465,seeds3,recovered,True,40.834144646999995,
golden,1465,seeds10,recovered,True,125.82650890100001,
golden,1466,seeds3,recovered,True,28.370820643,
golden,1466,seeds10,recovered,True,71.707088662,
golden,1467,seeds3,recovered,True,76.86992204200001,
golden,1467,seeds10,recovered,True,250.550983744,
golden,1468,seeds3,recovered,True,7.956130953000001,
golden,1468,seeds10,recovered,True,18.644009853000004,
golden,1469,seeds3,recovered,True,29.296717750999996,
golden,1469,seeds10,recovered,True,74.714428308,
golden,1470,seeds3,recovered,True,6.971804084,
golden,1470,seeds10,recovered,True,19.549710325,
golden,1471,seeds3,recovered,True,3.357416250999999,
golden,1471,seeds10,recovered,True,8.827652395999998,
golden,1472,seeds3,recovered,True,18.666058811,
golden,1472,seeds10,recovered,True,54.98639010899999,
golden,1473,seeds3,recovered,True,25.646405950000002,
golden,1473,seeds10,recovered,True,81.57220272199999,
golden,1474,seeds3,recovered,True,4.0266540719999995,
golden,1474,seeds10,recovered,True,9.731462065999999,
golden,1475,seeds3,not_recovered,True,16.446419239999997,
golden,1475,seeds10,not_recovered,True,40.842861917,
golden,1476,seeds3,recovered,True,3.5562696199999992,
golden,1476,seeds10,recovered,True,6.795283163,
golden,1477,seeds3,recovered,True,15.930729239,
golden,1477,seeds10,recovered,True,47.453885428,
golden,1478,seeds3,recovered,True,114.643955481,
golden,1478,seeds10,recovered,True,362.058452792,
golden,1479,seeds3,recovered,True,4.894331037,
golden,1479,seeds10,recovered,True,10.62003696,
golden,1480,seeds3,recovered,True,43.992889383999994,
golden,1480,seeds10,recovered,True,123.957706422,
golden,1481,seeds3,recovered,True,12.194141970999999,
golden,1481,seeds10,recovered,True,33.039952582999994,
golden,1482,seeds3,recovered,True,4.782015156,
golden,1482,seeds10,recovered,True,7.415141086,
golden,1483,seeds3,recovered,True,93.992749567,
golden,1483,seeds10,recovered,True,294.287658855,
golden,1484,seeds3,recovered,True,35.460800185,
golden,1484,seeds10,recovered,True,101.968259335,
golden,1485,seeds3,recovered,True,8.46978945,
golden,1485,seeds10,recovered,True,21.972283409000003,
golden,1486,seeds3,recovered,True,16.406461852,
golden,1486,seeds10,recovered,True,44.04715282899999,
golden,1487,seeds3,recovered,True,6.735200443,
golden,1487,seeds10,recovered,True,15.341298433999999,
golden,1488,seeds3,recovered,True,113.54225568800001,
golden,1488,seeds10,recovered,True,309.42104810699993,
golden,1489,seeds3,recovered,True,27.268363434000005,
golden,1489,seeds10,recovered,True,88.98684874199999,
golden,1490,seeds3,recovered,True,80.659159131,
golden,1490,seeds10,recovered,True,241.158400364,
golden,1491,seeds3,recovered,True,43.38438133,
golden,1491,seeds10,recovered,True,144.091988346,
golden,1492,seeds3,recovered,True,21.276102532,
golden,1492,seeds10,recovered,True,49.820157081999994,
golden,1493,seeds3,recovered,True,201.119720014,
golden,1493,seeds10,recovered,True,609.5276627439999,
golden,1494,seeds3,recovered,True,5.790013254,
golden,1494,seeds10,recovered,True,15.269608512000001,
golden,1495,seeds3,recovered,True,27.683222278000002,
golden,1495,seeds10,recovered,True,72.91589299599998,
golden,1496,seeds3,recovered,True,3.3902765419999996,
golden,1496,seeds10,recovered,True,6.5673158240000005,
golden,1497,seeds3,recovered,True,11.585985827999998,
golden,1497,seeds10,recovered,True,31.603828630000002,
golden,1498,seeds3,recovered,True,1.3335489100000002,
golden,1498,seeds10,recovered,True,1.8995495779999998,
golden,1499,seeds3,recovered,True,2.649218749,
golden,1499,seeds10,recovered,True,4.971869508,
golden,1500,seeds3,recovered,True,11.838652543,
golden,1500,seeds10,recovered,True,29.870725399,
golden,1501,seeds3,recovered,True,21.341162587,
golden,1501,seeds10,recovered,True,69.004556896,
golden,1502,seeds3,recovered,True,28.351921927000003,
golden,1502,seeds10,recovered,True,81.541673783,
golden,1503,seeds3,recovered,True,439.4163279840001,
golden,1503,seeds10,recovered,False,,
golden,1504,seeds3,recovered,True,391.37801546200006,
golden,1504,seeds10,recovered,True,1186.200034164,
golden,1505,seeds3,recovered,True,7.851215333999999,
golden,1505,seeds10,recovered,True,19.03314618,
golden,1506,seeds3,recovered,True,3.173991377,
golden,1506,seeds10,recovered,True,6.503187628,
golden,1507,seeds3,recovered,True,2.7643067460000004,
golden,1507,seeds10,recovered,True,5.338599739,
golden,1508,seeds3,recovered,True,7.971853798,
golden,1508,seeds10,recovered,True,20.479408461,
golden,1509,seeds3,recovered,True,105.994924933,
golden,1509,seeds10,recovered,True,310.299395444,
golden,1510,seeds3,recovered,True,10.157431647000001,
golden,1510,seeds10,recovered,True,30.651544809,
golden,1511,seeds3,recovered,True,10.722041519,
golden,1511,seeds10,recovered,True,29.812077769,
golden,1512,seeds3,recovered,True,41.788348149,
golden,1512,seeds10,recovered,True,85.547433424,
golden,1513,seeds3,recovered,True,41.181747803,
golden,1513,seeds10,recovered,True,126.573441174,
golden,1514,seeds3,recovered,True,51.63622532800001,
golden,1514,seeds10,recovered,True,159.39483085300003,
golden,1515,seeds3,recovered,True,20.751895236,
golden,1515,seeds10,recovered,True,60.41070952899999,
golden,1516,seeds3,recovered,True,141.390439071,
golden,1516,seeds10,recovered,True,466.74691639499997,
golden,1517,seeds3,recovered,True,35.477610975,
golden,1517,seeds10,recovered,True,102.018831649,
golden,1518,seeds3,recovered,True,73.84294921,
golden,1518,seeds10,recovered,True,209.101286008,
golden,1519,seeds3,recovered,True,30.730844446999996,
golden,1519,seeds10,recovered,True,104.29184856500001,
golden,1520,seeds3,recovered,True,59.75790396999999,
golden,1520,seeds10,recovered,True,179.206712467,
golden,1521,seeds3,recovered,True,2.2714562249999997,
golden,1521,seeds10,recovered,True,5.261167888999999,
golden,1522,seeds3,recovered,True,58.76891651899999,
golden,1522,seeds10,recovered,True,174.168816355,
golden,1523,seeds3,recovered,True,53.310226892,
golden,1523,seeds10,recovered,True,138.047676793,
golden,1524,seeds3,recovered,True,16.412991048,
golden,1524,seeds10,recovered,True,51.23569220199999,
golden,1525,seeds3,recovered,True,29.080416831999997,
golden,1525,seeds10,recovered,True,85.78357924,
golden,1526,seeds3,recovered,True,45.02769658399998,
golden,1526,seeds10,recovered,True,137.831663432,
golden,1527,seeds3,recovered,True,31.700482128999997,
golden,1527,seeds10,recovered,True,107.339791991,
golden,1528,seeds3,recovered,True,26.673550178,
golden,1528,seeds10,recovered,True,86.01389798899999,
golden,1529,seeds3,recovered,True,31.998949185,
golden,1529,seeds10,recovered,True,94.061384029,
golden,1530,seeds3,recovered,True,50.62151334400001,
golden,1530,seeds10,recovered,True,114.82553976299997,
golden,1531,seeds3,recovered,True,16.018204711,
golden,1531,seeds10,recovered,True,47.20693342199999,
golden,1532,seeds3,recovered,True,31.621951193999998,
golden,1532,seeds10,recovered,True,89.74055234,
golden,1533,seeds3,recovered,True,51.24306094799999,
golden,1533,seeds10,recovered,True,158.89177167600002,
golden,1534,seeds3,recovered,True,50.493706137,
golden,1534,seeds10,recovered,True,147.235323066,
golden,1535,seeds3,recovered,True,37.62334963800001,
golden,1535,seeds10,recovered,True,121.32909696899998,
golden,1536,seeds3,recovered,True,46.038776127000006,
golden,1536,seeds10,recovered,True,150.00699435599998,
golden,1537,seeds3,recovered,True,9.402311155,
golden,1537,seeds10,recovered,True,20.538887034000002,
golden,1538,seeds3,recovered,True,12.043386210000001,
golden,1538,seeds10,recovered,True,34.08706539999999,
golden,1539,seeds3,recovered,True,24.888823949000003,
golden,1539,seeds10,recovered,True,70.194205685,
golden,1540,seeds3,recovered,True,7.00677035,
golden,1540,seeds10,recovered,True,15.691342747000004,
golden,1541,seeds3,recovered,True,6.533647094,
golden,1541,seeds10,recovered,True,18.382481025999997,
golden,1542,seeds3,recovered,True,8.041325669,
golden,1542,seeds10,recovered,True,24.493672901999997,
golden,1543,seeds3,recovered,True,6.971202948,
golden,1543,seeds10,recovered,True,19.017087996,
golden,1544,seeds3,recovered,True,16.562117395999998,
golden,1544,seeds10,recovered,True,50.604515135999996,
golden,1545,seeds3,recovered,True,97.069703035,
golden,1545,seeds10,recovered,True,273.939182967,
golden,1546,seeds3,recovered,True,156.00748654299997,
golden,1546,seeds10,recovered,True,541.434939052,
golden,1547,seeds3,recovered,True,364.15324607900004,
golden,1547,seeds10,recovered,True,955.605436049,
golden,1548,seeds3,recovered,True,39.44212839,
golden,1548,seeds10,recovered,True,118.83957515199998,
golden,1549,seeds3,recovered,True,3.197159719,
golden,1549,seeds10,recovered,True,8.786209428000001,
golden,1550,seeds3,recovered,True,34.446140241,
golden,1550,seeds10,recovered,True,86.823682776,
golden,1551,seeds3,recovered,True,7.442811613,
golden,1551,seeds10,recovered,True,16.329431946,
golden,1552,seeds3,recovered,True,10.161827362,
golden,1552,seeds10,recovered,True,24.540013034,
golden,1553,seeds3,not_recovered,True,12.601382414999998,
golden,1553,seeds10,unknown,True,35.462635296,
golden,1554,seeds3,recovered,True,14.373429045999998,
golden,1554,seeds10,recovered,True,35.08212692899999,
golden,1555,seeds3,recovered,True,5.058794701,
golden,1555,seeds10,recovered,True,14.377850327,
golden,1556,seeds3,recovered,True,10.082122251,
golden,1556,seeds10,recovered,True,26.773367367999995,
golden,1557,seeds3,recovered,True,8.540674886,
golden,1557,seeds10,recovered,True,29.774793576999997,
golden,1558,seeds3,recovered,True,175.853413781,
golden,1558,seeds10,recovered,True,659.449806994,
golden,1559,seeds3,recovered,True,135.89614013199997,
golden,1559,seeds10,recovered,True,415.604208347,
golden,1560,seeds3,recovered,True,49.777382536999994,
golden,1560,seeds10,recovered,True,130.15238168399998,
golden,1561,seeds3,recovered,True,565.0257068450001,
golden,1561,seeds10,recovered,False,,
golden,1562,seeds3,recovered,True,47.004520256,
golden,1562,seeds10,recovered,True,135.32665934599999,
golden,1563,seeds3,recovered,True,51.762524228,
golden,1563,seeds10,recovered,True,146.866621582,
golden,1564,seeds3,recovered,True,53.51992563100001,
golden,1564,seeds10,recovered,True,150.096756785,
golden,1565,seeds3,recovered,True,20.308831245,
golden,1565,seeds10,recovered,True,49.98778231199999,
golden,1566,seeds3,recovered,True,15.57529142,
golden,1566,seeds10,recovered,True,47.306431028000006,
golden,1567,seeds3,recovered,True,226.876854533,
golden,1567,seeds10,recovered,True,694.087211635,
golden,1568,seeds3,unknown,True,103.41740921700003,
golden,1568,seeds10,recovered,True,327.376186256,
golden,1569,seeds3,recovered,True,22.294107371000003,
golden,1569,seeds10,recovered,True,75.638594655,
golden,1570,seeds3,recovered,True,53.04331079400001,
golden,1570,seeds10,recovered,True,178.619047891,
golden,1571,seeds3,recovered,True,6.341204208999999,
golden,1571,seeds10,recovered,True,14.874354633999998,
golden,1572,seeds3,recovered,True,3.6224240439999997,
golden,1572,seeds10,recovered,True,7.80999169,
golden,1573,seeds3,recovered,True,5.074360167,
golden,1573,seeds10,recovered,True,11.044894438999998,
golden,1574,seeds3,recovered,True,19.085934406,
golden,1574,seeds10,recovered,True,46.968081951,
golden,1575,seeds3,recovered,True,12.090401273000001,
golden,1575,seeds10,recovered,True,33.668411793999994,
golden,1576,seeds3,recovered,True,15.090935187,
golden,1576,seeds10,recovered,True,33.994090313,
golden,1577,seeds3,recovered,True,143.87770813999998,
golden,1577,seeds10,recovered,True,476.0273831349999,
golden,1578,seeds3,recovered,True,52.740190041000005,
golden,1578,seeds10,recovered,True,161.149804596,
golden,1579,seeds3,recovered,True,8.246266218,
golden,1579,seeds10,recovered,True,19.074461397999997,
golden,1580,seeds3,recovered,True,1.6024976310000003,
golden,1580,seeds10,recovered,True,2.4968686809999996,
golden,1581,seeds3,recovered,True,61.785783371,
golden,1581,seeds10,recovered,True,181.021363917,
golden,1582,seeds3,recovered,True,20.750044684000002,
golden,1582,seeds10,recovered,True,43.677003918000004,
golden,1583,seeds3,recovered,True,4.301707814,
golden,1583,seeds10,recovered,True,12.295375888,
golden,1584,seeds3,recovered,True,71.960486626,
golden,1584,seeds10,recovered,True,196.88579238699998,
golden,1585,seeds3,recovered,True,99.29708892300002,
golden,1585,seeds10,recovered,True,286.452938555,
golden,1586,seeds3,recovered,True,419.90053094599995,
golden,1586,seeds10,recovered,True,1425.0501913419998,
golden,1587,seeds3,recovered,True,37.936555215,
golden,1587,seeds10,recovered,True,109.15337030299997,
golden,1588,seeds3,recovered,True,13.802523246999998,
golden,1588,seeds10,recovered,True,31.082898493,
golden,1589,seeds3,recovered,True,13.410810316,
golden,1589,seeds10,recovered,True,32.819605549,
golden,1590,seeds3,recovered,True,26.175009720999995,
golden,1590,seeds10,recovered,True,76.83940197199999,
golden,1591,seeds3,recovered,True,64.294627725,
golden,1591,seeds10,recovered,True,167.288563448,
golden,1592,seeds3,recovered,True,332.973117182,
golden,1592,seeds10,recovered,True,1143.2481506600002,
golden,1593,seeds3,recovered,True,20.338908754000002,
golden,1593,seeds10,recovered,True,48.862835976000014,
golden,1594,seeds3,recovered,True,2.2825873320000003,
golden,1594,seeds10,recovered,True,4.338375246999999,
golden,1595,seeds3,recovered,True,2.7525770749999996,
golden,1595,seeds10,recovered,True,6.283617927,
golden,1596,seeds3,recovered,True,1.877224377,
golden,1596,seeds10,recovered,True,2.985955574,
golden,1597,seeds3,recovered,True,19.886295012999994,
golden,1597,seeds10,recovered,True,39.971515956000005,
golden,1598,seeds3,recovered,True,2.113546785,
golden,1598,seeds10,recovered,True,3.8281801709999996,
golden,1599,seeds3,recovered,True,148.725890611,
golden,1599,seeds10,recovered,True,504.269398758,
golden,1600,seeds3,recovered,True,16.007305464,
golden,1600,seeds10,recovered,True,44.355024861000004,
golden,1601,seeds3,recovered,True,4.97316803,
golden,1601,seeds10,recovered,True,13.429854674000001,
golden,1602,seeds3,recovered,True,3.4235616230000003,
golden,1602,seeds10,recovered,True,7.277783692,
golden,1603,seeds3,recovered,True,7.817677358999999,
golden,1603,seeds10,recovered,True,20.529063131999997,
golden,1604,seeds3,recovered,True,9.491934207,
golden,1604,seeds10,recovered,True,24.201612725000004,
golden,1605,seeds3,recovered,True,21.318338546,
golden,1605,seeds10,recovered,True,51.062173902000005,
golden,1606,seeds3,recovered,True,694.3881003500001,
golden,1606,seeds10,recovered,False,,
golden,1607,seeds3,recovered,True,49.006315192,
golden,1607,seeds10,recovered,True,160.321286593,
golden,1608,seeds3,recovered,True,7.9118058,
golden,1608,seeds10,recovered,True,19.767955371,
golden,1609,seeds3,recovered,True,13.501193428999997,
golden,1609,seeds10,recovered,True,32.595181728,
golden,1610,seeds3,recovered,True,29.602015184000003,
golden,1610,seeds10,recovered,True,81.283368745,
golden,1611,seeds3,recovered,True,6.918357454,
golden,1611,seeds10,recovered,True,18.968189478,
golden,1612,seeds3,recovered,True,10.947645096,
golden,1612,seeds10,recovered,True,26.030692058000007,
golden,1613,seeds3,recovered,True,4.977206853,
golden,1613,seeds10,recovered,True,9.972148256999997,
golden,1614,seeds3,recovered,True,6.954532267,
golden,1614,seeds10,recovered,True,15.132186541000001,
golden,1615,seeds3,recovered,True,3.1703092960000006,
golden,1615,seeds10,recovered,True,6.1621194379999995,
golden,1616,seeds3,recovered,True,8.586970887,
golden,1616,seeds10,recovered,True,20.205858024999998,
golden,1617,seeds3,recovered,True,23.723110379000005,
golden,1617,seeds10,recovered,True,70.05571664200001,
golden,1618,seeds3,recovered,True,2.030893169,
golden,1618,seeds10,recovered,True,4.136654678,
golden,1619,seeds3,recovered,True,1.7060118329999998,
golden,1619,seeds10,recovered,True,2.7913116909999998,
golden,1620,seeds3,recovered,True,7.900094244999999,
golden,1620,seeds10,recovered,True,19.215452069999998,
golden,1621,seeds3,recovered,True,37.260070326000005,
golden,1621,seeds10,recovered,True,109.65279917700002,
golden,1622,seeds3,recovered,True,22.169936939000003,
golden,1622,seeds10,recovered,True,54.19790212599999,
golden,1623,seeds3,recovered,True,42.232929764,
golden,1623,seeds10,recovered,True,130.917670198,
golden,1624,seeds3,recovered,True,202.41139900200002,
golden,1624,seeds10,recovered,True,683.1620612760003,
golden,1625,seeds3,recovered,True,27.826414765000003,
golden,1625,seeds10,recovered,True,77.90009615400001,
golden,1626,seeds3,recovered,True,38.231078757000006,
golden,1626,seeds10,recovered,True,117.69129115700001,
golden,1627,seeds3,recovered,True,19.606795454,
golden,1627,seeds10,recovered,True,47.895218638,
golden,1628,seeds3,recovered,True,23.094811987,
golden,1628,seeds10,recovered,True,65.062452659,
golden,1629,seeds3,recovered,True,34.719823464,
golden,1629,seeds10,recovered,True,117.22261157599999,
golden,1630,seeds3,recovered,True,5.7569064,
golden,1630,seeds10,recovered,True,15.026640207000002,
golden,1631,seeds3,recovered,True,8.832841487,
golden,1631,seeds10,recovered,True,18.252738167,
golden,1632,seeds3,recovered,True,9.92539494,
golden,1632,seeds10,recovered,True,22.182697513,
golden,1633,seeds3,recovered,True,2.228464086,
golden,1633,seeds10,recovered,True,4.200113182999999,
golden,1634,seeds3,recovered,True,82.12411598999999,
golden,1634,seeds10,recovered,True,265.191336989,
golden,1635,seeds3,recovered,True,69.26785703600001,
golden,1635,seeds10,recovered,True,180.68845103700005,
golden,1636,seeds3,recovered,True,494.801596587,
golden,1636,seeds10,recovered,True,1219.3495894750001,
golden,1637,seeds3,recovered,True,93.75832690600001,
golden,1637,seeds10,recovered,True,318.82467197999995,
golden,1638,seeds3,recovered,True,245.27831165599997,
golden,1638,seeds10,recovered,True,533.992035057,
golden,1639,seeds3,recovered,True,82.16975485500001,
golden,1639,seeds10,recovered,True,260.5825615769999,
golden,1640,seeds3,recovered,True,40.07545709600001,
golden,1640,seeds10,recovered,True,92.103775981,
golden,1641,seeds3,recovered,True,3.2785588070000005,
golden,1641,seeds10,recovered,True,6.692936506000001,
golden,1642,seeds3,recovered,True,42.368024425,
golden,1642,seeds10,recovered,True,128.95849851900002,
golden,1643,seeds3,recovered,True,112.60539395899998,
golden,1643,seeds10,recovered,True,312.44034811200004,
golden,1644,seeds3,recovered,True,25.514606518,
golden,1644,seeds10,recovered,True,77.528902307,
golden,1645,seeds3,recovered,True,60.118315379,
golden,1645,seeds10,recovered,True,199.843392814,
golden,1646,seeds3,recovered,True,35.525975863,
golden,1646,seeds10,recovered,True,108.64139749499999,
golden,1647,seeds3,recovered,True,292.229448669,
golden,1647,seeds10,recovered,True,856.6340963499999,
golden,1648,seeds3,recovered,True,19.197266394,
golden,1648,seeds10,recovered,True,51.986080912000006,
golden,1649,seeds3,recovered,True,42.627052285000005,
golden,1649,seeds10,recovered,True,125.889295986,
golden,1650,seeds3,recovered,True,3.7902863609999997,
golden,1650,seeds10,recovered,True,8.801286902,
golden,1651,seeds3,recovered,True,214.64390765899998,
golden,1651,seeds10,recovered,True,699.6058385509999,
golden,1652,seeds3,recovered,True,9.100814845000002,
golden,1652,seeds10,recovered,True,25.293359132,
golden,1653,seeds3,recovered,True,23.468128289,
golden,1653,seeds10,recovered,True,58.33985803800001,
golden,1654,seeds3,recovered,True,169.539545672,
golden,1654,seeds10,recovered,True,515.127079722,
golden,1655,seeds3,recovered,True,207.84529598899996,
golden,1655,seeds10,recovered,True,667.7516839599999,
golden,1656,seeds3,recovered,True,98.98817817700001,
golden,1656,seeds10,recovered,True,283.8574866260001,
golden,1657,seeds3,recovered,True,214.947729778,
golden,1657,seeds10,recovered,True,635.0384094200001,
golden,1658,seeds3,recovered,True,149.747520306,
golden,1658,seeds10,recovered,True,473.84573704299993,
golden,1659,seeds3,recovered,True,105.847015594,
golden,1659,seeds10,recovered,True,351.15932506699994,
golden,1660,seeds3,recovered,True,345.811424843,
golden,1660,seeds10,recovered,True,1048.453933434,
golden,1661,seeds3,recovered,True,194.061641157,
golden,1661,seeds10,recovered,True,584.3935288669999,
golden,1662,seeds3,recovered,True,53.461843918999996,
golden,1662,seeds10,recovered,True,177.539789884,
golden,1663,seeds3,recovered,True,2.2371399249999997,
golden,1663,seeds10,recovered,True,4.357629258,
golden,1664,seeds3,recovered,True,37.874962541,
golden,1664,seeds10,recovered,True,115.349544607,
golden,1665,seeds3,recovered,True,47.689013106000004,
golden,1665,seeds10,recovered,True,118.385470096,
golden,1666,seeds3,recovered,True,12.298197100999998,
golden,1666,seeds10,recovered,True,33.337885424999996,
golden,1667,seeds3,recovered,True,365.75329098300006,
golden,1667,seeds10,recovered,False,,
golden,1668,seeds3,recovered,True,157.519186352,
golden,1668,seeds10,recovered,True,486.0169388590001,
golden,1669,seeds3,recovered,True,3.1820810969999993,
golden,1669,seeds10,recovered,True,5.756980861000001,
golden,1670,seeds3,recovered,True,29.02344183,
golden,1670,seeds10,recovered,True,77.46377164200001,
golden,1671,seeds3,recovered,True,251.21058079199997,
golden,1671,seeds10,recovered,True,739.1984239819999,
golden,1672,seeds3,recovered,True,1.6877811689999997,
golden,1672,seeds10,recovered,True,3.3192760819999996,
golden,1673,seeds3,recovered,True,3.1648656719999995,
golden,1673,seeds10,recovered,True,5.008716399,
golden,1674,seeds3,recovered,True,53.06039657100001,
golden,1674,seeds10,recovered,True,135.35442443999997,
golden,1675,seeds3,recovered,True,19.487065239,
golden,1675,seeds10,recovered,True,59.416934655000006,
golden,1676,seeds3,recovered,True,1.443750556,
golden,1676,seeds10,recovered,True,1.9607401109999998,
golden,1677,seeds3,recovered,True,112.278971673,
golden,1677,seeds10,recovered,True,321.435959958,
golden,1678,seeds3,recovered,True,51.980742250999995,
golden,1678,seeds10,recovered,True,153.716555413,
golden,1679,seeds3,recovered,True,37.516774699,
golden,1679,seeds10,recovered,True,101.147187834,
golden,1680,seeds3,recovered,True,31.654278834999992,
golden,1680,seeds10,recovered,True,72.52714213500002,
golden,1681,seeds3,recovered,True,41.513350729,
golden,1681,seeds10,recovered,True,129.300585759,
golden,1682,seeds3,recovered,True,200.40583447600002,
golden,1682,seeds10,recovered,True,659.2909892289999,
golden,1683,seeds3,recovered,True,155.396154101,
golden,1683,seeds10,recovered,True,480.13623244400003,
golden,1684,seeds3,recovered,True,9.615451103000002,
golden,1684,seeds10,recovered,True,22.522391589999998,
golden,1685,seeds3,recovered,True,30.292360717999998,
golden,1685,seeds10,recovered,True,86.34186012900001,
golden,1686,seeds3,recovered,True,20.221082769,
golden,1686,seeds10,recovered,True,66.658830365,
golden,1687,seeds3,recovered,True,502.864072364,
golden,1687,seeds10,recovered,True,1522.833053021,
golden,1688,seeds3,recovered,True,450.07994154899995,
golden,1688,seeds10,recovered,True,1509.7455113330002,
golden,1689,seeds3,recovered,True,236.894676831,
golden,1689,seeds10,recovered,True,705.5178362270001,
golden,1690,seeds3,recovered,True,444.748787117,
golden,1690,seeds10,recovered,True,1658.8527164900001,
golden,1691,seeds3,recovered,True,365.4552597180001,
golden,1691,seeds10,recovered,False,,
golden,1692,seeds3,recovered,True,39.564180764,
golden,1692,seeds10,recovered,True,125.898633495,
golden,1693,seeds3,recovered,True,215.18078679800004,
golden,1693,seeds10,recovered,True,731.096067424,
golden,1694,seeds3,recovered,True,487.59161380899997,
golden,1694,seeds10,recovered,False,,
golden,1695,seeds3,recovered,True,247.17335393299996,
golden,1695,seeds10,recovered,True,673.7384192460001,
golden,1696,seeds3,recovered,True,200.71224749099997,
golden,1696,seeds10,recovered,True,625.201208233,
golden,1697,seeds3,recovered,True,18.710277437,
golden,1697,seeds10,recovered,True,57.43780055599999,
golden,1698,seeds3,recovered,True,219.55683522199996,
golden,1698,seeds10,recovered,True,602.488658273,
golden,1699,seeds3,recovered,True,2.3871991919999997,
golden,1699,seeds10,recovered,True,5.350968687999999,
golden,1700,seeds3,recovered,True,1.689986162,
golden,1700,seeds10,recovered,True,3.8523668900000003,
golden,1701,seeds3,recovered,True,11.390395827999999,
golden,1701,seeds10,recovered,True,24.302011745999998,
golden,1702,seeds3,recovered,True,645.953614477,
golden,1702,seeds10,recovered,True,2029.076490559,
golden,1703,seeds3,recovered,True,48.056223882000005,
golden,1703,seeds10,recovered,True,194.02862288900002,
golden,1704,seeds3,recovered,True,97.50452909,
golden,1704,seeds10,recovered,True,288.50113109200004,
golden,1705,seeds3,recovered,True,99.534049843,
golden,1705,seeds10,recovered,True,282.874271355,
golden,1706,seeds3,recovered,True,24.413992565,
golden,1706,seeds10,recovered,True,72.680059707,
golden,1707,seeds3,recovered,True,252.904592736,
golden,1707,seeds10,recovered,True,689.152779971,
golden,1708,seeds3,recovered,True,1.8034528299999997,
golden,1708,seeds10,recovered,True,2.9638838809999997,
golden,1709,seeds3,recovered,True,4.502392294000001,
golden,1709,seeds10,recovered,True,14.968863723,
golden,1710,seeds3,recovered,True,1.2614917939999997,
golden,1710,seeds10,recovered,True,1.5521325679999998,
golden,1711,seeds3,recovered,True,14.098404513000002,
golden,1711,seeds10,recovered,True,30.801602619,
golden,1712,seeds3,recovered,True,21.366096837999997,
golden,1712,seeds10,recovered,True,59.32044632499999,
golden,1713,seeds3,recovered,True,36.782238330000006,
golden,1713,seeds10,recovered,True,102.78176017200002,
golden,1714,seeds3,recovered,True,4.256546809,
golden,1714,seeds10,recovered,True,10.152356451000001,
golden,1715,seeds3,recovered,True,78.12143679299999,
golden,1715,seeds10,recovered,True,243.12429237100002,
golden,1716,seeds3,recovered,True,63.282402194,
golden,1716,seeds10,recovered,True,191.836407623,
golden,1717,seeds3,recovered,True,23.027535696999998,
golden,1717,seeds10,recovered,True,66.613940745,
golden,1718,seeds3,recovered,True,47.607440608000005,
golden,1718,seeds10,recovered,True,144.948790138,
golden,1719,seeds3,recovered,True,8.810102633,
golden,1719,seeds10,recovered,True,25.695555651000006,
golden,1720,seeds3,recovered,True,32.38008304899999,
golden,1720,seeds10,recovered,True,93.59696164799999,
golden,1721,seeds3,recovered,True,89.25500221600001,
golden,1721,seeds10,recovered,True,381.962632967,
golden,1722,seeds3,recovered,True,245.050290728,
golden,1722,seeds10,recovered,True,702.7226239470001,
golden,1723,seeds3,recovered,True,245.471811369,
golden,1723,seeds10,recovered,True,818.5723732199999,
golden,1724,seeds3,recovered,True,324.93293712700006,
golden,1724,seeds10,recovered,True,935.6487288449999,
golden,1725,seeds3,recovered,True,2.165183895,
golden,1725,seeds10,recovered,True,2.774421628,
golden,1726,seeds3,recovered,True,1.69226519,
golden,1726,seeds10,recovered,True,2.8344182399999993,
golden,1727,seeds3,recovered,True,1.9082053300000001,
golden,1727,seeds10,recovered,True,3.506475449,
golden,1728,seeds3,recovered,True,6.287191536,
golden,1728,seeds10,recovered,True,13.886911399999999,
golden,1729,seeds3,recovered,True,9.880871632,
golden,1729,seeds10,recovered,True,26.017331093,
golden,1730,seeds3,recovered,True,20.229576984999998,
golden,1730,seeds10,recovered,True,54.152498446,
golden,1731,seeds3,recovered,True,9.760848062,
golden,1731,seeds10,recovered,True,26.05054433,
golden,1732,seeds3,recovered,True,42.08357093,
golden,1732,seeds10,recovered,True,121.624288509,
golden,1733,seeds3,recovered,True,1.60288463,
golden,1733,seeds10,recovered,True,2.4443411540000004,
golden,1734,seeds3,recovered,True,7.640297694,
golden,1734,seeds10,recovered,True,19.214148390000002,
golden,1735,seeds3,recovered,True,15.456060759,
golden,1735,seeds10,recovered,True,39.598244438,
golden,1736,seeds3,recovered,True,11.588456986,
golden,1736,seeds10,recovered,True,30.243677673999997,
golden,1737,seeds3,recovered,True,6.311622937,
golden,1737,seeds10,recovered,True,15.161168054000001,
golden,1738,seeds3,recovered,True,13.642165257,
golden,1738,seeds10,recovered,True,30.480497560000003,
golden,1739,seeds3,recovered,True,3.646065825,
golden,1739,seeds10,recovered,True,7.3116788239999995,
golden,1740,seeds3,recovered,True,3.5777099810000004,
golden,1740,seeds10,recovered,True,8.286512356,
golden,1741,seeds3,recovered,True,9.983491054000002,
golden,1741,seeds10,recovered,True,24.270753462,
golden,1742,seeds3,recovered,True,14.341442994999998,
golden,1742,seeds10,recovered,True,36.417098941999996,
golden,1743,seeds3,recovered,True,17.639155935,
golden,1743,seeds10,recovered,True,54.03349610699999,
golden,1744,seeds3,recovered,True,34.388089256,
golden,1744,seeds10,recovered,True,109.72215775699999,
golden,1745,seeds3,recovered,True,3.5551045999999995,
golden,1745,seeds10,recovered,True,9.817997836,
golden,1746,seeds3,recovered,True,202.383057303,
golden,1746,seeds10,recovered,True,570.8134627899999,
golden,1747,seeds3,recovered,True,26.931697726,
golden,1747,seeds10,recovered,True,72.295233518,
golden,1748,seeds3,recovered,True,24.088841593999998,
golden,1748,seeds10,recovered,True,62.25421098799999,
golden,1749,seeds3,recovered,True,115.340793335,
golden,1749,seeds10,recovered,True,294.27694505600005,
golden,1750,seeds3,recovered,True,82.956676367,
golden,1750,seeds10,recovered,True,256.09477923799994,
golden,1751,seeds3,recovered,True,6.947135004,
golden,1751,seeds10,recovered,True,15.104258146,
golden,1752,seeds3,recovered,True,19.203521907,
golden,1752,seeds10,recovered,True,46.681821649,
golden,1753,seeds3,recovered,True,19.115455206,
golden,1753,seeds10,recovered,True,51.10780135900001,
golden,1754,seeds3,recovered,True,2.537973298,
golden,1754,seeds10,recovered,True,4.865000927999999,
golden,1755,seeds3,recovered,True,143.46789214,
golden,1755,seeds10,recovered,True,432.308249383,
golden,1756,seeds3,recovered,True,457.087601123,
golden,1756,seeds10,recovered,True,1590.4758434980001,
golden,1757,seeds3,recovered,True,51.451900890000005,
golden,1757,seeds10,recovered,True,127.014007416,
golden,1758,seeds3,recovered,True,99.269925693,
golden,1758,seeds10,recovered,True,279.46805316599995,
golden,1759,seeds3,recovered,True,10.740018749,
golden,1759,seeds10,recovered,True,26.619282699000003,
golden,1760,seeds3,recovered,True,42.14560222600001,
golden,1760,seeds10,recovered,True,129.765644822,
golden,1761,seeds3,recovered,True,17.835423179000003,
golden,1761,seeds10,recovered,True,57.48637347499999,
golden,1762,seeds3,recovered,True,88.318564384,
golden,1762,seeds10,recovered,True,271.280887665,
golden,1763,seeds3,recovered,True,281.584163883,
golden,1763,seeds10,recovered,True,789.3846452470001,
golden,1764,seeds3,recovered,True,142.16391592299996,
golden,1764,seeds10,recovered,True,438.998883217,
golden,1765,seeds3,recovered,True,8.790734105999999,
golden,1765,seeds10,recovered,True,22.147359349000002,
golden,1766,seeds3,recovered,True,16.410255796,
golden,1766,seeds10,recovered,True,37.991426709,
golden,1767,seeds3,recovered,True,10.171538958,
golden,1767,seeds10,recovered,True,27.518747027000003,
golden,1768,seeds3,recovered,True,68.720754404,
golden,1768,seeds10,recovered,True,200.43344211499996,
golden,1769,seeds3,recovered,True,1.9560846659999997,
golden,1769,seeds10,recovered,True,3.2947189550000004,
golden,1770,seeds3,recovered,True,3.118495491000001,
golden,1770,seeds10,recovered,True,6.740178580000001,
golden,1771,seeds3,recovered,True,30.755970129999998,
golden,1771,seeds10,recovered,True,84.218027395,
golden,1772,seeds3,recovered,True,127.841054227,
golden,1772,seeds10,recovered,True,483.8078335739999,
golden,1773,seeds3,recovered,True,63.699587823,
golden,1773,seeds10,recovered,True,228.58586629599995,
golden,1774,seeds3,recovered,True,49.99832499300001,
golden,1774,seeds10,recovered,True,162.61192124000004,
golden,1775,seeds3,recovered,True,55.252142533,
golden,1775,seeds10,recovered,True,181.798835243,
golden,1776,seeds3,recovered,True,122.254834251,
golden,1776,seeds10,recovered,True,372.298011191,
golden,1777,seeds3,recovered,True,135.89057898099998,
golden,1777,seeds10,recovered,True,428.7001726479999,
golden,1778,seeds3,recovered,True,27.628756797,
golden,1778,seeds10,recovered,True,83.481046695,
golden,1779,seeds3,recovered,True,41.137690419,
golden,1779,seeds10,recovered,True,107.819492438,
golden,1780,seeds3,recovered,True,52.393148728,
golden,1780,seeds10,recovered,True,142.04445605900003,
golden,1781,seeds3,recovered,True,8.814114266,
golden,1781,seeds10,recovered,True,19.746963857999997,
golden,1782,seeds3,recovered,True,33.744527079,
golden,1782,seeds10,recovered,True,90.30528125599999,
golden,1783,seeds3,recovered,True,55.819126953,
golden,1783,seeds10,recovered,True,162.27126988900005,
golden,1784,seeds3,recovered,True,24.916332136,
golden,1784,seeds10,recovered,True,63.41205378600001,
golden,1785,seeds3,recovered,True,26.702323384000003,
golden,1785,seeds10,recovered,True,73.70946244599999,
golden,1786,seeds3,recovered,True,110.71719586799999,
golden,1786,seeds10,unknown,True,355.6723058189999,
golden,1787,seeds3,recovered,True,11.161640142,
golden,1787,seeds10,recovered,True,26.045979552999995,
golden,1788,seeds3,recovered,True,4.212839751000001,
golden,1788,seeds10,recovered,True,11.087426896,
golden,1789,seeds3,recovered,True,16.168487678,
golden,1789,seeds10,recovered,True,40.017456728,
golden,1790,seeds3,recovered,True,14.381987845000001,
golden,1790,seeds10,recovered,True,34.253847027,
golden,1791,seeds3,recovered,True,39.334537139000005,
golden,1791,seeds10,recovered,True,107.47771856700001,
golden,1792,seeds3,recovered,True,10.263954671,
golden,1792,seeds10,recovered,True,30.500059604,
golden,1793,seeds3,recovered,True,1341.4865260850002,
golden,1793,seeds10,recovered,False,,
golden,1794,seeds3,recovered,True,7.601696368999999,
golden,1794,seeds10,recovered,True,18.779161476,
golden,1795,seeds3,recovered,True,95.282922126,
golden,1795,seeds10,recovered,True,315.055544887,
golden,1796,seeds3,recovered,True,52.101925158,
golden,1796,seeds10,recovered,True,153.86811576300002,
golden,1797,seeds3,recovered,True,90.800040979,
golden,1797,seeds10,recovered,True,307.69133483400003,
golden,1798,seeds3,recovered,True,225.27308019699996,
golden,1798,seeds10,recovered,True,805.9207519160001,
golden,1799,seeds3,recovered,True,1901.434802401,
golden,1799,seeds10,unknown,False,,
golden,1800,seeds3,recovered,True,223.04046475300004,
golden,1800,seeds10,recovered,True,743.9199655120001,
golden,1801,seeds3,recovered,True,328.549505255,
golden,1801,seeds10,recovered,True,985.651783785,
golden,1802,seeds3,recovered,True,23.87969897,
golden,1802,seeds10,recovered,True,74.492397945,
golden,1803,seeds3,recovered,True,6.689243386,
golden,1803,seeds10,recovered,True,14.347508307,
golden,1804,seeds3,recovered,True,3.4943560349999996,
golden,1804,seeds10,recovered,True,7.669805764999999,
golden,1805,seeds3,recovered,True,4.172386031,
golden,1805,seeds10,recovered,True,9.049898216999999,
golden,1806,seeds3,recovered,True,72.88071979499999,
golden,1806,seeds10,recovered,True,207.58933990399998,
golden,1807,seeds3,recovered,True,23.621618563999995,
golden,1807,seeds10,recovered,True,66.61955801399999,
golden,1808,seeds3,recovered,True,44.977561592,
golden,1808,seeds10,recovered,True,133.31411709600002,
golden,1809,seeds3,recovered,True,56.139592913,
golden,1809,seeds10,recovered,True,161.26426544999998,
golden,1810,seeds3,recovered,True,17.360123768,
golden,1810,seeds10,recovered,True,54.928674935999986,
golden,1811,seeds3,recovered,True,25.235270000999996,
golden,1811,seeds10,recovered,True,72.654953028,
golden,1812,seeds3,recovered,True,28.684613015,
golden,1812,seeds10,recovered,True,77.355239332,
golden,1813,seeds3,recovered,True,2.4783072179999994,
golden,1813,seeds10,recovered,True,4.265408321999999,
golden,1814,seeds3,recovered,True,11.242007597,
golden,1814,seeds10,recovered,True,33.186741843,
golden,1815,seeds3,recovered,True,15.119279227,
golden,1815,seeds10,recovered,True,38.187509422000005,
golden,1816,seeds3,recovered,True,33.911831348999996,
golden,1816,seeds10,recovered,True,99.17178093,
golden,1817,seeds3,recovered,True,8.447067619,
golden,1817,seeds10,recovered,True,29.612364238999998,
golden,1818,seeds3,recovered,True,8.774871014999999,
golden,1818,seeds10,recovered,True,18.098148826,
golden,1819,seeds3,recovered,True,1.794583493,
golden,1819,seeds10,recovered,True,3.985388701999999,
golden,1820,seeds3,recovered,True,1.880175474,
golden,1820,seeds10,recovered,True,4.017816825,
golden,1821,seeds3,recovered,True,54.955845784999994,
golden,1821,seeds10,recovered,True,169.03301724799996,
golden,1822,seeds3,recovered,True,16.059959630999998,
golden,1822,seeds10,recovered,True,37.170972027999994,
golden,1823,seeds3,recovered,True,1421.911636351,
golden,1823,seeds10,unknown,False,,
golden,1824,seeds3,recovered,True,2.5816155380000003,
golden,1824,seeds10,recovered,True,3.9130414960000004,
golden,1825,seeds3,recovered,True,2.680090731,
golden,1825,seeds10,recovered,True,4.265893312999999,
golden,1826,seeds3,recovered,True,2.084858693,
golden,1826,seeds10,recovered,True,3.325936168,
golden,1827,seeds3,recovered,True,1.781365615,
golden,1827,seeds10,recovered,True,2.8377529939999997,
golden,1828,seeds3,recovered,True,2.4310121909999998,
golden,1828,seeds10,recovered,True,4.770227799000001,
golden,1829,seeds3,recovered,True,1.438925637,
golden,1829,seeds10,recovered,True,2.17836868,
golden,1830,seeds3,recovered,True,18.281185444,
golden,1830,seeds10,recovered,True,41.195498407,
golden,1831,seeds3,recovered,True,3.934354688,
golden,1831,seeds10,recovered,True,8.392483060999998,
golden,1832,seeds3,recovered,True,7.1951780890000006,
golden,1832,seeds10,recovered,True,18.297100814,
golden,1833,seeds3,recovered,True,7.7209179699999995,
golden,1833,seeds10,recovered,True,21.293112945,
golden,1834,seeds3,recovered,True,3.3702915979999997,
golden,1834,seeds10,recovered,True,7.2865945499999984,
golden,1835,seeds3,recovered,True,4.974179695999999,
golden,1835,seeds10,recovered,True,12.125623527000002,
golden,1836,seeds3,recovered,True,151.253995138,
golden,1836,seeds10,recovered,True,428.80522300300004,
golden,1837,seeds3,recovered,True,175.775157873,
golden,1837,seeds10,recovered,True,561.380246185,
golden,1838,seeds3,recovered,True,24.230529331999996,
golden,1838,seeds10,recovered,True,70.74157232200001,
golden,1839,seeds3,recovered,True,2.018695913,
golden,1839,seeds10,recovered,True,5.020367975999999,
golden,1840,seeds3,recovered,True,3.120023535,
golden,1840,seeds10,recovered,True,7.146848376000001,
golden,1841,seeds3,recovered,True,48.182304208999994,
golden,1841,seeds10,recovered,True,175.557929439,
golden,1842,seeds3,recovered,True,8.385381309,
golden,1842,seeds10,recovered,True,27.528629362999997,
golden,1843,seeds3,recovered,True,65.413038546,
golden,1843,seeds10,recovered,True,177.20047900199998,
golden,1844,seeds3,recovered,True,7.587934891,
golden,1844,seeds10,recovered,True,17.222287289,
golden,1845,seeds3,recovered,True,5.361616526,
golden,1845,seeds10,recovered,True,12.052787291999998,
golden,1846,seeds3,recovered,True,2.067248477,
golden,1846,seeds10,recovered,True,3.693835885000001,
golden,1847,seeds3,recovered,True,2.051296158,
golden,1847,seeds10,recovered,True,3.137004057,
golden,1848,seeds3,recovered,True,58.428689782999996,
golden,1848,seeds10,recovered,True,183.81555134499996,
golden,1849,seeds3,recovered,True,30.713688710000003,
golden,1849,seeds10,recovered,True,80.691927899,
golden,1850,seeds3,recovered,True,1.9020928649999997,
golden,1850,seeds10,recovered,True,3.436174855,
holdout,0,seeds3,no_ground_truth,True,1.748239689,0
holdout,0,seeds10,no_ground_truth,True,2.611773091,0
holdout,1,seeds3,no_ground_truth,True,13.776855659,6
holdout,1,seeds10,no_ground_truth,True,22.213791263,6
holdout,2,seeds3,no_ground_truth,True,2.59821258,4
holdout,2,seeds10,no_ground_truth,True,4.056172262,4
holdout,3,seeds3,no_ground_truth,True,13.407402885,2
holdout,3,seeds10,no_ground_truth,True,34.196388216,2
holdout,4,seeds3,no_ground_truth,True,13.264368838,4
holdout,4,seeds10,no_ground_truth,True,34.622704505,4
holdout,5,seeds3,no_ground_truth,True,4.266173836,1
holdout,5,seeds10,no_ground_truth,True,10.183473231,1
holdout,6,seeds3,no_ground_truth,True,15.580687255,4
holdout,6,seeds10,no_ground_truth,True,26.621246303,4
holdout,7,seeds3,no_ground_truth,True,17.022916076999998,4
holdout,7,seeds10,no_ground_truth,True,43.589128265,4
holdout,8,seeds3,no_ground_truth,True,8.935615852999998,2
holdout,8,seeds10,no_ground_truth,True,18.797770342,2
holdout,9,seeds3,no_ground_truth,True,34.895000008,4
holdout,9,seeds10,no_ground_truth,True,79.944012913,4
holdout,10,seeds3,no_ground_truth,True,18.960125280000003,1
holdout,10,seeds10,no_ground_truth,True,35.79844172,1
holdout,11,seeds3,no_ground_truth,True,21.585795474,4
holdout,11,seeds10,no_ground_truth,True,41.283288823999996,4
holdout,12,seeds3,no_ground_truth,True,8.462780492,4
holdout,12,seeds10,no_ground_truth,True,19.198693651,4
holdout,13,seeds3,no_ground_truth,True,8.725023488999998,4
holdout,13,seeds10,no_ground_truth,True,19.364617911,4
holdout,14,seeds3,no_ground_truth,True,6.975677318000001,1
holdout,14,seeds10,no_ground_truth,True,15.599412067,1
holdout,15,seeds3,no_ground_truth,True,7.943252462999999,1
holdout,15,seeds10,no_ground_truth,True,15.923834618999999,1
holdout,16,seeds3,no_ground_truth,True,8.606495047,3
holdout,16,seeds10,no_ground_truth,True,17.146894718,3
holdout,17,seeds3,no_ground_truth,True,7.490219064,3
holdout,17,seeds10,no_ground_truth,True,17.03960593,3
holdout,18,seeds3,no_ground_truth,True,8.099574105,2
holdout,18,seeds10,no_ground_truth,True,17.282756959,2
holdout,19,seeds3,no_ground_truth,True,8.170017635,2
holdout,19,seeds10,no_ground_truth,True,12.905091559999999,2
holdout,20,seeds3,no_ground_truth,True,3.2277615909999993,2
holdout,20,seeds10,no_ground_truth,True,6.373402421,2
holdout,21,seeds3,no_ground_truth,True,4.619271928999998,4
holdout,21,seeds10,no_ground_truth,True,9.088574348,4
holdout,22,seeds3,no_ground_truth,True,3.9031795819999995,2
holdout,22,seeds10,no_ground_truth,True,6.645513219,2
holdout,23,seeds3,no_ground_truth,True,3.332274732,2
holdout,23,seeds10,no_ground_truth,True,6.371820099,2
holdout,24,seeds3,no_ground_truth,True,3.8619896359999997,2
holdout,24,seeds10,no_ground_truth,True,6.701665859,2
holdout,25,seeds3,no_ground_truth,True,303.97959126800004,5
holdout,25,seeds10,no_ground_truth,True,781.726161603,5
holdout,26,seeds3,no_ground_truth,True,159.553206122,6
holdout,26,seeds10,no_ground_truth,True,428.00571749799997,6
holdout,27,seeds3,no_ground_truth,True,127.69208714199999,4
holdout,27,seeds10,no_ground_truth,True,321.40809771600004,4
holdout,28,seeds3,no_ground_truth,True,201.27202890900003,4
holdout,28,seeds10,no_ground_truth,True,534.7029235429999,4
holdout,29,seeds3,no_ground_truth,True,28.344245008999998,5
holdout,29,seeds10,no_ground_truth,True,62.336492158000006,5
holdout,30,seeds3,no_ground_truth,True,29.133277505000002,5
holdout,30,seeds10,no_ground_truth,True,62.55025044999999,5
holdout,31,seeds3,no_ground_truth,True,67.48690857199999,7
holdout,31,seeds10,no_ground_truth,True,148.470086363,7
holdout,32,seeds3,no_ground_truth,True,37.114842787,2
holdout,32,seeds10,no_ground_truth,True,97.689169556,2
holdout,33,seeds3,no_ground_truth,True,36.945318369999995,2
holdout,33,seeds10,no_ground_truth,True,96.006281357,2
holdout,34,seeds3,no_ground_truth,True,38.32504351499999,2
holdout,34,seeds10,no_ground_truth,True,96.47075867100001,2
holdout,35,seeds3,no_ground_truth,True,25.527844195999997,1
holdout,35,seeds10,no_ground_truth,True,63.823035524000005,1
holdout,36,seeds3,no_ground_truth,True,26.429964959000003,1
holdout,36,seeds10,no_ground_truth,True,63.451076740000005,1
holdout,37,seeds3,no_ground_truth,True,28.797082936000002,2
holdout,37,seeds10,no_ground_truth,True,67.59000316199999,2
holdout,38,seeds3,no_ground_truth,True,29.371830474,3
holdout,38,seeds10,no_ground_truth,True,84.326261999,3
holdout,39,seeds3,no_ground_truth,True,30.179499475,3
holdout,39,seeds10,no_ground_truth,True,81.80699107299999,3
holdout,40,seeds3,no_ground_truth,True,32.683054657999996,4
holdout,40,seeds10,no_ground_truth,True,83.856473914,4
holdout,41,seeds3,no_ground_truth,True,29.121356058,3
holdout,41,seeds10,no_ground_truth,True,73.03657178499999,3
holdout,42,seeds3,no_ground_truth,True,26.758131493,3
holdout,42,seeds10,no_ground_truth,True,70.91988124800001,3
holdout,43,seeds3,no_ground_truth,True,28.994223140000003,3
holdout,43,seeds10,no_ground_truth,True,72.839731865,3
holdout,44,seeds3,no_ground_truth,True,40.945256434,2
holdout,44,seeds10,no_ground_truth,True,112.932661821,2
holdout,45,seeds3,no_ground_truth,True,42.97900427799999,2
holdout,45,seeds10,no_ground_truth,True,113.813364333,2
holdout,46,seeds3,no_ground_truth,True,35.99113570200001,1
holdout,46,seeds10,no_ground_truth,True,94.510997774,1
holdout,47,seeds3,no_ground_truth,True,38.407161630000004,2
holdout,47,seeds10,no_ground_truth,True,98.40434575,2
holdout,48,seeds3,no_ground_truth,True,42.19744609,3
holdout,48,seeds10,no_ground_truth,True,108.516269902,3
holdout,49,seeds3,no_ground_truth,True,42.91985227000001,3
holdout,49,seeds10,no_ground_truth,True,110.118005568,3
holdout,50,seeds3,no_ground_truth,True,37.794458645999995,2
holdout,50,seeds10,no_ground_truth,True,95.538589959,2
holdout,51,seeds3,no_ground_truth,True,36.8373024,2
holdout,51,seeds10,no_ground_truth,True,95.523598379,2
holdout,52,seeds3,no_ground_truth,True,24.106804501,1
holdout,52,seeds10,no_ground_truth,True,63.837563071,1
holdout,53,seeds3,no_ground_truth,True,26.078996592,1
holdout,53,seeds10,no_ground_truth,True,63.21697781499999,1
holdout,54,seeds3,no_ground_truth,True,28.836442333999997,2
holdout,54,seeds10,no_ground_truth,True,67.381494854,2
holdout,55,seeds3,no_ground_truth,True,43.92220026700001,2
holdout,55,seeds10,no_ground_truth,True,112.396987676,2
holdout,56,seeds3,no_ground_truth,True,41.21979471,2
holdout,56,seeds10,no_ground_truth,True,112.71698200600001,2
holdout,57,seeds3,no_ground_truth,True,36.122200732,1
holdout,57,seeds10,no_ground_truth,True,93.318869651,1
holdout,58,seeds3,no_ground_truth,True,38.382738076,2
holdout,58,seeds10,no_ground_truth,True,96.922034752,2
holdout,59,seeds3,no_ground_truth,True,1.2854577599999997,2
holdout,59,seeds10,no_ground_truth,True,2.06681965,2
holdout,60,seeds3,no_ground_truth,True,1.394026605,3
holdout,60,seeds10,no_ground_truth,True,2.0081597810000003,3
holdout,61,seeds3,no_ground_truth,True,1.6069414419999997,0
holdout,61,seeds10,no_ground_truth,True,2.7519227269999993,0
holdout,62,seeds3,no_ground_truth,True,1.4847388810000002,1
holdout,62,seeds10,no_ground_truth,True,2.160272835,1
holdout,63,seeds3,no_ground_truth,True,1.269340085,0
holdout,63,seeds10,no_ground_truth,True,1.844771493,0
holdout,64,seeds3,no_ground_truth,True,1.752092382,5
holdout,64,seeds10,no_ground_truth,True,2.8683858239999998,5
holdout,65,seeds3,no_ground_truth,True,1.7996723669999999,5
holdout,65,seeds10,no_ground_truth,True,2.9837468949999995,5
holdout,66,seeds3,no_ground_truth,True,1.3341504370000001,3
holdout,66,seeds10,no_ground_truth,True,1.960959521,3
holdout,67,seeds3,no_ground_truth,True,1.334037672,2
holdout,67,seeds10,no_ground_truth,True,1.9936982849999998,2
holdout,68,seeds3,no_ground_truth,True,100.23251079900002,6
holdout,68,seeds10,no_ground_truth,True,219.61343864799997,6
holdout,69,seeds3,no_ground_truth,True,107.8973406,5
holdout,69,seeds10,no_ground_truth,True,218.996196191,5
holdout,70,seeds3,no_ground_truth,True,25.692329624000003,3
holdout,70,seeds10,no_ground_truth,True,59.890905085000014,3
holdout,71,seeds3,no_ground_truth,True,27.244224274,4
holdout,71,seeds10,no_ground_truth,True,93.510336647,4
holdout,72,seeds3,no_ground_truth,True,6.866205404,4
holdout,72,seeds10,no_ground_truth,True,17.892398206000003,4
holdout,73,seeds3,no_ground_truth,True,2.380032496,2
holdout,73,seeds10,no_ground_truth,True,4.082775344,2
holdout,74,seeds3,no_ground_truth,True,4.9448838770000005,2
holdout,74,seeds10,no_ground_truth,True,9.08477806,2
holdout,75,seeds3,no_ground_truth,True,5.1263108719999995,2
holdout,75,seeds10,no_ground_truth,True,7.033576854,2
holdout,76,seeds3,no_ground_truth,True,272.539332563,3
holdout,76,seeds10,no_ground_truth,True,831.969097724,3
holdout,77,seeds3,no_ground_truth,True,133.138751756,8
holdout,77,seeds10,no_ground_truth,True,412.32761931999994,8
holdout,78,seeds3,no_ground_truth,True,1.844106778,3
holdout,78,seeds10,no_ground_truth,True,2.8567455,3
holdout,79,seeds3,no_ground_truth,True,1.6179638729999999,0
holdout,79,seeds10,no_ground_truth,True,2.541831341,0
holdout,80,seeds3,no_ground_truth,True,1.669968569,3
holdout,80,seeds10,no_ground_truth,True,2.7729711870000004,3
holdout,81,seeds3,no_ground_truth,True,1.759555975,2
holdout,81,seeds10,no_ground_truth,True,2.8217150589999997,2
holdout,82,seeds3,no_ground_truth,True,6.099479606999999,3
holdout,82,seeds10,no_ground_truth,True,14.48962984,3
holdout,83,seeds3,no_ground_truth,True,6.32121476,4
holdout,83,seeds10,no_ground_truth,True,15.116904030999999,4
holdout,84,seeds3,no_ground_truth,True,6.151378369000001,2
holdout,84,seeds10,no_ground_truth,True,14.601733588000002,2
holdout,85,seeds3,no_ground_truth,True,5.711279863,2
holdout,85,seeds10,no_ground_truth,True,14.703219793999999,2
holdout,86,seeds3,no_ground_truth,True,27.871483683999998,3
holdout,86,seeds10,no_ground_truth,True,63.625446581000006,3
holdout,87,seeds3,no_ground_truth,True,18.670389909999997,4
holdout,87,seeds10,no_ground_truth,True,43.568563856,4
holdout,88,seeds3,no_ground_truth,True,22.23263942,3
holdout,88,seeds10,no_ground_truth,True,50.258887693,3
holdout,89,seeds3,no_ground_truth,True,23.977337483,2
holdout,89,seeds10,no_ground_truth,True,56.092486998,2
holdout,90,seeds3,no_ground_truth,True,37.242208464,5
holdout,90,seeds10,no_ground_truth,True,97.933314311,5
holdout,91,seeds3,no_ground_truth,True,22.21094815,2
holdout,91,seeds10,no_ground_truth,True,61.518995759000006,2
holdout,92,seeds3,no_ground_truth,True,17.834192478,2
holdout,92,seeds10,no_ground_truth,True,44.711691119,2
holdout,93,seeds3,no_ground_truth,True,4.59078357,3
holdout,93,seeds10,no_ground_truth,True,10.383609648999998,3
holdout,94,seeds3,no_ground_truth,True,3.229631306,1
holdout,94,seeds10,no_ground_truth,True,5.630563859,1
holdout,95,seeds3,no_ground_truth,True,6.426426203999998,4
holdout,95,seeds10,no_ground_truth,True,15.397879001,4
holdout,96,seeds3,no_ground_truth,True,2.2439048459999995,1
holdout,96,seeds10,no_ground_truth,True,3.9455469619999994,1
holdout,97,seeds3,no_ground_truth,True,17.402442619,7
holdout,97,seeds10,no_ground_truth,True,52.30550332899999,7
holdout,98,seeds3,no_ground_truth,True,8.969861815000002,4
holdout,98,seeds10,no_ground_truth,True,23.422449697999998,4
holdout,99,seeds3,no_ground_truth,True,3.126807577,3
holdout,99,seeds10,no_ground_truth,True,6.1803367499999995,3
holdout,100,seeds3,no_ground_truth,True,7.244709607999999,5
holdout,100,seeds10,no_ground_truth,True,17.144018413999998,5
holdout,101,seeds3,no_ground_truth,True,2.290992522,4
holdout,101,seeds10,no_ground_truth,True,4.7627684519999995,4
holdout,102,seeds3,no_ground_truth,True,3.8300419499999996,6
holdout,102,seeds10,no_ground_truth,True,9.701234855000001,6
holdout,103,seeds3,no_ground_truth,True,3.808500758,6
holdout,103,seeds10,no_ground_truth,True,9.563199347000001,6
holdout,104,seeds3,no_ground_truth,True,5.366738913000001,5
holdout,104,seeds10,no_ground_truth,True,12.801754693000003,5
holdout,105,seeds3,no_ground_truth,True,24.427322344,7
holdout,105,seeds10,no_ground_truth,True,74.798683033,7
holdout,106,seeds3,no_ground_truth,True,24.047304045000004,7
holdout,106,seeds10,no_ground_truth,True,71.90606429899998,7
holdout,107,seeds3,no_ground_truth,True,3.14167886,6
holdout,107,seeds10,no_ground_truth,True,6.695875630999998,6
holdout,108,seeds3,no_ground_truth,True,3.151248573000001,6
holdout,108,seeds10,no_ground_truth,True,6.752090289000001,6
holdout,109,seeds3,no_ground_truth,True,8.064392998,7
holdout,109,seeds10,no_ground_truth,True,20.160481893,7
holdout,110,seeds3,no_ground_truth,True,2.867180011000001,4
holdout,110,seeds10,no_ground_truth,True,5.657244509999998,4
holdout,111,seeds3,no_ground_truth,True,2.601876603,5
holdout,111,seeds10,no_ground_truth,True,5.559740311,5
holdout,112,seeds3,no_ground_truth,True,6.164681106,6
holdout,112,seeds10,no_ground_truth,True,14.528902096000001,6
holdout,113,seeds3,no_ground_truth,True,3.1030164129999998,4
holdout,113,seeds10,no_ground_truth,True,6.235767869,4
holdout,114,seeds3,no_ground_truth,True,2.258173055,4
holdout,114,seeds10,no_ground_truth,True,4.048867657000001,4
holdout,115,seeds3,no_ground_truth,True,3.0230569789999997,4
holdout,115,seeds10,no_ground_truth,True,6.009228701,4
holdout,116,seeds3,no_ground_truth,True,13.691029845,3
holdout,116,seeds10,no_ground_truth,True,31.864884922999998,3
holdout,117,seeds3,no_ground_truth,True,17.462476353,1
holdout,117,seeds10,no_ground_truth,True,42.557444118,1
holdout,118,seeds3,no_ground_truth,True,1.2864299249999998,3
holdout,118,seeds10,no_ground_truth,True,1.7886688409999998,3
holdout,119,seeds3,no_ground_truth,True,11.433928216,3
holdout,119,seeds10,no_ground_truth,True,22.949495745,3
holdout,120,seeds3,no_ground_truth,True,1.9100277849999996,3
holdout,120,seeds10,no_ground_truth,True,2.919852742,3
holdout,121,seeds3,no_ground_truth,True,45.84930428900001,6
holdout,121,seeds10,no_ground_truth,True,134.78271034000002,6
holdout,122,seeds3,no_ground_truth,True,2.7624139889999997,3
holdout,122,seeds10,no_ground_truth,True,4.335449907,3
holdout,123,seeds3,no_ground_truth,True,4.8398694849999995,25
holdout,123,seeds10,no_ground_truth,True,11.993260569,19
holdout,124,seeds3,no_ground_truth,True,11.622614637999998,3
holdout,124,seeds10,no_ground_truth,True,22.618595071,3
holdout,125,seeds3,no_ground_truth,True,2.758167108,4
holdout,125,seeds10,no_ground_truth,True,4.471329859,4
holdout,126,seeds3,no_ground_truth,True,2.3926952119999996,3
holdout,126,seeds10,no_ground_truth,True,4.101421943,3
holdout,127,seeds3,no_ground_truth,True,1.593250244,4
holdout,127,seeds10,no_ground_truth,True,2.1871240629999997,4
holdout,128,seeds3,no_ground_truth,True,1.558233474,5
holdout,128,seeds10,no_ground_truth,True,2.452152042,5
holdout,129,seeds3,no_ground_truth,True,12.926469557999999,8
holdout,129,seeds10,no_ground_truth,True,30.834527506999997,8
holdout,130,seeds3,no_ground_truth,True,2.443964148,4
holdout,130,seeds10,no_ground_truth,True,5.371438132999999,4
holdout,131,seeds3,no_ground_truth,True,5.045876713,2
holdout,131,seeds10,no_ground_truth,True,10.484289017,2
holdout,132,seeds3,no_ground_truth,True,4.357314219,4
holdout,132,seeds10,no_ground_truth,True,8.491546386,4
holdout,133,seeds3,no_ground_truth,True,8.787958682,2
holdout,133,seeds10,no_ground_truth,True,18.834844544000003,2
holdout,134,seeds3,no_ground_truth,True,16.85177732,6
holdout,134,seeds10,no_ground_truth,True,41.124204803,6
holdout,135,seeds3,no_ground_truth,True,8.893568076000001,5
holdout,135,seeds10,no_ground_truth,True,24.958292587000003,5
holdout,136,seeds3,no_ground_truth,True,7.121107475999999,5
holdout,136,seeds10,no_ground_truth,True,19.760287192,5
holdout,137,seeds3,no_ground_truth,True,7.147753590999999,4
holdout,137,seeds10,no_ground_truth,True,17.562986247000005,4
holdout,138,seeds3,no_ground_truth,True,7.622893162,4
holdout,138,seeds10,no_ground_truth,True,16.76162549,4
holdout,139,seeds3,no_ground_truth,True,2.107780645,2
holdout,139,seeds10,no_ground_truth,True,3.2393606640000003,2
