index,one_sided,recovery,top1,evaluation,seconds
0,False,recovered,False,/project/yunhengzou/coordinate_alignment/aam_benchmarks/golden_policy_full_20260907/0/evaluation.json,20.987693786155432
1,False,recovered,False,/project/yunhengzou/coordinate_alignment/aam_benchmarks/golden_policy_full_20260907/1/evaluation.json,1.0706935678608716
2,False,recovered,True,/project/yunhengzou/coordinate_alignment/aam_benchmarks/golden_policy_full_20260907/2/evaluation.json,0.4522888471838087
3,False,recovered,True,/project/yunhengzou/coordinate_alignment/aam_benchmarks/golden_policy_full_20260907/3/evaluation.json,0.12036391603760421
4,False,recovered,True,/project/yunhengzou/coordinate_alignment/aam_benchmarks/golden_policy_full_20260907/4/evaluation.json,0.9152237160596997
5,False,recovered,False,/project/yunhengzou/coordinate_alignment/aam_benchmarks/golden_policy_full_20260907/5/evaluation.json,0.19041572394780815
6,False,recovered,True,/project/yunhengzou/coordinate_alignment/aam_benchmarks/golden_policy_full_20260907/6/evaluation.json,0.03952545206993818
7,True,not_recovered,False,/project/yunhengzou/coordinate_alignment/aam_benchmarks/golden_all_records_20260907/7/evaluation.json,5.6632438991218805
8,False,recovered,False,/project/yunhengzou/coordinate_alignment/aam_benchmarks/golden_policy_full_20260907/8/evaluation.json,0.27560051600448787
9,False,recovered,False,/project/yunhengzou/coordinate_alignment/aam_benchmarks/golden_policy_full_20260907/9/evaluation.json,0.23874671012163162
10,False,recovered,False,/project/yunhengzou/coordinate_alignment/aam_benchmarks/golden_policy_full_20260907/10/evaluation.json,0.8683228432200849
11,False,recovered,False,/project/yunhengzou/coordinate_alignment/aam_benchmarks/golden_policy_full_20260907/11/evaluation.json,0.7403258900158107
12,False,recovered,False,/project/yunhengzou/coordinate_alignment/aam_benchmarks/golden_policy_full_20260907/12/evaluation.json,1.1834608118515462
13,False,recovered,True,/project/yunhengzou/coordinate_alignment/aam_benchmarks/golden_policy_full_20260907/13/evaluation.json,0.17367969546467066
14,False,recovered,False,/project/yunhengzou/coordinate_alignment/aam_benchmarks/golden_policy_full_20260907/14/evaluation.json,0.1731966808438301
15,False,recovered,True,/project/yunhengzou/coordinate_alignment/aam_benchmarks/golden_policy_full_20260907/15/evaluation.json,0.13020229595713317
16,False,recovered,False,/project/yunhengzou/coordinate_alignment/aam_benchmarks/golden_policy_full_20260907/16/evaluation.json,3.567136187106371
17,False,recovered,False,/project/yunhengzou/coordinate_alignment/aam_benchmarks/golden_policy_full_20260907/17/evaluation.json,9.567703504115343
18,False,recovered,True,/project/yunhengzou/coordinate_alignment/aam_benchmarks/golden_policy_full_20260907/18/evaluation.json,0.07991363480687141
19,False,not_recovered,False,/project/yunhengzou/coordinate_alignment/aam_benchmarks/golden_domain_rescore_v2_20260907/19/evaluation.json,44.88264752714895
20,False,recovered,False,/project/yunhengzou/coordinate_alignment/aam_benchmarks/golden_policy_full_20260907/20/evaluation.json,1.076027481816709
21,False,recovered,False,/project/yunhengzou/coordinate_alignment/aam_benchmarks/golden_policy_full_20260907/21/evaluation.json,0.7912554610520601
22,False,recovered,False,/project/yunhengzou/coordinate_alignment/aam_benchmarks/golden_policy_full_20260907/22/evaluation.json,0.5499026393517852
23,False,recovered,True,/project/yunhengzou/coordinate_alignment/aam_benchmarks/golden_policy_full_20260907/23/evaluation.json,0.18413302209228277
24,False,recovered,True,/project/yunhengzou/coordinate_alignment/aam_benchmarks/golden_policy_full_20260907/24/evaluation.json,0.4220434846356511
25,False,recovered,True,/project/yunhengzou/coordinate_alignment/aam_benchmarks/golden_policy_full_20260907/25/evaluation.json,1.5665363329462707
26,False,recovered,False,/project/yunhengzou/coordinate_alignment/aam_benchmarks/golden_policy_full_20260907/26/evaluation.json,0.5503950282000005
27,False,recovered,False,/project/yunhengzou/coordinate_alignment/aam_benchmarks/golden_policy_full_20260907/27/evaluation.json,1.3757920558564365
28,False,recovered,False,/project/yunhengzou/coordinate_alignment/aam_benchmarks/golden_policy_full_20260907/28/evaluation.json,0.23417105991393328
29,False,recovered,True,/project/yunhengzou/coordinate_alignment/aam_benchmarks/golden_policy_full_20260907/29/evaluation.json,4.1710123722441494
30,False,recovered,False,/project/yunhengzou/coordinate_alignment/aam_benchmarks/golden_policy_full_20260907/30/evaluation.json,1.3012232538312674
31,False,recovered,True,/project/yunhengzou/coordinate_alignment/aam_benchmarks/golden_policy_full_20260907/31/evaluation.json,0.22499346872791648
32,False,recovered,True,/project/yunhengzou/coordinate_alignment/aam_benchmarks/golden_policy_full_20260907/32/evaluation.json,1.5607112138532102
33,False,recovered,False,/project/yunhengzou/coordinate_alignment/aam_benchmarks/golden_policy_full_20260907/33/evaluation.json,3.645701630972326
34,False,recovered,True,/project/yunhengzou/coordinate_alignment/aam_benchmarks/golden_policy_full_20260907/34/evaluation.json,0.9827530290931463
35,False,recovered,False,/project/yunhengzou/coordinate_alignment/aam_benchmarks/golden_policy_full_20260907/35/evaluation.json,0.7601609779521823
36,False,recovered,False,/project/yunhengzou/coordinate_alignment/aam_benchmarks/golden_policy_full_20260907/36/evaluation.json,2.2816863488405943
37,False,recovered,True,/project/yunhengzou/coordinate_alignment/aam_benchmarks/golden_policy_full_20260907/37/evaluation.json,0.7548514329828322
38,False,recovered,True,/project/yunhengzou/coordinate_alignment/aam_benchmarks/golden_policy_full_20260907/38/evaluation.json,0.15035880776122212
39,False,recovered,False,/project/yunhengzou/coordinate_alignment/aam_benchmarks/golden_policy_full_20260907/39/evaluation.json,4.8199055078439415
40,False,recovered,True,/project/yunhengzou/coordinate_alignment/aam_benchmarks/golden_policy_full_20260907/40/evaluation.json,0.6942950147204101
41,False,recovered,True,/project/yunhengzou/coordinate_alignment/aam_benchmarks/golden_policy_full_20260907/41/evaluation.json,0.9808898791670799
42,False,recovered,True,/project/yunhengzou/coordinate_alignment/aam_benchmarks/golden_policy_full_20260907/42/evaluation.json,0.533103110268712
43,False,recovered,False,/project/yunhengzou/coordinate_alignment/aam_benchmarks/golden_policy_full_20260907/43/evaluation.json,0.11414152197539806
44,False,recovered,False,/project/yunhengzou/coordinate_alignment/aam_benchmarks/golden_domain_rescore_v2_20260907/44/evaluation.json,23.352130164159462
45,False,recovered,False,/project/yunhengzou/coordinate_alignment/aam_benchmarks/golden_policy_full_20260907/45/evaluation.json,0.8879403409082443
46,False,recovered,True,/project/yunhengzou/coordinate_alignment/aam_benchmarks/golden_policy_full_20260907/46/evaluation.json,0.5622468232177198
47,False,recovered,True,/project/yunhengzou/coordinate_alignment/aam_benchmarks/golden_policy_full_20260907/47/evaluation.json,0.021099180914461613
48,False,recovered,False,/project/yunhengzou/coordinate_alignment/aam_benchmarks/golden_policy_full_20260907/48/evaluation.json,7.274311752058566
49,False,recovered,False,/project/yunhengzou/coordinate_alignment/aam_benchmarks/golden_policy_full_20260907/49/evaluation.json,0.15181232383474708
50,False,recovered,False,/project/yunhengzou/coordinate_alignment/aam_benchmarks/golden_policy_full_20260907/50/evaluation.json,0.05144310416653752
51,False,recovered,False,/project/yunhengzou/coordinate_alignment/aam_benchmarks/golden_policy_full_20260907/51/evaluation.json,0.12862481689080596
52,False,recovered,True,/project/yunhengzou/coordinate_alignment/aam_benchmarks/golden_policy_full_20260907/52/evaluation.json,0.1374137131497264
53,False,recovered,True,/project/yunhengzou/coordinate_alignment/aam_benchmarks/golden_policy_full_20260907/53/evaluation.json,0.34489936009049416
54,False,recovered,True,/project/yunhengzou/coordinate_alignment/aam_benchmarks/golden_policy_full_20260907/54/evaluation.json,0.17043271847069263
55,False,recovered,True,/project/yunhengzou/coordinate_alignment/aam_benchmarks/golden_policy_full_20260907/55/evaluation.json,0.32716786675155163
56,False,recovered,True,/project/yunhengzou/coordinate_alignment/aam_benchmarks/golden_policy_full_20260907/56/evaluation.json,2.197305222041905
57,False,recovered,True,/project/yunhengzou/coordinate_alignment/aam_benchmarks/golden_policy_full_20260907/57/evaluation.json,0.03424518555402756
58,False,recovered,True,/project/yunhengzou/coordinate_alignment/aam_benchmarks/golden_policy_full_20260907/58/evaluation.json,0.12468662671744823
59,False,recovered,True,/project/yunhengzou/coordinate_alignment/aam_benchmarks/golden_policy_full_20260907/59/evaluation.json,0.10988586489111185
60,False,recovered,True,/project/yunhengzou/coordinate_alignment/aam_benchmarks/golden_policy_full_20260907/60/evaluation.json,0.04442618694156408
61,False,recovered,True,/project/yunhengzou/coordinate_alignment/aam_benchmarks/golden_policy_full_20260907/61/evaluation.json,1.555073905736208
62,False,recovered,True,/project/yunhengzou/coordinate_alignment/aam_benchmarks/golden_policy_full_20260907/62/evaluation.json,0.16057694982737303
63,False,recovered,True,/project/yunhengzou/coordinate_alignment/aam_benchmarks/golden_policy_full_20260907/63/evaluation.json,0.06972232181578875
64,False,recovered,True,/project/yunhengzou/coordinate_alignment/aam_benchmarks/golden_policy_full_20260907/64/evaluation.json,0.09934255992993712
65,False,recovered,True,/project/yunhengzou/coordinate_alignment/aam_benchmarks/golden_policy_full_20260907/65/evaluation.json,0.14968518214300275
66,False,recovered,False,/project/yunhengzou/coordinate_alignment/aam_benchmarks/golden_policy_full_20260907/66/evaluation.json,15.360292771831155
67,False,recovered,True,/project/yunhengzou/coordinate_alignment/aam_benchmarks/golden_policy_full_20260907/67/evaluation.json,0.26705089514143765
68,False,recovered,True,/project/yunhengzou/coordinate_alignment/aam_benchmarks/golden_policy_full_20260907/68/evaluation.json,1.0745326459873468
69,False,recovered,False,/project/yunhengzou/coordinate_alignment/aam_benchmarks/golden_policy_full_20260907/69/evaluation.json,1.1464165709912777
70,False,recovered,True,/project/yunhengzou/coordinate_alignment/aam_benchmarks/golden_policy_full_20260907/70/evaluation.json,0.0950079089961946
71,False,recovered,True,/project/yunhengzou/coordinate_alignment/aam_benchmarks/golden_policy_full_20260907/71/evaluation.json,0.9793922770768404
72,False,recovered,True,/project/yunhengzou/coordinate_alignment/aam_benchmarks/golden_policy_full_20260907/72/evaluation.json,0.1663416789378971
73,False,recovered,True,/project/yunhengzou/coordinate_alignment/aam_benchmarks/golden_policy_full_20260907/73/evaluation.json,0.04997153487056494
74,False,recovered,True,/project/yunhengzou/coordinate_alignment/aam_benchmarks/golden_policy_full_20260907/74/evaluation.json,0.6512890129815787
75,False,recovered,True,/project/yunhengzou/coordinate_alignment/aam_benchmarks/golden_policy_full_20260907/75/evaluation.json,0.04161758301779628
76,False,recovered,True,/project/yunhengzou/coordinate_alignment/aam_benchmarks/golden_policy_full_20260907/76/evaluation.json,0.14933959301561117
77,False,recovered,True,/project/yunhengzou/coordinate_alignment/aam_benchmarks/golden_policy_full_20260907/77/evaluation.json,0.5994697529822588
78,False,recovered,True,/project/yunhengzou/coordinate_alignment/aam_benchmarks/golden_policy_full_20260907/78/evaluation.json,0.27379821334034204
79,False,recovered,True,/project/yunhengzou/coordinate_alignment/aam_benchmarks/golden_policy_full_20260907/79/evaluation.json,0.6240118760615587
80,False,recovered,True,/project/yunhengzou/coordinate_alignment/aam_benchmarks/golden_policy_full_20260907/80/evaluation.json,0.6483989721164107
81,False,recovered,True,/project/yunhengzou/coordinate_alignment/aam_benchmarks/golden_policy_full_20260907/81/evaluation.json,0.22123295906931162
82,False,recovered,True,/project/yunhengzou/coordinate_alignment/aam_benchmarks/golden_policy_full_20260907/82/evaluation.json,0.03504612576216459
83,False,recovered,False,/project/yunhengzou/coordinate_alignment/aam_benchmarks/golden_policy_full_20260907/83/evaluation.json,0.1825182605534792
84,False,recovered,True,/project/yunhengzou/coordinate_alignment/aam_benchmarks/golden_policy_full_20260907/84/evaluation.json,0.6096821688115597
85,False,recovered,True,/project/yunhengzou/coordinate_alignment/aam_benchmarks/golden_policy_full_20260907/85/evaluation.json,0.49038670025765896
86,False,recovered,True,/project/yunhengzou/coordinate_alignment/aam_benchmarks/golden_policy_full_20260907/86/evaluation.json,0.3279637433588505
87,False,recovered,True,/project/yunhengzou/coordinate_alignment/aam_benchmarks/golden_policy_full_20260907/87/evaluation.json,0.19465829338878393
88,False,recovered,True,/project/yunhengzou/coordinate_alignment/aam_benchmarks/golden_policy_full_20260907/88/evaluation.json,0.1803899398073554
89,False,recovered,True,/project/yunhengzou/coordinate_alignment/aam_benchmarks/golden_policy_full_20260907/89/evaluation.json,0.15917731169611216
90,False,recovered,True,/project/yunhengzou/coordinate_alignment/aam_benchmarks/golden_policy_full_20260907/90/evaluation.json,1.1033780202269554
91,False,recovered,True,/project/yunhengzou/coordinate_alignment/aam_benchmarks/golden_policy_full_20260907/91/evaluation.json,0.6242656582035124
92,False,recovered,True,/project/yunhengzou/coordinate_alignment/aam_benchmarks/golden_policy_full_20260907/92/evaluation.json,0.278575133997947
93,False,recovered,True,/project/yunhengzou/coordinate_alignment/aam_benchmarks/golden_policy_full_20260907/93/evaluation.json,0.10489358101040125
94,False,recovered,True,/project/yunhengzou/coordinate_alignment/aam_benchmarks/golden_policy_full_20260907/94/evaluation.json,0.031010814011096954
95,False,recovered,True,/project/yunhengzou/coordinate_alignment/aam_benchmarks/golden_policy_full_20260907/95/evaluation.json,0.3181565492413938
96,False,recovered,True,/project/yunhengzou/coordinate_alignment/aam_benchmarks/golden_policy_full_20260907/96/evaluation.json,0.08009532280266285
97,False,recovered,True,/project/yunhengzou/coordinate_alignment/aam_benchmarks/golden_policy_full_20260907/97/evaluation.json,0.2549455752596259
98,False,recovered,True,/project/yunhengzou/coordinate_alignment/aam_benchmarks/golden_policy_full_20260907/98/evaluation.json,0.06757323862984776
99,False,recovered,True,/project/yunhengzou/coordinate_alignment/aam_benchmarks/golden_policy_full_20260907/99/evaluation.json,0.16558588901534677
100,False,recovered,True,/project/yunhengzou/coordinate_alignment/aam_benchmarks/golden_policy_full_20260907/100/evaluation.json,0.17853271681815386
101,False,recovered,True,/project/yunhengzou/coordinate_alignment/aam_benchmarks/golden_policy_full_20260907/101/evaluation.json,0.08033033646643162
102,False,recovered,True,/project/yunhengzou/coordinate_alignment/aam_benchmarks/golden_policy_full_20260907/102/evaluation.json,0.6069988831877708
103,False,recovered,True,/project/yunhengzou/coordinate_alignment/aam_benchmarks/golden_policy_full_20260907/103/evaluation.json,0.34197566844522953
104,False,recovered,True,/project/yunhengzou/coordinate_alignment/aam_benchmarks/golden_policy_full_20260907/104/evaluation.json,0.5209266031160951
105,False,recovered,True,/project/yunhengzou/coordinate_alignment/aam_benchmarks/golden_policy_full_20260907/105/evaluation.json,0.1232469966635108
106,False,recovered,True,/project/yunhengzou/coordinate_alignment/aam_benchmarks/golden_policy_full_20260907/106/evaluation.json,0.83805819042027
107,False,recovered,True,/project/yunhengzou/coordinate_alignment/aam_benchmarks/golden_policy_full_20260907/107/evaluation.json,0.8806461011990905
108,False,recovered,True,/project/yunhengzou/coordinate_alignment/aam_benchmarks/golden_policy_full_20260907/108/evaluation.json,1.0729108788073063
109,False,recovered,True,/project/yunhengzou/coordinate_alignment/aam_benchmarks/golden_policy_full_20260907/109/evaluation.json,0.2867587925866246
110,False,recovered,True,/project/yunhengzou/coordinate_alignment/aam_benchmarks/golden_policy_full_20260907/110/evaluation.json,1.6183830983936787
111,False,recovered,True,/project/yunhengzou/coordinate_alignment/aam_benchmarks/golden_policy_full_20260907/111/evaluation.json,1.1442540250718594
112,False,recovered,True,/project/yunhengzou/coordinate_alignment/aam_benchmarks/golden_policy_full_20260907/112/evaluation.json,0.22272121300920844
113,False,recovered,True,/project/yunhengzou/coordinate_alignment/aam_benchmarks/golden_policy_full_20260907/113/evaluation.json,0.6442366989795119
114,False,recovered,True,/project/yunhengzou/coordinate_alignment/aam_benchmarks/golden_policy_full_20260907/114/evaluation.json,0.07773159700445831
115,False,recovered,True,/project/yunhengzou/coordinate_alignment/aam_benchmarks/golden_policy_full_20260907/115/evaluation.json,1.2191536440514028
116,False,recovered,True,/project/yunhengzou/coordinate_alignment/aam_benchmarks/golden_policy_full_20260907/116/evaluation.json,0.8649391550570726
117,False,recovered,True,/project/yunhengzou/coordinate_alignment/aam_benchmarks/golden_policy_full_20260907/117/evaluation.json,0.05101274303160608
118,False,recovered,True,/project/yunhengzou/coordinate_alignment/aam_benchmarks/golden_policy_full_20260907/118/evaluation.json,1.367664982099086
119,False,recovered,True,/project/yunhengzou/coordinate_alignment/aam_benchmarks/golden_policy_full_20260907/119/evaluation.json,0.3850015541538596
120,False,recovered,True,/project/yunhengzou/coordinate_alignment/aam_benchmarks/golden_policy_full_20260907/120/evaluation.json,0.48044173093512654
121,False,recovered,True,/project/yunhengzou/coordinate_alignment/aam_benchmarks/golden_policy_full_20260907/121/evaluation.json,1.5384361760225147
122,False,recovered,True,/project/yunhengzou/coordinate_alignment/aam_benchmarks/golden_policy_full_20260907/122/evaluation.json,0.1374000133946538
123,False,recovered,False,/project/yunhengzou/coordinate_alignment/aam_benchmarks/golden_policy_full_20260907/123/evaluation.json,1.2374117262661457
124,False,recovered,False,/project/yunhengzou/coordinate_alignment/aam_benchmarks/golden_policy_full_20260907/124/evaluation.json,66.17794937593862
125,False,recovered,True,/project/yunhengzou/coordinate_alignment/aam_benchmarks/golden_policy_full_20260907/125/evaluation.json,0.6999380001798272
126,False,recovered,True,/project/yunhengzou/coordinate_alignment/aam_benchmarks/golden_policy_full_20260907/126/evaluation.json,0.6924374189693481
127,False,recovered,True,/project/yunhengzou/coordinate_alignment/aam_benchmarks/golden_policy_full_20260907/127/evaluation.json,0.33305514324456453
128,False,recovered,True,/project/yunhengzou/coordinate_alignment/aam_benchmarks/golden_policy_full_20260907/128/evaluation.json,0.9438456799834967
129,False,recovered,True,/project/yunhengzou/coordinate_alignment/aam_benchmarks/golden_policy_full_20260907/129/evaluation.json,0.08094668481498957
130,False,recovered,True,/project/yunhengzou/coordinate_alignment/aam_benchmarks/golden_policy_full_20260907/130/evaluation.json,0.42517298460006714
131,False,recovered,True,/project/yunhengzou/coordinate_alignment/aam_benchmarks/golden_policy_full_20260907/131/evaluation.json,1.665620424086228
132,False,recovered,True,/project/yunhengzou/coordinate_alignment/aam_benchmarks/golden_policy_full_20260907/132/evaluation.json,0.5429197258781642
133,False,recovered,True,/project/yunhengzou/coordinate_alignment/aam_benchmarks/golden_policy_full_20260907/133/evaluation.json,0.0778044299222529
134,False,recovered,True,/project/yunhengzou/coordinate_alignment/aam_benchmarks/golden_policy_full_20260907/134/evaluation.json,0.2178180820774287
135,False,recovered,True,/project/yunhengzou/coordinate_alignment/aam_benchmarks/golden_policy_full_20260907/135/evaluation.json,1.2372957039624453
136,False,recovered,True,/project/yunhengzou/coordinate_alignment/aam_benchmarks/golden_policy_full_20260907/136/evaluation.json,0.06660386198200285
137,False,recovered,True,/project/yunhengzou/coordinate_alignment/aam_benchmarks/golden_policy_full_20260907/137/evaluation.json,0.2779552494175732
138,False,recovered,True,/project/yunhengzou/coordinate_alignment/aam_benchmarks/golden_policy_full_20260907/138/evaluation.json,0.35580608109012246
139,False,recovered,False,/project/yunhengzou/coordinate_alignment/aam_benchmarks/golden_policy_full_20260907/139/evaluation.json,0.11001876695081592
140,False,recovered,True,/project/yunhengzou/coordinate_alignment/aam_benchmarks/golden_policy_full_20260907/140/evaluation.json,0.16775656770914793
141,False,recovered,True,/project/yunhengzou/coordinate_alignment/aam_benchmarks/golden_policy_full_20260907/141/evaluation.json,0.29494108026847243
142,False,recovered,True,/project/yunhengzou/coordinate_alignment/aam_benchmarks/golden_policy_full_20260907/142/evaluation.json,0.12321878224611282
143,False,recovered,True,/project/yunhengzou/coordinate_alignment/aam_benchmarks/golden_policy_full_20260907/143/evaluation.json,1.3394224410876632
144,False,recovered,True,/project/yunhengzou/coordinate_alignment/aam_benchmarks/golden_policy_full_20260907/144/evaluation.json,0.03438038798049092
145,False,recovered,True,/project/yunhengzou/coordinate_alignment/aam_benchmarks/golden_policy_full_20260907/145/evaluation.json,0.11807426530867815
146,False,recovered,True,/project/yunhengzou/coordinate_alignment/aam_benchmarks/golden_policy_full_20260907/146/evaluation.json,4.65998372528702
147,False,recovered,True,/project/yunhengzou/coordinate_alignment/aam_benchmarks/golden_policy_full_20260907/147/evaluation.json,0.36283498629927635
148,False,recovered,True,/project/yunhengzou/coordinate_alignment/aam_benchmarks/golden_policy_full_20260907/148/evaluation.json,0.06051453296095133
149,False,recovered,True,/project/yunhengzou/coordinate_alignment/aam_benchmarks/golden_policy_full_20260907/149/evaluation.json,3.05392680503428
150,False,recovered,True,/project/yunhengzou/coordinate_alignment/aam_benchmarks/golden_policy_full_20260907/150/evaluation.json,2.2509155021980405
151,False,recovered,False,/project/yunhengzou/coordinate_alignment/aam_benchmarks/golden_policy_full_20260907/151/evaluation.json,2.7102730264887214
152,False,recovered,True,/project/yunhengzou/coordinate_alignment/aam_benchmarks/golden_policy_full_20260907/152/evaluation.json,5.280418341048062
153,False,recovered,False,/project/yunhengzou/coordinate_alignment/aam_benchmarks/golden_policy_full_20260907/153/evaluation.json,1.444458699785173
154,False,recovered,True,/project/yunhengzou/coordinate_alignment/aam_benchmarks/golden_policy_full_20260907/154/evaluation.json,1.5569016188383102
155,False,recovered,True,/project/yunhengzou/coordinate_alignment/aam_benchmarks/golden_policy_full_20260907/155/evaluation.json,0.23843073472380638
156,False,recovered,True,/project/yunhengzou/coordinate_alignment/aam_benchmarks/golden_policy_full_20260907/156/evaluation.json,3.0835991306230426
157,False,recovered,True,/project/yunhengzou/coordinate_alignment/aam_benchmarks/golden_policy_full_20260907/157/evaluation.json,1.6809277220163494
158,False,recovered,True,/project/yunhengzou/coordinate_alignment/aam_benchmarks/golden_policy_full_20260907/158/evaluation.json,0.1543405530974269
159,False,recovered,True,/project/yunhengzou/coordinate_alignment/aam_benchmarks/golden_policy_full_20260907/159/evaluation.json,0.1869489597156644
160,False,recovered,True,/project/yunhengzou/coordinate_alignment/aam_benchmarks/golden_policy_full_20260907/160/evaluation.json,0.32602464873343706
161,False,recovered,True,/project/yunhengzou/coordinate_alignment/aam_benchmarks/golden_policy_full_20260907/161/evaluation.json,0.6972901578992605
162,False,recovered,False,/project/yunhengzou/coordinate_alignment/aam_benchmarks/golden_policy_full_20260907/162/evaluation.json,0.5019164774566889
163,False,recovered,True,/project/yunhengzou/coordinate_alignment/aam_benchmarks/golden_policy_full_20260907/163/evaluation.json,0.2628393869381398
164,False,recovered,True,/project/yunhengzou/coordinate_alignment/aam_benchmarks/golden_policy_full_20260907/164/evaluation.json,4.01978602190502
165,False,recovered,True,/project/yunhengzou/coordinate_alignment/aam_benchmarks/golden_policy_full_20260907/165/evaluation.json,0.04231620579957962
166,False,recovered,True,/project/yunhengzou/coordinate_alignment/aam_benchmarks/golden_policy_full_20260907/166/evaluation.json,0.16335943900048733
167,False,recovered,False,/project/yunhengzou/coordinate_alignment/aam_benchmarks/golden_policy_full_20260907/167/evaluation.json,6.1961791520006955
168,False,recovered,True,/project/yunhengzou/coordinate_alignment/aam_benchmarks/golden_policy_full_20260907/168/evaluation.json,0.565376213286072
169,False,recovered,False,/project/yunhengzou/coordinate_alignment/aam_benchmarks/golden_policy_full_20260907/169/evaluation.json,1.787405543960631
170,False,recovered,True,/project/yunhengzou/coordinate_alignment/aam_benchmarks/golden_policy_full_20260907/170/evaluation.json,0.13857971131801605
171,False,recovered,True,/project/yunhengzou/coordinate_alignment/aam_benchmarks/golden_policy_full_20260907/171/evaluation.json,3.0688886269927025
172,False,recovered,True,/project/yunhengzou/coordinate_alignment/aam_benchmarks/golden_policy_full_20260907/172/evaluation.json,0.1687748972326517
173,False,recovered,True,/project/yunhengzou/coordinate_alignment/aam_benchmarks/golden_policy_full_20260907/173/evaluation.json,0.5035724760964513
174,False,recovered,True,/project/yunhengzou/coordinate_alignment/aam_benchmarks/golden_policy_full_20260907/174/evaluation.json,0.3477971572428942
175,False,recovered,True,/project/yunhengzou/coordinate_alignment/aam_benchmarks/golden_policy_full_20260907/175/evaluation.json,1.0884441412054002
176,False,recovered,True,/project/yunhengzou/coordinate_alignment/aam_benchmarks/golden_policy_full_20260907/176/evaluation.json,0.6578093660064042
177,False,recovered,True,/project/yunhengzou/coordinate_alignment/aam_benchmarks/golden_policy_full_20260907/177/evaluation.json,2.838877212954685
178,False,recovered,True,/project/yunhengzou/coordinate_alignment/aam_benchmarks/golden_policy_full_20260907/178/evaluation.json,1.4379946149419993
179,False,recovered,True,/project/yunhengzou/coordinate_alignment/aam_benchmarks/golden_policy_full_20260907/179/evaluation.json,0.18210640083998442
180,False,recovered,True,/project/yunhengzou/coordinate_alignment/aam_benchmarks/golden_policy_full_20260907/180/evaluation.json,0.0562387122772634
181,False,recovered,True,/project/yunhengzou/coordinate_alignment/aam_benchmarks/golden_policy_full_20260907/181/evaluation.json,5.7886377279646695
182,False,recovered,True,/project/yunhengzou/coordinate_alignment/aam_benchmarks/golden_policy_full_20260907/182/evaluation.json,2.7769921869039536
183,False,recovered,True,/project/yunhengzou/coordinate_alignment/aam_benchmarks/golden_policy_full_20260907/183/evaluation.json,0.1384208300150931
184,False,recovered,False,/project/yunhengzou/coordinate_alignment/aam_benchmarks/golden_policy_full_20260907/184/evaluation.json,0.7480916520580649
185,False,recovered,True,/project/yunhengzou/coordinate_alignment/aam_benchmarks/golden_policy_full_20260907/185/evaluation.json,0.0933176891412586
186,False,recovered,True,/project/yunhengzou/coordinate_alignment/aam_benchmarks/golden_policy_full_20260907/186/evaluation.json,5.870259000919759
187,False,recovered,True,/project/yunhengzou/coordinate_alignment/aam_benchmarks/golden_policy_full_20260907/187/evaluation.json,1.1697491817176342
188,False,recovered,True,/project/yunhengzou/coordinate_alignment/aam_benchmarks/golden_policy_full_20260907/188/evaluation.json,0.03957781940698624
189,False,recovered,True,/project/yunhengzou/coordinate_alignment/aam_benchmarks/golden_policy_full_20260907/189/evaluation.json,0.0448636319488287
190,False,recovered,True,/project/yunhengzou/coordinate_alignment/aam_benchmarks/golden_policy_full_20260907/190/evaluation.json,0.04131828807294369
191,False,recovered,True,/project/yunhengzou/coordinate_alignment/aam_benchmarks/golden_policy_full_20260907/191/evaluation.json,0.06935169734060764
192,False,recovered,True,/project/yunhengzou/coordinate_alignment/aam_benchmarks/golden_policy_full_20260907/192/evaluation.json,0.11088164988905191
193,False,recovered,True,/project/yunhengzou/coordinate_alignment/aam_benchmarks/golden_policy_full_20260907/193/evaluation.json,0.08331839786842465
194,False,recovered,False,/project/yunhengzou/coordinate_alignment/aam_benchmarks/golden_policy_full_20260907/194/evaluation.json,15.381004620809108
195,False,recovered,True,/project/yunhengzou/coordinate_alignment/aam_benchmarks/golden_policy_full_20260907/195/evaluation.json,0.2445538081228733
196,False,recovered,True,/project/yunhengzou/coordinate_alignment/aam_benchmarks/golden_policy_full_20260907/196/evaluation.json,1.631260905880481
197,False,recovered,False,/project/yunhengzou/coordinate_alignment/aam_benchmarks/golden_policy_full_20260907/197/evaluation.json,0.15982980700209737
198,False,recovered,True,/project/yunhengzou/coordinate_alignment/aam_benchmarks/golden_policy_full_20260907/198/evaluation.json,2.0463845976628363
199,False,recovered,True,/project/yunhengzou/coordinate_alignment/aam_benchmarks/golden_policy_full_20260907/199/evaluation.json,1.6923455968499184
200,False,recovered,True,/project/yunhengzou/coordinate_alignment/aam_benchmarks/golden_policy_full_20260907/200/evaluation.json,0.28688697097823024
201,False,recovered,True,/project/yunhengzou/coordinate_alignment/aam_benchmarks/golden_policy_full_20260907/201/evaluation.json,3.084736139047891
202,False,recovered,False,/project/yunhengzou/coordinate_alignment/aam_benchmarks/golden_policy_full_20260907/202/evaluation.json,2.9212339371442795
203,False,recovered,True,/project/yunhengzou/coordinate_alignment/aam_benchmarks/golden_policy_full_20260907/203/evaluation.json,0.032259032130241394
204,False,recovered,True,/project/yunhengzou/coordinate_alignment/aam_benchmarks/golden_policy_full_20260907/204/evaluation.json,0.4639642033725977
205,False,recovered,True,/project/yunhengzou/coordinate_alignment/aam_benchmarks/golden_policy_full_20260907/205/evaluation.json,0.6898816274479032
206,False,recovered,True,/project/yunhengzou/coordinate_alignment/aam_benchmarks/golden_policy_full_20260907/206/evaluation.json,0.03765203058719635
207,False,recovered,True,/project/yunhengzou/coordinate_alignment/aam_benchmarks/golden_policy_full_20260907/207/evaluation.json,1.3583587519824505
208,False,recovered,True,/project/yunhengzou/coordinate_alignment/aam_benchmarks/golden_policy_full_20260907/208/evaluation.json,0.18513195402920246
209,False,recovered,True,/project/yunhengzou/coordinate_alignment/aam_benchmarks/golden_policy_full_20260907/209/evaluation.json,1.571017277892679
210,False,recovered,True,/project/yunhengzou/coordinate_alignment/aam_benchmarks/golden_policy_full_20260907/210/evaluation.json,0.36278027296066284
211,False,recovered,True,/project/yunhengzou/coordinate_alignment/aam_benchmarks/golden_policy_full_20260907/211/evaluation.json,0.023128440836444497
212,False,recovered,True,/project/yunhengzou/coordinate_alignment/aam_benchmarks/golden_policy_full_20260907/212/evaluation.json,0.15300835599191487
213,False,recovered,True,/project/yunhengzou/coordinate_alignment/aam_benchmarks/golden_policy_full_20260907/213/evaluation.json,2.4148656874895096
214,False,recovered,True,/project/yunhengzou/coordinate_alignment/aam_benchmarks/golden_policy_full_20260907/214/evaluation.json,1.4932129913941026
215,False,recovered,True,/project/yunhengzou/coordinate_alignment/aam_benchmarks/golden_policy_full_20260907/215/evaluation.json,1.0880560586228967
216,False,recovered,True,/project/yunhengzou/coordinate_alignment/aam_benchmarks/golden_policy_full_20260907/216/evaluation.json,1.260834390297532
217,False,recovered,True,/project/yunhengzou/coordinate_alignment/aam_benchmarks/golden_policy_full_20260907/217/evaluation.json,0.25587530340999365
218,False,recovered,True,/project/yunhengzou/coordinate_alignment/aam_benchmarks/golden_policy_full_20260907/218/evaluation.json,0.054625400342047215
219,False,recovered,True,/project/yunhengzou/coordinate_alignment/aam_benchmarks/golden_policy_full_20260907/219/evaluation.json,0.9784060581587255
220,False,recovered,True,/project/yunhengzou/coordinate_alignment/aam_benchmarks/golden_policy_full_20260907/220/evaluation.json,0.26691615395247936
221,False,recovered,True,/project/yunhengzou/coordinate_alignment/aam_benchmarks/golden_policy_full_20260907/221/evaluation.json,0.24416372878476977
222,False,recovered,True,/project/yunhengzou/coordinate_alignment/aam_benchmarks/golden_policy_full_20260907/222/evaluation.json,0.05659099109470844
223,False,recovered,True,/project/yunhengzou/coordinate_alignment/aam_benchmarks/golden_policy_full_20260907/223/evaluation.json,0.4259517570026219
224,False,recovered,True,/project/yunhengzou/coordinate_alignment/aam_benchmarks/golden_policy_full_20260907/224/evaluation.json,0.09806656977161765
225,False,recovered,True,/project/yunhengzou/coordinate_alignment/aam_benchmarks/golden_policy_full_20260907/225/evaluation.json,0.01659339014440775
226,False,recovered,True,/project/yunhengzou/coordinate_alignment/aam_benchmarks/golden_policy_full_20260907/226/evaluation.json,0.024083453230559826
227,False,recovered,True,/project/yunhengzou/coordinate_alignment/aam_benchmarks/golden_policy_full_20260907/227/evaluation.json,0.03487196424975991
228,False,recovered,True,/project/yunhengzou/coordinate_alignment/aam_benchmarks/golden_policy_full_20260907/228/evaluation.json,0.31581933703273535
229,False,recovered,True,/project/yunhengzou/coordinate_alignment/aam_benchmarks/golden_policy_full_20260907/229/evaluation.json,1.375760167837143
230,False,recovered,True,/project/yunhengzou/coordinate_alignment/aam_benchmarks/golden_policy_full_20260907/230/evaluation.json,1.3922502370551229
231,False,recovered,True,/project/yunhengzou/coordinate_alignment/aam_benchmarks/golden_policy_full_20260907/231/evaluation.json,1.2577117700129747
232,False,recovered,True,/project/yunhengzou/coordinate_alignment/aam_benchmarks/golden_policy_full_20260907/232/evaluation.json,0.08486173488199711
233,False,recovered,True,/project/yunhengzou/coordinate_alignment/aam_benchmarks/golden_policy_full_20260907/233/evaluation.json,0.2982208449393511
234,False,recovered,True,/project/yunhengzou/coordinate_alignment/aam_benchmarks/golden_policy_full_20260907/234/evaluation.json,0.11716380622237921
235,False,recovered,True,/project/yunhengzou/coordinate_alignment/aam_benchmarks/golden_policy_full_20260907/235/evaluation.json,0.05620930716395378
236,False,recovered,False,/project/yunhengzou/coordinate_alignment/aam_benchmarks/golden_policy_full_20260907/236/evaluation.json,0.11963560245931149
237,False,recovered,True,/project/yunhengzou/coordinate_alignment/aam_benchmarks/golden_policy_full_20260907/237/evaluation.json,0.8838943103328347
238,False,recovered,True,/project/yunhengzou/coordinate_alignment/aam_benchmarks/golden_policy_full_20260907/238/evaluation.json,0.44909411016851664
239,False,recovered,True,/project/yunhengzou/coordinate_alignment/aam_benchmarks/golden_policy_full_20260907/239/evaluation.json,1.7093092147260904
240,False,recovered,True,/project/yunhengzou/coordinate_alignment/aam_benchmarks/golden_policy_full_20260907/240/evaluation.json,0.0700968224555254
241,False,recovered,True,/project/yunhengzou/coordinate_alignment/aam_benchmarks/golden_policy_full_20260907/241/evaluation.json,0.15415821969509125
242,False,recovered,True,/project/yunhengzou/coordinate_alignment/aam_benchmarks/golden_policy_full_20260907/242/evaluation.json,0.2502057505771518
243,False,recovered,True,/project/yunhengzou/coordinate_alignment/aam_benchmarks/golden_policy_full_20260907/243/evaluation.json,0.40957631822675467
244,False,recovered,True,/project/yunhengzou/coordinate_alignment/aam_benchmarks/golden_policy_full_20260907/244/evaluation.json,1.5489443559199572
245,False,recovered,True,/project/yunhengzou/coordinate_alignment/aam_benchmarks/golden_policy_full_20260907/245/evaluation.json,2.787144756875932
246,False,recovered,False,/project/yunhengzou/coordinate_alignment/aam_benchmarks/golden_policy_full_20260907/246/evaluation.json,0.5547812001314014
247,False,recovered,True,/project/yunhengzou/coordinate_alignment/aam_benchmarks/golden_policy_full_20260907/247/evaluation.json,0.46385257225483656
248,False,recovered,True,/project/yunhengzou/coordinate_alignment/aam_benchmarks/golden_policy_full_20260907/248/evaluation.json,0.9819936873391271
249,False,recovered,True,/project/yunhengzou/coordinate_alignment/aam_benchmarks/golden_policy_full_20260907/249/evaluation.json,0.11276832967996597
250,False,recovered,True,/project/yunhengzou/coordinate_alignment/aam_benchmarks/golden_policy_full_20260907/250/evaluation.json,0.03468835819512606
251,False,recovered,True,/project/yunhengzou/coordinate_alignment/aam_benchmarks/golden_policy_full_20260907/251/evaluation.json,0.48270336096175015
252,False,recovered,True,/project/yunhengzou/coordinate_alignment/aam_benchmarks/golden_policy_full_20260907/252/evaluation.json,0.10033129691146314
253,False,recovered,True,/project/yunhengzou/coordinate_alignment/aam_benchmarks/golden_policy_full_20260907/253/evaluation.json,2.4749981430359185
254,False,recovered,True,/project/yunhengzou/coordinate_alignment/aam_benchmarks/golden_policy_full_20260907/254/evaluation.json,0.04006346990354359
255,False,recovered,True,/project/yunhengzou/coordinate_alignment/aam_benchmarks/golden_policy_full_20260907/255/evaluation.json,0.6762767704203725
256,False,recovered,True,/project/yunhengzou/coordinate_alignment/aam_benchmarks/golden_policy_full_20260907/256/evaluation.json,0.35499410703778267
257,False,recovered,True,/project/yunhengzou/coordinate_alignment/aam_benchmarks/golden_policy_full_20260907/257/evaluation.json,2.3363545164465904
258,False,recovered,True,/project/yunhengzou/coordinate_alignment/aam_benchmarks/golden_policy_full_20260907/258/evaluation.json,0.1323864320293069
259,False,recovered,True,/project/yunhengzou/coordinate_alignment/aam_benchmarks/golden_policy_full_20260907/259/evaluation.json,0.07323074899613857
260,False,recovered,True,/project/yunhengzou/coordinate_alignment/aam_benchmarks/golden_policy_full_20260907/260/evaluation.json,0.494102886877954
261,False,recovered,True,/project/yunhengzou/coordinate_alignment/aam_benchmarks/golden_policy_full_20260907/261/evaluation.json,1.4873546250164509
262,False,recovered,True,/project/yunhengzou/coordinate_alignment/aam_benchmarks/golden_policy_full_20260907/262/evaluation.json,0.2247952779289335
263,False,recovered,True,/project/yunhengzou/coordinate_alignment/aam_benchmarks/golden_policy_full_20260907/263/evaluation.json,0.09781713713891804
264,False,recovered,False,/project/yunhengzou/coordinate_alignment/aam_benchmarks/golden_policy_full_20260907/264/evaluation.json,0.19987015589140356
265,False,recovered,True,/project/yunhengzou/coordinate_alignment/aam_benchmarks/golden_policy_full_20260907/265/evaluation.json,0.05027201399207115
266,False,recovered,True,/project/yunhengzou/coordinate_alignment/aam_benchmarks/golden_policy_full_20260907/266/evaluation.json,0.7357549834996462
267,False,recovered,True,/project/yunhengzou/coordinate_alignment/aam_benchmarks/golden_policy_full_20260907/267/evaluation.json,0.012879607267677784
268,False,recovered,False,/project/yunhengzou/coordinate_alignment/aam_benchmarks/golden_policy_full_20260907/268/evaluation.json,3.942274235188961
269,False,recovered,True,/project/yunhengzou/coordinate_alignment/aam_benchmarks/golden_policy_full_20260907/269/evaluation.json,0.21004752349108458
270,False,recovered,True,/project/yunhengzou/coordinate_alignment/aam_benchmarks/golden_policy_full_20260907/270/evaluation.json,0.5359315043315291
271,False,recovered,True,/project/yunhengzou/coordinate_alignment/aam_benchmarks/golden_policy_full_20260907/271/evaluation.json,0.009847680106759071
272,False,recovered,True,/project/yunhengzou/coordinate_alignment/aam_benchmarks/golden_policy_full_20260907/272/evaluation.json,0.32454632921144366
273,False,recovered,True,/project/yunhengzou/coordinate_alignment/aam_benchmarks/golden_policy_full_20260907/273/evaluation.json,1.1717200549319386
274,False,recovered,True,/project/yunhengzou/coordinate_alignment/aam_benchmarks/golden_policy_full_20260907/274/evaluation.json,0.15707679092884064
275,False,recovered,True,/project/yunhengzou/coordinate_alignment/aam_benchmarks/golden_policy_full_20260907/275/evaluation.json,0.16009555291384459
276,False,recovered,False,/project/yunhengzou/coordinate_alignment/aam_benchmarks/golden_policy_full_20260907/276/evaluation.json,0.929801416117698
277,False,recovered,True,/project/yunhengzou/coordinate_alignment/aam_benchmarks/golden_policy_full_20260907/277/evaluation.json,0.7721577417105436
278,False,recovered,True,/project/yunhengzou/coordinate_alignment/aam_benchmarks/golden_policy_full_20260907/278/evaluation.json,0.5264051798731089
279,False,recovered,True,/project/yunhengzou/coordinate_alignment/aam_benchmarks/golden_policy_full_20260907/279/evaluation.json,0.3411831231787801
280,False,recovered,True,/project/yunhengzou/coordinate_alignment/aam_benchmarks/golden_policy_full_20260907/280/evaluation.json,0.3668881421908736
281,False,recovered,True,/project/yunhengzou/coordinate_alignment/aam_benchmarks/golden_policy_full_20260907/281/evaluation.json,0.1100130071863532
282,False,recovered,True,/project/yunhengzou/coordinate_alignment/aam_benchmarks/golden_policy_full_20260907/282/evaluation.json,0.43409862392582
283,False,recovered,True,/project/yunhengzou/coordinate_alignment/aam_benchmarks/golden_policy_full_20260907/283/evaluation.json,0.13577923900447786
284,False,recovered,True,/project/yunhengzou/coordinate_alignment/aam_benchmarks/golden_policy_full_20260907/284/evaluation.json,0.5399920931085944
285,False,recovered,True,/project/yunhengzou/coordinate_alignment/aam_benchmarks/golden_policy_full_20260907/285/evaluation.json,3.1397479560691863
286,False,recovered,True,/project/yunhengzou/coordinate_alignment/aam_benchmarks/golden_policy_full_20260907/286/evaluation.json,1.345322331879288
287,False,recovered,True,/project/yunhengzou/coordinate_alignment/aam_benchmarks/golden_policy_full_20260907/287/evaluation.json,0.1599360730033368
288,False,recovered,True,/project/yunhengzou/coordinate_alignment/aam_benchmarks/golden_policy_full_20260907/288/evaluation.json,0.6531746829859912
289,False,recovered,True,/project/yunhengzou/coordinate_alignment/aam_benchmarks/golden_policy_full_20260907/289/evaluation.json,2.691888206638396
290,False,recovered,True,/project/yunhengzou/coordinate_alignment/aam_benchmarks/golden_policy_full_20260907/290/evaluation.json,0.4232264799065888
291,False,recovered,True,/project/yunhengzou/coordinate_alignment/aam_benchmarks/golden_policy_full_20260907/291/evaluation.json,0.039311551954597235
292,False,recovered,True,/project/yunhengzou/coordinate_alignment/aam_benchmarks/golden_policy_full_20260907/292/evaluation.json,0.0598166910931468
293,False,recovered,True,/project/yunhengzou/coordinate_alignment/aam_benchmarks/golden_policy_full_20260907/293/evaluation.json,0.24184450809843838
294,False,recovered,True,/project/yunhengzou/coordinate_alignment/aam_benchmarks/golden_policy_full_20260907/294/evaluation.json,0.08251430583186448
295,False,recovered,True,/project/yunhengzou/coordinate_alignment/aam_benchmarks/golden_policy_full_20260907/295/evaluation.json,4.678226699121296
296,False,recovered,True,/project/yunhengzou/coordinate_alignment/aam_benchmarks/golden_policy_full_20260907/296/evaluation.json,1.5574882731307298
297,False,recovered,False,/project/yunhengzou/coordinate_alignment/aam_benchmarks/golden_policy_full_20260907/297/evaluation.json,2.3237219005823135
298,False,recovered,True,/project/yunhengzou/coordinate_alignment/aam_benchmarks/golden_policy_full_20260907/298/evaluation.json,0.26417619991116226
299,False,recovered,True,/project/yunhengzou/coordinate_alignment/aam_benchmarks/golden_policy_full_20260907/299/evaluation.json,0.07094814255833626
300,False,recovered,True,/project/yunhengzou/coordinate_alignment/aam_benchmarks/golden_policy_full_20260907/300/evaluation.json,0.7007397646084428
301,False,recovered,True,/project/yunhengzou/coordinate_alignment/aam_benchmarks/golden_policy_full_20260907/301/evaluation.json,0.9352126996964216
302,False,recovered,True,/project/yunhengzou/coordinate_alignment/aam_benchmarks/golden_policy_full_20260907/302/evaluation.json,0.556815552059561
303,False,recovered,True,/project/yunhengzou/coordinate_alignment/aam_benchmarks/golden_policy_full_20260907/303/evaluation.json,0.03039833903312683
304,False,recovered,True,/project/yunhengzou/coordinate_alignment/aam_benchmarks/golden_policy_full_20260907/304/evaluation.json,0.10795999132096767
305,False,recovered,True,/project/yunhengzou/coordinate_alignment/aam_benchmarks/golden_policy_full_20260907/305/evaluation.json,0.9001610870473087
306,False,recovered,True,/project/yunhengzou/coordinate_alignment/aam_benchmarks/golden_policy_full_20260907/306/evaluation.json,0.1849307338707149
307,False,recovered,True,/project/yunhengzou/coordinate_alignment/aam_benchmarks/golden_policy_full_20260907/307/evaluation.json,1.7768224659375846
308,False,recovered,True,/project/yunhengzou/coordinate_alignment/aam_benchmarks/golden_policy_full_20260907/308/evaluation.json,0.8564696800895035
309,False,recovered,True,/project/yunhengzou/coordinate_alignment/aam_benchmarks/golden_policy_full_20260907/309/evaluation.json,4.152117523364723
310,False,recovered,True,/project/yunhengzou/coordinate_alignment/aam_benchmarks/golden_policy_full_20260907/310/evaluation.json,0.022251954302191734
311,False,recovered,True,/project/yunhengzou/coordinate_alignment/aam_benchmarks/golden_policy_full_20260907/311/evaluation.json,0.09706891793757677
312,False,recovered,True,/project/yunhengzou/coordinate_alignment/aam_benchmarks/golden_policy_full_20260907/312/evaluation.json,0.18958225520327687
313,False,recovered,True,/project/yunhengzou/coordinate_alignment/aam_benchmarks/golden_policy_full_20260907/313/evaluation.json,4.406661775428802
314,False,recovered,True,/project/yunhengzou/coordinate_alignment/aam_benchmarks/golden_policy_full_20260907/314/evaluation.json,0.2143071899190545
315,False,recovered,True,/project/yunhengzou/coordinate_alignment/aam_benchmarks/golden_policy_full_20260907/315/evaluation.json,0.226337525062263
316,False,recovered,True,/project/yunhengzou/coordinate_alignment/aam_benchmarks/golden_policy_full_20260907/316/evaluation.json,0.14255379419773817
317,False,recovered,True,/project/yunhengzou/coordinate_alignment/aam_benchmarks/golden_policy_full_20260907/317/evaluation.json,0.18967199604958296
318,False,recovered,True,/project/yunhengzou/coordinate_alignment/aam_benchmarks/golden_policy_full_20260907/318/evaluation.json,0.8895215936936438
319,False,recovered,True,/project/yunhengzou/coordinate_alignment/aam_benchmarks/golden_policy_full_20260907/319/evaluation.json,0.5456793857738376
320,False,recovered,True,/project/yunhengzou/coordinate_alignment/aam_benchmarks/golden_policy_full_20260907/320/evaluation.json,0.46339183021336794
321,False,recovered,False,/project/yunhengzou/coordinate_alignment/aam_benchmarks/golden_policy_full_20260907/321/evaluation.json,0.14886572770774364
322,False,recovered,True,/project/yunhengzou/coordinate_alignment/aam_benchmarks/golden_policy_full_20260907/322/evaluation.json,0.6257014498114586
323,False,recovered,True,/project/yunhengzou/coordinate_alignment/aam_benchmarks/golden_policy_full_20260907/323/evaluation.json,0.02356020826846361
324,False,recovered,True,/project/yunhengzou/coordinate_alignment/aam_benchmarks/golden_policy_full_20260907/324/evaluation.json,0.04983094707131386
325,False,recovered,True,/project/yunhengzou/coordinate_alignment/aam_benchmarks/golden_policy_full_20260907/325/evaluation.json,0.8608841933310032
326,False,recovered,True,/project/yunhengzou/coordinate_alignment/aam_benchmarks/golden_policy_full_20260907/326/evaluation.json,0.06910660210996866
327,False,recovered,True,/project/yunhengzou/coordinate_alignment/aam_benchmarks/golden_policy_full_20260907/327/evaluation.json,0.38990331441164017
328,False,recovered,True,/project/yunhengzou/coordinate_alignment/aam_benchmarks/golden_policy_full_20260907/328/evaluation.json,0.459207147359848
329,False,recovered,True,/project/yunhengzou/coordinate_alignment/aam_benchmarks/golden_policy_full_20260907/329/evaluation.json,0.49004070460796356
330,False,recovered,True,/project/yunhengzou/coordinate_alignment/aam_benchmarks/golden_policy_full_20260907/330/evaluation.json,0.113151416182518
331,False,recovered,True,/project/yunhengzou/coordinate_alignment/aam_benchmarks/golden_policy_full_20260907/331/evaluation.json,2.4081456349231303
332,False,recovered,True,/project/yunhengzou/coordinate_alignment/aam_benchmarks/golden_policy_full_20260907/332/evaluation.json,0.13813814707100391
333,False,recovered,True,/project/yunhengzou/coordinate_alignment/aam_benchmarks/golden_policy_full_20260907/333/evaluation.json,0.04673795006237924
334,False,recovered,True,/project/yunhengzou/coordinate_alignment/aam_benchmarks/golden_policy_full_20260907/334/evaluation.json,0.6311047140043229
335,False,recovered,True,/project/yunhengzou/coordinate_alignment/aam_benchmarks/golden_policy_full_20260907/335/evaluation.json,0.1652348330244422
336,False,recovered,True,/project/yunhengzou/coordinate_alignment/aam_benchmarks/golden_policy_full_20260907/336/evaluation.json,0.05489884805865586
337,False,recovered,True,/project/yunhengzou/coordinate_alignment/aam_benchmarks/golden_policy_full_20260907/337/evaluation.json,2.6973270198795944
338,False,recovered,True,/project/yunhengzou/coordinate_alignment/aam_benchmarks/golden_policy_full_20260907/338/evaluation.json,0.05275881756097078
339,False,recovered,True,/project/yunhengzou/coordinate_alignment/aam_benchmarks/golden_policy_full_20260907/339/evaluation.json,0.2293381355702877
340,False,recovered,True,/project/yunhengzou/coordinate_alignment/aam_benchmarks/golden_policy_full_20260907/340/evaluation.json,0.15817937720566988
341,False,recovered,True,/project/yunhengzou/coordinate_alignment/aam_benchmarks/golden_policy_full_20260907/341/evaluation.json,0.10967729892581701
342,False,recovered,True,/project/yunhengzou/coordinate_alignment/aam_benchmarks/golden_policy_full_20260907/342/evaluation.json,0.2019740529358387
343,False,recovered,True,/project/yunhengzou/coordinate_alignment/aam_benchmarks/golden_policy_full_20260907/343/evaluation.json,1.4858350781723857
344,False,recovered,True,/project/yunhengzou/coordinate_alignment/aam_benchmarks/golden_policy_full_20260907/344/evaluation.json,2.686569414101541
345,False,recovered,True,/project/yunhengzou/coordinate_alignment/aam_benchmarks/golden_policy_full_20260907/345/evaluation.json,0.15052941348403692
346,False,recovered,True,/project/yunhengzou/coordinate_alignment/aam_benchmarks/golden_policy_full_20260907/346/evaluation.json,0.4683519536629319
347,False,recovered,True,/project/yunhengzou/coordinate_alignment/aam_benchmarks/golden_policy_full_20260907/347/evaluation.json,0.08611506037414074
348,False,recovered,True,/project/yunhengzou/coordinate_alignment/aam_benchmarks/golden_policy_full_20260907/348/evaluation.json,0.04381685494445264
349,False,recovered,True,/project/yunhengzou/coordinate_alignment/aam_benchmarks/golden_policy_full_20260907/349/evaluation.json,0.17572686006315053
350,False,recovered,True,/project/yunhengzou/coordinate_alignment/aam_benchmarks/golden_policy_full_20260907/350/evaluation.json,0.05649230699054897
351,False,recovered,False,/project/yunhengzou/coordinate_alignment/aam_benchmarks/golden_policy_full_20260907/351/evaluation.json,0.19435136672109365
352,False,recovered,True,/project/yunhengzou/coordinate_alignment/aam_benchmarks/golden_policy_full_20260907/352/evaluation.json,2.5895249973982573
353,False,recovered,True,/project/yunhengzou/coordinate_alignment/aam_benchmarks/golden_policy_full_20260907/353/evaluation.json,0.11665862984955311
354,False,recovered,True,/project/yunhengzou/coordinate_alignment/aam_benchmarks/golden_policy_full_20260907/354/evaluation.json,1.2621592357754707
355,False,recovered,True,/project/yunhengzou/coordinate_alignment/aam_benchmarks/golden_policy_full_20260907/355/evaluation.json,0.2697432190179825
356,False,recovered,True,/project/yunhengzou/coordinate_alignment/aam_benchmarks/golden_policy_full_20260907/356/evaluation.json,0.014657867141067982
357,False,recovered,False,/project/yunhengzou/coordinate_alignment/aam_benchmarks/golden_policy_full_20260907/357/evaluation.json,1.354011912830174
358,False,recovered,True,/project/yunhengzou/coordinate_alignment/aam_benchmarks/golden_policy_full_20260907/358/evaluation.json,1.4785525249317288
359,False,recovered,True,/project/yunhengzou/coordinate_alignment/aam_benchmarks/golden_policy_full_20260907/359/evaluation.json,0.6436668550595641
360,False,recovered,True,/project/yunhengzou/coordinate_alignment/aam_benchmarks/golden_policy_full_20260907/360/evaluation.json,0.043412502855062485
361,False,recovered,True,/project/yunhengzou/coordinate_alignment/aam_benchmarks/golden_policy_full_20260907/361/evaluation.json,0.20168525632470846
362,False,recovered,True,/project/yunhengzou/coordinate_alignment/aam_benchmarks/golden_policy_full_20260907/362/evaluation.json,0.12485481332987547
363,False,recovered,True,/project/yunhengzou/coordinate_alignment/aam_benchmarks/golden_policy_full_20260907/363/evaluation.json,0.18412754777818918
364,False,recovered,True,/project/yunhengzou/coordinate_alignment/aam_benchmarks/golden_policy_full_20260907/364/evaluation.json,0.4593711169436574
365,False,recovered,True,/project/yunhengzou/coordinate_alignment/aam_benchmarks/golden_policy_full_20260907/365/evaluation.json,1.37210100190714
366,False,recovered,True,/project/yunhengzou/coordinate_alignment/aam_benchmarks/golden_policy_full_20260907/366/evaluation.json,0.07579580834135413
367,False,recovered,True,/project/yunhengzou/coordinate_alignment/aam_benchmarks/golden_policy_full_20260907/367/evaluation.json,0.053035351913422346
368,False,recovered,True,/project/yunhengzou/coordinate_alignment/aam_benchmarks/golden_policy_full_20260907/368/evaluation.json,0.34950135834515095
369,False,recovered,True,/project/yunhengzou/coordinate_alignment/aam_benchmarks/golden_policy_full_20260907/369/evaluation.json,0.04255571495741606
370,False,recovered,True,/project/yunhengzou/coordinate_alignment/aam_benchmarks/golden_policy_full_20260907/370/evaluation.json,0.07665871968492866
371,False,recovered,True,/project/yunhengzou/coordinate_alignment/aam_benchmarks/golden_policy_full_20260907/371/evaluation.json,0.5528915789909661
372,False,recovered,True,/project/yunhengzou/coordinate_alignment/aam_benchmarks/golden_policy_full_20260907/372/evaluation.json,21.90885832812637
373,False,recovered,True,/project/yunhengzou/coordinate_alignment/aam_benchmarks/golden_policy_full_20260907/373/evaluation.json,0.47501763491891325
374,False,recovered,True,/project/yunhengzou/coordinate_alignment/aam_benchmarks/golden_policy_full_20260907/374/evaluation.json,1.1376600561197847
375,False,recovered,True,/project/yunhengzou/coordinate_alignment/aam_benchmarks/golden_policy_full_20260907/375/evaluation.json,0.5620906259864569
376,False,recovered,True,/project/yunhengzou/coordinate_alignment/aam_benchmarks/golden_policy_full_20260907/376/evaluation.json,0.06814517639577389
377,False,recovered,True,/project/yunhengzou/coordinate_alignment/aam_benchmarks/golden_policy_full_20260907/377/evaluation.json,0.10956364963203669
378,False,recovered,False,/project/yunhengzou/coordinate_alignment/aam_benchmarks/golden_policy_full_20260907/378/evaluation.json,0.06239037401974201
379,False,recovered,True,/project/yunhengzou/coordinate_alignment/aam_benchmarks/golden_policy_full_20260907/379/evaluation.json,0.035512679256498814
380,False,recovered,True,/project/yunhengzou/coordinate_alignment/aam_benchmarks/golden_policy_full_20260907/380/evaluation.json,0.24189386004582047
381,False,recovered,False,/project/yunhengzou/coordinate_alignment/aam_benchmarks/golden_policy_full_20260907/381/evaluation.json,0.6456874979194254
382,False,recovered,True,/project/yunhengzou/coordinate_alignment/aam_benchmarks/golden_policy_full_20260907/382/evaluation.json,0.09182745404541492
383,False,recovered,True,/project/yunhengzou/coordinate_alignment/aam_benchmarks/golden_policy_full_20260907/383/evaluation.json,0.22262138221412897
384,False,recovered,True,/project/yunhengzou/coordinate_alignment/aam_benchmarks/golden_policy_full_20260907/384/evaluation.json,0.2471932377666235
385,False,recovered,True,/project/yunhengzou/coordinate_alignment/aam_benchmarks/golden_policy_full_20260907/385/evaluation.json,0.27278009708970785
386,False,recovered,False,/project/yunhengzou/coordinate_alignment/aam_benchmarks/golden_policy_full_20260907/386/evaluation.json,0.22602813038975
387,False,recovered,True,/project/yunhengzou/coordinate_alignment/aam_benchmarks/golden_policy_full_20260907/387/evaluation.json,0.030928023159503937
388,False,recovered,False,/project/yunhengzou/coordinate_alignment/aam_benchmarks/golden_policy_full_20260907/388/evaluation.json,0.34656867757439613
389,False,recovered,True,/project/yunhengzou/coordinate_alignment/aam_benchmarks/golden_policy_full_20260907/389/evaluation.json,0.018602740950882435
390,False,recovered,False,/project/yunhengzou/coordinate_alignment/aam_benchmarks/golden_policy_full_20260907/390/evaluation.json,0.13109948579221964
391,False,recovered,True,/project/yunhengzou/coordinate_alignment/aam_benchmarks/golden_policy_full_20260907/391/evaluation.json,2.4585417015478015
392,False,recovered,True,/project/yunhengzou/coordinate_alignment/aam_benchmarks/golden_policy_full_20260907/392/evaluation.json,0.01325999666005373
393,False,recovered,True,/project/yunhengzou/coordinate_alignment/aam_benchmarks/golden_policy_full_20260907/393/evaluation.json,0.8360525909811258
394,False,recovered,False,/project/yunhengzou/coordinate_alignment/aam_benchmarks/golden_policy_full_20260907/394/evaluation.json,0.5130374655127525
395,False,recovered,True,/project/yunhengzou/coordinate_alignment/aam_benchmarks/golden_policy_full_20260907/395/evaluation.json,0.04601003788411617
396,False,recovered,True,/project/yunhengzou/coordinate_alignment/aam_benchmarks/golden_policy_full_20260907/396/evaluation.json,0.8507215017452836
397,False,recovered,True,/project/yunhengzou/coordinate_alignment/aam_benchmarks/golden_policy_full_20260907/397/evaluation.json,0.12557121738791466
398,False,recovered,True,/project/yunhengzou/coordinate_alignment/aam_benchmarks/golden_policy_full_20260907/398/evaluation.json,0.0343848851043731
399,False,recovered,True,/project/yunhengzou/coordinate_alignment/aam_benchmarks/golden_policy_full_20260907/399/evaluation.json,0.045772576006129384
400,False,recovered,False,/project/yunhengzou/coordinate_alignment/aam_benchmarks/golden_policy_full_20260907/400/evaluation.json,4.094402141869068
401,False,recovered,False,/project/yunhengzou/coordinate_alignment/aam_benchmarks/golden_policy_full_20260907/401/evaluation.json,4.343925147783011
402,False,recovered,True,/project/yunhengzou/coordinate_alignment/aam_benchmarks/golden_policy_full_20260907/402/evaluation.json,0.05048834998160601
403,False,recovered,True,/project/yunhengzou/coordinate_alignment/aam_benchmarks/golden_policy_full_20260907/403/evaluation.json,16.501149486750364
404,False,recovered,True,/project/yunhengzou/coordinate_alignment/aam_benchmarks/golden_policy_full_20260907/404/evaluation.json,0.04762511560693383
405,False,recovered,True,/project/yunhengzou/coordinate_alignment/aam_benchmarks/golden_policy_full_20260907/405/evaluation.json,0.9403622271493077
406,False,recovered,True,/project/yunhengzou/coordinate_alignment/aam_benchmarks/golden_policy_full_20260907/406/evaluation.json,0.18950936570763588
407,False,recovered,True,/project/yunhengzou/coordinate_alignment/aam_benchmarks/golden_policy_full_20260907/407/evaluation.json,1.2022272478789091
408,False,recovered,True,/project/yunhengzou/coordinate_alignment/aam_benchmarks/golden_policy_full_20260907/408/evaluation.json,0.3752727499231696
409,False,recovered,True,/project/yunhengzou/coordinate_alignment/aam_benchmarks/golden_policy_full_20260907/409/evaluation.json,0.1277086460031569
410,False,recovered,,/project/yunhengzou/coordinate_alignment/aam_benchmarks/golden_policy_full_20260907/410/evaluation.json,0.0932553568854928
411,False,recovered,False,/project/yunhengzou/coordinate_alignment/aam_benchmarks/golden_policy_full_20260907/411/evaluation.json,4.200720609165728
412,False,recovered,True,/project/yunhengzou/coordinate_alignment/aam_benchmarks/golden_policy_full_20260907/412/evaluation.json,0.10716357408091426
413,False,recovered,True,/project/yunhengzou/coordinate_alignment/aam_benchmarks/golden_policy_full_20260907/413/evaluation.json,0.5125837232917547
414,False,recovered,True,/project/yunhengzou/coordinate_alignment/aam_benchmarks/golden_policy_full_20260907/414/evaluation.json,0.08598600514233112
415,False,recovered,True,/project/yunhengzou/coordinate_alignment/aam_benchmarks/golden_policy_full_20260907/415/evaluation.json,0.16876993607729673
416,False,recovered,True,/project/yunhengzou/coordinate_alignment/aam_benchmarks/golden_policy_full_20260907/416/evaluation.json,0.09413889097049832
417,False,recovered,True,/project/yunhengzou/coordinate_alignment/aam_benchmarks/golden_policy_full_20260907/417/evaluation.json,4.594776154030114
418,False,recovered,True,/project/yunhengzou/coordinate_alignment/aam_benchmarks/golden_policy_full_20260907/418/evaluation.json,0.14265993237495422
419,False,recovered,True,/project/yunhengzou/coordinate_alignment/aam_benchmarks/golden_policy_full_20260907/419/evaluation.json,0.28035430517047644
420,False,recovered,True,/project/yunhengzou/coordinate_alignment/aam_benchmarks/golden_policy_full_20260907/420/evaluation.json,0.7688615787774324
421,False,recovered,True,/project/yunhengzou/coordinate_alignment/aam_benchmarks/golden_policy_full_20260907/421/evaluation.json,1.4256085865199566
422,False,recovered,True,/project/yunhengzou/coordinate_alignment/aam_benchmarks/golden_policy_full_20260907/422/evaluation.json,0.11091317515820265
423,False,recovered,True,/project/yunhengzou/coordinate_alignment/aam_benchmarks/golden_policy_full_20260907/423/evaluation.json,4.821255553979427
424,False,recovered,True,/project/yunhengzou/coordinate_alignment/aam_benchmarks/golden_policy_full_20260907/424/evaluation.json,0.11432904005050659
425,False,recovered,True,/project/yunhengzou/coordinate_alignment/aam_benchmarks/golden_policy_full_20260907/425/evaluation.json,1.2738635689020157
426,False,recovered,True,/project/yunhengzou/coordinate_alignment/aam_benchmarks/golden_policy_full_20260907/426/evaluation.json,0.17850780300796032
427,False,recovered,True,/project/yunhengzou/coordinate_alignment/aam_benchmarks/golden_policy_full_20260907/427/evaluation.json,0.6209560129791498
428,False,recovered,True,/project/yunhengzou/coordinate_alignment/aam_benchmarks/golden_policy_full_20260907/428/evaluation.json,0.5246867160312831
429,False,recovered,True,/project/yunhengzou/coordinate_alignment/aam_benchmarks/golden_policy_full_20260907/429/evaluation.json,0.12033711560070515
430,False,recovered,True,/project/yunhengzou/coordinate_alignment/aam_benchmarks/golden_policy_full_20260907/430/evaluation.json,0.26227843668311834
431,False,recovered,True,/project/yunhengzou/coordinate_alignment/aam_benchmarks/golden_policy_full_20260907/431/evaluation.json,0.45602534990757704
432,False,recovered,True,/project/yunhengzou/coordinate_alignment/aam_benchmarks/golden_policy_full_20260907/432/evaluation.json,0.3027207376435399
433,False,recovered,True,/project/yunhengzou/coordinate_alignment/aam_benchmarks/golden_policy_full_20260907/433/evaluation.json,0.13272994197905064
434,False,recovered,True,/project/yunhengzou/coordinate_alignment/aam_benchmarks/golden_policy_full_20260907/434/evaluation.json,1.5999172050505877
435,False,recovered,True,/project/yunhengzou/coordinate_alignment/aam_benchmarks/golden_policy_full_20260907/435/evaluation.json,0.18065703473985195
436,False,recovered,True,/project/yunhengzou/coordinate_alignment/aam_benchmarks/golden_policy_full_20260907/436/evaluation.json,0.34251607675105333
437,False,recovered,True,/project/yunhengzou/coordinate_alignment/aam_benchmarks/golden_policy_full_20260907/437/evaluation.json,0.0643063560128212
438,False,recovered,True,/project/yunhengzou/coordinate_alignment/aam_benchmarks/golden_policy_full_20260907/438/evaluation.json,0.1302819661796093
439,False,recovered,True,/project/yunhengzou/coordinate_alignment/aam_benchmarks/golden_policy_full_20260907/439/evaluation.json,2.2523445561528206
440,False,recovered,True,/project/yunhengzou/coordinate_alignment/aam_benchmarks/golden_policy_full_20260907/440/evaluation.json,0.03884453605860472
441,False,recovered,True,/project/yunhengzou/coordinate_alignment/aam_benchmarks/golden_policy_full_20260907/441/evaluation.json,0.5276692030020058
442,False,recovered,True,/project/yunhengzou/coordinate_alignment/aam_benchmarks/golden_policy_full_20260907/442/evaluation.json,4.174763766117394
443,False,recovered,False,/project/yunhengzou/coordinate_alignment/aam_benchmarks/golden_policy_full_20260907/443/evaluation.json,1.3433244319166988
444,False,recovered,True,/project/yunhengzou/coordinate_alignment/aam_benchmarks/golden_policy_full_20260907/444/evaluation.json,4.525662147440016
445,False,recovered,True,/project/yunhengzou/coordinate_alignment/aam_benchmarks/golden_policy_full_20260907/445/evaluation.json,3.472875576466322
446,False,recovered,False,/project/yunhengzou/coordinate_alignment/aam_benchmarks/golden_policy_full_20260907/446/evaluation.json,10.524363624863327
447,False,recovered,False,/project/yunhengzou/coordinate_alignment/aam_benchmarks/golden_policy_full_20260907/447/evaluation.json,0.049836413003504276
448,False,recovered,True,/project/yunhengzou/coordinate_alignment/aam_benchmarks/golden_policy_full_20260907/448/evaluation.json,3.400442664977163
449,False,recovered,True,/project/yunhengzou/coordinate_alignment/aam_benchmarks/golden_policy_full_20260907/449/evaluation.json,2.9052998004481196
450,False,recovered,True,/project/yunhengzou/coordinate_alignment/aam_benchmarks/golden_policy_full_20260907/450/evaluation.json,0.5329072996973991
451,False,recovered,True,/project/yunhengzou/coordinate_alignment/aam_benchmarks/golden_policy_full_20260907/451/evaluation.json,0.21874782256782055
452,False,recovered,True,/project/yunhengzou/coordinate_alignment/aam_benchmarks/golden_policy_full_20260907/452/evaluation.json,0.09796326141804457
453,False,recovered,True,/project/yunhengzou/coordinate_alignment/aam_benchmarks/golden_policy_full_20260907/453/evaluation.json,1.834242859389633
454,False,recovered,True,/project/yunhengzou/coordinate_alignment/aam_benchmarks/golden_policy_full_20260907/454/evaluation.json,1.529151369817555
455,False,recovered,True,/project/yunhengzou/coordinate_alignment/aam_benchmarks/golden_policy_full_20260907/455/evaluation.json,0.06033758679404855
456,False,recovered,True,/project/yunhengzou/coordinate_alignment/aam_benchmarks/golden_policy_full_20260907/456/evaluation.json,0.8441217499785125
457,False,recovered,False,/project/yunhengzou/coordinate_alignment/aam_benchmarks/golden_policy_full_20260907/457/evaluation.json,0.6805489070247859
458,False,recovered,True,/project/yunhengzou/coordinate_alignment/aam_benchmarks/golden_policy_full_20260907/458/evaluation.json,0.07388912094756961
459,False,recovered,True,/project/yunhengzou/coordinate_alignment/aam_benchmarks/golden_policy_full_20260907/459/evaluation.json,2.193436284083873
460,False,recovered,True,/project/yunhengzou/coordinate_alignment/aam_benchmarks/golden_policy_full_20260907/460/evaluation.json,0.048070523887872696
461,False,recovered,True,/project/yunhengzou/coordinate_alignment/aam_benchmarks/golden_policy_full_20260907/461/evaluation.json,1.0066224057227373
462,False,recovered,True,/project/yunhengzou/coordinate_alignment/aam_benchmarks/golden_policy_full_20260907/462/evaluation.json,0.7668397203087807
463,False,recovered,True,/project/yunhengzou/coordinate_alignment/aam_benchmarks/golden_policy_full_20260907/463/evaluation.json,0.6094284141436219
464,False,recovered,True,/project/yunhengzou/coordinate_alignment/aam_benchmarks/golden_policy_full_20260907/464/evaluation.json,3.332749812863767
465,False,recovered,True,/project/yunhengzou/coordinate_alignment/aam_benchmarks/golden_policy_full_20260907/465/evaluation.json,1.6938404978718609
466,False,recovered,True,/project/yunhengzou/coordinate_alignment/aam_benchmarks/golden_policy_full_20260907/466/evaluation.json,2.2497478688601404
467,False,recovered,True,/project/yunhengzou/coordinate_alignment/aam_benchmarks/golden_policy_full_20260907/467/evaluation.json,0.03175196493975818
468,False,recovered,True,/project/yunhengzou/coordinate_alignment/aam_benchmarks/golden_policy_full_20260907/468/evaluation.json,0.0566557077690959
469,False,recovered,True,/project/yunhengzou/coordinate_alignment/aam_benchmarks/golden_policy_full_20260907/469/evaluation.json,0.15892132092267275
470,False,recovered,True,/project/yunhengzou/coordinate_alignment/aam_benchmarks/golden_policy_full_20260907/470/evaluation.json,0.1633474314585328
471,False,recovered,True,/project/yunhengzou/coordinate_alignment/aam_benchmarks/golden_policy_full_20260907/471/evaluation.json,0.2473359927535057
472,False,recovered,True,/project/yunhengzou/coordinate_alignment/aam_benchmarks/golden_policy_full_20260907/472/evaluation.json,0.09880870627239347
473,False,recovered,True,/project/yunhengzou/coordinate_alignment/aam_benchmarks/golden_policy_full_20260907/473/evaluation.json,0.7326016630977392
474,False,recovered,True,/project/yunhengzou/coordinate_alignment/aam_benchmarks/golden_policy_full_20260907/474/evaluation.json,0.4478312199935317
475,False,recovered,True,/project/yunhengzou/coordinate_alignment/aam_benchmarks/golden_policy_full_20260907/475/evaluation.json,0.19583898782730103
476,False,recovered,True,/project/yunhengzou/coordinate_alignment/aam_benchmarks/golden_policy_full_20260907/476/evaluation.json,0.034075869247317314
477,False,recovered,True,/project/yunhengzou/coordinate_alignment/aam_benchmarks/golden_policy_full_20260907/477/evaluation.json,0.4646948459558189
478,False,recovered,True,/project/yunhengzou/coordinate_alignment/aam_benchmarks/golden_policy_full_20260907/478/evaluation.json,0.18010416091419756
479,False,recovered,True,/project/yunhengzou/coordinate_alignment/aam_benchmarks/golden_policy_full_20260907/479/evaluation.json,0.17469906993210316
480,False,recovered,False,/project/yunhengzou/coordinate_alignment/aam_benchmarks/golden_policy_full_20260907/480/evaluation.json,0.47337843105196953
481,False,recovered,True,/project/yunhengzou/coordinate_alignment/aam_benchmarks/golden_policy_full_20260907/481/evaluation.json,0.31475236010737717
482,False,recovered,True,/project/yunhengzou/coordinate_alignment/aam_benchmarks/golden_policy_full_20260907/482/evaluation.json,0.6660483945161104
483,False,recovered,False,/project/yunhengzou/coordinate_alignment/aam_benchmarks/golden_policy_full_20260907/483/evaluation.json,0.04661942459642887
484,False,recovered,True,/project/yunhengzou/coordinate_alignment/aam_benchmarks/golden_policy_full_20260907/484/evaluation.json,0.34286773297935724
485,False,recovered,True,/project/yunhengzou/coordinate_alignment/aam_benchmarks/golden_policy_full_20260907/485/evaluation.json,0.26470090355724096
486,False,recovered,True,/project/yunhengzou/coordinate_alignment/aam_benchmarks/golden_policy_full_20260907/486/evaluation.json,0.320736532099545
487,False,recovered,True,/project/yunhengzou/coordinate_alignment/aam_benchmarks/golden_policy_full_20260907/487/evaluation.json,0.4308029320091009
488,False,recovered,True,/project/yunhengzou/coordinate_alignment/aam_benchmarks/golden_policy_full_20260907/488/evaluation.json,0.07620566012337804
489,False,recovered,True,/project/yunhengzou/coordinate_alignment/aam_benchmarks/golden_policy_full_20260907/489/evaluation.json,0.43314001988619566
490,False,recovered,True,/project/yunhengzou/coordinate_alignment/aam_benchmarks/golden_policy_full_20260907/490/evaluation.json,2.7276168847456574
491,False,recovered,True,/project/yunhengzou/coordinate_alignment/aam_benchmarks/golden_policy_full_20260907/491/evaluation.json,0.6094315578229725
492,False,recovered,True,/project/yunhengzou/coordinate_alignment/aam_benchmarks/golden_policy_full_20260907/492/evaluation.json,0.3222235180437565
493,False,recovered,True,/project/yunhengzou/coordinate_alignment/aam_benchmarks/golden_policy_full_20260907/493/evaluation.json,0.1837345054373145
494,False,recovered,False,/project/yunhengzou/coordinate_alignment/aam_benchmarks/golden_policy_full_20260907/494/evaluation.json,0.20685560163110495
495,False,recovered,True,/project/yunhengzou/coordinate_alignment/aam_benchmarks/golden_policy_full_20260907/495/evaluation.json,4.871495988219976
496,False,recovered,True,/project/yunhengzou/coordinate_alignment/aam_benchmarks/golden_policy_full_20260907/496/evaluation.json,2.287246889434755
497,False,recovered,True,/project/yunhengzou/coordinate_alignment/aam_benchmarks/golden_policy_full_20260907/497/evaluation.json,1.9141077410895377
498,False,recovered,True,/project/yunhengzou/coordinate_alignment/aam_benchmarks/golden_policy_full_20260907/498/evaluation.json,0.06345970695838332
499,False,recovered,True,/project/yunhengzou/coordinate_alignment/aam_benchmarks/golden_policy_full_20260907/499/evaluation.json,1.4440336609259248
500,False,recovered,True,/project/yunhengzou/coordinate_alignment/aam_benchmarks/golden_policy_full_20260907/500/evaluation.json,0.1973638329654932
501,False,recovered,True,/project/yunhengzou/coordinate_alignment/aam_benchmarks/golden_policy_full_20260907/501/evaluation.json,0.4753302102908492
502,False,recovered,True,/project/yunhengzou/coordinate_alignment/aam_benchmarks/golden_policy_full_20260907/502/evaluation.json,0.0969494809396565
503,False,recovered,True,/project/yunhengzou/coordinate_alignment/aam_benchmarks/golden_policy_full_20260907/503/evaluation.json,0.33614771626889706
504,False,recovered,True,/project/yunhengzou/coordinate_alignment/aam_benchmarks/golden_policy_full_20260907/504/evaluation.json,0.7034112745895982
505,False,recovered,True,/project/yunhengzou/coordinate_alignment/aam_benchmarks/golden_policy_full_20260907/505/evaluation.json,0.11485610716044903
506,False,recovered,True,/project/yunhengzou/coordinate_alignment/aam_benchmarks/golden_policy_full_20260907/506/evaluation.json,0.29951965250074863
507,False,recovered,True,/project/yunhengzou/coordinate_alignment/aam_benchmarks/golden_policy_full_20260907/507/evaluation.json,0.3452424050774425
508,False,recovered,True,/project/yunhengzou/coordinate_alignment/aam_benchmarks/golden_policy_full_20260907/508/evaluation.json,0.07408011518418789
509,False,recovered,True,/project/yunhengzou/coordinate_alignment/aam_benchmarks/golden_policy_full_20260907/509/evaluation.json,0.2564129331149161
510,False,recovered,True,/project/yunhengzou/coordinate_alignment/aam_benchmarks/golden_policy_full_20260907/510/evaluation.json,0.14698252361267805
511,False,recovered,False,/project/yunhengzou/coordinate_alignment/aam_benchmarks/golden_policy_full_20260907/511/evaluation.json,0.9110087193548679
512,False,recovered,True,/project/yunhengzou/coordinate_alignment/aam_benchmarks/golden_policy_full_20260907/512/evaluation.json,0.03335440997034311
513,False,recovered,True,/project/yunhengzou/coordinate_alignment/aam_benchmarks/golden_policy_full_20260907/513/evaluation.json,0.2705624494701624
514,False,recovered,True,/project/yunhengzou/coordinate_alignment/aam_benchmarks/golden_policy_full_20260907/514/evaluation.json,0.5318219703622162
515,False,recovered,True,/project/yunhengzou/coordinate_alignment/aam_benchmarks/golden_policy_full_20260907/515/evaluation.json,0.5548381358385086
516,False,recovered,True,/project/yunhengzou/coordinate_alignment/aam_benchmarks/golden_policy_full_20260907/516/evaluation.json,0.5423249453306198
517,False,recovered,True,/project/yunhengzou/coordinate_alignment/aam_benchmarks/golden_policy_full_20260907/517/evaluation.json,0.36544837104156613
518,False,recovered,True,/project/yunhengzou/coordinate_alignment/aam_benchmarks/golden_policy_full_20260907/518/evaluation.json,0.2804576950147748
519,False,recovered,True,/project/yunhengzou/coordinate_alignment/aam_benchmarks/golden_policy_full_20260907/519/evaluation.json,0.09406655002385378
520,False,recovered,True,/project/yunhengzou/coordinate_alignment/aam_benchmarks/golden_policy_full_20260907/520/evaluation.json,0.2513778945431113
521,False,recovered,True,/project/yunhengzou/coordinate_alignment/aam_benchmarks/golden_policy_full_20260907/521/evaluation.json,7.716269360855222
522,False,recovered,True,/project/yunhengzou/coordinate_alignment/aam_benchmarks/golden_policy_full_20260907/522/evaluation.json,0.0873919720761478
523,False,recovered,True,/project/yunhengzou/coordinate_alignment/aam_benchmarks/golden_policy_full_20260907/523/evaluation.json,1.1085972229484469
524,False,recovered,True,/project/yunhengzou/coordinate_alignment/aam_benchmarks/golden_policy_full_20260907/524/evaluation.json,1.0691127288155258
525,False,recovered,True,/project/yunhengzou/coordinate_alignment/aam_benchmarks/golden_policy_full_20260907/525/evaluation.json,0.09693400468677282
526,False,recovered,True,/project/yunhengzou/coordinate_alignment/aam_benchmarks/golden_policy_full_20260907/526/evaluation.json,0.06113333348184824
527,False,recovered,True,/project/yunhengzou/coordinate_alignment/aam_benchmarks/golden_policy_full_20260907/527/evaluation.json,0.20898814592510462
528,False,recovered,True,/project/yunhengzou/coordinate_alignment/aam_benchmarks/golden_policy_full_20260907/528/evaluation.json,0.9358627079054713
529,False,recovered,True,/project/yunhengzou/coordinate_alignment/aam_benchmarks/golden_policy_full_20260907/529/evaluation.json,0.9651696849614382
530,False,recovered,True,/project/yunhengzou/coordinate_alignment/aam_benchmarks/golden_policy_full_20260907/530/evaluation.json,0.6586561547592282
531,False,recovered,True,/project/yunhengzou/coordinate_alignment/aam_benchmarks/golden_policy_full_20260907/531/evaluation.json,2.525342157110572
532,False,recovered,False,/project/yunhengzou/coordinate_alignment/aam_benchmarks/golden_policy_full_20260907/532/evaluation.json,6.652323768474162
533,False,recovered,False,/project/yunhengzou/coordinate_alignment/aam_benchmarks/golden_policy_full_20260907/533/evaluation.json,0.6830725949257612
534,False,recovered,False,/project/yunhengzou/coordinate_alignment/aam_benchmarks/golden_policy_full_20260907/534/evaluation.json,1.1953158983960748
535,False,recovered,False,/project/yunhengzou/coordinate_alignment/aam_benchmarks/golden_policy_full_20260907/535/evaluation.json,0.28558113519102335
536,False,recovered,True,/project/yunhengzou/coordinate_alignment/aam_benchmarks/golden_policy_full_20260907/536/evaluation.json,1.040318065090105
537,False,recovered,True,/project/yunhengzou/coordinate_alignment/aam_benchmarks/golden_policy_full_20260907/537/evaluation.json,0.2152326162904501
538,False,recovered,True,/project/yunhengzou/coordinate_alignment/aam_benchmarks/golden_policy_full_20260907/538/evaluation.json,0.03759900201112032
539,False,recovered,True,/project/yunhengzou/coordinate_alignment/aam_benchmarks/golden_policy_full_20260907/539/evaluation.json,0.28552936762571335
540,False,recovered,True,/project/yunhengzou/coordinate_alignment/aam_benchmarks/golden_policy_full_20260907/540/evaluation.json,0.9800508008338511
541,False,recovered,True,/project/yunhengzou/coordinate_alignment/aam_benchmarks/golden_policy_full_20260907/541/evaluation.json,3.630127588286996
542,False,recovered,False,/project/yunhengzou/coordinate_alignment/aam_benchmarks/golden_policy_full_20260907/542/evaluation.json,3.6487983339466155
543,False,recovered,True,/project/yunhengzou/coordinate_alignment/aam_benchmarks/golden_policy_full_20260907/543/evaluation.json,0.0979645038023591
544,False,recovered,True,/project/yunhengzou/coordinate_alignment/aam_benchmarks/golden_policy_full_20260907/544/evaluation.json,0.13174705673009157
545,False,recovered,True,/project/yunhengzou/coordinate_alignment/aam_benchmarks/golden_policy_full_20260907/545/evaluation.json,0.16656306106597185
546,False,recovered,True,/project/yunhengzou/coordinate_alignment/aam_benchmarks/golden_policy_full_20260907/546/evaluation.json,0.7245713979937136
547,False,recovered,True,/project/yunhengzou/coordinate_alignment/aam_benchmarks/golden_policy_full_20260907/547/evaluation.json,3.5650193709880114
548,False,recovered,True,/project/yunhengzou/coordinate_alignment/aam_benchmarks/golden_policy_full_20260907/548/evaluation.json,0.9587753971572965
549,False,recovered,True,/project/yunhengzou/coordinate_alignment/aam_benchmarks/golden_policy_full_20260907/549/evaluation.json,1.605857839109376
550,False,recovered,True,/project/yunhengzou/coordinate_alignment/aam_benchmarks/golden_policy_full_20260907/550/evaluation.json,0.564965832978487
551,False,recovered,True,/project/yunhengzou/coordinate_alignment/aam_benchmarks/golden_policy_full_20260907/551/evaluation.json,7.9187069945037365
552,False,recovered,True,/project/yunhengzou/coordinate_alignment/aam_benchmarks/golden_policy_full_20260907/552/evaluation.json,0.02303360588848591
553,False,recovered,False,/project/yunhengzou/coordinate_alignment/aam_benchmarks/golden_policy_full_20260907/553/evaluation.json,4.796453395858407
554,False,recovered,True,/project/yunhengzou/coordinate_alignment/aam_benchmarks/golden_policy_full_20260907/554/evaluation.json,5.248009419068694
555,False,recovered,True,/project/yunhengzou/coordinate_alignment/aam_benchmarks/golden_policy_full_20260907/555/evaluation.json,2.383320932276547
556,False,recovered,True,/project/yunhengzou/coordinate_alignment/aam_benchmarks/golden_policy_full_20260907/556/evaluation.json,1.8864739267155528
557,False,recovered,True,/project/yunhengzou/coordinate_alignment/aam_benchmarks/golden_policy_full_20260907/557/evaluation.json,0.5830692546442151
558,False,recovered,True,/project/yunhengzou/coordinate_alignment/aam_benchmarks/golden_policy_full_20260907/558/evaluation.json,0.25889294780790806
559,False,recovered,True,/project/yunhengzou/coordinate_alignment/aam_benchmarks/golden_policy_full_20260907/559/evaluation.json,3.9761692732572556
560,False,recovered,True,/project/yunhengzou/coordinate_alignment/aam_benchmarks/golden_policy_full_20260907/560/evaluation.json,0.15467611933127046
561,False,recovered,True,/project/yunhengzou/coordinate_alignment/aam_benchmarks/golden_policy_full_20260907/561/evaluation.json,13.445356735959649
562,False,recovered,True,/project/yunhengzou/coordinate_alignment/aam_benchmarks/golden_policy_full_20260907/562/evaluation.json,0.23073394037783146
563,False,recovered,True,/project/yunhengzou/coordinate_alignment/aam_benchmarks/golden_policy_full_20260907/563/evaluation.json,2.9689056819770485
564,False,recovered,False,/project/yunhengzou/coordinate_alignment/aam_benchmarks/golden_policy_full_20260907/564/evaluation.json,2.7279853890649974
565,False,recovered,False,/project/yunhengzou/coordinate_alignment/aam_benchmarks/golden_policy_full_20260907/565/evaluation.json,0.5821006842888892
566,False,recovered,False,/project/yunhengzou/coordinate_alignment/aam_benchmarks/golden_policy_full_20260907/566/evaluation.json,2.1634401930496097
567,False,recovered,True,/project/yunhengzou/coordinate_alignment/aam_benchmarks/golden_policy_full_20260907/567/evaluation.json,3.708045412786305
568,False,recovered,True,/project/yunhengzou/coordinate_alignment/aam_benchmarks/golden_policy_full_20260907/568/evaluation.json,0.4636188358999789
569,False,recovered,True,/project/yunhengzou/coordinate_alignment/aam_benchmarks/golden_policy_full_20260907/569/evaluation.json,0.2627854298334569
570,False,recovered,False,/project/yunhengzou/coordinate_alignment/aam_benchmarks/golden_policy_full_20260907/570/evaluation.json,1.4611888714134693
571,False,recovered,True,/project/yunhengzou/coordinate_alignment/aam_benchmarks/golden_policy_full_20260907/571/evaluation.json,0.5840871352702379
572,False,recovered,False,/project/yunhengzou/coordinate_alignment/aam_benchmarks/golden_policy_full_20260907/572/evaluation.json,1.5448661032132804
573,False,recovered,True,/project/yunhengzou/coordinate_alignment/aam_benchmarks/golden_policy_full_20260907/573/evaluation.json,4.555525563890114
574,False,recovered,False,/project/yunhengzou/coordinate_alignment/aam_benchmarks/golden_policy_full_20260907/574/evaluation.json,0.226668352028355
575,False,recovered,True,/project/yunhengzou/coordinate_alignment/aam_benchmarks/golden_policy_full_20260907/575/evaluation.json,5.4615066181868315
576,False,not_recovered,False,/project/yunhengzou/coordinate_alignment/aam_benchmarks/golden_domain_rescore_v2_20260907/576/evaluation.json,6.923298886045814
577,False,recovered,True,/project/yunhengzou/coordinate_alignment/aam_benchmarks/golden_policy_full_20260907/577/evaluation.json,0.07914310228079557
578,False,recovered,True,/project/yunhengzou/coordinate_alignment/aam_benchmarks/golden_policy_full_20260907/578/evaluation.json,0.4533122256398201
579,False,recovered,True,/project/yunhengzou/coordinate_alignment/aam_benchmarks/golden_policy_full_20260907/579/evaluation.json,0.5470083341933787
580,False,recovered,True,/project/yunhengzou/coordinate_alignment/aam_benchmarks/golden_policy_full_20260907/580/evaluation.json,1.7480424167588353
581,False,recovered,True,/project/yunhengzou/coordinate_alignment/aam_benchmarks/golden_policy_full_20260907/581/evaluation.json,0.16613726504147053
582,False,recovered,True,/project/yunhengzou/coordinate_alignment/aam_benchmarks/golden_policy_full_20260907/582/evaluation.json,0.276416695676744
583,False,recovered,False,/project/yunhengzou/coordinate_alignment/aam_benchmarks/golden_policy_full_20260907/583/evaluation.json,10.803556519560516
584,False,recovered,True,/project/yunhengzou/coordinate_alignment/aam_benchmarks/golden_policy_full_20260907/584/evaluation.json,0.12813806720077991
585,False,recovered,True,/project/yunhengzou/coordinate_alignment/aam_benchmarks/golden_policy_full_20260907/585/evaluation.json,0.1644865982234478
586,False,recovered,True,/project/yunhengzou/coordinate_alignment/aam_benchmarks/golden_policy_full_20260907/586/evaluation.json,0.5407833615317941
587,False,recovered,False,/project/yunhengzou/coordinate_alignment/aam_benchmarks/golden_policy_full_20260907/587/evaluation.json,0.9693761756643653
588,False,recovered,False,/project/yunhengzou/coordinate_alignment/aam_benchmarks/golden_policy_full_20260907/588/evaluation.json,0.5822459901683033
589,False,recovered,True,/project/yunhengzou/coordinate_alignment/aam_benchmarks/golden_policy_full_20260907/589/evaluation.json,0.5122683644294739
590,False,not_recovered,False,/project/yunhengzou/coordinate_alignment/aam_benchmarks/golden_domain_rescore_v2_20260907/590/evaluation.json,104.86501925508492
591,False,recovered,True,/project/yunhengzou/coordinate_alignment/aam_benchmarks/golden_policy_full_20260907/591/evaluation.json,0.06951224897056818
592,False,recovered,True,/project/yunhengzou/coordinate_alignment/aam_benchmarks/golden_policy_full_20260907/592/evaluation.json,0.04783151485025883
593,False,recovered,True,/project/yunhengzou/coordinate_alignment/aam_benchmarks/golden_policy_full_20260907/593/evaluation.json,0.07513217814266682
594,False,recovered,True,/project/yunhengzou/coordinate_alignment/aam_benchmarks/golden_policy_full_20260907/594/evaluation.json,4.095798737369478
595,False,recovered,True,/project/yunhengzou/coordinate_alignment/aam_benchmarks/golden_policy_full_20260907/595/evaluation.json,3.4732529167085886
596,False,recovered,True,/project/yunhengzou/coordinate_alignment/aam_benchmarks/golden_policy_full_20260907/596/evaluation.json,11.50337002100423
597,False,recovered,True,/project/yunhengzou/coordinate_alignment/aam_benchmarks/golden_policy_full_20260907/597/evaluation.json,1.1888096660841256
598,False,recovered,False,/project/yunhengzou/coordinate_alignment/aam_benchmarks/golden_policy_full_20260907/598/evaluation.json,4.6397804180160165
599,False,recovered,False,/project/yunhengzou/coordinate_alignment/aam_benchmarks/golden_policy_full_20260907/599/evaluation.json,1.8199070412665606
600,False,recovered,True,/project/yunhengzou/coordinate_alignment/aam_benchmarks/golden_policy_full_20260907/600/evaluation.json,0.249342723749578
601,False,recovered,False,/project/yunhengzou/coordinate_alignment/aam_benchmarks/golden_policy_full_20260907/601/evaluation.json,4.328506533056498
602,False,not_recovered,False,/project/yunhengzou/coordinate_alignment/aam_benchmarks/golden_domain_rescore_v2_20260907/602/evaluation.json,6.90111770411022
603,False,not_recovered,False,/project/yunhengzou/coordinate_alignment/aam_benchmarks/golden_domain_rescore_v2_20260907/603/evaluation.json,22.698482340201735
604,False,recovered,True,/project/yunhengzou/coordinate_alignment/aam_benchmarks/golden_policy_full_20260907/604/evaluation.json,1.3607772188261151
605,False,recovered,False,/project/yunhengzou/coordinate_alignment/aam_benchmarks/golden_policy_full_20260907/605/evaluation.json,0.02721546310931444
606,False,recovered,True,/project/yunhengzou/coordinate_alignment/aam_benchmarks/golden_policy_full_20260907/606/evaluation.json,0.01766957901418209
607,False,recovered,True,/project/yunhengzou/coordinate_alignment/aam_benchmarks/golden_policy_full_20260907/607/evaluation.json,17.50382404588163
608,False,recovered,True,/project/yunhengzou/coordinate_alignment/aam_benchmarks/golden_policy_full_20260907/608/evaluation.json,0.19965343736112118
609,False,recovered,True,/project/yunhengzou/coordinate_alignment/aam_benchmarks/golden_policy_full_20260907/609/evaluation.json,0.7729825172573328
610,False,recovered,False,/project/yunhengzou/coordinate_alignment/aam_benchmarks/golden_policy_full_20260907/610/evaluation.json,0.9454129319638014
611,False,recovered,False,/project/yunhengzou/coordinate_alignment/aam_benchmarks/golden_policy_full_20260907/611/evaluation.json,1.358039468061179
612,False,recovered,True,/project/yunhengzou/coordinate_alignment/aam_benchmarks/golden_policy_full_20260907/612/evaluation.json,6.120244261808693
613,False,recovered,True,/project/yunhengzou/coordinate_alignment/aam_benchmarks/golden_policy_full_20260907/613/evaluation.json,1.7514752820134163
614,False,recovered,True,/project/yunhengzou/coordinate_alignment/aam_benchmarks/golden_policy_full_20260907/614/evaluation.json,1.4724501399323344
615,False,recovered,True,/project/yunhengzou/coordinate_alignment/aam_benchmarks/golden_policy_full_20260907/615/evaluation.json,0.8821541320066899
616,False,recovered,True,/project/yunhengzou/coordinate_alignment/aam_benchmarks/golden_policy_full_20260907/616/evaluation.json,1.4676428968086839
617,False,recovered,True,/project/yunhengzou/coordinate_alignment/aam_benchmarks/golden_policy_full_20260907/617/evaluation.json,0.22640274092555046
618,False,recovered,True,/project/yunhengzou/coordinate_alignment/aam_benchmarks/golden_policy_full_20260907/618/evaluation.json,3.012367540039122
619,False,recovered,True,/project/yunhengzou/coordinate_alignment/aam_benchmarks/golden_policy_full_20260907/619/evaluation.json,4.578328931005672
620,False,recovered,True,/project/yunhengzou/coordinate_alignment/aam_benchmarks/golden_policy_full_20260907/620/evaluation.json,11.662356344051659
621,False,recovered,True,/project/yunhengzou/coordinate_alignment/aam_benchmarks/golden_policy_full_20260907/621/evaluation.json,4.722313865087926
622,False,recovered,True,/project/yunhengzou/coordinate_alignment/aam_benchmarks/golden_policy_full_20260907/622/evaluation.json,10.299359800294042
623,False,recovered,True,/project/yunhengzou/coordinate_alignment/aam_benchmarks/golden_policy_full_20260907/623/evaluation.json,1.2923929661046714
624,False,recovered,False,/project/yunhengzou/coordinate_alignment/aam_benchmarks/golden_policy_full_20260907/624/evaluation.json,0.04801668971776962
625,False,recovered,True,/project/yunhengzou/coordinate_alignment/aam_benchmarks/golden_policy_full_20260907/625/evaluation.json,0.015455366112291813
626,False,recovered,True,/project/yunhengzou/coordinate_alignment/aam_benchmarks/golden_policy_full_20260907/626/evaluation.json,0.1525264303199947
627,False,recovered,True,/project/yunhengzou/coordinate_alignment/aam_benchmarks/golden_policy_full_20260907/627/evaluation.json,0.5970662501640618
628,False,recovered,True,/project/yunhengzou/coordinate_alignment/aam_benchmarks/golden_policy_full_20260907/628/evaluation.json,0.32102902326732874
629,False,recovered,False,/project/yunhengzou/coordinate_alignment/aam_benchmarks/golden_policy_full_20260907/629/evaluation.json,1.5299213079269975
630,False,recovered,False,/project/yunhengzou/coordinate_alignment/aam_benchmarks/golden_policy_full_20260907/630/evaluation.json,3.7600464448332787
631,False,recovered,True,/project/yunhengzou/coordinate_alignment/aam_benchmarks/golden_policy_full_20260907/631/evaluation.json,0.1065299641340971
632,False,recovered,True,/project/yunhengzou/coordinate_alignment/aam_benchmarks/golden_policy_full_20260907/632/evaluation.json,1.8431033324450254
633,False,recovered,True,/project/yunhengzou/coordinate_alignment/aam_benchmarks/golden_policy_full_20260907/633/evaluation.json,0.46671860851347446
634,False,recovered,True,/project/yunhengzou/coordinate_alignment/aam_benchmarks/golden_policy_full_20260907/634/evaluation.json,0.9237536899745464
635,False,recovered,True,/project/yunhengzou/coordinate_alignment/aam_benchmarks/golden_policy_full_20260907/635/evaluation.json,0.24734891764819622
636,False,recovered,True,/project/yunhengzou/coordinate_alignment/aam_benchmarks/golden_policy_full_20260907/636/evaluation.json,1.297426467295736
637,False,recovered,True,/project/yunhengzou/coordinate_alignment/aam_benchmarks/golden_policy_full_20260907/637/evaluation.json,0.100414730142802
638,False,recovered,True,/project/yunhengzou/coordinate_alignment/aam_benchmarks/golden_policy_full_20260907/638/evaluation.json,0.9001739858649671
639,False,recovered,True,/project/yunhengzou/coordinate_alignment/aam_benchmarks/golden_policy_full_20260907/639/evaluation.json,3.564955377019942
640,False,recovered,True,/project/yunhengzou/coordinate_alignment/aam_benchmarks/golden_policy_full_20260907/640/evaluation.json,1.7094111582264304
641,False,recovered,True,/project/yunhengzou/coordinate_alignment/aam_benchmarks/golden_policy_full_20260907/641/evaluation.json,1.1042978563345969
642,False,recovered,True,/project/yunhengzou/coordinate_alignment/aam_benchmarks/golden_policy_full_20260907/642/evaluation.json,7.44745926419273
643,False,recovered,True,/project/yunhengzou/coordinate_alignment/aam_benchmarks/golden_policy_full_20260907/643/evaluation.json,0.13091992307454348
644,False,recovered,True,/project/yunhengzou/coordinate_alignment/aam_benchmarks/golden_policy_full_20260907/644/evaluation.json,0.987684597959742
645,False,recovered,True,/project/yunhengzou/coordinate_alignment/aam_benchmarks/golden_policy_full_20260907/645/evaluation.json,8.336456390097737
646,False,recovered,True,/project/yunhengzou/coordinate_alignment/aam_benchmarks/golden_policy_full_20260907/646/evaluation.json,0.9106609942391515
647,False,recovered,True,/project/yunhengzou/coordinate_alignment/aam_benchmarks/golden_policy_full_20260907/647/evaluation.json,1.2817912809550762
648,False,recovered,True,/project/yunhengzou/coordinate_alignment/aam_benchmarks/golden_policy_full_20260907/648/evaluation.json,0.11394712422043085
649,False,recovered,True,/project/yunhengzou/coordinate_alignment/aam_benchmarks/golden_policy_full_20260907/649/evaluation.json,1.3984641628339887
650,False,recovered,True,/project/yunhengzou/coordinate_alignment/aam_benchmarks/golden_policy_full_20260907/650/evaluation.json,4.5832422859966755
651,False,recovered,True,/project/yunhengzou/coordinate_alignment/aam_benchmarks/golden_policy_full_20260907/651/evaluation.json,1.6071901619434357
652,False,recovered,True,/project/yunhengzou/coordinate_alignment/aam_benchmarks/golden_policy_full_20260907/652/evaluation.json,0.5022433451376855
653,False,recovered,True,/project/yunhengzou/coordinate_alignment/aam_benchmarks/golden_policy_full_20260907/653/evaluation.json,0.34137848392128944
654,False,recovered,False,/project/yunhengzou/coordinate_alignment/aam_benchmarks/golden_policy_full_20260907/654/evaluation.json,0.1348387934267521
655,False,recovered,True,/project/yunhengzou/coordinate_alignment/aam_benchmarks/golden_policy_full_20260907/655/evaluation.json,0.10434161871671677
656,False,recovered,False,/project/yunhengzou/coordinate_alignment/aam_benchmarks/golden_policy_full_20260907/656/evaluation.json,0.29612324200570583
657,False,recovered,True,/project/yunhengzou/coordinate_alignment/aam_benchmarks/golden_policy_full_20260907/657/evaluation.json,0.45707058999687433
658,False,recovered,True,/project/yunhengzou/coordinate_alignment/aam_benchmarks/golden_policy_full_20260907/658/evaluation.json,0.22050526598468423
659,False,recovered,True,/project/yunhengzou/coordinate_alignment/aam_benchmarks/golden_policy_full_20260907/659/evaluation.json,0.06187492096796632
660,False,recovered,True,/project/yunhengzou/coordinate_alignment/aam_benchmarks/golden_policy_full_20260907/660/evaluation.json,0.09083479386754334
661,False,recovered,True,/project/yunhengzou/coordinate_alignment/aam_benchmarks/golden_policy_full_20260907/661/evaluation.json,0.3532161461189389
662,False,recovered,True,/project/yunhengzou/coordinate_alignment/aam_benchmarks/golden_policy_full_20260907/662/evaluation.json,1.2829679360147566
663,False,recovered,True,/project/yunhengzou/coordinate_alignment/aam_benchmarks/golden_policy_full_20260907/663/evaluation.json,0.5614900272339582
664,False,recovered,True,/project/yunhengzou/coordinate_alignment/aam_benchmarks/golden_policy_full_20260907/664/evaluation.json,0.3279853109270334
665,False,recovered,True,/project/yunhengzou/coordinate_alignment/aam_benchmarks/golden_policy_full_20260907/665/evaluation.json,1.3342424426227808
666,False,recovered,True,/project/yunhengzou/coordinate_alignment/aam_benchmarks/golden_policy_full_20260907/666/evaluation.json,2.3243912332691252
667,False,recovered,False,/project/yunhengzou/coordinate_alignment/aam_benchmarks/golden_policy_full_20260907/667/evaluation.json,8.382367916405201
668,False,recovered,True,/project/yunhengzou/coordinate_alignment/aam_benchmarks/golden_policy_full_20260907/668/evaluation.json,0.21366066951304674
669,False,recovered,True,/project/yunhengzou/coordinate_alignment/aam_benchmarks/golden_policy_full_20260907/669/evaluation.json,0.0569736585021019
670,False,recovered,True,/project/yunhengzou/coordinate_alignment/aam_benchmarks/golden_policy_full_20260907/670/evaluation.json,0.8822042485699058
671,False,recovered,True,/project/yunhengzou/coordinate_alignment/aam_benchmarks/golden_policy_full_20260907/671/evaluation.json,1.5278473068028688
672,False,recovered,True,/project/yunhengzou/coordinate_alignment/aam_benchmarks/golden_policy_full_20260907/672/evaluation.json,15.645326344063506
673,False,recovered,True,/project/yunhengzou/coordinate_alignment/aam_benchmarks/golden_policy_full_20260907/673/evaluation.json,1.265472934115678
674,False,recovered,False,/project/yunhengzou/coordinate_alignment/aam_benchmarks/golden_policy_full_20260907/674/evaluation.json,0.28641175106167793
675,False,recovered,True,/project/yunhengzou/coordinate_alignment/aam_benchmarks/golden_policy_full_20260907/675/evaluation.json,0.21279457304626703
676,False,recovered,True,/project/yunhengzou/coordinate_alignment/aam_benchmarks/golden_policy_full_20260907/676/evaluation.json,0.32086755614727736
677,False,recovered,True,/project/yunhengzou/coordinate_alignment/aam_benchmarks/golden_policy_full_20260907/677/evaluation.json,7.722726424224675
678,False,recovered,True,/project/yunhengzou/coordinate_alignment/aam_benchmarks/golden_policy_full_20260907/678/evaluation.json,0.12454629223793745
679,False,recovered,True,/project/yunhengzou/coordinate_alignment/aam_benchmarks/golden_policy_full_20260907/679/evaluation.json,0.9756425840314478
680,False,recovered,True,/project/yunhengzou/coordinate_alignment/aam_benchmarks/golden_policy_full_20260907/680/evaluation.json,1.0064681838266551
681,False,recovered,True,/project/yunhengzou/coordinate_alignment/aam_benchmarks/golden_policy_full_20260907/681/evaluation.json,0.4875975176692009
682,False,recovered,True,/project/yunhengzou/coordinate_alignment/aam_benchmarks/golden_policy_full_20260907/682/evaluation.json,19.4337263291236
683,False,recovered,True,/project/yunhengzou/coordinate_alignment/aam_benchmarks/golden_policy_full_20260907/683/evaluation.json,0.2795995569322258
684,False,recovered,True,/project/yunhengzou/coordinate_alignment/aam_benchmarks/golden_policy_full_20260907/684/evaluation.json,0.3527484070509672
685,False,recovered,False,/project/yunhengzou/coordinate_alignment/aam_benchmarks/golden_policy_full_20260907/685/evaluation.json,1.2661364674568176
686,False,recovered,True,/project/yunhengzou/coordinate_alignment/aam_benchmarks/golden_policy_full_20260907/686/evaluation.json,1.0678735235705972
687,False,recovered,False,/project/yunhengzou/coordinate_alignment/aam_benchmarks/golden_policy_full_20260907/687/evaluation.json,0.31187553331255913
688,False,recovered,True,/project/yunhengzou/coordinate_alignment/aam_benchmarks/golden_policy_full_20260907/688/evaluation.json,0.4400237575173378
689,False,recovered,True,/project/yunhengzou/coordinate_alignment/aam_benchmarks/golden_policy_full_20260907/689/evaluation.json,0.27769679948687553
690,False,recovered,True,/project/yunhengzou/coordinate_alignment/aam_benchmarks/golden_policy_full_20260907/690/evaluation.json,0.29923470690846443
691,False,recovered,True,/project/yunhengzou/coordinate_alignment/aam_benchmarks/golden_policy_full_20260907/691/evaluation.json,0.8601582832634449
692,False,recovered,True,/project/yunhengzou/coordinate_alignment/aam_benchmarks/golden_policy_full_20260907/692/evaluation.json,3.2522111609578133
693,False,recovered,True,/project/yunhengzou/coordinate_alignment/aam_benchmarks/golden_policy_full_20260907/693/evaluation.json,0.16376333311200142
694,False,recovered,True,/project/yunhengzou/coordinate_alignment/aam_benchmarks/golden_policy_full_20260907/694/evaluation.json,0.10798792401328683
695,False,recovered,True,/project/yunhengzou/coordinate_alignment/aam_benchmarks/golden_policy_full_20260907/695/evaluation.json,2.4860356589779258
696,False,recovered,True,/project/yunhengzou/coordinate_alignment/aam_benchmarks/golden_policy_full_20260907/696/evaluation.json,4.201148628257215
697,False,recovered,True,/project/yunhengzou/coordinate_alignment/aam_benchmarks/golden_policy_full_20260907/697/evaluation.json,2.699656399898231
698,False,recovered,True,/project/yunhengzou/coordinate_alignment/aam_benchmarks/golden_policy_full_20260907/698/evaluation.json,0.061919122003018856
699,False,recovered,True,/project/yunhengzou/coordinate_alignment/aam_benchmarks/golden_policy_full_20260907/699/evaluation.json,0.14483788423240185
700,False,recovered,True,/project/yunhengzou/coordinate_alignment/aam_benchmarks/golden_policy_full_20260907/700/evaluation.json,0.5594785697758198
701,False,recovered,False,/project/yunhengzou/coordinate_alignment/aam_benchmarks/golden_policy_full_20260907/701/evaluation.json,0.040870682103559375
702,False,recovered,True,/project/yunhengzou/coordinate_alignment/aam_benchmarks/golden_policy_full_20260907/702/evaluation.json,0.04797632806003094
703,False,recovered,True,/project/yunhengzou/coordinate_alignment/aam_benchmarks/golden_policy_full_20260907/703/evaluation.json,0.08271577768027782
704,False,recovered,True,/project/yunhengzou/coordinate_alignment/aam_benchmarks/golden_policy_full_20260907/704/evaluation.json,0.04618048947304487
705,False,recovered,True,/project/yunhengzou/coordinate_alignment/aam_benchmarks/golden_policy_full_20260907/705/evaluation.json,0.2310471311211586
706,False,recovered,True,/project/yunhengzou/coordinate_alignment/aam_benchmarks/golden_policy_full_20260907/706/evaluation.json,3.4291810244321823
707,False,recovered,True,/project/yunhengzou/coordinate_alignment/aam_benchmarks/golden_policy_full_20260907/707/evaluation.json,0.03594415448606014
708,False,recovered,True,/project/yunhengzou/coordinate_alignment/aam_benchmarks/golden_policy_full_20260907/708/evaluation.json,0.15164176188409328
709,False,recovered,True,/project/yunhengzou/coordinate_alignment/aam_benchmarks/golden_policy_full_20260907/709/evaluation.json,5.430615297984332
710,False,recovered,True,/project/yunhengzou/coordinate_alignment/aam_benchmarks/golden_policy_full_20260907/710/evaluation.json,1.9617630299180746
711,False,recovered,True,/project/yunhengzou/coordinate_alignment/aam_benchmarks/golden_policy_full_20260907/711/evaluation.json,0.271651198156178
712,False,recovered,True,/project/yunhengzou/coordinate_alignment/aam_benchmarks/golden_policy_full_20260907/712/evaluation.json,0.24093076307326555
713,True,recovered,True,/project/yunhengzou/coordinate_alignment/aam_benchmarks/golden_all_records_20260907/713/evaluation.json,0.03590809553861618
714,False,recovered,True,/project/yunhengzou/coordinate_alignment/aam_benchmarks/golden_policy_full_20260907/714/evaluation.json,0.6262024519965053
715,False,recovered,True,/project/yunhengzou/coordinate_alignment/aam_benchmarks/golden_policy_full_20260907/715/evaluation.json,0.9262820649892092
716,False,recovered,True,/project/yunhengzou/coordinate_alignment/aam_benchmarks/golden_policy_full_20260907/716/evaluation.json,1.5283203180879354
717,False,recovered,True,/project/yunhengzou/coordinate_alignment/aam_benchmarks/golden_policy_full_20260907/717/evaluation.json,0.051626699045300484
718,False,recovered,True,/project/yunhengzou/coordinate_alignment/aam_benchmarks/golden_policy_full_20260907/718/evaluation.json,0.08625554293394089
719,False,recovered,True,/project/yunhengzou/coordinate_alignment/aam_benchmarks/golden_policy_full_20260907/719/evaluation.json,0.08526133559644222
720,False,recovered,True,/project/yunhengzou/coordinate_alignment/aam_benchmarks/golden_policy_full_20260907/720/evaluation.json,1.014618950895965
721,False,recovered,True,/project/yunhengzou/coordinate_alignment/aam_benchmarks/golden_policy_full_20260907/721/evaluation.json,0.5600951439701021
722,False,recovered,True,/project/yunhengzou/coordinate_alignment/aam_benchmarks/golden_policy_full_20260907/722/evaluation.json,0.20590944541618228
723,False,recovered,True,/project/yunhengzou/coordinate_alignment/aam_benchmarks/golden_policy_full_20260907/723/evaluation.json,1.8130390332080424
724,False,recovered,True,/project/yunhengzou/coordinate_alignment/aam_benchmarks/golden_policy_full_20260907/724/evaluation.json,0.7727757301181555
725,False,recovered,True,/project/yunhengzou/coordinate_alignment/aam_benchmarks/golden_policy_full_20260907/725/evaluation.json,1.7563987988978624
726,False,recovered,True,/project/yunhengzou/coordinate_alignment/aam_benchmarks/golden_policy_full_20260907/726/evaluation.json,0.17493172106333077
727,False,recovered,True,/project/yunhengzou/coordinate_alignment/aam_benchmarks/golden_policy_full_20260907/727/evaluation.json,0.08234801981598139
728,False,recovered,True,/project/yunhengzou/coordinate_alignment/aam_benchmarks/golden_policy_full_20260907/728/evaluation.json,0.5219077048823237
729,False,recovered,True,/project/yunhengzou/coordinate_alignment/aam_benchmarks/golden_policy_full_20260907/729/evaluation.json,0.23473095428198576
730,False,recovered,True,/project/yunhengzou/coordinate_alignment/aam_benchmarks/golden_policy_full_20260907/730/evaluation.json,1.3854702385142446
731,False,recovered,True,/project/yunhengzou/coordinate_alignment/aam_benchmarks/golden_policy_full_20260907/731/evaluation.json,0.15152331721037626
732,False,recovered,True,/project/yunhengzou/coordinate_alignment/aam_benchmarks/golden_policy_full_20260907/732/evaluation.json,0.24946792144328356
733,False,recovered,True,/project/yunhengzou/coordinate_alignment/aam_benchmarks/golden_policy_full_20260907/733/evaluation.json,4.676426948979497
734,False,recovered,True,/project/yunhengzou/coordinate_alignment/aam_benchmarks/golden_policy_full_20260907/734/evaluation.json,0.1318300359416753
735,False,recovered,True,/project/yunhengzou/coordinate_alignment/aam_benchmarks/golden_policy_full_20260907/735/evaluation.json,6.7836347706615925
736,False,recovered,True,/project/yunhengzou/coordinate_alignment/aam_benchmarks/golden_policy_full_20260907/736/evaluation.json,0.825126233510673
737,False,not_recovered,False,/project/yunhengzou/coordinate_alignment/aam_benchmarks/golden_domain_rescore_v2_20260907/737/evaluation.json,61.54024047916755
738,False,recovered,True,/project/yunhengzou/coordinate_alignment/aam_benchmarks/golden_policy_full_20260907/738/evaluation.json,0.3490616288036108
739,False,recovered,True,/project/yunhengzou/coordinate_alignment/aam_benchmarks/golden_policy_full_20260907/739/evaluation.json,0.11180403642356396
740,False,recovered,True,/project/yunhengzou/coordinate_alignment/aam_benchmarks/golden_policy_full_20260907/740/evaluation.json,20.053871359676123
741,False,recovered,False,/project/yunhengzou/coordinate_alignment/aam_benchmarks/golden_policy_full_20260907/741/evaluation.json,2.401313168928027
742,False,recovered,True,/project/yunhengzou/coordinate_alignment/aam_benchmarks/golden_policy_full_20260907/742/evaluation.json,2.9100875607691705
743,False,recovered,True,/project/yunhengzou/coordinate_alignment/aam_benchmarks/golden_policy_full_20260907/743/evaluation.json,2.766055648215115
744,False,recovered,True,/project/yunhengzou/coordinate_alignment/aam_benchmarks/golden_policy_full_20260907/744/evaluation.json,8.22049919096753
745,False,recovered,True,/project/yunhengzou/coordinate_alignment/aam_benchmarks/golden_policy_full_20260907/745/evaluation.json,0.41740128491073847
746,False,recovered,False,/project/yunhengzou/coordinate_alignment/aam_benchmarks/golden_policy_full_20260907/746/evaluation.json,4.68203840800561
747,False,recovered,True,/project/yunhengzou/coordinate_alignment/aam_benchmarks/golden_policy_full_20260907/747/evaluation.json,3.9718308891169727
748,False,recovered,True,/project/yunhengzou/coordinate_alignment/aam_benchmarks/golden_policy_full_20260907/748/evaluation.json,0.2053760141134262
749,False,recovered,False,/project/yunhengzou/coordinate_alignment/aam_benchmarks/golden_policy_full_20260907/749/evaluation.json,0.2183190956711769
750,False,recovered,True,/project/yunhengzou/coordinate_alignment/aam_benchmarks/golden_policy_full_20260907/750/evaluation.json,4.276269199326634
751,False,recovered,True,/project/yunhengzou/coordinate_alignment/aam_benchmarks/golden_policy_full_20260907/751/evaluation.json,0.5571947665885091
752,False,recovered,True,/project/yunhengzou/coordinate_alignment/aam_benchmarks/golden_policy_full_20260907/752/evaluation.json,0.08524218387901783
753,False,recovered,True,/project/yunhengzou/coordinate_alignment/aam_benchmarks/golden_policy_full_20260907/753/evaluation.json,2.7375153498724103
754,False,recovered,True,/project/yunhengzou/coordinate_alignment/aam_benchmarks/golden_policy_full_20260907/754/evaluation.json,0.10219625104218721
755,False,recovered,True,/project/yunhengzou/coordinate_alignment/aam_benchmarks/golden_policy_full_20260907/755/evaluation.json,0.09175695572048426
756,False,recovered,True,/project/yunhengzou/coordinate_alignment/aam_benchmarks/golden_policy_full_20260907/756/evaluation.json,2.599524537101388
757,False,recovered,True,/project/yunhengzou/coordinate_alignment/aam_benchmarks/golden_policy_full_20260907/757/evaluation.json,21.765187790151685
758,False,recovered,True,/project/yunhengzou/coordinate_alignment/aam_benchmarks/golden_policy_full_20260907/758/evaluation.json,0.10993044916540384
759,False,recovered,True,/project/yunhengzou/coordinate_alignment/aam_benchmarks/golden_policy_full_20260907/759/evaluation.json,1.120348397642374
760,False,recovered,True,/project/yunhengzou/coordinate_alignment/aam_benchmarks/golden_policy_full_20260907/760/evaluation.json,2.0404652459546924
761,False,recovered,True,/project/yunhengzou/coordinate_alignment/aam_benchmarks/golden_policy_full_20260907/761/evaluation.json,0.31011744774878025
762,False,recovered,True,/project/yunhengzou/coordinate_alignment/aam_benchmarks/golden_policy_full_20260907/762/evaluation.json,1.9075315902009606
763,False,recovered,True,/project/yunhengzou/coordinate_alignment/aam_benchmarks/golden_policy_full_20260907/763/evaluation.json,0.8020120952278376
764,False,recovered,True,/project/yunhengzou/coordinate_alignment/aam_benchmarks/golden_policy_full_20260907/764/evaluation.json,2.9026160165667534
765,False,recovered,True,/project/yunhengzou/coordinate_alignment/aam_benchmarks/golden_policy_full_20260907/765/evaluation.json,2.151159471832216
766,False,recovered,True,/project/yunhengzou/coordinate_alignment/aam_benchmarks/golden_policy_full_20260907/766/evaluation.json,6.160735311917961
767,False,recovered,False,/project/yunhengzou/coordinate_alignment/aam_benchmarks/golden_policy_full_20260907/767/evaluation.json,0.3581034131348133
768,False,recovered,True,/project/yunhengzou/coordinate_alignment/aam_benchmarks/golden_policy_full_20260907/768/evaluation.json,35.62821619398892
769,False,recovered,True,/project/yunhengzou/coordinate_alignment/aam_benchmarks/golden_policy_full_20260907/769/evaluation.json,0.24413848598487675
770,False,recovered,True,/project/yunhengzou/coordinate_alignment/aam_benchmarks/golden_policy_full_20260907/770/evaluation.json,0.8201328231953084
771,False,recovered,True,/project/yunhengzou/coordinate_alignment/aam_benchmarks/golden_policy_full_20260907/771/evaluation.json,4.272187730995938
772,False,recovered,True,/project/yunhengzou/coordinate_alignment/aam_benchmarks/golden_policy_full_20260907/772/evaluation.json,7.529447020962834
773,False,recovered,False,/project/yunhengzou/coordinate_alignment/aam_benchmarks/golden_policy_full_20260907/773/evaluation.json,2.312045088969171
774,False,recovered,True,/project/yunhengzou/coordinate_alignment/aam_benchmarks/golden_policy_full_20260907/774/evaluation.json,0.44077852088958025
775,False,not_recovered,False,/project/yunhengzou/coordinate_alignment/aam_benchmarks/golden_domain_rescore_v2_20260907/775/evaluation.json,15.397188434144482
776,False,recovered,True,/project/yunhengzou/coordinate_alignment/aam_benchmarks/golden_policy_full_20260907/776/evaluation.json,0.3538735159672797
777,False,recovered,True,/project/yunhengzou/coordinate_alignment/aam_benchmarks/golden_policy_full_20260907/777/evaluation.json,2.195600688457489
778,False,recovered,True,/project/yunhengzou/coordinate_alignment/aam_benchmarks/golden_policy_full_20260907/778/evaluation.json,0.0936482660472393
779,False,recovered,True,/project/yunhengzou/coordinate_alignment/aam_benchmarks/golden_policy_full_20260907/779/evaluation.json,0.4893388079944998
780,False,not_recovered,False,/project/yunhengzou/coordinate_alignment/aam_benchmarks/golden_domain_rescore_v2_20260907/780/evaluation.json,69.71509400196373
781,False,recovered,True,/project/yunhengzou/coordinate_alignment/aam_benchmarks/golden_policy_full_20260907/781/evaluation.json,0.05892836209386587
782,False,recovered,True,/project/yunhengzou/coordinate_alignment/aam_benchmarks/golden_policy_full_20260907/782/evaluation.json,0.5022394806146622
783,False,recovered,True,/project/yunhengzou/coordinate_alignment/aam_benchmarks/golden_policy_full_20260907/783/evaluation.json,2.0192245533689857
784,False,recovered,True,/project/yunhengzou/coordinate_alignment/aam_benchmarks/golden_policy_full_20260907/784/evaluation.json,9.886498953215778
785,False,recovered,True,/project/yunhengzou/coordinate_alignment/aam_benchmarks/golden_policy_full_20260907/785/evaluation.json,0.15729237883351743
786,False,recovered,True,/project/yunhengzou/coordinate_alignment/aam_benchmarks/golden_policy_full_20260907/786/evaluation.json,0.052648783661425114
787,False,recovered,True,/project/yunhengzou/coordinate_alignment/aam_benchmarks/golden_policy_full_20260907/787/evaluation.json,0.03386420290917158
788,False,recovered,True,/project/yunhengzou/coordinate_alignment/aam_benchmarks/golden_policy_full_20260907/788/evaluation.json,0.16890403674915433
789,False,recovered,True,/project/yunhengzou/coordinate_alignment/aam_benchmarks/golden_policy_full_20260907/789/evaluation.json,6.952753864694387
790,False,recovered,True,/project/yunhengzou/coordinate_alignment/aam_benchmarks/golden_policy_full_20260907/790/evaluation.json,6.1962502412498
791,False,recovered,True,/project/yunhengzou/coordinate_alignment/aam_benchmarks/golden_policy_full_20260907/791/evaluation.json,0.2713166568428278
792,False,recovered,True,/project/yunhengzou/coordinate_alignment/aam_benchmarks/golden_policy_full_20260907/792/evaluation.json,1.090789888985455
793,False,recovered,True,/project/yunhengzou/coordinate_alignment/aam_benchmarks/golden_policy_full_20260907/793/evaluation.json,4.246406990103424
794,False,recovered,True,/project/yunhengzou/coordinate_alignment/aam_benchmarks/golden_policy_full_20260907/794/evaluation.json,0.34008639212697744
795,False,recovered,True,/project/yunhengzou/coordinate_alignment/aam_benchmarks/golden_policy_full_20260907/795/evaluation.json,0.05322666186839342
796,False,recovered,True,/project/yunhengzou/coordinate_alignment/aam_benchmarks/golden_policy_full_20260907/796/evaluation.json,3.225316337775439
797,False,recovered,True,/project/yunhengzou/coordinate_alignment/aam_benchmarks/golden_policy_full_20260907/797/evaluation.json,1.2805296750739217
798,False,recovered,True,/project/yunhengzou/coordinate_alignment/aam_benchmarks/golden_policy_full_20260907/798/evaluation.json,0.07386144017800689
799,False,recovered,False,/project/yunhengzou/coordinate_alignment/aam_benchmarks/golden_policy_full_20260907/799/evaluation.json,0.29397832974791527
800,False,recovered,True,/project/yunhengzou/coordinate_alignment/aam_benchmarks/golden_policy_full_20260907/800/evaluation.json,0.36010145698674023
801,False,recovered,True,/project/yunhengzou/coordinate_alignment/aam_benchmarks/golden_policy_full_20260907/801/evaluation.json,0.8525045870337635
802,False,recovered,True,/project/yunhengzou/coordinate_alignment/aam_benchmarks/golden_policy_full_20260907/802/evaluation.json,4.9460331548471
803,False,recovered,True,/project/yunhengzou/coordinate_alignment/aam_benchmarks/golden_policy_full_20260907/803/evaluation.json,0.21766697987914085
804,False,recovered,True,/project/yunhengzou/coordinate_alignment/aam_benchmarks/golden_policy_full_20260907/804/evaluation.json,0.30734501499682665
805,False,recovered,True,/project/yunhengzou/coordinate_alignment/aam_benchmarks/golden_policy_full_20260907/805/evaluation.json,0.5820460394024849
806,False,recovered,False,/project/yunhengzou/coordinate_alignment/aam_benchmarks/golden_policy_full_20260907/806/evaluation.json,4.048163113184273
807,False,recovered,True,/project/yunhengzou/coordinate_alignment/aam_benchmarks/golden_policy_full_20260907/807/evaluation.json,2.757855670992285
808,False,recovered,True,/project/yunhengzou/coordinate_alignment/aam_benchmarks/golden_policy_full_20260907/808/evaluation.json,4.147768299095333
809,False,recovered,True,/project/yunhengzou/coordinate_alignment/aam_benchmarks/golden_policy_full_20260907/809/evaluation.json,0.9560005189850926
810,False,recovered,True,/project/yunhengzou/coordinate_alignment/aam_benchmarks/golden_policy_full_20260907/810/evaluation.json,0.1575479842722416
811,False,recovered,True,/project/yunhengzou/coordinate_alignment/aam_benchmarks/golden_policy_full_20260907/811/evaluation.json,1.1852689757943153
812,False,recovered,True,/project/yunhengzou/coordinate_alignment/aam_benchmarks/golden_policy_full_20260907/812/evaluation.json,0.6393994763493538
813,False,recovered,True,/project/yunhengzou/coordinate_alignment/aam_benchmarks/golden_policy_full_20260907/813/evaluation.json,3.334034539759159
814,False,recovered,True,/project/yunhengzou/coordinate_alignment/aam_benchmarks/golden_policy_full_20260907/814/evaluation.json,4.008997605647892
815,False,recovered,False,/project/yunhengzou/coordinate_alignment/aam_benchmarks/golden_policy_full_20260907/815/evaluation.json,6.1312871323898435
816,False,recovered,True,/project/yunhengzou/coordinate_alignment/aam_benchmarks/golden_policy_full_20260907/816/evaluation.json,11.73460239265114
817,False,recovered,True,/project/yunhengzou/coordinate_alignment/aam_benchmarks/golden_policy_full_20260907/817/evaluation.json,0.11656307894736528
818,False,recovered,True,/project/yunhengzou/coordinate_alignment/aam_benchmarks/golden_policy_full_20260907/818/evaluation.json,23.60270994901657
819,False,recovered,True,/project/yunhengzou/coordinate_alignment/aam_benchmarks/golden_policy_full_20260907/819/evaluation.json,2.14288891479373
820,False,recovered,True,/project/yunhengzou/coordinate_alignment/aam_benchmarks/golden_policy_full_20260907/820/evaluation.json,7.934960477985442
821,False,recovered,True,/project/yunhengzou/coordinate_alignment/aam_benchmarks/golden_policy_full_20260907/821/evaluation.json,0.1268914407119155
822,False,recovered,True,/project/yunhengzou/coordinate_alignment/aam_benchmarks/golden_policy_full_20260907/822/evaluation.json,10.414135618135333
823,False,recovered,False,/project/yunhengzou/coordinate_alignment/aam_benchmarks/golden_policy_full_20260907/823/evaluation.json,4.186389514245093
824,False,recovered,,/project/yunhengzou/coordinate_alignment/aam_benchmarks/golden_policy_full_20260907/824/evaluation.json,1.6834431739989668
825,False,recovered,,/project/yunhengzou/coordinate_alignment/aam_benchmarks/golden_policy_full_20260907/825/evaluation.json,4.861500075086951
826,False,recovered,True,/project/yunhengzou/coordinate_alignment/aam_benchmarks/golden_policy_full_20260907/826/evaluation.json,3.1136414180509746
827,False,recovered,True,/project/yunhengzou/coordinate_alignment/aam_benchmarks/golden_policy_full_20260907/827/evaluation.json,13.179090636782348
828,False,recovered,True,/project/yunhengzou/coordinate_alignment/aam_benchmarks/golden_policy_full_20260907/828/evaluation.json,1.9273089887574315
829,False,recovered,False,/project/yunhengzou/coordinate_alignment/aam_benchmarks/golden_policy_full_20260907/829/evaluation.json,12.527136497199535
830,False,recovered,True,/project/yunhengzou/coordinate_alignment/aam_benchmarks/golden_policy_full_20260907/830/evaluation.json,20.135910276789218
831,False,recovered,False,/project/yunhengzou/coordinate_alignment/aam_benchmarks/golden_policy_full_20260907/831/evaluation.json,5.581088314764202
832,False,recovered,True,/project/yunhengzou/coordinate_alignment/aam_benchmarks/golden_policy_full_20260907/832/evaluation.json,1.65049969824031
833,False,not_recovered,False,/project/yunhengzou/coordinate_alignment/aam_benchmarks/golden_domain_rescore_v2_20260907/833/evaluation.json,78.71031654905528
834,False,recovered,,/project/yunhengzou/coordinate_alignment/aam_benchmarks/golden_policy_full_20260907/834/evaluation.json,7.892840584972873
835,False,recovered,True,/project/yunhengzou/coordinate_alignment/aam_benchmarks/golden_policy_full_20260907/835/evaluation.json,13.190393996890634
836,False,recovered,True,/project/yunhengzou/coordinate_alignment/aam_benchmarks/golden_policy_full_20260907/836/evaluation.json,7.842691200785339
837,False,recovered,True,/project/yunhengzou/coordinate_alignment/aam_benchmarks/golden_policy_full_20260907/837/evaluation.json,6.178526788018644
838,False,recovered,True,/project/yunhengzou/coordinate_alignment/aam_benchmarks/golden_policy_full_20260907/838/evaluation.json,6.306908408179879
839,False,recovered,True,/project/yunhengzou/coordinate_alignment/aam_benchmarks/golden_policy_full_20260907/839/evaluation.json,8.31374676618725
840,False,recovered,False,/project/yunhengzou/coordinate_alignment/aam_benchmarks/golden_policy_full_20260907/840/evaluation.json,7.858659124933183
841,False,recovered,False,/project/yunhengzou/coordinate_alignment/aam_benchmarks/golden_policy_full_20260907/841/evaluation.json,9.217237912118435
842,False,recovered,True,/project/yunhengzou/coordinate_alignment/aam_benchmarks/golden_policy_full_20260907/842/evaluation.json,4.091160459909588
843,False,recovered,True,/project/yunhengzou/coordinate_alignment/aam_benchmarks/golden_policy_full_20260907/843/evaluation.json,2.3372714980505407
844,False,recovered,True,/project/yunhengzou/coordinate_alignment/aam_benchmarks/golden_policy_full_20260907/844/evaluation.json,26.977274832781404
845,False,not_recovered,False,/project/yunhengzou/coordinate_alignment/aam_benchmarks/golden_domain_rescore_v2_20260907/845/evaluation.json,13.935588719788939
846,False,not_recovered,False,/project/yunhengzou/coordinate_alignment/aam_benchmarks/golden_domain_rescore_v2_20260907/846/evaluation.json,153.45011630421504
847,False,recovered,True,/project/yunhengzou/coordinate_alignment/aam_benchmarks/golden_policy_full_20260907/847/evaluation.json,1.6677393848076463
848,False,recovered,True,/project/yunhengzou/coordinate_alignment/aam_benchmarks/golden_policy_full_20260907/848/evaluation.json,4.246232907753438
849,False,recovered,True,/project/yunhengzou/coordinate_alignment/aam_benchmarks/golden_policy_full_20260907/849/evaluation.json,2.0184336942620575
850,False,not_recovered,False,/project/yunhengzou/coordinate_alignment/aam_benchmarks/golden_domain_rescore_v2_20260907/850/evaluation.json,175.46585600683466
851,False,recovered,False,/project/yunhengzou/coordinate_alignment/aam_benchmarks/golden_policy_full_20260907/851/evaluation.json,23.419811935164034
852,False,recovered,,/project/yunhengzou/coordinate_alignment/aam_benchmarks/golden_policy_full_20260907/852/evaluation.json,4.761556155979633
853,False,recovered,False,/project/yunhengzou/coordinate_alignment/aam_benchmarks/golden_policy_full_20260907/853/evaluation.json,2.7023160071112216
854,False,recovered,True,/project/yunhengzou/coordinate_alignment/aam_benchmarks/golden_policy_full_20260907/854/evaluation.json,11.709327855147421
855,False,recovered,True,/project/yunhengzou/coordinate_alignment/aam_benchmarks/golden_policy_full_20260907/855/evaluation.json,1.4770785109139979
856,False,recovered,False,/project/yunhengzou/coordinate_alignment/aam_benchmarks/golden_policy_full_20260907/856/evaluation.json,11.25256382720545
857,False,recovered,True,/project/yunhengzou/coordinate_alignment/aam_benchmarks/golden_policy_full_20260907/857/evaluation.json,3.922553926240653
858,False,recovered,True,/project/yunhengzou/coordinate_alignment/aam_benchmarks/golden_policy_full_20260907/858/evaluation.json,4.776335812173784
859,False,recovered,True,/project/yunhengzou/coordinate_alignment/aam_benchmarks/golden_policy_full_20260907/859/evaluation.json,1.9981189221143723
860,False,recovered,True,/project/yunhengzou/coordinate_alignment/aam_benchmarks/golden_policy_full_20260907/860/evaluation.json,0.1089824941009283
861,False,recovered,True,/project/yunhengzou/coordinate_alignment/aam_benchmarks/golden_policy_full_20260907/861/evaluation.json,1.7836918672546744
862,False,recovered,,/project/yunhengzou/coordinate_alignment/aam_benchmarks/golden_policy_full_20260907/862/evaluation.json,0.032004357082769275
863,False,recovered,True,/project/yunhengzou/coordinate_alignment/aam_benchmarks/golden_policy_full_20260907/863/evaluation.json,0.3090002443641424
864,False,recovered,True,/project/yunhengzou/coordinate_alignment/aam_benchmarks/golden_policy_full_20260907/864/evaluation.json,0.22607761155813932
865,False,not_recovered,False,/project/yunhengzou/coordinate_alignment/aam_benchmarks/golden_domain_rescore_v2_20260907/865/evaluation.json,73.24111383594573
866,False,recovered,True,/project/yunhengzou/coordinate_alignment/aam_benchmarks/golden_policy_full_20260907/866/evaluation.json,1.4855888495221734
867,False,not_recovered,False,/project/yunhengzou/coordinate_alignment/aam_benchmarks/golden_domain_rescore_v2_20260907/867/evaluation.json,18.85380308330059
868,False,recovered,True,/project/yunhengzou/coordinate_alignment/aam_benchmarks/golden_policy_full_20260907/868/evaluation.json,6.613451708108187
869,False,recovered,True,/project/yunhengzou/coordinate_alignment/aam_benchmarks/golden_policy_full_20260907/869/evaluation.json,0.4373737210407853
870,False,recovered,True,/project/yunhengzou/coordinate_alignment/aam_benchmarks/golden_policy_full_20260907/870/evaluation.json,17.371279807994142
871,False,not_recovered,False,/project/yunhengzou/coordinate_alignment/aam_benchmarks/golden_domain_rescore_v2_20260907/871/evaluation.json,51.875337143428624
872,False,recovered,True,/project/yunhengzou/coordinate_alignment/aam_benchmarks/golden_policy_full_20260907/872/evaluation.json,1.9394507994875312
873,False,recovered,True,/project/yunhengzou/coordinate_alignment/aam_benchmarks/golden_policy_full_20260907/873/evaluation.json,7.998945807106793
874,False,recovered,True,/project/yunhengzou/coordinate_alignment/aam_benchmarks/golden_policy_full_20260907/874/evaluation.json,5.660207364941016
875,False,recovered,True,/project/yunhengzou/coordinate_alignment/aam_benchmarks/golden_policy_full_20260907/875/evaluation.json,5.587914525996894
876,False,recovered,True,/project/yunhengzou/coordinate_alignment/aam_benchmarks/golden_policy_full_20260907/876/evaluation.json,2.2724980008788407
877,False,recovered,True,/project/yunhengzou/coordinate_alignment/aam_benchmarks/golden_policy_full_20260907/877/evaluation.json,2.7594487119931728
878,False,recovered,True,/project/yunhengzou/coordinate_alignment/aam_benchmarks/golden_policy_full_20260907/878/evaluation.json,1.4506877260282636
879,False,recovered,True,/project/yunhengzou/coordinate_alignment/aam_benchmarks/golden_policy_full_20260907/879/evaluation.json,0.7337893517687917
880,False,recovered,True,/project/yunhengzou/coordinate_alignment/aam_benchmarks/golden_policy_full_20260907/880/evaluation.json,0.35443089343607426
881,False,recovered,True,/project/yunhengzou/coordinate_alignment/aam_benchmarks/golden_policy_full_20260907/881/evaluation.json,0.9816596480086446
882,False,recovered,True,/project/yunhengzou/coordinate_alignment/aam_benchmarks/golden_policy_full_20260907/882/evaluation.json,7.7017265520989895
883,False,recovered,True,/project/yunhengzou/coordinate_alignment/aam_benchmarks/golden_policy_full_20260907/883/evaluation.json,4.620680334046483
884,False,recovered,True,/project/yunhengzou/coordinate_alignment/aam_benchmarks/golden_policy_full_20260907/884/evaluation.json,0.12481485516764224
885,False,recovered,True,/project/yunhengzou/coordinate_alignment/aam_benchmarks/golden_policy_full_20260907/885/evaluation.json,0.7898287139832973
886,False,recovered,True,/project/yunhengzou/coordinate_alignment/aam_benchmarks/golden_policy_full_20260907/886/evaluation.json,3.2013469259254634
887,False,recovered,False,/project/yunhengzou/coordinate_alignment/aam_benchmarks/golden_policy_full_20260907/887/evaluation.json,18.841417382005602
888,False,recovered,True,/project/yunhengzou/coordinate_alignment/aam_benchmarks/golden_policy_full_20260907/888/evaluation.json,2.0294919502921402
889,False,recovered,False,/project/yunhengzou/coordinate_alignment/aam_benchmarks/golden_policy_full_20260907/889/evaluation.json,1.808990300167352
890,False,recovered,True,/project/yunhengzou/coordinate_alignment/aam_benchmarks/golden_policy_full_20260907/890/evaluation.json,0.9917940413579345
891,False,recovered,True,/project/yunhengzou/coordinate_alignment/aam_benchmarks/golden_policy_full_20260907/891/evaluation.json,4.2791666286066175
892,False,recovered,True,/project/yunhengzou/coordinate_alignment/aam_benchmarks/golden_policy_full_20260907/892/evaluation.json,0.1055205063894391
893,False,recovered,True,/project/yunhengzou/coordinate_alignment/aam_benchmarks/golden_policy_full_20260907/893/evaluation.json,3.5583986500278115
894,False,recovered,True,/project/yunhengzou/coordinate_alignment/aam_benchmarks/golden_policy_full_20260907/894/evaluation.json,0.5079111289232969
895,False,recovered,True,/project/yunhengzou/coordinate_alignment/aam_benchmarks/golden_policy_full_20260907/895/evaluation.json,0.1903636334463954
896,False,recovered,True,/project/yunhengzou/coordinate_alignment/aam_benchmarks/golden_policy_full_20260907/896/evaluation.json,1.8438491513952613
897,False,recovered,True,/project/yunhengzou/coordinate_alignment/aam_benchmarks/golden_policy_full_20260907/897/evaluation.json,0.03810039348900318
898,False,recovered,True,/project/yunhengzou/coordinate_alignment/aam_benchmarks/golden_policy_full_20260907/898/evaluation.json,1.2702319007366896
899,False,recovered,True,/project/yunhengzou/coordinate_alignment/aam_benchmarks/golden_policy_full_20260907/899/evaluation.json,1.0326750911772251
900,False,recovered,True,/project/yunhengzou/coordinate_alignment/aam_benchmarks/golden_policy_full_20260907/900/evaluation.json,0.039364841766655445
901,False,recovered,True,/project/yunhengzou/coordinate_alignment/aam_benchmarks/golden_policy_full_20260907/901/evaluation.json,0.6483209086582065
902,False,recovered,True,/project/yunhengzou/coordinate_alignment/aam_benchmarks/golden_policy_full_20260907/902/evaluation.json,0.5391345275565982
903,False,recovered,True,/project/yunhengzou/coordinate_alignment/aam_benchmarks/golden_policy_full_20260907/903/evaluation.json,1.0124434307217598
904,False,recovered,True,/project/yunhengzou/coordinate_alignment/aam_benchmarks/golden_policy_full_20260907/904/evaluation.json,1.3956041540950537
905,False,recovered,True,/project/yunhengzou/coordinate_alignment/aam_benchmarks/golden_policy_full_20260907/905/evaluation.json,8.421256609261036
906,False,recovered,True,/project/yunhengzou/coordinate_alignment/aam_benchmarks/golden_policy_full_20260907/906/evaluation.json,0.03394424915313721
907,False,recovered,False,/project/yunhengzou/coordinate_alignment/aam_benchmarks/golden_policy_full_20260907/907/evaluation.json,0.15920823253691196
908,False,recovered,True,/project/yunhengzou/coordinate_alignment/aam_benchmarks/golden_policy_full_20260907/908/evaluation.json,0.937515776604414
909,False,recovered,True,/project/yunhengzou/coordinate_alignment/aam_benchmarks/golden_policy_full_20260907/909/evaluation.json,9.383031118661165
910,False,recovered,True,/project/yunhengzou/coordinate_alignment/aam_benchmarks/golden_policy_full_20260907/910/evaluation.json,1.6295544570311904
911,False,recovered,True,/project/yunhengzou/coordinate_alignment/aam_benchmarks/golden_policy_full_20260907/911/evaluation.json,0.04909456102177501
912,False,recovered,False,/project/yunhengzou/coordinate_alignment/aam_benchmarks/golden_policy_full_20260907/912/evaluation.json,7.498020742088556
913,False,recovered,True,/project/yunhengzou/coordinate_alignment/aam_benchmarks/golden_policy_full_20260907/913/evaluation.json,6.426911083981395
914,False,recovered,False,/project/yunhengzou/coordinate_alignment/aam_benchmarks/golden_policy_full_20260907/914/evaluation.json,0.1351074210833758
915,False,recovered,False,/project/yunhengzou/coordinate_alignment/aam_benchmarks/golden_policy_full_20260907/915/evaluation.json,3.0466488657984883
916,False,recovered,True,/project/yunhengzou/coordinate_alignment/aam_benchmarks/golden_policy_full_20260907/916/evaluation.json,0.11727333790622652
917,False,recovered,True,/project/yunhengzou/coordinate_alignment/aam_benchmarks/golden_policy_full_20260907/917/evaluation.json,1.6379368060734123
918,False,recovered,False,/project/yunhengzou/coordinate_alignment/aam_benchmarks/golden_policy_full_20260907/918/evaluation.json,1.5536864099558443
919,False,recovered,True,/project/yunhengzou/coordinate_alignment/aam_benchmarks/golden_policy_full_20260907/919/evaluation.json,0.02777443383820355
920,False,recovered,True,/project/yunhengzou/coordinate_alignment/aam_benchmarks/golden_policy_full_20260907/920/evaluation.json,0.10495490510948002
921,False,recovered,True,/project/yunhengzou/coordinate_alignment/aam_benchmarks/golden_policy_full_20260907/921/evaluation.json,0.850058238953352
922,False,recovered,True,/project/yunhengzou/coordinate_alignment/aam_benchmarks/golden_policy_full_20260907/922/evaluation.json,17.044862502021715
923,False,recovered,True,/project/yunhengzou/coordinate_alignment/aam_benchmarks/golden_policy_full_20260907/923/evaluation.json,0.03974137199111283
924,False,recovered,True,/project/yunhengzou/coordinate_alignment/aam_benchmarks/golden_policy_full_20260907/924/evaluation.json,7.682617140002549
925,False,recovered,True,/project/yunhengzou/coordinate_alignment/aam_benchmarks/golden_policy_full_20260907/925/evaluation.json,1.2409805208444595
926,False,recovered,True,/project/yunhengzou/coordinate_alignment/aam_benchmarks/golden_policy_full_20260907/926/evaluation.json,0.1568320095539093
927,False,recovered,True,/project/yunhengzou/coordinate_alignment/aam_benchmarks/golden_policy_full_20260907/927/evaluation.json,0.6579494662582874
928,False,recovered,True,/project/yunhengzou/coordinate_alignment/aam_benchmarks/golden_policy_full_20260907/928/evaluation.json,0.12187459133565426
929,False,recovered,False,/project/yunhengzou/coordinate_alignment/aam_benchmarks/golden_policy_full_20260907/929/evaluation.json,20.936270995996892
930,False,recovered,False,/project/yunhengzou/coordinate_alignment/aam_benchmarks/golden_policy_full_20260907/930/evaluation.json,0.13220939598977566
931,False,recovered,True,/project/yunhengzou/coordinate_alignment/aam_benchmarks/golden_policy_full_20260907/931/evaluation.json,7.131521258503199
932,False,recovered,True,/project/yunhengzou/coordinate_alignment/aam_benchmarks/golden_policy_full_20260907/932/evaluation.json,0.14159563649445772
933,False,recovered,True,/project/yunhengzou/coordinate_alignment/aam_benchmarks/golden_policy_full_20260907/933/evaluation.json,0.826416346244514
934,False,recovered,True,/project/yunhengzou/coordinate_alignment/aam_benchmarks/golden_policy_full_20260907/934/evaluation.json,0.8760688845068216
935,False,recovered,False,/project/yunhengzou/coordinate_alignment/aam_benchmarks/golden_policy_full_20260907/935/evaluation.json,0.30638748966157436
936,False,recovered,True,/project/yunhengzou/coordinate_alignment/aam_benchmarks/golden_policy_full_20260907/936/evaluation.json,0.3405724409967661
937,False,recovered,True,/project/yunhengzou/coordinate_alignment/aam_benchmarks/golden_policy_full_20260907/937/evaluation.json,0.07681121863424778
938,False,recovered,True,/project/yunhengzou/coordinate_alignment/aam_benchmarks/golden_policy_full_20260907/938/evaluation.json,0.6624531308189034
939,False,recovered,True,/project/yunhengzou/coordinate_alignment/aam_benchmarks/golden_policy_full_20260907/939/evaluation.json,0.2549759494140744
940,False,recovered,True,/project/yunhengzou/coordinate_alignment/aam_benchmarks/golden_policy_full_20260907/940/evaluation.json,0.19797637406736612
941,False,recovered,True,/project/yunhengzou/coordinate_alignment/aam_benchmarks/golden_policy_full_20260907/941/evaluation.json,0.18132790364325047
942,False,recovered,True,/project/yunhengzou/coordinate_alignment/aam_benchmarks/golden_policy_full_20260907/942/evaluation.json,0.6016936404630542
943,False,recovered,True,/project/yunhengzou/coordinate_alignment/aam_benchmarks/golden_policy_full_20260907/943/evaluation.json,0.2688847193494439
944,False,recovered,True,/project/yunhengzou/coordinate_alignment/aam_benchmarks/golden_policy_full_20260907/944/evaluation.json,0.1645458284765482
945,False,recovered,True,/project/yunhengzou/coordinate_alignment/aam_benchmarks/golden_policy_full_20260907/945/evaluation.json,0.14257775712758303
946,False,recovered,True,/project/yunhengzou/coordinate_alignment/aam_benchmarks/golden_policy_full_20260907/946/evaluation.json,0.3065637247636914
947,False,recovered,True,/project/yunhengzou/coordinate_alignment/aam_benchmarks/golden_policy_full_20260907/947/evaluation.json,0.24223254341632128
948,False,recovered,True,/project/yunhengzou/coordinate_alignment/aam_benchmarks/golden_policy_full_20260907/948/evaluation.json,0.1668736431747675
949,False,recovered,True,/project/yunhengzou/coordinate_alignment/aam_benchmarks/golden_policy_full_20260907/949/evaluation.json,0.09465727023780346
950,False,recovered,True,/project/yunhengzou/coordinate_alignment/aam_benchmarks/golden_policy_full_20260907/950/evaluation.json,0.23662527091801167
951,False,recovered,True,/project/yunhengzou/coordinate_alignment/aam_benchmarks/golden_policy_full_20260907/951/evaluation.json,0.8632877534255385
952,False,recovered,True,/project/yunhengzou/coordinate_alignment/aam_benchmarks/golden_policy_full_20260907/952/evaluation.json,1.843700016848743
953,False,recovered,True,/project/yunhengzou/coordinate_alignment/aam_benchmarks/golden_policy_full_20260907/953/evaluation.json,0.03393904399126768
954,False,recovered,True,/project/yunhengzou/coordinate_alignment/aam_benchmarks/golden_policy_full_20260907/954/evaluation.json,0.0695166252553463
955,False,recovered,True,/project/yunhengzou/coordinate_alignment/aam_benchmarks/golden_policy_full_20260907/955/evaluation.json,0.5308529054746032
956,False,recovered,True,/project/yunhengzou/coordinate_alignment/aam_benchmarks/golden_policy_full_20260907/956/evaluation.json,2.299925473984331
957,False,recovered,True,/project/yunhengzou/coordinate_alignment/aam_benchmarks/golden_policy_full_20260907/957/evaluation.json,0.02412183489650488
958,False,recovered,True,/project/yunhengzou/coordinate_alignment/aam_benchmarks/golden_policy_full_20260907/958/evaluation.json,0.020864807069301605
959,False,recovered,True,/project/yunhengzou/coordinate_alignment/aam_benchmarks/golden_policy_full_20260907/959/evaluation.json,0.053353572031483054
960,False,recovered,True,/project/yunhengzou/coordinate_alignment/aam_benchmarks/golden_policy_full_20260907/960/evaluation.json,0.17145128501579165
961,False,recovered,True,/project/yunhengzou/coordinate_alignment/aam_benchmarks/golden_policy_full_20260907/961/evaluation.json,0.1044084313325584
962,False,recovered,False,/project/yunhengzou/coordinate_alignment/aam_benchmarks/golden_policy_full_20260907/962/evaluation.json,0.049506139010190964
963,False,recovered,True,/project/yunhengzou/coordinate_alignment/aam_benchmarks/golden_policy_full_20260907/963/evaluation.json,0.7208520031999797
964,False,not_recovered,False,/project/yunhengzou/coordinate_alignment/aam_benchmarks/golden_domain_rescore_v2_20260907/964/evaluation.json,22.778124704025686
965,False,recovered,True,/project/yunhengzou/coordinate_alignment/aam_benchmarks/golden_policy_full_20260907/965/evaluation.json,0.06493883789516985
966,False,recovered,True,/project/yunhengzou/coordinate_alignment/aam_benchmarks/golden_policy_full_20260907/966/evaluation.json,0.056927105877548456
967,False,recovered,True,/project/yunhengzou/coordinate_alignment/aam_benchmarks/golden_policy_full_20260907/967/evaluation.json,0.09603791916742921
968,False,recovered,True,/project/yunhengzou/coordinate_alignment/aam_benchmarks/golden_policy_full_20260907/968/evaluation.json,18.60511616501026
969,False,recovered,True,/project/yunhengzou/coordinate_alignment/aam_benchmarks/golden_policy_full_20260907/969/evaluation.json,0.029878997011110187
970,False,recovered,True,/project/yunhengzou/coordinate_alignment/aam_benchmarks/golden_policy_full_20260907/970/evaluation.json,0.9652098910883069
971,False,recovered,True,/project/yunhengzou/coordinate_alignment/aam_benchmarks/golden_policy_full_20260907/971/evaluation.json,0.40466478909365833
972,False,recovered,True,/project/yunhengzou/coordinate_alignment/aam_benchmarks/golden_policy_full_20260907/972/evaluation.json,0.1567889917641878
973,False,recovered,True,/project/yunhengzou/coordinate_alignment/aam_benchmarks/golden_policy_full_20260907/973/evaluation.json,0.24178017396479845
974,False,recovered,True,/project/yunhengzou/coordinate_alignment/aam_benchmarks/golden_policy_full_20260907/974/evaluation.json,0.10080939065665007
975,False,recovered,True,/project/yunhengzou/coordinate_alignment/aam_benchmarks/golden_policy_full_20260907/975/evaluation.json,0.13026176299899817
976,False,recovered,True,/project/yunhengzou/coordinate_alignment/aam_benchmarks/golden_policy_full_20260907/976/evaluation.json,0.2644654465839267
977,False,recovered,True,/project/yunhengzou/coordinate_alignment/aam_benchmarks/golden_policy_full_20260907/977/evaluation.json,0.02905789203941822
978,False,recovered,True,/project/yunhengzou/coordinate_alignment/aam_benchmarks/golden_policy_full_20260907/978/evaluation.json,0.054319570772349834
979,False,recovered,True,/project/yunhengzou/coordinate_alignment/aam_benchmarks/golden_policy_full_20260907/979/evaluation.json,0.014702781103551388
980,False,recovered,True,/project/yunhengzou/coordinate_alignment/aam_benchmarks/golden_policy_full_20260907/980/evaluation.json,0.027248840779066086
981,False,recovered,True,/project/yunhengzou/coordinate_alignment/aam_benchmarks/golden_policy_full_20260907/981/evaluation.json,0.03129011578857899
982,False,recovered,True,/project/yunhengzou/coordinate_alignment/aam_benchmarks/golden_policy_full_20260907/982/evaluation.json,0.010686788707971573
983,False,recovered,True,/project/yunhengzou/coordinate_alignment/aam_benchmarks/golden_policy_full_20260907/983/evaluation.json,0.040516688488423824
984,False,recovered,True,/project/yunhengzou/coordinate_alignment/aam_benchmarks/golden_policy_full_20260907/984/evaluation.json,0.10932713653892279
985,False,recovered,True,/project/yunhengzou/coordinate_alignment/aam_benchmarks/golden_policy_full_20260907/985/evaluation.json,0.017228995449841022
986,False,not_recovered,False,/project/yunhengzou/coordinate_alignment/aam_benchmarks/golden_domain_rescore_v2_20260907/986/evaluation.json,1.3768726279959083
987,False,recovered,True,/project/yunhengzou/coordinate_alignment/aam_benchmarks/golden_policy_full_20260907/987/evaluation.json,0.24509101826697588
988,False,recovered,True,/project/yunhengzou/coordinate_alignment/aam_benchmarks/golden_policy_full_20260907/988/evaluation.json,0.15975507628172636
989,False,recovered,True,/project/yunhengzou/coordinate_alignment/aam_benchmarks/golden_policy_full_20260907/989/evaluation.json,0.09674124233424664
990,False,recovered,True,/project/yunhengzou/coordinate_alignment/aam_benchmarks/golden_policy_full_20260907/990/evaluation.json,0.28336143866181374
991,False,recovered,True,/project/yunhengzou/coordinate_alignment/aam_benchmarks/golden_policy_full_20260907/991/evaluation.json,0.2637683760840446
992,False,recovered,False,/project/yunhengzou/coordinate_alignment/aam_benchmarks/golden_policy_full_20260907/992/evaluation.json,0.158990697003901
993,False,recovered,True,/project/yunhengzou/coordinate_alignment/aam_benchmarks/golden_policy_full_20260907/993/evaluation.json,0.16159291192889214
994,False,recovered,True,/project/yunhengzou/coordinate_alignment/aam_benchmarks/golden_policy_full_20260907/994/evaluation.json,0.143405816052109
995,False,recovered,True,/project/yunhengzou/coordinate_alignment/aam_benchmarks/golden_policy_full_20260907/995/evaluation.json,0.8532890339847654
996,False,recovered,True,/project/yunhengzou/coordinate_alignment/aam_benchmarks/golden_policy_full_20260907/996/evaluation.json,0.14844243694096804
997,False,recovered,True,/project/yunhengzou/coordinate_alignment/aam_benchmarks/golden_policy_full_20260907/997/evaluation.json,0.23201464605517685
998,False,recovered,True,/project/yunhengzou/coordinate_alignment/aam_benchmarks/golden_policy_full_20260907/998/evaluation.json,0.15769245312549174
999,False,recovered,True,/project/yunhengzou/coordinate_alignment/aam_benchmarks/golden_policy_full_20260907/999/evaluation.json,0.05920039117336273
1000,False,recovered,True,/project/yunhengzou/coordinate_alignment/aam_benchmarks/golden_policy_full_20260907/1000/evaluation.json,0.13270051591098309
1001,False,recovered,True,/project/yunhengzou/coordinate_alignment/aam_benchmarks/golden_policy_full_20260907/1001/evaluation.json,0.003371788188815117
1002,False,recovered,True,/project/yunhengzou/coordinate_alignment/aam_benchmarks/golden_policy_full_20260907/1002/evaluation.json,0.028915543109178543
1003,False,recovered,False,/project/yunhengzou/coordinate_alignment/aam_benchmarks/golden_policy_full_20260907/1003/evaluation.json,0.08882144279778004
1004,False,recovered,True,/project/yunhengzou/coordinate_alignment/aam_benchmarks/golden_policy_full_20260907/1004/evaluation.json,0.04538256675004959
1005,False,recovered,True,/project/yunhengzou/coordinate_alignment/aam_benchmarks/golden_policy_full_20260907/1005/evaluation.json,0.023948646150529385
1006,False,recovered,True,/project/yunhengzou/coordinate_alignment/aam_benchmarks/golden_policy_full_20260907/1006/evaluation.json,0.015093693044036627
1007,False,recovered,True,/project/yunhengzou/coordinate_alignment/aam_benchmarks/golden_policy_full_20260907/1007/evaluation.json,0.13357827602885664
1008,False,recovered,True,/project/yunhengzou/coordinate_alignment/aam_benchmarks/golden_policy_full_20260907/1008/evaluation.json,0.12013294198550284
1009,False,recovered,True,/project/yunhengzou/coordinate_alignment/aam_benchmarks/golden_policy_full_20260907/1009/evaluation.json,0.07271509990096092
1010,False,recovered,True,/project/yunhengzou/coordinate_alignment/aam_benchmarks/golden_policy_full_20260907/1010/evaluation.json,0.0120693389326334
1011,False,recovered,True,/project/yunhengzou/coordinate_alignment/aam_benchmarks/golden_policy_full_20260907/1011/evaluation.json,0.07577798399142921
1012,False,recovered,False,/project/yunhengzou/coordinate_alignment/aam_benchmarks/golden_policy_full_20260907/1012/evaluation.json,0.08133770595304668
1013,False,recovered,True,/project/yunhengzou/coordinate_alignment/aam_benchmarks/golden_policy_full_20260907/1013/evaluation.json,0.11581359105184674
1014,False,recovered,True,/project/yunhengzou/coordinate_alignment/aam_benchmarks/golden_policy_full_20260907/1014/evaluation.json,0.5749177720863372
1015,False,recovered,True,/project/yunhengzou/coordinate_alignment/aam_benchmarks/golden_policy_full_20260907/1015/evaluation.json,0.16182609694078565
1016,False,recovered,True,/project/yunhengzou/coordinate_alignment/aam_benchmarks/golden_policy_full_20260907/1016/evaluation.json,0.03857875382527709
1017,False,recovered,True,/project/yunhengzou/coordinate_alignment/aam_benchmarks/golden_policy_full_20260907/1017/evaluation.json,0.5707735188771039
1018,False,recovered,True,/project/yunhengzou/coordinate_alignment/aam_benchmarks/golden_policy_full_20260907/1018/evaluation.json,1.0156159969046712
1019,False,recovered,True,/project/yunhengzou/coordinate_alignment/aam_benchmarks/golden_policy_full_20260907/1019/evaluation.json,0.08518626354634762
1020,False,recovered,True,/project/yunhengzou/coordinate_alignment/aam_benchmarks/golden_policy_full_20260907/1020/evaluation.json,0.0774993421509862
1021,False,recovered,False,/project/yunhengzou/coordinate_alignment/aam_benchmarks/golden_policy_full_20260907/1021/evaluation.json,0.8856671629473567
1022,False,recovered,False,/project/yunhengzou/coordinate_alignment/aam_benchmarks/golden_policy_full_20260907/1022/evaluation.json,0.37086606584489346
1023,False,recovered,True,/project/yunhengzou/coordinate_alignment/aam_benchmarks/golden_policy_full_20260907/1023/evaluation.json,0.2982985218986869
1024,False,recovered,False,/project/yunhengzou/coordinate_alignment/aam_benchmarks/golden_policy_full_20260907/1024/evaluation.json,7.3322854889556766
1025,False,recovered,True,/project/yunhengzou/coordinate_alignment/aam_benchmarks/golden_policy_full_20260907/1025/evaluation.json,0.7218741541728377
1026,False,recovered,True,/project/yunhengzou/coordinate_alignment/aam_benchmarks/golden_policy_full_20260907/1026/evaluation.json,0.18087229318916798
1027,False,recovered,True,/project/yunhengzou/coordinate_alignment/aam_benchmarks/golden_policy_full_20260907/1027/evaluation.json,0.6475360430777073
1028,False,recovered,False,/project/yunhengzou/coordinate_alignment/aam_benchmarks/golden_policy_full_20260907/1028/evaluation.json,9.946934805251658
1029,False,recovered,True,/project/yunhengzou/coordinate_alignment/aam_benchmarks/golden_policy_full_20260907/1029/evaluation.json,9.163870882242918
1030,False,recovered,False,/project/yunhengzou/coordinate_alignment/aam_benchmarks/golden_policy_full_20260907/1030/evaluation.json,3.368584606796503
1031,False,recovered,False,/project/yunhengzou/coordinate_alignment/aam_benchmarks/golden_policy_full_20260907/1031/evaluation.json,1.4719126280397177
1032,False,recovered,False,/project/yunhengzou/coordinate_alignment/aam_benchmarks/golden_policy_full_20260907/1032/evaluation.json,2.0102947000414133
1033,False,not_recovered,False,/project/yunhengzou/coordinate_alignment/aam_benchmarks/golden_domain_rescore_v2_20260907/1033/evaluation.json,89.84007060993463
1034,False,recovered,False,/project/yunhengzou/coordinate_alignment/aam_benchmarks/golden_policy_full_20260907/1034/evaluation.json,2.118788819760084
1035,False,recovered,False,/project/yunhengzou/coordinate_alignment/aam_benchmarks/golden_policy_full_20260907/1035/evaluation.json,0.45760216750204563
1036,False,recovered,False,/project/yunhengzou/coordinate_alignment/aam_benchmarks/golden_policy_full_20260907/1036/evaluation.json,1.5721462741494179
1037,False,recovered,True,/project/yunhengzou/coordinate_alignment/aam_benchmarks/golden_policy_full_20260907/1037/evaluation.json,1.4109926130622625
1038,False,recovered,True,/project/yunhengzou/coordinate_alignment/aam_benchmarks/golden_policy_full_20260907/1038/evaluation.json,0.5838289868552238
1039,False,recovered,True,/project/yunhengzou/coordinate_alignment/aam_benchmarks/golden_policy_full_20260907/1039/evaluation.json,3.558683356270194
1040,False,recovered,True,/project/yunhengzou/coordinate_alignment/aam_benchmarks/golden_policy_full_20260907/1040/evaluation.json,0.26647689938545227
1041,False,recovered,True,/project/yunhengzou/coordinate_alignment/aam_benchmarks/golden_policy_full_20260907/1041/evaluation.json,0.2143827062100172
1042,False,recovered,True,/project/yunhengzou/coordinate_alignment/aam_benchmarks/golden_policy_full_20260907/1042/evaluation.json,1.402453614398837
1043,False,recovered,True,/project/yunhengzou/coordinate_alignment/aam_benchmarks/golden_policy_full_20260907/1043/evaluation.json,0.05225243512541056
1044,False,recovered,True,/project/yunhengzou/coordinate_alignment/aam_benchmarks/golden_policy_full_20260907/1044/evaluation.json,3.8939425460994244
1045,False,recovered,False,/project/yunhengzou/coordinate_alignment/aam_benchmarks/golden_policy_full_20260907/1045/evaluation.json,1.5340887643396854
1046,False,recovered,True,/project/yunhengzou/coordinate_alignment/aam_benchmarks/golden_policy_full_20260907/1046/evaluation.json,0.47118555498309433
1047,False,recovered,True,/project/yunhengzou/coordinate_alignment/aam_benchmarks/golden_policy_full_20260907/1047/evaluation.json,0.22760145738720894
1048,False,recovered,True,/project/yunhengzou/coordinate_alignment/aam_benchmarks/golden_policy_full_20260907/1048/evaluation.json,4.943983479402959
1049,False,recovered,True,/project/yunhengzou/coordinate_alignment/aam_benchmarks/golden_policy_full_20260907/1049/evaluation.json,4.767020459286869
1050,False,recovered,True,/project/yunhengzou/coordinate_alignment/aam_benchmarks/golden_policy_full_20260907/1050/evaluation.json,4.156593041494489
1051,False,recovered,True,/project/yunhengzou/coordinate_alignment/aam_benchmarks/golden_policy_full_20260907/1051/evaluation.json,0.14632697496563196
1052,False,recovered,True,/project/yunhengzou/coordinate_alignment/aam_benchmarks/golden_policy_full_20260907/1052/evaluation.json,2.947008142247796
1053,False,recovered,True,/project/yunhengzou/coordinate_alignment/aam_benchmarks/golden_policy_full_20260907/1053/evaluation.json,0.1830308036878705
1054,False,recovered,True,/project/yunhengzou/coordinate_alignment/aam_benchmarks/golden_policy_full_20260907/1054/evaluation.json,0.05186757259070873
1055,False,recovered,True,/project/yunhengzou/coordinate_alignment/aam_benchmarks/golden_policy_full_20260907/1055/evaluation.json,0.17269219364970922
1056,False,recovered,True,/project/yunhengzou/coordinate_alignment/aam_benchmarks/golden_policy_full_20260907/1056/evaluation.json,1.6210888233035803
1057,False,recovered,True,/project/yunhengzou/coordinate_alignment/aam_benchmarks/golden_policy_full_20260907/1057/evaluation.json,0.08083262108266354
1058,False,recovered,True,/project/yunhengzou/coordinate_alignment/aam_benchmarks/golden_policy_full_20260907/1058/evaluation.json,0.18115350417792797
1059,False,recovered,True,/project/yunhengzou/coordinate_alignment/aam_benchmarks/golden_policy_full_20260907/1059/evaluation.json,0.09500349499285221
1060,False,recovered,True,/project/yunhengzou/coordinate_alignment/aam_benchmarks/golden_policy_full_20260907/1060/evaluation.json,1.131405558437109
1061,False,recovered,True,/project/yunhengzou/coordinate_alignment/aam_benchmarks/golden_policy_full_20260907/1061/evaluation.json,2.3614663910120726
1062,False,recovered,True,/project/yunhengzou/coordinate_alignment/aam_benchmarks/golden_policy_full_20260907/1062/evaluation.json,10.852663225494325
1063,False,recovered,True,/project/yunhengzou/coordinate_alignment/aam_benchmarks/golden_policy_full_20260907/1063/evaluation.json,1.8104827022179961
1064,False,recovered,True,/project/yunhengzou/coordinate_alignment/aam_benchmarks/golden_policy_full_20260907/1064/evaluation.json,1.5084274904802442
1065,False,recovered,True,/project/yunhengzou/coordinate_alignment/aam_benchmarks/golden_policy_full_20260907/1065/evaluation.json,0.6063889521174133
1066,False,recovered,True,/project/yunhengzou/coordinate_alignment/aam_benchmarks/golden_policy_full_20260907/1066/evaluation.json,5.044431446120143
1067,False,recovered,True,/project/yunhengzou/coordinate_alignment/aam_benchmarks/golden_policy_full_20260907/1067/evaluation.json,0.18204150721430779
1068,False,recovered,True,/project/yunhengzou/coordinate_alignment/aam_benchmarks/golden_policy_full_20260907/1068/evaluation.json,0.19782991614192724
1069,False,recovered,True,/project/yunhengzou/coordinate_alignment/aam_benchmarks/golden_policy_full_20260907/1069/evaluation.json,0.02445615455508232
1070,False,recovered,True,/project/yunhengzou/coordinate_alignment/aam_benchmarks/golden_policy_full_20260907/1070/evaluation.json,0.22417377214878798
1071,False,recovered,False,/project/yunhengzou/coordinate_alignment/aam_benchmarks/golden_policy_full_20260907/1071/evaluation.json,0.5494225178845227
1072,False,recovered,False,/project/yunhengzou/coordinate_alignment/aam_benchmarks/golden_policy_full_20260907/1072/evaluation.json,0.19162584887817502
1073,False,recovered,True,/project/yunhengzou/coordinate_alignment/aam_benchmarks/golden_policy_full_20260907/1073/evaluation.json,0.2617057026363909
1074,False,recovered,True,/project/yunhengzou/coordinate_alignment/aam_benchmarks/golden_policy_full_20260907/1074/evaluation.json,0.048175408970564604
1075,False,recovered,True,/project/yunhengzou/coordinate_alignment/aam_benchmarks/golden_policy_full_20260907/1075/evaluation.json,0.04297344898805022
1076,False,recovered,True,/project/yunhengzou/coordinate_alignment/aam_benchmarks/golden_policy_full_20260907/1076/evaluation.json,0.07319585885852575
1077,False,recovered,True,/project/yunhengzou/coordinate_alignment/aam_benchmarks/golden_policy_full_20260907/1077/evaluation.json,0.19225116912275553
1078,False,recovered,True,/project/yunhengzou/coordinate_alignment/aam_benchmarks/golden_policy_full_20260907/1078/evaluation.json,2.9286720491945744
1079,False,recovered,True,/project/yunhengzou/coordinate_alignment/aam_benchmarks/golden_policy_full_20260907/1079/evaluation.json,0.03786861430853605
1080,False,recovered,True,/project/yunhengzou/coordinate_alignment/aam_benchmarks/golden_policy_full_20260907/1080/evaluation.json,0.9742129752412438
1081,False,recovered,True,/project/yunhengzou/coordinate_alignment/aam_benchmarks/golden_policy_full_20260907/1081/evaluation.json,0.02836571726948023
1082,False,recovered,True,/project/yunhengzou/coordinate_alignment/aam_benchmarks/golden_policy_full_20260907/1082/evaluation.json,0.7110350653529167
1083,False,recovered,True,/project/yunhengzou/coordinate_alignment/aam_benchmarks/golden_policy_full_20260907/1083/evaluation.json,2.2004321478307247
1084,False,recovered,True,/project/yunhengzou/coordinate_alignment/aam_benchmarks/golden_policy_full_20260907/1084/evaluation.json,0.015864490531384945
1085,False,recovered,True,/project/yunhengzou/coordinate_alignment/aam_benchmarks/golden_policy_full_20260907/1085/evaluation.json,0.1186462389305234
1086,False,recovered,True,/project/yunhengzou/coordinate_alignment/aam_benchmarks/golden_policy_full_20260907/1086/evaluation.json,0.1207040473818779
1087,False,recovered,False,/project/yunhengzou/coordinate_alignment/aam_benchmarks/golden_policy_full_20260907/1087/evaluation.json,0.08119955565780401
1088,False,recovered,True,/project/yunhengzou/coordinate_alignment/aam_benchmarks/golden_policy_full_20260907/1088/evaluation.json,0.11187824048101902
1089,False,recovered,True,/project/yunhengzou/coordinate_alignment/aam_benchmarks/golden_policy_full_20260907/1089/evaluation.json,0.872286350466311
1090,False,recovered,True,/project/yunhengzou/coordinate_alignment/aam_benchmarks/golden_policy_full_20260907/1090/evaluation.json,0.22997660748660564
1091,False,recovered,True,/project/yunhengzou/coordinate_alignment/aam_benchmarks/golden_policy_full_20260907/1091/evaluation.json,0.09695416688919067
1092,False,recovered,True,/project/yunhengzou/coordinate_alignment/aam_benchmarks/golden_policy_full_20260907/1092/evaluation.json,3.097252615960315
1093,False,recovered,True,/project/yunhengzou/coordinate_alignment/aam_benchmarks/golden_policy_full_20260907/1093/evaluation.json,0.4706452861428261
1094,False,recovered,True,/project/yunhengzou/coordinate_alignment/aam_benchmarks/golden_policy_full_20260907/1094/evaluation.json,2.3246770079713315
1095,False,recovered,True,/project/yunhengzou/coordinate_alignment/aam_benchmarks/golden_policy_full_20260907/1095/evaluation.json,2.472167734056711
1096,False,recovered,True,/project/yunhengzou/coordinate_alignment/aam_benchmarks/golden_policy_full_20260907/1096/evaluation.json,6.532388278050348
1097,False,recovered,True,/project/yunhengzou/coordinate_alignment/aam_benchmarks/golden_policy_full_20260907/1097/evaluation.json,0.15898246807046235
1098,False,recovered,True,/project/yunhengzou/coordinate_alignment/aam_benchmarks/golden_policy_full_20260907/1098/evaluation.json,3.6787909499835223
1099,False,recovered,True,/project/yunhengzou/coordinate_alignment/aam_benchmarks/golden_policy_full_20260907/1099/evaluation.json,3.7195496261119843
1100,False,recovered,True,/project/yunhengzou/coordinate_alignment/aam_benchmarks/golden_policy_full_20260907/1100/evaluation.json,6.342859554104507
1101,False,recovered,True,/project/yunhengzou/coordinate_alignment/aam_benchmarks/golden_policy_full_20260907/1101/evaluation.json,0.6376966640818864
1102,False,recovered,True,/project/yunhengzou/coordinate_alignment/aam_benchmarks/golden_policy_full_20260907/1102/evaluation.json,0.15384085103869438
1103,False,recovered,True,/project/yunhengzou/coordinate_alignment/aam_benchmarks/golden_policy_full_20260907/1103/evaluation.json,0.10398102598264813
1104,False,recovered,True,/project/yunhengzou/coordinate_alignment/aam_benchmarks/golden_policy_full_20260907/1104/evaluation.json,0.09071279806084931
1105,False,recovered,True,/project/yunhengzou/coordinate_alignment/aam_benchmarks/golden_policy_full_20260907/1105/evaluation.json,0.24388837441802025
1106,False,recovered,True,/project/yunhengzou/coordinate_alignment/aam_benchmarks/golden_policy_full_20260907/1106/evaluation.json,0.5781512847170234
1107,False,recovered,True,/project/yunhengzou/coordinate_alignment/aam_benchmarks/golden_policy_full_20260907/1107/evaluation.json,0.2733475985005498
1108,False,recovered,True,/project/yunhengzou/coordinate_alignment/aam_benchmarks/golden_policy_full_20260907/1108/evaluation.json,0.021272811107337475
1109,False,recovered,True,/project/yunhengzou/coordinate_alignment/aam_benchmarks/golden_policy_full_20260907/1109/evaluation.json,0.12873754184693098
1110,False,recovered,True,/project/yunhengzou/coordinate_alignment/aam_benchmarks/golden_policy_full_20260907/1110/evaluation.json,3.0202659144997597
1111,False,recovered,False,/project/yunhengzou/coordinate_alignment/aam_benchmarks/golden_policy_full_20260907/1111/evaluation.json,0.18996537290513515
1112,False,recovered,False,/project/yunhengzou/coordinate_alignment/aam_benchmarks/golden_policy_full_20260907/1112/evaluation.json,0.30372838769108057
1113,False,recovered,True,/project/yunhengzou/coordinate_alignment/aam_benchmarks/golden_policy_full_20260907/1113/evaluation.json,0.05338210612535477
1114,False,recovered,True,/project/yunhengzou/coordinate_alignment/aam_benchmarks/golden_policy_full_20260907/1114/evaluation.json,5.717255387455225
1115,False,recovered,True,/project/yunhengzou/coordinate_alignment/aam_benchmarks/golden_policy_full_20260907/1115/evaluation.json,0.1528425170108676
1116,False,recovered,True,/project/yunhengzou/coordinate_alignment/aam_benchmarks/golden_policy_full_20260907/1116/evaluation.json,0.06238993722945452
1117,False,recovered,True,/project/yunhengzou/coordinate_alignment/aam_benchmarks/golden_policy_full_20260907/1117/evaluation.json,0.0567270228639245
1118,False,recovered,False,/project/yunhengzou/coordinate_alignment/aam_benchmarks/golden_policy_full_20260907/1118/evaluation.json,7.244076190516353
1119,False,recovered,True,/project/yunhengzou/coordinate_alignment/aam_benchmarks/golden_policy_full_20260907/1119/evaluation.json,1.2577873901464045
1120,False,recovered,True,/project/yunhengzou/coordinate_alignment/aam_benchmarks/golden_policy_full_20260907/1120/evaluation.json,2.955443329177797
1121,False,recovered,True,/project/yunhengzou/coordinate_alignment/aam_benchmarks/golden_policy_full_20260907/1121/evaluation.json,0.9061292978003621
1122,False,recovered,True,/project/yunhengzou/coordinate_alignment/aam_benchmarks/golden_policy_full_20260907/1122/evaluation.json,0.11299662292003632
1123,False,recovered,True,/project/yunhengzou/coordinate_alignment/aam_benchmarks/golden_policy_full_20260907/1123/evaluation.json,0.6895307791419327
1124,False,recovered,True,/project/yunhengzou/coordinate_alignment/aam_benchmarks/golden_policy_full_20260907/1124/evaluation.json,0.36658523976802826
1125,False,recovered,True,/project/yunhengzou/coordinate_alignment/aam_benchmarks/golden_policy_full_20260907/1125/evaluation.json,0.1106169712729752
1126,False,recovered,True,/project/yunhengzou/coordinate_alignment/aam_benchmarks/golden_policy_full_20260907/1126/evaluation.json,0.19272716017439961
1127,False,recovered,True,/project/yunhengzou/coordinate_alignment/aam_benchmarks/golden_policy_full_20260907/1127/evaluation.json,8.229474002029747
1128,False,recovered,True,/project/yunhengzou/coordinate_alignment/aam_benchmarks/golden_policy_full_20260907/1128/evaluation.json,2.974763192003593
1129,False,recovered,False,/project/yunhengzou/coordinate_alignment/aam_benchmarks/golden_policy_full_20260907/1129/evaluation.json,3.9697181060910225
1130,False,recovered,True,/project/yunhengzou/coordinate_alignment/aam_benchmarks/golden_policy_full_20260907/1130/evaluation.json,1.981778355780989
1131,False,recovered,True,/project/yunhengzou/coordinate_alignment/aam_benchmarks/golden_policy_full_20260907/1131/evaluation.json,10.349216658622026
1132,False,recovered,True,/project/yunhengzou/coordinate_alignment/aam_benchmarks/golden_policy_full_20260907/1132/evaluation.json,0.1524786101654172
1133,False,recovered,True,/project/yunhengzou/coordinate_alignment/aam_benchmarks/golden_policy_full_20260907/1133/evaluation.json,0.18016659375280142
1134,False,recovered,True,/project/yunhengzou/coordinate_alignment/aam_benchmarks/golden_policy_full_20260907/1134/evaluation.json,2.3719300143420696
1135,False,recovered,True,/project/yunhengzou/coordinate_alignment/aam_benchmarks/golden_policy_full_20260907/1135/evaluation.json,0.8286094469949603
1136,False,recovered,True,/project/yunhengzou/coordinate_alignment/aam_benchmarks/golden_policy_full_20260907/1136/evaluation.json,0.04706629738211632
1137,False,recovered,True,/project/yunhengzou/coordinate_alignment/aam_benchmarks/golden_policy_full_20260907/1137/evaluation.json,0.8544469773769379
1138,False,recovered,True,/project/yunhengzou/coordinate_alignment/aam_benchmarks/golden_policy_full_20260907/1138/evaluation.json,0.6102758040651679
1139,False,recovered,True,/project/yunhengzou/coordinate_alignment/aam_benchmarks/golden_policy_full_20260907/1139/evaluation.json,0.4852750280406326
1140,False,recovered,True,/project/yunhengzou/coordinate_alignment/aam_benchmarks/golden_policy_full_20260907/1140/evaluation.json,0.14757599867880344
1141,False,recovered,True,/project/yunhengzou/coordinate_alignment/aam_benchmarks/golden_policy_full_20260907/1141/evaluation.json,0.13803171552717686
1142,True,recovered,True,/project/yunhengzou/coordinate_alignment/aam_benchmarks/golden_all_records_20260907/1142/evaluation.json,0.08146036975085735
1143,False,recovered,True,/project/yunhengzou/coordinate_alignment/aam_benchmarks/golden_policy_full_20260907/1143/evaluation.json,3.1339247738942504
1144,True,recovered,True,/project/yunhengzou/coordinate_alignment/aam_benchmarks/golden_all_records_20260907/1144/evaluation.json,0.05220046825706959
1145,False,recovered,True,/project/yunhengzou/coordinate_alignment/aam_benchmarks/golden_policy_full_20260907/1145/evaluation.json,0.13606481719762087
1146,True,recovered,True,/project/yunhengzou/coordinate_alignment/aam_benchmarks/golden_all_records_20260907/1146/evaluation.json,2.593621427193284
1147,False,recovered,True,/project/yunhengzou/coordinate_alignment/aam_benchmarks/golden_policy_full_20260907/1147/evaluation.json,0.03663728106766939
1148,False,recovered,True,/project/yunhengzou/coordinate_alignment/aam_benchmarks/golden_policy_full_20260907/1148/evaluation.json,2.874449959024787
1149,False,recovered,True,/project/yunhengzou/coordinate_alignment/aam_benchmarks/golden_policy_full_20260907/1149/evaluation.json,1.2940457300283015
1150,False,recovered,True,/project/yunhengzou/coordinate_alignment/aam_benchmarks/golden_policy_full_20260907/1150/evaluation.json,12.797792820259929
1151,True,recovered,True,/project/yunhengzou/coordinate_alignment/aam_benchmarks/golden_all_records_20260907/1151/evaluation.json,0.3332458082586527
1152,True,recovered,True,/project/yunhengzou/coordinate_alignment/aam_benchmarks/golden_all_records_20260907/1152/evaluation.json,0.2464531473815441
1153,True,recovered,True,/project/yunhengzou/coordinate_alignment/aam_benchmarks/golden_all_records_20260907/1153/evaluation.json,0.05339991860091686
1154,False,recovered,True,/project/yunhengzou/coordinate_alignment/aam_benchmarks/golden_policy_full_20260907/1154/evaluation.json,1.3928177910856903
1155,True,recovered,True,/project/yunhengzou/coordinate_alignment/aam_benchmarks/golden_all_records_20260907/1155/evaluation.json,2.5182549357414246
1156,False,recovered,True,/project/yunhengzou/coordinate_alignment/aam_benchmarks/golden_policy_full_20260907/1156/evaluation.json,1.8624511919915676
1157,True,recovered,True,/project/yunhengzou/coordinate_alignment/aam_benchmarks/golden_all_records_20260907/1157/evaluation.json,0.056428469717502594
1158,False,recovered,True,/project/yunhengzou/coordinate_alignment/aam_benchmarks/golden_policy_full_20260907/1158/evaluation.json,5.0803978350013494
1159,True,recovered,True,/project/yunhengzou/coordinate_alignment/aam_benchmarks/golden_all_records_20260907/1159/evaluation.json,0.06450577825307846
1160,True,recovered,True,/project/yunhengzou/coordinate_alignment/aam_benchmarks/golden_all_records_20260907/1160/evaluation.json,0.03335295245051384
1161,True,recovered,True,/project/yunhengzou/coordinate_alignment/aam_benchmarks/golden_all_records_20260907/1161/evaluation.json,0.06081627309322357
1162,True,recovered,True,/project/yunhengzou/coordinate_alignment/aam_benchmarks/golden_all_records_20260907/1162/evaluation.json,0.04702559486031532
1163,False,recovered,True,/project/yunhengzou/coordinate_alignment/aam_benchmarks/golden_policy_full_20260907/1163/evaluation.json,0.9700530227273703
1164,False,recovered,True,/project/yunhengzou/coordinate_alignment/aam_benchmarks/golden_policy_full_20260907/1164/evaluation.json,0.6740695470944047
1165,False,recovered,True,/project/yunhengzou/coordinate_alignment/aam_benchmarks/golden_policy_full_20260907/1165/evaluation.json,0.1420898362994194
1166,True,recovered,True,/project/yunhengzou/coordinate_alignment/aam_benchmarks/golden_all_records_20260907/1166/evaluation.json,0.029572419822216034
1167,True,recovered,False,/project/yunhengzou/coordinate_alignment/aam_benchmarks/golden_all_records_20260907/1167/evaluation.json,0.04970537684857845
1168,False,recovered,True,/project/yunhengzou/coordinate_alignment/aam_benchmarks/golden_policy_full_20260907/1168/evaluation.json,0.22555645741522312
1169,True,recovered,True,/project/yunhengzou/coordinate_alignment/aam_benchmarks/golden_all_records_20260907/1169/evaluation.json,0.0601074006408453
1170,True,recovered,True,/project/yunhengzou/coordinate_alignment/aam_benchmarks/golden_all_records_20260907/1170/evaluation.json,0.12883039191365242
1171,True,recovered,True,/project/yunhengzou/coordinate_alignment/aam_benchmarks/golden_all_records_20260907/1171/evaluation.json,2.2894957810640335
1172,False,recovered,False,/project/yunhengzou/coordinate_alignment/aam_benchmarks/golden_policy_full_20260907/1172/evaluation.json,0.2508382285013795
1173,True,recovered,True,/project/yunhengzou/coordinate_alignment/aam_benchmarks/golden_all_records_20260907/1173/evaluation.json,0.056650372222065926
1174,True,recovered,False,/project/yunhengzou/coordinate_alignment/aam_benchmarks/golden_all_records_20260907/1174/evaluation.json,0.14619086869060993
1175,True,recovered,True,/project/yunhengzou/coordinate_alignment/aam_benchmarks/golden_all_records_20260907/1175/evaluation.json,0.2502072677016258
1176,False,recovered,True,/project/yunhengzou/coordinate_alignment/aam_benchmarks/golden_policy_full_20260907/1176/evaluation.json,0.14248669520020485
1177,True,recovered,True,/project/yunhengzou/coordinate_alignment/aam_benchmarks/golden_all_records_20260907/1177/evaluation.json,0.19949452579021454
1178,True,recovered,True,/project/yunhengzou/coordinate_alignment/aam_benchmarks/golden_all_records_20260907/1178/evaluation.json,0.03628586791455746
1179,False,recovered,True,/project/yunhengzou/coordinate_alignment/aam_benchmarks/golden_policy_full_20260907/1179/evaluation.json,4.652122852858156
1180,False,recovered,True,/project/yunhengzou/coordinate_alignment/aam_benchmarks/golden_policy_full_20260907/1180/evaluation.json,0.3597832729574293
1181,False,recovered,True,/project/yunhengzou/coordinate_alignment/aam_benchmarks/golden_policy_full_20260907/1181/evaluation.json,0.12457354390062392
1182,True,recovered,True,/project/yunhengzou/coordinate_alignment/aam_benchmarks/golden_all_records_20260907/1182/evaluation.json,0.15061090514063835
1183,True,recovered,True,/project/yunhengzou/coordinate_alignment/aam_benchmarks/golden_all_records_20260907/1183/evaluation.json,0.04000132717192173
1184,True,recovered,True,/project/yunhengzou/coordinate_alignment/aam_benchmarks/golden_all_records_20260907/1184/evaluation.json,0.04086982738226652
1185,False,recovered,True,/project/yunhengzou/coordinate_alignment/aam_benchmarks/golden_policy_full_20260907/1185/evaluation.json,0.13077487610280514
1186,False,recovered,True,/project/yunhengzou/coordinate_alignment/aam_benchmarks/golden_policy_full_20260907/1186/evaluation.json,1.1215551495552063
1187,False,recovered,True,/project/yunhengzou/coordinate_alignment/aam_benchmarks/golden_policy_full_20260907/1187/evaluation.json,2.067761638201773
1188,True,recovered,True,/project/yunhengzou/coordinate_alignment/aam_benchmarks/golden_all_records_20260907/1188/evaluation.json,0.08763117156922817
1189,False,recovered,True,/project/yunhengzou/coordinate_alignment/aam_benchmarks/golden_policy_full_20260907/1189/evaluation.json,0.1231899606063962
1190,False,recovered,True,/project/yunhengzou/coordinate_alignment/aam_benchmarks/golden_policy_full_20260907/1190/evaluation.json,0.6727857673540711
1191,True,recovered,True,/project/yunhengzou/coordinate_alignment/aam_benchmarks/golden_all_records_20260907/1191/evaluation.json,0.019105390645563602
1192,True,recovered,True,/project/yunhengzou/coordinate_alignment/aam_benchmarks/golden_all_records_20260907/1192/evaluation.json,0.0878346636891365
1193,False,recovered,True,/project/yunhengzou/coordinate_alignment/aam_benchmarks/golden_policy_full_20260907/1193/evaluation.json,0.10213265009224415
1194,False,recovered,True,/project/yunhengzou/coordinate_alignment/aam_benchmarks/golden_policy_full_20260907/1194/evaluation.json,0.13615641463547945
1195,True,recovered,False,/project/yunhengzou/coordinate_alignment/aam_benchmarks/golden_all_records_20260907/1195/evaluation.json,0.22942334413528442
1196,False,recovered,True,/project/yunhengzou/coordinate_alignment/aam_benchmarks/golden_policy_full_20260907/1196/evaluation.json,0.3581613367423415
1197,True,recovered,True,/project/yunhengzou/coordinate_alignment/aam_benchmarks/golden_all_records_20260907/1197/evaluation.json,0.08013332542032003
1198,True,recovered,True,/project/yunhengzou/coordinate_alignment/aam_benchmarks/golden_all_records_20260907/1198/evaluation.json,0.056268492713570595
1199,True,recovered,True,/project/yunhengzou/coordinate_alignment/aam_benchmarks/golden_all_records_20260907/1199/evaluation.json,0.1267375284805894
1200,True,recovered,True,/project/yunhengzou/coordinate_alignment/aam_benchmarks/golden_all_records_20260907/1200/evaluation.json,0.0454985648393631
1201,True,recovered,True,/project/yunhengzou/coordinate_alignment/aam_benchmarks/golden_all_records_20260907/1201/evaluation.json,0.32064832281321287
1202,True,recovered,True,/project/yunhengzou/coordinate_alignment/aam_benchmarks/golden_all_records_20260907/1202/evaluation.json,0.027222794480621815
1203,True,recovered,True,/project/yunhengzou/coordinate_alignment/aam_benchmarks/golden_all_records_20260907/1203/evaluation.json,0.08224550914019346
1204,True,recovered,True,/project/yunhengzou/coordinate_alignment/aam_benchmarks/golden_all_records_20260907/1204/evaluation.json,0.022946862503886223
1205,True,recovered,True,/project/yunhengzou/coordinate_alignment/aam_benchmarks/golden_all_records_20260907/1205/evaluation.json,0.03934326209127903
1206,False,recovered,False,/project/yunhengzou/coordinate_alignment/aam_benchmarks/golden_policy_full_20260907/1206/evaluation.json,0.46631473395973444
1207,False,recovered,True,/project/yunhengzou/coordinate_alignment/aam_benchmarks/golden_policy_full_20260907/1207/evaluation.json,0.03621236886829138
1208,False,recovered,True,/project/yunhengzou/coordinate_alignment/aam_benchmarks/golden_policy_full_20260907/1208/evaluation.json,0.11907164193689823
1209,True,recovered,False,/project/yunhengzou/coordinate_alignment/aam_benchmarks/golden_all_records_20260907/1209/evaluation.json,0.07200412638485432
1210,False,recovered,True,/project/yunhengzou/coordinate_alignment/aam_benchmarks/golden_policy_full_20260907/1210/evaluation.json,0.5283607365563512
1211,False,recovered,True,/project/yunhengzou/coordinate_alignment/aam_benchmarks/golden_policy_full_20260907/1211/evaluation.json,1.0481399381533265
1212,False,recovered,True,/project/yunhengzou/coordinate_alignment/aam_benchmarks/golden_policy_full_20260907/1212/evaluation.json,1.0121314376592636
1213,False,recovered,True,/project/yunhengzou/coordinate_alignment/aam_benchmarks/golden_policy_full_20260907/1213/evaluation.json,0.16577882692217827
1214,True,recovered,False,/project/yunhengzou/coordinate_alignment/aam_benchmarks/golden_all_records_20260907/1214/evaluation.json,2.792124768719077
1215,False,recovered,False,/project/yunhengzou/coordinate_alignment/aam_benchmarks/golden_policy_full_20260907/1215/evaluation.json,0.788070997223258
1216,True,recovered,True,/project/yunhengzou/coordinate_alignment/aam_benchmarks/golden_all_records_20260907/1216/evaluation.json,0.22481304220855236
1217,True,recovered,True,/project/yunhengzou/coordinate_alignment/aam_benchmarks/golden_all_records_20260907/1217/evaluation.json,0.14608393795788288
1218,False,recovered,True,/project/yunhengzou/coordinate_alignment/aam_benchmarks/golden_policy_full_20260907/1218/evaluation.json,0.10374987102113664
1219,True,recovered,True,/project/yunhengzou/coordinate_alignment/aam_benchmarks/golden_all_records_20260907/1219/evaluation.json,0.10964921303093433
1220,True,recovered,True,/project/yunhengzou/coordinate_alignment/aam_benchmarks/golden_all_records_20260907/1220/evaluation.json,0.08726781606674194
1221,False,recovered,True,/project/yunhengzou/coordinate_alignment/aam_benchmarks/golden_policy_full_20260907/1221/evaluation.json,3.0591207949910313
1222,False,recovered,True,/project/yunhengzou/coordinate_alignment/aam_benchmarks/golden_policy_full_20260907/1222/evaluation.json,0.5592850791290402
1223,True,recovered,True,/project/yunhengzou/coordinate_alignment/aam_benchmarks/golden_all_records_20260907/1223/evaluation.json,0.07169796898961067
1224,False,recovered,True,/project/yunhengzou/coordinate_alignment/aam_benchmarks/golden_policy_full_20260907/1224/evaluation.json,0.12065329868346453
1225,True,recovered,True,/project/yunhengzou/coordinate_alignment/aam_benchmarks/golden_all_records_20260907/1225/evaluation.json,1.361844576895237
1226,False,recovered,True,/project/yunhengzou/coordinate_alignment/aam_benchmarks/golden_policy_full_20260907/1226/evaluation.json,10.76649004407227
1227,False,recovered,True,/project/yunhengzou/coordinate_alignment/aam_benchmarks/golden_policy_full_20260907/1227/evaluation.json,6.162146687507629
1228,False,not_recovered,False,/project/yunhengzou/coordinate_alignment/aam_benchmarks/golden_domain_rescore_v2_20260907/1228/evaluation.json,17.678526578471065
1229,False,recovered,True,/project/yunhengzou/coordinate_alignment/aam_benchmarks/golden_policy_full_20260907/1229/evaluation.json,8.023134650662541
1230,False,not_recovered,False,/project/yunhengzou/coordinate_alignment/aam_benchmarks/golden_domain_rescore_v2_20260907/1230/evaluation.json,20.623707895167172
1231,False,recovered,True,/project/yunhengzou/coordinate_alignment/aam_benchmarks/golden_policy_full_20260907/1231/evaluation.json,0.48132194112986326
1232,False,recovered,False,/project/yunhengzou/coordinate_alignment/aam_benchmarks/golden_policy_full_20260907/1232/evaluation.json,7.414066683501005
1233,False,recovered,True,/project/yunhengzou/coordinate_alignment/aam_benchmarks/golden_policy_full_20260907/1233/evaluation.json,2.075137603096664
1234,False,recovered,True,/project/yunhengzou/coordinate_alignment/aam_benchmarks/golden_policy_full_20260907/1234/evaluation.json,2.9483191100880504
1235,False,recovered,True,/project/yunhengzou/coordinate_alignment/aam_benchmarks/golden_policy_full_20260907/1235/evaluation.json,0.7286654720082879
1236,False,recovered,True,/project/yunhengzou/coordinate_alignment/aam_benchmarks/golden_policy_full_20260907/1236/evaluation.json,1.088436366058886
1237,True,recovered,True,/project/yunhengzou/coordinate_alignment/aam_benchmarks/golden_all_records_20260907/1237/evaluation.json,0.05928524024784565
1238,False,recovered,True,/project/yunhengzou/coordinate_alignment/aam_benchmarks/golden_policy_full_20260907/1238/evaluation.json,18.983879999956116
1239,False,recovered,True,/project/yunhengzou/coordinate_alignment/aam_benchmarks/golden_policy_full_20260907/1239/evaluation.json,4.640939853154123
1240,False,recovered,True,/project/yunhengzou/coordinate_alignment/aam_benchmarks/golden_policy_full_20260907/1240/evaluation.json,12.154948289040476
1241,False,recovered,True,/project/yunhengzou/coordinate_alignment/aam_benchmarks/golden_policy_full_20260907/1241/evaluation.json,3.6645397511310875
1242,True,recovered,True,/project/yunhengzou/coordinate_alignment/aam_benchmarks/golden_all_records_20260907/1242/evaluation.json,0.04369723983108997
1243,True,recovered,True,/project/yunhengzou/coordinate_alignment/aam_benchmarks/golden_all_records_20260907/1243/evaluation.json,0.04367450252175331
1244,False,recovered,True,/project/yunhengzou/coordinate_alignment/aam_benchmarks/golden_policy_full_20260907/1244/evaluation.json,0.32104609603993595
1245,True,recovered,True,/project/yunhengzou/coordinate_alignment/aam_benchmarks/golden_all_records_20260907/1245/evaluation.json,0.03877120278775692
1246,False,recovered,True,/project/yunhengzou/coordinate_alignment/aam_benchmarks/golden_policy_full_20260907/1246/evaluation.json,0.07972032600082457
1247,True,recovered,True,/project/yunhengzou/coordinate_alignment/aam_benchmarks/golden_all_records_20260907/1247/evaluation.json,0.6447753887623549
1248,True,recovered,True,/project/yunhengzou/coordinate_alignment/aam_benchmarks/golden_all_records_20260907/1248/evaluation.json,0.03869694098830223
1249,True,recovered,True,/project/yunhengzou/coordinate_alignment/aam_benchmarks/golden_all_records_20260907/1249/evaluation.json,0.05594693589955568
1250,True,recovered,True,/project/yunhengzou/coordinate_alignment/aam_benchmarks/golden_all_records_20260907/1250/evaluation.json,0.02174744289368391
1251,True,recovered,True,/project/yunhengzou/coordinate_alignment/aam_benchmarks/golden_all_records_20260907/1251/evaluation.json,0.04646529071033001
1252,False,recovered,True,/project/yunhengzou/coordinate_alignment/aam_benchmarks/golden_policy_full_20260907/1252/evaluation.json,0.15728886611759663
1253,False,recovered,True,/project/yunhengzou/coordinate_alignment/aam_benchmarks/golden_policy_full_20260907/1253/evaluation.json,0.1189433429390192
1254,True,recovered,True,/project/yunhengzou/coordinate_alignment/aam_benchmarks/golden_all_records_20260907/1254/evaluation.json,0.0483317980542779
1255,True,recovered,True,/project/yunhengzou/coordinate_alignment/aam_benchmarks/golden_all_records_20260907/1255/evaluation.json,0.028774520382285118
1256,True,recovered,True,/project/yunhengzou/coordinate_alignment/aam_benchmarks/golden_all_records_20260907/1256/evaluation.json,2.519323310814798
1257,True,recovered,True,/project/yunhengzou/coordinate_alignment/aam_benchmarks/golden_all_records_20260907/1257/evaluation.json,0.05963767785578966
1258,False,recovered,True,/project/yunhengzou/coordinate_alignment/aam_benchmarks/golden_policy_full_20260907/1258/evaluation.json,1.3509318390861154
1259,True,recovered,True,/project/yunhengzou/coordinate_alignment/aam_benchmarks/golden_all_records_20260907/1259/evaluation.json,0.031875938177108765
1260,False,recovered,True,/project/yunhengzou/coordinate_alignment/aam_benchmarks/golden_policy_full_20260907/1260/evaluation.json,0.2903451342135668
1261,True,recovered,True,/project/yunhengzou/coordinate_alignment/aam_benchmarks/golden_all_records_20260907/1261/evaluation.json,1.2285433867946267
1262,False,recovered,True,/project/yunhengzou/coordinate_alignment/aam_benchmarks/golden_policy_full_20260907/1262/evaluation.json,2.15742102637887
1263,False,recovered,True,/project/yunhengzou/coordinate_alignment/aam_benchmarks/golden_policy_full_20260907/1263/evaluation.json,0.8380267368629575
1264,True,recovered,True,/project/yunhengzou/coordinate_alignment/aam_benchmarks/golden_all_records_20260907/1264/evaluation.json,5.7329322919249535
1265,True,recovered,True,/project/yunhengzou/coordinate_alignment/aam_benchmarks/golden_all_records_20260907/1265/evaluation.json,0.147659027017653
1266,False,recovered,True,/project/yunhengzou/coordinate_alignment/aam_benchmarks/golden_policy_full_20260907/1266/evaluation.json,0.014784486033022404
1267,False,recovered,True,/project/yunhengzou/coordinate_alignment/aam_benchmarks/golden_policy_full_20260907/1267/evaluation.json,0.06805622857064009
1268,False,recovered,True,/project/yunhengzou/coordinate_alignment/aam_benchmarks/golden_policy_full_20260907/1268/evaluation.json,2.6766857320908457
1269,False,recovered,True,/project/yunhengzou/coordinate_alignment/aam_benchmarks/golden_policy_full_20260907/1269/evaluation.json,0.06191738904453814
1270,True,recovered,True,/project/yunhengzou/coordinate_alignment/aam_benchmarks/golden_all_records_20260907/1270/evaluation.json,0.052106098271906376
1271,False,recovered,True,/project/yunhengzou/coordinate_alignment/aam_benchmarks/golden_policy_full_20260907/1271/evaluation.json,0.0513503672555089
1272,False,recovered,True,/project/yunhengzou/coordinate_alignment/aam_benchmarks/golden_policy_full_20260907/1272/evaluation.json,2.5298320963047445
1273,False,recovered,True,/project/yunhengzou/coordinate_alignment/aam_benchmarks/golden_policy_full_20260907/1273/evaluation.json,0.30493148183450103
1274,False,recovered,True,/project/yunhengzou/coordinate_alignment/aam_benchmarks/golden_policy_full_20260907/1274/evaluation.json,0.08046647487208247
1275,False,recovered,True,/project/yunhengzou/coordinate_alignment/aam_benchmarks/golden_policy_full_20260907/1275/evaluation.json,0.15624244045466185
1276,True,recovered,True,/project/yunhengzou/coordinate_alignment/aam_benchmarks/golden_all_records_20260907/1276/evaluation.json,0.07812810875475407
1277,False,recovered,True,/project/yunhengzou/coordinate_alignment/aam_benchmarks/golden_policy_full_20260907/1277/evaluation.json,3.834932306781411
1278,False,recovered,True,/project/yunhengzou/coordinate_alignment/aam_benchmarks/golden_policy_full_20260907/1278/evaluation.json,0.1600826969370246
1279,False,recovered,True,/project/yunhengzou/coordinate_alignment/aam_benchmarks/golden_policy_full_20260907/1279/evaluation.json,0.07885565515607595
1280,True,recovered,True,/project/yunhengzou/coordinate_alignment/aam_benchmarks/golden_all_records_20260907/1280/evaluation.json,0.05572635680437088
1281,True,recovered,True,/project/yunhengzou/coordinate_alignment/aam_benchmarks/golden_all_records_20260907/1281/evaluation.json,0.586494417861104
1282,False,recovered,True,/project/yunhengzou/coordinate_alignment/aam_benchmarks/golden_policy_full_20260907/1282/evaluation.json,0.06114799715578556
1283,False,recovered,True,/project/yunhengzou/coordinate_alignment/aam_benchmarks/golden_policy_full_20260907/1283/evaluation.json,0.18177214823663235
1284,True,recovered,True,/project/yunhengzou/coordinate_alignment/aam_benchmarks/golden_all_records_20260907/1284/evaluation.json,0.35471645183861256
1285,False,not_recovered,False,/project/yunhengzou/coordinate_alignment/aam_benchmarks/golden_domain_rescore_v2_20260907/1285/evaluation.json,0.7930836391169578
1286,True,recovered,True,/project/yunhengzou/coordinate_alignment/aam_benchmarks/golden_all_records_20260907/1286/evaluation.json,0.042140400037169456
1287,False,recovered,True,/project/yunhengzou/coordinate_alignment/aam_benchmarks/golden_policy_full_20260907/1287/evaluation.json,2.3366138227283955
1288,False,recovered,True,/project/yunhengzou/coordinate_alignment/aam_benchmarks/golden_policy_full_20260907/1288/evaluation.json,1.2141043161973357
1289,False,recovered,True,/project/yunhengzou/coordinate_alignment/aam_benchmarks/golden_policy_full_20260907/1289/evaluation.json,0.13031136989593506
1290,False,recovered,True,/project/yunhengzou/coordinate_alignment/aam_benchmarks/golden_policy_full_20260907/1290/evaluation.json,0.053054939955472946
1291,True,recovered,True,/project/yunhengzou/coordinate_alignment/aam_benchmarks/golden_all_records_20260907/1291/evaluation.json,0.044030267745256424
1292,True,recovered,True,/project/yunhengzou/coordinate_alignment/aam_benchmarks/golden_all_records_20260907/1292/evaluation.json,0.03426135703921318
1293,False,recovered,True,/project/yunhengzou/coordinate_alignment/aam_benchmarks/golden_policy_full_20260907/1293/evaluation.json,0.07101926859468222
1294,False,recovered,True,/project/yunhengzou/coordinate_alignment/aam_benchmarks/golden_policy_full_20260907/1294/evaluation.json,0.1216743066906929
1295,True,recovered,True,/project/yunhengzou/coordinate_alignment/aam_benchmarks/golden_all_records_20260907/1295/evaluation.json,0.024042710661888123
1296,False,recovered,True,/project/yunhengzou/coordinate_alignment/aam_benchmarks/golden_policy_full_20260907/1296/evaluation.json,0.04066436272114515
1297,True,recovered,True,/project/yunhengzou/coordinate_alignment/aam_benchmarks/golden_all_records_20260907/1297/evaluation.json,0.046207768842577934
1298,False,recovered,True,/project/yunhengzou/coordinate_alignment/aam_benchmarks/golden_policy_full_20260907/1298/evaluation.json,0.08478296198882163
1299,False,recovered,True,/project/yunhengzou/coordinate_alignment/aam_benchmarks/golden_policy_full_20260907/1299/evaluation.json,0.17227157414890826
1300,True,recovered,True,/project/yunhengzou/coordinate_alignment/aam_benchmarks/golden_all_records_20260907/1300/evaluation.json,0.17643635161221027
1301,True,recovered,True,/project/yunhengzou/coordinate_alignment/aam_benchmarks/golden_all_records_20260907/1301/evaluation.json,0.0868477113544941
1302,False,recovered,True,/project/yunhengzou/coordinate_alignment/aam_benchmarks/golden_policy_full_20260907/1302/evaluation.json,0.05151137197390199
1303,True,recovered,True,/project/yunhengzou/coordinate_alignment/aam_benchmarks/golden_all_records_20260907/1303/evaluation.json,0.1179904118180275
1304,False,recovered,True,/project/yunhengzou/coordinate_alignment/aam_benchmarks/golden_policy_full_20260907/1304/evaluation.json,5.207775924820453
1305,False,recovered,True,/project/yunhengzou/coordinate_alignment/aam_benchmarks/golden_policy_full_20260907/1305/evaluation.json,0.16249881498515606
1306,False,recovered,True,/project/yunhengzou/coordinate_alignment/aam_benchmarks/golden_policy_full_20260907/1306/evaluation.json,1.9370689550414681
1307,False,recovered,True,/project/yunhengzou/coordinate_alignment/aam_benchmarks/golden_policy_full_20260907/1307/evaluation.json,1.3656926061958075
1308,False,recovered,True,/project/yunhengzou/coordinate_alignment/aam_benchmarks/golden_policy_full_20260907/1308/evaluation.json,0.581948499660939
1309,True,recovered,True,/project/yunhengzou/coordinate_alignment/aam_benchmarks/golden_all_records_20260907/1309/evaluation.json,0.10538486577570438
1310,False,recovered,True,/project/yunhengzou/coordinate_alignment/aam_benchmarks/golden_policy_full_20260907/1310/evaluation.json,1.5178995123133063
1311,False,recovered,True,/project/yunhengzou/coordinate_alignment/aam_benchmarks/golden_policy_full_20260907/1311/evaluation.json,0.3054159260354936
1312,False,recovered,True,/project/yunhengzou/coordinate_alignment/aam_benchmarks/golden_policy_full_20260907/1312/evaluation.json,1.090661940164864
1313,True,recovered,False,/project/yunhengzou/coordinate_alignment/aam_benchmarks/golden_all_records_20260907/1313/evaluation.json,0.8080955017358065
1314,False,not_recovered,False,/project/yunhengzou/coordinate_alignment/aam_benchmarks/golden_domain_rescore_v2_20260907/1314/evaluation.json,16.47112880088389
1315,False,recovered,True,/project/yunhengzou/coordinate_alignment/aam_benchmarks/golden_policy_full_20260907/1315/evaluation.json,1.0598631470929831
1316,False,recovered,True,/project/yunhengzou/coordinate_alignment/aam_benchmarks/golden_policy_full_20260907/1316/evaluation.json,0.050258892588317394
1317,False,recovered,True,/project/yunhengzou/coordinate_alignment/aam_benchmarks/golden_policy_full_20260907/1317/evaluation.json,0.6631413483992219
1318,False,recovered,True,/project/yunhengzou/coordinate_alignment/aam_benchmarks/golden_policy_full_20260907/1318/evaluation.json,4.2251264322549105
1319,False,recovered,False,/project/yunhengzou/coordinate_alignment/aam_benchmarks/golden_policy_full_20260907/1319/evaluation.json,0.3627634870354086
1320,False,recovered,True,/project/yunhengzou/coordinate_alignment/aam_benchmarks/golden_policy_full_20260907/1320/evaluation.json,0.10822486784309149
1321,False,recovered,True,/project/yunhengzou/coordinate_alignment/aam_benchmarks/golden_policy_full_20260907/1321/evaluation.json,0.016945178620517254
1322,False,recovered,True,/project/yunhengzou/coordinate_alignment/aam_benchmarks/golden_policy_full_20260907/1322/evaluation.json,0.022929197177290916
1323,False,recovered,True,/project/yunhengzou/coordinate_alignment/aam_benchmarks/golden_policy_full_20260907/1323/evaluation.json,1.5297992266714573
1324,True,recovered,True,/project/yunhengzou/coordinate_alignment/aam_benchmarks/golden_all_records_20260907/1324/evaluation.json,0.852449506521225
1325,False,recovered,True,/project/yunhengzou/coordinate_alignment/aam_benchmarks/golden_policy_full_20260907/1325/evaluation.json,3.1493512140586972
1326,False,recovered,False,/project/yunhengzou/coordinate_alignment/aam_benchmarks/golden_policy_full_20260907/1326/evaluation.json,0.4164278730750084
1327,False,recovered,False,/project/yunhengzou/coordinate_alignment/aam_benchmarks/golden_policy_full_20260907/1327/evaluation.json,1.1602890836074948
1328,False,recovered,True,/project/yunhengzou/coordinate_alignment/aam_benchmarks/golden_policy_full_20260907/1328/evaluation.json,0.4855016656219959
1329,True,recovered,True,/project/yunhengzou/coordinate_alignment/aam_benchmarks/golden_all_records_20260907/1329/evaluation.json,0.028033632785081863
1330,False,recovered,True,/project/yunhengzou/coordinate_alignment/aam_benchmarks/golden_policy_full_20260907/1330/evaluation.json,2.6892918813973665
1331,False,recovered,True,/project/yunhengzou/coordinate_alignment/aam_benchmarks/golden_policy_full_20260907/1331/evaluation.json,0.7802639426663518
1332,True,recovered,True,/project/yunhengzou/coordinate_alignment/aam_benchmarks/golden_all_records_20260907/1332/evaluation.json,0.03608507476747036
1333,False,recovered,True,/project/yunhengzou/coordinate_alignment/aam_benchmarks/golden_policy_full_20260907/1333/evaluation.json,0.8906651176512241
1334,True,recovered,True,/project/yunhengzou/coordinate_alignment/aam_benchmarks/golden_all_records_20260907/1334/evaluation.json,0.08143660798668861
1335,False,recovered,True,/project/yunhengzou/coordinate_alignment/aam_benchmarks/golden_policy_full_20260907/1335/evaluation.json,0.07683842815458775
1336,False,recovered,True,/project/yunhengzou/coordinate_alignment/aam_benchmarks/golden_policy_full_20260907/1336/evaluation.json,0.37686278484761715
1337,False,recovered,True,/project/yunhengzou/coordinate_alignment/aam_benchmarks/golden_policy_full_20260907/1337/evaluation.json,0.03793081874027848
1338,False,recovered,True,/project/yunhengzou/coordinate_alignment/aam_benchmarks/golden_policy_full_20260907/1338/evaluation.json,0.06652405299246311
1339,False,recovered,True,/project/yunhengzou/coordinate_alignment/aam_benchmarks/golden_policy_full_20260907/1339/evaluation.json,0.3469786043278873
1340,False,recovered,True,/project/yunhengzou/coordinate_alignment/aam_benchmarks/golden_policy_full_20260907/1340/evaluation.json,0.01692360220476985
1341,False,recovered,True,/project/yunhengzou/coordinate_alignment/aam_benchmarks/golden_policy_full_20260907/1341/evaluation.json,0.014647088013589382
1342,False,recovered,True,/project/yunhengzou/coordinate_alignment/aam_benchmarks/golden_policy_full_20260907/1342/evaluation.json,0.006932388991117477
1343,False,recovered,True,/project/yunhengzou/coordinate_alignment/aam_benchmarks/golden_policy_full_20260907/1343/evaluation.json,0.038294265046715736
1344,False,recovered,True,/project/yunhengzou/coordinate_alignment/aam_benchmarks/golden_policy_full_20260907/1344/evaluation.json,0.07147619407624006
1345,False,recovered,True,/project/yunhengzou/coordinate_alignment/aam_benchmarks/golden_policy_full_20260907/1345/evaluation.json,0.012718355283141136
1346,True,recovered,True,/project/yunhengzou/coordinate_alignment/aam_benchmarks/golden_all_records_20260907/1346/evaluation.json,0.050829432904720306
1347,False,recovered,True,/project/yunhengzou/coordinate_alignment/aam_benchmarks/golden_policy_full_20260907/1347/evaluation.json,0.047891851514577866
1348,False,recovered,True,/project/yunhengzou/coordinate_alignment/aam_benchmarks/golden_policy_full_20260907/1348/evaluation.json,0.038491993211209774
1349,False,recovered,True,/project/yunhengzou/coordinate_alignment/aam_benchmarks/golden_policy_full_20260907/1349/evaluation.json,0.13173063937574625
1350,True,recovered,True,/project/yunhengzou/coordinate_alignment/aam_benchmarks/golden_all_records_20260907/1350/evaluation.json,0.372423117980361
1351,False,recovered,False,/project/yunhengzou/coordinate_alignment/aam_benchmarks/golden_domain_rescore_v2_20260907/1351/evaluation.json,68.29697054810822
1352,False,recovered,False,/project/yunhengzou/coordinate_alignment/aam_benchmarks/golden_policy_full_20260907/1352/evaluation.json,1.4523732559755445
1353,False,recovered,False,/project/yunhengzou/coordinate_alignment/aam_benchmarks/golden_policy_full_20260907/1353/evaluation.json,0.5392042680177838
1354,True,recovered,True,/project/yunhengzou/coordinate_alignment/aam_benchmarks/golden_all_records_20260907/1354/evaluation.json,0.04651348479092121
1355,False,recovered,True,/project/yunhengzou/coordinate_alignment/aam_benchmarks/golden_policy_full_20260907/1355/evaluation.json,0.0114749891217798
1356,False,recovered,False,/project/yunhengzou/coordinate_alignment/aam_benchmarks/golden_policy_full_20260907/1356/evaluation.json,0.23400373198091984
1357,False,recovered,False,/project/yunhengzou/coordinate_alignment/aam_benchmarks/golden_policy_full_20260907/1357/evaluation.json,0.017210718244314194
1358,True,not_recovered,False,/project/yunhengzou/coordinate_alignment/aam_benchmarks/golden_all_records_20260907/1358/evaluation.json,38.80395723134279
1359,False,recovered,True,/project/yunhengzou/coordinate_alignment/aam_benchmarks/golden_policy_full_20260907/1359/evaluation.json,1.450975795974955
1360,False,recovered,True,/project/yunhengzou/coordinate_alignment/aam_benchmarks/golden_policy_full_20260907/1360/evaluation.json,6.632767350180075
1361,False,recovered,True,/project/yunhengzou/coordinate_alignment/aam_benchmarks/golden_policy_full_20260907/1361/evaluation.json,26.35562751116231
1362,False,recovered,True,/project/yunhengzou/coordinate_alignment/aam_benchmarks/golden_policy_full_20260907/1362/evaluation.json,9.620271001942456
1363,False,recovered,True,/project/yunhengzou/coordinate_alignment/aam_benchmarks/golden_policy_full_20260907/1363/evaluation.json,0.544666132889688
1364,False,recovered,True,/project/yunhengzou/coordinate_alignment/aam_benchmarks/golden_policy_full_20260907/1364/evaluation.json,0.3024411592632532
1365,False,recovered,False,/project/yunhengzou/coordinate_alignment/aam_benchmarks/golden_policy_full_20260907/1365/evaluation.json,11.218360571190715
1366,False,recovered,True,/project/yunhengzou/coordinate_alignment/aam_benchmarks/golden_policy_full_20260907/1366/evaluation.json,0.6416424661874771
1367,False,recovered,True,/project/yunhengzou/coordinate_alignment/aam_benchmarks/golden_policy_full_20260907/1367/evaluation.json,0.2126327445730567
1368,False,recovered,True,/project/yunhengzou/coordinate_alignment/aam_benchmarks/golden_policy_full_20260907/1368/evaluation.json,0.1801390266045928
1369,False,recovered,True,/project/yunhengzou/coordinate_alignment/aam_benchmarks/golden_policy_full_20260907/1369/evaluation.json,14.720604469999671
1370,False,recovered,True,/project/yunhengzou/coordinate_alignment/aam_benchmarks/golden_policy_full_20260907/1370/evaluation.json,3.070293717086315
1371,False,recovered,True,/project/yunhengzou/coordinate_alignment/aam_benchmarks/golden_policy_full_20260907/1371/evaluation.json,1.704265366308391
1372,False,recovered,True,/project/yunhengzou/coordinate_alignment/aam_benchmarks/golden_policy_full_20260907/1372/evaluation.json,5.296841860283166
1373,False,recovered,True,/project/yunhengzou/coordinate_alignment/aam_benchmarks/golden_policy_full_20260907/1373/evaluation.json,0.017430563922971487
1374,True,recovered,True,/project/yunhengzou/coordinate_alignment/aam_benchmarks/golden_all_records_20260907/1374/evaluation.json,1.8167354073375463
1375,False,recovered,True,/project/yunhengzou/coordinate_alignment/aam_benchmarks/golden_policy_full_20260907/1375/evaluation.json,0.3705477607436478
1376,False,recovered,True,/project/yunhengzou/coordinate_alignment/aam_benchmarks/golden_policy_full_20260907/1376/evaluation.json,0.5134851899929345
1377,True,not_recovered,False,/project/yunhengzou/coordinate_alignment/aam_benchmarks/golden_all_records_20260907/1377/evaluation.json,13.677909336984158
1378,False,recovered,True,/project/yunhengzou/coordinate_alignment/aam_benchmarks/golden_policy_full_20260907/1378/evaluation.json,1.1324516399763525
1379,False,recovered,True,/project/yunhengzou/coordinate_alignment/aam_benchmarks/golden_policy_full_20260907/1379/evaluation.json,0.7950826743617654
1380,False,not_recovered,False,/project/yunhengzou/coordinate_alignment/aam_benchmarks/golden_domain_rescore_v2_20260907/1380/evaluation.json,69.26939838565886
1381,False,recovered,True,/project/yunhengzou/coordinate_alignment/aam_benchmarks/golden_policy_full_20260907/1381/evaluation.json,0.22848891001194715
1382,False,recovered,False,/project/yunhengzou/coordinate_alignment/aam_benchmarks/golden_policy_full_20260907/1382/evaluation.json,4.139884309843183
1383,False,recovered,True,/project/yunhengzou/coordinate_alignment/aam_benchmarks/golden_policy_full_20260907/1383/evaluation.json,4.3539634412154555
1384,False,recovered,True,/project/yunhengzou/coordinate_alignment/aam_benchmarks/golden_policy_full_20260907/1384/evaluation.json,0.744359090924263
1385,False,recovered,True,/project/yunhengzou/coordinate_alignment/aam_benchmarks/golden_policy_full_20260907/1385/evaluation.json,0.721658505499363
1386,False,recovered,,/project/yunhengzou/coordinate_alignment/aam_benchmarks/golden_policy_full_20260907/1386/evaluation.json,0.023101458325982094
1387,False,recovered,True,/project/yunhengzou/coordinate_alignment/aam_benchmarks/golden_policy_full_20260907/1387/evaluation.json,10.133196916431189
1388,False,recovered,True,/project/yunhengzou/coordinate_alignment/aam_benchmarks/golden_policy_full_20260907/1388/evaluation.json,0.5346870310604572
1389,False,recovered,True,/project/yunhengzou/coordinate_alignment/aam_benchmarks/golden_policy_full_20260907/1389/evaluation.json,5.789731244556606
1390,False,recovered,True,/project/yunhengzou/coordinate_alignment/aam_benchmarks/golden_policy_full_20260907/1390/evaluation.json,2.017185566946864
1391,False,recovered,True,/project/yunhengzou/coordinate_alignment/aam_benchmarks/golden_policy_full_20260907/1391/evaluation.json,0.34637229796499014
1392,False,recovered,True,/project/yunhengzou/coordinate_alignment/aam_benchmarks/golden_policy_full_20260907/1392/evaluation.json,12.256514814682305
1393,False,recovered,True,/project/yunhengzou/coordinate_alignment/aam_benchmarks/golden_policy_full_20260907/1393/evaluation.json,0.17858953773975372
1394,False,recovered,True,/project/yunhengzou/coordinate_alignment/aam_benchmarks/golden_policy_full_20260907/1394/evaluation.json,0.21409768797457218
1395,False,recovered,True,/project/yunhengzou/coordinate_alignment/aam_benchmarks/golden_policy_full_20260907/1395/evaluation.json,0.9095831429585814
1396,False,recovered,True,/project/yunhengzou/coordinate_alignment/aam_benchmarks/golden_policy_full_20260907/1396/evaluation.json,0.29978669434785843
1397,False,recovered,True,/project/yunhengzou/coordinate_alignment/aam_benchmarks/golden_policy_full_20260907/1397/evaluation.json,0.2232653684914112
1398,False,recovered,True,/project/yunhengzou/coordinate_alignment/aam_benchmarks/golden_policy_full_20260907/1398/evaluation.json,0.3732076957821846
1399,False,recovered,True,/project/yunhengzou/coordinate_alignment/aam_benchmarks/golden_policy_full_20260907/1399/evaluation.json,0.12321881670504808
1400,False,not_recovered,False,/project/yunhengzou/coordinate_alignment/aam_benchmarks/golden_domain_rescore_v2_20260907/1400/evaluation.json,15.314871094189584
1401,False,recovered,True,/project/yunhengzou/coordinate_alignment/aam_benchmarks/golden_policy_full_20260907/1401/evaluation.json,0.9395968317985535
1402,False,recovered,True,/project/yunhengzou/coordinate_alignment/aam_benchmarks/golden_policy_full_20260907/1402/evaluation.json,3.731000617146492
1403,False,recovered,True,/project/yunhengzou/coordinate_alignment/aam_benchmarks/golden_policy_full_20260907/1403/evaluation.json,4.035662610083818
1404,False,recovered,True,/project/yunhengzou/coordinate_alignment/aam_benchmarks/golden_policy_full_20260907/1404/evaluation.json,15.963555356487632
1405,False,recovered,True,/project/yunhengzou/coordinate_alignment/aam_benchmarks/golden_policy_full_20260907/1405/evaluation.json,3.9177643097937107
1406,False,recovered,True,/project/yunhengzou/coordinate_alignment/aam_benchmarks/golden_policy_full_20260907/1406/evaluation.json,1.0647698091343045
1407,False,recovered,True,/project/yunhengzou/coordinate_alignment/aam_benchmarks/golden_policy_full_20260907/1407/evaluation.json,0.6108948136679828
1408,False,recovered,True,/project/yunhengzou/coordinate_alignment/aam_benchmarks/golden_policy_full_20260907/1408/evaluation.json,2.9159597316756845
1409,False,recovered,True,/project/yunhengzou/coordinate_alignment/aam_benchmarks/golden_policy_full_20260907/1409/evaluation.json,5.163935855962336
1410,False,recovered,True,/project/yunhengzou/coordinate_alignment/aam_benchmarks/golden_policy_full_20260907/1410/evaluation.json,4.909326302818954
1411,False,recovered,True,/project/yunhengzou/coordinate_alignment/aam_benchmarks/golden_policy_full_20260907/1411/evaluation.json,1.9808251550421119
1412,False,recovered,True,/project/yunhengzou/coordinate_alignment/aam_benchmarks/golden_policy_full_20260907/1412/evaluation.json,0.5342716472223401
1413,False,recovered,True,/project/yunhengzou/coordinate_alignment/aam_benchmarks/golden_policy_full_20260907/1413/evaluation.json,1.0718871466815472
1414,False,recovered,False,/project/yunhengzou/coordinate_alignment/aam_benchmarks/golden_policy_full_20260907/1414/evaluation.json,1.2899213340133429
1415,False,recovered,True,/project/yunhengzou/coordinate_alignment/aam_benchmarks/golden_policy_full_20260907/1415/evaluation.json,0.6941955555230379
1416,False,recovered,True,/project/yunhengzou/coordinate_alignment/aam_benchmarks/golden_policy_full_20260907/1416/evaluation.json,0.5680938279256225
1417,False,recovered,True,/project/yunhengzou/coordinate_alignment/aam_benchmarks/golden_policy_full_20260907/1417/evaluation.json,0.15887940488755703
1418,False,recovered,True,/project/yunhengzou/coordinate_alignment/aam_benchmarks/golden_policy_full_20260907/1418/evaluation.json,3.288146791048348
1419,False,recovered,True,/project/yunhengzou/coordinate_alignment/aam_benchmarks/golden_policy_full_20260907/1419/evaluation.json,16.583088441751897
1420,False,recovered,False,/project/yunhengzou/coordinate_alignment/aam_benchmarks/golden_policy_full_20260907/1420/evaluation.json,4.742404064163566
1421,False,recovered,True,/project/yunhengzou/coordinate_alignment/aam_benchmarks/golden_policy_full_20260907/1421/evaluation.json,0.09326597023755312
1422,False,recovered,True,/project/yunhengzou/coordinate_alignment/aam_benchmarks/golden_policy_full_20260907/1422/evaluation.json,1.4736795974895358
1423,False,recovered,True,/project/yunhengzou/coordinate_alignment/aam_benchmarks/golden_policy_full_20260907/1423/evaluation.json,0.13352470472455025
1424,False,recovered,True,/project/yunhengzou/coordinate_alignment/aam_benchmarks/golden_policy_full_20260907/1424/evaluation.json,5.228653265163302
1425,False,recovered,True,/project/yunhengzou/coordinate_alignment/aam_benchmarks/golden_policy_full_20260907/1425/evaluation.json,0.593345913104713
1426,False,recovered,True,/project/yunhengzou/coordinate_alignment/aam_benchmarks/golden_policy_full_20260907/1426/evaluation.json,7.983063436113298
1427,False,recovered,True,/project/yunhengzou/coordinate_alignment/aam_benchmarks/golden_policy_full_20260907/1427/evaluation.json,0.4705536989495158
1428,False,recovered,True,/project/yunhengzou/coordinate_alignment/aam_benchmarks/golden_policy_full_20260907/1428/evaluation.json,1.2618906069546938
1429,False,recovered,True,/project/yunhengzou/coordinate_alignment/aam_benchmarks/golden_policy_full_20260907/1429/evaluation.json,2.5904415203258395
1430,False,recovered,True,/project/yunhengzou/coordinate_alignment/aam_benchmarks/golden_policy_full_20260907/1430/evaluation.json,2.6303240610286593
1431,False,recovered,True,/project/yunhengzou/coordinate_alignment/aam_benchmarks/golden_policy_full_20260907/1431/evaluation.json,0.3369074808433652
1432,False,recovered,True,/project/yunhengzou/coordinate_alignment/aam_benchmarks/golden_policy_full_20260907/1432/evaluation.json,2.969967576675117
1433,False,recovered,True,/project/yunhengzou/coordinate_alignment/aam_benchmarks/golden_policy_full_20260907/1433/evaluation.json,3.1237842910923064
1434,False,recovered,True,/project/yunhengzou/coordinate_alignment/aam_benchmarks/golden_policy_full_20260907/1434/evaluation.json,0.5372678968124092
1435,False,recovered,True,/project/yunhengzou/coordinate_alignment/aam_benchmarks/golden_policy_full_20260907/1435/evaluation.json,2.3023539120331407
1436,False,recovered,True,/project/yunhengzou/coordinate_alignment/aam_benchmarks/golden_policy_full_20260907/1436/evaluation.json,3.1906440388411283
1437,False,recovered,True,/project/yunhengzou/coordinate_alignment/aam_benchmarks/golden_policy_full_20260907/1437/evaluation.json,1.3349555097520351
1438,False,recovered,True,/project/yunhengzou/coordinate_alignment/aam_benchmarks/golden_policy_full_20260907/1438/evaluation.json,1.5367936911061406
1439,False,recovered,True,/project/yunhengzou/coordinate_alignment/aam_benchmarks/golden_policy_full_20260907/1439/evaluation.json,4.652650622650981
1440,False,recovered,True,/project/yunhengzou/coordinate_alignment/aam_benchmarks/golden_policy_full_20260907/1440/evaluation.json,0.8498513749800622
1441,False,recovered,True,/project/yunhengzou/coordinate_alignment/aam_benchmarks/golden_policy_full_20260907/1441/evaluation.json,3.6811435429845005
1442,False,recovered,True,/project/yunhengzou/coordinate_alignment/aam_benchmarks/golden_policy_full_20260907/1442/evaluation.json,2.6088517610915005
1443,False,recovered,True,/project/yunhengzou/coordinate_alignment/aam_benchmarks/golden_policy_full_20260907/1443/evaluation.json,3.65922854305245
1444,False,recovered,True,/project/yunhengzou/coordinate_alignment/aam_benchmarks/golden_policy_full_20260907/1444/evaluation.json,1.1401436016894877
1445,False,recovered,True,/project/yunhengzou/coordinate_alignment/aam_benchmarks/golden_policy_full_20260907/1445/evaluation.json,0.4977174820378423
1446,False,recovered,True,/project/yunhengzou/coordinate_alignment/aam_benchmarks/golden_policy_full_20260907/1446/evaluation.json,2.933095525018871
1447,False,recovered,True,/project/yunhengzou/coordinate_alignment/aam_benchmarks/golden_policy_full_20260907/1447/evaluation.json,3.336153392214328
1448,False,recovered,True,/project/yunhengzou/coordinate_alignment/aam_benchmarks/golden_policy_full_20260907/1448/evaluation.json,0.8019534992054105
1449,False,recovered,True,/project/yunhengzou/coordinate_alignment/aam_benchmarks/golden_policy_full_20260907/1449/evaluation.json,0.3734311801381409
1450,False,recovered,True,/project/yunhengzou/coordinate_alignment/aam_benchmarks/golden_policy_full_20260907/1450/evaluation.json,0.12686424003913999
1451,False,recovered,True,/project/yunhengzou/coordinate_alignment/aam_benchmarks/golden_policy_full_20260907/1451/evaluation.json,9.272492232732475
1452,False,recovered,True,/project/yunhengzou/coordinate_alignment/aam_benchmarks/golden_policy_full_20260907/1452/evaluation.json,1.9207710716873407
1453,False,recovered,True,/project/yunhengzou/coordinate_alignment/aam_benchmarks/golden_policy_full_20260907/1453/evaluation.json,7.372223858721554
1454,False,recovered,True,/project/yunhengzou/coordinate_alignment/aam_benchmarks/golden_policy_full_20260907/1454/evaluation.json,1.5150392390787601
1455,False,recovered,True,/project/yunhengzou/coordinate_alignment/aam_benchmarks/golden_policy_full_20260907/1455/evaluation.json,2.488521758466959
1456,False,recovered,True,/project/yunhengzou/coordinate_alignment/aam_benchmarks/golden_policy_full_20260907/1456/evaluation.json,2.0404215110465884
1457,False,recovered,True,/project/yunhengzou/coordinate_alignment/aam_benchmarks/golden_policy_full_20260907/1457/evaluation.json,0.043510292656719685
1458,False,recovered,True,/project/yunhengzou/coordinate_alignment/aam_benchmarks/golden_policy_full_20260907/1458/evaluation.json,0.216489321552217
1459,False,recovered,True,/project/yunhengzou/coordinate_alignment/aam_benchmarks/golden_policy_full_20260907/1459/evaluation.json,3.5789814172312617
1460,False,recovered,True,/project/yunhengzou/coordinate_alignment/aam_benchmarks/golden_policy_full_20260907/1460/evaluation.json,0.7376864538528025
1461,False,recovered,True,/project/yunhengzou/coordinate_alignment/aam_benchmarks/golden_policy_full_20260907/1461/evaluation.json,1.4160563978366554
1462,False,recovered,True,/project/yunhengzou/coordinate_alignment/aam_benchmarks/golden_policy_full_20260907/1462/evaluation.json,10.607580883894116
1463,False,recovered,True,/project/yunhengzou/coordinate_alignment/aam_benchmarks/golden_policy_full_20260907/1463/evaluation.json,6.7570915017277
1464,False,recovered,True,/project/yunhengzou/coordinate_alignment/aam_benchmarks/golden_policy_full_20260907/1464/evaluation.json,3.1744228303432465
1465,False,recovered,True,/project/yunhengzou/coordinate_alignment/aam_benchmarks/golden_policy_full_20260907/1465/evaluation.json,0.8400994949042797
1466,False,recovered,True,/project/yunhengzou/coordinate_alignment/aam_benchmarks/golden_policy_full_20260907/1466/evaluation.json,3.2356738932430744
1467,False,recovered,True,/project/yunhengzou/coordinate_alignment/aam_benchmarks/golden_policy_full_20260907/1467/evaluation.json,1.9910020753741264
1468,False,recovered,True,/project/yunhengzou/coordinate_alignment/aam_benchmarks/golden_policy_full_20260907/1468/evaluation.json,0.5187785308808088
1469,False,recovered,True,/project/yunhengzou/coordinate_alignment/aam_benchmarks/golden_policy_full_20260907/1469/evaluation.json,2.5126471212133765
1470,False,recovered,True,/project/yunhengzou/coordinate_alignment/aam_benchmarks/golden_policy_full_20260907/1470/evaluation.json,0.9527276689186692
1471,False,recovered,False,/project/yunhengzou/coordinate_alignment/aam_benchmarks/golden_policy_full_20260907/1471/evaluation.json,0.0776585228741169
1472,False,recovered,True,/project/yunhengzou/coordinate_alignment/aam_benchmarks/golden_policy_full_20260907/1472/evaluation.json,0.8047352181747556
1473,False,recovered,True,/project/yunhengzou/coordinate_alignment/aam_benchmarks/golden_policy_full_20260907/1473/evaluation.json,1.7725767330266535
1474,False,recovered,False,/project/yunhengzou/coordinate_alignment/aam_benchmarks/golden_policy_full_20260907/1474/evaluation.json,0.7115955404005945
1475,True,not_recovered,False,/project/yunhengzou/coordinate_alignment/aam_benchmarks/golden_all_records_20260907/1475/evaluation.json,4.645767303183675
1476,False,recovered,False,/project/yunhengzou/coordinate_alignment/aam_benchmarks/golden_policy_full_20260907/1476/evaluation.json,0.23515861481428146
1477,False,recovered,False,/project/yunhengzou/coordinate_alignment/aam_benchmarks/golden_policy_full_20260907/1477/evaluation.json,1.3010826990939677
1478,False,recovered,False,/project/yunhengzou/coordinate_alignment/aam_benchmarks/golden_policy_full_20260907/1478/evaluation.json,9.293839312158525
1479,False,recovered,True,/project/yunhengzou/coordinate_alignment/aam_benchmarks/golden_policy_full_20260907/1479/evaluation.json,0.34613179601728916
1480,False,recovered,True,/project/yunhengzou/coordinate_alignment/aam_benchmarks/golden_policy_full_20260907/1480/evaluation.json,6.522005893057212
1481,False,recovered,True,/project/yunhengzou/coordinate_alignment/aam_benchmarks/golden_policy_full_20260907/1481/evaluation.json,2.1656948244199157
1482,False,recovered,True,/project/yunhengzou/coordinate_alignment/aam_benchmarks/golden_policy_full_20260907/1482/evaluation.json,0.17122842813841999
1483,False,recovered,True,/project/yunhengzou/coordinate_alignment/aam_benchmarks/golden_policy_full_20260907/1483/evaluation.json,0.5202235030010343
1484,False,recovered,True,/project/yunhengzou/coordinate_alignment/aam_benchmarks/golden_policy_full_20260907/1484/evaluation.json,6.366894073784351
1485,False,recovered,True,/project/yunhengzou/coordinate_alignment/aam_benchmarks/golden_policy_full_20260907/1485/evaluation.json,0.5422895939555019
1486,False,recovered,True,/project/yunhengzou/coordinate_alignment/aam_benchmarks/golden_policy_full_20260907/1486/evaluation.json,2.258263082243502
1487,False,recovered,True,/project/yunhengzou/coordinate_alignment/aam_benchmarks/golden_policy_full_20260907/1487/evaluation.json,0.5194744383916259
1488,False,recovered,True,/project/yunhengzou/coordinate_alignment/aam_benchmarks/golden_policy_full_20260907/1488/evaluation.json,3.9199020182713866
1489,False,recovered,True,/project/yunhengzou/coordinate_alignment/aam_benchmarks/golden_policy_full_20260907/1489/evaluation.json,4.298454420641065
1490,False,recovered,True,/project/yunhengzou/coordinate_alignment/aam_benchmarks/golden_policy_full_20260907/1490/evaluation.json,4.415723935700953
1491,False,recovered,True,/project/yunhengzou/coordinate_alignment/aam_benchmarks/golden_policy_full_20260907/1491/evaluation.json,1.9212866136804223
1492,False,recovered,True,/project/yunhengzou/coordinate_alignment/aam_benchmarks/golden_policy_full_20260907/1492/evaluation.json,3.728480197954923
1493,False,recovered,True,/project/yunhengzou/coordinate_alignment/aam_benchmarks/golden_policy_full_20260907/1493/evaluation.json,28.435749804833904
1494,False,recovered,True,/project/yunhengzou/coordinate_alignment/aam_benchmarks/golden_policy_full_20260907/1494/evaluation.json,0.2977728871628642
1495,False,recovered,True,/project/yunhengzou/coordinate_alignment/aam_benchmarks/golden_policy_full_20260907/1495/evaluation.json,2.0699328670743853
1496,False,recovered,True,/project/yunhengzou/coordinate_alignment/aam_benchmarks/golden_policy_full_20260907/1496/evaluation.json,0.15256828535348177
1497,False,recovered,True,/project/yunhengzou/coordinate_alignment/aam_benchmarks/golden_policy_full_20260907/1497/evaluation.json,0.10368058737367392
1498,False,recovered,True,/project/yunhengzou/coordinate_alignment/aam_benchmarks/golden_policy_full_20260907/1498/evaluation.json,0.025393464602530003
1499,False,recovered,False,/project/yunhengzou/coordinate_alignment/aam_benchmarks/golden_policy_full_20260907/1499/evaluation.json,0.09312027972191572
1500,False,recovered,True,/project/yunhengzou/coordinate_alignment/aam_benchmarks/golden_policy_full_20260907/1500/evaluation.json,1.9457960929721594
1501,False,recovered,True,/project/yunhengzou/coordinate_alignment/aam_benchmarks/golden_policy_full_20260907/1501/evaluation.json,2.1117164185270667
1502,False,recovered,True,/project/yunhengzou/coordinate_alignment/aam_benchmarks/golden_policy_full_20260907/1502/evaluation.json,2.487063783686608
1503,False,recovered,False,/project/yunhengzou/coordinate_alignment/aam_benchmarks/golden_policy_full_20260907/1503/evaluation.json,6.344368379563093
1504,False,recovered,True,/project/yunhengzou/coordinate_alignment/aam_benchmarks/golden_policy_full_20260907/1504/evaluation.json,11.859686383977532
1505,False,recovered,True,/project/yunhengzou/coordinate_alignment/aam_benchmarks/golden_policy_full_20260907/1505/evaluation.json,1.3412807621061802
1506,False,recovered,False,/project/yunhengzou/coordinate_alignment/aam_benchmarks/golden_policy_full_20260907/1506/evaluation.json,4.572895381134003
1507,False,recovered,True,/project/yunhengzou/coordinate_alignment/aam_benchmarks/golden_policy_full_20260907/1507/evaluation.json,0.5197180262766778
1508,False,recovered,True,/project/yunhengzou/coordinate_alignment/aam_benchmarks/golden_policy_full_20260907/1508/evaluation.json,0.9213990923017263
1509,False,recovered,True,/project/yunhengzou/coordinate_alignment/aam_benchmarks/golden_policy_full_20260907/1509/evaluation.json,14.99839574098587
1510,False,recovered,True,/project/yunhengzou/coordinate_alignment/aam_benchmarks/golden_policy_full_20260907/1510/evaluation.json,0.6976267630234361
1511,False,recovered,True,/project/yunhengzou/coordinate_alignment/aam_benchmarks/golden_policy_full_20260907/1511/evaluation.json,0.5014424179680645
1512,False,recovered,False,/project/yunhengzou/coordinate_alignment/aam_benchmarks/golden_policy_full_20260907/1512/evaluation.json,5.16713485121727
1513,False,recovered,True,/project/yunhengzou/coordinate_alignment/aam_benchmarks/golden_policy_full_20260907/1513/evaluation.json,5.612690893001854
1514,False,recovered,True,/project/yunhengzou/coordinate_alignment/aam_benchmarks/golden_policy_full_20260907/1514/evaluation.json,5.617858462035656
1515,False,recovered,False,/project/yunhengzou/coordinate_alignment/aam_benchmarks/golden_policy_full_20260907/1515/evaluation.json,3.1840390879660845
1516,False,recovered,False,/project/yunhengzou/coordinate_alignment/aam_benchmarks/golden_policy_full_20260907/1516/evaluation.json,4.373408687999472
1517,False,recovered,False,/project/yunhengzou/coordinate_alignment/aam_benchmarks/golden_policy_full_20260907/1517/evaluation.json,3.415868639945984
1518,False,recovered,False,/project/yunhengzou/coordinate_alignment/aam_benchmarks/golden_policy_full_20260907/1518/evaluation.json,2.3826392060145736
1519,False,recovered,False,/project/yunhengzou/coordinate_alignment/aam_benchmarks/golden_policy_full_20260907/1519/evaluation.json,4.097215843386948
1520,False,recovered,True,/project/yunhengzou/coordinate_alignment/aam_benchmarks/golden_policy_full_20260907/1520/evaluation.json,2.271839722059667
1521,False,recovered,True,/project/yunhengzou/coordinate_alignment/aam_benchmarks/golden_policy_full_20260907/1521/evaluation.json,0.11911567766219378
1522,False,recovered,False,/project/yunhengzou/coordinate_alignment/aam_benchmarks/golden_domain_rescore_v2_20260907/1522/evaluation.json,13.01480147242546
1523,False,recovered,False,/project/yunhengzou/coordinate_alignment/aam_benchmarks/golden_policy_full_20260907/1523/evaluation.json,4.476734280586243
1524,False,recovered,True,/project/yunhengzou/coordinate_alignment/aam_benchmarks/golden_policy_full_20260907/1524/evaluation.json,2.4452504720538855
1525,False,recovered,False,/project/yunhengzou/coordinate_alignment/aam_benchmarks/golden_policy_full_20260907/1525/evaluation.json,0.9575656298547983
1526,False,recovered,False,/project/yunhengzou/coordinate_alignment/aam_benchmarks/golden_policy_full_20260907/1526/evaluation.json,3.148984743282199
1527,False,recovered,False,/project/yunhengzou/coordinate_alignment/aam_benchmarks/golden_policy_full_20260907/1527/evaluation.json,2.1367912450805306
1528,False,recovered,True,/project/yunhengzou/coordinate_alignment/aam_benchmarks/golden_policy_full_20260907/1528/evaluation.json,2.4395057298243046
1529,False,recovered,True,/project/yunhengzou/coordinate_alignment/aam_benchmarks/golden_policy_full_20260907/1529/evaluation.json,3.592668247409165
1530,False,recovered,True,/project/yunhengzou/coordinate_alignment/aam_benchmarks/golden_policy_full_20260907/1530/evaluation.json,4.997204881161451
1531,False,recovered,False,/project/yunhengzou/coordinate_alignment/aam_benchmarks/golden_policy_full_20260907/1531/evaluation.json,2.637748507782817
1532,False,recovered,False,/project/yunhengzou/coordinate_alignment/aam_benchmarks/golden_policy_full_20260907/1532/evaluation.json,3.715560263954103
1533,False,recovered,False,/project/yunhengzou/coordinate_alignment/aam_benchmarks/golden_policy_full_20260907/1533/evaluation.json,5.00502716563642
1534,False,recovered,True,/project/yunhengzou/coordinate_alignment/aam_benchmarks/golden_policy_full_20260907/1534/evaluation.json,4.854971879161894
1535,False,recovered,True,/project/yunhengzou/coordinate_alignment/aam_benchmarks/golden_policy_full_20260907/1535/evaluation.json,4.013004989828914
1536,False,recovered,False,/project/yunhengzou/coordinate_alignment/aam_benchmarks/golden_policy_full_20260907/1536/evaluation.json,4.076532928738743
1537,False,recovered,False,/project/yunhengzou/coordinate_alignment/aam_benchmarks/golden_policy_full_20260907/1537/evaluation.json,0.6982221021316946
1538,False,recovered,True,/project/yunhengzou/coordinate_alignment/aam_benchmarks/golden_policy_full_20260907/1538/evaluation.json,1.2770750508643687
1539,False,recovered,True,/project/yunhengzou/coordinate_alignment/aam_benchmarks/golden_policy_full_20260907/1539/evaluation.json,3.133396008051932
1540,False,recovered,False,/project/yunhengzou/coordinate_alignment/aam_benchmarks/golden_policy_full_20260907/1540/evaluation.json,0.9684391040354967
1541,False,recovered,True,/project/yunhengzou/coordinate_alignment/aam_benchmarks/golden_policy_full_20260907/1541/evaluation.json,1.3934047122020274
1542,False,recovered,True,/project/yunhengzou/coordinate_alignment/aam_benchmarks/golden_policy_full_20260907/1542/evaluation.json,1.5290693333372474
1543,False,recovered,True,/project/yunhengzou/coordinate_alignment/aam_benchmarks/golden_policy_full_20260907/1543/evaluation.json,1.323722711764276
1544,False,recovered,True,/project/yunhengzou/coordinate_alignment/aam_benchmarks/golden_policy_full_20260907/1544/evaluation.json,1.1945668999105692
1545,False,recovered,True,/project/yunhengzou/coordinate_alignment/aam_benchmarks/golden_policy_full_20260907/1545/evaluation.json,6.7703609289601445
1546,False,recovered,True,/project/yunhengzou/coordinate_alignment/aam_benchmarks/golden_policy_full_20260907/1546/evaluation.json,12.582264760509133
1547,False,recovered,True,/project/yunhengzou/coordinate_alignment/aam_benchmarks/golden_policy_full_20260907/1547/evaluation.json,12.8792337263003
1548,False,recovered,True,/project/yunhengzou/coordinate_alignment/aam_benchmarks/golden_policy_full_20260907/1548/evaluation.json,2.8631501253694296
1549,False,recovered,False,/project/yunhengzou/coordinate_alignment/aam_benchmarks/golden_policy_full_20260907/1549/evaluation.json,0.26127730775624514
1550,False,recovered,False,/project/yunhengzou/coordinate_alignment/aam_benchmarks/golden_policy_full_20260907/1550/evaluation.json,3.426596253644675
1551,False,recovered,False,/project/yunhengzou/coordinate_alignment/aam_benchmarks/golden_policy_full_20260907/1551/evaluation.json,1.008808664046228
1552,False,recovered,False,/project/yunhengzou/coordinate_alignment/aam_benchmarks/golden_policy_full_20260907/1552/evaluation.json,0.7689712499268353
1553,False,not_recovered,False,/project/yunhengzou/coordinate_alignment/aam_benchmarks/golden_domain_rescore_v2_20260907/1553/evaluation.json,17.254046738147736
1554,False,recovered,True,/project/yunhengzou/coordinate_alignment/aam_benchmarks/golden_policy_full_20260907/1554/evaluation.json,0.5901069492101669
1555,False,recovered,True,/project/yunhengzou/coordinate_alignment/aam_benchmarks/golden_policy_full_20260907/1555/evaluation.json,0.6271084840409458
1556,False,recovered,True,/project/yunhengzou/coordinate_alignment/aam_benchmarks/golden_policy_full_20260907/1556/evaluation.json,1.0737000862136483
1557,False,recovered,True,/project/yunhengzou/coordinate_alignment/aam_benchmarks/golden_policy_full_20260907/1557/evaluation.json,0.39822034630924463
1558,False,recovered,True,/project/yunhengzou/coordinate_alignment/aam_benchmarks/golden_policy_full_20260907/1558/evaluation.json,16.241385109722614
1559,False,recovered,True,/project/yunhengzou/coordinate_alignment/aam_benchmarks/golden_policy_full_20260907/1559/evaluation.json,13.188461313955486
1560,False,recovered,True,/project/yunhengzou/coordinate_alignment/aam_benchmarks/golden_policy_full_20260907/1560/evaluation.json,2.63925364241004
1561,False,recovered,True,/project/yunhengzou/coordinate_alignment/aam_benchmarks/golden_policy_full_20260907/1561/evaluation.json,1.7947146892547607
1562,False,recovered,True,/project/yunhengzou/coordinate_alignment/aam_benchmarks/golden_policy_full_20260907/1562/evaluation.json,0.6860968386754394
1563,False,recovered,True,/project/yunhengzou/coordinate_alignment/aam_benchmarks/golden_policy_full_20260907/1563/evaluation.json,1.7853522086516023
1564,False,recovered,True,/project/yunhengzou/coordinate_alignment/aam_benchmarks/golden_policy_full_20260907/1564/evaluation.json,2.5703264577314258
1565,False,recovered,True,/project/yunhengzou/coordinate_alignment/aam_benchmarks/golden_policy_full_20260907/1565/evaluation.json,2.488120064139366
1566,False,recovered,True,/project/yunhengzou/coordinate_alignment/aam_benchmarks/golden_policy_full_20260907/1566/evaluation.json,1.02703651599586
1567,False,recovered,True,/project/yunhengzou/coordinate_alignment/aam_benchmarks/golden_policy_full_20260907/1567/evaluation.json,4.41758126206696
1568,False,not_recovered,False,/project/yunhengzou/coordinate_alignment/aam_benchmarks/golden_domain_rescore_v2_20260907/1568/evaluation.json,134.19821562618017
1569,False,recovered,False,/project/yunhengzou/coordinate_alignment/aam_benchmarks/golden_policy_full_20260907/1569/evaluation.json,2.507400753442198
1570,False,recovered,False,/project/yunhengzou/coordinate_alignment/aam_benchmarks/golden_policy_full_20260907/1570/evaluation.json,4.332796325907111
1571,False,recovered,False,/project/yunhengzou/coordinate_alignment/aam_benchmarks/golden_policy_full_20260907/1571/evaluation.json,0.5667771971784532
1572,False,recovered,False,/project/yunhengzou/coordinate_alignment/aam_benchmarks/golden_policy_full_20260907/1572/evaluation.json,0.31132022105157375
1573,False,recovered,True,/project/yunhengzou/coordinate_alignment/aam_benchmarks/golden_policy_full_20260907/1573/evaluation.json,0.3526084788609296
1574,False,not_recovered,False,/project/yunhengzou/coordinate_alignment/aam_benchmarks/golden_domain_rescore_v2_20260907/1574/evaluation.json,46.09766794089228
1575,False,recovered,True,/project/yunhengzou/coordinate_alignment/aam_benchmarks/golden_policy_full_20260907/1575/evaluation.json,1.046598955988884
1576,False,recovered,True,/project/yunhengzou/coordinate_alignment/aam_benchmarks/golden_policy_full_20260907/1576/evaluation.json,1.2380510719958693
1577,False,recovered,False,/project/yunhengzou/coordinate_alignment/aam_benchmarks/golden_policy_full_20260907/1577/evaluation.json,15.35254004294984
1578,False,recovered,False,/project/yunhengzou/coordinate_alignment/aam_benchmarks/golden_policy_full_20260907/1578/evaluation.json,8.551302282139659
1579,False,recovered,True,/project/yunhengzou/coordinate_alignment/aam_benchmarks/golden_policy_full_20260907/1579/evaluation.json,0.6585578769445419
1580,False,recovered,False,/project/yunhengzou/coordinate_alignment/aam_benchmarks/golden_policy_full_20260907/1580/evaluation.json,0.09102831687778234
1581,False,recovered,False,/project/yunhengzou/coordinate_alignment/aam_benchmarks/golden_policy_full_20260907/1581/evaluation.json,1.3188774455338717
1582,False,recovered,False,/project/yunhengzou/coordinate_alignment/aam_benchmarks/golden_policy_full_20260907/1582/evaluation.json,1.0819113990291953
1583,False,recovered,False,/project/yunhengzou/coordinate_alignment/aam_benchmarks/golden_policy_full_20260907/1583/evaluation.json,0.15723423706367612
1584,False,recovered,True,/project/yunhengzou/coordinate_alignment/aam_benchmarks/golden_policy_full_20260907/1584/evaluation.json,6.818441446870565
1585,False,recovered,False,/project/yunhengzou/coordinate_alignment/aam_benchmarks/golden_policy_full_20260907/1585/evaluation.json,1.2566112210042775
1586,False,recovered,,/project/yunhengzou/coordinate_alignment/aam_benchmarks/golden_policy_full_20260907/1586/evaluation.json,0.25857684202492237
1587,False,recovered,False,/project/yunhengzou/coordinate_alignment/aam_benchmarks/golden_policy_full_20260907/1587/evaluation.json,1.5696438900195062
1588,False,recovered,False,/project/yunhengzou/coordinate_alignment/aam_benchmarks/golden_policy_full_20260907/1588/evaluation.json,3.0853141341358423
1589,False,recovered,False,/project/yunhengzou/coordinate_alignment/aam_benchmarks/golden_policy_full_20260907/1589/evaluation.json,3.696250288048759
1590,False,recovered,False,/project/yunhengzou/coordinate_alignment/aam_benchmarks/golden_policy_full_20260907/1590/evaluation.json,5.501862860983238
1591,False,recovered,False,/project/yunhengzou/coordinate_alignment/aam_benchmarks/golden_policy_full_20260907/1591/evaluation.json,6.550302238203585
1592,False,recovered,,/project/yunhengzou/coordinate_alignment/aam_benchmarks/golden_policy_full_20260907/1592/evaluation.json,0.010163000784814358
1593,False,recovered,False,/project/yunhengzou/coordinate_alignment/aam_benchmarks/golden_policy_full_20260907/1593/evaluation.json,1.034305193927139
1594,False,recovered,False,/project/yunhengzou/coordinate_alignment/aam_benchmarks/golden_policy_full_20260907/1594/evaluation.json,0.15003218688070774
1595,False,recovered,False,/project/yunhengzou/coordinate_alignment/aam_benchmarks/golden_policy_full_20260907/1595/evaluation.json,71.3898812700063
1596,False,recovered,True,/project/yunhengzou/coordinate_alignment/aam_benchmarks/golden_policy_full_20260907/1596/evaluation.json,0.08434387296438217
1597,False,recovered,True,/project/yunhengzou/coordinate_alignment/aam_benchmarks/golden_policy_full_20260907/1597/evaluation.json,1.795857829041779
1598,False,recovered,True,/project/yunhengzou/coordinate_alignment/aam_benchmarks/golden_policy_full_20260907/1598/evaluation.json,0.8934491071850061
1599,False,recovered,True,/project/yunhengzou/coordinate_alignment/aam_benchmarks/golden_policy_full_20260907/1599/evaluation.json,12.898877847008407
1600,False,recovered,False,/project/yunhengzou/coordinate_alignment/aam_benchmarks/golden_policy_full_20260907/1600/evaluation.json,1.3905467577278614
1601,False,recovered,False,/project/yunhengzou/coordinate_alignment/aam_benchmarks/golden_policy_full_20260907/1601/evaluation.json,0.38163444586098194
1602,False,recovered,False,/project/yunhengzou/coordinate_alignment/aam_benchmarks/golden_policy_full_20260907/1602/evaluation.json,0.24326486326754093
1603,False,recovered,False,/project/yunhengzou/coordinate_alignment/aam_benchmarks/golden_policy_full_20260907/1603/evaluation.json,0.8837191201746464
1604,False,recovered,False,/project/yunhengzou/coordinate_alignment/aam_benchmarks/golden_policy_full_20260907/1604/evaluation.json,1.2851518718525767
1605,False,recovered,True,/project/yunhengzou/coordinate_alignment/aam_benchmarks/golden_policy_full_20260907/1605/evaluation.json,0.5931510617956519
1606,False,recovered,,/project/yunhengzou/coordinate_alignment/aam_benchmarks/golden_policy_full_20260907/1606/evaluation.json,0.40077229496091604
1607,False,recovered,False,/project/yunhengzou/coordinate_alignment/aam_benchmarks/golden_policy_full_20260907/1607/evaluation.json,4.650957946665585
1608,False,recovered,True,/project/yunhengzou/coordinate_alignment/aam_benchmarks/golden_policy_full_20260907/1608/evaluation.json,0.3905505519360304
1609,False,recovered,False,/project/yunhengzou/coordinate_alignment/aam_benchmarks/golden_policy_full_20260907/1609/evaluation.json,1.2441257718019187
1610,False,recovered,True,/project/yunhengzou/coordinate_alignment/aam_benchmarks/golden_policy_full_20260907/1610/evaluation.json,0.5648101633414626
1611,False,recovered,False,/project/yunhengzou/coordinate_alignment/aam_benchmarks/golden_policy_full_20260907/1611/evaluation.json,0.3478586389683187
1612,False,recovered,False,/project/yunhengzou/coordinate_alignment/aam_benchmarks/golden_policy_full_20260907/1612/evaluation.json,0.17119063809514046
1613,False,recovered,False,/project/yunhengzou/coordinate_alignment/aam_benchmarks/golden_policy_full_20260907/1613/evaluation.json,0.28411574102938175
1614,False,recovered,False,/project/yunhengzou/coordinate_alignment/aam_benchmarks/golden_policy_full_20260907/1614/evaluation.json,0.36995751690119505
1615,False,recovered,False,/project/yunhengzou/coordinate_alignment/aam_benchmarks/golden_policy_full_20260907/1615/evaluation.json,0.1820849347859621
1616,False,recovered,True,/project/yunhengzou/coordinate_alignment/aam_benchmarks/golden_policy_full_20260907/1616/evaluation.json,0.2356201382353902
1617,False,recovered,True,/project/yunhengzou/coordinate_alignment/aam_benchmarks/golden_policy_full_20260907/1617/evaluation.json,0.8282557150814682
1618,False,recovered,False,/project/yunhengzou/coordinate_alignment/aam_benchmarks/golden_policy_full_20260907/1618/evaluation.json,0.11022309795953333
1619,False,recovered,True,/project/yunhengzou/coordinate_alignment/aam_benchmarks/golden_policy_full_20260907/1619/evaluation.json,0.08277702913619578
1620,False,recovered,True,/project/yunhengzou/coordinate_alignment/aam_benchmarks/golden_policy_full_20260907/1620/evaluation.json,0.9379126091953367
1621,False,recovered,False,/project/yunhengzou/coordinate_alignment/aam_benchmarks/golden_policy_full_20260907/1621/evaluation.json,2.6228365381248295
1622,False,recovered,False,/project/yunhengzou/coordinate_alignment/aam_benchmarks/golden_policy_full_20260907/1622/evaluation.json,2.084077076986432
1623,False,recovered,True,/project/yunhengzou/coordinate_alignment/aam_benchmarks/golden_policy_full_20260907/1623/evaluation.json,5.2532929321751
1624,False,recovered,True,/project/yunhengzou/coordinate_alignment/aam_benchmarks/golden_policy_full_20260907/1624/evaluation.json,3.3653627200983465
1625,False,recovered,False,/project/yunhengzou/coordinate_alignment/aam_benchmarks/golden_policy_full_20260907/1625/evaluation.json,0.4390651201829314
1626,False,recovered,False,/project/yunhengzou/coordinate_alignment/aam_benchmarks/golden_policy_full_20260907/1626/evaluation.json,0.48651375994086266
1627,False,recovered,False,/project/yunhengzou/coordinate_alignment/aam_benchmarks/golden_policy_full_20260907/1627/evaluation.json,2.9143464560620487
1628,False,recovered,False,/project/yunhengzou/coordinate_alignment/aam_benchmarks/golden_policy_full_20260907/1628/evaluation.json,2.818534329533577
1629,False,recovered,False,/project/yunhengzou/coordinate_alignment/aam_benchmarks/golden_policy_full_20260907/1629/evaluation.json,4.975057200528681
1630,False,recovered,False,/project/yunhengzou/coordinate_alignment/aam_benchmarks/golden_policy_full_20260907/1630/evaluation.json,0.7309472197666764
1631,False,recovered,False,/project/yunhengzou/coordinate_alignment/aam_benchmarks/golden_policy_full_20260907/1631/evaluation.json,0.873634472489357
1632,False,recovered,False,/project/yunhengzou/coordinate_alignment/aam_benchmarks/golden_policy_full_20260907/1632/evaluation.json,0.9680153336375952
1633,False,recovered,True,/project/yunhengzou/coordinate_alignment/aam_benchmarks/golden_policy_full_20260907/1633/evaluation.json,0.13318077940493822
1634,False,recovered,False,/project/yunhengzou/coordinate_alignment/aam_benchmarks/golden_policy_full_20260907/1634/evaluation.json,14.946383237838745
1635,False,recovered,False,/project/yunhengzou/coordinate_alignment/aam_benchmarks/golden_policy_full_20260907/1635/evaluation.json,0.9391906601376832
1636,False,recovered,True,/project/yunhengzou/coordinate_alignment/aam_benchmarks/golden_policy_full_20260907/1636/evaluation.json,0.6994771170429885
1637,False,recovered,True,/project/yunhengzou/coordinate_alignment/aam_benchmarks/golden_policy_full_20260907/1637/evaluation.json,2.046101394109428
1638,False,recovered,True,/project/yunhengzou/coordinate_alignment/aam_benchmarks/golden_policy_full_20260907/1638/evaluation.json,0.5597480470314622
1639,False,recovered,False,/project/yunhengzou/coordinate_alignment/aam_benchmarks/golden_policy_full_20260907/1639/evaluation.json,0.8180245901457965
1640,False,recovered,True,/project/yunhengzou/coordinate_alignment/aam_benchmarks/golden_policy_full_20260907/1640/evaluation.json,2.0746979569084942
1641,False,recovered,True,/project/yunhengzou/coordinate_alignment/aam_benchmarks/golden_policy_full_20260907/1641/evaluation.json,0.176537343300879
1642,False,recovered,False,/project/yunhengzou/coordinate_alignment/aam_benchmarks/golden_policy_full_20260907/1642/evaluation.json,4.297064773738384
1643,False,recovered,True,/project/yunhengzou/coordinate_alignment/aam_benchmarks/golden_policy_full_20260907/1643/evaluation.json,17.324105482548475
1644,False,recovered,True,/project/yunhengzou/coordinate_alignment/aam_benchmarks/golden_policy_full_20260907/1644/evaluation.json,1.8157080058008432
1645,False,recovered,False,/project/yunhengzou/coordinate_alignment/aam_benchmarks/golden_policy_full_20260907/1645/evaluation.json,9.090404243208468
1646,False,recovered,False,/project/yunhengzou/coordinate_alignment/aam_benchmarks/golden_policy_full_20260907/1646/evaluation.json,3.974804670549929
1647,False,recovered,True,/project/yunhengzou/coordinate_alignment/aam_benchmarks/golden_policy_full_20260907/1647/evaluation.json,7.979215732775629
1648,False,recovered,False,/project/yunhengzou/coordinate_alignment/aam_benchmarks/golden_policy_full_20260907/1648/evaluation.json,2.4684248119592667
1649,False,recovered,False,/project/yunhengzou/coordinate_alignment/aam_benchmarks/golden_policy_full_20260907/1649/evaluation.json,5.988202990964055
1650,False,recovered,True,/project/yunhengzou/coordinate_alignment/aam_benchmarks/golden_policy_full_20260907/1650/evaluation.json,0.24736896436661482
1651,False,recovered,False,/project/yunhengzou/coordinate_alignment/aam_benchmarks/golden_policy_full_20260907/1651/evaluation.json,4.018216053023934
1652,False,recovered,False,/project/yunhengzou/coordinate_alignment/aam_benchmarks/golden_policy_full_20260907/1652/evaluation.json,1.2084561369847506
1653,False,recovered,False,/project/yunhengzou/coordinate_alignment/aam_benchmarks/golden_policy_full_20260907/1653/evaluation.json,2.674275211058557
1654,False,recovered,True,/project/yunhengzou/coordinate_alignment/aam_benchmarks/golden_policy_full_20260907/1654/evaluation.json,1.7591104169841856
1655,False,recovered,False,/project/yunhengzou/coordinate_alignment/aam_benchmarks/golden_policy_full_20260907/1655/evaluation.json,10.542691033799201
1656,False,recovered,False,/project/yunhengzou/coordinate_alignment/aam_benchmarks/golden_policy_full_20260907/1656/evaluation.json,7.207011809106916
1657,False,recovered,False,/project/yunhengzou/coordinate_alignment/aam_benchmarks/golden_policy_full_20260907/1657/evaluation.json,9.569758829660714
1658,False,recovered,False,/project/yunhengzou/coordinate_alignment/aam_benchmarks/golden_policy_full_20260907/1658/evaluation.json,6.531323458999395
1659,False,recovered,False,/project/yunhengzou/coordinate_alignment/aam_benchmarks/golden_policy_full_20260907/1659/evaluation.json,4.488840862177312
1660,False,recovered,True,/project/yunhengzou/coordinate_alignment/aam_benchmarks/golden_policy_full_20260907/1660/evaluation.json,8.605336560867727
1661,False,recovered,False,/project/yunhengzou/coordinate_alignment/aam_benchmarks/golden_policy_full_20260907/1661/evaluation.json,8.707356895785779
1662,False,recovered,False,/project/yunhengzou/coordinate_alignment/aam_benchmarks/golden_policy_full_20260907/1662/evaluation.json,1.0675171818584204
1663,False,recovered,True,/project/yunhengzou/coordinate_alignment/aam_benchmarks/golden_policy_full_20260907/1663/evaluation.json,0.1975678000599146
1664,False,recovered,False,/project/yunhengzou/coordinate_alignment/aam_benchmarks/golden_policy_full_20260907/1664/evaluation.json,3.4291382683441043
1665,False,recovered,True,/project/yunhengzou/coordinate_alignment/aam_benchmarks/golden_policy_full_20260907/1665/evaluation.json,1.7009140150621533
1666,False,recovered,True,/project/yunhengzou/coordinate_alignment/aam_benchmarks/golden_policy_full_20260907/1666/evaluation.json,0.9136341640260071
1667,False,recovered,,/project/yunhengzou/coordinate_alignment/aam_benchmarks/golden_policy_full_20260907/1667/evaluation.json,0.23196851182729006
1668,False,recovered,False,/project/yunhengzou/coordinate_alignment/aam_benchmarks/golden_policy_full_20260907/1668/evaluation.json,17.653759034350514
1669,False,recovered,False,/project/yunhengzou/coordinate_alignment/aam_benchmarks/golden_policy_full_20260907/1669/evaluation.json,0.1909089731052518
1670,False,recovered,False,/project/yunhengzou/coordinate_alignment/aam_benchmarks/golden_policy_full_20260907/1670/evaluation.json,3.8369647627696395
1671,False,recovered,False,/project/yunhengzou/coordinate_alignment/aam_benchmarks/golden_policy_full_20260907/1671/evaluation.json,14.846219960134476
1672,False,recovered,True,/project/yunhengzou/coordinate_alignment/aam_benchmarks/golden_policy_full_20260907/1672/evaluation.json,0.05970451096072793
1673,False,recovered,True,/project/yunhengzou/coordinate_alignment/aam_benchmarks/golden_policy_full_20260907/1673/evaluation.json,0.11827165307477117
1674,False,recovered,False,/project/yunhengzou/coordinate_alignment/aam_benchmarks/golden_policy_full_20260907/1674/evaluation.json,6.249775985954329
1675,False,recovered,True,/project/yunhengzou/coordinate_alignment/aam_benchmarks/golden_policy_full_20260907/1675/evaluation.json,3.5317423418164253
1676,False,recovered,True,/project/yunhengzou/coordinate_alignment/aam_benchmarks/golden_policy_full_20260907/1676/evaluation.json,0.04214807320386171
1677,False,recovered,False,/project/yunhengzou/coordinate_alignment/aam_benchmarks/golden_policy_full_20260907/1677/evaluation.json,2.874675146304071
1678,False,recovered,False,/project/yunhengzou/coordinate_alignment/aam_benchmarks/golden_policy_full_20260907/1678/evaluation.json,10.809191087260842
1679,False,recovered,False,/project/yunhengzou/coordinate_alignment/aam_benchmarks/golden_policy_full_20260907/1679/evaluation.json,5.708853100426495
1680,False,recovered,False,/project/yunhengzou/coordinate_alignment/aam_benchmarks/golden_policy_full_20260907/1680/evaluation.json,7.099271092563868
1681,False,recovered,True,/project/yunhengzou/coordinate_alignment/aam_benchmarks/golden_policy_full_20260907/1681/evaluation.json,2.2468439573422074
1682,False,recovered,True,/project/yunhengzou/coordinate_alignment/aam_benchmarks/golden_policy_full_20260907/1682/evaluation.json,4.478504844009876
1683,False,recovered,True,/project/yunhengzou/coordinate_alignment/aam_benchmarks/golden_policy_full_20260907/1683/evaluation.json,13.099224680103362
1684,False,recovered,False,/project/yunhengzou/coordinate_alignment/aam_benchmarks/golden_policy_full_20260907/1684/evaluation.json,0.9871608661487699
1685,False,recovered,False,/project/yunhengzou/coordinate_alignment/aam_benchmarks/golden_policy_full_20260907/1685/evaluation.json,4.1299642897211015
1686,False,recovered,False,/project/yunhengzou/coordinate_alignment/aam_benchmarks/golden_policy_full_20260907/1686/evaluation.json,2.2110626930370927
1687,False,recovered,,/project/yunhengzou/coordinate_alignment/aam_benchmarks/golden_policy_full_20260907/1687/evaluation.json,0.12684519262984395
1688,False,recovered,,/project/yunhengzou/coordinate_alignment/aam_benchmarks/golden_policy_full_20260907/1688/evaluation.json,0.13330605113878846
1689,False,recovered,False,/project/yunhengzou/coordinate_alignment/aam_benchmarks/golden_policy_full_20260907/1689/evaluation.json,11.586560293566436
1690,False,recovered,,/project/yunhengzou/coordinate_alignment/aam_benchmarks/golden_policy_full_20260907/1690/evaluation.json,0.03814002079889178
1691,False,recovered,,/project/yunhengzou/coordinate_alignment/aam_benchmarks/golden_policy_full_20260907/1691/evaluation.json,0.014948931988328695
1692,False,recovered,False,/project/yunhengzou/coordinate_alignment/aam_benchmarks/golden_policy_full_20260907/1692/evaluation.json,6.985886678099632
1693,False,recovered,False,/project/yunhengzou/coordinate_alignment/aam_benchmarks/golden_policy_full_20260907/1693/evaluation.json,6.23842864506878
1694,False,recovered,,/project/yunhengzou/coordinate_alignment/aam_benchmarks/golden_policy_full_20260907/1694/evaluation.json,0.256799953058362
1695,False,recovered,False,/project/yunhengzou/coordinate_alignment/aam_benchmarks/golden_policy_full_20260907/1695/evaluation.json,2.1159182069823146
1696,False,recovered,True,/project/yunhengzou/coordinate_alignment/aam_benchmarks/golden_policy_full_20260907/1696/evaluation.json,3.155589085072279
1697,False,recovered,False,/project/yunhengzou/coordinate_alignment/aam_benchmarks/golden_policy_full_20260907/1697/evaluation.json,1.6924609439447522
1698,False,recovered,True,/project/yunhengzou/coordinate_alignment/aam_benchmarks/golden_policy_full_20260907/1698/evaluation.json,2.4174136808142066
1699,False,recovered,True,/project/yunhengzou/coordinate_alignment/aam_benchmarks/golden_policy_full_20260907/1699/evaluation.json,0.13453138060867786
1700,False,recovered,True,/project/yunhengzou/coordinate_alignment/aam_benchmarks/golden_policy_full_20260907/1700/evaluation.json,0.11500132083892822
1701,False,recovered,True,/project/yunhengzou/coordinate_alignment/aam_benchmarks/golden_policy_full_20260907/1701/evaluation.json,0.7795075019821525
1702,False,recovered,True,/project/yunhengzou/coordinate_alignment/aam_benchmarks/golden_policy_full_20260907/1702/evaluation.json,22.812948337057605
1703,False,recovered,True,/project/yunhengzou/coordinate_alignment/aam_benchmarks/golden_policy_full_20260907/1703/evaluation.json,1.4496062530670315
1704,False,recovered,True,/project/yunhengzou/coordinate_alignment/aam_benchmarks/golden_policy_full_20260907/1704/evaluation.json,6.085555869154632
1705,False,recovered,True,/project/yunhengzou/coordinate_alignment/aam_benchmarks/golden_policy_full_20260907/1705/evaluation.json,4.00309176556766
1706,False,recovered,False,/project/yunhengzou/coordinate_alignment/aam_benchmarks/golden_policy_full_20260907/1706/evaluation.json,3.4533567782491446
1707,False,recovered,False,/project/yunhengzou/coordinate_alignment/aam_benchmarks/golden_policy_full_20260907/1707/evaluation.json,14.378475308418274
1708,False,recovered,False,/project/yunhengzou/coordinate_alignment/aam_benchmarks/golden_policy_full_20260907/1708/evaluation.json,0.0589815704151988
1709,False,recovered,False,/project/yunhengzou/coordinate_alignment/aam_benchmarks/golden_policy_full_20260907/1709/evaluation.json,0.4068383928388357
1710,False,recovered,True,/project/yunhengzou/coordinate_alignment/aam_benchmarks/golden_policy_full_20260907/1710/evaluation.json,0.03362902719527483
1711,False,recovered,False,/project/yunhengzou/coordinate_alignment/aam_benchmarks/golden_policy_full_20260907/1711/evaluation.json,2.79441022220999
1712,False,recovered,False,/project/yunhengzou/coordinate_alignment/aam_benchmarks/golden_policy_full_20260907/1712/evaluation.json,1.6384510081261396
1713,False,recovered,False,/project/yunhengzou/coordinate_alignment/aam_benchmarks/golden_policy_full_20260907/1713/evaluation.json,0.5175029095262289
1714,False,recovered,False,/project/yunhengzou/coordinate_alignment/aam_benchmarks/golden_policy_full_20260907/1714/evaluation.json,0.3254948970861733
1715,False,recovered,False,/project/yunhengzou/coordinate_alignment/aam_benchmarks/golden_policy_full_20260907/1715/evaluation.json,4.030481124296784
1716,False,recovered,True,/project/yunhengzou/coordinate_alignment/aam_benchmarks/golden_policy_full_20260907/1716/evaluation.json,6.961493492126465
1717,False,recovered,True,/project/yunhengzou/coordinate_alignment/aam_benchmarks/golden_policy_full_20260907/1717/evaluation.json,2.484984449110925
1718,False,recovered,False,/project/yunhengzou/coordinate_alignment/aam_benchmarks/golden_policy_full_20260907/1718/evaluation.json,6.632812590803951
1719,False,recovered,False,/project/yunhengzou/coordinate_alignment/aam_benchmarks/golden_policy_full_20260907/1719/evaluation.json,0.5864261989481747
1720,False,recovered,True,/project/yunhengzou/coordinate_alignment/aam_benchmarks/golden_policy_full_20260907/1720/evaluation.json,1.0690648399759084
1721,False,recovered,False,/project/yunhengzou/coordinate_alignment/aam_benchmarks/golden_policy_full_20260907/1721/evaluation.json,2.983703024685383
1722,False,recovered,True,/project/yunhengzou/coordinate_alignment/aam_benchmarks/golden_policy_full_20260907/1722/evaluation.json,3.456780269742012
1723,False,recovered,False,/project/yunhengzou/coordinate_alignment/aam_benchmarks/golden_policy_full_20260907/1723/evaluation.json,16.71926357410848
1724,False,recovered,True,/project/yunhengzou/coordinate_alignment/aam_benchmarks/golden_policy_full_20260907/1724/evaluation.json,7.576240024063736
1725,False,recovered,True,/project/yunhengzou/coordinate_alignment/aam_benchmarks/golden_policy_full_20260907/1725/evaluation.json,0.06543922144919634
1726,False,recovered,True,/project/yunhengzou/coordinate_alignment/aam_benchmarks/golden_policy_full_20260907/1726/evaluation.json,0.07411869522184134
1727,False,recovered,True,/project/yunhengzou/coordinate_alignment/aam_benchmarks/golden_policy_full_20260907/1727/evaluation.json,0.07993922755122185
1728,False,recovered,False,/project/yunhengzou/coordinate_alignment/aam_benchmarks/golden_policy_full_20260907/1728/evaluation.json,0.3410539450123906
1729,False,recovered,False,/project/yunhengzou/coordinate_alignment/aam_benchmarks/golden_domain_rescore_v2_20260907/1729/evaluation.json,3.308579185977578
1730,False,recovered,False,/project/yunhengzou/coordinate_alignment/aam_benchmarks/golden_policy_full_20260907/1730/evaluation.json,2.314350009895861
1731,False,recovered,False,/project/yunhengzou/coordinate_alignment/aam_benchmarks/golden_policy_full_20260907/1731/evaluation.json,1.6091121714562178
1732,False,recovered,True,/project/yunhengzou/coordinate_alignment/aam_benchmarks/golden_policy_full_20260907/1732/evaluation.json,2.082960646599531
1733,False,recovered,True,/project/yunhengzou/coordinate_alignment/aam_benchmarks/golden_policy_full_20260907/1733/evaluation.json,0.06201453227549791
1734,False,recovered,False,/project/yunhengzou/coordinate_alignment/aam_benchmarks/golden_policy_full_20260907/1734/evaluation.json,0.23903975263237953
1735,False,recovered,False,/project/yunhengzou/coordinate_alignment/aam_benchmarks/golden_policy_full_20260907/1735/evaluation.json,1.2645894903689623
1736,False,recovered,True,/project/yunhengzou/coordinate_alignment/aam_benchmarks/golden_policy_full_20260907/1736/evaluation.json,1.023923221975565
1737,False,recovered,False,/project/yunhengzou/coordinate_alignment/aam_benchmarks/golden_policy_full_20260907/1737/evaluation.json,0.3213304243981838
1738,False,recovered,False,/project/yunhengzou/coordinate_alignment/aam_benchmarks/golden_policy_full_20260907/1738/evaluation.json,1.1190906311385334
1739,False,not_recovered,False,/project/yunhengzou/coordinate_alignment/aam_benchmarks/golden_domain_rescore_v2_20260907/1739/evaluation.json,0.822312830016017
1740,False,recovered,False,/project/yunhengzou/coordinate_alignment/aam_benchmarks/golden_policy_full_20260907/1740/evaluation.json,0.10172090795822442
1741,False,recovered,False,/project/yunhengzou/coordinate_alignment/aam_benchmarks/golden_policy_full_20260907/1741/evaluation.json,1.818200632929802
1742,False,recovered,False,/project/yunhengzou/coordinate_alignment/aam_benchmarks/golden_policy_full_20260907/1742/evaluation.json,1.1990960619878024
1743,False,recovered,True,/project/yunhengzou/coordinate_alignment/aam_benchmarks/golden_policy_full_20260907/1743/evaluation.json,0.546014403924346
1744,False,recovered,False,/project/yunhengzou/coordinate_alignment/aam_benchmarks/golden_policy_full_20260907/1744/evaluation.json,3.5679494170472026
1745,False,recovered,False,/project/yunhengzou/coordinate_alignment/aam_benchmarks/golden_policy_full_20260907/1745/evaluation.json,0.5206934851594269
1746,False,recovered,False,/project/yunhengzou/coordinate_alignment/aam_benchmarks/golden_policy_full_20260907/1746/evaluation.json,12.011441140901297
1747,False,recovered,False,/project/yunhengzou/coordinate_alignment/aam_benchmarks/golden_policy_full_20260907/1747/evaluation.json,0.7263751621358097
1748,False,recovered,True,/project/yunhengzou/coordinate_alignment/aam_benchmarks/golden_policy_full_20260907/1748/evaluation.json,0.9174813081044704
1749,False,recovered,True,/project/yunhengzou/coordinate_alignment/aam_benchmarks/golden_policy_full_20260907/1749/evaluation.json,6.3003351809456944
1750,False,recovered,False,/project/yunhengzou/coordinate_alignment/aam_benchmarks/golden_policy_full_20260907/1750/evaluation.json,15.175451567862183
1751,False,recovered,True,/project/yunhengzou/coordinate_alignment/aam_benchmarks/golden_policy_full_20260907/1751/evaluation.json,0.3619851190596819
1752,False,recovered,False,/project/yunhengzou/coordinate_alignment/aam_benchmarks/golden_policy_full_20260907/1752/evaluation.json,2.3421299788169563
1753,False,recovered,False,/project/yunhengzou/coordinate_alignment/aam_benchmarks/golden_policy_full_20260907/1753/evaluation.json,1.900513097178191
1754,False,recovered,False,/project/yunhengzou/coordinate_alignment/aam_benchmarks/golden_policy_full_20260907/1754/evaluation.json,0.16664707800373435
1755,False,recovered,False,/project/yunhengzou/coordinate_alignment/aam_benchmarks/golden_policy_full_20260907/1755/evaluation.json,15.363177719525993
1756,False,recovered,False,/project/yunhengzou/coordinate_alignment/aam_benchmarks/golden_policy_full_20260907/1756/evaluation.json,10.375800570473075
1757,False,recovered,True,/project/yunhengzou/coordinate_alignment/aam_benchmarks/golden_policy_full_20260907/1757/evaluation.json,1.3236327059566975
1758,False,recovered,False,/project/yunhengzou/coordinate_alignment/aam_benchmarks/golden_policy_full_20260907/1758/evaluation.json,1.8788048746064305
1759,False,recovered,False,/project/yunhengzou/coordinate_alignment/aam_benchmarks/golden_policy_full_20260907/1759/evaluation.json,0.3148690201342106
1760,False,recovered,False,/project/yunhengzou/coordinate_alignment/aam_benchmarks/golden_policy_full_20260907/1760/evaluation.json,4.172306224703789
1761,False,recovered,False,/project/yunhengzou/coordinate_alignment/aam_benchmarks/golden_policy_full_20260907/1761/evaluation.json,2.776656123343855
1762,False,recovered,False,/project/yunhengzou/coordinate_alignment/aam_benchmarks/golden_policy_full_20260907/1762/evaluation.json,8.310381460003555
1763,False,recovered,False,/project/yunhengzou/coordinate_alignment/aam_benchmarks/golden_policy_full_20260907/1763/evaluation.json,20.095822708681226
1764,False,recovered,True,/project/yunhengzou/coordinate_alignment/aam_benchmarks/golden_policy_full_20260907/1764/evaluation.json,2.5130052608437836
1765,False,recovered,True,/project/yunhengzou/coordinate_alignment/aam_benchmarks/golden_policy_full_20260907/1765/evaluation.json,0.6831494909711182
1766,False,recovered,False,/project/yunhengzou/coordinate_alignment/aam_benchmarks/golden_policy_full_20260907/1766/evaluation.json,1.16947779385373
1767,False,recovered,False,/project/yunhengzou/coordinate_alignment/aam_benchmarks/golden_policy_full_20260907/1767/evaluation.json,0.6460770780686289
1768,False,recovered,False,/project/yunhengzou/coordinate_alignment/aam_benchmarks/golden_policy_full_20260907/1768/evaluation.json,1.7365678751375526
1769,False,recovered,False,/project/yunhengzou/coordinate_alignment/aam_benchmarks/golden_policy_full_20260907/1769/evaluation.json,0.11183849396184087
1770,False,recovered,True,/project/yunhengzou/coordinate_alignment/aam_benchmarks/golden_policy_full_20260907/1770/evaluation.json,0.17356696887873113
1771,False,recovered,False,/project/yunhengzou/coordinate_alignment/aam_benchmarks/golden_policy_full_20260907/1771/evaluation.json,1.581203693524003
1772,False,recovered,True,/project/yunhengzou/coordinate_alignment/aam_benchmarks/golden_policy_full_20260907/1772/evaluation.json,8.105994808487594
1773,False,recovered,True,/project/yunhengzou/coordinate_alignment/aam_benchmarks/golden_policy_full_20260907/1773/evaluation.json,7.764912495389581
1774,False,recovered,False,/project/yunhengzou/coordinate_alignment/aam_benchmarks/golden_policy_full_20260907/1774/evaluation.json,1.3851170260459185
1775,False,recovered,True,/project/yunhengzou/coordinate_alignment/aam_benchmarks/golden_policy_full_20260907/1775/evaluation.json,1.8050110461190343
1776,False,recovered,False,/project/yunhengzou/coordinate_alignment/aam_benchmarks/golden_policy_full_20260907/1776/evaluation.json,16.485253223218024
1777,False,recovered,False,/project/yunhengzou/coordinate_alignment/aam_benchmarks/golden_policy_full_20260907/1777/evaluation.json,9.919306186959147
1778,False,recovered,True,/project/yunhengzou/coordinate_alignment/aam_benchmarks/golden_policy_full_20260907/1778/evaluation.json,1.5813387078233063
1779,False,recovered,True,/project/yunhengzou/coordinate_alignment/aam_benchmarks/golden_policy_full_20260907/1779/evaluation.json,2.0250866210553795
1780,False,recovered,False,/project/yunhengzou/coordinate_alignment/aam_benchmarks/golden_policy_full_20260907/1780/evaluation.json,3.3011746930424124
1781,False,recovered,False,/project/yunhengzou/coordinate_alignment/aam_benchmarks/golden_policy_full_20260907/1781/evaluation.json,0.2756845629774034
1782,False,recovered,True,/project/yunhengzou/coordinate_alignment/aam_benchmarks/golden_policy_full_20260907/1782/evaluation.json,1.0991732380352914
1783,False,recovered,True,/project/yunhengzou/coordinate_alignment/aam_benchmarks/golden_policy_full_20260907/1783/evaluation.json,4.345063061919063
1784,False,recovered,False,/project/yunhengzou/coordinate_alignment/aam_benchmarks/golden_policy_full_20260907/1784/evaluation.json,0.6083338810130954
1785,False,recovered,False,/project/yunhengzou/coordinate_alignment/aam_benchmarks/golden_policy_full_20260907/1785/evaluation.json,1.8346426812931895
1786,False,recovered,False,/project/yunhengzou/coordinate_alignment/aam_benchmarks/golden_domain_rescore_v2_20260907/1786/evaluation.json,52.57744607888162
1787,False,recovered,False,/project/yunhengzou/coordinate_alignment/aam_benchmarks/golden_policy_full_20260907/1787/evaluation.json,2.2978880405426025
1788,False,recovered,False,/project/yunhengzou/coordinate_alignment/aam_benchmarks/golden_policy_full_20260907/1788/evaluation.json,0.575720489025116
1789,False,recovered,True,/project/yunhengzou/coordinate_alignment/aam_benchmarks/golden_policy_full_20260907/1789/evaluation.json,1.157840328058228
1790,False,recovered,True,/project/yunhengzou/coordinate_alignment/aam_benchmarks/golden_policy_full_20260907/1790/evaluation.json,0.646017795894295
1791,False,recovered,False,/project/yunhengzou/coordinate_alignment/aam_benchmarks/golden_policy_full_20260907/1791/evaluation.json,0.5641945209354162
1792,False,recovered,True,/project/yunhengzou/coordinate_alignment/aam_benchmarks/golden_policy_full_20260907/1792/evaluation.json,1.0819177539087832
1793,False,unknown,,/project/yunhengzou/coordinate_alignment/aam_benchmarks/golden_domain_rescore_v2_20260907/1793/evaluation.json,234.6933553928975
1794,False,recovered,False,/project/yunhengzou/coordinate_alignment/aam_benchmarks/golden_policy_full_20260907/1794/evaluation.json,0.4825129499658942
1795,False,recovered,True,/project/yunhengzou/coordinate_alignment/aam_benchmarks/golden_policy_full_20260907/1795/evaluation.json,10.758336276747286
1796,False,recovered,True,/project/yunhengzou/coordinate_alignment/aam_benchmarks/golden_policy_full_20260907/1796/evaluation.json,4.251681901048869
1797,False,recovered,True,/project/yunhengzou/coordinate_alignment/aam_benchmarks/golden_policy_full_20260907/1797/evaluation.json,10.858737589325756
1798,False,recovered,True,/project/yunhengzou/coordinate_alignment/aam_benchmarks/golden_policy_full_20260907/1798/evaluation.json,15.992605064064264
1799,False,recovered,,/project/yunhengzou/coordinate_alignment/aam_benchmarks/golden_policy_full_20260907/1799/evaluation.json,0.3173181926831603
1800,False,recovered,True,/project/yunhengzou/coordinate_alignment/aam_benchmarks/golden_policy_full_20260907/1800/evaluation.json,5.135243251919746
1801,False,recovered,True,/project/yunhengzou/coordinate_alignment/aam_benchmarks/golden_policy_full_20260907/1801/evaluation.json,20.89444866590202
1802,False,recovered,False,/project/yunhengzou/coordinate_alignment/aam_benchmarks/golden_policy_full_20260907/1802/evaluation.json,5.228290628641844
1803,False,recovered,True,/project/yunhengzou/coordinate_alignment/aam_benchmarks/golden_policy_full_20260907/1803/evaluation.json,0.25150831416249275
1804,False,recovered,True,/project/yunhengzou/coordinate_alignment/aam_benchmarks/golden_policy_full_20260907/1804/evaluation.json,0.2090538153424859
1805,False,recovered,True,/project/yunhengzou/coordinate_alignment/aam_benchmarks/golden_policy_full_20260907/1805/evaluation.json,0.2105076713487506
1806,False,recovered,False,/project/yunhengzou/coordinate_alignment/aam_benchmarks/golden_policy_full_20260907/1806/evaluation.json,8.291858404874802
1807,False,recovered,False,/project/yunhengzou/coordinate_alignment/aam_benchmarks/golden_policy_full_20260907/1807/evaluation.json,1.1905322270467877
1808,False,recovered,False,/project/yunhengzou/coordinate_alignment/aam_benchmarks/golden_policy_full_20260907/1808/evaluation.json,3.2796426890417933
1809,False,recovered,False,/project/yunhengzou/coordinate_alignment/aam_benchmarks/golden_policy_full_20260907/1809/evaluation.json,4.219851062865928
1810,False,recovered,False,/project/yunhengzou/coordinate_alignment/aam_benchmarks/golden_policy_full_20260907/1810/evaluation.json,1.4302715361118317
1811,False,recovered,False,/project/yunhengzou/coordinate_alignment/aam_benchmarks/golden_policy_full_20260907/1811/evaluation.json,2.104920865036547
1812,False,recovered,False,/project/yunhengzou/coordinate_alignment/aam_benchmarks/golden_policy_full_20260907/1812/evaluation.json,1.0954318980220705
1813,False,recovered,True,/project/yunhengzou/coordinate_alignment/aam_benchmarks/golden_policy_full_20260907/1813/evaluation.json,0.13057809974998236
1814,False,recovered,False,/project/yunhengzou/coordinate_alignment/aam_benchmarks/golden_policy_full_20260907/1814/evaluation.json,0.8039886951446533
1815,False,recovered,False,/project/yunhengzou/coordinate_alignment/aam_benchmarks/golden_policy_full_20260907/1815/evaluation.json,1.867740835994482
1816,False,recovered,True,/project/yunhengzou/coordinate_alignment/aam_benchmarks/golden_policy_full_20260907/1816/evaluation.json,0.7907234688755125
1817,False,recovered,False,/project/yunhengzou/coordinate_alignment/aam_benchmarks/golden_domain_rescore_v2_20260907/1817/evaluation.json,1.5591559398453683
1818,False,recovered,True,/project/yunhengzou/coordinate_alignment/aam_benchmarks/golden_policy_full_20260907/1818/evaluation.json,1.2781416764482856
1819,False,recovered,True,/project/yunhengzou/coordinate_alignment/aam_benchmarks/golden_policy_full_20260907/1819/evaluation.json,0.07523110788315535
1820,False,recovered,True,/project/yunhengzou/coordinate_alignment/aam_benchmarks/golden_policy_full_20260907/1820/evaluation.json,0.08474512863904238
1821,False,recovered,True,/project/yunhengzou/coordinate_alignment/aam_benchmarks/golden_policy_full_20260907/1821/evaluation.json,5.712548271287233
1822,False,recovered,True,/project/yunhengzou/coordinate_alignment/aam_benchmarks/golden_policy_full_20260907/1822/evaluation.json,1.6084044398739934
1823,False,recovered,,/project/yunhengzou/coordinate_alignment/aam_benchmarks/golden_policy_full_20260907/1823/evaluation.json,0.3297603859100491
1824,False,recovered,True,/project/yunhengzou/coordinate_alignment/aam_benchmarks/golden_policy_full_20260907/1824/evaluation.json,0.07905927207320929
1825,False,recovered,False,/project/yunhengzou/coordinate_alignment/aam_benchmarks/golden_policy_full_20260907/1825/evaluation.json,0.09079134394414723
1826,False,recovered,False,/project/yunhengzou/coordinate_alignment/aam_benchmarks/golden_policy_full_20260907/1826/evaluation.json,0.06079769809730351
1827,False,recovered,False,/project/yunhengzou/coordinate_alignment/aam_benchmarks/golden_policy_full_20260907/1827/evaluation.json,0.04647074290551245
1828,False,recovered,False,/project/yunhengzou/coordinate_alignment/aam_benchmarks/golden_policy_full_20260907/1828/evaluation.json,0.06579215358942747
1829,False,recovered,False,/project/yunhengzou/coordinate_alignment/aam_benchmarks/golden_policy_full_20260907/1829/evaluation.json,0.05016970355063677
1830,False,recovered,False,/project/yunhengzou/coordinate_alignment/aam_benchmarks/golden_policy_full_20260907/1830/evaluation.json,2.57525168498978
1831,False,recovered,True,/project/yunhengzou/coordinate_alignment/aam_benchmarks/golden_policy_full_20260907/1831/evaluation.json,0.1385583272203803
1832,False,recovered,False,/project/yunhengzou/coordinate_alignment/aam_benchmarks/golden_policy_full_20260907/1832/evaluation.json,0.7869917787611485
1833,False,recovered,True,/project/yunhengzou/coordinate_alignment/aam_benchmarks/golden_policy_full_20260907/1833/evaluation.json,0.273392029106617
1834,False,recovered,False,/project/yunhengzou/coordinate_alignment/aam_benchmarks/golden_policy_full_20260907/1834/evaluation.json,0.7161219492554665
1835,False,recovered,False,/project/yunhengzou/coordinate_alignment/aam_benchmarks/golden_policy_full_20260907/1835/evaluation.json,0.28479231148958206
1836,False,recovered,False,/project/yunhengzou/coordinate_alignment/aam_benchmarks/golden_policy_full_20260907/1836/evaluation.json,11.133091380819678
1837,False,recovered,True,/project/yunhengzou/coordinate_alignment/aam_benchmarks/golden_policy_full_20260907/1837/evaluation.json,19.66086919233203
1838,False,recovered,False,/project/yunhengzou/coordinate_alignment/aam_benchmarks/golden_policy_full_20260907/1838/evaluation.json,4.243115205317736
1839,False,recovered,True,/project/yunhengzou/coordinate_alignment/aam_benchmarks/golden_policy_full_20260907/1839/evaluation.json,0.15521878306753933
1840,False,recovered,False,/project/yunhengzou/coordinate_alignment/aam_benchmarks/golden_policy_full_20260907/1840/evaluation.json,0.4742690159473568
1841,False,recovered,False,/project/yunhengzou/coordinate_alignment/aam_benchmarks/golden_policy_full_20260907/1841/evaluation.json,4.9402258661575615
1842,False,recovered,False,/project/yunhengzou/coordinate_alignment/aam_benchmarks/golden_policy_full_20260907/1842/evaluation.json,0.856955141061917
1843,False,recovered,False,/project/yunhengzou/coordinate_alignment/aam_benchmarks/golden_policy_full_20260907/1843/evaluation.json,2.1275379238650203
1844,False,recovered,False,/project/yunhengzou/coordinate_alignment/aam_benchmarks/golden_policy_full_20260907/1844/evaluation.json,0.3979214169085026
1845,False,recovered,False,/project/yunhengzou/coordinate_alignment/aam_benchmarks/golden_policy_full_20260907/1845/evaluation.json,0.6729825250804424
1846,False,recovered,True,/project/yunhengzou/coordinate_alignment/aam_benchmarks/golden_policy_full_20260907/1846/evaluation.json,0.08313079318031669
1847,False,recovered,False,/project/yunhengzou/coordinate_alignment/aam_benchmarks/golden_policy_full_20260907/1847/evaluation.json,0.13748721312731504
1848,False,recovered,True,/project/yunhengzou/coordinate_alignment/aam_benchmarks/golden_policy_full_20260907/1848/evaluation.json,0.8343954365700483
1849,False,recovered,False,/project/yunhengzou/coordinate_alignment/aam_benchmarks/golden_policy_full_20260907/1849/evaluation.json,5.396496007218957
1850,False,recovered,True,/project/yunhengzou/coordinate_alignment/aam_benchmarks/golden_policy_full_20260907/1850/evaluation.json,0.09508308698423207
