$hessian                                                                        
        0.2024982301   0.0197229451  -0.0054864692  -0.0289012061  -0.0116048324
       -0.0154619971  -0.0070150015  -0.0018867442  -0.0116709380  -0.0087983308
       -0.0080314073  -0.0068323205   0.0033015827   0.0009505315  -0.0015025153
        0.0007257729  -0.0009526521   0.0001153813   0.0018157390  -0.0032075125
        0.0022158093   0.0004620670   0.0004468083   0.0005666026  -0.0001891505
       -0.0002703997  -0.0003427716  -0.0000859027  -0.0003508576  -0.0002808172
       -0.0003326098  -0.0004040118  -0.0005546752  -0.0003311398   0.0002713233
        0.0002112214   0.0087575583  -0.0088235801   0.0061444463  -0.0380235480
        0.0122017272   0.0078267106  -0.0142689945  -0.0022639539   0.0081492116
        0.0001827108   0.0011018118   0.0005735492   0.0000633260   0.0008117632
       -0.0000700316   0.0002245290  -0.0008018819  -0.0004854000   0.0004051732
       -0.0013625907  -0.0007335362  -0.0001465073  -0.0022766030  -0.0030060300
        0.0004673841   0.0001858108   0.0005856859   0.0009501670   0.0025275862
        0.0021833994   0.0008856310   0.0000010242   0.0008688904  -0.0001419000
        0.0001197771   0.0000125584   0.0000834009  -0.0000843862   0.0004253356
        0.0004798864  -0.0000774120  -0.0003531910  -0.0005541835   0.0020761830
       -0.0000406734  -0.0004071679   0.0003679732  -0.0000123036   0.0002723626
       -0.0002249645  -0.0005002856   0.0011125895  -0.0001053985   0.0009033317
        0.0017034394   0.0017652420   0.0009490184   0.0005942383  -0.0001780089
       -0.0005315996   0.0003678741   0.0001225252  -0.0000343548  -0.0000526522
       -0.0004514445   0.0002383172  -0.0006496981  -0.0012976265  -0.0034185908
        0.0007249143  -0.0020344116   0.0002633235   0.0007167159  -0.0000576942
       -0.0001914719   0.0000023296   0.0001157856  -0.0002472348  -0.0013844077
        0.0010750813  -0.0014717033   0.0000787594   0.0002800628   0.0000393825
       -0.0002962671  -0.0000009307   0.0001479371   0.0004135474   0.0002138725
       -0.0003693070  -0.0144106803  -0.0071705889   0.0017456106   0.0044868161
       -0.0013512187  -0.0086144014  -0.0050131110  -0.0028458623   0.0049764741
        0.0005198243   0.0014850168   0.0014103566  -0.0000277012  -0.0002356558
        0.0002592596  -0.0005341310   0.0001378022  -0.0008932976  -0.0002374528
        0.0004523145  -0.0004848284  -0.0582010167  -0.0114106450   0.0261586976
       -0.0001101863  -0.0054003941   0.0153304416  -0.0210768142   0.0186687484
       -0.0252255611  -0.0354474451   0.0118519851   0.0062793187   0.0047645891
       -0.0018095799  -0.0008143039   0.0004076601  -0.0001992725   0.0002117823
       -0.0001256997   0.0004199102   0.0004375801  -0.0007059127  -0.0002010897
        0.0004009769
        0.0197229451   0.1964930560  -0.0269604120  -0.0103905555  -0.0335568460
       -0.0154754011  -0.0017375170   0.0015933354  -0.0084521296  -0.0105276943
       -0.0107702417  -0.0109066449   0.0000079837   0.0028369157   0.0019588978
        0.0009665651   0.0007687465   0.0035408818  -0.0025444426  -0.0018021777
        0.0040909621  -0.0015868090  -0.0015341861  -0.0007173263  -0.0004276793
       -0.0006125863  -0.0000240412  -0.0000833235  -0.0001736691   0.0004547075
       -0.0007548167  -0.0006874633  -0.0005959338   0.0003704804  -0.0005250950
        0.0001112946  -0.0380434135   0.0222040075  -0.0015432396   0.0223932157
       -0.0315960224   0.0014269386   0.0163649441  -0.0101388686   0.0033308045
       -0.0003038127   0.0014346150   0.0020041645  -0.0018130552   0.0005172198
        0.0017353334  -0.0003898086   0.0004929807   0.0000064655   0.0002010185
       -0.0002501031  -0.0003734806  -0.0007778072   0.0009695829   0.0005432101
       -0.0008884532  -0.0002541708  -0.0006757519   0.0003158320   0.0002544921
       -0.0002901314   0.0002249764  -0.0004587137  -0.0002794560  -0.0000357451
        0.0000925666   0.0001672762  -0.0000463892  -0.0001066881   0.0005553057
        0.0000108787  -0.0001104753  -0.0000634618   0.0012612132  -0.0009734765
        0.0002107766  -0.0001663627  -0.0000950941   0.0000926910   0.0002441832
       -0.0002516039  -0.0000918870  -0.0002848019   0.0006141445   0.0004778312
       -0.0000741714  -0.0006410879  -0.0018156242  -0.0002025537  -0.0003619088
        0.0000597575  -0.0004070337  -0.0002610266   0.0002690926  -0.0001868796
       -0.0004615305   0.0006723042  -0.0007219963   0.0012221319  -0.0008972470
       -0.0010984050  -0.0019088938   0.0005956854   0.0000966613  -0.0005118695
       -0.0000032708   0.0004250992  -0.0002205808   0.0001691395   0.0008792941
       -0.0000674914   0.0007435712  -0.0002241292  -0.0001813532  -0.0001698037
        0.0003834367  -0.0000870920  -0.0000371290  -0.0002478362  -0.0001334578
        0.0000837359  -0.0033257840  -0.0250049100   0.0038632956   0.0132965439
       -0.0319335751  -0.0004261399  -0.0036251791   0.0104271995   0.0071191966
       -0.0016496640   0.0032960515  -0.0039763616  -0.0000668485   0.0001392068
        0.0001239516   0.0003127114  -0.0000693569   0.0003768566   0.0000338727
        0.0003868456  -0.0001198587  -0.0080032283  -0.0672999834   0.0454372171
       -0.0047282575   0.0000420885  -0.0079601942   0.0136921508  -0.0093037621
        0.0119528464   0.0076506279  -0.0145086934  -0.0107948042  -0.0033314240
        0.0030513118   0.0009089957  -0.0002517594   0.0003148434   0.0001181270
        0.0001060309  -0.0002623770  -0.0004664561  -0.0000130276  -0.0000349102
       -0.0000851278
       -0.0054864692  -0.0269604120   0.2203614631  -0.0153360186  -0.0169502708
       -0.0406253818  -0.0108445297  -0.0086697101  -0.0183121491  -0.0051883881
       -0.0080745448   0.0004035353   0.0002998177   0.0048767596  -0.0031713638
       -0.0006676995  -0.0004794181  -0.0024798482   0.0000903037   0.0010740566
        0.0033114101   0.0030317936   0.0021617353   0.0007712641  -0.0000982929
        0.0001622886  -0.0010153574  -0.0007092344  -0.0003995871  -0.0010140217
        0.0001709849   0.0004138006  -0.0003574420   0.0005612322   0.0000778711
       -0.0003420220   0.0296474841  -0.0125995993   0.0011541949   0.0019035958
        0.0082293522  -0.0235126645  -0.0087575059   0.0050099456  -0.0047548042
        0.0025810731   0.0001425438  -0.0016252696   0.0012334471   0.0019884301
        0.0017897660   0.0002852557  -0.0004436494  -0.0003846527  -0.0005362223
        0.0006549078   0.0001487646  -0.0008883757   0.0015264300   0.0028084877
        0.0000178314  -0.0001762042  -0.0000240616  -0.0012354616  -0.0013543332
       -0.0004979728  -0.0008809019  -0.0005384419  -0.0005212828   0.0001909075
       -0.0000213078   0.0000706473   0.0001803089   0.0005110507  -0.0006110908
        0.0000716988   0.0001900341  -0.0001255832  -0.0004180387  -0.0001707368
        0.0003771734  -0.0002793374   0.0001244787  -0.0000788318  -0.0000410130
        0.0000449895   0.0000500684  -0.0001001527   0.0009317713  -0.0023542815
       -0.0002018512  -0.0021168394   0.0014204979  -0.0006383386   0.0002233092
        0.0000215949  -0.0002594814  -0.0001791472  -0.0001202696   0.0002349764
        0.0005391330  -0.0001462012  -0.0010208071  -0.0004895466  -0.0005576965
        0.0006888460   0.0008515378   0.0007237207  -0.0004114659  -0.0001508791
       -0.0003173446   0.0001005721   0.0000667232   0.0000286075  -0.0003089388
        0.0003953932   0.0000404996  -0.0004317148  -0.0001138477  -0.0003056490
       -0.0002488626   0.0001013685  -0.0000484493  -0.0000517253  -0.0001082017
        0.0000433176   0.0049577621  -0.0009698803  -0.0331390478  -0.0149756530
        0.0224892983   0.0244968125   0.0032743217  -0.0031138327  -0.0173121568
        0.0023195354  -0.0033124612   0.0001617764   0.0001658301   0.0003475902
       -0.0007433741  -0.0005135362  -0.0000893015  -0.0001084672   0.0005090818
       -0.0009142653   0.0005298731   0.0213248582   0.0384386881  -0.0873451516
        0.0070737082  -0.0025347398  -0.0082999963  -0.0070799318  -0.0018048120
        0.0224293726  -0.0026070013  -0.0006124706  -0.0280669388  -0.0005721763
        0.0016834715  -0.0026606107  -0.0008779674   0.0006076463  -0.0000065816
        0.0001307321  -0.0005012307  -0.0001028663   0.0006211343  -0.0000149340
       -0.0000539649
       -0.0289012061  -0.0103905555  -0.0153360186   0.2165833668   0.1622677047
        0.0230611824  -0.0567751135  -0.0016501846  -0.0334608087  -0.1056061847
       -0.1118108754   0.0460256491   0.0023104870   0.0086144664  -0.0161282676
        0.0010332680  -0.0038209079   0.0116321077  -0.0233712561  -0.0261504123
       -0.0235137272   0.0016362884   0.0012181577   0.0008201886  -0.0063651652
       -0.0059929283   0.0116966996   0.0035253819  -0.0042671950  -0.0038761823
        0.0033528745  -0.0047227875  -0.0036762875   0.0004056965   0.0002702063
        0.0006990763  -0.0001056538  -0.0011172758   0.0005082226  -0.0002231083
        0.0003435056  -0.0013102159  -0.0011682852  -0.0006611995   0.0002208076
        0.0000107167   0.0002506050   0.0004268148  -0.0001887873  -0.0000407474
        0.0000193503  -0.0000151512  -0.0001588436  -0.0000377484  -0.0000262127
       -0.0000082274  -0.0001286731  -0.0010482984  -0.0000129310   0.0001138674
       -0.0000173503  -0.0001118497  -0.0000156238   0.0001636876  -0.0000090672
        0.0000009109   0.0000018029   0.0000065089  -0.0000596217  -0.0000381736
        0.0000004609  -0.0000175964   0.0000164243   0.0000407139  -0.0000231046
        0.0000005077  -0.0000226438  -0.0000749435  -0.0000262237   0.0000266359
       -0.0000254421   0.0000231930  -0.0000035946  -0.0000328014   0.0000011038
       -0.0000470900  -0.0000455482  -0.0001080491   0.0000282839   0.0002479412
       -0.0005363082   0.0003835204   0.0003602424  -0.0000907174   0.0000273718
       -0.0000375215   0.0000247833  -0.0000325167  -0.0000277782   0.0000202419
        0.0000224993  -0.0000276270   0.0001334967   0.0001463906  -0.0001061692
        0.0001683235   0.0000600869   0.0001333662   0.0000120521   0.0000431308
        0.0000056135   0.0000364567  -0.0000572113  -0.0000132781   0.0000260589
       -0.0000171182  -0.0000135513   0.0000059151   0.0000027368  -0.0000173804
       -0.0000156698  -0.0000330064  -0.0000302088  -0.0000080056  -0.0000148504
       -0.0000424202   0.0008375427  -0.0056598744  -0.0001452752  -0.0004485581
        0.0014948524   0.0021542217  -0.0010601957   0.0005044420  -0.0011597180
        0.0002238064  -0.0002434195   0.0000532332  -0.0000109169   0.0000309929
        0.0000361330  -0.0000216998  -0.0000406503  -0.0000262118   0.0000606411
       -0.0000525069   0.0000530374  -0.0038347768  -0.0044133613  -0.0019227250
        0.0002074554   0.0000899122  -0.0023995272   0.0010991837  -0.0007014674
        0.0041714307  -0.0015113971   0.0061638046   0.0017009131  -0.0002457101
        0.0001335042  -0.0003607177  -0.0002054200   0.0001096584   0.0000191941
        0.0000089634  -0.0000714903  -0.0000595847   0.0000438750   0.0000566371
       -0.0000078992
       -0.0116048324  -0.0335568460  -0.0169502708   0.1622677047   0.4465934425
       -0.1743353502  -0.0162067260  -0.1196478338   0.0786723325  -0.0951923881
       -0.2346205710   0.1012291964   0.0279370255   0.0408043662   0.0080437586
        0.0010385913  -0.0101204181   0.0227070240  -0.0446778887  -0.0329517879
       -0.0570775194  -0.0038630229  -0.0102075489   0.0060936114  -0.0066889668
       -0.0330369492   0.0308944105  -0.0046269126   0.0017245891  -0.0008743597
       -0.0044364691   0.0013996699  -0.0008262715   0.0000949877  -0.0000938330
        0.0009807134   0.0005146254  -0.0011372317   0.0001009074   0.0002137245
        0.0001814781   0.0014062441  -0.0003158576   0.0009523267  -0.0005896229
       -0.0000959969   0.0000485810   0.0003100886   0.0000950889  -0.0002950370
       -0.0001887917   0.0000154211  -0.0001311060   0.0000089082  -0.0000326461
       -0.0000260804  -0.0000460026   0.0000556147  -0.0000895159  -0.0000776971
        0.0000929500  -0.0000332734   0.0000585041   0.0001641669   0.0000977098
        0.0000002759   0.0000609295   0.0000785219   0.0000144268  -0.0000357477
       -0.0000032140  -0.0000185275   0.0000116928   0.0000161711  -0.0000188391
        0.0000394369  -0.0000336878  -0.0000457152  -0.0000868530   0.0001490510
        0.0000338658   0.0000023238   0.0000130804   0.0000068091   0.0000370054
       -0.0000289067  -0.0000573742  -0.0001340935  -0.0001457498   0.0002642313
        0.0004556348   0.0002401733   0.0001093230   0.0000724400  -0.0000317439
       -0.0000764126   0.0000444853   0.0000351154  -0.0000524354  -0.0000066952
        0.0000140547  -0.0000589335   0.0001112698  -0.0000025659  -0.0000882412
        0.0001750574   0.0000629655   0.0000069354   0.0000178418   0.0001008431
       -0.0000207293   0.0000078151   0.0000161551  -0.0000138317  -0.0000983256
        0.0000406342  -0.0000937481   0.0000156198   0.0000671012   0.0000142952
       -0.0000342864   0.0000002473   0.0000096445   0.0000318464   0.0000225736
       -0.0000591185   0.0011889651  -0.0050966414   0.0060107602  -0.0002699632
        0.0024105114   0.0032744979   0.0000464827  -0.0017867596  -0.0016978453
        0.0004902217  -0.0006408131  -0.0001417013  -0.0000055994   0.0001070307
       -0.0000191521  -0.0000574606  -0.0000351188  -0.0000390120   0.0001748773
       -0.0001440319   0.0002067289  -0.0066729927  -0.0053631108  -0.0008670089
       -0.0004060026  -0.0014185314  -0.0003956832   0.0008791776  -0.0006066670
        0.0003375043  -0.0011243553  -0.0043731537  -0.0060921944   0.0003971296
        0.0004100659   0.0001236467  -0.0000208180   0.0000476053  -0.0000784729
       -0.0001355193   0.0000592605   0.0000462565   0.0000802660  -0.0000345969
       -0.0000640386
       -0.0154619971  -0.0154754011  -0.0406253818   0.0230611824  -0.1743353502
        0.4838445297  -0.0057440178   0.1239764729  -0.2689548808   0.0156634845
        0.0539778276  -0.1080506556  -0.0495437173  -0.0422258405  -0.0555428135
        0.0021385605   0.0071360272  -0.0076146246   0.0111074321  -0.0060075086
        0.0441822560   0.0124965508   0.0224243724  -0.0087081919   0.0117858660
        0.0306492864  -0.0303446201  -0.0037430339  -0.0009518883  -0.0015037591
       -0.0041313082  -0.0007642425  -0.0007683544   0.0006764011   0.0009644633
        0.0000733181  -0.0013184787   0.0013755117  -0.0002131527   0.0014188036
       -0.0000143989   0.0007271743   0.0006545942  -0.0006907211   0.0004509773
       -0.0000600484   0.0004900533   0.0006167802  -0.0001989406  -0.0002385853
       -0.0003582171  -0.0000300889  -0.0001301137  -0.0000194705  -0.0000368146
       -0.0001142958  -0.0001351399  -0.0000741277  -0.0002560073  -0.0003291591
        0.0000407357  -0.0000227842   0.0000747009   0.0003870598   0.0001862894
        0.0000928933   0.0001011107   0.0000281005   0.0000235015  -0.0000934570
        0.0000181303   0.0000246705   0.0000435154   0.0000420458   0.0000889202
        0.0000606122  -0.0000468983  -0.0000780134  -0.0000394246   0.0001812894
       -0.0000545881  -0.0000123438   0.0000434662  -0.0000177218   0.0000540453
       -0.0000310156  -0.0000733245   0.0007856389   0.0003726452  -0.0000077890
        0.0005728953   0.0000261979   0.0003100159   0.0001687108   0.0000088233
       -0.0001859461   0.0000842399   0.0000027101   0.0000059855  -0.0000153757
       -0.0000429022   0.0000365015   0.0001437620   0.0000455713  -0.0000521057
        0.0000013676  -0.0001141714  -0.0000470135   0.0000777405   0.0000659856
        0.0000579422   0.0000293921  -0.0000282491  -0.0000011789  -0.0000413602
        0.0000169427  -0.0000952052   0.0000167198   0.0000307132   0.0000416336
       -0.0000189625  -0.0000418009   0.0000244203   0.0000194712   0.0000366087
       -0.0000186424  -0.0014673118  -0.0058167667  -0.0016791652  -0.0005956849
        0.0012700095  -0.0009381657  -0.0012640278  -0.0003464979   0.0003642369
        0.0003344630   0.0002967719   0.0005246908  -0.0000520035  -0.0000571282
        0.0000653620  -0.0000087881  -0.0000960244   0.0000053277  -0.0000059659
        0.0000704985  -0.0001013998   0.0042179496   0.0067015137  -0.0032650930
       -0.0006465892  -0.0006777622  -0.0013745930   0.0009760299  -0.0006560869
        0.0024361977  -0.0027480696  -0.0017901004  -0.0028790627   0.0002456195
        0.0004849689   0.0000173897  -0.0000819116   0.0001446504  -0.0000289288
       -0.0000938174   0.0000054634   0.0000491804   0.0001637124  -0.0001008688
       -0.0000722486
       -0.0070150015  -0.0017375170  -0.0108445297  -0.0567751135  -0.0162067260
       -0.0057440178   0.3043406351   0.2251848603   0.1116769843   0.0141236802
        0.0122861738   0.0158075891  -0.1342024029  -0.0673149632  -0.1122573834
       -0.0845391732  -0.1030848086   0.0222990459  -0.0115401039   0.0020452071
       -0.0216741150   0.0029809415  -0.0052997682  -0.0008527414  -0.0219538489
       -0.0411366702   0.0113542666  -0.0025247474  -0.0019130139  -0.0044855381
        0.0001151366   0.0002599781  -0.0003249167   0.0035371271  -0.0056589649
       -0.0007607584   0.0004017531  -0.0002465295  -0.0002639145  -0.0001405173
       -0.0002429030  -0.0006366143  -0.0001984215  -0.0000215136  -0.0000101195
       -0.0001406435   0.0000475153  -0.0000899118  -0.0000160988   0.0000699887
       -0.0000089218  -0.0000032279   0.0000319871  -0.0000578047   0.0000228720
        0.0000191604  -0.0000000469  -0.0010129497   0.0001724968   0.0001050821
       -0.0000312722   0.0000319457  -0.0000164385  -0.0000710924  -0.0000407266
        0.0000113792  -0.0000146803   0.0000042256  -0.0000026738  -0.0000070562
        0.0000112921   0.0000177392  -0.0000254224  -0.0000212336   0.0000183000
       -0.0000078134   0.0000189600   0.0000086989   0.0000388967  -0.0000215091
        0.0000010878   0.0000029858   0.0000218333  -0.0000150248   0.0000005939
        0.0000320962   0.0000120009  -0.0011391297   0.0003389800   0.0001770902
       -0.0006278941   0.0002627358   0.0000502481  -0.0001336048   0.0001647492
        0.0000954633  -0.0000078598   0.0000224984   0.0000074394  -0.0000203777
        0.0000032536  -0.0000023217   0.0000655430   0.0000452109   0.0000430790
       -0.0000246769   0.0000503340  -0.0000406220  -0.0000142261   0.0000085888
        0.0000038012  -0.0000070156   0.0000252713  -0.0000022042   0.0000402130
       -0.0000120750   0.0000213622   0.0000072776   0.0000222386  -0.0000024544
        0.0000130638   0.0000200438  -0.0000062988  -0.0000327657   0.0000176201
        0.0000065410  -0.0006453891   0.0009409016  -0.0018733617   0.0002163662
       -0.0008947565  -0.0014731012   0.0001254474   0.0001777364   0.0009686908
       -0.0001063526   0.0003152550   0.0001024037   0.0000126116  -0.0000334466
        0.0000159334   0.0000664015  -0.0000023597   0.0000310706  -0.0000298215
        0.0000825229  -0.0000600582  -0.0012555645  -0.0009122789  -0.0027538731
       -0.0017266335   0.0021094083   0.0026168033   0.0001785648   0.0007409124
       -0.0027495554   0.0001257029  -0.0006072591   0.0009859288  -0.0003092203
       -0.0000999166   0.0004616017   0.0000531055  -0.0000619140   0.0000277083
       -0.0000540266   0.0000090528   0.0000170966  -0.0001147739  -0.0000241806
        0.0000648861
       -0.0018867442   0.0015933354  -0.0086697101  -0.0016501846  -0.1196478338
        0.1239764729   0.2251848603   0.5335604210  -0.0891144793  -0.0013481608
       -0.0166711179   0.0263804017  -0.0917173102  -0.1356614628  -0.0955491010
       -0.1009418976  -0.2336396494   0.0508743625   0.0026117037   0.0019599555
       -0.0056785988  -0.0056620371  -0.0018738624   0.0022536730  -0.0239167533
       -0.0303418608  -0.0086184533   0.0048135410   0.0048702604   0.0059412211
        0.0004058143   0.0005632778  -0.0002353092  -0.0057286422  -0.0020821964
        0.0023557137   0.0010017893  -0.0007006698  -0.0004679817  -0.0001927494
        0.0000090161  -0.0002544312  -0.0001225513   0.0002397226  -0.0001737727
        0.0000032583  -0.0002812716  -0.0002666809   0.0000222307   0.0001240941
        0.0000349568  -0.0000781524   0.0000692751   0.0000009293   0.0000628567
        0.0000715691   0.0001058570   0.0000834031   0.0003062917  -0.0000837075
       -0.0000234677   0.0000147258  -0.0000356601   0.0000159490   0.0000052148
       -0.0000421074  -0.0000074691  -0.0000456647   0.0000113873   0.0000026882
       -0.0000514449  -0.0000015833  -0.0000334810  -0.0000986361   0.0000463108
       -0.0000007209  -0.0000227801   0.0000425760   0.0000466318  -0.0000688238
        0.0000107977   0.0000364224  -0.0000502145   0.0000283881  -0.0000097293
        0.0000063009   0.0000371502  -0.0003308649   0.0001990261   0.0001479255
        0.0006199997  -0.0001880480  -0.0000721618   0.0000888643  -0.0001332069
        0.0000317190   0.0000066764  -0.0000211027   0.0000109374   0.0000052296
       -0.0000523432  -0.0000055462   0.0000074191   0.0000326980   0.0000891442
        0.0000070521   0.0000357413  -0.0000260166  -0.0000065900  -0.0000173334
        0.0000055628  -0.0000158376  -0.0000040196   0.0000157586   0.0000506262
       -0.0000165293   0.0000390248  -0.0000018100  -0.0000183494  -0.0000082258
        0.0000367543  -0.0000119845   0.0000162211  -0.0000136349  -0.0000241784
        0.0000309577  -0.0006382016   0.0017919263  -0.0011621280   0.0002037601
       -0.0011294166  -0.0012096243   0.0000687656   0.0004593992   0.0007119430
       -0.0002395730   0.0003393226   0.0000817233  -0.0000242493  -0.0000051523
       -0.0000013615  -0.0000000412   0.0000562602   0.0000053103  -0.0000983266
        0.0000998205  -0.0000947761  -0.0023841804  -0.0004192627  -0.0004565195
        0.0002418178  -0.0017211423   0.0006622356   0.0003918757   0.0005766992
       -0.0031225931   0.0005535362  -0.0022092274   0.0010829900   0.0003173580
        0.0002165848   0.0002978748   0.0001361792  -0.0000366372  -0.0000002732
       -0.0000307938   0.0000617223   0.0000351999   0.0000770912  -0.0000172378
       -0.0000139237
       -0.0116709380  -0.0084521296  -0.0183121491  -0.0334608087   0.0786723325
       -0.2689548808   0.1116769843  -0.0891144793   0.5645036431   0.0425142005
        0.0676392846  -0.0058068174  -0.0706939689  -0.0313804961  -0.1832098017
        0.0225128400   0.0520839442  -0.0534907623  -0.0221456218  -0.0059509372
       -0.0547150858  -0.0007247005   0.0023710903   0.0008818970  -0.0198379413
       -0.0548723647   0.0463263941  -0.0167501111  -0.0122541770  -0.0215070683
       -0.0002406783  -0.0005069207  -0.0004936744  -0.0008734695   0.0022086583
        0.0012405713   0.0001577011  -0.0002504698  -0.0003775644   0.0008751195
       -0.0000663868  -0.0007004283  -0.0002347968  -0.0002422536   0.0000684309
       -0.0000426587  -0.0000204345  -0.0001466338  -0.0001900554  -0.0000230223
       -0.0001348953   0.0000070287  -0.0000013542  -0.0000154835   0.0000544384
        0.0000132510   0.0000118163   0.0001855095   0.0000152222  -0.0000680257
        0.0000106684  -0.0000103755  -0.0000128848  -0.0001420208  -0.0001119703
        0.0001099606   0.0000146898   0.0000705953   0.0000057113  -0.0000102737
       -0.0000088742  -0.0000478416  -0.0000398042  -0.0000485543  -0.0000269326
       -0.0000048188  -0.0000159349   0.0000013982   0.0000043276  -0.0000125092
       -0.0000206931   0.0000437838  -0.0000253112   0.0000271699  -0.0000170139
       -0.0000048010   0.0000341894   0.0001708854  -0.0002537889   0.0000759380
       -0.0004675374   0.0002620692   0.0001711372   0.0000985106  -0.0000596820
       -0.0000026029   0.0000151105   0.0000312838  -0.0000129912  -0.0000248616
       -0.0000054317  -0.0000610707   0.0002350869   0.0001230054  -0.0000272221
        0.0000064247   0.0000712224  -0.0001601316   0.0000022504   0.0000430795
        0.0000065923  -0.0000134522  -0.0000004147  -0.0000057007   0.0000363236
       -0.0000453965  -0.0000040039   0.0000493179   0.0000468214   0.0000169023
        0.0000208679  -0.0000076228  -0.0000057498   0.0000123926  -0.0000023592
       -0.0000228375  -0.0009092966  -0.0008306534  -0.0011589512  -0.0003386918
        0.0003325167  -0.0016208951   0.0005005619  -0.0005311737   0.0011832592
        0.0000114115   0.0002118161   0.0003114994  -0.0000157245  -0.0000057462
        0.0001106657   0.0000854468  -0.0000308168   0.0000663945   0.0000027718
        0.0000969576   0.0000150664   0.0004767341   0.0014733380  -0.0030997187
        0.0010493338  -0.0012758077  -0.0004635038   0.0000128995  -0.0006460453
       -0.0003031993  -0.0018721225   0.0009941959  -0.0000732281  -0.0001212977
        0.0002219140  -0.0000604568  -0.0000106155   0.0000267085   0.0000175451
       -0.0000239358   0.0000532927  -0.0000184501   0.0000335948   0.0000060962
       -0.0000438458
       -0.0087983308  -0.0105276943  -0.0051883881  -0.1056061847  -0.0951923881
        0.0156634845   0.0141236802  -0.0013481608   0.0425142005   0.3054669275
        0.2065632712   0.1164861957  -0.0257197995  -0.0277552610  -0.0071919264
        0.0047144056  -0.0022710591  -0.0023113086  -0.1370414351  -0.0896266374
       -0.0718983281  -0.0392243851   0.0058296394  -0.0270146632   0.0036867423
        0.0291809412  -0.0463803512  -0.0002240178  -0.0002878063  -0.0001394350
       -0.0095320792  -0.0092772255  -0.0096871224   0.0051118822  -0.0026208504
       -0.0023121608  -0.0003286498  -0.0002699028   0.0001935074  -0.0005128681
       -0.0002328713  -0.0003554705  -0.0002786413   0.0001642650  -0.0001185984
       -0.0000202304  -0.0000136809  -0.0000636641  -0.0000604000  -0.0000645095
        0.0000278071   0.0000568714  -0.0000056126   0.0000380208   0.0000277267
        0.0000065346   0.0000297709   0.0002642843  -0.0000229856  -0.0001157083
       -0.0000014074  -0.0000466339   0.0000374863  -0.0001595566  -0.0000868249
        0.0000265053  -0.0000219062   0.0000171995   0.0000213601   0.0000181950
        0.0000064210   0.0000196658   0.0000044956   0.0000032683  -0.0000134687
        0.0000060393   0.0000033736   0.0000242605  -0.0000168041  -0.0000269114
       -0.0000055141   0.0000165311  -0.0000213990   0.0000246463  -0.0000118278
        0.0000002844   0.0000338561  -0.0000096027  -0.0001005911   0.0000962870
       -0.0003965317   0.0000674016   0.0001630417   0.0001023073  -0.0000507060
        0.0000087000   0.0000098959   0.0000028965   0.0000360649   0.0000171565
        0.0000227252  -0.0000068221   0.0000861010   0.0000279119   0.0000436642
        0.0000711288   0.0000415032  -0.0000182658  -0.0000143191   0.0000024191
        0.0000337811  -0.0000174142  -0.0000198375   0.0000286145  -0.0000018890
       -0.0000487264   0.0000368892   0.0000117695  -0.0000059317   0.0000443462
        0.0000041339  -0.0000115900   0.0000287997   0.0000272733  -0.0000055758
        0.0000314850  -0.0019112578  -0.0001119021  -0.0017306374  -0.0003910281
       -0.0009149312  -0.0010674144  -0.0011224538   0.0005803640  -0.0003531898
       -0.0001361237  -0.0000598209   0.0001331528  -0.0000514566  -0.0000273656
        0.0000050130  -0.0000196762   0.0000204540  -0.0000387355  -0.0000311495
        0.0000071394  -0.0000033456  -0.0012497046  -0.0026759075   0.0005767439
        0.0002525845   0.0003574700  -0.0003947830  -0.0000799279  -0.0004773961
        0.0003019462  -0.0009476214   0.0012864299  -0.0001728142  -0.0001275726
       -0.0000419925  -0.0000530941  -0.0000044466   0.0000362601  -0.0000297311
       -0.0000095519   0.0000061664  -0.0000251512   0.0000001190   0.0000163496
       -0.0000192044
       -0.0080314073  -0.0107702417  -0.0080745448  -0.1118108754  -0.2346205710
        0.0539778276   0.0122861738  -0.0166711179   0.0676392846   0.2065632712
        0.4732002384  -0.1048773550  -0.0273606685  -0.0389707288  -0.0139231450
       -0.0024575302   0.0015940805   0.0031205157  -0.0659954791  -0.1294369032
       -0.0290385379   0.0061909129  -0.0704121685   0.0858201493   0.0122041185
        0.0415452053  -0.0407855450  -0.0001069606  -0.0003693441  -0.0006097618
       -0.0163108186  -0.0140684916  -0.0160082388  -0.0025933695   0.0022080227
        0.0030307353  -0.0011358173  -0.0001525188   0.0003584091   0.0005211970
       -0.0003047958  -0.0001865700  -0.0005217584  -0.0000793484   0.0000428770
       -0.0000455694   0.0001416983  -0.0000001128  -0.0001729861  -0.0001071498
       -0.0000375041   0.0000891022   0.0000210749   0.0000434108   0.0000069636
       -0.0000213216  -0.0000281126   0.0004509161  -0.0002615528  -0.0002264631
        0.0000208271  -0.0000486297   0.0000564106  -0.0001856561  -0.0001237664
        0.0000949134   0.0000042442   0.0000120549   0.0000241562  -0.0000072732
        0.0000375913   0.0000049482  -0.0000121208   0.0000216074  -0.0000062306
       -0.0000049996   0.0000309717  -0.0000041202  -0.0000029548  -0.0000093619
       -0.0000405326   0.0000112963   0.0000090072  -0.0000156025  -0.0000149720
        0.0000165444  -0.0000069082   0.0001110205  -0.0002042012   0.0001579027
       -0.0002091424   0.0003287253  -0.0000443628   0.0001682890  -0.0000085129
       -0.0000548657   0.0000047459   0.0000118529   0.0000385672   0.0000020829
        0.0000240087   0.0000081022   0.0001765978   0.0000267770   0.0000255573
        0.0000691198  -0.0000011142  -0.0000122518   0.0000016259   0.0000051955
        0.0000568379  -0.0000069304  -0.0000185478   0.0000024672   0.0000174068
       -0.0000757595   0.0000016501   0.0000254253  -0.0000173561   0.0000395908
       -0.0000085209   0.0000124251   0.0000036967   0.0000181657   0.0000339606
        0.0000236194  -0.0010908146  -0.0009255524  -0.0002220035   0.0003953082
       -0.0005236999  -0.0007967408   0.0008790966  -0.0003263576   0.0005135324
       -0.0000130548  -0.0001540928  -0.0000286351  -0.0000146383  -0.0000952216
       -0.0000100942   0.0000288487  -0.0000771477  -0.0000014170   0.0000104085
       -0.0000318696   0.0000153611  -0.0008398745  -0.0015581072   0.0003112473
        0.0000176174   0.0007012692  -0.0001656372   0.0000868283  -0.0005420198
        0.0001608874  -0.0011678484   0.0008915373  -0.0005193880  -0.0001812102
        0.0000696731   0.0000132638  -0.0000416680   0.0000355775   0.0000866016
       -0.0000272078   0.0000090522   0.0000464908   0.0000105170  -0.0000005796
        0.0000056672
       -0.0068323205  -0.0109066449   0.0004035353   0.0460256491   0.1012291964
       -0.1080506556   0.0158075891   0.0263804017  -0.0058068174   0.1164861957
       -0.1048773550   0.6294923400  -0.0069155609  -0.0134420441   0.0001930177
       -0.0024588234   0.0023114074  -0.0043229042  -0.1154129695  -0.0934703298
       -0.1893650874  -0.0286168596   0.0853410540  -0.2681577074  -0.0152422730
        0.0056104917  -0.0508988339  -0.0000343529  -0.0003572306   0.0007297565
        0.0027630365   0.0023876803   0.0043213559  -0.0022580744   0.0031253455
       -0.0045595681   0.0006295060  -0.0003211290  -0.0000140458  -0.0005957079
       -0.0000283761  -0.0002436199  -0.0001939098   0.0002773810  -0.0002328436
        0.0000873520  -0.0001443699  -0.0002252874   0.0000854688   0.0000758422
        0.0001849584  -0.0000258664   0.0000355451  -0.0000102658  -0.0000317117
        0.0000335232   0.0000419217   0.0000126604   0.0000065252   0.0000299032
       -0.0000195621   0.0000073795  -0.0000365484  -0.0000535233  -0.0000254264
       -0.0000422398  -0.0000346721  -0.0000188531  -0.0000332188   0.0000302380
       -0.0000004300   0.0000012640  -0.0000142636   0.0000145382  -0.0000365169
       -0.0000194675   0.0000410885   0.0000035149  -0.0000320075  -0.0000809954
        0.0000074909   0.0000032244  -0.0000071111  -0.0000171593   0.0000043974
        0.0000364164  -0.0000134208  -0.0000942812   0.0000576055  -0.0001213604
        0.0001791494  -0.0001308030   0.0000623926  -0.0000175812   0.0000293676
       -0.0000011053  -0.0000352312  -0.0000130978   0.0000090101   0.0000075372
        0.0000238204  -0.0000080375   0.0000040294  -0.0000107638   0.0000545666
        0.0000809035   0.0000774468   0.0000223429  -0.0000360181  -0.0000260785
        0.0000028738  -0.0000023643   0.0000081903  -0.0000006025   0.0000164937
       -0.0000447531   0.0000197416  -0.0000069170  -0.0000184686  -0.0000119041
        0.0000045854   0.0000170941  -0.0000102103  -0.0000230854  -0.0000004726
        0.0000147327  -0.0027552123   0.0021326554  -0.0020899295  -0.0000909879
       -0.0026541609  -0.0029040101   0.0008711375   0.0010282470   0.0015679143
       -0.0000900925   0.0004057083   0.0000906590   0.0000084605  -0.0000121919
       -0.0001523004   0.0000804997   0.0000060876   0.0000517078  -0.0000918243
        0.0001125068  -0.0000971293  -0.0019028042  -0.0027134166   0.0007468659
       -0.0000783247   0.0001322957   0.0007028607  -0.0006042334   0.0005510327
       -0.0013547455   0.0011967454  -0.0020197208  -0.0001599906   0.0001859361
       -0.0001139141   0.0001321350   0.0000756233  -0.0000314684  -0.0000068881
       -0.0000192843  -0.0000186442   0.0000443621  -0.0000062504  -0.0000076249
        0.0000537306
        0.0033015827   0.0000079837   0.0002998177   0.0023104870   0.0279370255
       -0.0495437173  -0.1342024029  -0.0917173102  -0.0706939689  -0.0257197995
       -0.0273606685  -0.0069155609   0.3019608254   0.2075110054   0.1192597171
       -0.0071656052  -0.0070308929  -0.0082659762   0.0169661456  -0.0027772905
        0.0473777925  -0.0004892024  -0.0000334757  -0.0000703336  -0.1140266196
       -0.0931913707  -0.0045731153  -0.0410215745   0.0058029457  -0.0265513134
        0.0051097685  -0.0024148211  -0.0021557018  -0.0085495253  -0.0156992587
        0.0028519344  -0.0000988605   0.0000778902  -0.0000726765   0.0003978882
       -0.0000234703   0.0002131013   0.0001925870   0.0000393582  -0.0000756927
       -0.0000077185   0.0000326644   0.0000229505   0.0000491466  -0.0000300666
       -0.0000126094   0.0000335896  -0.0000029957  -0.0000051253  -0.0000001131
       -0.0000194015  -0.0000166073   0.0000969244  -0.0001173285  -0.0000379847
        0.0000090472  -0.0000001476  -0.0000047886   0.0000173365   0.0000154959
        0.0000201555   0.0000063009   0.0000034895   0.0000013034  -0.0000000098
        0.0000013684  -0.0000041039  -0.0000080111   0.0000151991   0.0000064489
       -0.0000022220  -0.0000052367  -0.0000039531   0.0000090733   0.0000076023
       -0.0000010933  -0.0000125957   0.0000022301  -0.0000187970  -0.0000089767
       -0.0000111217  -0.0000104082  -0.0001861886  -0.0001293890   0.0000663007
        0.0000463414   0.0000677587  -0.0001107848   0.0000312513  -0.0000238066
        0.0000070645   0.0000045509  -0.0000009063  -0.0000087917  -0.0000092908
       -0.0000022180   0.0000035546   0.0000335362  -0.0000028577  -0.0000076958
       -0.0000079821  -0.0000032170  -0.0000120189   0.0000120588   0.0000000965
       -0.0000093252  -0.0000042206  -0.0000046218  -0.0000171155   0.0000003867
       -0.0000009247  -0.0000102518   0.0000119409  -0.0000017200  -0.0000086863
       -0.0000060419  -0.0000037997  -0.0000159598   0.0000017260   0.0000000393
       -0.0000172651   0.0001042159  -0.0003878224   0.0004117730  -0.0001073766
        0.0001141895   0.0002471650  -0.0001513177   0.0001030818  -0.0002619234
        0.0000077530   0.0000245700  -0.0000267165  -0.0000025622  -0.0000118199
       -0.0000049937   0.0000314805  -0.0000023517  -0.0000028917  -0.0000020686
        0.0000002596  -0.0000045789   0.0001671613   0.0004562927  -0.0004660534
        0.0003437899   0.0002097872   0.0000593904  -0.0002665208  -0.0001403861
       -0.0003602783   0.0007550702  -0.0011987982  -0.0005085688   0.0000212065
       -0.0000791310   0.0000033142   0.0000214454  -0.0000194198   0.0000113105
        0.0000135763   0.0000132756   0.0000206811  -0.0000113872   0.0000044376
        0.0000036518
        0.0009505315   0.0028369157   0.0048767596   0.0086144664   0.0408043662
       -0.0422258405  -0.0673149632  -0.1356614628  -0.0313804961  -0.0277552610
       -0.0389707288  -0.0134420441   0.2075110054   0.4855070989  -0.0934710748
       -0.0142008322  -0.0107919727  -0.0148099213   0.0141696046  -0.0177729591
        0.0742725674  -0.0001887001  -0.0001518830  -0.0004889191  -0.1166466206
       -0.2375811797   0.0261245912   0.0064507333  -0.0761121609   0.0862128243
       -0.0026131388   0.0022146197   0.0031717587  -0.0087971980  -0.0136382670
        0.0024512139   0.0000759857  -0.0000179729   0.0000250358  -0.0003983154
        0.0001937388  -0.0002776837  -0.0001469352  -0.0000838401   0.0000581896
        0.0000805935  -0.0000072715   0.0000008739   0.0000039659   0.0000901446
        0.0000333157   0.0000198380   0.0000187239   0.0000038907  -0.0000252050
        0.0000039239  -0.0000114279   0.0003404388  -0.0001502886  -0.0000499200
        0.0000052963  -0.0000147160   0.0000065784   0.0000235905  -0.0000215593
       -0.0000043664  -0.0000136129  -0.0000165965  -0.0000157479  -0.0000008475
       -0.0000100832  -0.0000055341   0.0000059553  -0.0000203655  -0.0000163280
       -0.0000128359  -0.0000088881   0.0000144874   0.0000316461  -0.0000113321
        0.0000080627  -0.0000151626   0.0000231546  -0.0000001045  -0.0000022812
       -0.0000082581   0.0000160923  -0.0001566257  -0.0001964639  -0.0000451122
        0.0000977004   0.0000721545  -0.0001030043   0.0000185507   0.0000098797
        0.0000205095  -0.0000175374   0.0000023803  -0.0000105655  -0.0000047500
       -0.0000031788  -0.0000092030  -0.0000027680   0.0000353605   0.0000091007
       -0.0000063927  -0.0000109981   0.0000030802  -0.0000180107   0.0000125859
       -0.0000127822   0.0000032402   0.0000015485   0.0000064323   0.0000239321
        0.0000122643   0.0000148923  -0.0000150233   0.0000109011  -0.0000154520
       -0.0000025485   0.0000077777   0.0000011036  -0.0000061410  -0.0000036364
        0.0000002871   0.0003726669  -0.0004882368   0.0001349823  -0.0000887017
        0.0001074519   0.0004707703  -0.0001039144   0.0002612662  -0.0002834070
       -0.0000041083  -0.0000149612  -0.0000617324  -0.0000170574  -0.0000042121
       -0.0000116162   0.0000058287   0.0000156861   0.0000020217   0.0000021472
        0.0000133726   0.0000240813  -0.0003776254  -0.0005218270  -0.0009964420
        0.0005753565  -0.0004327863  -0.0007967913  -0.0002785777  -0.0000930259
        0.0007532211  -0.0000708752   0.0006445091  -0.0000233660  -0.0000286837
       -0.0000849343  -0.0001479791  -0.0000399098   0.0000094389  -0.0000014031
        0.0000136968  -0.0000155693  -0.0000210026  -0.0000256100   0.0000123527
        0.0000225435
       -0.0015025153   0.0019588978  -0.0031713638  -0.0161282676   0.0080437586
       -0.0555428135  -0.1122573834  -0.0955491010  -0.1832098017  -0.0071919264
       -0.0139231450   0.0001930177   0.1192597171  -0.0934710748   0.6058037498
        0.0024963621   0.0018376637   0.0041453934   0.0166890900   0.0283103954
       -0.0050863116  -0.0001428373  -0.0003026981   0.0004839900   0.0371034420
        0.0879811535  -0.1083748145  -0.0267997223   0.0866503363  -0.2549409065
       -0.0017521158   0.0035988877  -0.0043943659  -0.0096414244  -0.0159170418
        0.0041021997  -0.0001831335   0.0000032074  -0.0000755735  -0.0001272515
        0.0000648458  -0.0002259162   0.0000392551  -0.0001441488   0.0000596288
       -0.0000001984  -0.0000075786  -0.0001044002  -0.0001175969  -0.0000590644
       -0.0000239461   0.0000434514   0.0000111414   0.0000379019   0.0000237156
        0.0000097153   0.0000143821   0.0004116241  -0.0000924745   0.0000358282
        0.0000143959  -0.0000028526   0.0000017738   0.0000028877   0.0000012117
        0.0000517554   0.0000201622   0.0000111813   0.0000154941   0.0000155371
        0.0000135611  -0.0000209784  -0.0000315900  -0.0000036499   0.0000228042
        0.0000097313   0.0000072478   0.0000021678  -0.0000113626  -0.0000167058
       -0.0000366926   0.0000331485  -0.0000111135   0.0000233453  -0.0000156521
        0.0000101568   0.0000014954  -0.0003137706  -0.0001384302   0.0002480675
       -0.0001995251   0.0001420426  -0.0002855886   0.0000443321  -0.0000368795
        0.0000433839  -0.0000079906   0.0000131641   0.0000179199  -0.0000239679
       -0.0000079682  -0.0000005687   0.0000164659   0.0000061744  -0.0000185190
       -0.0000161944  -0.0000048900  -0.0000435428   0.0000021952   0.0000106420
        0.0000280758  -0.0000044007  -0.0000077236   0.0000013656  -0.0000053028
       -0.0000274913  -0.0000023249   0.0000075107   0.0000038115   0.0000199361
        0.0000067104   0.0000079224   0.0000078704   0.0000199246   0.0000176323
        0.0000026441  -0.0001134061  -0.0000141755  -0.0005889217  -0.0000662167
       -0.0000922881  -0.0004031921  -0.0000483630   0.0001106316   0.0002747919
       -0.0000189567   0.0000814098   0.0000790538  -0.0000139628  -0.0000178068
        0.0000228354   0.0000375533   0.0000005255   0.0000159098  -0.0000160846
        0.0000059753  -0.0000348472   0.0006832511   0.0004407679   0.0006986298
       -0.0002269172   0.0004343967   0.0000214465   0.0002156492  -0.0004082135
       -0.0002643076  -0.0001256438   0.0004568708   0.0003714304  -0.0000747807
       -0.0000026698   0.0000313877  -0.0000027870  -0.0000126934   0.0000164591
       -0.0000086293   0.0000145381  -0.0000106912  -0.0000062346   0.0000120120
       -0.0000357469
        0.0007257729   0.0009665651  -0.0006676995   0.0010332680   0.0010385913
        0.0021385605  -0.0845391732  -0.1009418976   0.0225128400   0.0047144056
       -0.0024575302  -0.0024588234  -0.0071656052  -0.0142008322   0.0024963621
        0.0907961882   0.1170606908  -0.0212873167  -0.0001729443   0.0002729875
       -0.0002732650   0.0002697815   0.0001131025  -0.0001578427   0.0032002870
       -0.0045659436  -0.0040215479  -0.0013114453   0.0010410738   0.0010658965
       -0.0010445003   0.0007730733   0.0003538059  -0.0004793441  -0.0005747572
        0.0002447223  -0.0010407797   0.0003012919  -0.0003702811  -0.0000051083
       -0.0000046495  -0.0001677191   0.0001726584  -0.0004596199   0.0003672701
       -0.0001917702   0.0001752588  -0.0000281466  -0.0001411821   0.0000077921
       -0.0000839401  -0.0000450227   0.0000343156  -0.0000218560  -0.0000208692
        0.0000020227  -0.0000112378  -0.0004954150   0.0000981769  -0.0000548131
       -0.0000232549   0.0000202532  -0.0000076070   0.0000109015   0.0000560102
        0.0000054324   0.0000092248   0.0000068440   0.0000169224  -0.0000280905
       -0.0000038597   0.0000092298  -0.0000572551  -0.0000374747   0.0000734114
        0.0000280608  -0.0000154127  -0.0000007852   0.0000236194  -0.0000106613
        0.0000141392   0.0000159894   0.0000060964  -0.0000023596   0.0000130213
       -0.0000097361  -0.0000092688  -0.0013348570   0.0010719982   0.0003601687
        0.0001082684  -0.0001428599   0.0001110664   0.0000447584  -0.0000586662
       -0.0000430909   0.0000193369   0.0000109282   0.0000145301  -0.0000282197
       -0.0000415559   0.0000079038  -0.0000005821   0.0000045114  -0.0000117926
        0.0000036163  -0.0000579536  -0.0000127061   0.0000179085   0.0000078907
        0.0000166435   0.0000028892   0.0000072996  -0.0000042456   0.0000133165
        0.0000050540   0.0000046684   0.0000084478   0.0000124158   0.0000075831
        0.0000251239   0.0000078201   0.0000089476  -0.0000006258   0.0000174459
       -0.0000057504   0.0000545122  -0.0003681687  -0.0002538637  -0.0000055763
        0.0001352465   0.0000460412  -0.0000602094  -0.0000142710   0.0000424972
        0.0000102323  -0.0000045843   0.0000113283   0.0000073752  -0.0000042657
        0.0000084685   0.0000139272   0.0000057972  -0.0000062193   0.0000133893
       -0.0000019339  -0.0000011035  -0.0013629623  -0.0009673713  -0.0006879798
       -0.0004641375   0.0008692784  -0.0004688506  -0.0000224766  -0.0001815256
        0.0024457254  -0.0014927778   0.0009959165  -0.0008195027   0.0001786196
        0.0000414787  -0.0003894532  -0.0000805594   0.0000363728   0.0000021967
        0.0000239383  -0.0000473768  -0.0000391641   0.0000559050  -0.0000306923
       -0.0000181292
       -0.0009526521   0.0007687465  -0.0004794181  -0.0038209079  -0.0101204181
        0.0071360272  -0.1030848086  -0.2336396494   0.0520839442  -0.0022710591
        0.0015940805   0.0023114074  -0.0070308929  -0.0107919727   0.0018376637
        0.1170606908   0.2560856857  -0.0590669876   0.0002142032   0.0002829272
       -0.0003601098  -0.0003064224  -0.0001909230  -0.0000068639  -0.0039906264
        0.0012557626  -0.0008589737   0.0014516385  -0.0000014241   0.0001838480
        0.0006719256  -0.0003200007  -0.0002921453  -0.0000999764  -0.0004641258
        0.0002221501  -0.0001896672   0.0004286221   0.0000030999   0.0003779941
       -0.0002655189   0.0000391316   0.0002845164  -0.0002407766   0.0001224262
        0.0000745228   0.0001231283   0.0001077595  -0.0000094921   0.0000961376
       -0.0000157330  -0.0000186879   0.0000042114  -0.0000380971  -0.0000758992
       -0.0000428338  -0.0000581321  -0.0002018357  -0.0000787139   0.0000669084
       -0.0000110058   0.0000088183   0.0000016996  -0.0000009440   0.0000085145
       -0.0000333350  -0.0000111661  -0.0000467676  -0.0000136406  -0.0000135835
       -0.0000172619   0.0000052363   0.0000159057   0.0000438100  -0.0000025520
        0.0000150124  -0.0000314038  -0.0000105340  -0.0000058545  -0.0000064885
        0.0000228001  -0.0000501252   0.0000332731  -0.0000229157   0.0000061860
       -0.0000318984  -0.0000099498   0.0013843276   0.0000454200  -0.0002710091
       -0.0000319570  -0.0001771048   0.0001083818  -0.0000892204   0.0000735648
       -0.0000234069  -0.0000039048  -0.0000137818  -0.0000083427  -0.0000060429
       -0.0000131188   0.0000001486  -0.0000167643  -0.0000014326   0.0000082075
        0.0000117877  -0.0000200673  -0.0000020964   0.0000062706  -0.0000099831
       -0.0000099670   0.0000180615  -0.0000112832   0.0000044750   0.0000015335
       -0.0000010105   0.0000150062  -0.0000142359  -0.0000010941  -0.0000198631
        0.0000048506  -0.0000183845  -0.0000001103  -0.0000145478  -0.0000172847
       -0.0000071990  -0.0002168113   0.0001171490  -0.0003519106  -0.0000477727
        0.0000500088   0.0000927295  -0.0000059579   0.0000107332  -0.0001295722
       -0.0000251478   0.0000441159  -0.0000119575  -0.0000065764   0.0000147162
       -0.0000149156  -0.0000148338   0.0000084982  -0.0000069928  -0.0000164821
        0.0000129024  -0.0000119835  -0.0008048736  -0.0013415283  -0.0013080266
        0.0007424694  -0.0024189041  -0.0002285213   0.0000419879   0.0005455954
       -0.0017544160   0.0011698743  -0.0013507344   0.0007344521  -0.0000900425
       -0.0000116963   0.0003070874   0.0000577098   0.0000000806  -0.0000192224
        0.0000015872   0.0000396518  -0.0000006073  -0.0000622776   0.0000014314
        0.0000349174
        0.0001153813   0.0035408818  -0.0024798482   0.0116321077   0.0227070240
       -0.0076146246   0.0222990459   0.0508743625  -0.0534907623  -0.0023113086
        0.0031205157  -0.0043229042  -0.0082659762  -0.0148099213   0.0041453934
       -0.0212873167  -0.0590669876   0.0646775560  -0.0002057511  -0.0002684326
       -0.0003271029   0.0007720704   0.0011084134  -0.0002742182  -0.0039858666
       -0.0008905279  -0.0012535545   0.0003426432  -0.0011793518   0.0004688130
        0.0003886229  -0.0003177946  -0.0001130402  -0.0004428639  -0.0007759657
        0.0001627807  -0.0016506348   0.0005191919  -0.0001631593   0.0008552732
       -0.0002902050  -0.0000744795   0.0007003129  -0.0007619765   0.0003103260
       -0.0000915845   0.0001045633   0.0002018665  -0.0001219995  -0.0000411633
       -0.0000563409   0.0000052527  -0.0000435150   0.0000004947   0.0000155106
       -0.0000436321  -0.0000567260   0.0000886096  -0.0000641147  -0.0001744019
       -0.0000035575   0.0000029757   0.0000015184   0.0000570136   0.0000740262
       -0.0000073756   0.0000595341   0.0000129621   0.0000124337  -0.0000156111
        0.0000102900  -0.0000225330   0.0000164465  -0.0000032559   0.0000450613
        0.0000351468  -0.0000306124  -0.0000347906  -0.0000055571   0.0000420229
       -0.0000055699  -0.0000003947   0.0000010520   0.0000099956   0.0000251897
       -0.0000452594  -0.0000067347   0.0002232159  -0.0001567814   0.0006799976
        0.0000152506   0.0002175608  -0.0000664536   0.0001032774  -0.0001227436
       -0.0000515262   0.0000190730   0.0000059678  -0.0000310086  -0.0000147015
       -0.0000328036   0.0000077365   0.0000102386   0.0000314703  -0.0000557017
       -0.0000359550  -0.0000857496  -0.0000283581   0.0000587158   0.0000067191
        0.0000143596   0.0000228480  -0.0000106464   0.0000029694  -0.0000087845
        0.0000263126  -0.0000213574   0.0000171040   0.0000110279   0.0000003844
       -0.0000110376  -0.0000101718  -0.0000141726   0.0000165965  -0.0000049362
       -0.0000269141  -0.0000122920  -0.0014025876   0.0002457267  -0.0000975397
        0.0004942587   0.0006420527  -0.0001133346  -0.0001930898  -0.0003568481
        0.0000927491  -0.0000613559  -0.0000071902   0.0000030061   0.0000182511
        0.0000330600   0.0000066264   0.0000186871   0.0000102998   0.0000339552
       -0.0000260604   0.0000388892  -0.0000823670  -0.0007903452   0.0002831898
       -0.0002574173  -0.0007379096  -0.0001887334   0.0012756100  -0.0003753504
       -0.0013931824   0.0000264337  -0.0004238306   0.0004582088  -0.0002141538
        0.0000415218   0.0002377493  -0.0000155881   0.0000095207   0.0000248821
       -0.0000217885   0.0000287511  -0.0000181265  -0.0000594796   0.0000387473
        0.0000219943
        0.0018157390  -0.0025444426   0.0000903037  -0.0233712561  -0.0446778887
        0.0111074321  -0.0115401039   0.0026117037  -0.0221456218  -0.1370414351
       -0.0659954791  -0.1154129695   0.0169661456   0.0141696046   0.0166890900
       -0.0001729443   0.0002142032  -0.0002057511   0.3144975019   0.2276276955
        0.1074012299  -0.0012426569  -0.0017498821  -0.0035086900  -0.0688238301
       -0.0247640845  -0.0066570380   0.0036860626  -0.0055007973  -0.0004506990
       -0.0937852713  -0.1026799821   0.0295637348  -0.0018496728   0.0046909060
       -0.0164296672  -0.0000723078   0.0000599723  -0.0000364308   0.0004789640
       -0.0000865340   0.0002851520   0.0001417382   0.0001537853  -0.0000727298
       -0.0000208766  -0.0000034255   0.0000111107   0.0000096346  -0.0000640125
       -0.0000477340   0.0000110167   0.0000011510   0.0000080659   0.0000290815
       -0.0000031495   0.0000034994  -0.0000278005   0.0000247189   0.0000865164
        0.0000043169  -0.0000021979   0.0000062273  -0.0000126779   0.0000132005
        0.0000095078   0.0000094247   0.0000104903   0.0000125298  -0.0000045157
        0.0000053835  -0.0000027982   0.0000072288  -0.0000017610  -0.0000078243
       -0.0000109745  -0.0000024100   0.0000014020  -0.0000162079   0.0000202540
       -0.0000013601   0.0000074015  -0.0000065652   0.0000008662  -0.0000101824
       -0.0000000248   0.0000024271  -0.0000408037   0.0000041196  -0.0000645797
       -0.0000622061  -0.0000326062  -0.0000086672  -0.0000485024   0.0000297382
       -0.0000032743   0.0000142191   0.0000054355   0.0000011417   0.0000123608
        0.0000085225  -0.0000072850   0.0000129859  -0.0000153417   0.0000156615
        0.0000106995   0.0000101071  -0.0000058684   0.0000115030   0.0000015806
       -0.0000019167  -0.0000080681  -0.0000055935  -0.0000068118  -0.0000157236
       -0.0000000944  -0.0000046470   0.0000137644  -0.0000027256   0.0000094072
       -0.0000039572  -0.0000107344   0.0000023442   0.0000069816  -0.0000015877
       -0.0000008347   0.0001192177  -0.0001309882   0.0005100026  -0.0002028962
        0.0003597602  -0.0003064329   0.0000702955  -0.0004047649   0.0001054180
        0.0000464548  -0.0000895674   0.0001123845   0.0000035550  -0.0000021179
        0.0000181605  -0.0000158469  -0.0000113642  -0.0000091597   0.0000225724
       -0.0000189826   0.0000092280  -0.0000380938  -0.0000913050  -0.0000259425
       -0.0000808403  -0.0000545669   0.0003034256  -0.0000373504  -0.0001231635
       -0.0004900915   0.0003646829  -0.0010291802  -0.0005356154   0.0000922942
        0.0000888057   0.0000869257   0.0000315858  -0.0000054187   0.0000049673
       -0.0000059008   0.0000335193   0.0000340957   0.0000654748  -0.0000319178
       -0.0000418167
       -0.0032075125  -0.0018021777   0.0010740566  -0.0261504123  -0.0329517879
       -0.0060075086   0.0020452071   0.0019599555  -0.0059509372  -0.0896266374
       -0.1294369032  -0.0934703298  -0.0027772905  -0.0177729591   0.0283103954
        0.0002729875   0.0002829272  -0.0002684326   0.2276276955   0.4999503084
       -0.0878396524   0.0042083709   0.0048760437   0.0052475736  -0.0022161347
       -0.1109695415   0.1103781822  -0.0053731243  -0.0019933921   0.0029378078
       -0.1021663849  -0.2167727865   0.0575543873  -0.0019609073   0.0045763316
       -0.0125123322  -0.0001108099  -0.0001160364   0.0000603044  -0.0004257802
        0.0000480303  -0.0001416408  -0.0001162056   0.0000153370  -0.0000294040
        0.0000328421  -0.0000073888  -0.0000276674  -0.0000843029  -0.0000378963
       -0.0000398274   0.0000259876   0.0000289668   0.0000372391   0.0000061803
        0.0000209702  -0.0000017525   0.0000479713   0.0000189667   0.0001310606
        0.0000086074  -0.0000078353   0.0000112340  -0.0000392128  -0.0000141627
        0.0000100114   0.0000052839   0.0000068754   0.0000155619  -0.0000094106
        0.0000126450  -0.0000147098   0.0000120110  -0.0000077769  -0.0000149068
       -0.0000052932  -0.0000052539   0.0000058753  -0.0000180446  -0.0000103032
       -0.0000156959   0.0000322088   0.0000230630   0.0000082880  -0.0000137488
        0.0000070320   0.0000255139  -0.0000640321  -0.0000466487  -0.0000326997
       -0.0001959357  -0.0000069133  -0.0000748461  -0.0000489905   0.0000420913
        0.0000048567  -0.0000025360   0.0000154757   0.0000065597   0.0000016662
        0.0000151211  -0.0000124222   0.0000078111   0.0000122048   0.0000138859
       -0.0000098784   0.0000069395   0.0000113803  -0.0000001844   0.0000175025
        0.0000083664   0.0000010740   0.0000049172   0.0000047221   0.0000097832
       -0.0000091169   0.0000115151  -0.0000017114   0.0000074098   0.0000156914
        0.0000008024   0.0000077133   0.0000069654   0.0000112612   0.0000174661
        0.0000084243   0.0007294729   0.0003571551   0.0002948408  -0.0002573697
        0.0001460869  -0.0006517876   0.0004045056  -0.0001499369   0.0005416271
        0.0000340441  -0.0000847961   0.0001662824   0.0000067597  -0.0000023867
       -0.0000087304  -0.0000175135   0.0000075094   0.0000059581   0.0000115400
        0.0000092487  -0.0000107807  -0.0005105313  -0.0009344754   0.0000160943
        0.0000819147   0.0000147672  -0.0001300315  -0.0000750255  -0.0002478539
        0.0001799921  -0.0001182962   0.0008376093   0.0001525597  -0.0000574225
        0.0000529526   0.0000084750  -0.0000185170  -0.0000069466   0.0000180455
        0.0000009279   0.0000105138   0.0000038532   0.0000522405  -0.0000148612
       -0.0000314913
        0.0022158093   0.0040909621   0.0033114101  -0.0235137272  -0.0570775194
        0.0441822560  -0.0216741150  -0.0056785988  -0.0547150858  -0.0718983281
       -0.0290385379  -0.1893650874   0.0473777925   0.0742725674  -0.0050863116
       -0.0002732650  -0.0003601098  -0.0003271029   0.1074012299  -0.0878396524
        0.5809821484  -0.0148849850  -0.0119901893  -0.0183503465  -0.0484832426
        0.0483071170  -0.2794657459  -0.0008758710   0.0024855997   0.0013478757
        0.0297507047   0.0574012901  -0.0617432097  -0.0039473813   0.0060482267
       -0.0208586941  -0.0001080468   0.0001162446   0.0000038177  -0.0002676809
       -0.0000985873  -0.0000077807  -0.0000301128   0.0000109253   0.0000291660
        0.0000560334  -0.0000159821  -0.0000057941  -0.0000426740  -0.0000051126
        0.0000441327  -0.0000191795  -0.0000100637  -0.0000004508   0.0000151314
        0.0000037791   0.0000134469  -0.0001632036   0.0000913301   0.0000730219
       -0.0000033681  -0.0000071802  -0.0000148190   0.0000191237   0.0000060081
       -0.0000139554   0.0000002003   0.0000105578  -0.0000177106   0.0000032149
       -0.0000050127   0.0000056520  -0.0000035677   0.0000077410  -0.0000189504
       -0.0000023307   0.0000065093  -0.0000017867   0.0000046181  -0.0000238989
       -0.0000146833  -0.0000081109  -0.0000076524   0.0000226372   0.0000038741
        0.0000094248   0.0000008263  -0.0000317561   0.0000276821  -0.0001413750
       -0.0000527150  -0.0001352753   0.0000615696  -0.0000459816   0.0000335996
        0.0000275544  -0.0000167415  -0.0000063080   0.0000114369  -0.0000006329
        0.0000051847  -0.0000011201  -0.0000277110  -0.0000115402   0.0000123130
        0.0000209193   0.0000197012   0.0000052229  -0.0000228472   0.0000012395
        0.0000043802  -0.0000000521   0.0000042236   0.0000010762   0.0000005213
       -0.0000078255  -0.0000070335  -0.0000113306   0.0000010299   0.0000125711
        0.0000001660  -0.0000031344   0.0000057657  -0.0000026133  -0.0000009911
        0.0000073089  -0.0008514959  -0.0003946541  -0.0002588681   0.0002488039
       -0.0001983135   0.0000350893   0.0001146802  -0.0001866219  -0.0000316730
        0.0000037266  -0.0000714753   0.0000053955  -0.0000086190  -0.0000244263
        0.0000731271  -0.0000287959  -0.0000016569   0.0000029502   0.0000083659
        0.0000033788   0.0000178609   0.0003533239   0.0001343989   0.0000446277
       -0.0001365058  -0.0001236282   0.0002692828   0.0000601607   0.0001566329
       -0.0002249581  -0.0002849527  -0.0000020320   0.0000782621   0.0000643485
        0.0000963710   0.0000089052   0.0000130019   0.0000070642  -0.0000174236
       -0.0000192596  -0.0000094546   0.0000079112   0.0000054499  -0.0000233547
       -0.0000190355
        0.0004620670  -0.0015868090   0.0030317936   0.0016362884  -0.0038630229
        0.0124965508   0.0029809415  -0.0056620371  -0.0007247005  -0.0392243851
        0.0061909129  -0.0286168596  -0.0004892024  -0.0001887001  -0.0001428373
        0.0002697815  -0.0003064224   0.0007720704  -0.0012426569   0.0042083709
       -0.0148849850   0.0416977284  -0.0000672124   0.0369036640   0.0031770735
       -0.0044776722  -0.0039394614  -0.0010527363   0.0006867887   0.0003902988
       -0.0012272421   0.0015865208   0.0002229834  -0.0001915261   0.0003250682
       -0.0006440402  -0.0000643942   0.0000805954   0.0000224300  -0.0003253654
        0.0002813302  -0.0002431618   0.0000423655  -0.0000014553   0.0000091725
       -0.0000111049  -0.0000314040   0.0000423877   0.0000053925  -0.0000259339
        0.0000127649   0.0000059716  -0.0000151270   0.0000094961  -0.0000145490
        0.0000003140   0.0000026636  -0.0000675842  -0.0000132275   0.0000285375
        0.0000056578  -0.0000082411   0.0000114910   0.0000031280   0.0000034106
       -0.0000002609  -0.0000116238  -0.0000034434   0.0000082995   0.0000065951
        0.0000000575   0.0000037053   0.0000170642   0.0000210459  -0.0000085336
        0.0000160379  -0.0000037833  -0.0000039345  -0.0000649266   0.0000078715
        0.0000191220   0.0000106512  -0.0000066363   0.0000084592   0.0000108833
       -0.0000124965  -0.0000055238   0.0000484096   0.0000698738  -0.0000515096
        0.0000362089  -0.0000441932   0.0001420268   0.0000141911  -0.0000109131
       -0.0000263106   0.0000114147  -0.0000004284   0.0000080695   0.0000109816
        0.0000091018   0.0000005506  -0.0000226852  -0.0000186576  -0.0000106742
        0.0000151431  -0.0000020445   0.0000114226   0.0000119588   0.0000019987
        0.0000061956   0.0000023977  -0.0000112973   0.0000101143  -0.0000347208
       -0.0000016898   0.0000005583   0.0000010606  -0.0000010403   0.0000154058
       -0.0000059040  -0.0000119497   0.0000161208   0.0000182769  -0.0000041614
        0.0000051650  -0.0006594829   0.0006623426  -0.0020037901  -0.0045894334
        0.0016405071  -0.0024362020  -0.0006648879   0.0003399338   0.0000807977
       -0.0001228020  -0.0000931399   0.0001675348   0.0000470068  -0.0000034369
       -0.0000661143   0.0000031636  -0.0000377124   0.0000174613  -0.0000082448
       -0.0000320065   0.0000413488   0.0003143815   0.0000083239  -0.0007750245
        0.0000445652  -0.0000946027  -0.0002805176   0.0000499878   0.0000062728
        0.0004639582  -0.0008148228   0.0004146028   0.0000148877  -0.0000427855
        0.0000461337  -0.0000793604  -0.0000217606   0.0000217174  -0.0000069677
        0.0000036294  -0.0000054372  -0.0000294225  -0.0000055782   0.0000332404
       -0.0000173159
        0.0004468083  -0.0015341861   0.0021617353   0.0012181577  -0.0102075489
        0.0224243724  -0.0052997682  -0.0018738624   0.0023710903   0.0058296394
       -0.0704121685   0.0853410540  -0.0000334757  -0.0001518830  -0.0003026981
        0.0001131025  -0.0001909230   0.0011084134  -0.0017498821   0.0048760437
       -0.0119901893  -0.0000672124   0.0767398216  -0.0968174289  -0.0047449250
        0.0013410785  -0.0009506113   0.0007544215  -0.0004374941  -0.0003259795
        0.0011497501  -0.0001494413  -0.0011863825  -0.0000673683   0.0001401824
       -0.0007094970   0.0000111880   0.0001160580   0.0000162433   0.0003915270
       -0.0000876263   0.0000193597   0.0000910094   0.0000507841  -0.0000984209
        0.0000389620   0.0000540987   0.0000436086   0.0000079749  -0.0000121296
        0.0000133183   0.0000142117  -0.0000114590  -0.0000093023  -0.0000185988
       -0.0000244118  -0.0000163085  -0.0000506150  -0.0000335828  -0.0000078412
        0.0000263895  -0.0000007834   0.0000057954   0.0000092133   0.0000004472
        0.0000134429   0.0000093158  -0.0000081052   0.0000013071  -0.0000020421
        0.0000033853   0.0000045012   0.0000082147   0.0000173268   0.0000014246
        0.0000146361   0.0000040217  -0.0000194957  -0.0000281742   0.0000221149
       -0.0000150155  -0.0000054613   0.0000113645  -0.0000120669   0.0000102775
       -0.0000013042  -0.0000227018   0.0000640581   0.0000493660  -0.0000206588
       -0.0000262856  -0.0000183874   0.0000948057   0.0000226786   0.0000282999
       -0.0000541942   0.0000070064  -0.0000065999   0.0000047542   0.0000002517
        0.0000031974   0.0000120682   0.0000074240  -0.0000223471  -0.0000208216
        0.0000120302  -0.0000178677   0.0000241468   0.0000211970  -0.0000002173
        0.0000048890   0.0000175459  -0.0000034131  -0.0000079218  -0.0000159072
       -0.0000072606  -0.0000174385  -0.0000008983  -0.0000130597   0.0000073789
        0.0000008967  -0.0000015275  -0.0000025937   0.0000092630   0.0000068703
       -0.0000014183   0.0009926675   0.0000909848  -0.0003807693  -0.0006428129
        0.0027988296   0.0007645822   0.0008755364  -0.0010809082  -0.0007741563
        0.0000643246  -0.0003539384   0.0001119712   0.0000380696   0.0000062414
        0.0000798787  -0.0000971243  -0.0000535441  -0.0000537458   0.0000978447
       -0.0001376652   0.0000363978   0.0003509986   0.0005016096  -0.0007768543
        0.0000838652   0.0000051789  -0.0004136719   0.0001308619  -0.0003602360
        0.0006988059  -0.0001309502   0.0002703917  -0.0003414199   0.0000079128
        0.0000505742  -0.0000347594  -0.0000246822   0.0000422272   0.0000024953
       -0.0000012115  -0.0000111833   0.0000123624   0.0000581631  -0.0000054327
        0.0000041606
        0.0005666026  -0.0007173263   0.0007712641   0.0008201886   0.0060936114
       -0.0087081919  -0.0008527414   0.0022536730   0.0008818970  -0.0270146632
        0.0858201493  -0.2681577074  -0.0000703336  -0.0004889191   0.0004839900
       -0.0001578427  -0.0000068639  -0.0002742182  -0.0035086900   0.0052475736
       -0.0183503465   0.0369036640  -0.0968174289   0.2975645820  -0.0039189619
       -0.0009177323  -0.0011489894   0.0004035525  -0.0003158492  -0.0000100088
        0.0011013421   0.0000210036   0.0004959826   0.0000062634   0.0003491408
       -0.0007646223  -0.0001233820   0.0000373294  -0.0000106092  -0.0000196523
        0.0000370240  -0.0002554426   0.0000833037  -0.0000031310   0.0000774256
        0.0000415191   0.0000548544  -0.0000146143  -0.0000189285  -0.0000223978
        0.0000211846  -0.0000295074  -0.0000159488  -0.0000076104  -0.0000105775
       -0.0000124057  -0.0000016114  -0.0000055788   0.0000331014  -0.0000161836
       -0.0000024927   0.0000057771  -0.0000135559   0.0000134456   0.0000082675
        0.0000008416   0.0000045677  -0.0000007377  -0.0000134596  -0.0000037204
        0.0000010842  -0.0000010540  -0.0000051450   0.0000022416   0.0000009684
       -0.0000019530   0.0000060599  -0.0000160104   0.0000231068  -0.0000038461
       -0.0000052713  -0.0000198887  -0.0000087086   0.0000124611   0.0000046376
        0.0000037358  -0.0000209014  -0.0000360396  -0.0000356457   0.0000287020
        0.0000730709   0.0000286023  -0.0001076671  -0.0000305207   0.0000017450
        0.0000288137  -0.0000050151  -0.0000093228   0.0000058356  -0.0000018234
       -0.0000014998   0.0000036677  -0.0000132719  -0.0000252347   0.0000041615
        0.0000094486   0.0000055584   0.0000057622   0.0000027555  -0.0000114543
        0.0000069731   0.0000089316   0.0000007677  -0.0000127298  -0.0000058210
       -0.0000036111  -0.0000089485  -0.0000058977  -0.0000124301   0.0000065021
       -0.0000045236  -0.0000026753  -0.0000036058  -0.0000055482   0.0000033033
       -0.0000043266  -0.0014208656  -0.0009743971  -0.0026308811  -0.0023617200
        0.0014725265   0.0017753259  -0.0002447719  -0.0004195535  -0.0010673971
       -0.0000402742  -0.0000784866  -0.0001365386  -0.0000304237   0.0000760249
       -0.0001784138  -0.0000063294  -0.0000099496  -0.0000525934   0.0000636830
       -0.0000613287  -0.0000027531  -0.0000271382  -0.0002460690  -0.0000090761
        0.0000008583   0.0000035721   0.0000711510   0.0000163106   0.0001279956
       -0.0001407208  -0.0001348738  -0.0004517404  -0.0002143253   0.0000120448
        0.0000061797   0.0000464211   0.0000136096  -0.0000101258   0.0000143304
       -0.0000023461  -0.0000197150   0.0000259025  -0.0000316436   0.0000036324
        0.0000262398
       -0.0001891505  -0.0004276793  -0.0000982929  -0.0063651652  -0.0066889668
        0.0117858660  -0.0219538489  -0.0239167533  -0.0198379413   0.0036867423
        0.0122041185  -0.0152422730  -0.1140266196  -0.1166466206   0.0371034420
        0.0032002870  -0.0039906264  -0.0039858666  -0.0688238301  -0.0022161347
       -0.0484832426   0.0031770735  -0.0047449250  -0.0039189619   0.3175593308
        0.2222673539   0.1255745751   0.0013459974   0.0017074464  -0.0002797864
        0.0010480173  -0.0058994873   0.0126448155  -0.1190048846  -0.0715700758
       -0.0951558481  -0.0000818098   0.0000250928  -0.0000070153   0.0001526008
       -0.0000056987  -0.0000049075   0.0000030585  -0.0000047739   0.0000454586
       -0.0000169804  -0.0000289576  -0.0000155276  -0.0000081967  -0.0000531789
       -0.0000619145   0.0000131851  -0.0000025347   0.0000119345   0.0000230574
        0.0000137146   0.0000117627   0.0000413936   0.0001143183   0.0000832210
        0.0000042586  -0.0000058392  -0.0000012208  -0.0000110647  -0.0000014186
        0.0000161105  -0.0000015688   0.0000017872   0.0000084021   0.0000003587
        0.0000057480  -0.0000075384  -0.0000053615  -0.0000007566  -0.0000071910
       -0.0000155860   0.0000046680  -0.0000028545  -0.0000229585  -0.0000013271
       -0.0000012399   0.0000238203  -0.0000144743  -0.0000064100  -0.0000208930
        0.0000038214  -0.0000094064   0.0000285697  -0.0000773703  -0.0000358030
       -0.0001059315  -0.0000058099  -0.0000382789  -0.0000559366   0.0000304394
        0.0000091145   0.0000106879   0.0000055219   0.0000024273   0.0000042664
        0.0000074280  -0.0000072061   0.0000221534  -0.0000079984  -0.0000060003
        0.0000076002   0.0000166455  -0.0000039375   0.0000055338   0.0000040330
       -0.0000008214  -0.0000086417  -0.0000114024  -0.0000113532  -0.0000069833
       -0.0000148249   0.0000004374   0.0000143955  -0.0000017322   0.0000013130
        0.0000042953  -0.0000060281  -0.0000035300   0.0000067033   0.0000011983
       -0.0000098943  -0.0000986489  -0.0000464380   0.0000745302   0.0000530509
       -0.0000941445  -0.0002342905   0.0002001743  -0.0000233659   0.0002317709
        0.0000179554  -0.0000295419   0.0000583567   0.0000076874  -0.0000032741
        0.0000126213   0.0000199531  -0.0000015965   0.0000024143  -0.0000094112
       -0.0000125070  -0.0000090406   0.0001447103   0.0001167889  -0.0001905699
        0.0002202874  -0.0001478200  -0.0000114763  -0.0000579123  -0.0001200625
        0.0000755610  -0.0002534466   0.0002431974  -0.0000322815   0.0000262234
        0.0000457349  -0.0000155880   0.0000124716  -0.0000109913  -0.0000061375
        0.0000174878   0.0000180389   0.0000133672   0.0000414418  -0.0000019583
       -0.0000238541
       -0.0002703997  -0.0006125863   0.0001622886  -0.0059929283  -0.0330369492
        0.0306492864  -0.0411366702  -0.0303418608  -0.0548723647   0.0291809412
        0.0415452053   0.0056104917  -0.0931913707  -0.2375811797   0.0879811535
       -0.0045659436   0.0012557626  -0.0008905279  -0.0247640845  -0.1109695415
        0.0483071170  -0.0044776722   0.0013410785  -0.0009177323   0.2222673539
        0.4887736878  -0.0667875432  -0.0057352565  -0.0100536221   0.0052453775
        0.0007270173  -0.0107075388   0.0232776285  -0.0716685441  -0.0997595312
       -0.0780157767  -0.0000667494   0.0000280239  -0.0000291695   0.0001850739
       -0.0000295939   0.0000450151  -0.0000213413  -0.0000203452  -0.0000020524
        0.0000556773  -0.0000685615   0.0000222999  -0.0000460017   0.0000147838
       -0.0000654642   0.0000175512   0.0000132328   0.0000118050  -0.0000042446
        0.0000170322   0.0000038263  -0.0000328533   0.0001085668   0.0002031190
        0.0000275366   0.0000013887   0.0000166402  -0.0000119496  -0.0000164885
        0.0000208692  -0.0000028219  -0.0000079538   0.0000075160   0.0000032917
       -0.0000028497  -0.0000105103  -0.0000161796  -0.0000092988  -0.0000239857
       -0.0000032998   0.0000023404   0.0000009732  -0.0000165438  -0.0000056883
        0.0000131966   0.0000192673   0.0000142374   0.0000033162  -0.0000048005
        0.0000036774  -0.0000111761   0.0000189993  -0.0001009257  -0.0001342373
       -0.0001535084  -0.0000488724   0.0000010897  -0.0001199827   0.0000742336
        0.0000216856  -0.0000140532   0.0000263731  -0.0000011554  -0.0000172234
        0.0000045755  -0.0000222841   0.0000077985   0.0000089754  -0.0000122654
        0.0000029104   0.0000139805  -0.0000256300  -0.0000143949   0.0000321381
       -0.0000031941   0.0000019912   0.0000064090   0.0000038630  -0.0000061108
       -0.0000122133   0.0000098518  -0.0000049782   0.0000247634  -0.0000041660
        0.0000139482   0.0000179834   0.0000103100   0.0000059104   0.0000128752
       -0.0000098244  -0.0001967887  -0.0001277894   0.0000161560   0.0000522950
        0.0001535405   0.0000021818   0.0000349245  -0.0002703900   0.0001274161
        0.0000403968  -0.0000557620   0.0000277123   0.0000088932   0.0000209782
        0.0000092994   0.0000068542   0.0000065457  -0.0000046438   0.0000151475
       -0.0000155777   0.0000124190   0.0000813295  -0.0000259765  -0.0001440128
       -0.0001161442   0.0001885908   0.0005845644   0.0000552891   0.0000308116
       -0.0005115793  -0.0002118791   0.0000848082   0.0001012471   0.0000195749
        0.0000657583   0.0000469831   0.0000211876  -0.0000369109  -0.0000333790
       -0.0000138611   0.0000251278  -0.0000047129   0.0000274192   0.0000005212
       -0.0000193120
       -0.0003427716  -0.0000240412  -0.0010153574   0.0116966996   0.0308944105
       -0.0303446201   0.0113542666  -0.0086184533   0.0463263941  -0.0463803512
       -0.0407855450  -0.0508988339  -0.0045731153   0.0261245912  -0.1083748145
       -0.0040215479  -0.0008589737  -0.0012535545  -0.0066570380   0.1103781822
       -0.2794657459  -0.0039394614  -0.0009506113  -0.0011489894   0.1255745751
       -0.0667875432   0.5972838014   0.0121847725   0.0233222917  -0.0095813559
       -0.0000627272   0.0049944355  -0.0086087955  -0.0951937469  -0.0780661940
       -0.1529779592  -0.0001254871   0.0000558824   0.0000457267   0.0002565113
        0.0000141610  -0.0000463577   0.0000595836  -0.0000805187   0.0001088398
        0.0000024488   0.0000783184  -0.0000316058  -0.0000686022  -0.0000796607
       -0.0000153703  -0.0000072978   0.0000010953   0.0000396457  -0.0000113039
        0.0000014163   0.0000031262   0.0000881761  -0.0000217512   0.0000089899
       -0.0000006655  -0.0000015341  -0.0000009521   0.0000043017   0.0000215871
        0.0000006299   0.0000226115   0.0000153928   0.0000089948  -0.0000059523
        0.0000113179  -0.0000068509   0.0000299094  -0.0000042594  -0.0000018528
        0.0000030040  -0.0000072394  -0.0000067753  -0.0000124748  -0.0000035292
       -0.0000381582   0.0000162754   0.0000037379   0.0000253851  -0.0000032864
        0.0000028226   0.0000228309   0.0000260663  -0.0000320763   0.0000362200
       -0.0000829803   0.0000442427  -0.0001386508   0.0000193714   0.0000175711
       -0.0000080492   0.0000069123  -0.0000060389   0.0000115708   0.0000137982
        0.0000067988  -0.0000002754  -0.0000001611  -0.0000063764   0.0000151789
       -0.0000090214   0.0000043187   0.0000046606   0.0000054131  -0.0000028070
        0.0000215110   0.0000018054  -0.0000038751   0.0000078180  -0.0000021879
       -0.0000064831  -0.0000104696  -0.0000004429  -0.0000084688   0.0000282385
       -0.0000058742  -0.0000117722   0.0000098407   0.0000114628   0.0000056198
        0.0000150796  -0.0000416073  -0.0002223759   0.0000790616  -0.0000227751
       -0.0002268879  -0.0001668891   0.0000489573   0.0003166492   0.0000571889
        0.0000402976  -0.0000049478   0.0000833199  -0.0000258750  -0.0000366615
        0.0000142994  -0.0000026538   0.0000347999   0.0000257698  -0.0000222540
        0.0000028177  -0.0000242439   0.0001896679   0.0002227638  -0.0002228846
        0.0001977357   0.0002039961   0.0000121362  -0.0001800511  -0.0000775009
       -0.0000197779  -0.0000011914   0.0001793961   0.0000805623  -0.0000672727
       -0.0000324833   0.0000373290   0.0000015695   0.0000145020   0.0000185721
       -0.0000019689   0.0000057966   0.0000047937   0.0000159537  -0.0000103056
       -0.0000283254
       -0.0000859027  -0.0000833235  -0.0007092344   0.0035253819  -0.0046269126
       -0.0037430339  -0.0025247474   0.0048135410  -0.0167501111  -0.0002240178
       -0.0001069606  -0.0000343529  -0.0410215745   0.0064507333  -0.0267997223
       -0.0013114453   0.0014516385   0.0003426432   0.0036860626  -0.0053731243
       -0.0008758710  -0.0010527363   0.0007544215   0.0004035525   0.0013459974
       -0.0057352565   0.0121847725   0.0390742741   0.0014641865   0.0342343017
        0.0000016305  -0.0002746407   0.0006232630  -0.0012707481   0.0010772223
        0.0012106894   0.0001695746  -0.0000646252  -0.0000151765  -0.0000250122
        0.0000168326  -0.0000098350  -0.0000381124   0.0000691481   0.0000228085
       -0.0000386461  -0.0000453343  -0.0000850669   0.0000273753   0.0000144783
       -0.0000238825  -0.0000078129   0.0000152077  -0.0000038030   0.0000113964
        0.0000186335   0.0000185189  -0.0000238629   0.0000322861   0.0000697285
       -0.0000087569   0.0000069295  -0.0000106007  -0.0000190701  -0.0000003755
       -0.0000031899  -0.0000127800   0.0000010638  -0.0000004387  -0.0000055441
       -0.0000010927   0.0000015917  -0.0000128109  -0.0000137563  -0.0000091682
       -0.0000226057   0.0000132004   0.0000090242   0.0000165303  -0.0000145584
        0.0000094744   0.0000154396  -0.0000057739  -0.0000139266  -0.0000114077
        0.0000141710   0.0000021687  -0.0000085244   0.0000197909  -0.0001276677
        0.0000397862  -0.0000684653   0.0000252529  -0.0000498482   0.0000381810
       -0.0000090938   0.0000040639   0.0000047574  -0.0000003001  -0.0000026881
        0.0000039882  -0.0000037240   0.0000171588   0.0000010253   0.0000177424
       -0.0000047977   0.0000205468   0.0000002445  -0.0000030911  -0.0000010251
       -0.0000081518  -0.0000087730   0.0000073378  -0.0000107747   0.0000169320
       -0.0000034011   0.0000090120   0.0000086843   0.0000014050  -0.0000082410
        0.0000096154   0.0000072172  -0.0000085428  -0.0000112708   0.0000024229
       -0.0000025356  -0.0000983888   0.0003226232  -0.0000871541   0.0000963493
       -0.0002317190  -0.0001986510  -0.0000007049   0.0000770366   0.0001440312
       -0.0000395279   0.0000423006   0.0000095029   0.0000156552  -0.0000058302
        0.0000103790   0.0000163009   0.0000066849  -0.0000053402  -0.0000055793
        0.0000107017  -0.0000180397  -0.0001057998  -0.0000088618   0.0000793443
       -0.0000452147  -0.0000123182   0.0000737043  -0.0001116130   0.0000993264
       -0.0000404957   0.0001163866  -0.0001566416   0.0000499170  -0.0000078639
       -0.0000269673   0.0000251771   0.0000069956  -0.0000103313   0.0000153691
        0.0000014558  -0.0000021020   0.0000056134  -0.0000017671  -0.0000056424
        0.0000182988
       -0.0003508576  -0.0001736691  -0.0003995871  -0.0042671950   0.0017245891
       -0.0009518883  -0.0019130139   0.0048702604  -0.0122541770  -0.0002878063
       -0.0003693441  -0.0003572306   0.0058029457  -0.0761121609   0.0866503363
        0.0010410738  -0.0000014241  -0.0011793518  -0.0055007973  -0.0019933921
        0.0024855997   0.0006867887  -0.0004374941  -0.0003158492   0.0017074464
       -0.0100536221   0.0233222917   0.0014641865   0.0830669774  -0.0980322404
        0.0000422024  -0.0004667175   0.0012103400   0.0015443300  -0.0002267328
        0.0001500624   0.0000218320  -0.0000281488  -0.0000327607  -0.0000335962
        0.0000127907  -0.0000387323  -0.0000250670  -0.0000419037  -0.0000445467
        0.0000433515  -0.0000415482   0.0000547335  -0.0000151106   0.0000492614
       -0.0000349660  -0.0000095838   0.0000260269  -0.0000034338  -0.0000118146
        0.0000128442  -0.0000120932  -0.0000340483   0.0000366243   0.0000123840
        0.0000066743  -0.0000012796   0.0000186940  -0.0000084196  -0.0000194286
        0.0000024288  -0.0000014513  -0.0000213984   0.0000056118  -0.0000029499
       -0.0000159300  -0.0000056711  -0.0000030215  -0.0000138199  -0.0000099149
        0.0000091148  -0.0000171465   0.0000093062   0.0000018064  -0.0000037773
        0.0000133529  -0.0000021889   0.0000151219  -0.0000011538   0.0000034027
       -0.0000187572   0.0000111019  -0.0000046695   0.0000300998  -0.0000484958
        0.0000005200  -0.0000338544   0.0000191247   0.0000138534  -0.0000130209
        0.0000111872  -0.0000045145   0.0000067663  -0.0000096173  -0.0000036037
       -0.0000066626  -0.0000178011   0.0000055499   0.0000257866   0.0000089673
       -0.0000057422  -0.0000112080  -0.0000170852  -0.0000014885   0.0000109261
       -0.0000036967   0.0000053272  -0.0000031086   0.0000131546   0.0000093578
        0.0000033879   0.0000181759  -0.0000067310   0.0000081640  -0.0000100208
        0.0000068907   0.0000061152   0.0000106842  -0.0000016055  -0.0000028010
        0.0000007944  -0.0000466471   0.0001804055  -0.0002349131   0.0000111847
       -0.0000597712  -0.0000757464   0.0000533897   0.0000337516   0.0001010413
       -0.0000064633   0.0000099525   0.0000160849  -0.0000060009   0.0000073588
       -0.0000093819  -0.0000013562   0.0000220452  -0.0000006195  -0.0000128654
        0.0000087301  -0.0000010211   0.0000496405   0.0000263172  -0.0000814104
        0.0000444489  -0.0001002387   0.0001409903  -0.0001184345   0.0000986328
       -0.0002267077   0.0000823851  -0.0000156955   0.0001098859   0.0000177219
       -0.0000056536   0.0000235075   0.0000087568  -0.0000067201  -0.0000151068
       -0.0000025957   0.0000211226  -0.0000037094   0.0000054580   0.0000023710
        0.0000090890
       -0.0002808172   0.0004547075  -0.0010140217  -0.0038761823  -0.0008743597
       -0.0015037591  -0.0044855381   0.0059412211  -0.0215070683  -0.0001394350
       -0.0006097618   0.0007297565  -0.0265513134   0.0862128243  -0.2549409065
        0.0010658965   0.0001838480   0.0004688130  -0.0004506990   0.0029378078
        0.0013478757   0.0003902988  -0.0003259795  -0.0000100088  -0.0002797864
        0.0052453775  -0.0095813559   0.0342343017  -0.0980322404   0.2857481352
       -0.0000691457   0.0000883008  -0.0004346746   0.0004406660  -0.0010632400
        0.0006118782   0.0001858829  -0.0000661959  -0.0000141758  -0.0001093056
       -0.0000179927  -0.0000279108  -0.0000483117   0.0000382310  -0.0000077241
        0.0000812097  -0.0000298281  -0.0000554480   0.0000003223   0.0000364680
        0.0000296881  -0.0000259215   0.0000128706   0.0000008101   0.0000117978
        0.0000109956   0.0000300586   0.0000050790   0.0000811859   0.0000471110
       -0.0000104008   0.0000029773  -0.0000147112  -0.0000036617  -0.0000035891
       -0.0000270656   0.0000041602   0.0000014308  -0.0000140490   0.0000095684
       -0.0000059036  -0.0000041632  -0.0000013906  -0.0000328871  -0.0000099037
       -0.0000105709   0.0000005402   0.0000081072   0.0000155037  -0.0000205986
       -0.0000021546   0.0000032231  -0.0000117648   0.0000172442   0.0000034297
        0.0000122668   0.0000161140  -0.0000960787  -0.0000579519  -0.0001294425
        0.0000551296  -0.0000509461  -0.0000626692  -0.0000458010   0.0000183505
        0.0000498072  -0.0000094344  -0.0000055533  -0.0000079781   0.0000068403
       -0.0000047845  -0.0000134016  -0.0000086048   0.0000070226   0.0000310892
        0.0000176878   0.0000282592  -0.0000150865  -0.0000173872  -0.0000038530
       -0.0000023723   0.0000008300   0.0000070500   0.0000101403   0.0000122266
       -0.0000037989   0.0000081344  -0.0000023788  -0.0000011594  -0.0000049589
        0.0000075716   0.0000000841   0.0000009261  -0.0000107639  -0.0000122223
        0.0000126450  -0.0001846454   0.0002325635  -0.0002824255   0.0001723808
       -0.0002989029  -0.0000550966  -0.0000815646   0.0001050953   0.0000881406
       -0.0000320109   0.0000785301  -0.0000260846  -0.0000008844   0.0000075668
        0.0000173309  -0.0000043278   0.0000094312   0.0000158210  -0.0000038659
        0.0000266483   0.0000007109  -0.0000914618  -0.0001247205   0.0003356718
        0.0001534083  -0.0000213899   0.0004785396  -0.0003252761   0.0003631044
       -0.0007624001   0.0002989176  -0.0004335462   0.0003362633   0.0000607355
       -0.0000133740   0.0000779341   0.0000493764  -0.0000437222  -0.0000009112
       -0.0000173914   0.0000162399   0.0000196113  -0.0000120874   0.0000092673
       -0.0000064292
       -0.0003326098  -0.0007548167   0.0001709849   0.0033528745  -0.0044364691
       -0.0041313082   0.0001151366   0.0004058143  -0.0002406783  -0.0095320792
       -0.0163108186   0.0027630365   0.0051097685  -0.0026131388  -0.0017521158
       -0.0010445003   0.0006719256   0.0003886229  -0.0937852713  -0.1021663849
        0.0297507047  -0.0012272421   0.0011497501   0.0011013421   0.0010480173
        0.0007270173  -0.0000627272   0.0000016305   0.0000422024  -0.0000691457
        0.0976152713   0.1217362953  -0.0280597743  -0.0011836241   0.0016603789
        0.0003261706   0.0002153026  -0.0000830752   0.0000153734  -0.0000850745
        0.0000212029  -0.0000321119  -0.0000513693   0.0000750090  -0.0000091148
       -0.0000156578  -0.0000497088  -0.0000424753   0.0000460735  -0.0000001763
        0.0000222847   0.0000050679  -0.0000062583   0.0000075430  -0.0000045005
        0.0000159608   0.0000061624  -0.0000126233  -0.0000059465   0.0000249763
       -0.0000084058  -0.0000081014  -0.0000005656  -0.0000141808  -0.0000103869
       -0.0000056338  -0.0000156563  -0.0000030349  -0.0000038145   0.0000119356
       -0.0000024734   0.0000046480   0.0000066076   0.0000108180  -0.0000080055
       -0.0000073456   0.0000048677   0.0000102323  -0.0000056573  -0.0000190346
        0.0000061020   0.0000041362  -0.0000176049  -0.0000021109  -0.0000101692
       -0.0000001847   0.0000107267   0.0000315829   0.0000337403  -0.0000384602
        0.0000193359  -0.0000450724  -0.0000068185  -0.0000135001  -0.0000018434
        0.0000077827   0.0000031002  -0.0000069729   0.0000026150   0.0000132100
        0.0000095970   0.0000002796   0.0000036705  -0.0000025123   0.0000174141
        0.0000173748   0.0000266285   0.0000009920  -0.0000074621  -0.0000114342
       -0.0000007267  -0.0000106545  -0.0000094876   0.0000072028  -0.0000022610
       -0.0000089347   0.0000132960   0.0000050028  -0.0000094906  -0.0000006666
       -0.0000017110  -0.0000077644   0.0000004810   0.0000021790  -0.0000124857
        0.0000086403  -0.0001070885   0.0004696221  -0.0000849271   0.0001047144
       -0.0005564202  -0.0002382614   0.0000066203   0.0003003346   0.0002328116
       -0.0000216580   0.0000865681  -0.0000229917  -0.0000078000   0.0000015330
       -0.0000269664   0.0000218517   0.0000031533   0.0000216613  -0.0000493702
        0.0000259990  -0.0000172021  -0.0002672424  -0.0002205801   0.0000376062
       -0.0000038905  -0.0000322643   0.0000704137  -0.0001033127   0.0001494504
       -0.0000533413   0.0000868164  -0.0002281760  -0.0000952185   0.0000575872
       -0.0000066099  -0.0000073543   0.0000167535   0.0000046481  -0.0000062145
        0.0000029485   0.0000072147  -0.0000036876   0.0000073482   0.0000079311
       -0.0000076883
       -0.0004040118  -0.0006874633   0.0004138006  -0.0047227875   0.0013996699
       -0.0007642425   0.0002599781   0.0005632778  -0.0005069207  -0.0092772255
       -0.0140684916   0.0023876803  -0.0024148211   0.0022146197   0.0035988877
        0.0007730733  -0.0003200007  -0.0003177946  -0.1026799821  -0.2167727865
        0.0574012901   0.0015865208  -0.0001494413   0.0000210036  -0.0058994873
       -0.0107075388   0.0049944355  -0.0002746407  -0.0004667175   0.0000883008
        0.1217362953   0.2390656584  -0.0659287373   0.0012509907  -0.0001019199
       -0.0010229912   0.0002334156  -0.0000766400   0.0000193376  -0.0001253169
        0.0000445578  -0.0000621952  -0.0000922790   0.0000377371  -0.0000423971
        0.0000808450  -0.0000271454  -0.0000049246   0.0000290203   0.0000519620
        0.0000349853   0.0000036778   0.0000171062  -0.0000036241  -0.0000195433
        0.0000110942  -0.0000041041  -0.0000220444   0.0000138986   0.0000101106
        0.0000112937   0.0000010780   0.0000045899  -0.0000076702  -0.0000229976
       -0.0000078278  -0.0000096517  -0.0000131409  -0.0000093371   0.0000040858
       -0.0000065802   0.0000050182  -0.0000014144   0.0000083826  -0.0000087271
        0.0000027528   0.0000039883   0.0000058407   0.0000099483  -0.0000258347
       -0.0000045127  -0.0000078926   0.0000176247  -0.0000117031   0.0000025434
        0.0000061534   0.0000040613   0.0000020457   0.0000494572  -0.0000369766
        0.0000188221  -0.0000830992   0.0000006280  -0.0000005717   0.0000094722
        0.0000071058  -0.0000158321  -0.0000052574  -0.0000016628  -0.0000057789
        0.0000067281   0.0000012632   0.0000073973   0.0000010094   0.0000244388
       -0.0000001821   0.0000160026   0.0000038117  -0.0000161302  -0.0000020991
        0.0000023965   0.0000055539   0.0000080700   0.0000076490   0.0000196070
       -0.0000139170   0.0000096678  -0.0000111088  -0.0000047451  -0.0000080481
        0.0000027457   0.0000149310  -0.0000046899  -0.0000062676   0.0000039794
        0.0000095954  -0.0000640199   0.0004079631  -0.0001106170   0.0000503444
       -0.0003321854  -0.0000611474   0.0001146415   0.0001789321   0.0000181167
       -0.0000304889   0.0000719425  -0.0000323531   0.0000019223  -0.0000032827
       -0.0000364367   0.0000078074  -0.0000014850   0.0000131921  -0.0000177563
        0.0000292893  -0.0000215996  -0.0002567028  -0.0001823965  -0.0000488724
        0.0001087616  -0.0000897475  -0.0000674365  -0.0002716877   0.0000817354
        0.0000651335   0.0002198287  -0.0001091412  -0.0000202971   0.0000955999
       -0.0000427343  -0.0000193512   0.0000046465  -0.0000048726   0.0000039219
       -0.0000057614  -0.0000012929   0.0000134372   0.0000168919  -0.0000133668
       -0.0000001724
       -0.0005546752  -0.0005959338  -0.0003574420  -0.0036762875  -0.0008262715
       -0.0007683544  -0.0003249167  -0.0002353092  -0.0004936744  -0.0096871224
       -0.0160082388   0.0043213559  -0.0021557018   0.0031717587  -0.0043943659
        0.0003538059  -0.0002921453  -0.0001130402   0.0295637348   0.0575543873
       -0.0617432097   0.0002229834  -0.0011863825   0.0004959826   0.0126448155
        0.0232776285  -0.0086087955   0.0006232630   0.0012103400  -0.0004346746
       -0.0280597743  -0.0659287373   0.0715197132   0.0011593105   0.0001679818
        0.0004027593   0.0000285285   0.0000085295   0.0000194264  -0.0000775376
       -0.0000352488  -0.0000483857  -0.0000046207   0.0000343348   0.0000267840
        0.0000430668   0.0000323632  -0.0000641670  -0.0000328791  -0.0000387466
        0.0000395144  -0.0000201917  -0.0000125128   0.0000106759  -0.0000110485
       -0.0000047688   0.0000210124  -0.0000082377   0.0000254118   0.0000417902
       -0.0000006702   0.0000054437  -0.0000175266  -0.0000087098   0.0000057243
       -0.0000078791   0.0000063226   0.0000107772  -0.0000092760   0.0000052948
        0.0000063673  -0.0000003958   0.0000049082   0.0000024139  -0.0000077643
        0.0000002493   0.0000131884  -0.0000130071  -0.0000083472  -0.0000238003
       -0.0000147646   0.0000001994  -0.0000084009   0.0000163153   0.0000083059
        0.0000168463  -0.0000068780  -0.0000205629  -0.0000161092  -0.0000140304
        0.0000035027  -0.0000247411  -0.0000439866  -0.0000176479   0.0000253962
        0.0000070247  -0.0000104775  -0.0000081894   0.0000110737   0.0000034797
        0.0000049153   0.0000021238  -0.0000142432  -0.0000232908   0.0000070822
        0.0000142052   0.0000242213   0.0000022285  -0.0000099106  -0.0000072179
        0.0000115497   0.0000039705   0.0000060668  -0.0000013752  -0.0000053945
       -0.0000195426  -0.0000098950  -0.0000048910  -0.0000082171   0.0000152391
        0.0000006289  -0.0000025875   0.0000013607  -0.0000014290   0.0000023184
        0.0000074487   0.0000062662   0.0000396492  -0.0000111061   0.0000197504
       -0.0002396018  -0.0000106342   0.0000528798   0.0001240266   0.0000133687
        0.0000112062   0.0000589606  -0.0000214895  -0.0000137765  -0.0000138701
       -0.0000282604   0.0000116824   0.0000002233   0.0000222686  -0.0000135321
        0.0000109007  -0.0000110433  -0.0000955107  -0.0002242360   0.0002208342
        0.0000783479   0.0000771692   0.0001619991  -0.0001128805   0.0000816331
       -0.0002391090   0.0000617611  -0.0001871662   0.0000655685   0.0000223843
       -0.0000064357   0.0000242917   0.0000175278  -0.0000051845  -0.0000006615
       -0.0000102111  -0.0000093005   0.0000121050  -0.0000111940  -0.0000067904
       -0.0000057045
       -0.0003311398   0.0003704804   0.0005612322   0.0004056965   0.0000949877
        0.0006764011   0.0035371271  -0.0057286422  -0.0008734695   0.0051118822
       -0.0025933695  -0.0022580744  -0.0085495253  -0.0087971980  -0.0096414244
       -0.0004793441  -0.0000999764  -0.0004428639  -0.0018496728  -0.0019609073
       -0.0039473813  -0.0001915261  -0.0000673683   0.0000062634  -0.1190048846
       -0.0716685441  -0.0951937469  -0.0012707481   0.0015443300   0.0004406660
       -0.0011836241   0.0012509907   0.0011593105   0.1242943323   0.0874984424
        0.1098011078   0.0001581933  -0.0000563891   0.0000294863  -0.0002348470
        0.0000258486  -0.0001144601  -0.0000922355   0.0000413604   0.0000340157
       -0.0000282671  -0.0000266226  -0.0000417829   0.0000489954   0.0000117806
        0.0000031872   0.0000076887  -0.0000080501  -0.0000049654   0.0000032229
        0.0000112726  -0.0000020243  -0.0000015430  -0.0000149862   0.0000007554
       -0.0000109924  -0.0000087075  -0.0000088624  -0.0000096356  -0.0000124889
       -0.0000099458  -0.0000158086  -0.0000025284  -0.0000102364   0.0000020881
       -0.0000014786   0.0000005184   0.0000004771   0.0000089480  -0.0000079021
       -0.0000187609   0.0000046934   0.0000061493   0.0000099455  -0.0000121929
        0.0000053862   0.0000016555  -0.0000131081  -0.0000164800  -0.0000165923
        0.0000029716   0.0000047542   0.0000314219   0.0000339988  -0.0000326345
        0.0000110348  -0.0000311890   0.0000054240  -0.0000277914  -0.0000015694
        0.0000017571   0.0000058444  -0.0000072956  -0.0000061982   0.0000086446
        0.0000092297   0.0000003043   0.0000152059   0.0000021417   0.0000146121
        0.0000071963   0.0000202134   0.0000074341  -0.0000018338  -0.0000110745
       -0.0000095791  -0.0000085945  -0.0000058922  -0.0000068023   0.0000128598
       -0.0000040169   0.0000096071   0.0000097591  -0.0000091658  -0.0000117038
       -0.0000019176  -0.0000047238  -0.0000152472  -0.0000060669  -0.0000111180
       -0.0000022146  -0.0000555614   0.0002353109  -0.0001443927   0.0001156889
       -0.0002097679  -0.0000289861  -0.0000715648   0.0000956250   0.0000619608
       -0.0000359545   0.0000315934  -0.0000281104   0.0000103109   0.0000026739
        0.0000086977   0.0000090680  -0.0000058138  -0.0000018220  -0.0000101100
        0.0000093363  -0.0000069493  -0.0001895400  -0.0001627020  -0.0001064641
        0.0000590472  -0.0001402402  -0.0001138910  -0.0001070826   0.0001229612
        0.0002447050  -0.0001223160   0.0002386260   0.0000185480   0.0000260110
       -0.0000011580  -0.0000384360  -0.0000006092   0.0000042050   0.0000124043
        0.0000153914  -0.0000016167   0.0000046550   0.0000093007   0.0000078805
        0.0000077078
        0.0002713233  -0.0005250950   0.0000778711   0.0002702063  -0.0000938330
        0.0009644633  -0.0056589649  -0.0020821964   0.0022086583  -0.0026208504
        0.0022080227   0.0031253455  -0.0156992587  -0.0136382670  -0.0159170418
       -0.0005747572  -0.0004641258  -0.0007759657   0.0046909060   0.0045763316
        0.0060482267   0.0003250682   0.0001401824   0.0003491408  -0.0715700758
       -0.0997595312  -0.0780661940   0.0010772223  -0.0002267328  -0.0010632400
        0.0016603789  -0.0001019199   0.0001679818   0.0874984424   0.1099246565
        0.0833378244   0.0001530414  -0.0000612751  -0.0000073053   0.0000635708
        0.0000424614   0.0000499919  -0.0000387766   0.0000221033  -0.0000700712
        0.0000674349  -0.0000385359   0.0000462686   0.0000173779   0.0000680886
       -0.0000042961  -0.0000015548   0.0000225465  -0.0000055110  -0.0000144484
        0.0000118242  -0.0000169749  -0.0000469829   0.0000139107  -0.0000030575
        0.0000121776   0.0000016159   0.0000164294  -0.0000017565  -0.0000160120
       -0.0000059243  -0.0000019256  -0.0000128376  -0.0000037012  -0.0000030319
       -0.0000117420  -0.0000035060   0.0000057491  -0.0000063975  -0.0000137602
        0.0000034106  -0.0000109940   0.0000097376   0.0000136801  -0.0000028979
        0.0000103680  -0.0000094203   0.0000238060  -0.0000044694   0.0000062653
       -0.0000083206   0.0000117419   0.0000586916   0.0000233823  -0.0000529634
        0.0000288728  -0.0000455125   0.0000219506  -0.0000117688   0.0000010440
        0.0000071283  -0.0000118979   0.0000059491  -0.0000129470  -0.0000058656
        0.0000015663  -0.0000124274   0.0000071604   0.0000214398   0.0000193355
       -0.0000068648  -0.0000014541  -0.0000101228  -0.0000101029   0.0000101192
       -0.0000055918   0.0000068891   0.0000078436   0.0000131287   0.0000153854
        0.0000048757   0.0000141375  -0.0000104999   0.0000092693  -0.0000126803
        0.0000023551   0.0000146596   0.0000023514  -0.0000050708   0.0000006248
        0.0000041152  -0.0000392842   0.0001316647  -0.0000617016   0.0000310471
       -0.0000014339   0.0000838958   0.0000079827   0.0000109449  -0.0000288950
       -0.0000089489   0.0000085784  -0.0000126584   0.0000017107   0.0000063383
       -0.0000090080  -0.0000077998   0.0000158972  -0.0000031258   0.0000004999
        0.0000162066   0.0000026003  -0.0001174037   0.0000601424  -0.0002519169
        0.0001327185  -0.0001526097  -0.0000450207  -0.0002350751   0.0000745817
       -0.0000067276   0.0002017143  -0.0001891335  -0.0000859545   0.0000758661
       -0.0000210785  -0.0000202034  -0.0000008973  -0.0000169517  -0.0000025829
       -0.0000077280   0.0000105737   0.0000047248   0.0000138626  -0.0000023637
       -0.0000018717
        0.0002112214   0.0001112946  -0.0003420220   0.0006990763   0.0009807134
        0.0000733181  -0.0007607584   0.0023557137   0.0012405713  -0.0023121608
        0.0030307353  -0.0045595681   0.0028519344   0.0024512139   0.0041021997
        0.0002447223   0.0002221501   0.0001627807  -0.0164296672  -0.0125123322
       -0.0208586941  -0.0006440402  -0.0007094970  -0.0007646223  -0.0951558481
       -0.0780157767  -0.1529779592   0.0012106894   0.0001500624   0.0006118782
        0.0003261706  -0.0010229912   0.0004027593   0.1098011078   0.0833378244
        0.1727332625   0.0001045258  -0.0000070855   0.0000256222  -0.0000172773
       -0.0000294524   0.0000201867  -0.0000224738   0.0000418747   0.0000007743
        0.0000670387   0.0000248851  -0.0000414981  -0.0000052434  -0.0000026368
        0.0000563427  -0.0000132246  -0.0000106832   0.0000043823  -0.0000097836
       -0.0000067157   0.0000134879  -0.0000047728  -0.0000074823   0.0000061623
        0.0000005471   0.0000031234  -0.0000112981   0.0000032724   0.0000009449
       -0.0000123284   0.0000058332   0.0000077205  -0.0000146064   0.0000114214
        0.0000025911   0.0000027956   0.0000037902   0.0000044912  -0.0000067995
        0.0000014129   0.0000104876  -0.0000048507   0.0000051955  -0.0000181970
       -0.0000152680  -0.0000098923  -0.0000053864   0.0000149394   0.0000087561
        0.0000153287   0.0000001454  -0.0000005948   0.0000058131  -0.0000161586
        0.0000251353  -0.0000301822  -0.0000471924  -0.0000089275   0.0000116218
        0.0000236791  -0.0000150798  -0.0000100758   0.0000048011   0.0000022492
        0.0000040276   0.0000023004  -0.0000133304  -0.0000155817   0.0000162556
        0.0000163683   0.0000250424  -0.0000048358  -0.0000177846  -0.0000079373
        0.0000086178   0.0000035049   0.0000077891   0.0000065532  -0.0000017619
       -0.0000138117  -0.0000064660  -0.0000077108  -0.0000065175   0.0000072632
       -0.0000010534   0.0000012018   0.0000000825  -0.0000051529  -0.0000027493
        0.0000127852  -0.0002520304  -0.0000514536  -0.0000786220   0.0001839090
       -0.0001912212   0.0001546818  -0.0001056078   0.0000798849  -0.0000882631
       -0.0000099015   0.0000417012  -0.0000627813  -0.0000043218  -0.0000051500
        0.0000120459  -0.0000074893  -0.0000082667   0.0000146001   0.0000039291
        0.0000057862   0.0000000595  -0.0000545650  -0.0000489887   0.0002364690
        0.0000965533  -0.0000040591   0.0001014309  -0.0001714914   0.0001488621
       -0.0001835025   0.0001120554  -0.0003015002   0.0000254649   0.0000687529
       -0.0000158083   0.0000035404   0.0000212735  -0.0000152548   0.0000030672
       -0.0000137696  -0.0000064012   0.0000095584  -0.0000147307   0.0000003109
       -0.0000175283
        0.0087575583  -0.0380434135   0.0296474841  -0.0001056538   0.0005146254
       -0.0013184787   0.0004017531   0.0010017893   0.0001577011  -0.0003286498
       -0.0011358173   0.0006295060  -0.0000988605   0.0000759857  -0.0001831335
       -0.0010407797  -0.0001896672  -0.0016506348  -0.0000723078  -0.0001108099
       -0.0001080468  -0.0000643942   0.0000111880  -0.0001233820  -0.0000818098
       -0.0000667494  -0.0001254871   0.0001695746   0.0000218320   0.0001858829
        0.0002153026   0.0002334156   0.0000285285   0.0001581933   0.0001530414
        0.0001045258  -0.0068475780   0.0290791844   0.0002214784  -0.0176642564
       -0.0020974911   0.0104453881  -0.0000991862   0.0005672506  -0.0122019812
       -0.0011257684   0.0063126209   0.0104499850  -0.0103291416  -0.0053556044
       -0.0084765994   0.0000794653  -0.0007408873  -0.0000966964   0.0009715811
       -0.0030235561  -0.0028664889  -0.0005177547  -0.0002031545   0.0001837069
        0.0002595623   0.0000498958   0.0005535007  -0.0013197048   0.0003499232
       -0.0001884131   0.0017054438   0.0013706959   0.0018445661  -0.0005672918
        0.0003341311  -0.0000740472   0.0000318743   0.0003257288   0.0001760542
        0.0002782537  -0.0002208784  -0.0003245803   0.0003109424   0.0001262347
        0.0000894419  -0.0001819816   0.0001582868  -0.0000225143   0.0007105524
       -0.0011092293  -0.0002705248   0.0002607208  -0.0000842146  -0.0018193607
        0.0001960586  -0.0005521539  -0.0003588999  -0.0002873062  -0.0000134168
       -0.0001030465   0.0004314878   0.0001411128   0.0000804585  -0.0001819707
       -0.0003067096  -0.0001607875   0.0001652986  -0.0003175217   0.0008729777
        0.0010706910   0.0009531613  -0.0001680218  -0.0002137045   0.0001066827
        0.0001787558  -0.0001142653   0.0000224817  -0.0000938912   0.0001272095
       -0.0001932736   0.0000881273   0.0007242482   0.0000713222   0.0006843372
       -0.0002161094  -0.0000779131   0.0000858637   0.0001932437   0.0002140836
       -0.0002849057  -0.0066553235   0.0115302195   0.0034119681   0.0067881443
       -0.0099331650  -0.0071127154  -0.0023526743   0.0016136188   0.0046448255
       -0.0009339142   0.0011853110  -0.0000918460   0.0001575441   0.0001512122
       -0.0000687563  -0.0002886399  -0.0000172831  -0.0003036300  -0.0001582588
        0.0004807234  -0.0003184093   0.0280557984   0.0027812727  -0.0236578936
        0.0026810665  -0.0004984230  -0.0006717760  -0.0042319097   0.0007964083
        0.0032658699   0.0009115897   0.0039230589  -0.0042709864   0.0002991721
       -0.0002567278  -0.0007618339  -0.0001213003   0.0000440463   0.0000547680
        0.0000002364  -0.0001087436   0.0000879990   0.0000879289  -0.0000437411
        0.0001040685
       -0.0088235801   0.0222040075  -0.0125995993  -0.0011172758  -0.0011372317
        0.0013755117  -0.0002465295  -0.0007006698  -0.0002504698  -0.0002699028
       -0.0001525188  -0.0003211290   0.0000778902  -0.0000179729   0.0000032074
        0.0003012919   0.0004286221   0.0005191919   0.0000599723  -0.0001160364
        0.0001162446   0.0000805954   0.0001160580   0.0000373294   0.0000250928
        0.0000280239   0.0000558824  -0.0000646252  -0.0000281488  -0.0000661959
       -0.0000830752  -0.0000766400   0.0000085295  -0.0000563891  -0.0000612751
       -0.0000070855   0.0290791844   0.0507123788  -0.0083023217   0.0115514098
       -0.0142251889   0.0110157164  -0.0177241691  -0.0274476854   0.0012545408
        0.0043356416  -0.0062028910  -0.0039337028  -0.0024455166   0.0099249897
       -0.0008537046  -0.0002158090   0.0007244426  -0.0000487929   0.0000262382
        0.0008223821   0.0006193377   0.0007310346   0.0003110203   0.0007646172
       -0.0006333393   0.0002226709  -0.0008879811  -0.0005144308   0.0001324694
       -0.0005445121  -0.0029142219  -0.0019888416  -0.0026055842   0.0000927246
       -0.0001738580   0.0002741521   0.0000966630  -0.0000548294   0.0002767674
       -0.0000628653  -0.0001113365   0.0001025247  -0.0001382825  -0.0001097839
        0.0001145727  -0.0000551440  -0.0001034917  -0.0000212978  -0.0001400401
        0.0002798391   0.0002229126  -0.0002138715   0.0000723762  -0.0006454131
       -0.0003609965  -0.0006841108   0.0003110907  -0.0001479232   0.0000284871
        0.0001186738  -0.0001480180  -0.0002190693   0.0001045395  -0.0002421491
       -0.0006673956   0.0005410474  -0.0000777113  -0.0000209736  -0.0002519739
       -0.0007494340  -0.0022274742  -0.0014893610   0.0001950911  -0.0001294544
       -0.0001621588   0.0001196599  -0.0000263920  -0.0000416784   0.0000196781
       -0.0000737426   0.0002077978  -0.0008630143   0.0003239819  -0.0008313306
        0.0002232116  -0.0001457649  -0.0000870204  -0.0001882400  -0.0001688760
        0.0000874131   0.0039714073  -0.0055629155  -0.0028493332  -0.0030537751
        0.0046380640   0.0045500248   0.0012254223  -0.0004933019  -0.0029190949
        0.0004108485  -0.0005941803  -0.0000940896  -0.0000375208   0.0000050253
        0.0000088029   0.0000864629   0.0000406759   0.0001253211   0.0001043944
       -0.0002146891   0.0002093170  -0.0121181417  -0.0245840723   0.0162730444
       -0.0015615656  -0.0000950749   0.0006795492   0.0015439888   0.0006167412
       -0.0029692552   0.0008134335  -0.0030764655   0.0025982127   0.0000011359
        0.0000590379   0.0004050002   0.0000921177  -0.0000407139  -0.0000530853
       -0.0000005857   0.0000208122  -0.0000899633   0.0000035520   0.0000209606
       -0.0000547385
        0.0061444463  -0.0015432396   0.0011541949   0.0005082226   0.0001009074
       -0.0002131527  -0.0002639145  -0.0004679817  -0.0003775644   0.0001935074
        0.0003584091  -0.0000140458  -0.0000726765   0.0000250358  -0.0000755735
       -0.0003702811   0.0000030999  -0.0001631593  -0.0000364308   0.0000603044
        0.0000038177   0.0000224300   0.0000162433  -0.0000106092  -0.0000070153
       -0.0000291695   0.0000457267  -0.0000151765  -0.0000327607  -0.0000141758
        0.0000153734   0.0000193376   0.0000194264   0.0000294863  -0.0000073053
        0.0000256222   0.0002214784  -0.0083023217   0.0630836053  -0.0017216088
        0.0158018812  -0.0118663028   0.0022210706  -0.0058044920  -0.0291236406
        0.0057691361  -0.0059226713   0.0043947598  -0.0048866535   0.0026470128
       -0.0023146431   0.0003302567  -0.0006742775  -0.0000023229   0.0008335656
       -0.0019495088  -0.0018391898   0.0009000269  -0.0009405160   0.0000892481
        0.0002668808  -0.0001581139   0.0002844130  -0.0000212736   0.0008778156
        0.0003852886  -0.0008309697  -0.0004438689  -0.0003697471   0.0001601029
        0.0001595933  -0.0000643144   0.0001322071   0.0003662071  -0.0007064927
       -0.0000272252   0.0001358663  -0.0001262592  -0.0000020940   0.0002116688
       -0.0000662142  -0.0001358831   0.0000395966  -0.0000385811   0.0003895088
       -0.0006692766   0.0001241370  -0.0006782536  -0.0006473891  -0.0014495316
       -0.0000720884   0.0000594515  -0.0000398246  -0.0001881336   0.0000143214
       -0.0000458149  -0.0001111591   0.0000115883  -0.0001481021   0.0000408756
        0.0003119856   0.0001381664  -0.0000020451   0.0000955258  -0.0008342745
       -0.0004199356  -0.0015085711  -0.0002213495   0.0002345707  -0.0000294657
       -0.0000624376   0.0000801821  -0.0000282981  -0.0001202208   0.0000386623
        0.0001071205   0.0000212698  -0.0002017551   0.0001694038  -0.0001517341
       -0.0001461258   0.0000060469  -0.0001091863   0.0000557822  -0.0000407843
       -0.0001032585  -0.0011132215  -0.0005801723   0.0009659983  -0.0001540044
        0.0004722398   0.0001722033  -0.0000321444  -0.0000213272  -0.0003013834
       -0.0000323617   0.0000930376   0.0000244410   0.0000085037   0.0000204339
        0.0000386196  -0.0000069380   0.0000538778  -0.0000083852  -0.0000131984
        0.0000250796  -0.0000095441  -0.0061691436   0.0073724166  -0.0197665861
        0.0003027959  -0.0000256457  -0.0006751189   0.0002571337  -0.0006693902
        0.0017280351  -0.0012867258   0.0007615691  -0.0010605821  -0.0000891525
        0.0000488918  -0.0001485438  -0.0000408926   0.0000192187  -0.0000124874
        0.0000307280   0.0000167397  -0.0000441507  -0.0000384523   0.0000146197
       -0.0000004688
       -0.0380235480   0.0223932157   0.0019035958  -0.0002231083   0.0002137245
        0.0014188036  -0.0001405173  -0.0001927494   0.0008751195  -0.0005128681
        0.0005211970  -0.0005957079   0.0003978882  -0.0003983154  -0.0001272515
       -0.0000051083   0.0003779941   0.0008552732   0.0004789640  -0.0004257802
       -0.0002676809  -0.0003253654   0.0003915270  -0.0000196523   0.0001526008
        0.0001850739   0.0002565113  -0.0000250122  -0.0000335962  -0.0001093056
       -0.0000850745  -0.0001253169  -0.0000775376  -0.0002348470   0.0000635708
       -0.0000172773  -0.0176642564   0.0115514098  -0.0017216088   0.1810147627
        0.0426361520  -0.0856670756  -0.0841177623  -0.0447901854   0.0511995262
       -0.0129769888  -0.0085850446   0.0216087108  -0.0239879785  -0.0242545587
        0.0194586246  -0.0009618121   0.0036137587   0.0034058616  -0.0004253083
        0.0000224921   0.0008082123   0.0002776990  -0.0003171138  -0.0012993591
       -0.0047766912  -0.0038178603  -0.0041600600   0.0001721090  -0.0000235167
       -0.0000865989  -0.0011551346  -0.0005537784   0.0005904087   0.0005716804
        0.0001262833  -0.0003411636   0.0001281470  -0.0000987625  -0.0000064464
       -0.0008919466  -0.0005836360   0.0012065270  -0.0000654681  -0.0001380044
       -0.0002986648  -0.0000579123  -0.0003374970   0.0000920163   0.0001344547
       -0.0003962296   0.0004542656  -0.0000887642  -0.0000762171   0.0001761349
        0.0002304053  -0.0003797294  -0.0012145782  -0.0001010501  -0.0000135587
       -0.0001411219  -0.0014336712  -0.0012100033   0.0013371481   0.0001160762
        0.0000094047   0.0000189258   0.0000401989   0.0005291710   0.0002012205
       -0.0004410092  -0.0002422319   0.0000638335  -0.0002639912   0.0001590963
        0.0003505337  -0.0002851531  -0.0003184981   0.0005032425   0.0000981280
       -0.0001235092   0.0001996767   0.0003160794  -0.0005230583   0.0004657383
        0.0001098788   0.0000219708  -0.0000351076   0.0000112766  -0.0000287990
        0.0000847954   0.0009883260  -0.0030289331   0.0014363549  -0.0035357458
        0.0021303149   0.0012348710   0.0009641621  -0.0021864427  -0.0015165318
        0.0004523305  -0.0001365000   0.0000541029  -0.0000240982   0.0001322917
       -0.0002006992   0.0002973828  -0.0001082169   0.0005972273   0.0000236009
       -0.0001312670  -0.0000273286   0.0037378584   0.0098799085  -0.0079389255
        0.0014140218  -0.0003514439  -0.0018393231  -0.0037246982   0.0003393357
        0.0048884552   0.0054418289  -0.0025774209  -0.0064201955  -0.0007655304
        0.0010088912  -0.0015618191  -0.0004802171   0.0002107939   0.0003101840
        0.0000397382  -0.0001603397  -0.0002465131   0.0001910387   0.0001505369
       -0.0001183675
        0.0122017272  -0.0315960224   0.0082293522   0.0003435056   0.0001814781
       -0.0000143989  -0.0002429030   0.0000090161  -0.0000663868  -0.0002328713
       -0.0003047958  -0.0000283761  -0.0000234703   0.0001937388   0.0000648458
       -0.0000046495  -0.0002655189  -0.0002902050  -0.0000865340   0.0000480303
       -0.0000985873   0.0002813302  -0.0000876263   0.0000370240  -0.0000056987
       -0.0000295939   0.0000141610   0.0000168326   0.0000127907  -0.0000179927
        0.0000212029   0.0000445578  -0.0000352488   0.0000258486   0.0000424614
       -0.0000294524  -0.0020974911  -0.0142251889   0.0158018812   0.0426361520
        0.1857780609  -0.1021979678  -0.0416972294  -0.1130621931   0.0692603391
        0.0045613771   0.0079110986  -0.0033267574  -0.0174760584  -0.0165009267
        0.0129652663   0.0008115175  -0.0005258962  -0.0016802995   0.0018736430
       -0.0007958158  -0.0014118404  -0.0003186217  -0.0005956374  -0.0020791412
       -0.0035059969  -0.0024818632  -0.0026998234  -0.0011393189  -0.0008820897
       -0.0004500188   0.0012034347   0.0013489710   0.0005404540   0.0001719523
       -0.0000120733  -0.0001482407   0.0000020567   0.0000427965  -0.0001678460
        0.0001692577   0.0002336723  -0.0002406485   0.0005188338   0.0002952751
       -0.0010400918   0.0002241470   0.0000827870  -0.0001274525   0.0000195541
        0.0003593961  -0.0004657248   0.0002656714  -0.0002209296   0.0001750359
        0.0008399185   0.0005476019  -0.0007825361   0.0005204811   0.0001902581
       -0.0003437108  -0.0009388810  -0.0006372791   0.0009587657   0.0000452418
        0.0002625099  -0.0002254658  -0.0005136997  -0.0013707375  -0.0005481035
        0.0002801144  -0.0001381655   0.0002988927  -0.0000396397   0.0001443198
        0.0006263765  -0.0002123121  -0.0001884249   0.0000599217   0.0001006381
       -0.0000036880  -0.0006293339   0.0003602442   0.0000336855   0.0003666919
       -0.0000471771  -0.0000239551   0.0000323142   0.0001759171   0.0001652945
       -0.0000918045  -0.0089353309   0.0011318496   0.0053512089   0.0017519772
       -0.0025188463  -0.0052282535  -0.0041251245  -0.0040667749   0.0033400156
        0.0000471770   0.0004434254   0.0006516741  -0.0000708734  -0.0000532954
        0.0000044093  -0.0000220753  -0.0001246772  -0.0002042717  -0.0000801632
        0.0002599481  -0.0002162948  -0.0000916362  -0.0061828147   0.0038586283
       -0.0006284597   0.0005584119   0.0019150534   0.0038489139  -0.0003459398
       -0.0037271095   0.0082965838  -0.0016645201   0.0028911624   0.0006476862
       -0.0012277883   0.0010269057   0.0004299854  -0.0002567479  -0.0001419486
        0.0000328367   0.0001108956   0.0001697907  -0.0001895439  -0.0000425053
        0.0001151627
        0.0078267106   0.0014269386  -0.0235126645  -0.0013102159   0.0014062441
        0.0007271743  -0.0006366143  -0.0002544312  -0.0007004283  -0.0003554705
       -0.0001865700  -0.0002436199   0.0002131013  -0.0002776837  -0.0002259162
       -0.0001677191   0.0000391316  -0.0000744795   0.0002851520  -0.0001416408
       -0.0000077807  -0.0002431618   0.0000193597  -0.0002554426  -0.0000049075
        0.0000450151  -0.0000463577  -0.0000098350  -0.0000387323  -0.0000279108
       -0.0000321119  -0.0000621952  -0.0000483857  -0.0001144601   0.0000499919
        0.0000201867   0.0104453881   0.0110157164  -0.0118663028  -0.0856670756
       -0.1021979678   0.2007187002   0.0473438174   0.0709405005  -0.1356597986
        0.0199929587   0.0132242571  -0.0295938395   0.0024715363   0.0024679103
        0.0049973893   0.0020071536  -0.0048394666  -0.0050694558  -0.0001645973
        0.0005145076   0.0013475141   0.0004208371  -0.0010491899  -0.0016518050
       -0.0004115253  -0.0004599843   0.0007632874  -0.0006220749  -0.0021225494
       -0.0006890474  -0.0018261805   0.0000307368   0.0000246769  -0.0003831737
       -0.0001039081   0.0001394133  -0.0000677359  -0.0002249277   0.0003110276
        0.0013577849   0.0009135606  -0.0013920756  -0.0002502260  -0.0002834811
       -0.0001166727   0.0003711519   0.0000983141  -0.0002749475  -0.0002407008
        0.0006705674  -0.0000344594   0.0000482678   0.0003719193   0.0000101185
        0.0001888284  -0.0003457362  -0.0012677998   0.0005766579   0.0005797875
        0.0000109815   0.0002074994   0.0001102590  -0.0000304277  -0.0001118625
       -0.0001943828   0.0000243266  -0.0008962789  -0.0011173123   0.0007550670
       -0.0000883759   0.0002606917  -0.0001927392  -0.0003279689  -0.0002038304
        0.0003464646  -0.0003342327  -0.0000426983   0.0000470648  -0.0009565565
       -0.0010550104   0.0003089274   0.0000700865  -0.0002739584   0.0003307964
        0.0000061277  -0.0000012079  -0.0000286190  -0.0000920759  -0.0000113570
        0.0001489182   0.0046971219   0.0041910703  -0.0029897588   0.0010682475
       -0.0015585346  -0.0030273407  -0.0003269710   0.0001959437   0.0024326928
        0.0000463945  -0.0000162739   0.0000299853   0.0000235723  -0.0001413551
        0.0001288060   0.0001414471  -0.0002046490   0.0001845737   0.0000183905
        0.0000817557   0.0001453152  -0.0011666069   0.0064406835  -0.0011449813
       -0.0004955702   0.0002377588   0.0008078763   0.0008224955   0.0004614413
       -0.0025302774  -0.0034394584   0.0019199740   0.0075643086   0.0000711760
       -0.0002709922   0.0003583922   0.0000996228  -0.0000642438  -0.0000442097
       -0.0000208376   0.0000435827   0.0000518471  -0.0000569460  -0.0000133487
        0.0000117118
       -0.0142689945   0.0163649441  -0.0087575059  -0.0011682852  -0.0003158576
        0.0006545942  -0.0001984215  -0.0001225513  -0.0002347968  -0.0002786413
       -0.0005217584  -0.0001939098   0.0001925870  -0.0001469352   0.0000392551
        0.0001726584   0.0002845164   0.0007003129   0.0001417382  -0.0001162056
       -0.0000301128   0.0000423655   0.0000910094   0.0000833037   0.0000030585
       -0.0000213413   0.0000595836  -0.0000381124  -0.0000250670  -0.0000483117
       -0.0000513693  -0.0000922790  -0.0000046207  -0.0000922355  -0.0000387766
       -0.0000224738  -0.0000991862  -0.0177241691   0.0022210706  -0.0841177623
       -0.0416972294   0.0473438174   0.3825162025   0.0369198461  -0.0349727344
       -0.0679313409   0.0103193557   0.0031662993  -0.0839242465  -0.0057504945
       -0.0227368097  -0.0084029726   0.0074821996   0.0181047539  -0.0059993599
        0.0157437614   0.0123728493   0.0045295307  -0.0133972903  -0.0167566723
       -0.0188811603  -0.0161485667  -0.0031607124   0.0062775172   0.0004238275
        0.0009446704  -0.0205709998  -0.0088943888  -0.0189199571   0.0013765827
        0.0007207465  -0.0013048048   0.0002440461   0.0000791798  -0.0001567170
       -0.0019270813  -0.0014248951   0.0028254853   0.0000825627  -0.0013230582
        0.0007066634   0.0002559318  -0.0001685020   0.0002249748  -0.0019903835
        0.0034267811  -0.0006371679   0.0006450704  -0.0004331667  -0.0002533235
        0.0001532807  -0.0003842270   0.0003000501  -0.0038200628  -0.0023548860
       -0.0029891586  -0.0019676918  -0.0020934754   0.0020610997   0.0004194703
        0.0002416661  -0.0002098607  -0.0000982474  -0.0001835931   0.0004284322
        0.0002288797   0.0003204240   0.0002229836  -0.0007425100   0.0016340050
        0.0015202750  -0.0002718808   0.0000438518  -0.0002808743   0.0002582329
       -0.0013512742   0.0015304116  -0.0036966376   0.0022042451  -0.0028197742
       -0.0000909044   0.0000013756  -0.0000153936   0.0001273615  -0.0000186316
       -0.0000775642   0.0003811815  -0.0055273486   0.0005938971  -0.0037908569
        0.0040162178   0.0039636595   0.0014234176  -0.0004476679  -0.0024174819
        0.0004337800  -0.0003212087  -0.0000480975   0.0000495904  -0.0000234781
       -0.0001047761   0.0000982548  -0.0000709814   0.0001767254   0.0001004708
       -0.0001841820   0.0001596125  -0.0698989208   0.0190237786   0.0157912663
       -0.0012814024   0.0001085986   0.0003483513  -0.0006353948   0.0012324804
       -0.0017489620  -0.0033813225   0.0002854071   0.0024740378  -0.0004279944
        0.0003980954  -0.0000746951  -0.0001546280   0.0000401681   0.0000631005
       -0.0000313864  -0.0000856519  -0.0000643220   0.0000766221   0.0000026573
       -0.0000399456
       -0.0022639539  -0.0101388686   0.0050099456  -0.0006611995   0.0009523267
       -0.0006907211  -0.0000215136   0.0002397226  -0.0002422536   0.0001642650
       -0.0000793484   0.0002773810   0.0000393582  -0.0000838401  -0.0001441488
       -0.0004596199  -0.0002407766  -0.0007619765   0.0001537853   0.0000153370
        0.0000109253  -0.0000014553   0.0000507841  -0.0000031310  -0.0000047739
       -0.0000203452  -0.0000805187   0.0000691481  -0.0000419037   0.0000382310
        0.0000750090   0.0000377371   0.0000343348   0.0000413604   0.0000221033
        0.0000418747   0.0005672506  -0.0274476854  -0.0058044920  -0.0447901854
       -0.1130621931   0.0709405005   0.0369198461   0.3690916651   0.0176650063
        0.0066142137  -0.0869048864  -0.0198640305  -0.0143359194  -0.0672154323
       -0.0211287884  -0.0019050629   0.0064048365   0.0062921209   0.0116131249
       -0.0251586363  -0.0205483983  -0.0008228687  -0.0124105852  -0.0177928917
       -0.0155926455  -0.0117471399  -0.0020631100  -0.0130286469  -0.0194185493
       -0.0170927122   0.0050213744   0.0087257178   0.0036585623   0.0004129537
        0.0004095257  -0.0011131993  -0.0003806866   0.0005282146   0.0002771413
       -0.0017795469  -0.0005967503   0.0021086152  -0.0003912935   0.0008623310
       -0.0004469488  -0.0001758713   0.0003331035  -0.0001123615   0.0039802550
       -0.0060655886   0.0016331265   0.0005621196   0.0006433150   0.0003109036
        0.0002371212  -0.0001990075   0.0000974161  -0.0028502172  -0.0015609475
       -0.0017059206  -0.0015730542  -0.0012643793   0.0014254628  -0.0000544658
        0.0002854868  -0.0005175764  -0.0003809529   0.0004526251   0.0007797636
       -0.0004546968   0.0012160909   0.0003250278   0.0011317358  -0.0037059045
       -0.0034966153   0.0000428405   0.0002140103   0.0000118498  -0.0005054995
        0.0005046566   0.0006949002   0.0015951188  -0.0011779124   0.0022168399
       -0.0002184677   0.0000189206  -0.0000330949   0.0001629940  -0.0000750617
       -0.0001327113  -0.0019307243   0.0032986411   0.0012911814   0.0008851781
       -0.0016518826  -0.0011509511  -0.0006687001   0.0001727490   0.0008873376
       -0.0002634963   0.0003490927  -0.0000823319   0.0000506754   0.0000270813
        0.0000226166  -0.0000859344   0.0000301884  -0.0000521171  -0.0000285382
        0.0001024522  -0.0000109044   0.0422400251  -0.0087224921  -0.0023131327
        0.0010411465  -0.0000931255  -0.0007888902  -0.0018241468   0.0000096538
        0.0022165409  -0.0058335865   0.0038737526   0.0004262234  -0.0001693390
        0.0002126837  -0.0004416069  -0.0001709984   0.0000667373  -0.0000238253
       -0.0000316959  -0.0000438915  -0.0000149581   0.0000388578  -0.0000244087
       -0.0000395105
        0.0081492116   0.0033308045  -0.0047548042   0.0002208076  -0.0005896229
        0.0004509773  -0.0000101195  -0.0001737727   0.0000684309  -0.0001185984
        0.0000428770  -0.0002328436  -0.0000756927   0.0000581896   0.0000596288
        0.0003672701   0.0001224262   0.0003103260  -0.0000727298  -0.0000294040
        0.0000291660   0.0000091725  -0.0000984209   0.0000774256   0.0000454586
       -0.0000020524   0.0001088398   0.0000228085  -0.0000445467  -0.0000077241
       -0.0000091148  -0.0000423971   0.0000267840   0.0000340157  -0.0000700712
        0.0000007743  -0.0122019812   0.0012545408  -0.0291236406   0.0511995262
        0.0692603391  -0.1356597986  -0.0349727344   0.0176650063   0.3935045919
        0.0084544572  -0.0318131803  -0.0751517037  -0.0165000024  -0.0129312138
       -0.0812437283   0.0127518758  -0.0073975010  -0.0222105230   0.0027083541
       -0.0039493635   0.0036543815  -0.0019778110  -0.0167505312  -0.0215633631
        0.0103715941   0.0087954902   0.0068216800  -0.0126995709  -0.0183726805
       -0.0144636168  -0.0181487596  -0.0090997683  -0.0147916548  -0.0010968040
       -0.0012399001   0.0008605307  -0.0001453042  -0.0004983921   0.0003242472
        0.0020292024   0.0014720307  -0.0024756484   0.0005913271   0.0006602806
        0.0000497363  -0.0000681272  -0.0000753231   0.0003909955  -0.0000488223
        0.0010305609  -0.0001442636   0.0009818787  -0.0001690442   0.0007999795
        0.0007608887   0.0005033477   0.0002803899  -0.0027654274  -0.0021905470
       -0.0026214002   0.0026893153   0.0022068561  -0.0016767548   0.0004577998
        0.0000498511   0.0004200528  -0.0001681491   0.0006473166  -0.0003861625
       -0.0005678365   0.0002634909   0.0006256601   0.0019429224  -0.0032575826
       -0.0034927983  -0.0001254979   0.0000019437  -0.0003161399   0.0004297613
       -0.0003548762   0.0001904664  -0.0039011952   0.0025129890  -0.0030924811
        0.0002023352  -0.0001002396  -0.0000432266  -0.0002461227  -0.0000791795
       -0.0000071164   0.0010178303  -0.0013379064  -0.0001634831  -0.0000902924
       -0.0003234281   0.0002933338  -0.0001125703  -0.0001990601   0.0001901593
        0.0002354494  -0.0001611757   0.0000939063  -0.0000843952   0.0000552949
        0.0000057068   0.0000619618   0.0001339783   0.0000173033  -0.0000052204
       -0.0000408118  -0.0000043569  -0.0088266053   0.0067076370   0.0047746220
       -0.0005444964   0.0000160001   0.0007236524   0.0021487512  -0.0005060013
       -0.0018115425   0.0072073479  -0.0044300478  -0.0000258064   0.0003499608
       -0.0004200443   0.0004480657   0.0002247577  -0.0001352746  -0.0000929063
        0.0000114606   0.0000726421  -0.0000384957  -0.0000935211   0.0000194675
       -0.0000058305
        0.0001827108  -0.0003038127   0.0025810731   0.0000107167  -0.0000959969
       -0.0000600484  -0.0001406435   0.0000032583  -0.0000426587  -0.0000202304
       -0.0000455694   0.0000873520  -0.0000077185   0.0000805935  -0.0000001984
       -0.0001917702   0.0000745228  -0.0000915845  -0.0000208766   0.0000328421
        0.0000560334  -0.0000111049   0.0000389620   0.0000415191  -0.0000169804
        0.0000556773   0.0000024488  -0.0000386461   0.0000433515   0.0000812097
       -0.0000156578   0.0000808450   0.0000430668  -0.0000282671   0.0000674349
        0.0000670387  -0.0011257684   0.0043356416   0.0057691361  -0.0129769888
        0.0045613771   0.0199929587  -0.0679313409   0.0066142137   0.0084544572
        0.4762403199   0.0225699010   0.0138646280   0.0085971843  -0.0070821548
       -0.0096933278  -0.0951784445  -0.0339723078   0.0397564536  -0.0893515529
        0.0426055138  -0.0217415815  -0.1512979448  -0.0290597977  -0.0465939547
        0.0010387289   0.0011785101   0.0007886704  -0.0023801144  -0.0026247727
       -0.0020025352   0.0000612354  -0.0004748391   0.0000721176  -0.0175075125
       -0.0155977710   0.0107779001   0.0071438532   0.0069390959  -0.0092232716
       -0.0074649545  -0.0047734116   0.0110422267   0.0072263017  -0.0117949027
        0.0050042133  -0.0153209952   0.0215110438  -0.0104459415  -0.0018894395
        0.0055300896  -0.0003096365  -0.0173498318  -0.0022322999  -0.0103156391
       -0.0180202906  -0.0086058281  -0.0061641357   0.0044724507   0.0009534087
        0.0019588347  -0.0001102375   0.0001300029   0.0001928641  -0.0000215529
        0.0000305965  -0.0000793958  -0.0000398535   0.0000879713   0.0001540241
       -0.0001013829   0.0001959883   0.0000806246   0.0003049183  -0.0009188588
       -0.0007922733  -0.0006384400   0.0002481321  -0.0002119667   0.0001120390
        0.0000046560  -0.0001901455  -0.0003257360   0.0001864541  -0.0001609030
        0.0001135362   0.0003045918   0.0002800523  -0.0031863604  -0.0024030958
       -0.0019029632  -0.0004087601   0.0006863028  -0.0000850744   0.0005425436
       -0.0005077010   0.0000898071  -0.0004061471   0.0004564420  -0.0002851301
       -0.0001768224   0.0000881826  -0.0000905901  -0.0000296061   0.0000170434
        0.0000300971   0.0000097342  -0.0000183389  -0.0000866213   0.0000031346
        0.0000702104  -0.0000494079  -0.0013814365   0.0001904340  -0.0006354204
        0.0001290870  -0.0000592969  -0.0001304568  -0.0003508552   0.0000905296
        0.0004406600  -0.0008313920   0.0002518248  -0.0003921099   0.0000268042
        0.0001188761  -0.0000554142  -0.0000051623   0.0000656005   0.0000496380
        0.0000360817   0.0000286856   0.0000365129   0.0000494393   0.0000419475
        0.0000367679
        0.0011018118   0.0014346150   0.0001425438   0.0002506050   0.0000485810
        0.0004900533   0.0000475153  -0.0002812716  -0.0000204345  -0.0000136809
        0.0001416983  -0.0001443699   0.0000326644  -0.0000072715  -0.0000075786
        0.0001752588   0.0001231283   0.0001045633  -0.0000034255  -0.0000073888
       -0.0000159821  -0.0000314040   0.0000540987   0.0000548544  -0.0000289576
       -0.0000685615   0.0000783184  -0.0000453343  -0.0000415482  -0.0000298281
       -0.0000497088  -0.0000271454   0.0000323632  -0.0000266226  -0.0000385359
        0.0000248851   0.0063126209  -0.0062028910  -0.0059226713  -0.0085850446
        0.0079110986   0.0132242571   0.0103193557  -0.0869048864  -0.0318131803
        0.0225699010   0.4531086076  -0.0560791649   0.0010902198  -0.0082601592
       -0.0059439824  -0.0319540229  -0.0952687607   0.0405640024   0.0411175874
       -0.1353164246   0.0384849765  -0.0303331455  -0.0707965735  -0.0122297807
        0.0007445573   0.0012765815   0.0006057737  -0.0013450246  -0.0006744306
       -0.0010367096   0.0005014808   0.0004083881   0.0005719309  -0.0119911675
       -0.0094468295   0.0058556411  -0.0096943657  -0.0154109447   0.0182307509
        0.0093000635   0.0075900043  -0.0114199119   0.0033020379  -0.0151221652
        0.0085776417  -0.0005880617   0.0050625397  -0.0011547328   0.0092611354
       -0.0213447006   0.0040875660   0.0186432632   0.0047864709   0.0106973562
       -0.0155243571  -0.0067995246  -0.0062483420  -0.0126826962  -0.0067357345
       -0.0099497265   0.0001956985   0.0001686541   0.0000697721   0.0001265170
       -0.0006850663   0.0001454419  -0.0001035399  -0.0000808184   0.0000270131
        0.0000320864  -0.0000753421  -0.0001064365   0.0003338476  -0.0002281695
       -0.0004679187   0.0004860835   0.0003043197   0.0000183044  -0.0001533125
        0.0000977064   0.0004441805   0.0001954162  -0.0002461363   0.0001048041
        0.0010615143   0.0002863425   0.0002437624  -0.0021149643  -0.0011605537
       -0.0011129277   0.0004612925  -0.0031062435  -0.0001148497  -0.0017699845
        0.0024370204   0.0025397143   0.0012226729  -0.0005212678  -0.0018194228
        0.0002342311  -0.0001665738  -0.0001305822   0.0000563625   0.0000894425
       -0.0000543271  -0.0000030748   0.0000724684   0.0001154834   0.0000403255
       -0.0001444599   0.0001293438  -0.0018652960  -0.0003584778   0.0007273196
       -0.0000445248  -0.0000368554  -0.0004951468   0.0007561952  -0.0005785982
        0.0010884296  -0.0008202152   0.0005606818  -0.0009808293  -0.0001635296
        0.0001053260  -0.0000663168  -0.0000328847   0.0000256211  -0.0000368909
        0.0000181115   0.0000357335  -0.0000566622  -0.0000220871   0.0000151821
       -0.0000223411
        0.0005735492   0.0020041645  -0.0016252696   0.0004268148   0.0003100886
        0.0006167802  -0.0000899118  -0.0002666809  -0.0001466338  -0.0000636641
       -0.0000001128  -0.0002252874   0.0000229505   0.0000008739  -0.0001044002
       -0.0000281466   0.0001077595   0.0002018665   0.0000111107  -0.0000276674
       -0.0000057941   0.0000423877   0.0000436086  -0.0000146143  -0.0000155276
        0.0000222999  -0.0000316058  -0.0000850669   0.0000547335  -0.0000554480
       -0.0000424753  -0.0000049246  -0.0000641670  -0.0000417829   0.0000462686
       -0.0000414981   0.0104499850  -0.0039337028   0.0043947598   0.0216087108
       -0.0033267574  -0.0295938395   0.0031662993  -0.0198640305  -0.0751517037
        0.0138646280  -0.0560791649   0.4243194877  -0.0018483875  -0.0088317330
       -0.0086617532   0.0373684997   0.0400338988  -0.1060557290  -0.0226127779
        0.0416077967  -0.0806556511  -0.0458198733  -0.0132451163  -0.0853251425
        0.0008709557   0.0007227820   0.0004961998  -0.0004391641   0.0000905042
        0.0002362477   0.0005888511   0.0002358087   0.0006807075  -0.0018696805
       -0.0036377471   0.0092372606   0.0065522877   0.0110343336  -0.0121566512
        0.0137138080   0.0086012015  -0.0179800982  -0.0084345114   0.0201341601
       -0.0097411758  -0.0070424640   0.0091405767  -0.0052143164   0.0088755906
       -0.0181691837   0.0054518232  -0.0097762719  -0.0010596429  -0.0065894858
        0.0127589190   0.0045161034   0.0085841156  -0.0190684721  -0.0099209972
       -0.0146234028   0.0001165120   0.0000398813  -0.0002762742   0.0000655574
       -0.0000382252   0.0000651371   0.0001136160  -0.0000603581  -0.0002587866
       -0.0000103309  -0.0001326028   0.0001381537   0.0003400170  -0.0001305721
       -0.0000728124  -0.0002564294   0.0001278505   0.0002023077   0.0000875636
        0.0003437762  -0.0005514857   0.0000849206   0.0000480796  -0.0000130864
       -0.0002176950   0.0001447361   0.0003999552  -0.0026968412  -0.0019217606
       -0.0006270362   0.0002959397  -0.0020475612  -0.0003245336  -0.0007634075
        0.0016837673   0.0016502782   0.0002238804  -0.0003081850  -0.0016769119
        0.0000652666  -0.0001775542  -0.0000883153   0.0000120985  -0.0000631319
       -0.0000539226  -0.0000112867  -0.0000092866  -0.0001064516   0.0000221547
       -0.0001086954  -0.0000198052  -0.0091217731   0.0017095212   0.0009644970
       -0.0000846655   0.0001228436  -0.0007976165   0.0009279841  -0.0008923231
        0.0017581501  -0.0025062422   0.0011391790  -0.0005460796  -0.0002426875
        0.0001915408  -0.0000305347  -0.0000789596   0.0000459398   0.0000501413
        0.0000210161  -0.0000197187   0.0000375936  -0.0000033775  -0.0000266418
        0.0000218576
        0.0000633260  -0.0018130552   0.0012334471  -0.0001887873   0.0000950889
       -0.0001989406  -0.0000160988   0.0000222307  -0.0001900554  -0.0000604000
       -0.0001729861   0.0000854688   0.0000491466   0.0000039659  -0.0001175969
       -0.0001411821  -0.0000094921  -0.0001219995   0.0000096346  -0.0000843029
       -0.0000426740   0.0000053925   0.0000079749  -0.0000189285  -0.0000081967
       -0.0000460017  -0.0000686022   0.0000273753  -0.0000151106   0.0000003223
        0.0000460735   0.0000290203  -0.0000328791   0.0000489954   0.0000173779
       -0.0000052434  -0.0103291416  -0.0024455166  -0.0048866535  -0.0239879785
       -0.0174760584   0.0024715363  -0.0839242465  -0.0143359194  -0.0165000024
        0.0085971843   0.0010902198  -0.0018483875   0.4349893820  -0.0321468240
       -0.0367201976   0.0000843682  -0.0004471351  -0.0005139833   0.0000982585
        0.0003464475   0.0007985996  -0.0001289242   0.0016999199   0.0024046978
       -0.0923214368  -0.0292944676   0.0409750721  -0.0937925064   0.0415479948
        0.0344759536  -0.0965354691   0.0372323281  -0.0341342616  -0.0088640177
       -0.0023656753   0.0131471208  -0.0001189452   0.0001829119  -0.0002099733
       -0.0002708819  -0.0001402902   0.0000124421   0.0000593365  -0.0000419244
        0.0001155522  -0.0005963732   0.0004771029   0.0001039223  -0.0003349407
        0.0003272171  -0.0000952222  -0.0001945648   0.0000036355  -0.0001915517
       -0.0002155075  -0.0002474194   0.0000336273   0.0004271259   0.0003557705
        0.0006605963  -0.0157389779  -0.0150177364   0.0132783814   0.0074983957
        0.0080382642  -0.0094154910  -0.0091789205   0.0095271780   0.0114923499
       -0.0112404029   0.0145948539   0.0092448961   0.0072454363  -0.0125645046
       -0.0106596144  -0.0139850993   0.0134767569  -0.0113270957   0.0093234286
       -0.0081794471   0.0083892973  -0.0087180896   0.0060035194  -0.0118338841
       -0.0002314005   0.0000044042  -0.0001582071  -0.0005322706   0.0014478424
        0.0016236997  -0.0005676366   0.0010605072  -0.0001337953   0.0005930459
       -0.0006906071   0.0003310939  -0.0000405075   0.0003578430  -0.0002661936
       -0.0002432287   0.0001921176  -0.0002004941  -0.0000182788   0.0000146725
        0.0000237800  -0.0000243103   0.0000404658  -0.0001094672  -0.0000096948
        0.0000512205  -0.0000256868   0.0028762638  -0.0002389365  -0.0007764943
        0.0001635044  -0.0001708387   0.0001846914  -0.0006978382   0.0005048140
       -0.0005292491   0.0009201925  -0.0005982636   0.0004194186   0.0001577183
       -0.0001180307  -0.0000659776   0.0000080773  -0.0000329415  -0.0000401421
       -0.0000368105  -0.0000372336  -0.0000334879   0.0000014038  -0.0000229475
       -0.0000335338
        0.0008117632   0.0005172198   0.0019884301  -0.0000407474  -0.0002950370
       -0.0002385853   0.0000699887   0.0001240941  -0.0000230223  -0.0000645095
       -0.0001071498   0.0000758422  -0.0000300666   0.0000901446  -0.0000590644
        0.0000077921   0.0000961376  -0.0000411633  -0.0000640125  -0.0000378963
       -0.0000051126  -0.0000259339  -0.0000121296  -0.0000223978  -0.0000531789
        0.0000147838  -0.0000796607   0.0000144783   0.0000492614   0.0000364680
       -0.0000001763   0.0000519620  -0.0000387466   0.0000117806   0.0000680886
       -0.0000026368  -0.0053556044   0.0099249897   0.0026470128  -0.0242545587
       -0.0165009267   0.0024679103  -0.0057504945  -0.0672154323  -0.0129312138
       -0.0070821548  -0.0082601592  -0.0088317330  -0.0321468240   0.4453303684
       -0.0368984315  -0.0005019908   0.0008044311   0.0011888659  -0.0002982357
        0.0006133580   0.0002510033   0.0006127496  -0.0006078072  -0.0010259400
       -0.0276727035  -0.0892724958   0.0390876457   0.0398750600  -0.1114585135
       -0.0409303240   0.0395613675  -0.1051747290   0.0436206208   0.0064948479
        0.0098058349  -0.0083624463  -0.0000226700   0.0000017053   0.0000751208
       -0.0000868848  -0.0001803163   0.0000766116  -0.0002368293  -0.0005220282
        0.0002412293   0.0006646080  -0.0001250571   0.0000356980   0.0000672387
       -0.0000697072   0.0001277517   0.0000953010   0.0001661956   0.0000219062
       -0.0001691809  -0.0001339418   0.0000354067  -0.0005502578  -0.0000791365
       -0.0002180592  -0.0109041638  -0.0096612672   0.0086653860  -0.0093185538
       -0.0140390778   0.0163081951  -0.0047326497   0.0084008779   0.0058596420
        0.0098772423  -0.0137815727  -0.0073020577   0.0070865593  -0.0154200702
       -0.0131375441   0.0106000019  -0.0103781367   0.0074653464   0.0098771661
       -0.0142966018   0.0153227412  -0.0079784894   0.0077086840  -0.0093778347
        0.0005050598   0.0002461296   0.0002019537   0.0018875462  -0.0017287844
       -0.0032520356   0.0000812050   0.0001626078  -0.0003987580   0.0000045935
       -0.0004781089   0.0003134101   0.0001553598   0.0001638940  -0.0002033028
       -0.0000583206   0.0000379685  -0.0001776967   0.0000146322  -0.0000114175
       -0.0000601758  -0.0000204740  -0.0000267786   0.0000384065  -0.0000279722
       -0.0000606962  -0.0000419979   0.0072159684  -0.0035184283  -0.0021594870
        0.0000467416  -0.0002389823   0.0004773727  -0.0005183019   0.0008555540
       -0.0010918784   0.0019871440  -0.0013507286   0.0000772469   0.0002270427
       -0.0001736065   0.0000955584   0.0000859803  -0.0000059295   0.0000313863
        0.0000273734  -0.0000213191   0.0000279132  -0.0000006523   0.0000096788
        0.0000492246
       -0.0000700316   0.0017353334   0.0017897660   0.0000193503  -0.0001887917
       -0.0003582171  -0.0000089218   0.0000349568  -0.0001348953   0.0000278071
       -0.0000375041   0.0001849584  -0.0000126094   0.0000333157  -0.0000239461
       -0.0000839401  -0.0000157330  -0.0000563409  -0.0000477340  -0.0000398274
        0.0000441327   0.0000127649   0.0000133183   0.0000211846  -0.0000619145
       -0.0000654642  -0.0000153703  -0.0000238825  -0.0000349660   0.0000296881
        0.0000222847   0.0000349853   0.0000395144   0.0000031872  -0.0000042961
        0.0000563427  -0.0084765994  -0.0008537046  -0.0023146431   0.0194586246
        0.0129652663   0.0049973893  -0.0227368097  -0.0211287884  -0.0812437283
       -0.0096933278  -0.0059439824  -0.0086617532  -0.0367201976  -0.0368984315
        0.4666376210  -0.0001539875   0.0009229226   0.0018501145  -0.0000793401
        0.0006923563   0.0004337416   0.0009139214  -0.0021768083  -0.0023557373
        0.0397968877   0.0405828082  -0.1146839699   0.0350914634  -0.0394806314
       -0.0976047702  -0.0340510993   0.0403587254  -0.1014791559   0.0142842007
        0.0050034647  -0.0191399793  -0.0002451620   0.0002192965  -0.0005531668
       -0.0000203962   0.0001653587   0.0002430585   0.0001727342   0.0001729543
        0.0000527564  -0.0001402356   0.0000825024   0.0004888305  -0.0001012288
        0.0001087409  -0.0001312873  -0.0000022702  -0.0000217061  -0.0000241383
        0.0001043272   0.0000421571  -0.0000451551  -0.0008184584  -0.0004798295
       -0.0003934328  -0.0064090095  -0.0056322529   0.0074143456   0.0069667823
        0.0125717378  -0.0135831897   0.0128789429  -0.0133289799  -0.0161399671
       -0.0064839578   0.0089498958   0.0077345136   0.0043259374  -0.0104944526
       -0.0090366941   0.0072655037  -0.0069591047   0.0091967995  -0.0059527719
        0.0114406257  -0.0121302624  -0.0128542131   0.0097151762  -0.0163449184
       -0.0007482293   0.0006571683   0.0006433802   0.0016664931  -0.0023184150
       -0.0029347183   0.0000847281   0.0011005114  -0.0008702344   0.0008498948
       -0.0006720405   0.0003197047  -0.0000990572   0.0002985574  -0.0001327570
       -0.0002403858   0.0001438990  -0.0001638408   0.0000309131   0.0000460627
        0.0000683956  -0.0000681192   0.0000968657  -0.0001247932  -0.0000088328
        0.0000341571   0.0000007738   0.0022313865  -0.0011786191  -0.0012923483
        0.0000304247  -0.0001867743   0.0001981650  -0.0006491730   0.0006850407
       -0.0007403378   0.0005821704  -0.0006707255   0.0002506398   0.0001714698
       -0.0000961905   0.0000111532   0.0000295146  -0.0000079788  -0.0000088043
        0.0000149554  -0.0000073408  -0.0000148502   0.0000252256   0.0000151782
        0.0000304336
        0.0002245290  -0.0003898086   0.0002852557  -0.0000151512   0.0000154211
       -0.0000300889  -0.0000032279  -0.0000781524   0.0000070287   0.0000568714
        0.0000891022  -0.0000258664   0.0000335896   0.0000198380   0.0000434514
       -0.0000450227  -0.0000186879   0.0000052527   0.0000110167   0.0000259876
       -0.0000191795   0.0000059716   0.0000142117  -0.0000295074   0.0000131851
        0.0000175512  -0.0000072978  -0.0000078129  -0.0000095838  -0.0000259215
        0.0000050679   0.0000036778  -0.0000201917   0.0000076887  -0.0000015548
       -0.0000132246   0.0000794653  -0.0002158090   0.0003302567  -0.0009618121
        0.0008115175   0.0020071536  -0.0084029726  -0.0019050629   0.0127518758
       -0.0951784445  -0.0319540229   0.0373684997   0.0000843682  -0.0005019908
       -0.0001539875   0.4757996331  -0.0338601894   0.0071699281   0.0066101032
        0.0054130433  -0.0061928003  -0.0211109347  -0.0163581257   0.0121045693
        0.0065044737   0.0007646177   0.0001059851  -0.0000315071  -0.0001409939
       -0.0001410130  -0.0001853176  -0.0000672191  -0.0000771758  -0.1382366314
       -0.0450497584  -0.0458556589  -0.1164705541   0.0855845091  -0.0574055512
       -0.0721014912   0.0530023041   0.0557734344  -0.0009446878   0.0025065076
       -0.0012281355   0.0001708984   0.0000011029  -0.0002994425   0.0000494858
        0.0002528612  -0.0002020065   0.0002353159  -0.0007250965   0.0009125930
       -0.0039855882  -0.0018222550  -0.0018941122   0.0004905252   0.0003432694
        0.0010136148   0.0002393973   0.0017333928   0.0019600735   0.0007487764
        0.0004985271   0.0008776685  -0.0000317372  -0.0000298936   0.0000112836
        0.0000091783   0.0000363526   0.0000186031   0.0000312472   0.0000087791
       -0.0000741054  -0.0000415796   0.0000687251  -0.0000526288  -0.0000012737
        0.0000081594   0.0000319582  -0.0000014221   0.0000115938  -0.0000251338
       -0.0184656278  -0.0077712125  -0.0120377076  -0.0152381920  -0.0104003817
       -0.0066269835  -0.0000254708  -0.0000367269   0.0000283726  -0.0001278666
        0.0001828609  -0.0000404488   0.0001042665  -0.0000944963   0.0000920170
        0.0000067462   0.0000001799   0.0000269700   0.0000034457  -0.0000058021
       -0.0000016597  -0.0000186299   0.0000052168   0.0000165725  -0.0000205661
       -0.0000143597   0.0000105820   0.0002798832  -0.0000711408  -0.0002816447
        0.0000280285   0.0000291105  -0.0000937960  -0.0000071702  -0.0000749907
        0.0001645274  -0.0001383609   0.0001262263  -0.0001639789  -0.0000191763
        0.0000158862  -0.0000380436  -0.0000160556   0.0000072562  -0.0000190077
       -0.0000025956  -0.0000004869  -0.0000179930   0.0000037224   0.0000000135
       -0.0000232347
       -0.0008018819   0.0004929807  -0.0004436494  -0.0001588436  -0.0001311060
       -0.0001301137   0.0000319871   0.0000692751  -0.0000013542  -0.0000056126
        0.0000210749   0.0000355451  -0.0000029957   0.0000187239   0.0000111414
        0.0000343156   0.0000042114  -0.0000435150   0.0000011510   0.0000289668
       -0.0000100637  -0.0000151270  -0.0000114590  -0.0000159488  -0.0000025347
        0.0000132328   0.0000010953   0.0000152077   0.0000260269   0.0000128706
       -0.0000062583   0.0000171062  -0.0000125128  -0.0000080501   0.0000225465
       -0.0000106832  -0.0007408873   0.0007244426  -0.0006742775   0.0036137587
       -0.0005258962  -0.0048394666   0.0074821996   0.0064048365  -0.0073975010
       -0.0339723078  -0.0952687607   0.0400338988  -0.0004471351   0.0008044311
        0.0009229226  -0.0338601894   0.5002833959   0.0232521003  -0.0101459041
       -0.0159599812   0.0166007212  -0.0110660425  -0.0076774868   0.0054302126
       -0.0124246147  -0.0141978166  -0.0151028415  -0.0000611420  -0.0001212605
        0.0000874730  -0.0000660938  -0.0001631628  -0.0000126650  -0.0442588484
       -0.0946541463  -0.0258138591   0.0863189084  -0.1414364879   0.0655231325
        0.0523996713  -0.1323845528  -0.0969862183   0.0019263581  -0.0039033940
        0.0017982827  -0.0006987252   0.0008319042  -0.0003295516  -0.0003352620
        0.0001786247   0.0003699595   0.0010935632   0.0004675844   0.0000795804
       -0.0019267747  -0.0004991946  -0.0007412161  -0.0002509081   0.0002033176
        0.0005395225   0.0011444543  -0.0022716660  -0.0034117852  -0.0009151681
        0.0003082430  -0.0003261555  -0.0000038091   0.0000040449   0.0001017567
        0.0000263032   0.0000244682  -0.0000139265   0.0000245937  -0.0000060206
        0.0000245311  -0.0000041485   0.0001194284  -0.0000341175  -0.0000399527
       -0.0000474904   0.0000345202   0.0000104204  -0.0000267974  -0.0000228969
        0.0132708415   0.0087652643   0.0079809118  -0.0158656696  -0.0100785458
       -0.0067884208   0.0000571126   0.0004997929  -0.0000461938   0.0002532826
       -0.0005415912  -0.0003590848  -0.0002168057   0.0000536877   0.0003137635
       -0.0000424751   0.0000042349   0.0000129303  -0.0000142389  -0.0000240338
       -0.0000052295   0.0000039536  -0.0000478882  -0.0000411693  -0.0000091205
        0.0000246121  -0.0000424749   0.0002819153  -0.0002600205   0.0002105740
       -0.0000447400  -0.0000678484   0.0002235192  -0.0000594976   0.0001984531
       -0.0004535188   0.0004087872  -0.0002456649   0.0003688743   0.0000453027
       -0.0000571069   0.0000667742   0.0000291477  -0.0000116272   0.0000231870
        0.0000034126   0.0000022023   0.0000256183  -0.0000048834   0.0000038924
        0.0000249921
       -0.0004854000   0.0000064655  -0.0003846527  -0.0000377484   0.0000089082
       -0.0000194705  -0.0000578047   0.0000009293  -0.0000154835   0.0000380208
        0.0000434108  -0.0000102658  -0.0000051253   0.0000038907   0.0000379019
       -0.0000218560  -0.0000380971   0.0000004947   0.0000080659   0.0000372391
       -0.0000004508   0.0000094961  -0.0000093023  -0.0000076104   0.0000119345
        0.0000118050   0.0000396457  -0.0000038030  -0.0000034338   0.0000008101
        0.0000075430  -0.0000036241   0.0000106759  -0.0000049654  -0.0000055110
        0.0000043823  -0.0000966964  -0.0000487929  -0.0000023229   0.0034058616
       -0.0016802995  -0.0050694558   0.0181047539   0.0062921209  -0.0222105230
        0.0397564536   0.0405640024  -0.1060557290  -0.0005139833   0.0011888659
        0.0018501145   0.0071699281   0.0232521003   0.4885404578   0.0056384433
        0.0104599790  -0.0095175758  -0.0058331982  -0.0042441887   0.0055385685
       -0.0142758255  -0.0163406166  -0.0157884998   0.0000134927   0.0000315972
        0.0002976687   0.0001940109   0.0000940740   0.0001217274  -0.0483989284
       -0.0281071598  -0.0933694759  -0.0568424900   0.0651072737  -0.0905607374
        0.0557918917  -0.0973165168  -0.1503506402  -0.0007422266   0.0021405766
       -0.0007393519   0.0004488459  -0.0004526208   0.0002919016   0.0000757625
       -0.0006079880   0.0001255497  -0.0006256442  -0.0007003692   0.0003021337
       -0.0023640497  -0.0007811888  -0.0009214627  -0.0007148755  -0.0002355019
        0.0004181041   0.0010344522  -0.0034246645  -0.0033538432  -0.0002787393
        0.0008709817   0.0006865833   0.0000206873   0.0000782185   0.0000653705
       -0.0000062018   0.0000231685   0.0000169246  -0.0000326088   0.0000172072
        0.0000568429  -0.0002627413   0.0000244191  -0.0000940999   0.0001112304
        0.0000214369  -0.0000449986  -0.0000114593   0.0000339874   0.0000511094
       -0.0132121982  -0.0054989441  -0.0079509795   0.0131587705   0.0089394557
        0.0077887921   0.0000552277   0.0003005304   0.0000348698   0.0000868977
       -0.0002436462  -0.0003129339  -0.0001079301  -0.0000806281   0.0003670706
        0.0000247889   0.0000044550   0.0000489948   0.0000067300   0.0000007232
        0.0000014095   0.0000333103   0.0000018822   0.0000116148  -0.0000000237
       -0.0000017045  -0.0000071182  -0.0005076446   0.0003509066  -0.0000737770
       -0.0000179467   0.0000333684  -0.0000150117   0.0000800255  -0.0000671032
        0.0000443342   0.0001567492  -0.0000415987   0.0000856654  -0.0000002578
       -0.0000103266   0.0000140043   0.0000033655  -0.0000052800   0.0000051868
        0.0000103473   0.0000034248   0.0000065575   0.0000052852   0.0000017031
        0.0000110034
        0.0004051732   0.0002010185  -0.0005362223  -0.0000262127  -0.0000326461
       -0.0000368146   0.0000228720   0.0000628567   0.0000544384   0.0000277267
        0.0000069636  -0.0000317117  -0.0000001131  -0.0000252050   0.0000237156
       -0.0000208692  -0.0000758992   0.0000155106   0.0000290815   0.0000061803
        0.0000151314  -0.0000145490  -0.0000185988  -0.0000105775   0.0000230574
       -0.0000042446  -0.0000113039   0.0000113964  -0.0000118146   0.0000117978
       -0.0000045005  -0.0000195433  -0.0000110485   0.0000032229  -0.0000144484
       -0.0000097836   0.0009715811   0.0000262382   0.0008335656  -0.0004253083
        0.0018736430  -0.0001645973  -0.0059993599   0.0116131249   0.0027083541
       -0.0893515529   0.0411175874  -0.0226127779   0.0000982585  -0.0002982357
       -0.0000793401   0.0066101032  -0.0101459041   0.0056384433   0.5237828538
        0.0254885037  -0.0043067034  -0.0196912304   0.0186802427  -0.0147569554
       -0.0001519791  -0.0000724203   0.0000656179   0.0001040734   0.0001387967
        0.0001114051  -0.0002578086   0.0010378241   0.0007913925   0.0001697297
        0.0003316308   0.0000001435  -0.0011709718  -0.0023368107   0.0023766679
        0.0004862752  -0.0003775653  -0.0001839177  -0.1227396943  -0.0559141123
        0.0942592166  -0.2406503489  -0.0428312099  -0.0756300681  -0.0459915695
        0.0121242179   0.0146496071  -0.0046165213  -0.0002933433  -0.0032742315
        0.0005040609   0.0010880780  -0.0002801941  -0.0000499165   0.0007034141
        0.0002811110  -0.0000014429  -0.0000459266  -0.0000491854  -0.0000660876
        0.0000621329  -0.0000123817   0.0000055604   0.0000214403  -0.0000347942
       -0.0000187449  -0.0000184338   0.0000107781  -0.0000144723   0.0000145696
        0.0000455614  -0.0005550869  -0.0012372306  -0.0009238806   0.0001655711
        0.0000991699  -0.0000289101  -0.0000007738   0.0002062420   0.0002162586
       -0.0003796970  -0.0008494186   0.0003355110   0.0000340860  -0.0001109160
       -0.0000419984   0.0001267229  -0.0002262611   0.0001128725  -0.0002991488
        0.0001740799  -0.0002031927  -0.0002382995  -0.0002066856   0.0004176077
        0.0000674040   0.0000058995  -0.0000151588   0.0000457899  -0.0000226549
        0.0000075194   0.0000042877   0.0000095125   0.0000745457  -0.0000207632
       -0.0000632107   0.0000351356  -0.0006766809   0.0001359770   0.0002036993
       -0.0000446271   0.0000184933  -0.0000112637   0.0000439290  -0.0000397947
        0.0000035386  -0.0001897706   0.0000832041   0.0000075851  -0.0000350764
        0.0000008682  -0.0000094261  -0.0000166195  -0.0000126297  -0.0000106362
       -0.0000133688  -0.0000139485  -0.0000127916  -0.0000096507  -0.0000127974
       -0.0000168642
       -0.0013625907  -0.0002501031   0.0006549078  -0.0000082274  -0.0000260804
       -0.0001142958   0.0000191604   0.0000715691   0.0000132510   0.0000065346
       -0.0000213216   0.0000335232  -0.0000194015   0.0000039239   0.0000097153
        0.0000020227  -0.0000428338  -0.0000436321  -0.0000031495   0.0000209702
        0.0000037791   0.0000003140  -0.0000244118  -0.0000124057   0.0000137146
        0.0000170322   0.0000014163   0.0000186335   0.0000128442   0.0000109956
        0.0000159608   0.0000110942  -0.0000047688   0.0000112726   0.0000118242
       -0.0000067157  -0.0030235561   0.0008223821  -0.0019495088   0.0000224921
       -0.0007958158   0.0005145076   0.0157437614  -0.0251586363  -0.0039493635
        0.0426055138  -0.1353164246   0.0416077967   0.0003464475   0.0006133580
        0.0006923563   0.0054130433  -0.0159599812   0.0104599790   0.0254885037
        0.4531081082   0.0153340784   0.0012999901   0.0016297365   0.0004953523
        0.0001235162   0.0001481826  -0.0000701212  -0.0002163244  -0.0001053477
       -0.0001450700  -0.0007798310  -0.0002247324  -0.0004970182   0.0001020396
        0.0003842075  -0.0002870273  -0.0015826862  -0.0016527294   0.0019789960
        0.0005875785   0.0004347300  -0.0008463670  -0.0561263050  -0.0823622862
        0.0680962400  -0.0421083256  -0.0521996197  -0.0153226632   0.0120099770
       -0.1408449389  -0.1139285769  -0.0009886603   0.0003593203  -0.0008162547
       -0.0004990472   0.0003444081  -0.0005946889  -0.0005651052   0.0001081912
       -0.0003169842   0.0000180716  -0.0000002029   0.0000250532   0.0000227138
       -0.0000330297  -0.0000177525  -0.0000091467  -0.0000098137   0.0000768031
       -0.0000101636   0.0000150403  -0.0000355613  -0.0000129748  -0.0000634316
       -0.0000659323   0.0000258579  -0.0011420172  -0.0010133499  -0.0000513205
       -0.0002423623   0.0000626267   0.0002582849  -0.0004352297  -0.0003252429
        0.0000687519  -0.0005442491   0.0001662827   0.0001137280  -0.0000481672
        0.0000946963  -0.0001828988   0.0007608137   0.0000987607   0.0002193604
       -0.0009021251  -0.0006275911  -0.0003408704   0.0003672222   0.0006916638
        0.0000099400  -0.0000013134  -0.0000048942   0.0000008104   0.0000164896
       -0.0000051095   0.0000282013  -0.0000421227   0.0000286432   0.0000187486
        0.0000451557  -0.0000703623   0.0026370441  -0.0005466193  -0.0001645304
        0.0000431483  -0.0000123917   0.0001185972  -0.0000671027   0.0000748527
       -0.0001989858   0.0006008324  -0.0002657733   0.0000808748   0.0000476709
       -0.0000641691   0.0000332554   0.0000187388  -0.0000216649   0.0000134615
       -0.0000026578  -0.0000134991   0.0000218198  -0.0000020340  -0.0000080118
        0.0000153411
       -0.0007335362  -0.0003734806   0.0001487646  -0.0001286731  -0.0000460026
       -0.0001351399  -0.0000000469   0.0001058570   0.0000118163   0.0000297709
       -0.0000281126   0.0000419217  -0.0000166073  -0.0000114279   0.0000143821
       -0.0000112378  -0.0000581321  -0.0000567260   0.0000034994  -0.0000017525
        0.0000134469   0.0000026636  -0.0000163085  -0.0000016114   0.0000117627
        0.0000038263   0.0000031262   0.0000185189  -0.0000120932   0.0000300586
        0.0000061624  -0.0000041041   0.0000210124  -0.0000020243  -0.0000169749
        0.0000134879  -0.0028664889   0.0006193377  -0.0018391898   0.0008082123
       -0.0014118404   0.0013475141   0.0123728493  -0.0205483983   0.0036543815
       -0.0217415815   0.0384849765  -0.0806556511   0.0007985996   0.0002510033
        0.0004337416  -0.0061928003   0.0166007212  -0.0095175758  -0.0043067034
        0.0153340784   0.5058052483  -0.0113741054   0.0103084723  -0.0071389267
        0.0001143201   0.0000931431  -0.0002027581  -0.0002063402  -0.0000882869
       -0.0001092870  -0.0007831531  -0.0000725893  -0.0001705677  -0.0001908633
       -0.0001022187  -0.0000186250   0.0017384473   0.0030811747  -0.0023842728
       -0.0004862540   0.0006517485   0.0006160871   0.0954995826   0.0678209425
       -0.1615960493  -0.0759870574  -0.0160388733  -0.0724269111   0.0137651875
       -0.1126251853  -0.1736401835  -0.0026687570  -0.0003664967  -0.0013681459
        0.0006504219   0.0002488135   0.0004470470  -0.0004140673   0.0007236917
        0.0000647480   0.0000008755   0.0000340874   0.0000641963  -0.0000622913
       -0.0000192510   0.0000203738  -0.0000365561   0.0000109781   0.0000911724
        0.0000039943   0.0000282863  -0.0000613529   0.0000036075  -0.0000180104
       -0.0000847454   0.0000466894  -0.0012765932  -0.0013500010  -0.0002954247
       -0.0003216326   0.0001242323   0.0002459159  -0.0003701916  -0.0000855996
       -0.0003220019  -0.0002007121  -0.0000432814  -0.0000117164   0.0000249137
        0.0000307288  -0.0001135005   0.0005127218   0.0001519759   0.0003200298
       -0.0004244455  -0.0004740537  -0.0002456094   0.0000403354   0.0001917364
       -0.0000878030   0.0000225525   0.0001365236   0.0000022809   0.0000254845
        0.0000425644   0.0000079853   0.0000153444   0.0000480963  -0.0000100167
        0.0000391990  -0.0000027758   0.0023204644  -0.0004807141  -0.0000981841
       -0.0000322011   0.0000096397   0.0002000094  -0.0001184404   0.0001683003
       -0.0004335359   0.0006087090  -0.0002938607   0.0001825381   0.0000470645
       -0.0000432566   0.0000105021   0.0000227629  -0.0000076897  -0.0000296112
       -0.0000002173   0.0000129608  -0.0000195779  -0.0000043016   0.0000060449
       -0.0000170937
       -0.0001465073  -0.0007778072  -0.0008883757  -0.0010482984   0.0000556147
       -0.0000741277  -0.0010129497   0.0000834031   0.0001855095   0.0002642843
        0.0004509161   0.0000126604   0.0000969244   0.0003404388   0.0004116241
       -0.0004954150  -0.0002018357   0.0000886096  -0.0000278005   0.0000479713
       -0.0001632036  -0.0000675842  -0.0000506150  -0.0000055788   0.0000413936
       -0.0000328533   0.0000881761  -0.0000238629  -0.0000340483   0.0000050790
       -0.0000126233  -0.0000220444  -0.0000082377  -0.0000015430  -0.0000469829
       -0.0000047728  -0.0005177547   0.0007310346   0.0009000269   0.0002776990
       -0.0003186217   0.0004208371   0.0045295307  -0.0008228687  -0.0019778110
       -0.1512979448  -0.0303331455  -0.0458198733  -0.0001289242   0.0006127496
        0.0009139214  -0.0211109347  -0.0110660425  -0.0058331982  -0.0196912304
        0.0012999901  -0.0113741054   0.4708660769  -0.0179280825  -0.0254320426
        0.0001026387   0.0000655805   0.0000397744   0.0001399428   0.0001835080
        0.0001441454   0.0000804543   0.0000736685   0.0000938896  -0.0018568898
       -0.0016214923   0.0026667344   0.0007378236   0.0009011897  -0.0010900532
        0.0000707459  -0.0000405079  -0.0006480146   0.0004494092  -0.0006746448
        0.0004507206  -0.0018489342   0.0025879186  -0.0018019689  -0.0001224402
       -0.0009682728  -0.0007390555  -0.1073403625   0.0961855577  -0.0366868942
       -0.1117856414  -0.0719415557   0.0775601063  -0.0596598929   0.0334475621
        0.0491270946   0.0000752670   0.0000444719   0.0000036283  -0.0000267761
        0.0000490641   0.0000030659   0.0000098981  -0.0000141948  -0.0000455089
       -0.0000091799  -0.0000404270  -0.0000050527   0.0000013148   0.0000614534
        0.0000637053   0.0000972612  -0.0000250322   0.0000183624  -0.0000371128
       -0.0000059788   0.0000163259   0.0000553654  -0.0000033782   0.0000535777
       -0.0000083731   0.0000021059  -0.0000236896  -0.0008834039  -0.0006695470
       -0.0004530518   0.0001830069   0.0000698759  -0.0000936138  -0.0001111519
       -0.0000817764   0.0000718660   0.0002109715   0.0003162636   0.0001268288
       -0.0000241080  -0.0000115153   0.0000075456   0.0000082290  -0.0000014517
       -0.0000038031   0.0000030437   0.0000056828   0.0000142852  -0.0000051582
       -0.0000241274   0.0000073469   0.0007439163   0.0001308152  -0.0002886587
        0.0000233144   0.0000723638  -0.0000442163   0.0000532309  -0.0001057264
        0.0000951418   0.0002144378   0.0000382649  -0.0000290430  -0.0000222245
        0.0000039613  -0.0000217741  -0.0000113981  -0.0000011729  -0.0000091807
       -0.0000050293   0.0000011838  -0.0000083301   0.0000052696   0.0000031393
       -0.0000173531
       -0.0022766030   0.0009695829   0.0015264300  -0.0000129310  -0.0000895159
       -0.0002560073   0.0001724968   0.0003062917   0.0000152222  -0.0000229856
       -0.0002615528   0.0000065252  -0.0001173285  -0.0001502886  -0.0000924745
        0.0000981769  -0.0000787139  -0.0000641147   0.0000247189   0.0000189667
        0.0000913301  -0.0000132275  -0.0000335828   0.0000331014   0.0001143183
        0.0001085668  -0.0000217512   0.0000322861   0.0000366243   0.0000811859
       -0.0000059465   0.0000138986   0.0000254118  -0.0000149862   0.0000139107
       -0.0000074823  -0.0002031545   0.0003110203  -0.0009405160  -0.0003171138
       -0.0005956374  -0.0010491899  -0.0133972903  -0.0124105852  -0.0167505312
       -0.0290597977  -0.0707965735  -0.0132451163   0.0016999199  -0.0006078072
       -0.0021768083  -0.0163581257  -0.0076774868  -0.0042441887   0.0186802427
        0.0016297365   0.0103084723  -0.0179280825   0.5134086798  -0.0164919898
        0.0002179622   0.0002409342   0.0000466475  -0.0005591517  -0.0006044472
       -0.0004434557  -0.0002329725  -0.0000429559  -0.0001459078  -0.0021204385
       -0.0011611615   0.0020384247  -0.0013632969   0.0003665903  -0.0008889726
        0.0003160767   0.0001351175  -0.0003434193   0.0007848299   0.0003548322
       -0.0000059311   0.0032077868  -0.0030994354   0.0024015948   0.0009245886
        0.0005417338   0.0009843486   0.0950066592  -0.1872971815   0.0563680783
       -0.0707904454  -0.1221378902   0.0819483702   0.0348812698  -0.1101090257
       -0.0986896960   0.0000465442   0.0000148217   0.0000440472  -0.0000356649
       -0.0000036967  -0.0000181217   0.0000013943   0.0000198876   0.0000605420
       -0.0000480276   0.0000215964  -0.0000008398   0.0000824295  -0.0002146125
       -0.0001601115  -0.0001378820  -0.0001458306  -0.0000191596   0.0000622830
       -0.0000564504  -0.0000088933  -0.0001110901   0.0000741395  -0.0000494099
       -0.0001668014  -0.0001583803  -0.0000404092  -0.0006921984  -0.0004885110
       -0.0003285818  -0.0001186772   0.0004092532   0.0000509420   0.0003442689
       -0.0009241599  -0.0002377125  -0.0004678615   0.0003745292   0.0007803734
       -0.0000108790   0.0000355559   0.0000799642  -0.0000089324  -0.0000157639
        0.0000051720   0.0000229013  -0.0000294071  -0.0000024041  -0.0000081079
        0.0000170692  -0.0000481946  -0.0002515249  -0.0001980667  -0.0003115799
       -0.0000987223   0.0000070763   0.0001863593   0.0000070365   0.0000931408
       -0.0003223753   0.0001957824  -0.0001001988   0.0002209948   0.0000055403
       -0.0000224451   0.0000517836   0.0000222793  -0.0000163324   0.0000144628
        0.0000005178   0.0000032682   0.0000181478  -0.0000020634   0.0000008726
        0.0000174138
       -0.0030060300   0.0005432101   0.0028084877   0.0001138674  -0.0000776971
       -0.0003291591   0.0001050821  -0.0000837075  -0.0000680257  -0.0001157083
       -0.0002264631   0.0000299032  -0.0000379847  -0.0000499200   0.0000358282
       -0.0000548131   0.0000669084  -0.0001744019   0.0000865164   0.0001310606
        0.0000730219   0.0000285375  -0.0000078412  -0.0000161836   0.0000832210
        0.0002031190   0.0000089899   0.0000697285   0.0000123840   0.0000471110
        0.0000249763   0.0000101106   0.0000417902   0.0000007554  -0.0000030575
        0.0000061623   0.0001837069   0.0007646172   0.0000892481  -0.0012993591
       -0.0020791412  -0.0016518050  -0.0167566723  -0.0177928917  -0.0215633631
       -0.0465939547  -0.0122297807  -0.0853251425   0.0024046978  -0.0010259400
       -0.0023557373   0.0121045693   0.0054302126   0.0055385685  -0.0147569554
        0.0004953523  -0.0071389267  -0.0254320426  -0.0164919898   0.5000405338
        0.0001275700   0.0000153139  -0.0001552078  -0.0007871618  -0.0008837482
       -0.0005960193  -0.0002454073  -0.0000817797  -0.0001063630   0.0022441291
        0.0018022818  -0.0017160821   0.0011418154   0.0000730436   0.0006399647
        0.0004571495   0.0004958528   0.0003335192  -0.0003091980  -0.0005330396
        0.0000323155  -0.0014850785   0.0019452736  -0.0005688603   0.0003608497
       -0.0009106800   0.0002578342  -0.0368016420   0.0559954145  -0.0659319418
        0.0766919693   0.0821918599  -0.1309335107   0.0502083540  -0.0979119775
       -0.1896121128  -0.0000140977   0.0000350977   0.0000956985   0.0000228210
       -0.0000149159  -0.0000477521  -0.0000220341   0.0000221761   0.0001000023
       -0.0000234433   0.0000838722  -0.0000029539   0.0001001937  -0.0002676176
       -0.0002663007  -0.0000142891   0.0000321681  -0.0000848514  -0.0000214126
       -0.0000596680   0.0000570467  -0.0000673834   0.0000564057  -0.0000749390
        0.0000381093   0.0000097979  -0.0000184459   0.0007055719   0.0005211308
        0.0003263640  -0.0001140012   0.0002944383   0.0001505018   0.0000779368
       -0.0000797025  -0.0003659196   0.0004028281   0.0003107139  -0.0001807108
       -0.0000015013  -0.0000341793  -0.0000098184  -0.0000097426   0.0000171282
       -0.0000203545   0.0000039976   0.0000039250  -0.0000078686  -0.0000061570
        0.0000269060  -0.0000149586   0.0000584681  -0.0007117001  -0.0014216973
        0.0000702900  -0.0000023209   0.0000129877  -0.0000140751  -0.0000350477
        0.0000711326   0.0000325863   0.0000169136  -0.0000520512   0.0000201228
       -0.0000078439   0.0000088275   0.0000141295  -0.0000046428  -0.0000024932
        0.0000029772   0.0000050375   0.0000077325   0.0000026174  -0.0000044320
        0.0000003860
        0.0004673841  -0.0008884532   0.0000178314  -0.0000173503   0.0000929500
        0.0000407357  -0.0000312722  -0.0000234677   0.0000106684  -0.0000014074
        0.0000208271  -0.0000195621   0.0000090472   0.0000052963   0.0000143959
       -0.0000232549  -0.0000110058  -0.0000035575   0.0000043169   0.0000086074
       -0.0000033681   0.0000056578   0.0000263895  -0.0000024927   0.0000042586
        0.0000275366  -0.0000006655  -0.0000087569   0.0000066743  -0.0000104008
       -0.0000084058   0.0000112937  -0.0000006702  -0.0000109924   0.0000121776
        0.0000005471   0.0002595623  -0.0006333393   0.0002668808  -0.0047766912
       -0.0035059969  -0.0004115253  -0.0188811603  -0.0155926455   0.0103715941
        0.0010387289   0.0007445573   0.0008709557  -0.0923214368  -0.0276727035
        0.0397968877   0.0065044737  -0.0124246147  -0.0142758255  -0.0001519791
        0.0001235162   0.0001143201   0.0001026387   0.0002179622   0.0001275700
        0.4980027127  -0.0037484523   0.0413919203  -0.0108480324  -0.0041101780
        0.0147339591   0.0068256923   0.0061673470  -0.0082475222  -0.0835005214
        0.0315300170   0.0328541151   0.0006957148  -0.0009474448  -0.0004079217
       -0.0026657593  -0.0031532393  -0.0030471927  -0.0000305026  -0.0000185879
       -0.0000006757   0.0000720043  -0.0000003489  -0.0000426846  -0.0000021603
        0.0000318047  -0.0000143000  -0.0000083594  -0.0000143180  -0.0000173440
        0.0000112451   0.0000473978   0.0000422440   0.0000680418   0.0000781712
       -0.0000109518  -0.1647413883  -0.0781351942  -0.0814306269  -0.1182859429
        0.0852024885  -0.0573690148  -0.0012861388   0.0015456771   0.0019814761
        0.0000032255  -0.0006883679   0.0003828562   0.0003713129  -0.0008172810
       -0.0006264909   0.0003371815   0.0004320818  -0.0000292255  -0.0014284954
        0.0020346298  -0.0022950574  -0.0000708955   0.0003314731  -0.0004070067
       -0.0088733628   0.0142127584   0.0126727620  -0.0069538838   0.0090310779
        0.0128821946  -0.0001429133  -0.0000815372   0.0001615151  -0.0001133855
        0.0002046137  -0.0001239550  -0.0000124318  -0.0000859972   0.0000615441
        0.0000349520  -0.0000039231   0.0000294508  -0.0000046726  -0.0000021505
       -0.0000055230  -0.0000245066  -0.0000112316   0.0000226420  -0.0000134681
       -0.0000062408   0.0000060709   0.0004980264   0.0001725434  -0.0000637754
        0.0000467518   0.0000744456  -0.0000669075   0.0000153488  -0.0001120209
        0.0001853665  -0.0001503650   0.0001972902  -0.0000904598  -0.0000102210
        0.0000387007  -0.0000178356  -0.0000057967   0.0000237950   0.0000020226
        0.0000115761   0.0000143894   0.0000040155   0.0000160565   0.0000202497
       -0.0000040029
        0.0001858108  -0.0002541708  -0.0001762042  -0.0001118497  -0.0000332734
       -0.0000227842   0.0000319457   0.0000147258  -0.0000103755  -0.0000466339
       -0.0000486297   0.0000073795  -0.0000001476  -0.0000147160  -0.0000028526
        0.0000202532   0.0000088183   0.0000029757  -0.0000021979  -0.0000078353
       -0.0000071802  -0.0000082411  -0.0000007834   0.0000057771  -0.0000058392
        0.0000013887  -0.0000015341   0.0000069295  -0.0000012796   0.0000029773
       -0.0000081014   0.0000010780   0.0000054437  -0.0000087075   0.0000016159
        0.0000031234   0.0000498958   0.0002226709  -0.0001581139  -0.0038178603
       -0.0024818632  -0.0004599843  -0.0161485667  -0.0117471399   0.0087954902
        0.0011785101   0.0012765815   0.0007227820  -0.0292944676  -0.0892724958
        0.0405828082   0.0007646177  -0.0141978166  -0.0163406166  -0.0000724203
        0.0001481826   0.0000931431   0.0000655805   0.0002409342   0.0000153139
       -0.0037484523   0.4901975946   0.0110187334   0.0093815045   0.0054345326
       -0.0109563406  -0.0070887587  -0.0116117384   0.0152275943   0.0331103641
       -0.1157726387  -0.0551243898   0.0005385644   0.0008155384   0.0009167874
       -0.0023218175  -0.0015448060  -0.0020677438  -0.0000647340   0.0000038903
        0.0000495159   0.0001698550  -0.0002099977  -0.0000024367   0.0000422795
        0.0000367518   0.0000300561   0.0000294519   0.0000097018   0.0000302189
        0.0000255482   0.0000350105   0.0000703671   0.0000495170   0.0000157537
        0.0000103792  -0.0782889507  -0.0947090985  -0.0509178289   0.0847471687
       -0.1452183367   0.0649277368   0.0022533823  -0.0018840115  -0.0026065989
        0.0003402961   0.0004013657  -0.0010186365   0.0006610223   0.0005064436
       -0.0003647000  -0.0007777025   0.0004999088  -0.0002600372   0.0014983451
       -0.0019876139   0.0028408399  -0.0000532748  -0.0001505822  -0.0001420338
        0.0110476724  -0.0163832369  -0.0142741861  -0.0046890598   0.0079184119
        0.0092155375  -0.0000610766  -0.0000008509   0.0001126832  -0.0000092745
       -0.0000056125  -0.0000350801  -0.0000097711  -0.0000208471   0.0000141946
       -0.0000099644   0.0000183691   0.0000002553  -0.0000032978  -0.0000011621
       -0.0000006804   0.0000105661  -0.0000024673  -0.0000105242  -0.0000111957
        0.0000021840   0.0000082738   0.0004591462  -0.0002810186   0.0002151506
       -0.0000254226  -0.0000466268   0.0000872640  -0.0000441509   0.0001126789
       -0.0001928948   0.0000591778  -0.0000246893   0.0001333872   0.0000098943
       -0.0000165681   0.0000075699   0.0000075491  -0.0000015177   0.0000008532
       -0.0000038168   0.0000059906  -0.0000018240  -0.0000090945   0.0000033022
        0.0000009693
        0.0005856859  -0.0006757519  -0.0000240616  -0.0000156238   0.0000585041
        0.0000747009  -0.0000164385  -0.0000356601  -0.0000128848   0.0000374863
        0.0000564106  -0.0000365484  -0.0000047886   0.0000065784   0.0000017738
       -0.0000076070   0.0000016996   0.0000015184   0.0000062273   0.0000112340
       -0.0000148190   0.0000114910   0.0000057954  -0.0000135559  -0.0000012208
        0.0000166402  -0.0000009521  -0.0000106007   0.0000186940  -0.0000147112
       -0.0000005656   0.0000045899  -0.0000175266  -0.0000088624   0.0000164294
       -0.0000112981   0.0005535007  -0.0008879811   0.0002844130  -0.0041600600
       -0.0026998234   0.0007632874  -0.0031607124  -0.0020631100   0.0068216800
        0.0007886704   0.0006057737   0.0004961998   0.0409750721   0.0390876457
       -0.1146839699   0.0001059851  -0.0151028415  -0.0157884998   0.0000656179
       -0.0000701212  -0.0002027581   0.0000397744   0.0000466475  -0.0001552078
        0.0413919203   0.0110187334   0.4768190227   0.0144176339   0.0046267205
       -0.0178295501   0.0064663860   0.0128086850  -0.0143788942   0.0331628271
       -0.0522611797  -0.1263466816   0.0006932179  -0.0002793500   0.0002533174
       -0.0023766386  -0.0019482480  -0.0011784509   0.0000316097   0.0000365243
       -0.0000317200   0.0000421937  -0.0000212470   0.0001261890  -0.0000352107
       -0.0000335473  -0.0000240201  -0.0000205145  -0.0000049621   0.0000439348
        0.0000508978   0.0000967128  -0.0000018588  -0.0000420648   0.0000071967
        0.0000084915  -0.0805725394  -0.0507728215  -0.0948291729  -0.0583058611
        0.0654830963  -0.0859985002   0.0022167300  -0.0019907145  -0.0023093749
       -0.0006900705   0.0005884162   0.0005489268   0.0005551037   0.0007973137
        0.0002982871   0.0009337195  -0.0007363224   0.0005236091  -0.0016223295
        0.0017318671  -0.0023774457   0.0001750840   0.0001596982  -0.0000652821
       -0.0029445669   0.0047832412   0.0076986668   0.0112472831  -0.0126771537
       -0.0185245668  -0.0000965716  -0.0001867923   0.0002077029  -0.0001025959
        0.0002035248  -0.0000793395  -0.0000188439  -0.0001083747   0.0000089264
        0.0000291169  -0.0000626886   0.0000133437   0.0000050432  -0.0000246308
       -0.0000235489   0.0000102371  -0.0000367342  -0.0000098216   0.0000032528
       -0.0000295596  -0.0000296220  -0.0002629803   0.0003281323  -0.0001390653
       -0.0000012759   0.0000243850  -0.0001092844   0.0000938508  -0.0001641927
        0.0003023202  -0.0001703738   0.0002440856  -0.0001134546  -0.0000391828
        0.0000104597   0.0000012060  -0.0000172749  -0.0000006357   0.0000281710
        0.0000042712  -0.0000038067   0.0000281708   0.0000054851  -0.0000071847
        0.0000225887
        0.0009501670   0.0003158320  -0.0012354616   0.0001636876   0.0001641669
        0.0003870598  -0.0000710924   0.0000159490  -0.0001420208  -0.0001595566
       -0.0001856561  -0.0000535233   0.0000173365   0.0000235905   0.0000028877
        0.0000109015  -0.0000009440   0.0000570136  -0.0000126779  -0.0000392128
        0.0000191237   0.0000031280   0.0000092133   0.0000134456  -0.0000110647
       -0.0000119496   0.0000043017  -0.0000190701  -0.0000084196  -0.0000036617
       -0.0000141808  -0.0000076702  -0.0000087098  -0.0000096356  -0.0000017565
        0.0000032724  -0.0013197048  -0.0005144308  -0.0000212736   0.0001721090
       -0.0011393189  -0.0006220749   0.0062775172  -0.0130286469  -0.0126995709
       -0.0023801144  -0.0013450246  -0.0004391641  -0.0937925064   0.0398750600
        0.0350914634  -0.0000315071  -0.0000611420   0.0000134927   0.0001040734
       -0.0002163244  -0.0002063402   0.0001399428  -0.0005591517  -0.0007871618
       -0.0108480324   0.0093815045   0.0144176339   0.5030175131   0.0155325565
        0.0237103221  -0.0135112128   0.0156673913   0.0055666098  -0.0017053317
       -0.0018292607   0.0020996360  -0.0000411944  -0.0000158887  -0.0000362300
        0.0000618232   0.0000264859  -0.0000428402  -0.0000252414   0.0000312026
       -0.0000299571   0.0000797479  -0.0000915274  -0.0000524930   0.0000827368
       -0.0001172594   0.0000024710   0.0000350448   0.0000010948   0.0000733737
        0.0000605375   0.0000898333   0.0000145521  -0.0001799126  -0.0001280326
       -0.0001812217   0.0001024128   0.0006531305   0.0003376473   0.0006659315
        0.0006543540  -0.0007980323  -0.0965722914  -0.0511530687   0.0819845974
       -0.1404309488   0.0800709350  -0.0819115630  -0.1479069491  -0.0951946980
       -0.0633799325  -0.0020581935   0.0031934748  -0.0015477505   0.0000780584
       -0.0002670037   0.0001706132   0.0000743438   0.0013373574   0.0010842476
        0.0000308887  -0.0000124205  -0.0000814066  -0.0004061002   0.0005642902
        0.0008157912   0.0000950691  -0.0003362688  -0.0003396189  -0.0002531293
        0.0002742488   0.0000890511   0.0000575368  -0.0001265402  -0.0000541914
        0.0001020268  -0.0000597776   0.0000437095   0.0000042667  -0.0000059506
       -0.0000123746   0.0000211815  -0.0000327561   0.0000312619   0.0000203421
       -0.0000084886   0.0000272045  -0.0005812645  -0.0013402462  -0.0011636196
        0.0000677826   0.0000794919  -0.0002214080   0.0000576410  -0.0002730601
        0.0005271108  -0.0001462975   0.0000286631  -0.0005137366  -0.0000443893
        0.0000863080  -0.0000393836  -0.0000352784   0.0000227649   0.0000249020
        0.0000005372   0.0000049110   0.0000106689   0.0000125928   0.0000080859
        0.0000012579
        0.0025275862   0.0002544921  -0.0013543332  -0.0000090672   0.0000977098
        0.0001862894  -0.0000407266   0.0000052148  -0.0001119703  -0.0000868249
       -0.0001237664  -0.0000254264   0.0000154959  -0.0000215593   0.0000012117
        0.0000560102   0.0000085145   0.0000740262   0.0000132005  -0.0000141627
        0.0000060081   0.0000034106   0.0000004472   0.0000082675  -0.0000014186
       -0.0000164885   0.0000215871  -0.0000003755  -0.0000194286  -0.0000035891
       -0.0000103869  -0.0000229976   0.0000057243  -0.0000124889  -0.0000160120
        0.0000009449   0.0003499232   0.0001324694   0.0008778156  -0.0000235167
       -0.0008820897  -0.0021225494   0.0004238275  -0.0194185493  -0.0183726805
       -0.0026247727  -0.0006744306   0.0000905042   0.0415479948  -0.1114585135
       -0.0394806314  -0.0001409939  -0.0001212605   0.0000315972   0.0001387967
       -0.0001053477  -0.0000882869   0.0001835080  -0.0006044472  -0.0008837482
       -0.0041101780   0.0054345326   0.0046267205   0.0155325565   0.4823098943
       -0.0304826032   0.0163803846  -0.0168288539  -0.0069860030  -0.0015054352
       -0.0005748655   0.0018179024  -0.0000339518  -0.0000362673  -0.0000100783
        0.0000321346   0.0000657279   0.0000379590   0.0000312317   0.0000542148
       -0.0000546039  -0.0000326975  -0.0000269519   0.0000506168   0.0000256976
       -0.0000733853   0.0000358070   0.0000366107  -0.0000179078   0.0000564592
        0.0000723006   0.0000674252  -0.0000072603  -0.0002109595  -0.0001473378
       -0.0001770225  -0.0002082471   0.0002093792   0.0006014084  -0.0009765199
        0.0007451752   0.0006280404  -0.0503772391  -0.0946472624   0.0808697989
        0.0801054794  -0.1097074484   0.0682381215  -0.0964591714  -0.1309356877
       -0.0576417124   0.0023134470  -0.0024069971   0.0019493185   0.0000116210
        0.0001106339  -0.0005313285  -0.0005918644   0.0001553086  -0.0014009251
       -0.0000560197   0.0000056201   0.0000327803  -0.0002406436   0.0002945505
        0.0004494466   0.0000494249  -0.0001886171  -0.0000232654  -0.0001317236
        0.0001008700  -0.0000783838  -0.0000347438  -0.0000434954   0.0000498595
        0.0000558378   0.0000275426   0.0000363142  -0.0000103577  -0.0000051428
        0.0000243333   0.0000346500  -0.0000189623   0.0000303669   0.0000082247
        0.0000156417   0.0000374641  -0.0017313042  -0.0010693645  -0.0009372301
       -0.0000625333   0.0000424175  -0.0000113745   0.0000308434  -0.0000375347
       -0.0000246041  -0.0001731618   0.0000519337   0.0000005900  -0.0000465588
        0.0000551542  -0.0000256742  -0.0000153455   0.0000087405  -0.0000038965
       -0.0000178879   0.0000091642  -0.0000164054  -0.0000030819   0.0000023608
       -0.0000216973
        0.0021833994  -0.0002901314  -0.0004979728   0.0000009109   0.0000002759
        0.0000928933   0.0000113792  -0.0000421074   0.0001099606   0.0000265053
        0.0000949134  -0.0000422398   0.0000201555  -0.0000043664   0.0000517554
        0.0000054324  -0.0000333350  -0.0000073756   0.0000095078   0.0000100114
       -0.0000139554  -0.0000002609   0.0000134429   0.0000008416   0.0000161105
        0.0000208692   0.0000006299  -0.0000031899   0.0000024288  -0.0000270656
       -0.0000056338  -0.0000078278  -0.0000078791  -0.0000099458  -0.0000059243
       -0.0000123284  -0.0001884131  -0.0005445121   0.0003852886  -0.0000865989
       -0.0004500188  -0.0006890474   0.0009446704  -0.0170927122  -0.0144636168
       -0.0020025352  -0.0010367096   0.0002362477   0.0344759536  -0.0409303240
       -0.0976047702  -0.0001410130   0.0000874730   0.0002976687   0.0001114051
       -0.0001450700  -0.0001092870   0.0001441454  -0.0004434557  -0.0005960193
        0.0147339591  -0.0109563406  -0.0178295501   0.0237103221  -0.0304826032
        0.4944386982  -0.0073361555   0.0082548620   0.0054638342   0.0026768817
        0.0019964819  -0.0023523746   0.0000399914  -0.0000395471   0.0000027576
       -0.0000486745   0.0000499183   0.0000558344  -0.0000290375   0.0000385706
       -0.0000321690   0.0000371750  -0.0000611320  -0.0001644636   0.0000797683
       -0.0000705287   0.0000491092   0.0000415009  -0.0000145842   0.0000076793
        0.0000430426   0.0000630831  -0.0000034917  -0.0001626836  -0.0000809285
       -0.0001449045  -0.0004333651  -0.0004492573   0.0002161543   0.0006623884
       -0.0014422687   0.0002985368   0.0802285930   0.0806700372  -0.1699922971
       -0.0810524953   0.0682630633  -0.1145246259  -0.0645645865  -0.0576040312
       -0.0808405257  -0.0021160048   0.0024646976  -0.0009549414  -0.0005951705
        0.0002785724   0.0001716744  -0.0007021279   0.0010904044   0.0006070299
        0.0000826931  -0.0000790965  -0.0001893011   0.0004872549  -0.0006400530
       -0.0009200341  -0.0000240801  -0.0004795643   0.0001250263  -0.0001138974
        0.0003549083   0.0000033413   0.0000041838  -0.0001508615   0.0000076072
        0.0000464624  -0.0000722235   0.0000285624   0.0000004279  -0.0000109614
       -0.0000117955  -0.0000191179  -0.0000014621  -0.0000090725   0.0000027838
       -0.0000288044   0.0000029698  -0.0005631194  -0.0004857372  -0.0005169024
        0.0000351995   0.0000813114  -0.0000571315  -0.0000701726  -0.0001938118
        0.0001430410  -0.0005029044   0.0004828693  -0.0001869622  -0.0000506204
        0.0000358044  -0.0000185257  -0.0000296925   0.0000061007   0.0000058217
       -0.0000193738   0.0000051189   0.0000179823   0.0000086671   0.0000050731
       -0.0000003199
        0.0008856310   0.0002249764  -0.0008809019   0.0000018029   0.0000609295
        0.0001011107  -0.0000146803  -0.0000074691   0.0000146898  -0.0000219062
        0.0000042442  -0.0000346721   0.0000063009  -0.0000136129   0.0000201622
        0.0000092248  -0.0000111661   0.0000595341   0.0000094247   0.0000052839
        0.0000002003  -0.0000116238   0.0000093158   0.0000045677  -0.0000015688
       -0.0000028219   0.0000226115  -0.0000127800  -0.0000014513   0.0000041602
       -0.0000156563  -0.0000096517   0.0000063226  -0.0000158086  -0.0000019256
        0.0000058332   0.0017054438  -0.0029142219  -0.0008309697  -0.0011551346
        0.0012034347  -0.0018261805  -0.0205709998   0.0050213744  -0.0181487596
        0.0000612354   0.0005014808   0.0005888511  -0.0965354691   0.0395613675
       -0.0340510993  -0.0001853176  -0.0000660938   0.0001940109  -0.0002578086
       -0.0007798310  -0.0007831531   0.0000804543  -0.0002329725  -0.0002454073
        0.0068256923  -0.0070887587   0.0064663860  -0.0135112128   0.0163803846
       -0.0073361555   0.5044881154   0.0154169814  -0.0319164499  -0.0000462404
        0.0000412010  -0.0002822577  -0.0000767286   0.0000315925  -0.0000603966
        0.0000315602   0.0000558374   0.0000387860  -0.0000469202   0.0000036094
       -0.0001892158   0.0000141369   0.0004892382   0.0003741142  -0.0003240536
       -0.0001670937  -0.0002691289  -0.0000126605  -0.0000464508   0.0000230607
        0.0000366837   0.0000672870  -0.0000264540  -0.0000361844  -0.0000735438
       -0.0000399329   0.0006127377  -0.0001287908   0.0004160415  -0.0009231902
       -0.0020212204   0.0027285560   0.0003363303   0.0001614138  -0.0009746910
       -0.0017481092   0.0029992865   0.0013281814   0.0000220749  -0.0004393649
       -0.0003431818  -0.1725765143   0.0796960858   0.0858924473  -0.1231016329
       -0.0922911229   0.0622464084  -0.0817431893  -0.0560484342  -0.0643789441
       -0.0001590192  -0.0002674222   0.0009462012   0.0000786226   0.0000533569
        0.0001403325   0.0001183604  -0.0004165924   0.0001452842  -0.0002775867
        0.0003158721  -0.0001577991   0.0000498445  -0.0001154873   0.0000966846
        0.0001251135  -0.0000248178   0.0000406530   0.0000121694  -0.0000207288
       -0.0000072406  -0.0000146424  -0.0000192020   0.0000722640   0.0000021038
       -0.0000276803   0.0000218287  -0.0017046125   0.0007117531   0.0006310015
       -0.0000344391   0.0000409434  -0.0000678699   0.0001203532  -0.0001057982
        0.0001725020  -0.0004478642   0.0002198947   0.0000103233  -0.0000452682
        0.0000476058   0.0000041383  -0.0000129917   0.0000114278   0.0000196933
        0.0000048868   0.0000030137   0.0000070260   0.0000035105   0.0000045351
        0.0000068931
        0.0000010242  -0.0004587137  -0.0005384419   0.0000065089   0.0000785219
        0.0000281005   0.0000042256  -0.0000456647   0.0000705953   0.0000171995
        0.0000120549  -0.0000188531   0.0000034895  -0.0000165965   0.0000111813
        0.0000068440  -0.0000467676   0.0000129621   0.0000104903   0.0000068754
        0.0000105578  -0.0000034434  -0.0000081052  -0.0000007377   0.0000017872
       -0.0000079538   0.0000153928   0.0000010638  -0.0000213984   0.0000014308
       -0.0000030349  -0.0000131409   0.0000107772  -0.0000025284  -0.0000128376
        0.0000077205   0.0013706959  -0.0019888416  -0.0004438689  -0.0005537784
        0.0013489710   0.0000307368  -0.0088943888   0.0087257178  -0.0090997683
       -0.0004748391   0.0004083881   0.0002358087   0.0372323281  -0.1051747290
        0.0403587254  -0.0000672191  -0.0001631628   0.0000940740   0.0010378241
       -0.0002247324  -0.0000725893   0.0000736685  -0.0000429559  -0.0000817797
        0.0061673470  -0.0116117384   0.0128086850   0.0156673913  -0.0168288539
        0.0082548620   0.0154169814   0.4985522150   0.0254656993   0.0003092610
       -0.0001277553  -0.0001577819   0.0000784539   0.0000082256  -0.0000314115
        0.0000222895   0.0000441663   0.0000356800   0.0000827884   0.0000634015
       -0.0002666458  -0.0012271659  -0.0016010786  -0.0016891176  -0.0004159752
        0.0000017259  -0.0002265309  -0.0000398197  -0.0000344562  -0.0000094168
        0.0000636205   0.0000530847  -0.0000001169  -0.0000231423  -0.0000475610
        0.0000006786   0.0006971447   0.0004671430   0.0002741422  -0.0011914925
       -0.0015450424   0.0028588527  -0.0003992636   0.0007068169   0.0007160775
        0.0023696036  -0.0028663791  -0.0018504937   0.0006872876  -0.0000508108
        0.0007389608   0.0803814687  -0.0921857536  -0.0530107393  -0.0922812235
       -0.1520636415   0.0705800090  -0.0548240830  -0.1242026312  -0.0950978658
        0.0001976999  -0.0000278575  -0.0005954448  -0.0000030581   0.0000379264
       -0.0000753146  -0.0000382105   0.0000563584   0.0001937166  -0.0000685285
       -0.0001535311  -0.0002184879  -0.0000629492   0.0000193104   0.0001367746
        0.0000752367   0.0000690900   0.0000328090  -0.0000059438   0.0000079284
        0.0000091279   0.0000295187  -0.0000509751   0.0000494697   0.0000076144
        0.0000421618   0.0000236721  -0.0012637671   0.0008013543   0.0004045964
        0.0000225195   0.0000751995  -0.0001209314   0.0001092076  -0.0001765415
        0.0002641161  -0.0002431414   0.0001847136  -0.0000491907  -0.0000381983
        0.0000306472  -0.0000353366  -0.0000183067   0.0000030984  -0.0000155073
       -0.0000085631  -0.0000034746  -0.0000098302  -0.0000005194  -0.0000014145
       -0.0000197901
        0.0008688904  -0.0002794560  -0.0005212828  -0.0000596217   0.0000144268
        0.0000235015  -0.0000026738   0.0000113873   0.0000057113   0.0000213601
        0.0000241562  -0.0000332188   0.0000013034  -0.0000157479   0.0000154941
        0.0000169224  -0.0000136406   0.0000124337   0.0000125298   0.0000155619
       -0.0000177106   0.0000082995   0.0000013071  -0.0000134596   0.0000084021
        0.0000075160   0.0000089948  -0.0000004387   0.0000056118  -0.0000140490
       -0.0000038145  -0.0000093371  -0.0000092760  -0.0000102364  -0.0000037012
       -0.0000146064   0.0018445661  -0.0026055842  -0.0003697471   0.0005904087
        0.0005404540   0.0000246769  -0.0189199571   0.0036585623  -0.0147916548
        0.0000721176   0.0005719309   0.0006807075  -0.0341342616   0.0436206208
       -0.1014791559  -0.0000771758  -0.0000126650   0.0001217274   0.0007913925
       -0.0004970182  -0.0001705677   0.0000938896  -0.0001459078  -0.0001063630
       -0.0082475222   0.0152275943  -0.0143788942   0.0055666098  -0.0069860030
        0.0054638342  -0.0319164499   0.0254656993   0.4756852033   0.0000654645
       -0.0003299856   0.0003980021  -0.0000244968  -0.0000210663  -0.0000220059
       -0.0000297572   0.0000133024  -0.0000015579   0.0000359938   0.0001327730
       -0.0001541266  -0.0010627390  -0.0015651273  -0.0017551028  -0.0004215309
       -0.0001419620  -0.0003658588  -0.0000018452  -0.0000415787  -0.0000084007
        0.0000545325   0.0000592246  -0.0000065599  -0.0000174752  -0.0000595844
       -0.0000560807  -0.0007509575  -0.0005514177   0.0005198148   0.0018239576
        0.0021988100  -0.0026638324   0.0002828265  -0.0005570568   0.0005184705
        0.0013574304  -0.0023829414  -0.0007405668   0.0005539998  -0.0005471868
        0.0000942093   0.0859430047  -0.0525918570  -0.1000141586   0.0625277059
        0.0716761738  -0.0905874175  -0.0640180967  -0.0958093552  -0.1547139292
       -0.0001476775   0.0004396159  -0.0011269552  -0.0001757178   0.0001699686
       -0.0000720239   0.0000124223  -0.0000744095   0.0001377151   0.0000949481
        0.0002129607  -0.0003025363  -0.0001170706  -0.0000920940   0.0001807739
       -0.0000421985  -0.0000560623   0.0000634267  -0.0000134399  -0.0000201131
        0.0000194502  -0.0000166256  -0.0000120607  -0.0000731431  -0.0000003106
        0.0000079962   0.0000042331  -0.0018642228   0.0010372190   0.0005762872
       -0.0000657352   0.0000424629  -0.0000475898   0.0000240583  -0.0000900263
        0.0001074653  -0.0004454355   0.0003037999   0.0000067032  -0.0000563397
        0.0000391783  -0.0000223839  -0.0000224457   0.0000084164  -0.0000023724
       -0.0000045329   0.0000074283  -0.0000031589  -0.0000022341  -0.0000012126
       -0.0000090888
       -0.0001419000  -0.0000357451   0.0001909075  -0.0000381736  -0.0000357477
       -0.0000934570  -0.0000070562   0.0000026882  -0.0000102737   0.0000181950
       -0.0000072732   0.0000302380  -0.0000000098  -0.0000008475   0.0000155371
       -0.0000280905  -0.0000135835  -0.0000156111  -0.0000045157  -0.0000094106
        0.0000032149   0.0000065951  -0.0000020421  -0.0000037204   0.0000003587
        0.0000032917  -0.0000059523  -0.0000055441  -0.0000029499   0.0000095684
        0.0000119356   0.0000040858   0.0000052948   0.0000020881  -0.0000030319
        0.0000114214  -0.0005672918   0.0000927246   0.0001601029   0.0005716804
        0.0001719523  -0.0003831737   0.0013765827   0.0004129537  -0.0010968040
       -0.0175075125  -0.0119911675  -0.0018696805  -0.0088640177   0.0064948479
        0.0142842007  -0.1382366314  -0.0442588484  -0.0483989284   0.0001697297
        0.0001020396  -0.0001908633  -0.0018568898  -0.0021204385   0.0022441291
       -0.0835005214   0.0331103641   0.0331628271  -0.0017053317  -0.0015054352
        0.0026768817  -0.0000462404   0.0003092610   0.0000654645   0.5013848673
       -0.0104602020  -0.0079801758  -0.0195870260  -0.0071090105  -0.0124505518
        0.0063230450   0.0033848301   0.0032659674  -0.0001119363   0.0000973038
       -0.0000370658   0.0000687178   0.0004926018  -0.0003900605  -0.0001639179
       -0.0000825873  -0.0000748640   0.0001522718  -0.0000410681   0.0000364500
       -0.0007654392  -0.0003744765  -0.0004290121   0.0000486447   0.0001320641
        0.0001127228   0.0071040467  -0.0129662186  -0.0143191942  -0.0096033214
        0.0148041024   0.0120412578  -0.0003881781   0.0005633048   0.0006893810
        0.0001174359  -0.0000566162  -0.0000104484  -0.0000284485  -0.0000590008
       -0.0000662546   0.0001661499   0.0003868716  -0.0009285493  -0.0000461178
        0.0000487959  -0.0000669202  -0.0001288966   0.0001012042   0.0001506656
       -0.1340116630   0.0917253363  -0.0567192780  -0.1006854746  -0.0613331529
        0.0766441979  -0.0000112011   0.0001844285  -0.0000261018   0.0001055150
       -0.0001422666  -0.0000232418   0.0000042376   0.0000408915   0.0000083820
       -0.0000258802   0.0000283304  -0.0000168515   0.0000113766  -0.0000022978
        0.0000081620  -0.0000010187   0.0000004172  -0.0000046079   0.0000009822
        0.0000126265  -0.0000041185   0.0003045632   0.0000014571  -0.0002094384
       -0.0000011681  -0.0000142444   0.0000597194  -0.0001125033   0.0000899044
       -0.0001444809   0.0001978544  -0.0001170331   0.0000721332   0.0000315785
       -0.0000292758   0.0000072705   0.0000012924  -0.0000109259   0.0000037490
       -0.0000029184  -0.0000085414   0.0000040859   0.0000050911  -0.0000052403
        0.0000057473
        0.0001197771   0.0000925666  -0.0000213078   0.0000004609  -0.0000032140
        0.0000181303   0.0000112921  -0.0000514449  -0.0000088742   0.0000064210
        0.0000375913  -0.0000004300   0.0000013684  -0.0000100832   0.0000135611
       -0.0000038597  -0.0000172619   0.0000102900   0.0000053835   0.0000126450
       -0.0000050127   0.0000000575   0.0000033853   0.0000010842   0.0000057480
       -0.0000028497   0.0000113179  -0.0000010927  -0.0000159300  -0.0000059036
       -0.0000024734  -0.0000065802   0.0000063673  -0.0000014786  -0.0000117420
        0.0000025911   0.0003341311  -0.0001738580   0.0001595933   0.0001262833
       -0.0000120733  -0.0001039081   0.0007207465   0.0004095257  -0.0012399001
       -0.0155977710  -0.0094468295  -0.0036377471  -0.0023656753   0.0098058349
        0.0050034647  -0.0450497584  -0.0946541463  -0.0281071598   0.0003316308
        0.0003842075  -0.0001022187  -0.0016214923  -0.0011611615   0.0018022818
        0.0315300170  -0.1157726387  -0.0522611797  -0.0018292607  -0.0005748655
        0.0019964819   0.0000412010  -0.0001277553  -0.0003299856  -0.0104602020
        0.4913948124  -0.0415930539   0.0132965866   0.0077204455   0.0085870614
       -0.0142238775  -0.0106457692  -0.0115279395  -0.0000848135   0.0000411953
       -0.0000653358  -0.0005845160  -0.0009020700   0.0004702724  -0.0001262907
       -0.0000881771  -0.0000325436  -0.0000229664  -0.0000250422   0.0000777998
       -0.0007710850  -0.0000189573  -0.0003525686   0.0001356170   0.0000321408
        0.0001258187   0.0044618007  -0.0106484982  -0.0120263172   0.0119447633
       -0.0168853922  -0.0146178755  -0.0004468133   0.0004845888   0.0005020611
       -0.0000803575  -0.0000071394   0.0000209814   0.0000659234   0.0000122849
        0.0001108393  -0.0002266020  -0.0003217045   0.0012166907  -0.0000858526
        0.0000863232   0.0002077432  -0.0000072019  -0.0000655468   0.0000512364
        0.0918014572  -0.1379427133   0.0605181237  -0.0611081854  -0.1107159659
        0.0851589366   0.0000446634  -0.0001134983  -0.0000146853  -0.0001185224
        0.0001641886   0.0000695532   0.0000355515  -0.0001024575  -0.0000248937
        0.0000304947  -0.0000198877   0.0000208759   0.0000149802   0.0000085410
       -0.0000027202   0.0000061509   0.0000046588   0.0000044980   0.0000045904
       -0.0000131368   0.0000056452  -0.0001853399  -0.0000752249  -0.0000721348
       -0.0000000914  -0.0000362430  -0.0000513209   0.0000659544  -0.0000249638
        0.0000748427  -0.0000957303   0.0000347725  -0.0000391107  -0.0000197783
       -0.0000124895  -0.0000023021  -0.0000091934  -0.0000106026  -0.0000025345
       -0.0000038390  -0.0000060603  -0.0000027407  -0.0000089312  -0.0000057336
        0.0000035613
        0.0000125584   0.0001672762   0.0000706473  -0.0000175964  -0.0000185275
        0.0000246705   0.0000177392  -0.0000015833  -0.0000478416   0.0000196658
        0.0000049482   0.0000012640  -0.0000041039  -0.0000055341  -0.0000209784
        0.0000092298   0.0000052363  -0.0000225330  -0.0000027982  -0.0000147098
        0.0000056520   0.0000037053   0.0000045012  -0.0000010540  -0.0000075384
       -0.0000105103  -0.0000068509   0.0000015917  -0.0000056711  -0.0000041632
        0.0000046480   0.0000050182  -0.0000003958   0.0000005184  -0.0000035060
        0.0000027956  -0.0000740472   0.0002741521  -0.0000643144  -0.0003411636
       -0.0001482407   0.0001394133  -0.0013048048  -0.0011131993   0.0008605307
        0.0107779001   0.0058556411   0.0092372606   0.0131471208  -0.0083624463
       -0.0191399793  -0.0458556589  -0.0258138591  -0.0933694759   0.0000001435
       -0.0002870273  -0.0000186250   0.0026667344   0.0020384247  -0.0017160821
        0.0328541151  -0.0551243898  -0.1263466816   0.0020996360   0.0018179024
       -0.0023523746  -0.0002822577  -0.0001577819   0.0003980021  -0.0079801758
       -0.0415930539   0.4854963839  -0.0141359125  -0.0057580293  -0.0081993726
       -0.0153696593  -0.0116938593  -0.0115710073   0.0001008381   0.0001160102
        0.0000663144   0.0002246807   0.0005341488  -0.0002282888   0.0000351104
        0.0000857745  -0.0000314457   0.0000350274  -0.0000220793  -0.0000417558
        0.0008395072   0.0003205024   0.0005103914  -0.0000210680   0.0000885283
        0.0000167856   0.0043954589  -0.0118653636  -0.0122901435  -0.0027440708
        0.0051824987   0.0067559194   0.0006993439  -0.0006863944  -0.0005031245
        0.0000061530   0.0000912557  -0.0000523382  -0.0000474138   0.0001996677
        0.0001135534   0.0004443672   0.0002446931  -0.0011486439   0.0001214783
       -0.0001433073   0.0000297735   0.0001877445  -0.0000992443  -0.0001761905
       -0.0569323140   0.0607322135  -0.0808792893   0.0764748417   0.0853296843
       -0.1452910037   0.0000223675  -0.0000463617  -0.0000330296   0.0000194741
        0.0000192108   0.0001705010  -0.0000131577   0.0000385221  -0.0001394969
       -0.0000432838   0.0000023025  -0.0000270364  -0.0000035191   0.0000101932
        0.0000124008  -0.0000022445   0.0000031225  -0.0000119578  -0.0000050692
        0.0000064589   0.0000063974  -0.0000486772  -0.0001895318  -0.0000631545
       -0.0000355682  -0.0000418657  -0.0000241739  -0.0000065575   0.0000319255
       -0.0000071173   0.0000623142  -0.0000093784  -0.0000254395  -0.0000048733
       -0.0000068801  -0.0000188725  -0.0000018275  -0.0000011111  -0.0000174561
        0.0000019164   0.0000097206  -0.0000192809  -0.0000005686   0.0000039130
       -0.0000076878
        0.0000834009  -0.0000463892   0.0001803089   0.0000164243   0.0000116928
        0.0000435154  -0.0000254224  -0.0000334810  -0.0000398042   0.0000044956
       -0.0000121208  -0.0000142636  -0.0000080111   0.0000059553  -0.0000315900
       -0.0000572551   0.0000159057   0.0000164465   0.0000072288   0.0000120110
       -0.0000035677   0.0000170642   0.0000082147  -0.0000051450  -0.0000053615
       -0.0000161796   0.0000299094  -0.0000128109  -0.0000030215  -0.0000013906
        0.0000066076  -0.0000014144   0.0000049082   0.0000004771   0.0000057491
        0.0000037902   0.0000318743   0.0000966630   0.0001322071   0.0001281470
        0.0000020567  -0.0000677359   0.0002440461  -0.0003806866  -0.0001453042
        0.0071438532  -0.0096943657   0.0065522877  -0.0001189452  -0.0000226700
       -0.0002451620  -0.1164705541   0.0863189084  -0.0568424900  -0.0011709718
       -0.0015826862   0.0017384473   0.0007378236  -0.0013632969   0.0011418154
        0.0006957148   0.0005385644   0.0006932179  -0.0000411944  -0.0000339518
        0.0000399914  -0.0000767286   0.0000784539  -0.0000244968  -0.0195870260
        0.0132965866  -0.0141359125   0.1407530661  -0.0959111474   0.0678256369
       -0.0086233296   0.0123702199  -0.0045938729   0.0003008598  -0.0006447823
        0.0003094894   0.0000032821   0.0000331628   0.0000767044  -0.0000651032
       -0.0000828606  -0.0000296771  -0.0006159589  -0.0003175550   0.0002487484
       -0.0000803514  -0.0000264118   0.0000642066   0.0000012031   0.0000753633
       -0.0000801196   0.0000960088   0.0001406908   0.0003698468   0.0004057340
       -0.0004887113  -0.0002139621  -0.0000083427   0.0000008674   0.0000215082
        0.0000378299  -0.0000252495   0.0000110847  -0.0000107641   0.0000111873
       -0.0000197391   0.0000371143  -0.0001063926   0.0000586591   0.0000491855
       -0.0000489615   0.0000025138   0.0000099436   0.0000118325   0.0000228902
       -0.0039364547  -0.0026822804  -0.0029586415   0.0001093668   0.0005187342
        0.0000541187   0.0000259190  -0.0000024532  -0.0000119419   0.0000219527
        0.0000585560   0.0000076350  -0.0000123971  -0.0000176826  -0.0000390022
       -0.0000120907   0.0000004336   0.0000095713   0.0000106898  -0.0000044291
        0.0000033114   0.0000031341   0.0000010579  -0.0000103190   0.0000011826
        0.0000078603  -0.0000045509  -0.0000452058  -0.0000424715  -0.0001535571
       -0.0000248311  -0.0000182160   0.0000146103  -0.0000581267   0.0000447182
       -0.0000154950   0.0000709415  -0.0000322669  -0.0000028154   0.0000065326
       -0.0000095347  -0.0000046224  -0.0000039079  -0.0000046980   0.0000066622
        0.0000057940  -0.0000030000   0.0000022568   0.0000042471  -0.0000060775
        0.0000088789
       -0.0000843862  -0.0001066881   0.0005110507   0.0000407139   0.0000161711
        0.0000420458  -0.0000212336  -0.0000986361  -0.0000485543   0.0000032683
        0.0000216074   0.0000145382   0.0000151991  -0.0000203655  -0.0000036499
       -0.0000374747   0.0000438100  -0.0000032559  -0.0000017610  -0.0000077769
        0.0000077410   0.0000210459   0.0000173268   0.0000022416  -0.0000007566
       -0.0000092988  -0.0000042594  -0.0000137563  -0.0000138199  -0.0000328871
        0.0000108180   0.0000083826   0.0000024139   0.0000089480  -0.0000063975
        0.0000044912   0.0003257288  -0.0000548294   0.0003662071  -0.0000987625
        0.0000427965  -0.0002249277   0.0000791798   0.0005282146  -0.0004983921
        0.0069390959  -0.0154109447   0.0110343336   0.0001829119   0.0000017053
        0.0002192965   0.0855845091  -0.1414364879   0.0651072737  -0.0023368107
       -0.0016527294   0.0030811747   0.0009011897   0.0003665903   0.0000730436
       -0.0009474448   0.0008155384  -0.0002793500  -0.0000158887  -0.0000362673
       -0.0000395471   0.0000315925   0.0000082256  -0.0000210663  -0.0071090105
        0.0077204455  -0.0057580293  -0.0959111474   0.1670633361  -0.0782113866
        0.0156450853  -0.0176158113   0.0073345803   0.0005282411  -0.0008475870
        0.0004366875  -0.0002993567   0.0001127104  -0.0002770995  -0.0000018364
        0.0003059433   0.0000699438  -0.0010431496   0.0002509641   0.0000873993
        0.0001651137   0.0002139160  -0.0002118829   0.0000467328  -0.0005546190
       -0.0001205053  -0.0000469155  -0.0000211287  -0.0000134941  -0.0000241200
       -0.0000804471  -0.0000686231   0.0000080371   0.0000088157   0.0000143663
       -0.0000023107   0.0000364478  -0.0000245072  -0.0000098909  -0.0000058246
       -0.0000184941  -0.0000957224  -0.0000504393   0.0000018175   0.0000405471
       -0.0000078538  -0.0000554245  -0.0000171183   0.0000418756  -0.0000156850
       -0.0021476825  -0.0003437746  -0.0016595163  -0.0000258848   0.0007139516
       -0.0003004913  -0.0000860170   0.0002242689  -0.0000524262   0.0001497986
       -0.0001346732  -0.0000603073  -0.0001568234   0.0000230241   0.0000767816
       -0.0000182352  -0.0000027289   0.0000079620  -0.0000044569   0.0000132365
        0.0000071690   0.0000083883   0.0000005707  -0.0000325225   0.0000111195
        0.0000229177  -0.0000088970  -0.0001458201  -0.0000165940  -0.0004016599
        0.0000382835  -0.0000678753  -0.0000975355   0.0000289599  -0.0000389153
        0.0001527604  -0.0000885809   0.0000538224  -0.0000957626  -0.0000077466
       -0.0000178961  -0.0000112489  -0.0000083819  -0.0000107893  -0.0000041036
       -0.0000012294  -0.0000028400  -0.0000068348  -0.0000047957  -0.0000025759
        0.0000070082
        0.0004253356   0.0005553057  -0.0006110908  -0.0000231046  -0.0000188391
        0.0000889202   0.0000183000   0.0000463108  -0.0000269326  -0.0000134687
       -0.0000062306  -0.0000365169   0.0000064489  -0.0000163280   0.0000228042
        0.0000734114  -0.0000025520   0.0000450613  -0.0000078243  -0.0000149068
       -0.0000189504  -0.0000085336   0.0000014246   0.0000009684  -0.0000071910
       -0.0000239857  -0.0000018528  -0.0000091682  -0.0000099149  -0.0000099037
       -0.0000080055  -0.0000087271  -0.0000077643  -0.0000079021  -0.0000137602
       -0.0000067995   0.0001760542   0.0002767674  -0.0007064927  -0.0000064464
       -0.0001678460   0.0003110276  -0.0001567170   0.0002771413   0.0003242472
       -0.0092232716   0.0182307509  -0.0121566512  -0.0002099733   0.0000751208
       -0.0005531668  -0.0574055512   0.0655231325  -0.0905607374   0.0023766679
        0.0019789960  -0.0023842728  -0.0010900532  -0.0008889726   0.0006399647
       -0.0004079217   0.0009167874   0.0002533174  -0.0000362300  -0.0000100783
        0.0000027576  -0.0000603966  -0.0000314115  -0.0000220059  -0.0124505518
        0.0085870614  -0.0081993726   0.0678256369  -0.0782113866   0.1043943984
        0.0122761907  -0.0146779465   0.0086222427  -0.0005687948   0.0009460559
       -0.0002590194   0.0001048842  -0.0002024497   0.0000754724   0.0000510087
       -0.0000289666  -0.0000158570   0.0004521397   0.0000086222   0.0003333287
       -0.0002333398  -0.0002050608  -0.0000135249   0.0001464118  -0.0000743785
        0.0000511864   0.0002170321   0.0000560301   0.0002430350   0.0000382011
       -0.0007640638  -0.0001953089  -0.0000200529   0.0000102248   0.0000540729
        0.0000741519  -0.0000969915  -0.0000342130   0.0000038195   0.0000251201
        0.0000285726   0.0001075512  -0.0000548897   0.0000331799   0.0000033436
       -0.0000234453   0.0001028824   0.0000254115  -0.0000168761   0.0000455020
       -0.0027812121  -0.0014569585  -0.0010440821   0.0006533950   0.0000896705
        0.0005727192   0.0001028525  -0.0003730515   0.0000184528  -0.0001736232
        0.0002430267   0.0001956592   0.0001117159  -0.0001066862  -0.0001246956
        0.0000229341  -0.0000283112  -0.0000074354   0.0000019358   0.0000019923
       -0.0000041793  -0.0000067644   0.0000093816   0.0000185148  -0.0000072667
       -0.0000304266   0.0000191127  -0.0002213656  -0.0003562464   0.0005792754
       -0.0000922364  -0.0000237998   0.0000027277   0.0000522151   0.0000248063
       -0.0000655658  -0.0000674483   0.0000486782   0.0000330598  -0.0000257048
        0.0000043689  -0.0000098361  -0.0000083049   0.0000001132  -0.0000110949
       -0.0000003687   0.0000064770  -0.0000175774  -0.0000082559   0.0000021212
       -0.0000075632
        0.0004798864   0.0000108787   0.0000716988   0.0000005077   0.0000394369
        0.0000606122  -0.0000078134  -0.0000007209  -0.0000048188   0.0000060393
       -0.0000049996  -0.0000194675  -0.0000022220  -0.0000128359   0.0000097313
        0.0000280608   0.0000150124   0.0000351468  -0.0000109745  -0.0000052932
       -0.0000023307   0.0000160379   0.0000146361  -0.0000019530  -0.0000155860
       -0.0000032998   0.0000030040  -0.0000226057   0.0000091148  -0.0000105709
       -0.0000073456   0.0000027528   0.0000002493  -0.0000187609   0.0000034106
        0.0000014129   0.0002782537  -0.0000628653  -0.0000272252  -0.0008919466
        0.0001692577   0.0013577849  -0.0019270813  -0.0017795469   0.0020292024
       -0.0074649545   0.0093000635   0.0137138080  -0.0002708819  -0.0000868848
       -0.0000203962  -0.0721014912   0.0523996713   0.0557918917   0.0004862752
        0.0005875785  -0.0004862540   0.0000707459   0.0003160767   0.0004571495
       -0.0026657593  -0.0023218175  -0.0023766386   0.0000618232   0.0000321346
       -0.0000486745   0.0000315602   0.0000222895  -0.0000297572   0.0063230450
       -0.0142238775  -0.0153696593  -0.0086233296   0.0156450853   0.0122761907
        0.0857266371  -0.0578837233  -0.0657109780  -0.0000844039   0.0001442531
       -0.0001616107  -0.0000328157  -0.0000855956  -0.0001466369   0.0002009482
       -0.0003497752   0.0000221448  -0.0001047960   0.0000637023   0.0000658716
        0.0001300557  -0.0000018398  -0.0001860782  -0.0007148774  -0.0008145337
       -0.0002231643   0.0003029956  -0.0008673050  -0.0008423621  -0.0000920618
       -0.0000755841   0.0000465403   0.0000258739  -0.0000057953  -0.0000351791
       -0.0000008043  -0.0000510408  -0.0000127363   0.0000180327   0.0000090070
        0.0000293880   0.0000137805  -0.0000512456  -0.0000046362   0.0000034857
        0.0000089133  -0.0000186817   0.0000111860  -0.0000086095   0.0000213272
        0.0006805472  -0.0001320988  -0.0001408230   0.0005133824   0.0000373125
       -0.0001029242  -0.0000078760  -0.0001784072   0.0000314677  -0.0000302289
        0.0001630329   0.0000651730  -0.0000099214  -0.0000529026  -0.0000969015
        0.0000020258  -0.0000182733   0.0000016876   0.0000043091   0.0000036141
       -0.0000036262  -0.0000005760   0.0000019165  -0.0000157102  -0.0000012847
       -0.0000119387   0.0000003902  -0.0001800673  -0.0000156980   0.0000245993
       -0.0000552189   0.0000150172  -0.0000485746   0.0000779927  -0.0000432113
        0.0000999550  -0.0001341436   0.0000793351  -0.0000830299  -0.0000357278
        0.0000312995  -0.0000022978  -0.0000041110   0.0000127794   0.0000080156
        0.0000171223   0.0000045527   0.0000007543   0.0000090569   0.0000075845
        0.0000084996
       -0.0000774120  -0.0001104753   0.0001900341  -0.0000226438  -0.0000336878
       -0.0000468983   0.0000189600  -0.0000227801  -0.0000159349   0.0000033736
        0.0000309717   0.0000410885  -0.0000052367  -0.0000088881   0.0000072478
       -0.0000154127  -0.0000314038  -0.0000306124  -0.0000024100  -0.0000052539
        0.0000065093  -0.0000037833   0.0000040217   0.0000060599   0.0000046680
        0.0000023404  -0.0000072394   0.0000132004  -0.0000171465   0.0000005402
        0.0000048677   0.0000039883   0.0000131884   0.0000046934  -0.0000109940
        0.0000104876  -0.0002208784  -0.0001113365   0.0001358663  -0.0005836360
        0.0002336723   0.0009135606  -0.0014248951  -0.0005967503   0.0014720307
       -0.0047734116   0.0075900043   0.0086012015  -0.0001402902  -0.0001803163
        0.0001653587   0.0530023041  -0.1323845528  -0.0973165168  -0.0003775653
        0.0004347300   0.0006517485  -0.0000405079   0.0001351175   0.0004958528
       -0.0031532393  -0.0015448060  -0.0019482480   0.0000264859   0.0000657279
        0.0000499183   0.0000558374   0.0000441663   0.0000133024   0.0033848301
       -0.0106457692  -0.0116938593   0.0123702199  -0.0176158113  -0.0146779465
       -0.0578837233   0.1546955255   0.1129898851  -0.0000521011  -0.0000281316
        0.0000022364   0.0000471236   0.0000079175  -0.0000594194  -0.0002241535
       -0.0003488213   0.0003707665   0.0000374451  -0.0001653349  -0.0001323294
       -0.0000286697  -0.0000464593   0.0000852017  -0.0003729074   0.0001599369
        0.0000905905   0.0002011708  -0.0005119370  -0.0008283977  -0.0002409005
        0.0003880363   0.0000976170  -0.0000101814   0.0000383923  -0.0000160069
       -0.0000640886   0.0000179152   0.0000225360  -0.0000040588   0.0000381365
        0.0000519963  -0.0000190981  -0.0000346229  -0.0000321882  -0.0000143291
        0.0000284861  -0.0000058721   0.0000053845   0.0000177367   0.0000487601
        0.0002491220   0.0006293124   0.0003403485   0.0001287124  -0.0002216786
        0.0000557073  -0.0000025612   0.0001475111  -0.0000057933   0.0000166194
       -0.0000111358  -0.0000416690  -0.0000128090  -0.0000297905   0.0000744298
       -0.0000059364  -0.0000077763   0.0000037431   0.0000071698   0.0000085648
       -0.0000033610   0.0000029636  -0.0000005506  -0.0000111071  -0.0000036213
        0.0000078764   0.0000057292   0.0002327493   0.0000093188  -0.0001269816
        0.0000244633  -0.0000626901   0.0000369588  -0.0000810832   0.0000693663
       -0.0001028634   0.0000303480   0.0000277984   0.0000486393   0.0000063131
       -0.0000311142   0.0000018311  -0.0000030100  -0.0000175140  -0.0000028144
       -0.0000077999   0.0000001217  -0.0000007321  -0.0000066706   0.0000008355
        0.0000058189
       -0.0003531910  -0.0000634618  -0.0001255832  -0.0000749435  -0.0000457152
       -0.0000780134   0.0000086989   0.0000425760   0.0000013982   0.0000242605
       -0.0000041202   0.0000035149  -0.0000039531   0.0000144874   0.0000021678
       -0.0000007852  -0.0000105340  -0.0000347906   0.0000014020   0.0000058753
       -0.0000017867  -0.0000039345  -0.0000194957  -0.0000160104  -0.0000028545
        0.0000009732  -0.0000067753   0.0000090242   0.0000093062   0.0000081072
        0.0000102323   0.0000058407  -0.0000130071   0.0000061493   0.0000097376
       -0.0000048507  -0.0003245803   0.0001025247  -0.0001262592   0.0012065270
       -0.0002406485  -0.0013920756   0.0028254853   0.0021086152  -0.0024756484
        0.0110422267  -0.0114199119  -0.0179800982   0.0000124421   0.0000766116
        0.0002430585   0.0557734344  -0.0969862183  -0.1503506402  -0.0001839177
       -0.0008463670   0.0006160871  -0.0006480146  -0.0003434193   0.0003335192
       -0.0030471927  -0.0020677438  -0.0011784509  -0.0000428402   0.0000379590
        0.0000558344   0.0000387860   0.0000356800  -0.0000015579   0.0032659674
       -0.0115279395  -0.0115710073  -0.0045938729   0.0073345803   0.0086222427
       -0.0657109780   0.1129898851   0.1750450007  -0.0001297255  -0.0001811791
        0.0002464857  -0.0001761378  -0.0000157102  -0.0004210701   0.0001774892
        0.0008148298   0.0000957908   0.0000352907   0.0000742142  -0.0000644565
       -0.0001094066  -0.0000476098   0.0000389995   0.0000646636   0.0002019279
        0.0004453681   0.0003697991  -0.0006287170  -0.0006424216  -0.0001242420
        0.0001735630   0.0000255795  -0.0000052227   0.0000164552   0.0000498723
       -0.0000556193   0.0000505571   0.0000328962  -0.0000242905   0.0000257823
        0.0000665865  -0.0000502434  -0.0000632702  -0.0000794992   0.0000172797
       -0.0000279887   0.0000386090   0.0000086332   0.0000299727   0.0001099563
        0.0002797608   0.0000710214  -0.0000340882   0.0001515265   0.0002214509
        0.0004768749  -0.0000118403   0.0003267340   0.0000502651   0.0001791832
       -0.0003592582  -0.0002311824  -0.0001228023   0.0001022013   0.0001680714
       -0.0000451906   0.0000260833  -0.0000063241  -0.0000088094  -0.0000144258
        0.0000097595   0.0000028727  -0.0000194965  -0.0000038878  -0.0000119825
        0.0000205426  -0.0000192477   0.0001851113   0.0000675014   0.0000223571
       -0.0000206129   0.0000016441   0.0000876475  -0.0000910981   0.0000897118
       -0.0001754364   0.0002538900  -0.0001123028   0.0001362624   0.0000272416
       -0.0000308514   0.0000038762   0.0000050792  -0.0000067957  -0.0000018242
       -0.0000027033  -0.0000024170   0.0000027354  -0.0000014717  -0.0000032477
       -0.0000029308
       -0.0005541835   0.0012612132  -0.0004180387  -0.0000262237  -0.0000868530
       -0.0000394246   0.0000388967   0.0000466318   0.0000043276  -0.0000168041
       -0.0000029548  -0.0000320075   0.0000090733   0.0000316461  -0.0000113626
        0.0000236194  -0.0000058545  -0.0000055571  -0.0000162079  -0.0000180446
        0.0000046181  -0.0000649266  -0.0000281742   0.0000231068  -0.0000229585
       -0.0000165438  -0.0000124748   0.0000165303   0.0000018064   0.0000155037
       -0.0000056573   0.0000099483  -0.0000083472   0.0000099455   0.0000136801
        0.0000051955   0.0003109424  -0.0001382825  -0.0000020940  -0.0000654681
        0.0005188338  -0.0002502260   0.0000825627  -0.0003912935   0.0005913271
        0.0072263017   0.0033020379  -0.0084345114   0.0000593365  -0.0002368293
        0.0001727342  -0.0009446878   0.0019263581  -0.0007422266  -0.1227396943
       -0.0561263050   0.0954995826   0.0004494092   0.0007848299  -0.0003091980
       -0.0000305026  -0.0000647340   0.0000316097  -0.0000252414   0.0000312317
       -0.0000290375  -0.0000469202   0.0000827884   0.0000359938  -0.0001119363
       -0.0000848135   0.0001008381   0.0003008598   0.0005282411  -0.0005687948
       -0.0000844039  -0.0000521011  -0.0001297255   0.1385720916   0.0618512382
       -0.1094480782  -0.0202192692  -0.0123206193   0.0199355307  -0.0017377819
       -0.0008493641   0.0041388679  -0.0001122104  -0.0000235016  -0.0000423034
       -0.0005693813   0.0003630945  -0.0007936116  -0.0001270585  -0.0000134451
        0.0000387643   0.0000200236   0.0000024188   0.0000181960   0.0000372445
        0.0000020234  -0.0000680857   0.0000296156  -0.0000091766   0.0000028633
        0.0000008538   0.0000439122  -0.0000010531  -0.0000243760  -0.0000060964
        0.0000116129  -0.0002993721  -0.0000593371   0.0003383690   0.0003284151
       -0.0002076626  -0.0004538868   0.0000570685   0.0001548883   0.0000038315
        0.0001658456   0.0001373495   0.0000870956   0.0001311301   0.0000198416
        0.0000007487   0.0003707753  -0.0010943058  -0.0004206256  -0.0010498762
        0.0008190604   0.0026314255   0.0008625335   0.0000641627  -0.0012695316
       -0.0000690517  -0.0000139424  -0.0003210309  -0.0000528110   0.0000553726
       -0.0000556886   0.0000466467   0.0000001822  -0.0000609352   0.0000618166
       -0.0000510456   0.0000208703  -0.0003480009  -0.0001337706   0.0002730718
        0.0000125177  -0.0000381281   0.0000573504  -0.0000379442   0.0001127792
       -0.0001182994   0.0001436065  -0.0000996932   0.0000367554   0.0000251927
       -0.0000187974  -0.0000000044   0.0000167810   0.0000039075  -0.0000130107
        0.0000015596   0.0000086737  -0.0000111284  -0.0000082462   0.0000135183
       -0.0000098904
        0.0020761830  -0.0009734765  -0.0001707368   0.0000266359   0.0001490510
        0.0001812894  -0.0000215091  -0.0000688238  -0.0000125092  -0.0000269114
       -0.0000093619  -0.0000809954   0.0000076023  -0.0000113321  -0.0000167058
       -0.0000106613  -0.0000064885   0.0000420229   0.0000202540  -0.0000103032
       -0.0000238989   0.0000078715   0.0000221149  -0.0000038461  -0.0000013271
       -0.0000056883  -0.0000035292  -0.0000145584  -0.0000037773  -0.0000205986
       -0.0000190346  -0.0000258347  -0.0000238003  -0.0000121929  -0.0000028979
       -0.0000181970   0.0001262347  -0.0001097839   0.0002116688  -0.0001380044
        0.0002952751  -0.0002834811  -0.0013230582   0.0008623310   0.0006602806
       -0.0117949027  -0.0151221652   0.0201341601  -0.0000419244  -0.0005220282
        0.0001729543   0.0025065076  -0.0039033940   0.0021405766  -0.0559141123
       -0.0823622862   0.0678209425  -0.0006746448   0.0003548322  -0.0005330396
       -0.0000185879   0.0000038903   0.0000365243   0.0000312026   0.0000542148
        0.0000385706   0.0000036094   0.0000634015   0.0001327730   0.0000973038
        0.0000411953   0.0001160102  -0.0006447823  -0.0008475870   0.0009460559
        0.0001442531  -0.0000281316  -0.0001811791   0.0618512382   0.0960019889
       -0.0801700454  -0.0066847035  -0.0028360633   0.0053314166   0.0111693791
        0.0079541150  -0.0153780202  -0.0001312418   0.0000835002  -0.0001417898
        0.0003219104   0.0003795016   0.0001236369   0.0001032417  -0.0000261386
       -0.0000648260   0.0000331906   0.0000534322  -0.0000103879  -0.0000109491
        0.0000953364  -0.0000152133   0.0000269847  -0.0000178377  -0.0000791544
       -0.0000332900   0.0000224761   0.0000297587   0.0000067012   0.0000454673
        0.0000384914  -0.0001670516  -0.0000045616   0.0001153512  -0.0001033723
       -0.0001611047  -0.0007330078   0.0000885324   0.0001772057   0.0000627266
        0.0000308497   0.0000971433  -0.0000013178   0.0000473269   0.0000921155
       -0.0000937592   0.0000624454  -0.0005494461  -0.0001224803  -0.0001237651
        0.0012631850   0.0002067400   0.0002008414  -0.0008639346  -0.0002447986
        0.0000038929   0.0000201526  -0.0000084247   0.0000285557  -0.0000767500
       -0.0000284359   0.0000011311   0.0000491425  -0.0000829973  -0.0000235504
       -0.0001923344   0.0001053882  -0.0003733445   0.0003163829  -0.0000671806
        0.0000000995   0.0000287950  -0.0001368827  -0.0000457714  -0.0000556110
        0.0002654145  -0.0005596151   0.0002686346  -0.0001586126  -0.0000579718
        0.0000320900  -0.0000280858  -0.0000369821   0.0000035661   0.0000137738
       -0.0000080136  -0.0000180461   0.0000090744  -0.0000081443  -0.0000153487
        0.0000023362
       -0.0000406734   0.0002107766   0.0003771734  -0.0000254421   0.0000338658
       -0.0000545881   0.0000010878   0.0000107977  -0.0000206931  -0.0000055141
       -0.0000405326   0.0000074909  -0.0000010933   0.0000080627  -0.0000366926
        0.0000141392   0.0000228001  -0.0000055699  -0.0000013601  -0.0000156959
       -0.0000146833   0.0000191220  -0.0000150155  -0.0000052713  -0.0000012399
        0.0000131966  -0.0000381582   0.0000094744   0.0000133529  -0.0000021546
        0.0000061020  -0.0000045127  -0.0000147646   0.0000053862   0.0000103680
       -0.0000152680   0.0000894419   0.0001145727  -0.0000662142  -0.0002986648
       -0.0010400918  -0.0001166727   0.0007066634  -0.0004469488   0.0000497363
        0.0050042133   0.0085776417  -0.0097411758   0.0001155522   0.0002412293
        0.0000527564  -0.0012281355   0.0017982827  -0.0007393519   0.0942592166
        0.0680962400  -0.1615960493   0.0004507206  -0.0000059311   0.0000323155
       -0.0000006757   0.0000495159  -0.0000317200  -0.0000299571  -0.0000546039
       -0.0000321690  -0.0001892158  -0.0002666458  -0.0001541266  -0.0000370658
       -0.0000653358   0.0000663144   0.0003094894   0.0004366875  -0.0002590194
       -0.0001616107   0.0000022364   0.0002464857  -0.1094480782  -0.0801700454
        0.1875445198  -0.0055863018  -0.0042477281   0.0075451211   0.0161042569
        0.0073903919  -0.0218638599   0.0000689391  -0.0003045614   0.0002370701
       -0.0010432079   0.0001836595  -0.0000675688   0.0000779202   0.0000592689
       -0.0002111126  -0.0000084504  -0.0000227731   0.0000242870   0.0000237805
       -0.0000249232  -0.0000035233   0.0000129133  -0.0000502077   0.0000170875
        0.0000038552   0.0000233785  -0.0000019437  -0.0000011041  -0.0000229529
       -0.0000091626   0.0001296891   0.0001807259   0.0000929430  -0.0002058357
       -0.0004117496  -0.0001813435   0.0000345806  -0.0000449742  -0.0000762209
        0.0000295296   0.0000817386  -0.0000777470  -0.0000086855  -0.0000955947
        0.0000747419   0.0001437640  -0.0004979383  -0.0002601559   0.0003883435
        0.0001863941   0.0006499764   0.0005025261   0.0001868046  -0.0006810723
       -0.0001311889   0.0000234120  -0.0002176240  -0.0000666267  -0.0000134738
       -0.0000100321  -0.0000875639  -0.0000588186  -0.0002679516   0.0000012333
        0.0001254257   0.0000056637   0.0000688369  -0.0000650555  -0.0000752372
       -0.0000104531   0.0000134176  -0.0000211842   0.0000493665  -0.0000315664
        0.0000802786  -0.0000051348  -0.0000691272  -0.0000970057  -0.0000112963
        0.0000122473  -0.0000174770  -0.0000005879   0.0000039557  -0.0000043552
        0.0000041555  -0.0000141904  -0.0000044413   0.0000008639  -0.0000094526
       -0.0000106003
       -0.0004071679  -0.0001663627  -0.0002793374   0.0000231930   0.0000023238
       -0.0000123438   0.0000029858   0.0000364224   0.0000437838   0.0000165311
        0.0000112963   0.0000032244  -0.0000125957  -0.0000151626   0.0000331485
        0.0000159894  -0.0000501252  -0.0000003947   0.0000074015   0.0000322088
       -0.0000081109   0.0000106512  -0.0000054613  -0.0000198887   0.0000238203
        0.0000192673   0.0000162754   0.0000154396  -0.0000021889   0.0000032231
        0.0000041362  -0.0000078926   0.0000001994   0.0000016555  -0.0000094203
       -0.0000098923  -0.0001819816  -0.0000551440  -0.0001358831  -0.0000579123
        0.0002241470   0.0003711519   0.0002559318  -0.0001758713  -0.0000681272
       -0.0153209952  -0.0005880617  -0.0070424640  -0.0005963732   0.0006646080
       -0.0001402356   0.0001708984  -0.0006987252   0.0004488459  -0.2406503489
       -0.0421083256  -0.0759870574  -0.0018489342   0.0032077868  -0.0014850785
        0.0000720043   0.0001698550   0.0000421937   0.0000797479  -0.0000326975
        0.0000371750   0.0000141369  -0.0012271659  -0.0010627390   0.0000687178
       -0.0005845160   0.0002246807   0.0000032821  -0.0002993567   0.0001048842
       -0.0000328157   0.0000471236  -0.0001761378  -0.0202192692  -0.0066847035
       -0.0055863018   0.2767969967   0.0518543386   0.0920775511   0.0001159188
       -0.0016353506  -0.0014247211  -0.0006484758  -0.0001780334  -0.0006417333
        0.0004878271   0.0002427035  -0.0000950752   0.0000544084   0.0000914406
        0.0002546089   0.0000120351  -0.0000077522   0.0000022434   0.0000140139
       -0.0001128010   0.0000556283  -0.0000364700  -0.0000100244  -0.0000011680
        0.0000169496  -0.0000781790  -0.0000134505   0.0000337276   0.0000073694
        0.0000025296   0.0013427199  -0.0007119645  -0.0009735034  -0.0004283993
        0.0001452242   0.0006780544   0.0000346846  -0.0004561089  -0.0002507576
        0.0004367264  -0.0007647692   0.0005108559  -0.0000197634  -0.0000326793
        0.0001231084   0.0000181926   0.0002206203   0.0001792982  -0.0000840644
       -0.0001504223  -0.0005538566  -0.0001100489  -0.0000853023   0.0004033527
        0.0000819395  -0.0000272627   0.0001311938   0.0000317849  -0.0000004036
       -0.0000147123  -0.0000054650  -0.0000068793   0.0000762304  -0.0000212534
        0.0000035273  -0.0000184349   0.0002581128   0.0000436160   0.0001401734
       -0.0000311523   0.0000517802   0.0000040761   0.0001234964  -0.0000996114
       -0.0000015300   0.0000932768   0.0000018767   0.0000367918  -0.0000261467
        0.0000034498   0.0000114885  -0.0000000026  -0.0000059807  -0.0000036024
        0.0000000931  -0.0000027462  -0.0000014631   0.0000002088  -0.0000035335
       -0.0000079703
        0.0003679732  -0.0000950941   0.0001244787  -0.0000035946   0.0000130804
        0.0000434662   0.0000218333  -0.0000502145  -0.0000253112  -0.0000213990
        0.0000090072  -0.0000071111   0.0000022301   0.0000231546  -0.0000111135
        0.0000060964   0.0000332731   0.0000010520  -0.0000065652   0.0000230630
       -0.0000076524  -0.0000066363   0.0000113645  -0.0000087086  -0.0000144743
        0.0000142374   0.0000037379  -0.0000057739   0.0000151219  -0.0000117648
       -0.0000176049   0.0000176247  -0.0000084009  -0.0000131081   0.0000238060
       -0.0000053864   0.0001582868  -0.0001034917   0.0000395966  -0.0003374970
        0.0000827870   0.0000983141  -0.0001685020   0.0003331035  -0.0000753231
        0.0215110438   0.0050625397   0.0091405767   0.0004771029  -0.0001250571
        0.0000825024   0.0000011029   0.0008319042  -0.0004526208  -0.0428312099
       -0.0521996197  -0.0160388733   0.0025879186  -0.0030994354   0.0019452736
       -0.0000003489  -0.0002099977  -0.0000212470  -0.0000915274  -0.0000269519
       -0.0000611320   0.0004892382  -0.0016010786  -0.0015651273   0.0004926018
       -0.0009020700   0.0005341488   0.0000331628   0.0001127104  -0.0002024497
       -0.0000855956   0.0000079175  -0.0000157102  -0.0123206193  -0.0028360633
       -0.0042477281   0.0518543386   0.0625784273   0.0219581070  -0.0195552289
       -0.0058326304  -0.0098431185   0.0011228100   0.0002792602   0.0007953181
        0.0000575895  -0.0001540729  -0.0000321080  -0.0000468390  -0.0000699643
        0.0001541333  -0.0000425824  -0.0000927150  -0.0000319907  -0.0000345126
        0.0000841713  -0.0000117283  -0.0000059219   0.0000094589   0.0000347568
       -0.0000143956   0.0000675003   0.0000239262  -0.0000050541  -0.0000406168
       -0.0000128022  -0.0015491433  -0.0014869243  -0.0027023629  -0.0001051437
        0.0001776764   0.0000012841  -0.0001642310  -0.0001149685  -0.0001124457
       -0.0012801411  -0.0010642759   0.0007788988  -0.0001114862   0.0002167409
       -0.0001133698  -0.0000075618   0.0000157294   0.0000120801  -0.0000014343
        0.0000466790  -0.0000286858  -0.0001156700  -0.0000650102  -0.0000350745
       -0.0000027861  -0.0000044318   0.0000413046   0.0000077137  -0.0000066940
        0.0000010302  -0.0000226523  -0.0000014835  -0.0000056019  -0.0000358091
       -0.0000027690  -0.0000216315  -0.0000963741  -0.0000213083  -0.0000983126
        0.0000302485  -0.0000094778  -0.0000523409   0.0000134960   0.0000174063
        0.0001065276  -0.0001333166   0.0000463283  -0.0000684260   0.0000013644
        0.0000144147  -0.0000060384   0.0000038469   0.0000220645   0.0000065142
        0.0000146445   0.0000104696   0.0000080323   0.0000000974   0.0000153944
        0.0000066375
       -0.0000123036   0.0000926910  -0.0000788318  -0.0000328014   0.0000068091
       -0.0000177218  -0.0000150248   0.0000283881   0.0000271699   0.0000246463
       -0.0000156025  -0.0000171593  -0.0000187970  -0.0000001045   0.0000233453
       -0.0000023596  -0.0000229157   0.0000099956   0.0000008662   0.0000082880
        0.0000226372   0.0000084592  -0.0000120669   0.0000124611  -0.0000064100
        0.0000033162   0.0000253851  -0.0000139266  -0.0000011538   0.0000172442
       -0.0000021109  -0.0000117031   0.0000163153  -0.0000164800  -0.0000044694
        0.0000149394  -0.0000225143  -0.0000212978  -0.0000385811   0.0000920163
       -0.0001274525  -0.0002749475   0.0002249748  -0.0001123615   0.0003909955
       -0.0104459415  -0.0011547328  -0.0052143164   0.0001039223   0.0000356980
        0.0004888305  -0.0002994425  -0.0003295516   0.0002919016  -0.0756300681
       -0.0153226632  -0.0724269111  -0.0018019689   0.0024015948  -0.0005688603
       -0.0000426846  -0.0000024367   0.0001261890  -0.0000524930   0.0000506168
       -0.0001644636   0.0003741142  -0.0016891176  -0.0017551028  -0.0003900605
        0.0004702724  -0.0002282888   0.0000767044  -0.0002770995   0.0000754724
       -0.0001466369  -0.0000594194  -0.0004210701   0.0199355307   0.0053314166
        0.0075451211   0.0920775511   0.0219581070   0.0848294146  -0.0233500032
       -0.0090061899  -0.0113822385  -0.0007559808  -0.0000696011  -0.0002157707
        0.0001083272   0.0000539040  -0.0001101873   0.0000549116   0.0000945079
        0.0002422216   0.0000119450  -0.0000727853  -0.0000484473   0.0000623114
       -0.0000448945  -0.0001114762   0.0000649370  -0.0000216791  -0.0000394062
       -0.0000499325   0.0000563228   0.0000050783   0.0000058723  -0.0000218665
       -0.0000221733  -0.0014839825  -0.0024258860  -0.0010621895   0.0004296293
       -0.0000866489  -0.0004787878  -0.0001187299  -0.0001605686  -0.0002191633
        0.0008014511   0.0006032105   0.0005038173   0.0000900550  -0.0001149945
       -0.0000076116   0.0000081150  -0.0000940813   0.0000481743  -0.0000586878
        0.0000005124  -0.0000250545   0.0000957856   0.0000686098   0.0000736001
        0.0000141882   0.0000148709  -0.0000073468   0.0000133475  -0.0000017369
       -0.0000010602   0.0000468077   0.0000100238   0.0000082664   0.0000123593
       -0.0000320230   0.0000203212  -0.0000407609   0.0000329224   0.0000439924
       -0.0000564934   0.0000460940  -0.0000068200   0.0000936175  -0.0000628955
        0.0000737808   0.0000374154  -0.0000075022  -0.0000360712  -0.0000197597
        0.0000150777   0.0000084704  -0.0000051011   0.0000052354   0.0000113722
        0.0000151697   0.0000018553   0.0000108825   0.0000064243  -0.0000028428
        0.0000126636
        0.0002723626   0.0002441832  -0.0000410130   0.0000011038   0.0000370054
        0.0000540453   0.0000005939  -0.0000097293  -0.0000170139  -0.0000118278
       -0.0000149720   0.0000043974  -0.0000089767  -0.0000022812  -0.0000156521
        0.0000130213   0.0000061860   0.0000251897  -0.0000101824  -0.0000137488
        0.0000038741   0.0000108833   0.0000102775   0.0000046376  -0.0000208930
       -0.0000048005  -0.0000032864  -0.0000114077   0.0000034027   0.0000034297
       -0.0000101692   0.0000025434   0.0000083059  -0.0000165923   0.0000062653
        0.0000087561   0.0007105524  -0.0001400401   0.0003895088   0.0001344547
        0.0000195541  -0.0002407008  -0.0019903835   0.0039802550  -0.0000488223
       -0.0018894395   0.0092611354   0.0088755906  -0.0003349407   0.0000672387
       -0.0001012288   0.0000494858  -0.0003352620   0.0000757625  -0.0459915695
        0.0120099770   0.0137651875  -0.0001224402   0.0009245886   0.0003608497
       -0.0000021603   0.0000422795  -0.0000352107   0.0000827368   0.0000256976
        0.0000797683  -0.0003240536  -0.0004159752  -0.0004215309  -0.0001639179
       -0.0001262907   0.0000351104  -0.0000651032  -0.0000018364   0.0000510087
        0.0002009482  -0.0002241535   0.0001774892  -0.0017377819   0.0111693791
        0.0161042569   0.0001159188  -0.0195552289  -0.0233500032   0.0522618214
       -0.0170699720  -0.0146714672  -0.0000168671  -0.0002026120   0.0000928870
       -0.0004143531   0.0001362561   0.0002919526  -0.0005636729   0.0005923218
       -0.0010234213   0.0000154929   0.0000190038   0.0000048444  -0.0000068692
       -0.0000063861   0.0000262856   0.0000045898  -0.0000133896  -0.0000218595
        0.0000298343  -0.0000290178   0.0000005248   0.0000182896   0.0000165298
        0.0000096105   0.0002852405   0.0000113810  -0.0000976087  -0.0001553071
       -0.0000526009   0.0000558706   0.0001741603  -0.0001453368  -0.0001700031
        0.0000542407  -0.0000636741  -0.0001455764   0.0000077665  -0.0000863021
        0.0000273584   0.0001207292  -0.0003150869  -0.0001136782  -0.0001033881
        0.0003029478   0.0003564354   0.0000732856  -0.0001134499  -0.0003257033
       -0.0000168872  -0.0000155017  -0.0000668586   0.0000067302   0.0000077981
       -0.0000125054  -0.0000100563  -0.0000075051  -0.0000508037   0.0000086644
       -0.0000022824   0.0000147766  -0.0005745633   0.0000342953   0.0000216480
       -0.0000251933  -0.0000164888  -0.0000075388   0.0000277981   0.0000280411
        0.0000281844  -0.0000894783   0.0000040865  -0.0000158862  -0.0000147185
        0.0000104077   0.0000064465   0.0000025654   0.0000056629   0.0000142177
        0.0000140619  -0.0000021183   0.0000052905   0.0000058610   0.0000073427
        0.0000138710
       -0.0002249645  -0.0002516039   0.0000449895  -0.0000470900  -0.0000289067
       -0.0000310156   0.0000320962   0.0000063009  -0.0000048010   0.0000002844
        0.0000165444   0.0000364164  -0.0000111217  -0.0000082581   0.0000101568
       -0.0000097361  -0.0000318984  -0.0000452594  -0.0000000248   0.0000070320
        0.0000094248  -0.0000124965  -0.0000013042   0.0000037358   0.0000038214
        0.0000036774   0.0000028226   0.0000141710  -0.0000187572   0.0000122668
       -0.0000001847   0.0000061534   0.0000168463   0.0000029716  -0.0000083206
        0.0000153287  -0.0011092293   0.0002798391  -0.0006692766  -0.0003962296
        0.0003593961   0.0006705674   0.0034267811  -0.0060655886   0.0010305609
        0.0055300896  -0.0213447006  -0.0181691837   0.0003272171  -0.0000697072
        0.0001087409   0.0002528612   0.0001786247  -0.0006079880   0.0121242179
       -0.1408449389  -0.1126251853  -0.0009682728   0.0005417338  -0.0009106800
        0.0000318047   0.0000367518  -0.0000335473  -0.0001172594  -0.0000733853
       -0.0000705287  -0.0001670937   0.0000017259  -0.0001419620  -0.0000825873
       -0.0000881771   0.0000857745  -0.0000828606   0.0003059433  -0.0000289666
       -0.0003497752  -0.0003488213   0.0008148298  -0.0008493641   0.0079541150
        0.0073903919  -0.0016353506  -0.0058326304  -0.0090061899  -0.0170699720
        0.1648251941   0.1316538878  -0.0003633218   0.0002420228  -0.0001798444
        0.0002099653   0.0000739656  -0.0000136708   0.0004392760   0.0002089166
        0.0007355461   0.0000216616   0.0000973162   0.0000539621  -0.0000120860
        0.0000655983  -0.0000139246  -0.0000329355   0.0000327045   0.0000567703
       -0.0000179478   0.0000537499  -0.0000076604  -0.0000070868   0.0000164073
       -0.0000284646   0.0000698059  -0.0001245576  -0.0001522922  -0.0000520138
       -0.0000747006   0.0000741943   0.0001126438   0.0000093340   0.0000350476
       -0.0000609233  -0.0000887602  -0.0001362102   0.0000373379   0.0000295676
        0.0000138645   0.0000048023   0.0002832088   0.0000351299   0.0001281140
       -0.0001735961  -0.0002014953  -0.0001452032  -0.0000229398   0.0002304601
       -0.0000326616   0.0000144797   0.0000371847  -0.0000098953   0.0000038329
        0.0000250656   0.0000035586  -0.0000060273  -0.0000092809  -0.0000115517
        0.0000418767   0.0000168906   0.0009260714  -0.0001627595  -0.0000864952
        0.0000357913  -0.0000402048   0.0000647375  -0.0001374318   0.0001243228
       -0.0001726250   0.0002446164  -0.0000824500   0.0000883946   0.0000410514
       -0.0000406843  -0.0000035264   0.0000076785  -0.0000079767  -0.0000128586
       -0.0000051351   0.0000104404  -0.0000086423  -0.0000068840   0.0000108792
       -0.0000024138
       -0.0005002856  -0.0000918870   0.0000500684  -0.0000455482  -0.0000573742
       -0.0000733245   0.0000120009   0.0000371502   0.0000341894   0.0000338561
       -0.0000069082  -0.0000134208  -0.0000104082   0.0000160923   0.0000014954
       -0.0000092688  -0.0000099498  -0.0000067347   0.0000024271   0.0000255139
        0.0000008263  -0.0000055238  -0.0000227018  -0.0000209014  -0.0000094064
       -0.0000111761   0.0000228309   0.0000021687   0.0000111019   0.0000161140
        0.0000107267   0.0000040613  -0.0000068780   0.0000047542   0.0000117419
        0.0000001454  -0.0002705248   0.0002229126   0.0001241370   0.0004542656
       -0.0004657248  -0.0000344594  -0.0006371679   0.0016331265  -0.0001442636
       -0.0003096365   0.0040875660   0.0054518232  -0.0000952222   0.0001277517
       -0.0001312873  -0.0002020065   0.0003699595   0.0001255497   0.0146496071
       -0.1139285769  -0.1736401835  -0.0007390555   0.0009843486   0.0002578342
       -0.0000143000   0.0000300561  -0.0000240201   0.0000024710   0.0000358070
        0.0000491092  -0.0002691289  -0.0002265309  -0.0003658588  -0.0000748640
       -0.0000325436  -0.0000314457  -0.0000296771   0.0000699438  -0.0000158570
        0.0000221448   0.0003707665   0.0000957908   0.0041388679  -0.0153780202
       -0.0218638599  -0.0014247211  -0.0098431185  -0.0113822385  -0.0146714672
        0.1316538878   0.2014347745  -0.0000914721   0.0002529418  -0.0000134656
        0.0002758754  -0.0001755165  -0.0001984560  -0.0007466088   0.0005657481
        0.0000515055   0.0000175398   0.0000280591   0.0000191493  -0.0000115197
        0.0000006260   0.0000432519  -0.0000252134   0.0000094318   0.0000253714
        0.0000001148  -0.0000068245   0.0000212359  -0.0000019511   0.0000118812
        0.0000066993   0.0002767928  -0.0001456089  -0.0002111780  -0.0001083122
       -0.0000603614   0.0002576901   0.0000495734  -0.0001290922   0.0000214524
        0.0000199956  -0.0001291897  -0.0001184468   0.0000034697   0.0000035274
        0.0000219583  -0.0000786498   0.0003777955   0.0001593845   0.0001172309
       -0.0004375088  -0.0003121356  -0.0001213098   0.0002337612   0.0001466355
        0.0000015928   0.0000274964   0.0000339075  -0.0000008788   0.0000080847
        0.0000297475   0.0000168674  -0.0000142343   0.0000854163   0.0000032386
        0.0000181456  -0.0000444167   0.0002327406  -0.0000075439   0.0000289637
       -0.0000209095   0.0000390934   0.0000707968  -0.0000509112   0.0000466666
       -0.0000961531   0.0002005449  -0.0001165547   0.0000692647   0.0000203546
       -0.0000117485  -0.0000007417   0.0000048140   0.0000007608  -0.0000014608
        0.0000002574  -0.0000039924   0.0000014728   0.0000016564  -0.0000031198
       -0.0000074040
        0.0011125895  -0.0002848019  -0.0001001527  -0.0001080491  -0.0001340935
        0.0007856389  -0.0011391297  -0.0003308649   0.0001708854  -0.0000096027
        0.0001110205  -0.0000942812  -0.0001861886  -0.0001566257  -0.0003137706
       -0.0013348570   0.0013843276   0.0002232159  -0.0000408037  -0.0000640321
       -0.0000317561   0.0000484096   0.0000640581  -0.0000360396   0.0000285697
        0.0000189993   0.0000260663  -0.0000085244  -0.0000046695  -0.0000960787
        0.0000315829   0.0000020457  -0.0000205629   0.0000314219   0.0000586916
       -0.0000005948   0.0002607208  -0.0002138715  -0.0006782536  -0.0000887642
        0.0002656714   0.0000482678   0.0006450704   0.0005621196   0.0009818787
       -0.0173498318   0.0186432632  -0.0097762719  -0.0001945648   0.0000953010
       -0.0000022702   0.0002353159   0.0010935632  -0.0006256442  -0.0046165213
       -0.0009886603  -0.0026687570  -0.1073403625   0.0950066592  -0.0368016420
       -0.0000083594   0.0000294519  -0.0000205145   0.0000350448   0.0000366107
        0.0000415009  -0.0000126605  -0.0000398197  -0.0000018452   0.0001522718
       -0.0000229664   0.0000350274  -0.0006159589  -0.0010431496   0.0004521397
       -0.0001047960   0.0000374451   0.0000352907  -0.0001122104  -0.0001312418
        0.0000689391  -0.0006484758   0.0011228100  -0.0007559808  -0.0000168671
       -0.0003633218  -0.0000914721   0.1284383075  -0.1130462521   0.0450311452
        0.0084049372  -0.0119277629   0.0044426699  -0.0052663327   0.0100917237
       -0.0012532785   0.0000604061   0.0000538526   0.0000658742   0.0000038567
       -0.0001260768  -0.0000008352  -0.0000061625   0.0000092791   0.0000201118
        0.0000308498  -0.0000440052  -0.0000081437  -0.0000066160   0.0000436035
        0.0000341223   0.0000817451   0.0000527962   0.0000168033  -0.0000172292
        0.0000013127   0.0000623312   0.0000365586  -0.0000179419   0.0000178341
        0.0002048724   0.0000684449   0.0000978311   0.0000494176   0.0000447168
        0.0000441757  -0.0000582096  -0.0000043297   0.0000140383   0.0000043032
        0.0000874906  -0.0000916248  -0.0000394534  -0.0002745252   0.0000836924
        0.0000376761   0.0000174106   0.0000711078   0.0000209548  -0.0000082830
        0.0000075476   0.0000042373  -0.0000011110   0.0000137786  -0.0000039803
        0.0000052200  -0.0000027364  -0.0003386011   0.0002634629   0.0006773290
        0.0000267197  -0.0001342094  -0.0000890052  -0.0001515547   0.0001212652
        0.0001094667  -0.0001421460   0.0000250361  -0.0000788526  -0.0000017961
       -0.0000115806  -0.0000454799  -0.0000185268  -0.0000068411   0.0000046420
        0.0000040958  -0.0000188841  -0.0000065068  -0.0000027993  -0.0000177311
        0.0000089989
       -0.0001053985   0.0006141445   0.0009317713   0.0000282839  -0.0001457498
        0.0003726452   0.0003389800   0.0001990261  -0.0002537889  -0.0001005911
       -0.0002042012   0.0000576055  -0.0001293890  -0.0001964639  -0.0001384302
        0.0010719982   0.0000454200  -0.0001567814   0.0000041196  -0.0000466487
        0.0000276821   0.0000698738   0.0000493660  -0.0000356457  -0.0000773703
       -0.0001009257  -0.0000320763   0.0000197909   0.0000300998  -0.0000579519
        0.0000337403   0.0000494572  -0.0000161092   0.0000339988   0.0000233823
        0.0000058131  -0.0000842146   0.0000723762  -0.0006473891  -0.0000762171
       -0.0002209296   0.0003719193  -0.0004331667   0.0006433150  -0.0001690442
       -0.0022322999   0.0047864709  -0.0010596429   0.0000036355   0.0001661956
       -0.0000217061  -0.0007250965   0.0004675844  -0.0007003692  -0.0002933433
        0.0003593203  -0.0003664967   0.0961855577  -0.1872971815   0.0559954145
       -0.0000143180   0.0000097018  -0.0000049621   0.0000010948  -0.0000179078
       -0.0000145842  -0.0000464508  -0.0000344562  -0.0000415787  -0.0000410681
       -0.0000250422  -0.0000220793  -0.0003175550   0.0002509641   0.0000086222
        0.0000637023  -0.0001653349   0.0000742142  -0.0000235016   0.0000835002
       -0.0003045614  -0.0001780334   0.0002792602  -0.0000696011  -0.0002026120
        0.0002420228   0.0002529418  -0.1130462521   0.2158055209  -0.0632129011
        0.0089859617  -0.0168406837   0.0068899619   0.0115342177  -0.0176198394
        0.0034213654   0.0000041395   0.0000031521  -0.0000023031  -0.0000312149
        0.0000324369  -0.0000213634   0.0000026405   0.0000092327   0.0000305664
       -0.0000102633   0.0000138569  -0.0000279295  -0.0000077859   0.0000023474
        0.0000024940  -0.0000195106  -0.0000156881   0.0000038692   0.0000071822
       -0.0000189588  -0.0000007647  -0.0000074475   0.0000283815  -0.0000061430
       -0.0000566162   0.0000033154  -0.0000371854  -0.0000060492   0.0000149681
       -0.0000152319  -0.0001750855   0.0002416680  -0.0000571147   0.0002610972
       -0.0003942202  -0.0001578292  -0.0002991273  -0.0000135681   0.0002335362
        0.0000042926   0.0000174016   0.0000591283  -0.0000033232   0.0000066451
        0.0000083874   0.0000003957  -0.0000024485  -0.0000188419  -0.0000021219
        0.0000413323  -0.0000289259   0.0002021887  -0.0010487279  -0.0009629277
       -0.0000092129  -0.0001173372  -0.0000903651   0.0000764912  -0.0000175567
        0.0001613423  -0.0001624398  -0.0000184109  -0.0001632895  -0.0000084166
       -0.0000104804   0.0000012352  -0.0000015542  -0.0000084335  -0.0000003583
       -0.0000003751  -0.0000067018  -0.0000067674  -0.0000059607  -0.0000039697
        0.0000125249
        0.0009033317   0.0004778312  -0.0023542815   0.0002479412   0.0002642313
       -0.0000077890   0.0001770902   0.0001479255   0.0000759380   0.0000962870
        0.0001579027  -0.0001213604   0.0000663007  -0.0000451122   0.0002480675
        0.0003601687  -0.0002710091   0.0006799976  -0.0000645797  -0.0000326997
       -0.0001413750  -0.0000515096  -0.0000206588   0.0000287020  -0.0000358030
       -0.0001342373   0.0000362200  -0.0001276677  -0.0000484958  -0.0001294425
       -0.0000384602  -0.0000369766  -0.0000140304  -0.0000326345  -0.0000529634
       -0.0000161586  -0.0018193607  -0.0006454131  -0.0014495316   0.0001761349
        0.0001750359   0.0000101185  -0.0002533235   0.0003109036   0.0007999795
       -0.0103156391   0.0106973562  -0.0065894858  -0.0001915517   0.0000219062
       -0.0000241383   0.0009125930   0.0000795804   0.0003021337  -0.0032742315
       -0.0008162547  -0.0013681459  -0.0366868942   0.0563680783  -0.0659319418
       -0.0000173440   0.0000302189   0.0000439348   0.0000733737   0.0000564592
        0.0000076793   0.0000230607  -0.0000094168  -0.0000084007   0.0000364500
        0.0000777998  -0.0000417558   0.0002487484   0.0000873993   0.0003333287
        0.0000658716  -0.0001323294  -0.0000644565  -0.0000423034  -0.0001417898
        0.0002370701  -0.0006417333   0.0007953181  -0.0002157707   0.0000928870
       -0.0001798444  -0.0000134656   0.0450311452  -0.0632129011   0.0746090037
       -0.0092973186   0.0177940439  -0.0063833210   0.0138306613  -0.0212112014
        0.0063653273   0.0000523801   0.0000179202  -0.0000166339  -0.0000008975
       -0.0000768312   0.0000284655  -0.0000136840   0.0000211725  -0.0000370131
       -0.0000043748  -0.0000912059  -0.0000179805   0.0000327114   0.0000375067
        0.0000359092   0.0000901921   0.0000134614   0.0000278926  -0.0000274237
        0.0000344020   0.0000470685   0.0000198532  -0.0000194138   0.0000237544
        0.0000526479  -0.0000107172  -0.0000036358   0.0000489909  -0.0000064646
        0.0000008793   0.0002461797  -0.0007278057   0.0000862542  -0.0003582102
        0.0005365684   0.0003258872   0.0002605059  -0.0000629799  -0.0002854622
        0.0000345769  -0.0000578177  -0.0000405046  -0.0000001055   0.0000141889
        0.0000041550  -0.0000040052   0.0000225580   0.0000329623   0.0000118355
       -0.0000470936   0.0000546967   0.0003474824  -0.0004058501   0.0009087620
       -0.0001398388   0.0001070489  -0.0000539935   0.0001948031  -0.0001184793
       -0.0000324446  -0.0002016738   0.0002059350   0.0000925245  -0.0000559144
        0.0000318036  -0.0000166336  -0.0000216294   0.0000098178  -0.0000185116
       -0.0000070514   0.0000116611  -0.0000267252  -0.0000090410   0.0000099276
       -0.0000223226
        0.0017034394  -0.0000741714  -0.0002018512  -0.0005363082   0.0004556348
        0.0005728953  -0.0006278941   0.0006199997  -0.0004675374  -0.0003965317
       -0.0002091424   0.0001791494   0.0000463414   0.0000977004  -0.0001995251
        0.0001082684  -0.0000319570   0.0000152506  -0.0000622061  -0.0001959357
       -0.0000527150   0.0000362089  -0.0000262856   0.0000730709  -0.0001059315
       -0.0001535084  -0.0000829803   0.0000397862   0.0000005200   0.0000551296
        0.0000193359   0.0000188221   0.0000035027   0.0000110348   0.0000288728
        0.0000251353   0.0001960586  -0.0003609965  -0.0000720884   0.0002304053
        0.0008399185   0.0001888284   0.0001532807   0.0002371212   0.0007608887
       -0.0180202906  -0.0155243571   0.0127589190  -0.0002155075  -0.0001691809
        0.0001043272  -0.0039855882  -0.0019267747  -0.0023640497   0.0005040609
       -0.0004990472   0.0006504219  -0.1117856414  -0.0707904454   0.0766919693
        0.0000112451   0.0000255482   0.0000508978   0.0000605375   0.0000723006
        0.0000430426   0.0000366837   0.0000636205   0.0000545325  -0.0007654392
       -0.0007710850   0.0008395072  -0.0000803514   0.0001651137  -0.0002333398
        0.0001300557  -0.0000286697  -0.0001094066  -0.0005693813   0.0003219104
       -0.0010432079   0.0004878271   0.0000575895   0.0001083272  -0.0004143531
        0.0002099653   0.0002758754   0.0084049372   0.0089859617  -0.0092973186
        0.1324612368   0.0834833701  -0.0880769554  -0.0051139558  -0.0045554214
        0.0086265589   0.0000480891   0.0000292769   0.0000131429  -0.0000129701
        0.0000391132   0.0000047932   0.0000112797  -0.0000053554  -0.0000226117
       -0.0000082637   0.0000016491   0.0000104164   0.0000027431   0.0000403355
        0.0000462309  -0.0000328108  -0.0000487295   0.0000389467  -0.0000060682
       -0.0000114658  -0.0000807128   0.0000424250   0.0000362805   0.0000557759
        0.0000440141  -0.0000220982   0.0000694273  -0.0002294618  -0.0001694360
       -0.0001619562  -0.0003019149   0.0002135143   0.0000486715   0.0005732994
       -0.0001343642  -0.0002630375  -0.0012678712  -0.0004854853   0.0005637489
       -0.0000389415  -0.0000006634  -0.0000824468  -0.0000425614   0.0000021826
        0.0000265056  -0.0000337093  -0.0000038822  -0.0000649068  -0.0000119165
        0.0000435322  -0.0000231408  -0.0003762783   0.0000435593   0.0001468024
        0.0000125340  -0.0000491787  -0.0001192839  -0.0000449791   0.0000493939
        0.0001857468  -0.0002736906   0.0000103426  -0.0002069372  -0.0000105431
        0.0000214613  -0.0000305406  -0.0000042392   0.0000163845  -0.0000115087
        0.0000065233   0.0000030251  -0.0000144216  -0.0000060518   0.0000136166
       -0.0000059583
        0.0017652420  -0.0006410879  -0.0021168394   0.0003835204   0.0002401733
        0.0000261979   0.0002627358  -0.0001880480   0.0002620692   0.0000674016
        0.0003287253  -0.0001308030   0.0000677587   0.0000721545   0.0001420426
       -0.0001428599  -0.0001771048   0.0002175608  -0.0000326062  -0.0000069133
       -0.0001352753  -0.0000441932  -0.0000183874   0.0000286023  -0.0000058099
       -0.0000488724   0.0000442427  -0.0000684653  -0.0000338544  -0.0000509461
       -0.0000450724  -0.0000830992  -0.0000247411  -0.0000311890  -0.0000455125
       -0.0000301822  -0.0005521539  -0.0006841108   0.0000594515  -0.0003797294
        0.0005476019  -0.0003457362  -0.0003842270  -0.0001990075   0.0005033477
       -0.0086058281  -0.0067995246   0.0045161034  -0.0002474194  -0.0001339418
        0.0000421571  -0.0018222550  -0.0004991946  -0.0007811888   0.0010880780
        0.0003444081   0.0002488135  -0.0719415557  -0.1221378902   0.0821918599
        0.0000473978   0.0000350105   0.0000967128   0.0000898333   0.0000674252
        0.0000630831   0.0000672870   0.0000530847   0.0000592246  -0.0003744765
       -0.0000189573   0.0003205024  -0.0000264118   0.0002139160  -0.0002050608
       -0.0000018398  -0.0000464593  -0.0000476098   0.0003630945   0.0003795016
        0.0001836595   0.0002427035  -0.0001540729   0.0000539040   0.0001362561
        0.0000739656  -0.0001755165  -0.0119277629  -0.0168406837   0.0177940439
        0.0834833701   0.1375493857  -0.0926833777   0.0089603717   0.0091730541
       -0.0104996328   0.0000313918   0.0000524579  -0.0000106033  -0.0000098167
        0.0000484310   0.0000269362  -0.0000059162   0.0000054472  -0.0000426655
       -0.0000252775  -0.0000382517   0.0000306602   0.0000185372   0.0000464620
        0.0000500103   0.0000182349  -0.0000138145   0.0000199562  -0.0000188391
        0.0000343405  -0.0000520564   0.0000353747   0.0000070256   0.0000349149
       -0.0000207304  -0.0000103705  -0.0000067485  -0.0000435796  -0.0000133918
       -0.0000869735   0.0005958817  -0.0014799754  -0.0001205947  -0.0007983167
        0.0021275621   0.0012551238   0.0003532378  -0.0014488630  -0.0008685795
       -0.0000200236  -0.0001487843  -0.0004308740   0.0000068788  -0.0000000482
       -0.0000627363  -0.0000283349   0.0000068982  -0.0000807837   0.0000574095
       -0.0001042702   0.0000608894  -0.0001125080   0.0003054397   0.0005306362
       -0.0000503764   0.0000878738  -0.0000790028   0.0000360829  -0.0001097711
        0.0001279920  -0.0003088599   0.0003361552   0.0000394509  -0.0000507412
        0.0000120372  -0.0000012412  -0.0000330680  -0.0000044435   0.0000197208
       -0.0000131134  -0.0000083130   0.0000144277  -0.0000047228  -0.0000115170
        0.0000054717
        0.0009490184  -0.0018156242   0.0014204979   0.0003602424   0.0001093230
        0.0003100159   0.0000502481  -0.0000721618   0.0001711372   0.0001630417
       -0.0000443628   0.0000623926  -0.0001107848  -0.0001030043  -0.0002855886
        0.0001110664   0.0001083818  -0.0000664536  -0.0000086672  -0.0000748461
        0.0000615696   0.0001420268   0.0000948057  -0.0001076671  -0.0000382789
        0.0000010897  -0.0001386508   0.0000252529   0.0000191247  -0.0000626692
       -0.0000068185   0.0000006280  -0.0000439866   0.0000054240   0.0000219506
       -0.0000471924  -0.0003588999   0.0003110907  -0.0000398246  -0.0012145782
       -0.0007825361  -0.0012677998   0.0003000501   0.0000974161   0.0002803899
       -0.0061641357  -0.0062483420   0.0085841156   0.0000336273   0.0000354067
       -0.0000451551  -0.0018941122  -0.0007412161  -0.0009214627  -0.0002801941
       -0.0005946889   0.0004470470   0.0775601063   0.0819483702  -0.1309335107
        0.0000422440   0.0000703671  -0.0000018588   0.0000145521  -0.0000072603
       -0.0000034917  -0.0000264540  -0.0000001169  -0.0000065599  -0.0004290121
       -0.0003525686   0.0005103914   0.0000642066  -0.0002118829  -0.0000135249
       -0.0001860782   0.0000852017   0.0000389995  -0.0007936116   0.0001236369
       -0.0000675688  -0.0000950752  -0.0000321080  -0.0001101873   0.0002919526
       -0.0000136708  -0.0001984560   0.0044426699   0.0068899619  -0.0063833210
       -0.0880769554  -0.0926833777   0.1499538165   0.0157687496   0.0131731542
       -0.0195332139   0.0000010324  -0.0000024501   0.0000159766   0.0000134514
        0.0000016139   0.0000106647   0.0000006740  -0.0000077510  -0.0000133159
       -0.0000087925   0.0000063148   0.0000188119   0.0000057193  -0.0000035230
        0.0000070798   0.0000410971  -0.0000027947   0.0000107756  -0.0000373361
       -0.0000213632  -0.0000033224   0.0000028677  -0.0000090865   0.0000149002
        0.0000489080   0.0000244480   0.0000346649  -0.0001816692  -0.0001652546
       -0.0000368004  -0.0005873288   0.0013188538   0.0002997599   0.0006740665
       -0.0010241437  -0.0026716900  -0.0005544499   0.0001701792   0.0007617676
        0.0001034512   0.0001264639   0.0005785878  -0.0000000485  -0.0000640258
        0.0000611216   0.0000105982  -0.0000537532   0.0000498669  -0.0000352826
        0.0000435567  -0.0000147603   0.0002980406   0.0002147968  -0.0005770708
        0.0000011293   0.0000109323  -0.0001033676   0.0000061055  -0.0000358942
        0.0001774546  -0.0003966251   0.0001365084  -0.0001272100  -0.0000337371
        0.0000344168  -0.0000356952  -0.0000151134   0.0000136057  -0.0000042208
        0.0000021804  -0.0000162371  -0.0000067319   0.0000002380  -0.0000075548
       -0.0000094764
        0.0005942383  -0.0002025537  -0.0006383386  -0.0000907174   0.0000724400
        0.0001687108  -0.0001336048   0.0000888643   0.0000985106   0.0001023073
        0.0001682890  -0.0000175812   0.0000312513   0.0000185507   0.0000443321
        0.0000447584  -0.0000892204   0.0001032774  -0.0000485024  -0.0000489905
       -0.0000459816   0.0000141911   0.0000226786  -0.0000305207  -0.0000559366
       -0.0001199827   0.0000193714  -0.0000498482   0.0000138534  -0.0000458010
       -0.0000135001  -0.0000005717  -0.0000176479  -0.0000277914  -0.0000117688
       -0.0000089275  -0.0002873062  -0.0001479232  -0.0001881336  -0.0001010501
        0.0005204811   0.0005766579  -0.0038200628  -0.0028502172  -0.0027654274
        0.0044724507  -0.0126826962  -0.0190684721   0.0004271259  -0.0005502578
       -0.0008184584   0.0004905252  -0.0002509081  -0.0007148755  -0.0000499165
       -0.0005651052  -0.0004140673  -0.0596598929   0.0348812698   0.0502083540
        0.0000680418   0.0000495170  -0.0000420648  -0.0001799126  -0.0002109595
       -0.0001626836  -0.0000361844  -0.0000231423  -0.0000174752   0.0000486447
        0.0001356170  -0.0000210680   0.0000012031   0.0000467328   0.0001464118
       -0.0007148774  -0.0003729074   0.0000646636  -0.0001270585   0.0001032417
        0.0000779202   0.0000544084  -0.0000468390   0.0000549116  -0.0005636729
        0.0004392760  -0.0007466088  -0.0052663327   0.0115342177   0.0138306613
       -0.0051139558   0.0089603717   0.0157687496   0.0702997761  -0.0390455806
       -0.0558195201   0.0000249392   0.0000415037   0.0000249399  -0.0000041617
        0.0000098965   0.0000002793  -0.0000095399   0.0000054864   0.0000072748
       -0.0000265227  -0.0000007424   0.0000090245   0.0000533548  -0.0000589662
       -0.0000599561   0.0000136190  -0.0000147014  -0.0000232935  -0.0000097113
       -0.0000042060   0.0000173040   0.0000088694   0.0000054907  -0.0000054647
        0.0000209188  -0.0000128616  -0.0000322145   0.0000517403   0.0000248058
        0.0000093353   0.0000386055  -0.0000979159   0.0000621736  -0.0000501302
        0.0001691347  -0.0000668353  -0.0001084118  -0.0002144918   0.0000183210
        0.0000155084  -0.0000118285   0.0000289392   0.0000113301  -0.0000007187
        0.0000047642   0.0000033121  -0.0000110612  -0.0000085771   0.0000022430
       -0.0000047809   0.0000058059  -0.0002689195   0.0002609637   0.0003843154
       -0.0000791225   0.0000299388  -0.0000072204   0.0000753935  -0.0000239003
       -0.0000121454  -0.0000543785   0.0000354496   0.0000247431  -0.0000335466
        0.0000207259   0.0000108163  -0.0000043430   0.0000086628   0.0000129511
        0.0000141448   0.0000014590   0.0000042286   0.0000060100   0.0000068808
        0.0000116119
       -0.0001780089  -0.0003619088   0.0002233092   0.0000273718  -0.0000317439
        0.0000088233   0.0001647492  -0.0001332069  -0.0000596820  -0.0000507060
       -0.0000085129   0.0000293676  -0.0000238066   0.0000098797  -0.0000368795
       -0.0000586662   0.0000735648  -0.0001227436   0.0000297382   0.0000420913
        0.0000335996  -0.0000109131   0.0000282999   0.0000017450   0.0000304394
        0.0000742336   0.0000175711   0.0000381810  -0.0000130209   0.0000183505
       -0.0000018434   0.0000094722   0.0000253962  -0.0000015694   0.0000010440
        0.0000116218  -0.0000134168   0.0000284871   0.0000143214  -0.0000135587
        0.0001902581   0.0005797875  -0.0023548860  -0.0015609475  -0.0021905470
        0.0009534087  -0.0067357345  -0.0099209972   0.0003557705  -0.0000791365
       -0.0004798295   0.0003432694   0.0002033176  -0.0002355019   0.0007034141
        0.0001081912   0.0007236917   0.0334475621  -0.1101090257  -0.0979119775
        0.0000781712   0.0000157537   0.0000071967  -0.0001280326  -0.0001473378
       -0.0000809285  -0.0000735438  -0.0000475610  -0.0000595844   0.0001320641
        0.0000321408   0.0000885283   0.0000753633  -0.0005546190  -0.0000743785
       -0.0008145337   0.0001599369   0.0002019279  -0.0000134451  -0.0000261386
        0.0000592689   0.0000914406  -0.0000699643   0.0000945079   0.0005923218
        0.0002089166   0.0005657481   0.0100917237  -0.0176198394  -0.0212112014
       -0.0045554214   0.0091730541   0.0131731542  -0.0390455806   0.1269751953
        0.1166238737   0.0000025494   0.0000506510   0.0000424939   0.0000258182
        0.0000211554  -0.0000324325  -0.0000151019   0.0000289183   0.0000445527
       -0.0000072784   0.0000522516   0.0000014391   0.0000046351  -0.0000251647
       -0.0000485641  -0.0000232455  -0.0000092692  -0.0000036869   0.0000038316
       -0.0000106034   0.0000255867  -0.0000184889   0.0000181380  -0.0000216080
        0.0000699264   0.0000307765   0.0000492799   0.0000222421   0.0000044372
        0.0000418037   0.0000325776   0.0002080937  -0.0000720797  -0.0000083648
        0.0000699085   0.0000441113  -0.0000381396  -0.0001468376   0.0000425472
       -0.0000243905   0.0000153416   0.0000202264  -0.0000033022   0.0000124592
        0.0000079788  -0.0000070518   0.0000028128  -0.0000036832  -0.0000161511
        0.0000214177   0.0000102714   0.0000963351  -0.0002395415  -0.0002510542
        0.0000676376  -0.0000737178   0.0000344125  -0.0001767579   0.0001243891
       -0.0001038026   0.0001292627   0.0000030454   0.0000793988   0.0000490854
       -0.0000294244  -0.0000113649   0.0000104817  -0.0000008539  -0.0000094881
        0.0000021543   0.0000178093  -0.0000066877   0.0000046787   0.0000186682
        0.0000028099
       -0.0005315996   0.0000597575   0.0000215949  -0.0000375215  -0.0000764126
       -0.0001859461   0.0000954633   0.0000317190  -0.0000026029   0.0000087000
       -0.0000548657  -0.0000011053   0.0000070645   0.0000205095   0.0000433839
       -0.0000430909  -0.0000234069  -0.0000515262  -0.0000032743   0.0000048567
        0.0000275544  -0.0000263106  -0.0000541942   0.0000288137   0.0000091145
        0.0000216856  -0.0000080492  -0.0000090938   0.0000111872   0.0000498072
        0.0000077827   0.0000071058   0.0000070247   0.0000017571   0.0000071283
        0.0000236791  -0.0001030465   0.0001186738  -0.0000458149  -0.0001411219
       -0.0003437108   0.0000109815  -0.0029891586  -0.0017059206  -0.0026214002
        0.0019588347  -0.0099497265  -0.0146234028   0.0006605963  -0.0002180592
       -0.0003934328   0.0010136148   0.0005395225   0.0004181041   0.0002811110
       -0.0003169842   0.0000647480   0.0491270946  -0.0986896960  -0.1896121128
       -0.0000109518   0.0000103792   0.0000084915  -0.0001812217  -0.0001770225
       -0.0001449045  -0.0000399329   0.0000006786  -0.0000560807   0.0001127228
        0.0001258187   0.0000167856  -0.0000801196  -0.0001205053   0.0000511864
       -0.0002231643   0.0000905905   0.0004453681   0.0000387643  -0.0000648260
       -0.0002111126   0.0002546089   0.0001541333   0.0002422216  -0.0010234213
        0.0007355461   0.0000515055  -0.0012532785   0.0034213654   0.0063653273
        0.0086265589  -0.0104996328  -0.0195332139  -0.0558195201   0.1166238737
        0.2193421992   0.0000040992   0.0000136889   0.0000316598   0.0000005453
        0.0000290220  -0.0000068280  -0.0000080071   0.0000053499   0.0000565109
       -0.0000213617   0.0000598564   0.0000155563   0.0000077535  -0.0000553474
       -0.0000444882  -0.0000376453  -0.0000106056  -0.0000230287   0.0000308389
       -0.0000298966   0.0000266034  -0.0000153506   0.0000140723   0.0000138973
       -0.0000134144   0.0000061652  -0.0000360781   0.0000374575   0.0000513969
        0.0000406009  -0.0001272568   0.0004197557   0.0001311112   0.0002769532
       -0.0005984468  -0.0002709572  -0.0001134745   0.0003475174   0.0002046603
       -0.0000358930   0.0000406432  -0.0000019135  -0.0000016698  -0.0000080547
        0.0000237440   0.0000167302  -0.0000107045   0.0000167139  -0.0000037493
        0.0000279770  -0.0000262556   0.0001262441   0.0000708862   0.0000025985
        0.0000050542   0.0000113233   0.0001210067  -0.0001165282   0.0001077692
       -0.0001840547   0.0002480187  -0.0001444997   0.0001299928   0.0000400550
       -0.0000252288   0.0000172999   0.0000107632  -0.0000047896   0.0000116499
       -0.0000015813  -0.0000042335   0.0000145301   0.0000034586  -0.0000031846
        0.0000073963
        0.0003678741  -0.0004070337  -0.0002594814   0.0000247833   0.0000444853
        0.0000842399  -0.0000078598   0.0000066764   0.0000151105   0.0000098959
        0.0000047459  -0.0000352312   0.0000045509  -0.0000175374  -0.0000079906
        0.0000193369  -0.0000039048   0.0000190730   0.0000142191  -0.0000025360
       -0.0000167415   0.0000114147   0.0000070064  -0.0000050151   0.0000106879
       -0.0000140532   0.0000069123   0.0000040639  -0.0000045145  -0.0000094344
        0.0000031002  -0.0000158321  -0.0000104775   0.0000058444  -0.0000118979
       -0.0000150798   0.0004314878  -0.0001480180  -0.0001111591  -0.0014336712
       -0.0009388810   0.0002074994  -0.0019676918  -0.0015730542   0.0026893153
       -0.0001102375   0.0001956985   0.0001165120  -0.0157389779  -0.0109041638
       -0.0064090095   0.0002393973   0.0011444543   0.0010344522  -0.0000014429
        0.0000180716   0.0000008755   0.0000752670   0.0000465442  -0.0000140977
       -0.1647413883  -0.0782889507  -0.0805725394   0.0001024128  -0.0002082471
       -0.0004333651   0.0006127377   0.0006971447  -0.0007509575   0.0071040467
        0.0044618007   0.0043954589   0.0000960088  -0.0000469155   0.0002170321
        0.0003029956   0.0002011708   0.0003697991   0.0000200236   0.0000331906
       -0.0000084504   0.0000120351  -0.0000425824   0.0000119450   0.0000154929
        0.0000216616   0.0000175398   0.0000604061   0.0000041395   0.0000523801
        0.0000480891   0.0000313918   0.0000010324   0.0000249392   0.0000025494
        0.0000040992   0.1917844829   0.0918209400   0.0910541066  -0.0181374196
       -0.0072220896  -0.0129642682   0.0002036838   0.0001750283  -0.0001163293
       -0.0001918534  -0.0000722133  -0.0000636888  -0.0001286375   0.0004361968
        0.0010366480   0.0000940860  -0.0000326542   0.0000509256   0.0000030119
        0.0002638727  -0.0001805157   0.0002188067  -0.0000086260   0.0003766710
        0.0005558401   0.0000371426   0.0001474483   0.0004069631   0.0001418217
       -0.0001404073  -0.0000571814  -0.0000878757   0.0000939122  -0.0000362668
        0.0001403929  -0.0001050954  -0.0000020688  -0.0000770902   0.0000521284
        0.0000270709  -0.0000290951   0.0000403623  -0.0000061009  -0.0000044904
       -0.0000026508  -0.0000042630   0.0000016843   0.0000015771   0.0000081980
       -0.0000022024   0.0000016573  -0.0001946766   0.0001562348   0.0001686690
       -0.0000369498   0.0000521886  -0.0000653973   0.0000967354  -0.0001453354
        0.0001139917  -0.0001553214   0.0001481921  -0.0000380566  -0.0000475964
        0.0000303732  -0.0000108383  -0.0000133830  -0.0000037856  -0.0000091312
       -0.0000105171  -0.0000041447  -0.0000102841   0.0000035154  -0.0000070750
       -0.0000156811
        0.0001225252  -0.0002610266  -0.0001791472  -0.0000325167   0.0000351154
        0.0000027101   0.0000224984  -0.0000211027   0.0000312838   0.0000028965
        0.0000118529  -0.0000130978  -0.0000009063   0.0000023803   0.0000131641
        0.0000109282  -0.0000137818   0.0000059678   0.0000054355   0.0000154757
       -0.0000063080  -0.0000004284  -0.0000065999  -0.0000093228   0.0000055219
        0.0000263731  -0.0000060389   0.0000047574   0.0000067663  -0.0000055533
       -0.0000069729  -0.0000052574  -0.0000081894  -0.0000072956   0.0000059491
       -0.0000100758   0.0001411128  -0.0002190693   0.0000115883  -0.0012100033
       -0.0006372791   0.0001102590  -0.0020934754  -0.0012643793   0.0022068561
        0.0001300029   0.0001686541   0.0000398813  -0.0150177364  -0.0096612672
       -0.0056322529   0.0017333928  -0.0022716660  -0.0034246645  -0.0000459266
       -0.0000002029   0.0000340874   0.0000444719   0.0000148217   0.0000350977
       -0.0781351942  -0.0947090985  -0.0507728215   0.0006531305   0.0002093792
       -0.0004492573  -0.0001287908   0.0004671430  -0.0005514177  -0.0129662186
       -0.0106484982  -0.0118653636   0.0001406908  -0.0000211287   0.0000560301
       -0.0008673050  -0.0005119370  -0.0006287170   0.0000024188   0.0000534322
       -0.0000227731  -0.0000077522  -0.0000927150  -0.0000727853   0.0000190038
        0.0000973162   0.0000280591   0.0000538526   0.0000031521   0.0000179202
        0.0000292769   0.0000524579  -0.0000024501   0.0000415037   0.0000506510
        0.0000136889   0.0918209400   0.1099448596   0.0599899221   0.0157096260
        0.0087736292   0.0101759318   0.0000442750  -0.0000493844  -0.0000793268
        0.0000262123  -0.0000417151   0.0000923167   0.0002036743   0.0003356398
       -0.0001138347   0.0000716511  -0.0005962811  -0.0001023140   0.0001759392
        0.0001635480  -0.0001886468  -0.0000568227   0.0000653336   0.0006140180
       -0.0004415878   0.0000341395   0.0001194485  -0.0000466298   0.0004489800
        0.0003228015  -0.0000119633  -0.0000240855   0.0001026890  -0.0000748524
        0.0000689386  -0.0001585883  -0.0000366997  -0.0000548988   0.0000912783
        0.0000316233  -0.0000313156   0.0000352480   0.0000054581  -0.0000081340
       -0.0000141998   0.0000074786  -0.0000229547  -0.0000055168   0.0000003453
       -0.0000097515  -0.0000142131  -0.0000204988   0.0001116093   0.0000871732
       -0.0000035608   0.0000217992  -0.0000000326   0.0000924039  -0.0000614348
        0.0000594614  -0.0000994079   0.0000622878  -0.0000043053  -0.0000330226
        0.0000061404   0.0000117805  -0.0000046711  -0.0000000444   0.0000111941
        0.0000036674  -0.0000065798   0.0000156092  -0.0000064756  -0.0000062357
        0.0000057483
       -0.0000343548   0.0002690926  -0.0001202696  -0.0000277782  -0.0000524354
        0.0000059855   0.0000074394   0.0000109374  -0.0000129912   0.0000360649
        0.0000385672   0.0000090101  -0.0000087917  -0.0000105655   0.0000179199
        0.0000145301  -0.0000083427  -0.0000310086   0.0000011417   0.0000065597
        0.0000114369   0.0000080695   0.0000047542   0.0000058356   0.0000024273
       -0.0000011554   0.0000115708  -0.0000003001  -0.0000096173  -0.0000079781
        0.0000026150  -0.0000016628   0.0000110737  -0.0000061982  -0.0000129470
        0.0000048011   0.0000804585   0.0001045395  -0.0001481021   0.0013371481
        0.0009587657  -0.0000304277   0.0020610997   0.0014254628  -0.0016767548
        0.0001928641   0.0000697721  -0.0002762742   0.0132783814   0.0086653860
        0.0074143456   0.0019600735  -0.0034117852  -0.0033538432  -0.0000491854
        0.0000250532   0.0000641963   0.0000036283   0.0000440472   0.0000956985
       -0.0814306269  -0.0509178289  -0.0948291729   0.0003376473   0.0006014084
        0.0002161543   0.0004160415   0.0002741422   0.0005198148  -0.0143191942
       -0.0120263172  -0.0122901435   0.0003698468  -0.0000134941   0.0002430350
       -0.0008423621  -0.0008283977  -0.0006424216   0.0000181960  -0.0000103879
        0.0000242870   0.0000022434  -0.0000319907  -0.0000484473   0.0000048444
        0.0000539621   0.0000191493   0.0000658742  -0.0000023031  -0.0000166339
        0.0000131429  -0.0000106033   0.0000159766   0.0000249399   0.0000424939
        0.0000316598   0.0910541066   0.0599899221   0.1130859905  -0.0146174041
       -0.0054716044  -0.0081625883  -0.0000138893   0.0000346164  -0.0000309830
       -0.0000677277  -0.0000926053  -0.0001368027   0.0005454646  -0.0001577680
       -0.0003288231  -0.0000536332  -0.0000734659   0.0000493742   0.0000569247
       -0.0000736741  -0.0000160964   0.0001542935   0.0002195485  -0.0003655690
       -0.0001543156   0.0003465997   0.0006679640  -0.0003098884   0.0001158204
       -0.0001081101   0.0000469801   0.0000484282   0.0000164581   0.0000389782
       -0.0000418505  -0.0000531138  -0.0000588008  -0.0000221344   0.0000814097
       -0.0000102225  -0.0000146296   0.0000133914  -0.0000005241   0.0000078389
        0.0000120418   0.0000146939   0.0000083472   0.0000003073  -0.0000025316
       -0.0000044056   0.0000024098  -0.0001654435  -0.0000726990   0.0000608092
       -0.0000565472  -0.0000308609  -0.0000151042   0.0000645184  -0.0000346558
        0.0000072228   0.0000268012   0.0000622610  -0.0000036403  -0.0000167728
       -0.0000044241  -0.0000014589  -0.0000048898  -0.0000045415  -0.0000090385
        0.0000084020   0.0000150539  -0.0000082330   0.0000015009   0.0000057725
        0.0000047005
       -0.0000526522  -0.0001868796   0.0002349764   0.0000202419  -0.0000066952
       -0.0000153757  -0.0000203777   0.0000052296  -0.0000248616   0.0000171565
        0.0000020829   0.0000075372  -0.0000092908  -0.0000047500  -0.0000239679
       -0.0000282197  -0.0000060429  -0.0000147015   0.0000123608   0.0000016662
       -0.0000006329   0.0000109816   0.0000002517  -0.0000018234   0.0000042664
       -0.0000172234   0.0000137982  -0.0000026881  -0.0000036037   0.0000068403
        0.0000132100  -0.0000057789   0.0000034797   0.0000086446  -0.0000058656
        0.0000022492  -0.0001819707  -0.0002421491   0.0000408756   0.0001160762
        0.0000452418  -0.0001118625   0.0004194703  -0.0000544658   0.0004577998
       -0.0000215529   0.0001265170   0.0000655574   0.0074983957  -0.0093185538
        0.0069667823   0.0007487764  -0.0009151681  -0.0002787393  -0.0000660876
        0.0000227138  -0.0000622913  -0.0000267761  -0.0000356649   0.0000228210
       -0.1182859429   0.0847471687  -0.0583058611   0.0006659315  -0.0009765199
        0.0006623884  -0.0009231902  -0.0011914925   0.0018239576  -0.0096033214
        0.0119447633  -0.0027440708   0.0004057340  -0.0000241200   0.0000382011
       -0.0000920618  -0.0002409005  -0.0001242420   0.0000372445  -0.0000109491
        0.0000237805   0.0000140139  -0.0000345126   0.0000623114  -0.0000068692
       -0.0000120860  -0.0000115197   0.0000038567  -0.0000312149  -0.0000008975
       -0.0000129701  -0.0000098167   0.0000134514  -0.0000041617   0.0000258182
        0.0000005453  -0.0181374196   0.0157096260  -0.0146174041   0.1381356887
       -0.1011828943   0.0630519465  -0.0000673747  -0.0000914226   0.0000234959
       -0.0002306142  -0.0000063739   0.0004619878  -0.0001170722   0.0001000612
       -0.0002230420   0.0000172748  -0.0001356462  -0.0000968836   0.0003555586
       -0.0003804728   0.0004837500   0.0000034120  -0.0000088921   0.0002034219
       -0.0006341067   0.0020954806   0.0023622199  -0.0001517559   0.0000980656
       -0.0001683711   0.0000066837   0.0000264680  -0.0000418082   0.0000221421
        0.0000577226   0.0000263496   0.0000289513   0.0000046306  -0.0000281317
       -0.0000112953   0.0000021333  -0.0000024772   0.0000096825  -0.0000066244
       -0.0000003612   0.0000004564   0.0000120161  -0.0000056613   0.0000051256
        0.0000044678  -0.0000014861   0.0001014070   0.0001845514  -0.0001374595
        0.0000046320  -0.0000142963   0.0000231182  -0.0001016141   0.0000403154
       -0.0000481935   0.0000958338  -0.0000453461   0.0000069881   0.0000147638
       -0.0000152422  -0.0000023969  -0.0000042771  -0.0000137031   0.0000010536
       -0.0000072494  -0.0000084559   0.0000003673   0.0000029390  -0.0000131688
        0.0000024722
       -0.0004514445  -0.0004615305   0.0005391330   0.0000224993   0.0000140547
       -0.0000429022   0.0000032536  -0.0000523432  -0.0000054317   0.0000227252
        0.0000240087   0.0000238204  -0.0000022180  -0.0000031788  -0.0000079682
       -0.0000415559  -0.0000131188  -0.0000328036   0.0000085225   0.0000151211
        0.0000051847   0.0000091018   0.0000031974  -0.0000014998   0.0000074280
        0.0000045755   0.0000067988   0.0000039882  -0.0000066626  -0.0000047845
        0.0000095970   0.0000067281   0.0000049153   0.0000092297   0.0000015663
        0.0000040276  -0.0003067096  -0.0006673956   0.0003119856   0.0000094047
        0.0002625099  -0.0001943828   0.0002416661   0.0002854868   0.0000498511
        0.0000305965  -0.0006850663  -0.0000382252   0.0080382642  -0.0140390778
        0.0125717378   0.0004985271   0.0003082430   0.0008709817   0.0000621329
       -0.0000330297  -0.0000192510   0.0000490641  -0.0000036967  -0.0000149159
        0.0852024885  -0.1452183367   0.0654830963   0.0006543540   0.0007451752
       -0.0014422687  -0.0020212204  -0.0015450424   0.0021988100   0.0148041024
       -0.0168853922   0.0051824987  -0.0004887113  -0.0000804471  -0.0007640638
       -0.0000755841   0.0003880363   0.0001735630   0.0000020234   0.0000953364
       -0.0000249232  -0.0001128010   0.0000841713  -0.0000448945  -0.0000063861
        0.0000655983   0.0000006260  -0.0001260768   0.0000324369  -0.0000768312
        0.0000391132   0.0000484310   0.0000016139   0.0000098965   0.0000211554
        0.0000290220  -0.0072220896   0.0087736292  -0.0054716044  -0.1011828943
        0.1694670923  -0.0761379057   0.0001606997  -0.0000151459  -0.0003146877
       -0.0001900617   0.0004505402   0.0000494329  -0.0001052923   0.0000886460
        0.0000603843  -0.0001752894   0.0001607937  -0.0002093252   0.0005959357
       -0.0004063528   0.0006137708  -0.0000158038  -0.0000717668  -0.0000023832
        0.0020050146  -0.0024568206  -0.0031131320  -0.0003405984   0.0007204351
        0.0003704341  -0.0000617680   0.0003330266  -0.0000647993   0.0001119565
       -0.0001329533  -0.0000073673  -0.0000641111   0.0000493689   0.0000293649
       -0.0000358125   0.0000242528  -0.0000187104   0.0000044282   0.0000108338
        0.0000030442   0.0000094420   0.0000047042  -0.0000272453   0.0000039596
        0.0000144924  -0.0000089821   0.0002436405   0.0004065566  -0.0004866758
        0.0000715712  -0.0000232117  -0.0000427529  -0.0000225563  -0.0000233804
        0.0000987215   0.0000877810  -0.0000366863  -0.0000557321   0.0000158908
       -0.0000285754  -0.0000061045   0.0000011772  -0.0000100970  -0.0000031179
        0.0000000895  -0.0000071294   0.0000003705  -0.0000005800  -0.0000037660
        0.0000024826
        0.0002383172   0.0006723042  -0.0001462012  -0.0000276270  -0.0000589335
        0.0000365015  -0.0000023217  -0.0000055462  -0.0000610707  -0.0000068221
        0.0000081022  -0.0000080375   0.0000035546  -0.0000092030  -0.0000005687
        0.0000079038   0.0000001486   0.0000077365  -0.0000072850  -0.0000124222
       -0.0000011201   0.0000005506   0.0000120682   0.0000036677  -0.0000072061
       -0.0000222841  -0.0000002754  -0.0000037240  -0.0000178011  -0.0000134016
        0.0000002796   0.0000012632   0.0000021238   0.0000003043  -0.0000124274
        0.0000023004  -0.0001607875   0.0005410474   0.0001381664   0.0000189258
       -0.0002254658   0.0000243266  -0.0002098607  -0.0005175764   0.0004200528
       -0.0000793958   0.0001454419   0.0000651371  -0.0094154910   0.0163081951
       -0.0135831897   0.0008776685  -0.0003261555   0.0006865833  -0.0000123817
       -0.0000177525   0.0000203738   0.0000030659  -0.0000181217  -0.0000477521
       -0.0573690148   0.0649277368  -0.0859985002  -0.0007980323   0.0006280404
        0.0002985368   0.0027285560   0.0028588527  -0.0026638324   0.0120412578
       -0.0146178755   0.0067559194  -0.0002139621  -0.0000686231  -0.0001953089
        0.0000465403   0.0000976170   0.0000255795  -0.0000680857  -0.0000152133
       -0.0000035233   0.0000556283  -0.0000117283  -0.0001114762   0.0000262856
       -0.0000139246   0.0000432519  -0.0000008352  -0.0000213634   0.0000284655
        0.0000047932   0.0000269362   0.0000106647   0.0000002793  -0.0000324325
       -0.0000068280  -0.0129642682   0.0101759318  -0.0081625883   0.0630519465
       -0.0761379057   0.1050472394  -0.0001202038  -0.0001650155   0.0002437478
        0.0010912756  -0.0001660669  -0.0003004254  -0.0002635876  -0.0000652382
       -0.0004821483   0.0002828083  -0.0003345066   0.0000750745  -0.0006535907
        0.0007469321  -0.0008293628   0.0000380971   0.0000585922   0.0001705274
        0.0017848347  -0.0032389303  -0.0022406922   0.0001556877  -0.0003304768
        0.0007913179   0.0000653072  -0.0002098803   0.0000110779  -0.0000856372
        0.0000871844   0.0000828096   0.0000211595  -0.0000630496  -0.0000221724
        0.0000164898  -0.0000262699   0.0000063711   0.0000004980   0.0000117166
        0.0000005844  -0.0000069707   0.0000012034   0.0000202733  -0.0000055082
       -0.0000105241   0.0000161016  -0.0000521769  -0.0005180335  -0.0000267251
       -0.0000613981  -0.0000794252  -0.0000163886   0.0000272875   0.0000660277
       -0.0000509362   0.0000184587  -0.0000004407  -0.0000042058  -0.0000064106
       -0.0000153437  -0.0000149105  -0.0000043405  -0.0000059294  -0.0000148737
        0.0000067214   0.0000111291  -0.0000257355  -0.0000075575   0.0000054150
       -0.0000022618
       -0.0006496981  -0.0007219963  -0.0010208071   0.0001334967   0.0001112698
        0.0001437620   0.0000655430   0.0000074191   0.0002350869   0.0000861010
        0.0001765978   0.0000040294   0.0000335362  -0.0000027680   0.0000164659
       -0.0000005821  -0.0000167643   0.0000102386   0.0000129859   0.0000078111
       -0.0000277110  -0.0000226852   0.0000074240  -0.0000132719   0.0000221534
        0.0000077985  -0.0000001611   0.0000171588   0.0000055499  -0.0000086048
        0.0000036705   0.0000073973  -0.0000142432   0.0000152059   0.0000071604
       -0.0000133304   0.0001652986  -0.0000777113  -0.0000020451   0.0000401989
       -0.0005136997  -0.0008962789  -0.0000982474  -0.0003809529  -0.0001681491
       -0.0000398535  -0.0001035399   0.0001136160  -0.0091789205  -0.0047326497
        0.0128789429  -0.0000317372  -0.0000038091   0.0000206873   0.0000055604
       -0.0000091467  -0.0000365561   0.0000098981   0.0000013943  -0.0000220341
       -0.0012861388   0.0022533823   0.0022167300  -0.0965722914  -0.0503772391
        0.0802285930   0.0003363303  -0.0003992636   0.0002828265  -0.0003881781
       -0.0004468133   0.0006993439  -0.0000083427   0.0000080371  -0.0000200529
        0.0000258739  -0.0000101814  -0.0000052227   0.0000296156   0.0000269847
        0.0000129133  -0.0000364700  -0.0000059219   0.0000649370   0.0000045898
       -0.0000329355  -0.0000252134  -0.0000061625   0.0000026405  -0.0000136840
        0.0000112797  -0.0000059162   0.0000006740  -0.0000095399  -0.0000151019
       -0.0000080071   0.0002036838   0.0000442750  -0.0000138893  -0.0000673747
        0.0001606997  -0.0001202038   0.1118551668   0.0595415367  -0.0965194816
        0.0092527509   0.0093424170  -0.0142736338  -0.0132912119  -0.0145728460
        0.0157007528   0.0002303185  -0.0002121172  -0.0002175461   0.0000508845
        0.0006635985   0.0000822609  -0.0008244635  -0.0001300824  -0.0000298853
        0.0000155321  -0.0000524436   0.0000195906  -0.0000716254   0.0001456428
        0.0001699319  -0.0000195621   0.0000580344   0.0001444571   0.0001783548
       -0.0002324243  -0.0000342362  -0.0000429196   0.0000906224   0.0000575307
       -0.0000289182   0.0000419511  -0.0000296118  -0.0000418031  -0.0000103134
        0.0000051596  -0.0000052301   0.0000339278  -0.0000131414  -0.0000210200
        0.0000106513  -0.0000051109   0.0000597989   0.0001158141   0.0005652454
        0.0000355864  -0.0000042360   0.0001329807  -0.0001357711   0.0000360798
       -0.0002502699  -0.0000323284   0.0001442558   0.0000557949   0.0000209819
       -0.0000031950  -0.0000068292   0.0000131302  -0.0000001076  -0.0000187239
       -0.0000178698   0.0000140394  -0.0000109437  -0.0000057406  -0.0000002364
       -0.0000236715
       -0.0012976265   0.0012221319  -0.0004895466   0.0001463906  -0.0000025659
        0.0000455713   0.0000452109   0.0000326980   0.0001230054   0.0000279119
        0.0000267770  -0.0000107638  -0.0000028577   0.0000353605   0.0000061744
        0.0000045114  -0.0000014326   0.0000314703  -0.0000153417   0.0000122048
       -0.0000115402  -0.0000186576  -0.0000223471  -0.0000252347  -0.0000079984
        0.0000089754  -0.0000063764   0.0000010253   0.0000257866   0.0000070226
       -0.0000025123   0.0000010094  -0.0000232908   0.0000021417   0.0000214398
       -0.0000155817  -0.0003175217  -0.0000209736   0.0000955258   0.0005291710
       -0.0013707375  -0.0011173123  -0.0001835931   0.0004526251   0.0006473166
        0.0000879713  -0.0000808184  -0.0000603581   0.0095271780   0.0084008779
       -0.0133289799  -0.0000298936   0.0000040449   0.0000782185   0.0000214403
       -0.0000098137   0.0000109781  -0.0000141948   0.0000198876   0.0000221761
        0.0015456771  -0.0018840115  -0.0019907145  -0.0511530687  -0.0946472624
        0.0806700372   0.0001614138   0.0007068169  -0.0005570568   0.0005633048
        0.0004845888  -0.0006863944   0.0000008674   0.0000088157   0.0000102248
       -0.0000057953   0.0000383923   0.0000164552  -0.0000091766  -0.0000178377
       -0.0000502077  -0.0000100244   0.0000094589  -0.0000216791  -0.0000133896
        0.0000327045   0.0000094318   0.0000092791   0.0000092327   0.0000211725
       -0.0000053554   0.0000054472  -0.0000077510   0.0000054864   0.0000289183
        0.0000053499   0.0001750283  -0.0000493844   0.0000346164  -0.0000914226
       -0.0000151459  -0.0001650155   0.0595415367   0.1090757803  -0.0916698307
       -0.0071743405  -0.0089465965   0.0136610911  -0.0130680141  -0.0118132210
        0.0146649201  -0.0001136334  -0.0000716040  -0.0000332654   0.0003311871
       -0.0004667426  -0.0001930762  -0.0000845453   0.0000379329   0.0000817181
       -0.0000437834   0.0000686482   0.0000323821   0.0001124398  -0.0001108565
       -0.0002309032   0.0001726005  -0.0002771571   0.0001919351  -0.0000797795
       -0.0003747736  -0.0001132280   0.0000131235   0.0001002987   0.0000207768
        0.0000385002  -0.0000059482  -0.0000142010   0.0000012650  -0.0000130980
       -0.0000183898   0.0000420631  -0.0000868712   0.0000543930   0.0000145036
        0.0000104047  -0.0000111955   0.0002207611  -0.0002462862   0.0003105703
        0.0000065396   0.0000416919  -0.0000502322   0.0001635845  -0.0000645442
        0.0001634298   0.0002045494  -0.0002718611  -0.0001664721   0.0000171236
       -0.0000171470   0.0000181891  -0.0000026300   0.0000034736   0.0000091080
        0.0000197722  -0.0000267149   0.0000184306  -0.0000084036  -0.0000106718
        0.0000069066
       -0.0034185908  -0.0008972470  -0.0005576965  -0.0001061692  -0.0000882412
       -0.0000521057   0.0000430790   0.0000891442  -0.0000272221   0.0000436642
        0.0000255573   0.0000545666  -0.0000076958   0.0000091007  -0.0000185190
       -0.0000117926   0.0000082075  -0.0000557017   0.0000156615   0.0000138859
        0.0000123130  -0.0000106742  -0.0000208216   0.0000041615  -0.0000060003
       -0.0000122654   0.0000151789   0.0000177424   0.0000089673   0.0000310892
        0.0000174141   0.0000244388   0.0000070822   0.0000146121   0.0000193355
        0.0000162556   0.0008729777  -0.0002519739  -0.0008342745   0.0002012205
       -0.0005481035   0.0007550670   0.0004284322   0.0007797636  -0.0003861625
        0.0001540241   0.0000270131  -0.0002587866   0.0114923499   0.0058596420
       -0.0161399671   0.0000112836   0.0001017567   0.0000653705  -0.0000347942
        0.0000768031   0.0000911724  -0.0000455089   0.0000605420   0.0001000023
        0.0019814761  -0.0026065989  -0.0023093749   0.0819845974   0.0808697989
       -0.1699922971  -0.0009746910   0.0007160775   0.0005184705   0.0006893810
        0.0005020611  -0.0005031245   0.0000215082   0.0000143663   0.0000540729
       -0.0000351791  -0.0000160069   0.0000498723   0.0000028633  -0.0000791544
        0.0000170875  -0.0000011680   0.0000347568  -0.0000394062  -0.0000218595
        0.0000567703   0.0000253714   0.0000201118   0.0000305664  -0.0000370131
       -0.0000226117  -0.0000426655  -0.0000133159   0.0000072748   0.0000445527
        0.0000565109  -0.0001163293  -0.0000793268  -0.0000309830   0.0000234959
       -0.0003146877   0.0002437478  -0.0965194816  -0.0916698307   0.1952964359
        0.0075653053   0.0117065313  -0.0152508445  -0.0050681881  -0.0045660652
        0.0084015011  -0.0003304747   0.0001998861   0.0000371193   0.0000866046
       -0.0002871304   0.0002838732   0.0000108434  -0.0000356037   0.0001978704
        0.0000112372   0.0000045982  -0.0000253541   0.0000561497  -0.0001818222
       -0.0001609825   0.0000041382   0.0009906554  -0.0001263738   0.0001378226
       -0.0004780109  -0.0001927029  -0.0000689647   0.0001584348   0.0001844631
       -0.0000618616   0.0000669901  -0.0000533856   0.0000150925   0.0000148839
       -0.0000055970   0.0000139292   0.0000015563   0.0000329407  -0.0000137105
        0.0000114041  -0.0000426287  -0.0000605621   0.0001583486   0.0001793991
        0.0000248069  -0.0001175942   0.0002119780  -0.0000975128   0.0001391523
       -0.0003381645   0.0009073861  -0.0004215066   0.0004105448   0.0001015567
       -0.0000898240   0.0000509520   0.0000465126  -0.0000261809   0.0000075687
        0.0000017284   0.0000046773   0.0000175191   0.0000075376   0.0000004353
        0.0000224261
        0.0007249143  -0.0010984050   0.0006888460   0.0001683235   0.0001750574
        0.0000013676  -0.0000246769   0.0000070521   0.0000064247   0.0000711288
        0.0000691198   0.0000809035  -0.0000079821  -0.0000063927  -0.0000161944
        0.0000036163   0.0000117877  -0.0000359550   0.0000106995  -0.0000098784
        0.0000209193   0.0000151431   0.0000120302   0.0000094486   0.0000076002
        0.0000029104  -0.0000090214  -0.0000047977  -0.0000057422   0.0000176878
        0.0000173748  -0.0000001821   0.0000142052   0.0000071963  -0.0000068648
        0.0000163683   0.0010706910  -0.0007494340  -0.0004199356  -0.0004410092
        0.0002801144  -0.0000883759   0.0002288797  -0.0004546968  -0.0005678365
       -0.0001013829   0.0000320864  -0.0000103309  -0.0112404029   0.0098772423
       -0.0064839578   0.0000091783   0.0000263032  -0.0000062018  -0.0000187449
       -0.0000101636   0.0000039943  -0.0000091799  -0.0000480276  -0.0000234433
        0.0000032255   0.0003402961  -0.0006900705  -0.1404309488   0.0801054794
       -0.0810524953  -0.0017481092   0.0023696036   0.0013574304   0.0001174359
       -0.0000803575   0.0000061530   0.0000378299  -0.0000023107   0.0000741519
       -0.0000008043  -0.0000640886  -0.0000556193   0.0000008538  -0.0000332900
        0.0000038552   0.0000169496  -0.0000143956  -0.0000499325   0.0000298343
       -0.0000179478   0.0000001148   0.0000308498  -0.0000102633  -0.0000043748
       -0.0000082637  -0.0000252775  -0.0000087925  -0.0000265227  -0.0000072784
       -0.0000213617  -0.0001918534   0.0000262123  -0.0000677277  -0.0002306142
       -0.0001900617   0.0010912756   0.0092527509  -0.0071743405   0.0075653053
        0.1616662137  -0.0940080348   0.0957746364  -0.0169746215   0.0099156417
       -0.0153658796  -0.0002108810   0.0006589197  -0.0004076655  -0.0001079410
        0.0000334239   0.0000826853   0.0000784494   0.0001583542   0.0003598549
        0.0001077550  -0.0001346514  -0.0001184860   0.0000036778  -0.0000397918
       -0.0000515371  -0.0000502877   0.0003014758  -0.0000960065   0.0000483272
        0.0000748629  -0.0000641271   0.0000174432   0.0000158817   0.0000351182
       -0.0000013905   0.0000025644  -0.0000007478   0.0000159645  -0.0000076179
        0.0000017434  -0.0000046967   0.0000197177   0.0000004075   0.0000080489
       -0.0000001208  -0.0000052844  -0.0017448523  -0.0004574612  -0.0015027641
        0.0001223487  -0.0000110575   0.0000679197  -0.0004232769   0.0001154291
       -0.0001092743   0.0000852276   0.0000737309   0.0000159312   0.0000345410
       -0.0000036969  -0.0000122618  -0.0000037316  -0.0000131635   0.0000114957
       -0.0000195282  -0.0000061215   0.0000242838   0.0000140277  -0.0000141813
        0.0000131337
       -0.0020344116  -0.0019088938   0.0008515378   0.0000600869   0.0000629655
       -0.0001141714   0.0000503340   0.0000357413   0.0000712224   0.0000415032
       -0.0000011142   0.0000774468  -0.0000032170  -0.0000109981  -0.0000048900
       -0.0000579536  -0.0000200673  -0.0000857496   0.0000101071   0.0000069395
        0.0000197012  -0.0000020445  -0.0000178677   0.0000055584   0.0000166455
        0.0000139805   0.0000043187   0.0000205468  -0.0000112080   0.0000282592
        0.0000266285   0.0000160026   0.0000242213   0.0000202134  -0.0000014541
        0.0000250424   0.0009531613  -0.0022274742  -0.0015085711  -0.0002422319
       -0.0001381655   0.0002606917   0.0003204240   0.0012160909   0.0002634909
        0.0001959883  -0.0000753421  -0.0001326028   0.0145948539  -0.0137815727
        0.0089498958   0.0000363526   0.0000244682   0.0000231685  -0.0000184338
        0.0000150403   0.0000282863  -0.0000404270   0.0000215964   0.0000838722
       -0.0006883679   0.0004013657   0.0005884162   0.0800709350  -0.1097074484
        0.0682630633   0.0029992865  -0.0028663791  -0.0023829414  -0.0000566162
       -0.0000071394   0.0000912557  -0.0000252495   0.0000364478  -0.0000969915
       -0.0000510408   0.0000179152   0.0000505571   0.0000439122   0.0000224761
        0.0000233785  -0.0000781790   0.0000675003   0.0000563228  -0.0000290178
        0.0000537499  -0.0000068245  -0.0000440052   0.0000138569  -0.0000912059
        0.0000016491  -0.0000382517   0.0000063148  -0.0000007424   0.0000522516
        0.0000598564  -0.0000722133  -0.0000417151  -0.0000926053  -0.0000063739
        0.0004505402  -0.0001660669   0.0093424170  -0.0089465965   0.0117065313
       -0.0940080348   0.1264259237  -0.0761583646  -0.0123135849   0.0096084782
       -0.0103880376   0.0007770576  -0.0007969973   0.0006590919   0.0001037254
        0.0002238363  -0.0000302167  -0.0001656162  -0.0000472189  -0.0003221574
       -0.0000839490   0.0000520270   0.0000394601  -0.0000538970   0.0000232831
        0.0000289494  -0.0002000622   0.0011032732  -0.0000670401   0.0003365711
       -0.0004561922  -0.0002475766  -0.0001126644   0.0001868614   0.0001941582
       -0.0000980359   0.0001153590  -0.0000256340   0.0000095387   0.0000271669
        0.0000206646  -0.0000041747   0.0000310054  -0.0000156675  -0.0000103697
        0.0000535575  -0.0000098326  -0.0002102480   0.0010915876  -0.0006127081
        0.0000957011  -0.0000950182   0.0001770432  -0.0002340503   0.0001770204
       -0.0002746839   0.0006941045  -0.0003436792   0.0001898096   0.0000850108
       -0.0000772767   0.0000026256   0.0000360631  -0.0000210893  -0.0000184853
        0.0000040455   0.0000004385  -0.0000152549  -0.0000016507  -0.0000095876
       -0.0000059326
        0.0002633235   0.0005956854   0.0007237207   0.0001333662   0.0000069354
       -0.0000470135  -0.0000406220  -0.0000260166  -0.0001601316  -0.0000182658
       -0.0000122518   0.0000223429  -0.0000120189   0.0000030802  -0.0000435428
       -0.0000127061  -0.0000020964  -0.0000283581  -0.0000058684   0.0000113803
        0.0000052229   0.0000114226   0.0000241468   0.0000057622  -0.0000039375
       -0.0000256300   0.0000046606   0.0000002445  -0.0000170852  -0.0000150865
        0.0000009920   0.0000038117   0.0000022285   0.0000074341  -0.0000101228
       -0.0000048358  -0.0001680218  -0.0014893610  -0.0002213495   0.0000638335
        0.0002988927  -0.0001927392   0.0002229836   0.0003250278   0.0006256601
        0.0000806246  -0.0001064365   0.0001381537   0.0092448961  -0.0073020577
        0.0077345136   0.0000186031  -0.0000139265   0.0000169246   0.0000107781
       -0.0000355613  -0.0000613529  -0.0000050527  -0.0000008398  -0.0000029539
        0.0003828562  -0.0010186365   0.0005489268  -0.0819115630   0.0682381215
       -0.1145246259   0.0013281814  -0.0018504937  -0.0007405668  -0.0000104484
        0.0000209814  -0.0000523382   0.0000110847  -0.0000245072  -0.0000342130
       -0.0000127363   0.0000225360   0.0000328962  -0.0000010531   0.0000297587
       -0.0000019437  -0.0000134505   0.0000239262   0.0000050783   0.0000005248
       -0.0000076604   0.0000212359  -0.0000081437  -0.0000279295  -0.0000179805
        0.0000104164   0.0000306602   0.0000188119   0.0000090245   0.0000014391
        0.0000155563  -0.0000636888   0.0000923167  -0.0001368027   0.0004619878
        0.0000494329  -0.0003004254  -0.0142736338   0.0136610911  -0.0152508445
        0.0957746364  -0.0761583646   0.1313823466  -0.0108768439   0.0062882333
       -0.0084248867   0.0004922124  -0.0005174607   0.0004641719   0.0000308847
       -0.0002088963   0.0000118099   0.0001977004   0.0001581386   0.0000599639
       -0.0000222320   0.0000139348   0.0000390386   0.0000040571  -0.0000091026
        0.0000162792  -0.0000224606  -0.0001945439  -0.0000637001  -0.0000526861
        0.0000512178   0.0000951429   0.0000031405  -0.0000655373  -0.0000240883
        0.0000122602  -0.0000293153   0.0000087930  -0.0000078033   0.0000115818
        0.0000013056   0.0000003067  -0.0000107650   0.0000036369   0.0000020670
       -0.0000022842   0.0000184968  -0.0012614974  -0.0006553812  -0.0013666393
        0.0000267229  -0.0000716785  -0.0001552764   0.0000417780   0.0000577104
        0.0002024381  -0.0000484411  -0.0001121550  -0.0002579032   0.0000019187
       -0.0000135678  -0.0000334617  -0.0000135324  -0.0000042815  -0.0000206519
        0.0000241842  -0.0000019736  -0.0000361750  -0.0000077394   0.0000058795
       -0.0000052315
        0.0007167159   0.0000966613  -0.0004114659   0.0000120521   0.0000178418
        0.0000777405  -0.0000142261  -0.0000065900   0.0000022504  -0.0000143191
        0.0000016259  -0.0000360181   0.0000120588  -0.0000180107   0.0000021952
        0.0000179085   0.0000062706   0.0000587158   0.0000115030  -0.0000001844
       -0.0000228472   0.0000119588   0.0000211970   0.0000027555   0.0000055338
       -0.0000143949   0.0000054131  -0.0000030911  -0.0000014885  -0.0000173872
       -0.0000074621  -0.0000161302  -0.0000099106  -0.0000018338  -0.0000101029
       -0.0000177846  -0.0002137045   0.0001950911   0.0002345707  -0.0002639912
       -0.0000396397  -0.0003279689  -0.0007425100   0.0011317358   0.0019429224
        0.0003049183   0.0003338476   0.0003400170   0.0072454363   0.0070865593
        0.0043259374   0.0000312472   0.0000245937  -0.0000326088  -0.0000144723
       -0.0000129748   0.0000036075   0.0000013148   0.0000824295   0.0001001937
        0.0003713129   0.0006610223   0.0005551037  -0.1479069491  -0.0964591714
       -0.0645645865   0.0000220749   0.0006872876   0.0005539998  -0.0000284485
        0.0000659234  -0.0000474138  -0.0000107641  -0.0000098909   0.0000038195
        0.0000180327  -0.0000040588  -0.0000242905  -0.0000243760   0.0000067012
       -0.0000011041   0.0000337276  -0.0000050541   0.0000058723   0.0000182896
       -0.0000070868  -0.0000019511  -0.0000066160  -0.0000077859   0.0000327114
        0.0000027431   0.0000185372   0.0000057193   0.0000533548   0.0000046351
        0.0000077535  -0.0001286375   0.0002036743   0.0005454646  -0.0001170722
       -0.0001052923  -0.0002635876  -0.0132912119  -0.0130680141  -0.0050681881
       -0.0169746215  -0.0123135849  -0.0108768439   0.1719436796   0.1108508333
        0.0731353993  -0.0000183308   0.0000732305   0.0000899877  -0.0001586280
       -0.0000056883  -0.0000523043   0.0000137772   0.0008564920   0.0000072866
        0.0000176888   0.0000261863   0.0000288825   0.0000337072   0.0000081678
       -0.0000104871  -0.0000044340  -0.0003809227   0.0000130982  -0.0001368297
        0.0002832715   0.0000786177   0.0000709830  -0.0000981479  -0.0000687737
        0.0000549644  -0.0000522477   0.0000288574  -0.0000080741  -0.0000049116
       -0.0000079494  -0.0000152032   0.0000032066   0.0000002404   0.0000120503
       -0.0000144482   0.0000141600  -0.0006341860  -0.0002472990  -0.0002483997
       -0.0000489180   0.0000754546  -0.0000870894   0.0001633562  -0.0001904074
        0.0001293621  -0.0003311959   0.0002081308  -0.0001050091  -0.0000619975
        0.0000577203  -0.0000013329  -0.0000139362   0.0000065279  -0.0000023674
       -0.0000136746  -0.0000028771  -0.0000088956   0.0000093253   0.0000015489
       -0.0000160897
       -0.0000576942  -0.0005118695  -0.0001508791   0.0000431308   0.0001008431
        0.0000659856   0.0000085888  -0.0000173334   0.0000430795   0.0000024191
        0.0000051955  -0.0000260785   0.0000000965   0.0000125859   0.0000106420
        0.0000078907  -0.0000099831   0.0000067191   0.0000015806   0.0000175025
        0.0000012395   0.0000019987  -0.0000002173  -0.0000114543   0.0000040330
        0.0000321381  -0.0000028070  -0.0000010251   0.0000109261  -0.0000038530
       -0.0000114342  -0.0000020991  -0.0000072179  -0.0000110745   0.0000101192
       -0.0000079373   0.0001066827  -0.0001294544  -0.0000294657   0.0001590963
        0.0001443198  -0.0002038304   0.0016340050  -0.0037059045  -0.0032575826
       -0.0009188588  -0.0002281695  -0.0001305721  -0.0125645046  -0.0154200702
       -0.0104944526   0.0000087791  -0.0000060206   0.0000172072   0.0000145696
       -0.0000634316  -0.0000180104   0.0000614534  -0.0002146125  -0.0002676176
       -0.0008172810   0.0005064436   0.0007973137  -0.0951946980  -0.1309356877
       -0.0576040312  -0.0004393649  -0.0000508108  -0.0005471868  -0.0000590008
        0.0000122849   0.0001996677   0.0000111873  -0.0000058246   0.0000251201
        0.0000090070   0.0000381365   0.0000257823  -0.0000060964   0.0000454673
       -0.0000229529   0.0000073694  -0.0000406168  -0.0000218665   0.0000165298
        0.0000164073   0.0000118812   0.0000436035   0.0000023474   0.0000375067
        0.0000403355   0.0000464620  -0.0000035230  -0.0000589662  -0.0000251647
       -0.0000553474   0.0004361968   0.0003356398  -0.0001577680   0.0001000612
        0.0000886460  -0.0000652382  -0.0145728460  -0.0118132210  -0.0045660652
        0.0099156417   0.0096084782   0.0062882333   0.1108508333   0.1523803272
        0.0690773613  -0.0000803990   0.0002509815   0.0002149328   0.0000102489
       -0.0000403250  -0.0000461923   0.0011970369  -0.0008402916   0.0005752875
        0.0000007761  -0.0000483394  -0.0000095216  -0.0000176838   0.0000455165
        0.0000759132   0.0000185413   0.0000078109   0.0000312408  -0.0000901897
        0.0001734266  -0.0001435026  -0.0000199395  -0.0000425295   0.0000459046
        0.0000252312  -0.0000289872   0.0000506771   0.0000001688  -0.0000036348
       -0.0000062347  -0.0000077823  -0.0000198924  -0.0000079686  -0.0000044362
        0.0000035603  -0.0000017713   0.0002353078   0.0002280466   0.0002546729
        0.0000012956   0.0000667762  -0.0000097226   0.0000781670  -0.0000823578
        0.0000621955  -0.0000936101   0.0000340144  -0.0000527778  -0.0000333257
        0.0000362911   0.0000056941   0.0000004478   0.0000174173   0.0000044310
        0.0000071713   0.0000052258   0.0000102399   0.0000007285   0.0000035117
       -0.0000054996
       -0.0001914719  -0.0000032708  -0.0003173446   0.0000056135  -0.0000207293
        0.0000579422   0.0000038012   0.0000055628   0.0000065923   0.0000337811
        0.0000568379   0.0000028738  -0.0000093252  -0.0000127822   0.0000280758
        0.0000166435  -0.0000099670   0.0000143596  -0.0000019167   0.0000083664
        0.0000043802   0.0000061956   0.0000048890   0.0000069731  -0.0000008214
       -0.0000031941   0.0000215110  -0.0000081518  -0.0000036967  -0.0000023723
       -0.0000007267   0.0000023965   0.0000115497  -0.0000095791  -0.0000055918
        0.0000086178   0.0001787558  -0.0001621588  -0.0000624376   0.0003505337
        0.0006263765   0.0003464646   0.0015202750  -0.0034966153  -0.0034927983
       -0.0007922733  -0.0004679187  -0.0000728124  -0.0106596144  -0.0131375441
       -0.0090366941  -0.0000741054   0.0000245311   0.0000568429   0.0000455614
       -0.0000659323  -0.0000847454   0.0000637053  -0.0001601115  -0.0002663007
       -0.0006264909  -0.0003647000   0.0002982871  -0.0633799325  -0.0576417124
       -0.0808405257  -0.0003431818   0.0007389608   0.0000942093  -0.0000662546
        0.0001108393   0.0001135534  -0.0000197391  -0.0000184941   0.0000285726
        0.0000293880   0.0000519963   0.0000665865   0.0000116129   0.0000384914
       -0.0000091626   0.0000025296  -0.0000128022  -0.0000221733   0.0000096105
       -0.0000284646   0.0000066993   0.0000341223   0.0000024940   0.0000359092
        0.0000462309   0.0000500103   0.0000070798  -0.0000599561  -0.0000485641
       -0.0000444882   0.0010366480  -0.0001138347  -0.0003288231  -0.0002230420
        0.0000603843  -0.0004821483   0.0157007528   0.0146649201   0.0084015011
       -0.0153658796  -0.0103880376  -0.0084248867   0.0731353993   0.0690773613
        0.0934537590  -0.0000822489   0.0000888673  -0.0000392468   0.0000518980
        0.0001002199  -0.0000252759  -0.0002320161   0.0004636697   0.0004554900
       -0.0000488733   0.0000618476   0.0000504490  -0.0000092310   0.0000535726
        0.0000250819   0.0000158232   0.0001608972   0.0000404297   0.0000279443
       -0.0000316082  -0.0001071069  -0.0000427658  -0.0000570806   0.0000863489
       -0.0000055600  -0.0000114488   0.0000156348   0.0000055401   0.0000007583
        0.0000050475   0.0000206590  -0.0000071631  -0.0000051572   0.0000042241
       -0.0000028801  -0.0000088848  -0.0002672134  -0.0001146835  -0.0002366711
       -0.0000622935  -0.0000230887  -0.0000088658   0.0001543425  -0.0000839158
        0.0000244775   0.0000804169   0.0000445538   0.0000712974  -0.0000221436
       -0.0000060615   0.0000286360  -0.0000002141  -0.0000094370   0.0000129227
        0.0000091576   0.0000097846   0.0000099591   0.0000038565   0.0000049005
        0.0000208070
        0.0000023296   0.0004250992   0.0001005721   0.0000364567   0.0000078151
        0.0000293921  -0.0000070156  -0.0000158376  -0.0000134522  -0.0000174142
       -0.0000069304  -0.0000023643  -0.0000042206   0.0000032402  -0.0000044007
        0.0000028892   0.0000180615   0.0000228480  -0.0000080681   0.0000010740
       -0.0000000521   0.0000023977   0.0000175459   0.0000089316  -0.0000086417
        0.0000019912   0.0000018054  -0.0000087730   0.0000053272   0.0000008300
       -0.0000106545   0.0000055539   0.0000039705  -0.0000085945   0.0000068891
        0.0000035049  -0.0001142653   0.0001196599   0.0000801821  -0.0002851531
       -0.0002123121  -0.0003342327  -0.0002718808   0.0000428405  -0.0001254979
       -0.0006384400   0.0004860835  -0.0002564294  -0.0139850993   0.0106000019
        0.0072655037  -0.0000415796  -0.0000041485  -0.0002627413  -0.0005550869
        0.0000258579   0.0000466894   0.0000972612  -0.0001378820  -0.0000142891
        0.0003371815  -0.0007777025   0.0009337195  -0.0020581935   0.0023134470
       -0.0021160048  -0.1725765143   0.0803814687   0.0859430047   0.0001661499
       -0.0002266020   0.0004443672   0.0000371143  -0.0000957224   0.0001075512
        0.0000137805  -0.0000190981  -0.0000502434  -0.0002993721  -0.0001670516
        0.0001296891   0.0013427199  -0.0015491433  -0.0014839825   0.0002852405
        0.0000698059   0.0002767928   0.0000817451  -0.0000195106   0.0000901921
       -0.0000328108   0.0000182349   0.0000410971   0.0000136190  -0.0000232455
       -0.0000376453   0.0000940860   0.0000716511  -0.0000536332   0.0000172748
       -0.0001752894   0.0002828083   0.0002303185  -0.0001136334  -0.0003304747
       -0.0002108810   0.0007770576   0.0004922124  -0.0000183308  -0.0000803990
       -0.0000822489   0.1958154855  -0.0938575160  -0.0997559404  -0.0166779639
        0.0075795745   0.0134727938   0.0082006048  -0.0046679083  -0.0050417732
        0.0008223372  -0.0002560323   0.0002582804  -0.0000223167  -0.0001706323
        0.0000768716   0.0000808237  -0.0003291115  -0.0001402736  -0.0002326793
        0.0003355179   0.0003638242   0.0001910072  -0.0000805431  -0.0002513154
        0.0000483868  -0.0000380977  -0.0000179515   0.0000312023   0.0000178268
       -0.0000295550  -0.0000332611   0.0000518239   0.0000160145  -0.0000075494
       -0.0000498393   0.0000039658   0.0000561419  -0.0002581758  -0.0000844690
       -0.0000075671  -0.0000043833  -0.0000471823   0.0000995339  -0.0000226035
        0.0000734988   0.0000050727  -0.0000571532  -0.0000648051  -0.0000024661
        0.0000133274   0.0000144610   0.0000086277   0.0000109764   0.0000066652
        0.0000155326  -0.0000002402   0.0000006921   0.0000094725   0.0000089921
        0.0000082263
        0.0001157856  -0.0002205808   0.0000667232  -0.0000572113   0.0000161551
       -0.0000282491   0.0000252713  -0.0000040196  -0.0000004147  -0.0000198375
       -0.0000185478   0.0000081903  -0.0000046218   0.0000015485  -0.0000077236
        0.0000072996  -0.0000112832  -0.0000106464  -0.0000055935   0.0000049172
        0.0000042236  -0.0000112973  -0.0000034131   0.0000007677  -0.0000114024
        0.0000064090  -0.0000038751   0.0000073378  -0.0000031086   0.0000070500
       -0.0000094876   0.0000080700   0.0000060668  -0.0000058922   0.0000078436
        0.0000077891   0.0000224817  -0.0000263920  -0.0000282981  -0.0003184981
       -0.0001884249  -0.0000426983   0.0000438518   0.0002140103   0.0000019437
        0.0002481321   0.0003043197   0.0001278505   0.0134767569  -0.0103781367
       -0.0069591047   0.0000687251   0.0001194284   0.0000244191  -0.0012372306
       -0.0011420172  -0.0012765932  -0.0000250322  -0.0001458306   0.0000321681
        0.0004320818   0.0004999088  -0.0007363224   0.0031934748  -0.0024069971
        0.0024646976   0.0796960858  -0.0921857536  -0.0525918570   0.0003868716
       -0.0003217045   0.0002446931  -0.0001063926  -0.0000504393  -0.0000548897
       -0.0000512456  -0.0000346229  -0.0000632702  -0.0000593371  -0.0000045616
        0.0001807259  -0.0007119645  -0.0014869243  -0.0024258860   0.0000113810
       -0.0001245576  -0.0001456089   0.0000527962  -0.0000156881   0.0000134614
       -0.0000487295  -0.0000138145  -0.0000027947  -0.0000147014  -0.0000092692
       -0.0000106056  -0.0000326542  -0.0005962811  -0.0000734659  -0.0001356462
        0.0001607937  -0.0003345066  -0.0002121172  -0.0000716040   0.0001998861
        0.0006589197  -0.0007969973  -0.0005174607   0.0000732305   0.0002509815
        0.0000888673  -0.0938575160   0.1089703124   0.0647473175  -0.0149483580
        0.0090839894   0.0107398162   0.0140354602  -0.0108010729  -0.0143377503
       -0.0005376266   0.0009292210   0.0007547804  -0.0001013674   0.0000436947
       -0.0000640658   0.0000085033   0.0000862798   0.0000092843   0.0000472726
        0.0000092248  -0.0000155030  -0.0000283563   0.0000192192   0.0000251866
       -0.0000280483   0.0000109436   0.0000094513  -0.0000029621   0.0000042945
        0.0000032822   0.0000072672   0.0000435268  -0.0000228754  -0.0000325908
        0.0000001357   0.0000086190   0.0000502185   0.0001411888   0.0000215921
        0.0000380617   0.0000100178   0.0000210576  -0.0000980116   0.0000801295
       -0.0000480259  -0.0000177923  -0.0000015940   0.0000242664   0.0000180417
        0.0000011500  -0.0000182753   0.0000069805   0.0000116891  -0.0000092322
        0.0000026025   0.0000090612  -0.0000051703  -0.0000033690   0.0000151724
       -0.0000090080
       -0.0002472348   0.0001691395   0.0000286075  -0.0000132781  -0.0000138317
       -0.0000011789  -0.0000022042   0.0000157586  -0.0000057007   0.0000286145
        0.0000024672  -0.0000006025  -0.0000171155   0.0000064323   0.0000013656
       -0.0000042456   0.0000044750   0.0000029694  -0.0000068118   0.0000047221
        0.0000010762   0.0000101143  -0.0000079218  -0.0000127298  -0.0000113532
        0.0000038630   0.0000078180  -0.0000107747   0.0000131546   0.0000101403
        0.0000072028   0.0000076490  -0.0000013752  -0.0000068023   0.0000131287
        0.0000065532  -0.0000938912  -0.0000416784  -0.0001202208   0.0005032425
        0.0000599217   0.0000470648  -0.0002808743   0.0000118498  -0.0003161399
       -0.0002119667   0.0000183044   0.0002023077  -0.0113270957   0.0074653464
        0.0091967995  -0.0000526288  -0.0000341175  -0.0000940999  -0.0009238806
       -0.0010133499  -0.0013500010   0.0000183624  -0.0000191596  -0.0000848514
       -0.0000292255  -0.0002600372   0.0005236091  -0.0015477505   0.0019493185
       -0.0009549414   0.0858924473  -0.0530107393  -0.1000141586  -0.0009285493
        0.0012166907  -0.0011486439   0.0000586591   0.0000018175   0.0000331799
       -0.0000046362  -0.0000321882  -0.0000794992   0.0003383690   0.0001153512
        0.0000929430  -0.0009735034  -0.0027023629  -0.0010621895  -0.0000976087
       -0.0001522922  -0.0002111780   0.0000168033   0.0000038692   0.0000278926
        0.0000389467   0.0000199562   0.0000107756  -0.0000232935  -0.0000036869
       -0.0000230287   0.0000509256  -0.0001023140   0.0000493742  -0.0000968836
       -0.0002093252   0.0000750745  -0.0002175461  -0.0000332654   0.0000371193
       -0.0004076655   0.0006590919   0.0004641719   0.0000899877   0.0002149328
       -0.0000392468  -0.0997559404   0.0647473175   0.1197826049   0.0125797951
       -0.0061193585  -0.0087405789   0.0162813516  -0.0131410209  -0.0146011682
        0.0010240086   0.0005237993  -0.0019974474   0.0002087011  -0.0001425245
        0.0001899338   0.0000106688   0.0000905863   0.0000495175   0.0000861852
       -0.0001799703  -0.0000457273  -0.0000487715   0.0000516899  -0.0000113729
       -0.0000304587   0.0000182767  -0.0000270857  -0.0000044391  -0.0000144594
        0.0000042212   0.0000362698  -0.0000607943  -0.0000144984   0.0000125137
        0.0000180577  -0.0000109968  -0.0000331157  -0.0000594402   0.0000126970
       -0.0000425739  -0.0000061109   0.0000259888  -0.0000083922   0.0000301797
       -0.0000049808   0.0001407561  -0.0000698011   0.0000223255   0.0000089209
       -0.0000154656   0.0000126232   0.0000021894  -0.0000037449   0.0000205949
        0.0000098627  -0.0000042052   0.0000154816   0.0000056131  -0.0000039810
        0.0000188119
       -0.0013844077   0.0008792941  -0.0003089388   0.0000260589  -0.0000983256
       -0.0000413602   0.0000402130   0.0000506262   0.0000363236  -0.0000018890
        0.0000174068   0.0000164937   0.0000003867   0.0000239321  -0.0000053028
        0.0000133165   0.0000015335  -0.0000087845  -0.0000157236   0.0000097832
        0.0000005213  -0.0000347208  -0.0000159072  -0.0000058210  -0.0000069833
       -0.0000061108  -0.0000021879   0.0000169320   0.0000093578   0.0000122266
       -0.0000022610   0.0000196070  -0.0000053945   0.0000128598   0.0000153854
       -0.0000017619   0.0001272095   0.0000196781   0.0000386623   0.0000981280
        0.0001006381  -0.0009565565   0.0002582329  -0.0005054995   0.0004297613
        0.0001120390  -0.0001533125   0.0000875636   0.0093234286   0.0098771661
       -0.0059527719  -0.0000012737  -0.0000399527   0.0001112304   0.0001655711
       -0.0000513205  -0.0002954247  -0.0000371128   0.0000622830  -0.0000214126
       -0.0014284954   0.0014983451  -0.0016223295   0.0000780584   0.0000116210
       -0.0005951705  -0.1231016329  -0.0922812235   0.0625277059  -0.0000461178
       -0.0000858526   0.0001214783   0.0000491855   0.0000405471   0.0000033436
        0.0000034857  -0.0000143291   0.0000172797   0.0003284151  -0.0001033723
       -0.0002058357  -0.0004283993  -0.0001051437   0.0004296293  -0.0001553071
       -0.0000520138  -0.0001083122  -0.0000172292   0.0000071822  -0.0000274237
       -0.0000060682  -0.0000188391  -0.0000373361  -0.0000097113   0.0000038316
        0.0000308389   0.0000030119   0.0001759392   0.0000569247   0.0003555586
        0.0005959357  -0.0006535907   0.0000508845   0.0003311871   0.0000866046
       -0.0001079410   0.0001037254   0.0000308847  -0.0001586280   0.0000102489
        0.0000518980  -0.0166779639  -0.0149483580   0.0125797951   0.1409771385
        0.1066705953  -0.0708305725  -0.0089474696  -0.0113902354   0.0048691329
        0.0000309198  -0.0001529030  -0.0001524778   0.0000697669  -0.0000177232
       -0.0000634123   0.0000664365   0.0002313278   0.0000671833  -0.0000862371
       -0.0005889478  -0.0000476571   0.0000270884   0.0001670412   0.0000247771
       -0.0000363615   0.0000642307  -0.0000778566  -0.0000175398   0.0000303034
        0.0000154396   0.0000986301  -0.0001306751   0.0001543558   0.0000306236
        0.0000517988   0.0000061175  -0.0000533667  -0.0001843136   0.0002231081
        0.0000235075  -0.0000274860   0.0000977587  -0.0000237672   0.0001018112
       -0.0002080719   0.0003247223  -0.0002067500   0.0001174326   0.0000508831
       -0.0000299375   0.0000185367   0.0000288887   0.0000009383  -0.0000108459
       -0.0000008303   0.0000103034  -0.0000076159  -0.0000041428   0.0000149280
       -0.0000087823
        0.0010750813  -0.0000674914   0.0003953932  -0.0000171182   0.0000406342
        0.0000169427  -0.0000120750  -0.0000165293  -0.0000453965  -0.0000487264
       -0.0000757595  -0.0000447531  -0.0000009247   0.0000122643  -0.0000274913
        0.0000050540  -0.0000010105   0.0000263126  -0.0000000944  -0.0000091169
       -0.0000078255  -0.0000016898  -0.0000072606  -0.0000036111  -0.0000148249
       -0.0000122133  -0.0000064831  -0.0000034011   0.0000033879  -0.0000037989
       -0.0000089347  -0.0000139170  -0.0000195426  -0.0000040169   0.0000048757
       -0.0000138117  -0.0001932736  -0.0000737426   0.0001071205  -0.0001235092
       -0.0000036880  -0.0010550104  -0.0013512742   0.0005046566  -0.0003548762
        0.0000046560   0.0000977064   0.0003437762  -0.0081794471  -0.0142966018
        0.0114406257   0.0000081594  -0.0000474904   0.0000214369   0.0000991699
       -0.0002423623  -0.0003216326  -0.0000059788  -0.0000564504  -0.0000596680
        0.0020346298  -0.0019876139   0.0017318671  -0.0002670037   0.0001106339
        0.0002785724  -0.0922911229  -0.1520636415   0.0716761738   0.0000487959
        0.0000863232  -0.0001433073  -0.0000489615  -0.0000078538  -0.0000234453
        0.0000089133   0.0000284861  -0.0000279887  -0.0002076626  -0.0001611047
       -0.0004117496   0.0001452242   0.0001776764  -0.0000866489  -0.0000526009
       -0.0000747006  -0.0000603614   0.0000013127  -0.0000189588   0.0000344020
       -0.0000114658   0.0000343405  -0.0000213632  -0.0000042060  -0.0000106034
       -0.0000298966   0.0002638727   0.0001635480  -0.0000736741  -0.0003804728
       -0.0004063528   0.0007469321   0.0006635985  -0.0004667426  -0.0002871304
        0.0000334239   0.0002238363  -0.0002088963  -0.0000056883  -0.0000403250
        0.0001002199   0.0075795745   0.0090839894  -0.0061193585   0.1066705953
        0.1753412319  -0.0840693207  -0.0147721556  -0.0159811495   0.0068581855
       -0.0000476320  -0.0000326328   0.0001380120  -0.0000047112   0.0000859242
       -0.0000934811   0.0000041685  -0.0003275271  -0.0001114727  -0.0002475830
        0.0004992614   0.0001797796   0.0001452528  -0.0001294790  -0.0002326886
        0.0000404525  -0.0000491391  -0.0000596608   0.0000836541   0.0000278609
        0.0000038261  -0.0000915559   0.0000383658   0.0001617765   0.0000138639
       -0.0001009946  -0.0000080350  -0.0001342558   0.0001186758  -0.0001199648
        0.0000099433   0.0000439427  -0.0000841253  -0.0000604181   0.0000071013
        0.0001623432  -0.0002915040   0.0000570330  -0.0001733371  -0.0000203490
        0.0000142121  -0.0000201086  -0.0000217166   0.0000066354   0.0000028212
       -0.0000041886  -0.0000189982   0.0000073879  -0.0000088531  -0.0000111521
       -0.0000039912
       -0.0014717033   0.0007435712   0.0000404996  -0.0000135513  -0.0000937481
       -0.0000952052   0.0000213622   0.0000390248  -0.0000040039   0.0000368892
        0.0000016501   0.0000197416  -0.0000102518   0.0000148923  -0.0000023249
        0.0000046684   0.0000150062  -0.0000213574  -0.0000046470   0.0000115151
       -0.0000070335   0.0000005583  -0.0000174385  -0.0000089485   0.0000004374
        0.0000098518  -0.0000104696   0.0000090120   0.0000181759   0.0000081344
        0.0000132960   0.0000096678  -0.0000098950   0.0000096071   0.0000141375
       -0.0000064660   0.0000881273   0.0002077978   0.0000212698   0.0001996767
       -0.0006293339   0.0003089274   0.0015304116   0.0006949002   0.0001904664
       -0.0001901455   0.0004441805  -0.0005514857   0.0083892973   0.0153227412
       -0.0121302624   0.0000319582   0.0000345202  -0.0000449986  -0.0000289101
        0.0000626267   0.0001242323   0.0000163259  -0.0000088933   0.0000570467
       -0.0022950574   0.0028408399  -0.0023774457   0.0001706132  -0.0005313285
        0.0001716744   0.0622464084   0.0705800090  -0.0905874175  -0.0000669202
        0.0002077432   0.0000297735   0.0000025138  -0.0000554245   0.0001028824
       -0.0000186817  -0.0000058721   0.0000386090  -0.0004538868  -0.0007330078
       -0.0001813435   0.0006780544   0.0000012841  -0.0004787878   0.0000558706
        0.0000741943   0.0002576901   0.0000623312  -0.0000007647   0.0000470685
       -0.0000807128  -0.0000520564  -0.0000033224   0.0000173040   0.0000255867
        0.0000266034  -0.0001805157  -0.0001886468  -0.0000160964   0.0004837500
        0.0006137708  -0.0008293628   0.0000822609  -0.0001930762   0.0002838732
        0.0000826853  -0.0000302167   0.0000118099  -0.0000523043  -0.0000461923
       -0.0000252759   0.0134727938   0.0107398162  -0.0087405789  -0.0708305725
       -0.0840693207   0.1048227801  -0.0128500140  -0.0152833527   0.0091752459
        0.0000224308   0.0000414166   0.0001865427  -0.0000691797  -0.0000828934
        0.0001171175   0.0001293841  -0.0000738083  -0.0001308542  -0.0002476855
       -0.0001982634   0.0004890367   0.0002034519   0.0001065990  -0.0002709495
        0.0000373418   0.0000373926  -0.0000739324   0.0000112796  -0.0000026115
       -0.0000688112   0.0000660537   0.0001050116   0.0000558987  -0.0000452912
       -0.0000601038  -0.0000361632   0.0001721048  -0.0003230201   0.0000557731
       -0.0000252827  -0.0000366618   0.0000871035   0.0000513977   0.0000525975
       -0.0001413887   0.0004689916  -0.0002803886   0.0000830280   0.0000389405
       -0.0000454410   0.0000252563   0.0000197060  -0.0000113365   0.0000018401
        0.0000069465  -0.0000099105   0.0000069411   0.0000010713  -0.0000074086
        0.0000073144
        0.0000787594  -0.0002241292  -0.0004317148   0.0000059151   0.0000156198
        0.0000167198   0.0000072776  -0.0000018100   0.0000493179   0.0000117695
        0.0000254253  -0.0000069170   0.0000119409  -0.0000150233   0.0000075107
        0.0000084478  -0.0000142359   0.0000171040   0.0000137644  -0.0000017114
       -0.0000113306   0.0000010606  -0.0000008983  -0.0000058977   0.0000143955
       -0.0000049782  -0.0000004429   0.0000086843  -0.0000067310  -0.0000023788
        0.0000050028  -0.0000111088  -0.0000048910   0.0000097591  -0.0000104999
       -0.0000077108   0.0007242482  -0.0008630143  -0.0002017551   0.0003160794
        0.0003602442   0.0000700865  -0.0036966376   0.0015951188  -0.0039011952
       -0.0003257360   0.0001954162   0.0000849206  -0.0087180896  -0.0079784894
       -0.0128542131  -0.0000014221   0.0000104204  -0.0000114593  -0.0000007738
        0.0002582849   0.0002459159   0.0000553654  -0.0001110901  -0.0000673834
       -0.0000708955  -0.0000532748   0.0001750840   0.0000743438  -0.0005918644
       -0.0007021279  -0.0817431893  -0.0548240830  -0.0640180967  -0.0001288966
       -0.0000072019   0.0001877445   0.0000099436  -0.0000171183   0.0000254115
        0.0000111860   0.0000053845   0.0000086332   0.0000570685   0.0000885324
        0.0000345806   0.0000346846  -0.0001642310  -0.0001187299   0.0001741603
        0.0001126438   0.0000495734   0.0000365586  -0.0000074475   0.0000198532
        0.0000424250   0.0000353747   0.0000028677   0.0000088694  -0.0000184889
       -0.0000153506   0.0002188067  -0.0000568227   0.0001542935   0.0000034120
       -0.0000158038   0.0000380971  -0.0008244635  -0.0000845453   0.0000108434
        0.0000784494  -0.0001656162   0.0001977004   0.0000137772   0.0011970369
       -0.0002320161   0.0082006048   0.0140354602   0.0162813516  -0.0089474696
       -0.0147721556  -0.0128500140   0.0948297031   0.0616744814   0.0773120042
        0.0000888003   0.0000273312  -0.0000448190   0.0000334001  -0.0000409523
        0.0000989197  -0.0000116122   0.0000663968   0.0000890742   0.0000329048
        0.0000018254  -0.0002287679  -0.0000230162  -0.0000186357   0.0001626887
        0.0000153827  -0.0000182295   0.0000528727  -0.0000136214  -0.0000114494
       -0.0000026793   0.0000040204  -0.0000226796  -0.0000339322   0.0000108318
        0.0000294804   0.0000057372  -0.0005958055   0.0003538945   0.0002986845
       -0.0000133325   0.0000225416   0.0000388280   0.0000374446  -0.0000595057
       -0.0000790451  -0.0001231500   0.0000969077   0.0001070332  -0.0000322884
        0.0000143090   0.0000074483  -0.0000024357  -0.0000120095  -0.0000012270
       -0.0000158131  -0.0000069865  -0.0000046001  -0.0000005988  -0.0000093090
       -0.0000122044
        0.0002800628  -0.0001813532  -0.0001138477   0.0000027368   0.0000671012
        0.0000307132   0.0000222386  -0.0000183494   0.0000468214  -0.0000059317
       -0.0000173561  -0.0000184686  -0.0000017200   0.0000109011   0.0000038115
        0.0000124158  -0.0000010941   0.0000110279  -0.0000027256   0.0000074098
        0.0000010299  -0.0000010403  -0.0000130597  -0.0000124301  -0.0000017322
        0.0000247634  -0.0000084688   0.0000014050   0.0000081640  -0.0000011594
       -0.0000094906  -0.0000047451  -0.0000082171  -0.0000091658   0.0000092693
       -0.0000065175   0.0000713222   0.0003239819   0.0001694038  -0.0005230583
        0.0000336855  -0.0002739584   0.0022042451  -0.0011779124   0.0025129890
        0.0001864541  -0.0002461363   0.0000480796   0.0060035194   0.0077086840
        0.0097151762   0.0000115938  -0.0000267974   0.0000339874   0.0002062420
       -0.0004352297  -0.0003701916  -0.0000033782   0.0000741395   0.0000564057
        0.0003314731  -0.0001505822   0.0001596982   0.0013373574   0.0001553086
        0.0010904044  -0.0560484342  -0.1242026312  -0.0958093552   0.0001012042
       -0.0000655468  -0.0000992443   0.0000118325   0.0000418756  -0.0000168761
       -0.0000086095   0.0000177367   0.0000299727   0.0001548883   0.0001772057
       -0.0000449742  -0.0004561089  -0.0001149685  -0.0001605686  -0.0001453368
        0.0000093340  -0.0001290922  -0.0000179419   0.0000283815  -0.0000194138
        0.0000362805   0.0000070256  -0.0000090865   0.0000054907   0.0000181380
        0.0000140723  -0.0000086260   0.0000653336   0.0002195485  -0.0000088921
       -0.0000717668   0.0000585922  -0.0001300824   0.0000379329  -0.0000356037
        0.0001583542  -0.0000472189   0.0001581386   0.0008564920  -0.0008402916
        0.0004636697  -0.0046679083  -0.0108010729  -0.0131410209  -0.0113902354
       -0.0159811495  -0.0152833527   0.0616744814   0.1455110414   0.1108584361
       -0.0001366250  -0.0000603963  -0.0000806791  -0.0000147059   0.0000411870
       -0.0000276373   0.0000045629   0.0000229431   0.0000681929   0.0000598993
       -0.0000274332  -0.0002253169  -0.0001087734   0.0000202804   0.0001360356
       -0.0000073322  -0.0000175948   0.0000624034  -0.0000087673  -0.0000114848
        0.0000046312  -0.0000128910  -0.0000332974  -0.0000686209   0.0000014568
        0.0000346324  -0.0000044538   0.0000271798   0.0000481615   0.0000011183
        0.0000051597   0.0000505302  -0.0000201660   0.0000480005  -0.0000258992
        0.0000735529  -0.0000706332  -0.0000060314  -0.0000438445  -0.0000158449
        0.0000163266  -0.0000045858  -0.0000022254   0.0000133841   0.0000040736
        0.0000073580  -0.0000030578   0.0000088601  -0.0000054900  -0.0000024017
       -0.0000036944
        0.0000393825  -0.0001698037  -0.0003056490  -0.0000173804   0.0000142952
        0.0000416336  -0.0000024544  -0.0000082258   0.0000169023   0.0000443462
        0.0000395908  -0.0000119041  -0.0000086863  -0.0000154520   0.0000199361
        0.0000075831  -0.0000198631   0.0000003844   0.0000094072   0.0000156914
        0.0000125711   0.0000154058   0.0000073789   0.0000065021   0.0000013130
       -0.0000041660   0.0000282385  -0.0000082410  -0.0000100208  -0.0000049589
       -0.0000006666  -0.0000080481   0.0000152391  -0.0000117038  -0.0000126803
        0.0000072632   0.0006843372  -0.0008313306  -0.0001517341   0.0004657383
        0.0003666919   0.0003307964  -0.0028197742   0.0022168399  -0.0030924811
       -0.0001609030   0.0001048041  -0.0000130864  -0.0118338841  -0.0093778347
       -0.0163449184  -0.0000251338  -0.0000228969   0.0000511094   0.0002162586
       -0.0003252429  -0.0000855996   0.0000535777  -0.0000494099  -0.0000749390
       -0.0004070067  -0.0001420338  -0.0000652821   0.0010842476  -0.0014009251
        0.0006070299  -0.0643789441  -0.0950978658  -0.1547139292   0.0001506656
        0.0000512364  -0.0001761905   0.0000228902  -0.0000156850   0.0000455020
        0.0000213272   0.0000487601   0.0001099563   0.0000038315   0.0000627266
       -0.0000762209  -0.0002507576  -0.0001124457  -0.0002191633  -0.0001700031
        0.0000350476   0.0000214524   0.0000178341  -0.0000061430   0.0000237544
        0.0000557759   0.0000349149   0.0000149002  -0.0000054647  -0.0000216080
        0.0000138973   0.0003766710   0.0006140180  -0.0003655690   0.0002034219
       -0.0000023832   0.0001705274  -0.0000298853   0.0000817181   0.0001978704
        0.0003598549  -0.0003221574   0.0000599639   0.0000072866   0.0005752875
        0.0004554900  -0.0050417732  -0.0143377503  -0.0146011682   0.0048691329
        0.0068581855   0.0091752459   0.0773120042   0.1108584361   0.1786031864
       -0.0001106907  -0.0001109688  -0.0000820448  -0.0000508823   0.0000496132
        0.0000132894  -0.0000113239   0.0000757525   0.0001153099  -0.0000089645
       -0.0000110701  -0.0001813025  -0.0000724613  -0.0000439313   0.0001000982
        0.0000202495  -0.0000024861   0.0000374376   0.0000161663   0.0000169089
        0.0000170017   0.0000043231  -0.0000121679   0.0000324598   0.0000064569
        0.0000072128   0.0000020842  -0.0005971114   0.0002828629   0.0001764593
       -0.0000654545   0.0000220884  -0.0000463544   0.0001539915  -0.0001309828
        0.0001057927  -0.0000949452   0.0001419029  -0.0000066454  -0.0000479722
        0.0000261763  -0.0000033225  -0.0000092393   0.0000011842  -0.0000043147
        0.0000106336   0.0000125319  -0.0000042584   0.0000075938   0.0000037222
        0.0000017507
       -0.0002962671   0.0003834367  -0.0002488626  -0.0000156698  -0.0000342864
       -0.0000189625   0.0000130638   0.0000367543   0.0000208679   0.0000041339
       -0.0000085209   0.0000045854  -0.0000060419  -0.0000025485   0.0000067104
        0.0000251239   0.0000048506  -0.0000110376  -0.0000039572   0.0000008024
        0.0000001660  -0.0000059040   0.0000008967  -0.0000045236   0.0000042953
        0.0000139482  -0.0000058742   0.0000096154   0.0000068907   0.0000075716
       -0.0000017110   0.0000027457   0.0000006289  -0.0000019176   0.0000023551
       -0.0000010534  -0.0002161094   0.0002232116  -0.0001461258   0.0001098788
       -0.0000471771   0.0000061277  -0.0000909044  -0.0002184677   0.0002023352
        0.0001135362   0.0010615143  -0.0002176950  -0.0002314005   0.0005050598
       -0.0007482293  -0.0184656278   0.0132708415  -0.0132121982  -0.0003796970
        0.0000687519  -0.0003220019  -0.0000083731  -0.0001668014   0.0000381093
       -0.0088733628   0.0110476724  -0.0029445669   0.0000308887  -0.0000560197
        0.0000826931  -0.0001590192   0.0001976999  -0.0001476775  -0.1340116630
        0.0918014572  -0.0569323140  -0.0039364547  -0.0021476825  -0.0027812121
        0.0006805472   0.0002491220   0.0002797608   0.0001658456   0.0000308497
        0.0000295296   0.0004367264  -0.0012801411   0.0008014511   0.0000542407
       -0.0000609233   0.0000199956   0.0002048724  -0.0000566162   0.0000526479
        0.0000440141  -0.0000207304   0.0000489080   0.0000209188   0.0000699264
       -0.0000134144   0.0005558401  -0.0004415878  -0.0001543156  -0.0006341067
        0.0020050146   0.0017848347   0.0000155321  -0.0000437834   0.0000112372
        0.0001077550  -0.0000839490  -0.0000222320   0.0000176888   0.0000007761
       -0.0000488733   0.0008223372  -0.0005376266   0.0010240086   0.0000309198
       -0.0000476320   0.0000224308   0.0000888003  -0.0001366250  -0.0001106907
        0.1548024245  -0.1066674460   0.0675974990   0.0086025830  -0.0085117119
        0.0057931472   0.0000809688  -0.0001871386   0.0000362639  -0.0001462399
        0.0000869659   0.0000577020   0.0000937245  -0.0000326654  -0.0000372147
        0.0000290784  -0.0000218676   0.0000072719   0.0000051368   0.0000065857
       -0.0000150284  -0.0000002788  -0.0000000286   0.0000326577  -0.0000052769
       -0.0000222027   0.0000057632   0.0001357861  -0.0001934606   0.0001658939
       -0.0000461658  -0.0000089316   0.0000555073   0.0000729115   0.0000085630
       -0.0001025137   0.0001369235  -0.0000692256   0.0000522658  -0.0000057987
        0.0000041188   0.0000133444   0.0000135719   0.0000026315  -0.0000045128
        0.0000085054   0.0000067201  -0.0000073708   0.0000037583   0.0000056346
       -0.0000034150
       -0.0000009307  -0.0000870920   0.0001013685  -0.0000330064   0.0000002473
       -0.0000418009   0.0000200438  -0.0000119845  -0.0000076228  -0.0000115900
        0.0000124251   0.0000170941  -0.0000037997   0.0000077777   0.0000079224
        0.0000078201  -0.0000183845  -0.0000101718  -0.0000107344   0.0000077133
       -0.0000031344  -0.0000119497  -0.0000015275  -0.0000026753  -0.0000060281
        0.0000179834  -0.0000117722   0.0000072172   0.0000061152   0.0000000841
       -0.0000077644   0.0000149310  -0.0000025875  -0.0000047238   0.0000146596
        0.0000012018  -0.0000779131  -0.0001457649   0.0000060469   0.0000219708
       -0.0000239551  -0.0000012079   0.0000013756   0.0000189206  -0.0001002396
        0.0003045918   0.0002863425   0.0001447361   0.0000044042   0.0002461296
        0.0006571683  -0.0077712125   0.0087652643  -0.0054989441  -0.0008494186
       -0.0005442491  -0.0002007121   0.0000021059  -0.0001583803   0.0000097979
        0.0142127584  -0.0163832369   0.0047832412  -0.0000124205   0.0000056201
       -0.0000790965  -0.0002674222  -0.0000278575   0.0004396159   0.0917253363
       -0.1379427133   0.0607322135  -0.0026822804  -0.0003437746  -0.0014569585
       -0.0001320988   0.0006293124   0.0000710214   0.0001373495   0.0000971433
        0.0000817386  -0.0007647692  -0.0010642759   0.0006032105  -0.0000636741
       -0.0000887602  -0.0001291897   0.0000684449   0.0000033154  -0.0000107172
       -0.0000220982  -0.0000103705   0.0000244480  -0.0000128616   0.0000307765
        0.0000061652   0.0000371426   0.0000341395   0.0003465997   0.0020954806
       -0.0024568206  -0.0032389303  -0.0000524436   0.0000686482   0.0000045982
       -0.0001346514   0.0000520270   0.0000139348   0.0000261863  -0.0000483394
        0.0000618476  -0.0002560323   0.0009292210   0.0005237993  -0.0001529030
       -0.0000326328   0.0000414166   0.0000273312  -0.0000603963  -0.0001109688
       -0.1066674460   0.1634721481  -0.0701797326   0.0112092768  -0.0154371756
        0.0124974261   0.0000026023   0.0001348163  -0.0000217481   0.0000113898
       -0.0000595665   0.0000001225  -0.0000205841  -0.0000030180   0.0000051701
       -0.0000190603   0.0000058506  -0.0000195305   0.0000010179  -0.0000010989
       -0.0000077128  -0.0000030278  -0.0000117391  -0.0000124037  -0.0000171757
       -0.0000050939  -0.0000065768   0.0001262579   0.0000698879  -0.0000688470
        0.0000359583  -0.0000156923   0.0000160414  -0.0000513290   0.0000617522
       -0.0000338768   0.0000154974  -0.0000085643   0.0000295193   0.0000150955
       -0.0000156688   0.0000052139   0.0000053743   0.0000022721   0.0000066765
        0.0000032971   0.0000020399   0.0000107544  -0.0000039769   0.0000106534
        0.0000069627
        0.0001479371  -0.0000371290  -0.0000484493  -0.0000302088   0.0000096445
        0.0000244203  -0.0000062988   0.0000162211  -0.0000057498   0.0000287997
        0.0000036967  -0.0000102103  -0.0000159598   0.0000011036   0.0000078704
        0.0000089476  -0.0000001103  -0.0000141726   0.0000023442   0.0000069654
        0.0000057657   0.0000161208  -0.0000025937  -0.0000036058  -0.0000035300
        0.0000103100   0.0000098407  -0.0000085428   0.0000106842   0.0000009261
        0.0000004810  -0.0000046899   0.0000013607  -0.0000152472   0.0000023514
        0.0000000825   0.0000858637  -0.0000870204  -0.0001091863  -0.0000351076
        0.0000323142  -0.0000286190  -0.0000153936  -0.0000330949  -0.0000432266
        0.0002800523   0.0002437624   0.0003999552  -0.0001582071   0.0002019537
        0.0006433802  -0.0120377076   0.0079809118  -0.0079509795   0.0003355110
        0.0001662827  -0.0000432814  -0.0000236896  -0.0000404092  -0.0000184459
        0.0126727620  -0.0142741861   0.0076986668  -0.0000814066   0.0000327803
       -0.0001893011   0.0009462012  -0.0005954448  -0.0011269552  -0.0567192780
        0.0605181237  -0.0808792893  -0.0029586415  -0.0016595163  -0.0010440821
       -0.0001408230   0.0003403485  -0.0000340882   0.0000870956  -0.0000013178
       -0.0000777470   0.0005108559   0.0007788988   0.0005038173  -0.0001455764
       -0.0001362102  -0.0001184468   0.0000978311  -0.0000371854  -0.0000036358
        0.0000694273  -0.0000067485   0.0000346649  -0.0000322145   0.0000492799
       -0.0000360781   0.0001474483   0.0001194485   0.0006679640   0.0023622199
       -0.0031131320  -0.0022406922   0.0000195906   0.0000323821  -0.0000253541
       -0.0001184860   0.0000394601   0.0000390386   0.0000288825  -0.0000095216
        0.0000504490   0.0002582804   0.0007547804  -0.0019974474  -0.0001524778
        0.0001380120   0.0001865427  -0.0000448190  -0.0000806791  -0.0000820448
        0.0675974990  -0.0701797326   0.0977378184  -0.0128035534   0.0188165063
       -0.0120022141   0.0000211912  -0.0000438100   0.0000405202   0.0000201867
        0.0000497881  -0.0000246164  -0.0000448719  -0.0000348589  -0.0000029892
       -0.0000086598  -0.0000142455   0.0000032619   0.0000067058  -0.0000116594
       -0.0000012879   0.0000194338  -0.0000047607  -0.0000220285   0.0000024676
       -0.0000129818  -0.0000133477  -0.0001459940   0.0000484405   0.0000559707
       -0.0000597916   0.0000121332  -0.0000133611   0.0000522096  -0.0000438142
        0.0000677817  -0.0000047507   0.0000444020  -0.0000243390  -0.0000237102
        0.0000068949   0.0000081633  -0.0000090093   0.0000015356   0.0000142703
        0.0000125609   0.0000004110   0.0000152143   0.0000050500  -0.0000049755
        0.0000175267
        0.0004135474  -0.0002478362  -0.0000517253  -0.0000080056   0.0000318464
        0.0000194712  -0.0000327657  -0.0000136349   0.0000123926   0.0000272733
        0.0000181657  -0.0000230854   0.0000017260  -0.0000061410   0.0000199246
       -0.0000006258  -0.0000145478   0.0000165965   0.0000069816   0.0000112612
       -0.0000026133   0.0000182769   0.0000092630  -0.0000055482   0.0000067033
        0.0000059104   0.0000114628  -0.0000112708  -0.0000016055  -0.0000107639
        0.0000021790  -0.0000062676  -0.0000014290  -0.0000060669  -0.0000050708
       -0.0000051529   0.0001932437  -0.0001882400   0.0000557822   0.0000112766
        0.0001759171  -0.0000920759   0.0001273615   0.0001629940  -0.0002461227
       -0.0031863604  -0.0021149643  -0.0026968412  -0.0005322706   0.0018875462
        0.0016664931  -0.0152381920  -0.0158656696   0.0131587705   0.0000340860
        0.0001137280  -0.0000117164  -0.0008834039  -0.0006921984   0.0007055719
       -0.0069538838  -0.0046890598   0.0112472831  -0.0004061002  -0.0002406436
        0.0004872549   0.0000786226  -0.0000030581  -0.0001757178  -0.1006854746
       -0.0611081854   0.0764748417   0.0001093668  -0.0000258848   0.0006533950
        0.0005133824   0.0001287124   0.0001515265   0.0001311301   0.0000473269
       -0.0000086855  -0.0000197634  -0.0001114862   0.0000900550   0.0000077665
        0.0000373379   0.0000034697   0.0000494176  -0.0000060492   0.0000489909
       -0.0002294618  -0.0000435796  -0.0001816692   0.0000517403   0.0000222421
        0.0000374575   0.0004069631  -0.0000466298  -0.0003098884  -0.0001517559
       -0.0003405984   0.0001556877  -0.0000716254   0.0001124398   0.0000561497
        0.0000036778  -0.0000538970   0.0000040571   0.0000337072  -0.0000176838
       -0.0000092310  -0.0000223167  -0.0001013674   0.0002087011   0.0000697669
       -0.0000047112  -0.0000691797   0.0000334001  -0.0000147059  -0.0000508823
        0.0086025830   0.0112092768  -0.0128035534   0.1178938415   0.0717641477
       -0.0885242187  -0.0000461357  -0.0000015671   0.0000656071   0.0000456752
        0.0000380785  -0.0001416824  -0.0000603484  -0.0000536924   0.0000917888
        0.0000096266  -0.0000135833   0.0000379130  -0.0000008432  -0.0000014196
        0.0000042903   0.0000012072   0.0000049979  -0.0000084934   0.0000022848
       -0.0000008777  -0.0000065964  -0.0002047675   0.0001502069  -0.0000321490
       -0.0000437573   0.0000530579  -0.0000648052   0.0000899791  -0.0001126561
        0.0001333164  -0.0001470944   0.0001274722  -0.0000758724  -0.0000401864
        0.0000312475  -0.0000058176  -0.0000126882   0.0000053059  -0.0000000927
        0.0000076351   0.0000000908  -0.0000011248   0.0000107354  -0.0000010603
       -0.0000015167
        0.0002138725  -0.0001334578  -0.0001082017  -0.0000148504   0.0000225736
        0.0000366087   0.0000176201  -0.0000241784  -0.0000023592  -0.0000055758
        0.0000339606  -0.0000004726   0.0000000393  -0.0000036364   0.0000176323
        0.0000174459  -0.0000172847  -0.0000049362  -0.0000015877   0.0000174661
       -0.0000009911  -0.0000041614   0.0000068703   0.0000033033   0.0000011983
        0.0000128752   0.0000056198   0.0000024229  -0.0000028010  -0.0000122223
       -0.0000124857   0.0000039794   0.0000023184  -0.0000111180   0.0000006248
       -0.0000027493   0.0002140836  -0.0001688760  -0.0000407843  -0.0000287990
        0.0001652945  -0.0000113570  -0.0000186316  -0.0000750617  -0.0000791795
       -0.0024030958  -0.0011605537  -0.0019217606   0.0014478424  -0.0017287844
       -0.0023184150  -0.0104003817  -0.0100785458   0.0089394557  -0.0001109160
       -0.0000481672   0.0000249137  -0.0006695470  -0.0004885110   0.0005211308
        0.0090310779   0.0079184119  -0.0126771537   0.0005642902   0.0002945505
       -0.0006400530   0.0000533569   0.0000379264   0.0001699686  -0.0613331529
       -0.1107159659   0.0853296843   0.0005187342   0.0007139516   0.0000896705
        0.0000373125  -0.0002216786   0.0002214509   0.0000198416   0.0000921155
       -0.0000955947  -0.0000326793   0.0002167409  -0.0001149945  -0.0000863021
        0.0000295676   0.0000035274   0.0000447168   0.0000149681  -0.0000064646
       -0.0001694360  -0.0000133918  -0.0001652546   0.0000248058   0.0000044372
        0.0000513969   0.0001418217   0.0004489800   0.0001158204   0.0000980656
        0.0007204351  -0.0003304768   0.0001456428  -0.0001108565  -0.0001818222
       -0.0000397918   0.0000232831  -0.0000091026   0.0000081678   0.0000455165
        0.0000535726  -0.0001706323   0.0000436947  -0.0001425245  -0.0000177232
        0.0000859242  -0.0000828934  -0.0000409523   0.0000411870   0.0000496132
       -0.0085117119  -0.0154371756   0.0188165063   0.0717641477   0.1292971384
       -0.0956055881  -0.0000168341   0.0000957151   0.0000317929   0.0000032235
        0.0000064719  -0.0001221816  -0.0000861828  -0.0000765412   0.0001273739
        0.0000055287  -0.0000184226   0.0000295782  -0.0000075558   0.0000033460
        0.0000006489   0.0000108745  -0.0000116411  -0.0000181831  -0.0000041738
       -0.0000025675  -0.0000044945  -0.0000960600   0.0000462022   0.0000304374
        0.0000038799  -0.0000149691  -0.0000398258   0.0000582614  -0.0000272157
        0.0000624065  -0.0001313340   0.0001078555  -0.0000114544  -0.0000223302
        0.0000042011   0.0000029820  -0.0000031175   0.0000048612   0.0000025292
        0.0000071509   0.0000090450   0.0000039444  -0.0000043053   0.0000101126
        0.0000076036
       -0.0003693070   0.0000837359   0.0000433176  -0.0000424202  -0.0000591185
       -0.0000186424   0.0000065410   0.0000309577  -0.0000228375   0.0000314850
        0.0000236194   0.0000147327  -0.0000172651   0.0000002871   0.0000026441
       -0.0000057504  -0.0000071990  -0.0000269141  -0.0000008347   0.0000084243
        0.0000073089   0.0000051650  -0.0000014183  -0.0000043266  -0.0000098943
       -0.0000098244   0.0000150796  -0.0000025356   0.0000007944   0.0000126450
        0.0000086403   0.0000095954   0.0000074487  -0.0000022146   0.0000041152
        0.0000127852  -0.0002849057   0.0000874131  -0.0001032585   0.0000847954
       -0.0000918045   0.0001489182  -0.0000775642  -0.0001327113  -0.0000071164
       -0.0019029632  -0.0011129277  -0.0006270362   0.0016236997  -0.0032520356
       -0.0029347183  -0.0066269835  -0.0067884208   0.0077887921  -0.0000419984
        0.0000946963   0.0000307288  -0.0004530518  -0.0003285818   0.0003263640
        0.0128821946   0.0092155375  -0.0185245668   0.0008157912   0.0004494466
       -0.0009200341   0.0001403325  -0.0000753146  -0.0000720239   0.0766441979
        0.0851589366  -0.1452910037   0.0000541187  -0.0003004913   0.0005727192
       -0.0001029242   0.0000557073   0.0004768749   0.0000007487  -0.0000937592
        0.0000747419   0.0001231084  -0.0001133698  -0.0000076116   0.0000273584
        0.0000138645   0.0000219583   0.0000441757  -0.0000152319   0.0000008793
       -0.0001619562  -0.0000869735  -0.0000368004   0.0000093353   0.0000418037
        0.0000406009  -0.0001404073   0.0003228015  -0.0001081101  -0.0001683711
        0.0003704341   0.0007913179   0.0001699319  -0.0002309032  -0.0001609825
       -0.0000515371   0.0000289494   0.0000162792  -0.0000104871   0.0000759132
        0.0000250819   0.0000768716  -0.0000640658   0.0001899338  -0.0000634123
       -0.0000934811   0.0001171175   0.0000989197  -0.0000276373   0.0000132894
        0.0057931472   0.0124974261  -0.0120022141  -0.0885242187  -0.0956055881
        0.1700528524   0.0000510443   0.0001228947   0.0000246058   0.0000369974
       -0.0000887733  -0.0000373101  -0.0000193544   0.0000142181   0.0000384393
       -0.0000219838   0.0000020513  -0.0000104837   0.0000126274  -0.0000018355
       -0.0000009953   0.0000094198  -0.0000075293   0.0000004368  -0.0000076678
        0.0000013548  -0.0000057672   0.0001811125  -0.0000493690  -0.0000131274
       -0.0000345378  -0.0000489370   0.0000682269  -0.0000666604   0.0000791997
       -0.0001216568   0.0002433903  -0.0000715150   0.0000825436   0.0000222548
       -0.0000329052   0.0000096683   0.0000052100  -0.0000107082   0.0000086902
        0.0000058780   0.0000058276   0.0000049421   0.0000027140   0.0000024245
        0.0000155733
       -0.0144106803  -0.0033257840   0.0049577621   0.0008375427   0.0011889651
       -0.0014673118  -0.0006453891  -0.0006382016  -0.0009092966  -0.0019112578
       -0.0010908146  -0.0027552123   0.0001042159   0.0003726669  -0.0001134061
        0.0000545122  -0.0002168113  -0.0000122920   0.0001192177   0.0007294729
       -0.0008514959  -0.0006594829   0.0009926675  -0.0014208656  -0.0000986489
       -0.0001967887  -0.0000416073  -0.0000983888  -0.0000466471  -0.0001846454
       -0.0001070885  -0.0000640199   0.0000062662  -0.0000555614  -0.0000392842
       -0.0002520304  -0.0066553235   0.0039714073  -0.0011132215   0.0009883260
       -0.0089353309   0.0046971219   0.0003811815  -0.0019307243   0.0010178303
       -0.0004087601   0.0004612925   0.0002959397  -0.0005676366   0.0000812050
        0.0000847281  -0.0000254708   0.0000571126   0.0000552277   0.0001267229
       -0.0001828988  -0.0001135005   0.0001830069  -0.0001186772  -0.0001140012
       -0.0001429133  -0.0000610766  -0.0000965716   0.0000950691   0.0000494249
       -0.0000240801   0.0001183604  -0.0000382105   0.0000124223  -0.0000112011
        0.0000446634   0.0000223675   0.0000259190  -0.0000860170   0.0001028525
       -0.0000078760  -0.0000025612  -0.0000118403   0.0003707753   0.0000624454
        0.0001437640   0.0000181926  -0.0000075618   0.0000081150   0.0001207292
        0.0000048023  -0.0000786498  -0.0000582096  -0.0001750855   0.0002461797
       -0.0003019149   0.0005958817  -0.0005873288   0.0000386055   0.0000325776
       -0.0001272568  -0.0000571814  -0.0000119633   0.0000469801   0.0000066837
       -0.0000617680   0.0000653072  -0.0000195621   0.0001726005   0.0000041382
       -0.0000502877  -0.0002000622  -0.0000224606  -0.0000044340   0.0000185413
        0.0000158232   0.0000808237   0.0000085033   0.0000106688   0.0000664365
        0.0000041685   0.0001293841  -0.0000116122   0.0000045629  -0.0000113239
        0.0000809688   0.0000026023   0.0000211912  -0.0000461357  -0.0000168341
        0.0000510443   0.1308677050  -0.1469279394  -0.0499383025  -0.1140133297
        0.0958403645   0.0307515174   0.0033844512   0.0290412345   0.0278434521
       -0.0061339707   0.0299574812  -0.0087413098   0.0000146711   0.0015681036
       -0.0008606930   0.0009351382  -0.0002396897   0.0019225564  -0.0005436950
        0.0030724605  -0.0032699879   0.0067482556  -0.0011062355  -0.0015333364
       -0.0004293412   0.0004671844   0.0000277376   0.0017839482  -0.0013582032
       -0.0010918838  -0.0002946636  -0.0014881294   0.0028973596   0.0000954271
       -0.0000904114   0.0004457638   0.0000871343  -0.0000559807  -0.0001114750
       -0.0000538171  -0.0000236604   0.0000212279   0.0000898135  -0.0000650202
       -0.0000493420
       -0.0071705889  -0.0250049100  -0.0009698803  -0.0056598744  -0.0050966414
       -0.0058167667   0.0009409016   0.0017919263  -0.0008306534  -0.0001119021
       -0.0009255524   0.0021326554  -0.0003878224  -0.0004882368  -0.0000141755
       -0.0003681687   0.0001171490  -0.0014025876  -0.0001309882   0.0003571551
       -0.0003946541   0.0006623426   0.0000909848  -0.0009743971  -0.0000464380
       -0.0001277894  -0.0002223759   0.0003226232   0.0001804055   0.0002325635
        0.0004696221   0.0004079631   0.0000396492   0.0002353109   0.0001316647
       -0.0000514536   0.0115302195  -0.0055629155  -0.0005801723  -0.0030289331
        0.0011318496   0.0041910703  -0.0055273486   0.0032986411  -0.0013379064
        0.0006863028  -0.0031062435  -0.0020475612   0.0010605072   0.0001626078
        0.0011005114  -0.0000367269   0.0004997929   0.0003005304  -0.0002262611
        0.0007608137   0.0005127218   0.0000698759   0.0004092532   0.0002944383
       -0.0000815372  -0.0000008509  -0.0001867923  -0.0003362688  -0.0001886171
       -0.0004795643  -0.0004165924   0.0000563584  -0.0000744095   0.0001844285
       -0.0001134983  -0.0000463617  -0.0000024532   0.0002242689  -0.0003730515
       -0.0001784072   0.0001475111   0.0003267340  -0.0010943058  -0.0005494461
       -0.0004979383   0.0002206203   0.0000157294  -0.0000940813  -0.0003150869
        0.0002832088   0.0003777955  -0.0000043297   0.0002416680  -0.0007278057
        0.0002135143  -0.0014799754   0.0013188538  -0.0000979159   0.0002080937
        0.0004197557  -0.0000878757  -0.0000240855   0.0000484282   0.0000264680
        0.0003330266  -0.0002098803   0.0000580344  -0.0002771571   0.0009906554
        0.0003014758   0.0011032732  -0.0001945439  -0.0003809227   0.0000078109
        0.0001608972  -0.0003291115   0.0000862798   0.0000905863   0.0002313278
       -0.0003275271  -0.0000738083   0.0000663968   0.0000229431   0.0000757525
       -0.0001871386   0.0001348163  -0.0000438100  -0.0000015671   0.0000957151
        0.0001228947  -0.1469279394   0.3230261948   0.0689914007   0.0881535693
       -0.2074026224  -0.0355834750   0.0320324901  -0.0353296852  -0.0622212036
        0.0300311506  -0.0407434751   0.0137641468  -0.0007078364  -0.0007164715
       -0.0014006343   0.0016779763  -0.0007935654  -0.0001477516   0.0032505861
       -0.0043458378   0.0053112473  -0.0089061445  -0.0004152471   0.0136663287
        0.0011101062  -0.0002729564   0.0017630023  -0.0034351498   0.0029233916
       -0.0037433519   0.0112886772  -0.0036026012   0.0042221534   0.0011236778
       -0.0010512980   0.0001007743   0.0002702001  -0.0002342494  -0.0000114976
       -0.0001024247  -0.0000425281   0.0001461655   0.0000696544  -0.0000265129
        0.0000508327
        0.0017456106   0.0038632956  -0.0331390478  -0.0001452752   0.0060107602
       -0.0016791652  -0.0018733617  -0.0011621280  -0.0011589512  -0.0017306374
       -0.0002220035  -0.0020899295   0.0004117730   0.0001349823  -0.0005889217
       -0.0002538637  -0.0003519106   0.0002457267   0.0005100026   0.0002948408
       -0.0002588681  -0.0020037901  -0.0003807693  -0.0026308811   0.0000745302
        0.0000161560   0.0000790616  -0.0000871541  -0.0002349131  -0.0002824255
       -0.0000849271  -0.0001106170  -0.0000111061  -0.0001443927  -0.0000617016
       -0.0000786220   0.0034119681  -0.0028493332   0.0009659983   0.0014363549
        0.0053512089  -0.0029897588   0.0005938971   0.0012911814  -0.0001634831
       -0.0000850744  -0.0001148497  -0.0003245336  -0.0001337953  -0.0003987580
       -0.0008702344   0.0000283726  -0.0000461938   0.0000348698   0.0001128725
        0.0000987607   0.0001519759  -0.0000936138   0.0000509420   0.0001505018
        0.0001615151   0.0001126832   0.0002077029  -0.0003396189  -0.0000232654
        0.0001250263   0.0001452842   0.0001937166   0.0001377151  -0.0000261018
       -0.0000146853  -0.0000330296  -0.0000119419  -0.0000524262   0.0000184528
        0.0000314677  -0.0000057933   0.0000502651  -0.0004206256  -0.0001224803
       -0.0002601559   0.0001792982   0.0000120801   0.0000481743  -0.0001136782
        0.0000351299   0.0001593845   0.0000140383  -0.0000571147   0.0000862542
        0.0000486715  -0.0001205947   0.0002997599   0.0000621736  -0.0000720797
        0.0001311112   0.0000939122   0.0001026890   0.0000164581  -0.0000418082
       -0.0000647993   0.0000110779   0.0001444571   0.0001919351  -0.0001263738
       -0.0000960065  -0.0000670401  -0.0000637001   0.0000130982   0.0000312408
        0.0000404297  -0.0001402736   0.0000092843   0.0000495175   0.0000671833
       -0.0001114727  -0.0001308542   0.0000890742   0.0000681929   0.0001153099
        0.0000362639  -0.0000217481   0.0000405202   0.0000656071   0.0000317929
        0.0000246058  -0.0499383025   0.0689914007   0.1563649044   0.0352037384
       -0.0556581162  -0.0938630522   0.0318539786  -0.0580110905  -0.0274018004
       -0.0120669931   0.0206539678   0.0043026961  -0.0008028422  -0.0006608714
        0.0013519157   0.0005979478   0.0004577017   0.0002071860  -0.0025939999
        0.0039663835  -0.0028986144  -0.0032192353   0.0040882925   0.0059316008
        0.0001642845   0.0003930707   0.0008031855  -0.0004997805  -0.0000219256
       -0.0003668168   0.0003763905   0.0042969441  -0.0002889158  -0.0005304274
        0.0001399202  -0.0002724621  -0.0000831859   0.0000024182   0.0000295209
       -0.0000023694   0.0001020558  -0.0001001719  -0.0001106896   0.0000256537
       -0.0001090335
        0.0044868161   0.0132965439  -0.0149756530  -0.0004485581  -0.0002699632
       -0.0005956849   0.0002163662   0.0002037601  -0.0003386918  -0.0003910281
        0.0003953082  -0.0000909879  -0.0001073766  -0.0000887017  -0.0000662167
       -0.0000055763  -0.0000477727  -0.0000975397  -0.0002028962  -0.0002573697
        0.0002488039  -0.0045894334  -0.0006428129  -0.0023617200   0.0000530509
        0.0000522950  -0.0000227751   0.0000963493   0.0000111847   0.0001723808
        0.0001047144   0.0000503444   0.0000197504   0.0001156889   0.0000310471
        0.0001839090   0.0067881443  -0.0030537751  -0.0001540044  -0.0035357458
        0.0017519772   0.0010682475  -0.0037908569   0.0008851781  -0.0000902924
        0.0005425436  -0.0017699845  -0.0007634075   0.0005930459   0.0000045935
        0.0008498948  -0.0001278666   0.0002532826   0.0000868977  -0.0002991488
        0.0002193604   0.0003200298  -0.0001111519   0.0003442689   0.0000779368
       -0.0001133855  -0.0000092745  -0.0001025959  -0.0002531293  -0.0001317236
       -0.0001138974  -0.0002775867  -0.0000685285   0.0000949481   0.0001055150
       -0.0001185224   0.0000194741   0.0000219527   0.0001497986  -0.0001736232
       -0.0000302289   0.0000166194   0.0001791832  -0.0010498762  -0.0001237651
        0.0003883435  -0.0000840644  -0.0000014343  -0.0000586878  -0.0001033881
        0.0001281140   0.0001172309   0.0000043032   0.0002610972  -0.0003582102
        0.0005732994  -0.0007983167   0.0006740665  -0.0000501302  -0.0000083648
        0.0002769532  -0.0000362668  -0.0000748524   0.0000389782   0.0000221421
        0.0001119565  -0.0000856372   0.0001783548  -0.0000797795   0.0001378226
        0.0000483272   0.0003365711  -0.0000526861  -0.0001368297  -0.0000901897
        0.0000279443  -0.0002326793   0.0000472726   0.0000861852  -0.0000862371
       -0.0002475830  -0.0002476855   0.0000329048   0.0000598993  -0.0000089645
       -0.0001462399   0.0000113898   0.0000201867   0.0000456752   0.0000032235
        0.0000369974  -0.1140133297   0.0881535693   0.0352037384   0.2862242353
       -0.1409928673  -0.0474397345  -0.0776463410   0.0239930846   0.0553113348
       -0.0790930561   0.0118824383  -0.0212292634   0.0069971313  -0.0126646462
        0.0173747059  -0.0100860083   0.0098794522  -0.0211608188  -0.0045459739
        0.0070639037  -0.0064344824  -0.0059710844   0.0014187424   0.0040958582
        0.0004806902  -0.0005894151   0.0010596986  -0.0020689788   0.0022261560
       -0.0019962430   0.0014407715  -0.0009298256   0.0009981662   0.0003613177
       -0.0002485734  -0.0000958360   0.0001491534  -0.0000553630   0.0000001907
        0.0000185050   0.0000175641  -0.0000537722  -0.0000665455   0.0001034080
       -0.0000007457
       -0.0013512187  -0.0319335751   0.0224892983   0.0014948524   0.0024105114
        0.0012700095  -0.0008947565  -0.0011294166   0.0003325167  -0.0009149312
       -0.0005236999  -0.0026541609   0.0001141895   0.0001074519  -0.0000922881
        0.0001352465   0.0000500088   0.0004942587   0.0003597602   0.0001460869
       -0.0001983135   0.0016405071   0.0027988296   0.0014725265  -0.0000941445
        0.0001535405  -0.0002268879  -0.0002317190  -0.0000597712  -0.0002989029
       -0.0005564202  -0.0003321854  -0.0002396018  -0.0002097679  -0.0000014339
       -0.0001912212  -0.0099331650   0.0046380640   0.0004722398   0.0021303149
       -0.0025188463  -0.0015585346   0.0040162178  -0.0016518826  -0.0003234281
       -0.0005077010   0.0024370204   0.0016837673  -0.0006906071  -0.0004781089
       -0.0006720405   0.0001828609  -0.0005415912  -0.0002436462   0.0001740799
       -0.0009021251  -0.0004244455  -0.0000817764  -0.0009241599  -0.0000797025
        0.0002046137  -0.0000056125   0.0002035248   0.0002742488   0.0001008700
        0.0003549083   0.0003158721  -0.0001535311   0.0002129607  -0.0001422666
        0.0001641886   0.0000192108   0.0000585560  -0.0001346732   0.0002430267
        0.0001630329  -0.0000111358  -0.0003592582   0.0008190604   0.0012631850
        0.0001863941  -0.0001504223   0.0000466790   0.0000005124   0.0003029478
       -0.0001735961  -0.0004375088   0.0000874906  -0.0003942202   0.0005365684
       -0.0001343642   0.0021275621  -0.0010241437   0.0001691347   0.0000699085
       -0.0005984468   0.0001403929   0.0000689386  -0.0000418505   0.0000577226
       -0.0001329533   0.0000871844  -0.0002324243  -0.0003747736  -0.0004780109
        0.0000748629  -0.0004561922   0.0000512178   0.0002832715   0.0001734266
       -0.0000316082   0.0003355179   0.0000092248  -0.0001799703  -0.0005889478
        0.0004992614  -0.0001982634   0.0000018254  -0.0000274332  -0.0000110701
        0.0000869659  -0.0000595665   0.0000497881   0.0000380785   0.0000064719
       -0.0000887733   0.0958403645  -0.2074026224  -0.0556581162  -0.1409928673
        0.4562006967   0.1335604985   0.0244485755  -0.1244902333  -0.1398888781
        0.0108532621  -0.0872873920   0.0333454231   0.0012714291   0.0003641300
        0.0041288162  -0.0068431418   0.0084407034  -0.0105794314   0.0115975963
       -0.0177801059   0.0187696536   0.0078356028  -0.0026364290  -0.0028649302
       -0.0007658047   0.0009430043  -0.0025637132   0.0043545614  -0.0040238685
        0.0049176580  -0.0035488011   0.0025716772  -0.0027269078  -0.0007619198
        0.0006012359   0.0000085736  -0.0002879179   0.0002211267  -0.0000134988
        0.0000143005   0.0000228091   0.0000748190   0.0000377694  -0.0000954781
       -0.0000178012
       -0.0086144014  -0.0004261399   0.0244968125   0.0021542217   0.0032744979
       -0.0009381657  -0.0014731012  -0.0012096243  -0.0016208951  -0.0010674144
       -0.0007967408  -0.0029040101   0.0002471650   0.0004707703  -0.0004031921
        0.0000460412   0.0000927295   0.0006420527  -0.0003064329  -0.0006517876
        0.0000350893  -0.0024362020   0.0007645822   0.0017753259  -0.0002342905
        0.0000021818  -0.0001668891  -0.0001986510  -0.0000757464  -0.0000550966
       -0.0002382614  -0.0000611474  -0.0000106342  -0.0000289861   0.0000838958
        0.0001546818  -0.0071127154   0.0045500248   0.0001722033   0.0012348710
       -0.0052282535  -0.0030273407   0.0039636595  -0.0011509511   0.0002933338
        0.0000898071   0.0025397143   0.0016502782   0.0003310939   0.0003134101
        0.0003197047  -0.0000404488  -0.0003590848  -0.0003129339  -0.0002031927
       -0.0006275911  -0.0004740537   0.0000718660  -0.0002377125  -0.0003659196
       -0.0001239550  -0.0000350801  -0.0000793395   0.0000890511  -0.0000783838
        0.0000033413  -0.0001577991  -0.0002184879  -0.0003025363  -0.0000232418
        0.0000695532   0.0001705010   0.0000076350  -0.0000603073   0.0001956592
        0.0000651730  -0.0000416690  -0.0002311824   0.0026314255   0.0002067400
        0.0006499764  -0.0005538566  -0.0000286858  -0.0000250545   0.0003564354
       -0.0002014953  -0.0003121356  -0.0000916248  -0.0001578292   0.0003258872
       -0.0002630375   0.0012551238  -0.0026716900  -0.0000668353   0.0000441113
       -0.0002709572  -0.0001050954  -0.0001585883  -0.0000531138   0.0000263496
       -0.0000073673   0.0000828096  -0.0000342362  -0.0001132280  -0.0001927029
       -0.0000641271  -0.0002475766   0.0000951429   0.0000786177  -0.0001435026
       -0.0001071069   0.0003638242  -0.0000155030  -0.0000457273  -0.0000476571
        0.0001797796   0.0004890367  -0.0002287679  -0.0002253169  -0.0001813025
        0.0000577020   0.0000001225  -0.0000246164  -0.0001416824  -0.0001221816
       -0.0000373101   0.0307515174  -0.0355834750  -0.0938630522  -0.0474397345
        0.1335604985   0.7848430990   0.0634770179  -0.1537944168  -0.5528350851
       -0.0313517518   0.0503884695  -0.1180232292  -0.0030038868   0.0086655378
       -0.0203164909  -0.0086408025   0.0029538336  -0.0132283035   0.0016438387
       -0.0035334922   0.0064982615   0.0077316029  -0.0011710886  -0.0095860006
       -0.0002768886  -0.0001862961  -0.0012248082   0.0011031861  -0.0007618577
        0.0015535315  -0.0020681651  -0.0017561445  -0.0007086572   0.0000619901
        0.0001395522   0.0000726797  -0.0000523156   0.0000806350  -0.0000087558
        0.0000169790  -0.0001337489   0.0000359756   0.0000884879  -0.0000352617
        0.0000529048
       -0.0050131110  -0.0036251791   0.0032743217  -0.0010601957   0.0000464827
       -0.0012640278   0.0001254474   0.0000687656   0.0005005619  -0.0011224538
        0.0008790966   0.0008711375  -0.0001513177  -0.0001039144  -0.0000483630
       -0.0000602094  -0.0000059579  -0.0001133346   0.0000702955   0.0004045056
        0.0001146802  -0.0006648879   0.0008755364  -0.0002447719   0.0002001743
        0.0000349245   0.0000489573  -0.0000007049   0.0000533897  -0.0000815646
        0.0000066203   0.0001146415   0.0000528798  -0.0000715648   0.0000079827
       -0.0001056078  -0.0023526743   0.0012254223  -0.0000321444   0.0009641621
       -0.0041251245  -0.0003269710   0.0014234176  -0.0006687001  -0.0001125703
       -0.0004061471   0.0012226729   0.0002238804  -0.0000405075   0.0001553598
       -0.0000990572   0.0001042665  -0.0002168057  -0.0001079301  -0.0002382995
       -0.0003408704  -0.0002456094   0.0002109715  -0.0004678615   0.0004028281
       -0.0000124318  -0.0000097711  -0.0000188439   0.0000575368  -0.0000347438
        0.0000041838   0.0000498445  -0.0000629492  -0.0001170706   0.0000042376
        0.0000355515  -0.0000131577  -0.0000123971  -0.0001568234   0.0001117159
       -0.0000099214  -0.0000128090  -0.0001228023   0.0008625335   0.0002008414
        0.0005025261  -0.0001100489  -0.0001156700   0.0000957856   0.0000732856
       -0.0001452032  -0.0001213098  -0.0000394534  -0.0002991273   0.0002605059
       -0.0012678712   0.0003532378  -0.0005544499  -0.0001084118  -0.0000381396
       -0.0001134745  -0.0000020688  -0.0000366997  -0.0000588008   0.0000289513
       -0.0000641111   0.0000211595  -0.0000429196   0.0000131235  -0.0000689647
        0.0000174432  -0.0001126644   0.0000031405   0.0000709830  -0.0000199395
       -0.0000427658   0.0001910072  -0.0000283563  -0.0000487715   0.0000270884
        0.0001452528   0.0002034519  -0.0000230162  -0.0001087734  -0.0000724613
        0.0000937245  -0.0000205841  -0.0000448719  -0.0000603484  -0.0000861828
       -0.0000193544   0.0033844512   0.0320324901   0.0318539786  -0.0776463410
        0.0244485755   0.0634770179   0.0625682036  -0.0552229880  -0.0825974004
        0.0171152432   0.0044342920  -0.0126104868  -0.0008038803   0.0016971014
       -0.0039720593   0.0003972430  -0.0006736336   0.0017518834  -0.0001123334
       -0.0012486553   0.0001644656   0.0023627521  -0.0003124202  -0.0008731198
       -0.0000888325   0.0003401046   0.0000224391   0.0004516087  -0.0004730789
       -0.0000905498   0.0006021466  -0.0000373253   0.0001224305  -0.0000288051
        0.0000185958   0.0001457936   0.0000126895   0.0000269706   0.0000296179
        0.0000278308   0.0000260179   0.0000565761   0.0000469952   0.0000141275
        0.0000267483
       -0.0028458623   0.0104271995  -0.0031138327   0.0005044420  -0.0017867596
       -0.0003464979   0.0001777364   0.0004593992  -0.0005311737   0.0005803640
       -0.0003263576   0.0010282470   0.0001030818   0.0002612662   0.0001106316
       -0.0000142710   0.0000107332  -0.0001930898  -0.0004047649  -0.0001499369
       -0.0001866219   0.0003399338  -0.0010809082  -0.0004195535  -0.0000233659
       -0.0002703900   0.0003166492   0.0000770366   0.0000337516   0.0001050953
        0.0003003346   0.0001789321   0.0001240266   0.0000956250   0.0000109449
        0.0000798849   0.0016136188  -0.0004933019  -0.0000213272  -0.0021864427
       -0.0040667749   0.0001959437  -0.0004476679   0.0001727490  -0.0001990601
        0.0004564420  -0.0005212678  -0.0003081850   0.0003578430   0.0001638940
        0.0002985574  -0.0000944963   0.0000536877  -0.0000806281  -0.0002066856
        0.0003672222   0.0000403354   0.0003162636   0.0003745292   0.0003107139
       -0.0000859972  -0.0000208471  -0.0001083747  -0.0001265402  -0.0000434954
       -0.0001508615  -0.0001154873   0.0000193104  -0.0000920940   0.0000408915
       -0.0001024575   0.0000385221  -0.0000176826   0.0000230241  -0.0001066862
       -0.0000529026  -0.0000297905   0.0001022013   0.0000641627  -0.0008639346
        0.0001868046  -0.0000853023  -0.0000650102   0.0000686098  -0.0001134499
       -0.0000229398   0.0002337612  -0.0002745252  -0.0000135681  -0.0000629799
       -0.0004854853  -0.0014488630   0.0001701792  -0.0002144918  -0.0001468376
        0.0003475174  -0.0000770902  -0.0000548988  -0.0000221344   0.0000046306
        0.0000493689  -0.0000630496   0.0000906224   0.0001002987   0.0001584348
        0.0000158817   0.0001868614  -0.0000655373  -0.0000981479  -0.0000425295
       -0.0000570806  -0.0000805431   0.0000192192   0.0000516899   0.0001670412
       -0.0001294790   0.0001065990  -0.0000186357   0.0000202804  -0.0000439313
       -0.0000326654  -0.0000030180  -0.0000348589  -0.0000536924  -0.0000765412
        0.0000142181   0.0290412345  -0.0353296852  -0.0580110905   0.0239930846
       -0.1244902333  -0.1537944168  -0.0552229880   0.1460080673   0.1959679574
        0.0051779149   0.0112386872   0.0125976686  -0.0000287320  -0.0001748524
        0.0017436028   0.0014279307  -0.0007497119   0.0033688980  -0.0012714908
        0.0022068407  -0.0005749075  -0.0008868804   0.0000179627   0.0008896980
        0.0002308466  -0.0002780990   0.0007717059  -0.0011983159   0.0012107218
       -0.0015120780   0.0011722492  -0.0006645195   0.0008170287   0.0003122014
       -0.0001972204  -0.0000334207   0.0001119803  -0.0000523017  -0.0000489552
        0.0000036831   0.0000370403  -0.0000452199  -0.0000124739   0.0000445383
       -0.0000175351
        0.0049764741   0.0071191966  -0.0173121568  -0.0011597180  -0.0016978453
        0.0003642369   0.0009686908   0.0007119430   0.0011832592  -0.0003531898
        0.0005135324   0.0015679143  -0.0002619234  -0.0002834070   0.0002747919
        0.0000424972  -0.0001295722  -0.0003568481   0.0001054180   0.0005416271
       -0.0000316730   0.0000807977  -0.0007741563  -0.0010673971   0.0002317709
        0.0001274161   0.0000571889   0.0001440312   0.0001010413   0.0000881406
        0.0002328116   0.0000181167   0.0000133687   0.0000619608  -0.0000288950
       -0.0000882631   0.0046448255  -0.0029190949  -0.0003013834  -0.0015165318
        0.0033400156   0.0024326928  -0.0024174819   0.0008873376   0.0001901593
       -0.0002851301  -0.0018194228  -0.0016769119  -0.0002661936  -0.0002033028
       -0.0001327570   0.0000920170   0.0003137635   0.0003670706   0.0004176077
        0.0006916638   0.0001917364   0.0001268288   0.0007803734  -0.0001807108
        0.0000615441   0.0000141946   0.0000089264  -0.0000541914   0.0000498595
        0.0000076072   0.0000966846   0.0001367746   0.0001807739   0.0000083820
       -0.0000248937  -0.0001394969  -0.0000390022   0.0000767816  -0.0001246956
       -0.0000969015   0.0000744298   0.0001680714  -0.0012695316  -0.0002447986
       -0.0006810723   0.0004033527  -0.0000350745   0.0000736001  -0.0003257033
        0.0002304601   0.0001466355   0.0000836924   0.0002335362  -0.0002854622
        0.0005637489  -0.0008685795   0.0007617676   0.0000183210   0.0000425472
        0.0002046603   0.0000521284   0.0000912783   0.0000814097  -0.0000281317
        0.0000293649  -0.0000221724   0.0000575307   0.0000207768   0.0001844631
        0.0000351182   0.0001941582  -0.0000240883  -0.0000687737   0.0000459046
        0.0000863489  -0.0002513154   0.0000251866  -0.0000113729   0.0000247771
       -0.0002326886  -0.0002709495   0.0001626887   0.0001360356   0.0001000982
       -0.0000372147   0.0000051701  -0.0000029892   0.0000917888   0.0001273739
        0.0000384393   0.0278434521  -0.0622212036  -0.0274018004   0.0553113348
       -0.1398888781  -0.5528350851  -0.0825974004   0.1959679574   0.6591217676
        0.0008022530  -0.0078844853  -0.0637124768  -0.0030259622   0.0034363085
       -0.0062069036  -0.0007865312   0.0021582805  -0.0038376018   0.0015551420
       -0.0016962983   0.0025006297  -0.0045276291   0.0014518554   0.0053331226
        0.0001468634   0.0000547079   0.0013433121  -0.0011133953   0.0010571528
       -0.0018680741   0.0009525455   0.0003085527   0.0013158136   0.0000673567
       -0.0001327357   0.0000542918   0.0000874836  -0.0000778082   0.0000788559
       -0.0000056127   0.0000482276   0.0000446597  -0.0000644552   0.0000002376
        0.0000065284
        0.0005198243  -0.0016496640   0.0023195354   0.0002238064   0.0004902217
        0.0003344630  -0.0001063526  -0.0002395730   0.0000114115  -0.0001361237
       -0.0000130548  -0.0000900925   0.0000077530  -0.0000041083  -0.0000189567
        0.0000102323  -0.0000251478   0.0000927491   0.0000464548   0.0000340441
        0.0000037266  -0.0001228020   0.0000643246  -0.0000402742   0.0000179554
        0.0000403968   0.0000402976  -0.0000395279  -0.0000064633  -0.0000320109
       -0.0000216580  -0.0000304889   0.0000112062  -0.0000359545  -0.0000089489
       -0.0000099015  -0.0009339142   0.0004108485  -0.0000323617   0.0004523305
        0.0000471770   0.0000463945   0.0004337800  -0.0002634963   0.0002354494
       -0.0001768224   0.0002342311   0.0000652666  -0.0002432287  -0.0000583206
       -0.0002403858   0.0000067462  -0.0000424751   0.0000247889   0.0000674040
        0.0000099400  -0.0000878030  -0.0000241080  -0.0000108790  -0.0000015013
        0.0000349520  -0.0000099644   0.0000291169   0.0001020268   0.0000558378
        0.0000464624   0.0001251135   0.0000752367  -0.0000421985  -0.0000258802
        0.0000304947  -0.0000432838  -0.0000120907  -0.0000182352   0.0000229341
        0.0000020258  -0.0000059364  -0.0000451906  -0.0000690517   0.0000038929
       -0.0001311889   0.0000819395  -0.0000027861   0.0000141882  -0.0000168872
       -0.0000326616   0.0000015928   0.0000376761   0.0000042926   0.0000345769
       -0.0000389415  -0.0000200236   0.0001034512   0.0000155084  -0.0000243905
       -0.0000358930   0.0000270709   0.0000316233  -0.0000102225  -0.0000112953
       -0.0000358125   0.0000164898  -0.0000289182   0.0000385002  -0.0000618616
       -0.0000013905  -0.0000980359   0.0000122602   0.0000549644   0.0000252312
       -0.0000055600   0.0000483868  -0.0000280483  -0.0000304587  -0.0000363615
        0.0000404525   0.0000373418   0.0000153827  -0.0000073322   0.0000202495
        0.0000290784  -0.0000190603  -0.0000086598   0.0000096266   0.0000055287
       -0.0000219838  -0.0061339707   0.0300311506  -0.0120669931  -0.0790930561
        0.0108532621  -0.0313517518   0.0171152432   0.0051779149   0.0008022530
        0.4702985503  -0.0117439045  -0.0319218729  -0.1613646098  -0.0146810898
        0.1217308348  -0.1725198436  -0.0881786714  -0.0734132262  -0.0688973516
        0.0689417017   0.0251367313   0.0011205175   0.0004233152  -0.0016547433
       -0.0000993811   0.0000987283  -0.0001277874   0.0004052806  -0.0003625457
        0.0003288131  -0.0009665922   0.0003408571  -0.0000701480  -0.0001181709
        0.0000937037   0.0000295355  -0.0000304255   0.0000204080   0.0000233804
        0.0000037168   0.0000056272   0.0000150942  -0.0000086367  -0.0000078250
        0.0000057166
        0.0014850168   0.0032960515  -0.0033124612  -0.0002434195  -0.0006408131
        0.0002967719   0.0003152550   0.0003393226   0.0002118161  -0.0000598209
       -0.0001540928   0.0004057083   0.0000245700  -0.0000149612   0.0000814098
       -0.0000045843   0.0000441159  -0.0000613559  -0.0000895674  -0.0000847961
       -0.0000714753  -0.0000931399  -0.0003539384  -0.0000784866  -0.0000295419
       -0.0000557620  -0.0000049478   0.0000423006   0.0000099525   0.0000785301
        0.0000865681   0.0000719425   0.0000589606   0.0000315934   0.0000085784
        0.0000417012   0.0011853110  -0.0005941803   0.0000930376  -0.0001365000
        0.0004434254  -0.0000162739  -0.0003212087   0.0003490927  -0.0001611757
        0.0000881826  -0.0001665738  -0.0001775542   0.0001921176   0.0000379685
        0.0001438990   0.0000001799   0.0000042349   0.0000044550   0.0000058995
       -0.0000013134   0.0000225525  -0.0000115153   0.0000355559  -0.0000341793
       -0.0000039231   0.0000183691  -0.0000626886  -0.0000597776   0.0000275426
       -0.0000722235  -0.0000248178   0.0000690900  -0.0000560623   0.0000283304
       -0.0000198877   0.0000023025   0.0000004336  -0.0000027289  -0.0000283112
       -0.0000182733  -0.0000077763   0.0000260833  -0.0000139424   0.0000201526
        0.0000234120  -0.0000272627  -0.0000044318   0.0000148709  -0.0000155017
        0.0000144797   0.0000274964   0.0000174106   0.0000174016  -0.0000578177
       -0.0000006634  -0.0001487843   0.0001264639  -0.0000118285   0.0000153416
        0.0000406432  -0.0000290951  -0.0000313156  -0.0000146296   0.0000021333
        0.0000242528  -0.0000262699   0.0000419511  -0.0000059482   0.0000669901
        0.0000025644   0.0001153590  -0.0000293153  -0.0000522477  -0.0000289872
       -0.0000114488  -0.0000380977   0.0000109436   0.0000182767   0.0000642307
       -0.0000491391   0.0000373926  -0.0000182295  -0.0000175948  -0.0000024861
       -0.0000218676   0.0000058506  -0.0000142455  -0.0000135833  -0.0000184226
        0.0000020513   0.0299574812  -0.0407434751   0.0206539678   0.0118824383
       -0.0872873920   0.0503884695   0.0044342920   0.0112386872  -0.0078844853
       -0.0117439045   0.5014144238   0.0411411900  -0.0135834111  -0.0469397953
        0.0155348907  -0.0916459985  -0.1057328244  -0.0530356529   0.0693287233
       -0.2342545145  -0.0654758890  -0.0014712502  -0.0003347275   0.0015002875
        0.0001608841  -0.0000839445   0.0001098866  -0.0004563941   0.0003177172
       -0.0000980827   0.0007409163  -0.0001033727  -0.0002427249   0.0000987302
       -0.0000609336  -0.0000706841   0.0000248372  -0.0000102592  -0.0000194403
       -0.0000010710  -0.0000012915  -0.0000217767  -0.0000019125   0.0000041259
       -0.0000113727
        0.0014103566  -0.0039763616   0.0001617764   0.0000532332  -0.0001417013
        0.0005246908   0.0001024037   0.0000817233   0.0003114994   0.0001331528
       -0.0000286351   0.0000906590  -0.0000267165  -0.0000617324   0.0000790538
        0.0000113283  -0.0000119575  -0.0000071902   0.0001123845   0.0001662824
        0.0000053955   0.0001675348   0.0001119712  -0.0001365386   0.0000583567
        0.0000277123   0.0000833199   0.0000095029   0.0000160849  -0.0000260846
       -0.0000229917  -0.0000323531  -0.0000214895  -0.0000281104  -0.0000126584
       -0.0000627813  -0.0000918460  -0.0000940896   0.0000244410   0.0000541029
        0.0006516741   0.0000299853  -0.0000480975  -0.0000823319   0.0000939063
       -0.0000905901  -0.0001305822  -0.0000883153  -0.0002004941  -0.0001776967
       -0.0001638408   0.0000269700   0.0000129303   0.0000489948  -0.0000151588
       -0.0000048942   0.0001365236   0.0000075456   0.0000799642  -0.0000098184
        0.0000294508   0.0000002553   0.0000133437   0.0000437095   0.0000363142
        0.0000285624   0.0000406530   0.0000328090   0.0000634267  -0.0000168515
        0.0000208759  -0.0000270364   0.0000095713   0.0000079620  -0.0000074354
        0.0000016876   0.0000037431  -0.0000063241  -0.0003210309  -0.0000084247
       -0.0002176240   0.0001311938   0.0000413046  -0.0000073468  -0.0000668586
        0.0000371847   0.0000339075   0.0000711078   0.0000591283  -0.0000405046
       -0.0000824468  -0.0004308740   0.0005785878   0.0000289392   0.0000202264
       -0.0000019135   0.0000403623   0.0000352480   0.0000133914  -0.0000024772
       -0.0000187104   0.0000063711  -0.0000296118  -0.0000142010  -0.0000533856
       -0.0000007478  -0.0000256340   0.0000087930   0.0000288574   0.0000506771
        0.0000156348  -0.0000179515   0.0000094513  -0.0000270857  -0.0000778566
       -0.0000596608  -0.0000739324   0.0000528727   0.0000624034   0.0000374376
        0.0000072719  -0.0000195305   0.0000032619   0.0000379130   0.0000295782
       -0.0000104837  -0.0087413098   0.0137641468   0.0043026961  -0.0212292634
        0.0333454231  -0.1180232292  -0.0126104868   0.0125976686  -0.0637124768
       -0.0319218729   0.0411411900   0.4687424410   0.1172433344   0.0151405250
       -0.1517894190  -0.0685419008  -0.0485346195  -0.0750322529   0.0248716045
       -0.0644012621  -0.0663290658  -0.0001707818   0.0001547014   0.0005276473
       -0.0000741081   0.0002071674  -0.0000830138   0.0002335413  -0.0002973369
        0.0002654066  -0.0004298026   0.0005005316  -0.0002021214  -0.0001135291
        0.0000849525  -0.0000248438  -0.0000347670   0.0000266342  -0.0000074369
       -0.0000025740   0.0000132904  -0.0000078543  -0.0000087085  -0.0000064874
       -0.0000303101
       -0.0000277012  -0.0000668485   0.0001658301  -0.0000109169  -0.0000055994
       -0.0000520035   0.0000126116  -0.0000242493  -0.0000157245  -0.0000514566
       -0.0000146383   0.0000084605  -0.0000025622  -0.0000170574  -0.0000139628
        0.0000073752  -0.0000065764   0.0000030061   0.0000035550   0.0000067597
       -0.0000086190   0.0000470068   0.0000380696  -0.0000304237   0.0000076874
        0.0000088932  -0.0000258750   0.0000156552  -0.0000060009  -0.0000008844
       -0.0000078000   0.0000019223  -0.0000137765   0.0000103109   0.0000017107
       -0.0000043218   0.0001575441  -0.0000375208   0.0000085037  -0.0000240982
       -0.0000708734   0.0000235723   0.0000495904   0.0000506754  -0.0000843952
       -0.0000296061   0.0000563625   0.0000120985  -0.0000182788   0.0000146322
        0.0000309131   0.0000034457  -0.0000142389   0.0000067300   0.0000457899
        0.0000008104   0.0000022809   0.0000082290  -0.0000089324  -0.0000097426
       -0.0000046726  -0.0000032978   0.0000050432   0.0000042667  -0.0000103577
        0.0000004279   0.0000121694  -0.0000059438  -0.0000134399   0.0000113766
        0.0000149802  -0.0000035191   0.0000106898  -0.0000044569   0.0000019358
        0.0000043091   0.0000071698  -0.0000088094  -0.0000528110   0.0000285557
       -0.0000666267   0.0000317849   0.0000077137   0.0000133475   0.0000067302
       -0.0000098953  -0.0000008788   0.0000209548  -0.0000033232  -0.0000001055
       -0.0000425614   0.0000068788  -0.0000000485   0.0000113301  -0.0000033022
       -0.0000016698  -0.0000061009   0.0000054581  -0.0000005241   0.0000096825
        0.0000044282   0.0000004980  -0.0000418031   0.0000012650   0.0000150925
        0.0000159645   0.0000095387  -0.0000078033  -0.0000080741   0.0000001688
        0.0000055401   0.0000312023  -0.0000029621  -0.0000044391  -0.0000175398
        0.0000836541   0.0000112796  -0.0000136214  -0.0000087673   0.0000161663
        0.0000051368   0.0000010179   0.0000067058  -0.0000008432  -0.0000075558
        0.0000126274   0.0000146711  -0.0007078364  -0.0008028422   0.0069971313
        0.0012714291  -0.0030038868  -0.0008038803  -0.0000287320  -0.0030259622
       -0.1613646098  -0.0135834111   0.1172433344   0.1867568588   0.0181107846
       -0.1360898572  -0.0228506347  -0.0054790735   0.0173572315  -0.0088889958
        0.0003658105   0.0084642736   0.0000237817   0.0000241818  -0.0000501479
        0.0000534007  -0.0000296747   0.0000409600  -0.0000832460   0.0001050399
       -0.0001254567  -0.0000410374  -0.0000426619   0.0000414108   0.0000140934
       -0.0000162684   0.0000003991   0.0000075253  -0.0000059264  -0.0000083296
       -0.0000105603  -0.0000090362  -0.0000097583  -0.0000084495   0.0000071074
       -0.0000138345
       -0.0002356558   0.0001392068   0.0003475902   0.0000309929   0.0001070307
       -0.0000571282  -0.0000334466  -0.0000051523  -0.0000057462  -0.0000273656
       -0.0000952216  -0.0000121919  -0.0000118199  -0.0000042121  -0.0000178068
       -0.0000042657   0.0000147162   0.0000182511  -0.0000021179  -0.0000023867
       -0.0000244263  -0.0000034369   0.0000062414   0.0000760249  -0.0000032741
        0.0000209782  -0.0000366615  -0.0000058302   0.0000073588   0.0000075668
        0.0000015330  -0.0000032827  -0.0000138701   0.0000026739   0.0000063383
       -0.0000051500   0.0001512122   0.0000050253   0.0000204339   0.0001322917
       -0.0000532954  -0.0001413551  -0.0000234781   0.0000270813   0.0000552949
        0.0000170434   0.0000894425  -0.0000631319   0.0000146725  -0.0000114175
        0.0000460627  -0.0000058021  -0.0000240338   0.0000007232  -0.0000226549
        0.0000164896   0.0000254845  -0.0000014517  -0.0000157639   0.0000171282
       -0.0000021505  -0.0000011621  -0.0000246308  -0.0000059506  -0.0000051428
       -0.0000109614  -0.0000207288   0.0000079284  -0.0000201131  -0.0000022978
        0.0000085410   0.0000101932  -0.0000044291   0.0000132365   0.0000019923
        0.0000036141   0.0000085648  -0.0000144258   0.0000553726  -0.0000767500
       -0.0000134738  -0.0000004036  -0.0000066940  -0.0000017369   0.0000077981
        0.0000038329   0.0000080847  -0.0000082830   0.0000066451   0.0000141889
        0.0000021826  -0.0000000482  -0.0000640258  -0.0000007187   0.0000124592
       -0.0000080547  -0.0000044904  -0.0000081340   0.0000078389  -0.0000066244
        0.0000108338   0.0000117166  -0.0000103134  -0.0000130980   0.0000148839
       -0.0000076179   0.0000271669   0.0000115818  -0.0000049116  -0.0000036348
        0.0000007583   0.0000178268   0.0000042945  -0.0000144594   0.0000303034
        0.0000278609  -0.0000026115  -0.0000114494  -0.0000114848   0.0000169089
        0.0000065857  -0.0000010989  -0.0000116594  -0.0000014196   0.0000033460
       -0.0000018355   0.0015681036  -0.0007164715  -0.0006608714  -0.0126646462
        0.0003641300   0.0086655378   0.0016971014  -0.0001748524   0.0034363085
       -0.0146810898  -0.0469397953   0.0151405250   0.0181107846   0.0475772535
       -0.0176550751  -0.0149062997  -0.0018780564   0.0107716525   0.0208669016
        0.0014847531  -0.0196547119  -0.0000404492   0.0001476980  -0.0001439661
        0.0000210054   0.0000490218  -0.0000340868  -0.0000419363  -0.0000089370
        0.0000910441   0.0000562485  -0.0001149750  -0.0000885394   0.0000155032
        0.0000036484  -0.0000126108  -0.0000049033   0.0000083802  -0.0000045317
       -0.0000035103  -0.0000218111   0.0000062079   0.0000054719  -0.0000125915
       -0.0000041347
        0.0002592596   0.0001239516  -0.0007433741   0.0000361330  -0.0000191521
        0.0000653620   0.0000159334  -0.0000013615   0.0001106657   0.0000050130
       -0.0000100942  -0.0001523004  -0.0000049937  -0.0000116162   0.0000228354
        0.0000084685  -0.0000149156   0.0000330600   0.0000181605  -0.0000087304
        0.0000731271  -0.0000661143   0.0000798787  -0.0001784138   0.0000126213
        0.0000092994   0.0000142994   0.0000103790  -0.0000093819   0.0000173309
       -0.0000269664  -0.0000364367  -0.0000282604   0.0000086977  -0.0000090080
        0.0000120459  -0.0000687563   0.0000088029   0.0000386196  -0.0002006992
        0.0000044093   0.0001288060  -0.0001047761   0.0000226166   0.0000057068
        0.0000300971  -0.0000543271  -0.0000539226   0.0000237800  -0.0000601758
        0.0000683956  -0.0000016597  -0.0000052295   0.0000014095   0.0000075194
       -0.0000051095   0.0000425644  -0.0000038031   0.0000051720  -0.0000203545
       -0.0000055230  -0.0000006804  -0.0000235489  -0.0000123746   0.0000243333
       -0.0000117955  -0.0000072406   0.0000091279   0.0000194502   0.0000081620
       -0.0000027202   0.0000124008   0.0000033114   0.0000071690  -0.0000041793
       -0.0000036262  -0.0000033610   0.0000097595  -0.0000556886  -0.0000284359
       -0.0000100321  -0.0000147123   0.0000010302  -0.0000010602  -0.0000125054
        0.0000250656   0.0000297475   0.0000075476   0.0000083874   0.0000041550
        0.0000265056  -0.0000627363   0.0000611216   0.0000047642   0.0000079788
        0.0000237440  -0.0000026508  -0.0000141998   0.0000120418  -0.0000003612
        0.0000030442   0.0000005844   0.0000051596  -0.0000183898  -0.0000055970
        0.0000017434   0.0000206646   0.0000013056  -0.0000079494  -0.0000062347
        0.0000050475  -0.0000295550   0.0000032822   0.0000042212   0.0000154396
        0.0000038261  -0.0000688112  -0.0000026793   0.0000046312   0.0000170017
       -0.0000150284  -0.0000077128  -0.0000012879   0.0000042903   0.0000006489
       -0.0000009953  -0.0008606930  -0.0014006343   0.0013519157   0.0173747059
        0.0041288162  -0.0203164909  -0.0039720593   0.0017436028  -0.0062069036
        0.1217308348   0.0155348907  -0.1517894190  -0.1360898572  -0.0176550751
        0.1761019976  -0.0069051847  -0.0014201541   0.0084418471   0.0089486547
       -0.0007346858  -0.0075707139  -0.0001288422  -0.0001468187   0.0005021752
       -0.0000080276   0.0000458140   0.0000214708   0.0000461721   0.0000000176
       -0.0000145303   0.0000131634  -0.0000871318  -0.0000062520  -0.0000049435
        0.0000164280  -0.0000136584   0.0000036536   0.0000020287  -0.0000071143
       -0.0000014323  -0.0000065671  -0.0000084228  -0.0000114672  -0.0000038416
       -0.0000167766
       -0.0005341310   0.0003127114  -0.0005135362  -0.0000216998  -0.0000574606
       -0.0000087881   0.0000664015  -0.0000000412   0.0000854468  -0.0000196762
        0.0000288487   0.0000804997   0.0000314805   0.0000058287   0.0000375533
        0.0000139272  -0.0000148338   0.0000066264  -0.0000158469  -0.0000175135
       -0.0000287959   0.0000031636  -0.0000971243  -0.0000063294   0.0000199531
        0.0000068542  -0.0000026538   0.0000163009  -0.0000013562  -0.0000043278
        0.0000218517   0.0000078074   0.0000116824   0.0000090680  -0.0000077998
       -0.0000074893  -0.0002886399   0.0000864629  -0.0000069380   0.0002973828
       -0.0000220753   0.0001414471   0.0000982548  -0.0000859344   0.0000619618
        0.0000097342  -0.0000030748  -0.0000112867  -0.0000243103  -0.0000204740
       -0.0000681192  -0.0000186299   0.0000039536   0.0000333103   0.0000042877
        0.0000282013   0.0000079853   0.0000030437   0.0000229013   0.0000039976
       -0.0000245066   0.0000105661   0.0000102371   0.0000211815   0.0000346500
       -0.0000191179  -0.0000146424   0.0000295187  -0.0000166256  -0.0000010187
        0.0000061509  -0.0000022445   0.0000031341   0.0000083883  -0.0000067644
       -0.0000005760   0.0000029636   0.0000028727   0.0000466467   0.0000011311
       -0.0000875639  -0.0000054650  -0.0000226523   0.0000468077  -0.0000100563
        0.0000035586   0.0000168674   0.0000042373   0.0000003957  -0.0000040052
       -0.0000337093  -0.0000283349   0.0000105982   0.0000033121  -0.0000070518
        0.0000167302  -0.0000042630   0.0000074786   0.0000146939   0.0000004564
        0.0000094420  -0.0000069707  -0.0000052301   0.0000420631   0.0000139292
       -0.0000046967  -0.0000041747   0.0000003067  -0.0000152032  -0.0000077823
        0.0000206590  -0.0000332611   0.0000072672   0.0000362698   0.0000986301
       -0.0000915559   0.0000660537   0.0000040204  -0.0000128910   0.0000043231
       -0.0000002788  -0.0000030278   0.0000194338   0.0000012072   0.0000108745
        0.0000094198   0.0009351382   0.0016779763   0.0005979478  -0.0100860083
       -0.0068431418  -0.0086408025   0.0003972430   0.0014279307  -0.0007865312
       -0.1725198436  -0.0916459985  -0.0685419008  -0.0228506347  -0.0149062997
       -0.0069051847   0.1971998281   0.1066158134   0.0808350041   0.0068239348
        0.0037701569   0.0032158960   0.0002776294  -0.0001546169   0.0001752788
        0.0000070297   0.0000141332   0.0000537182   0.0001200407  -0.0000860641
       -0.0000697638   0.0000317505  -0.0000031516   0.0000997614  -0.0000177690
       -0.0000052598   0.0000185781   0.0000034421  -0.0000141568   0.0000009023
       -0.0000130194  -0.0000066186   0.0000007028  -0.0000105958  -0.0000135618
       -0.0000117627
        0.0001378022  -0.0000693569  -0.0000893015  -0.0000406503  -0.0000351188
       -0.0000960244  -0.0000023597   0.0000562602  -0.0000308168   0.0000204540
       -0.0000771477   0.0000060876  -0.0000023517   0.0000156861   0.0000005255
        0.0000057972   0.0000084982   0.0000186871  -0.0000113642   0.0000075094
       -0.0000016569  -0.0000377124  -0.0000535441  -0.0000099496  -0.0000015965
        0.0000065457   0.0000347999   0.0000066849   0.0000220452   0.0000094312
        0.0000031533  -0.0000014850   0.0000002233  -0.0000058138   0.0000158972
       -0.0000082667  -0.0000172831   0.0000406759   0.0000538778  -0.0001082169
       -0.0001246772  -0.0002046490  -0.0000709814   0.0000301884   0.0001339783
       -0.0000183389   0.0000724684  -0.0000092866   0.0000404658  -0.0000267786
        0.0000968657   0.0000052168  -0.0000478882   0.0000018822   0.0000095125
       -0.0000421227   0.0000153444   0.0000056828  -0.0000294071   0.0000039250
       -0.0000112316  -0.0000024673  -0.0000367342  -0.0000327561  -0.0000189623
       -0.0000014621  -0.0000192020  -0.0000509751  -0.0000120607   0.0000004172
        0.0000046588   0.0000031225   0.0000010579   0.0000005707   0.0000093816
        0.0000019165  -0.0000005506  -0.0000194965   0.0000001822   0.0000491425
       -0.0000588186  -0.0000068793  -0.0000014835   0.0000100238  -0.0000075051
       -0.0000060273  -0.0000142343  -0.0000011110  -0.0000024485   0.0000225580
       -0.0000038822   0.0000068982  -0.0000537532  -0.0000110612   0.0000028128
       -0.0000107045   0.0000016843  -0.0000229547   0.0000083472   0.0000120161
        0.0000047042   0.0000012034   0.0000339278  -0.0000868712   0.0000015563
        0.0000197177   0.0000310054  -0.0000107650   0.0000032066  -0.0000198924
       -0.0000071631   0.0000518239   0.0000435268  -0.0000607943  -0.0001306751
        0.0000383658   0.0001050116  -0.0000226796  -0.0000332974  -0.0000121679
       -0.0000000286  -0.0000117391  -0.0000047607   0.0000049979  -0.0000116411
       -0.0000075293  -0.0002396897  -0.0007935654   0.0004577017   0.0098794522
        0.0084407034   0.0029538336  -0.0006736336  -0.0007497119   0.0021582805
       -0.0881786714  -0.1057328244  -0.0485346195  -0.0054790735  -0.0018780564
       -0.0014201541   0.1066158134   0.1193853244   0.0571133465  -0.0216895884
       -0.0183678300  -0.0127379414  -0.0000770591  -0.0000286826   0.0002539497
        0.0000159275   0.0000570594   0.0000059175  -0.0000182240   0.0000304858
        0.0000292399   0.0000047154  -0.0000692094  -0.0000502270   0.0000188664
        0.0000105599  -0.0000072725   0.0000066865   0.0000178804   0.0000002172
        0.0000100225  -0.0000041677   0.0000073888   0.0000024189   0.0000014114
       -0.0000060971
       -0.0008932976   0.0003768566  -0.0001084672  -0.0000262118  -0.0000390120
        0.0000053277   0.0000310706   0.0000053103   0.0000663945  -0.0000387355
       -0.0000014170   0.0000517078  -0.0000028917   0.0000020217   0.0000159098
       -0.0000062193  -0.0000069928   0.0000102998  -0.0000091597   0.0000059581
        0.0000029502   0.0000174613  -0.0000537458  -0.0000525934   0.0000024143
       -0.0000046438   0.0000257698  -0.0000053402  -0.0000006195   0.0000158210
        0.0000216613   0.0000131921   0.0000222686  -0.0000018220  -0.0000031258
        0.0000146001  -0.0003036300   0.0001253211  -0.0000083852   0.0005972273
       -0.0002042717   0.0001845737   0.0001767254  -0.0000521171   0.0000173033
       -0.0000866213   0.0001154834  -0.0001064516  -0.0001094672   0.0000384065
       -0.0001247932   0.0000165725  -0.0000411693   0.0000116148   0.0000745457
        0.0000286432   0.0000480963   0.0000142852  -0.0000024041  -0.0000078686
        0.0000226420  -0.0000105242  -0.0000098216   0.0000312619   0.0000303669
       -0.0000090725   0.0000722640   0.0000494697  -0.0000731431  -0.0000046079
        0.0000044980  -0.0000119578  -0.0000103190  -0.0000325225   0.0000185148
       -0.0000157102  -0.0000111071  -0.0000038878  -0.0000609352  -0.0000829973
       -0.0002679516   0.0000762304  -0.0000056019   0.0000082664  -0.0000508037
       -0.0000092809   0.0000854163   0.0000137786  -0.0000188419   0.0000329623
       -0.0000649068  -0.0000807837   0.0000498669  -0.0000085771  -0.0000036832
        0.0000167139   0.0000015771  -0.0000055168   0.0000003073  -0.0000056613
       -0.0000272453   0.0000202733  -0.0000131414   0.0000543930   0.0000329407
        0.0000004075  -0.0000156675   0.0000036369   0.0000002404  -0.0000079686
       -0.0000051572   0.0000160145  -0.0000228754  -0.0000144984   0.0001543558
        0.0001617765   0.0000558987  -0.0000339322  -0.0000686209   0.0000324598
        0.0000326577  -0.0000124037  -0.0000220285  -0.0000084934  -0.0000181831
        0.0000004368   0.0019225564  -0.0001477516   0.0002071860  -0.0211608188
       -0.0105794314  -0.0132283035   0.0017518834   0.0033688980  -0.0038376018
       -0.0734132262  -0.0530356529  -0.0750322529   0.0173572315   0.0107716525
        0.0084418471   0.0808350041   0.0571133465   0.0873067901  -0.0075296413
       -0.0074946782  -0.0038883892   0.0002923890  -0.0000323523  -0.0000403432
       -0.0000069424   0.0000587415   0.0000071744   0.0000803158  -0.0000808902
        0.0000320368   0.0002274550  -0.0001091955   0.0000102650   0.0000116142
        0.0000019569   0.0000047098   0.0000062917   0.0000016755  -0.0000035864
        0.0000057156  -0.0000018453   0.0000015104   0.0000072633  -0.0000028276
       -0.0000052964
       -0.0002374528   0.0000338727   0.0005090818   0.0000606411   0.0001748773
       -0.0000059659  -0.0000298215  -0.0000983266   0.0000027718  -0.0000311495
        0.0000104085  -0.0000918243  -0.0000020686   0.0000021472  -0.0000160846
        0.0000133893  -0.0000164821   0.0000339552   0.0000225724   0.0000115400
        0.0000083659  -0.0000082448   0.0000978447   0.0000636830  -0.0000094112
        0.0000151475  -0.0000222540  -0.0000055793  -0.0000128654  -0.0000038659
       -0.0000493702  -0.0000177563  -0.0000135321  -0.0000101100   0.0000004999
        0.0000039291  -0.0001582588   0.0001043944  -0.0000131984   0.0000236009
       -0.0000801632   0.0000183905   0.0001004708  -0.0000285382  -0.0000052204
        0.0000031346   0.0000403255   0.0000221547  -0.0000096948  -0.0000279722
       -0.0000088328  -0.0000205661  -0.0000091205  -0.0000000237  -0.0000207632
        0.0000187486  -0.0000100167  -0.0000051582  -0.0000081079  -0.0000061570
       -0.0000134681  -0.0000111957   0.0000032528   0.0000203421   0.0000082247
        0.0000027838   0.0000021038   0.0000076144  -0.0000003106   0.0000009822
        0.0000045904  -0.0000050692   0.0000011826   0.0000111195  -0.0000072667
       -0.0000012847  -0.0000036213  -0.0000119825   0.0000618166  -0.0000235504
        0.0000012333  -0.0000212534  -0.0000358091   0.0000123593   0.0000086644
       -0.0000115517   0.0000032386  -0.0000039803  -0.0000021219   0.0000118355
       -0.0000119165   0.0000574095  -0.0000352826   0.0000022430  -0.0000161511
       -0.0000037493   0.0000081980   0.0000003453  -0.0000025316   0.0000051256
        0.0000039596  -0.0000055082  -0.0000210200   0.0000145036  -0.0000137105
        0.0000080489  -0.0000103697   0.0000020670   0.0000120503  -0.0000044362
        0.0000042241  -0.0000075494  -0.0000325908   0.0000125137   0.0000306236
        0.0000138639  -0.0000452912   0.0000108318   0.0000014568   0.0000064569
       -0.0000052769  -0.0000171757   0.0000024676   0.0000022848  -0.0000041738
       -0.0000076678  -0.0005436950   0.0032505861  -0.0025939999  -0.0045459739
        0.0115975963   0.0016438387  -0.0001123334  -0.0012714908   0.0015551420
       -0.0688973516   0.0693287233   0.0248716045  -0.0088889958   0.0208669016
        0.0089486547   0.0068239348  -0.0216895884  -0.0075296413   0.0761866271
       -0.0821985406  -0.0269838383   0.0003366192   0.0000187145  -0.0003681337
        0.0000032105   0.0000070763  -0.0000478603   0.0001351402  -0.0000676520
        0.0000745048  -0.0001979159  -0.0000324767   0.0000126847  -0.0000200912
        0.0000191527   0.0000166299   0.0000028346   0.0000085863   0.0000045978
        0.0000033954  -0.0000054150   0.0000033787  -0.0000003137   0.0000070123
        0.0000030189
        0.0004523145   0.0003868456  -0.0009142653  -0.0000525069  -0.0001440319
        0.0000704985   0.0000825229   0.0000998205   0.0000969576   0.0000071394
       -0.0000318696   0.0001125068   0.0000002596   0.0000133726   0.0000059753
       -0.0000019339   0.0000129024  -0.0000260604  -0.0000189826   0.0000092487
        0.0000033788  -0.0000320065  -0.0001376652  -0.0000613287  -0.0000125070
       -0.0000155777   0.0000028177   0.0000107017   0.0000087301   0.0000266483
        0.0000259990   0.0000292893   0.0000109007   0.0000093363   0.0000162066
        0.0000057862   0.0004807234  -0.0002146891   0.0000250796  -0.0001312670
        0.0002599481   0.0000817557  -0.0001841820   0.0001024522  -0.0000408118
        0.0000702104  -0.0001444599  -0.0001086954   0.0000512205  -0.0000606962
        0.0000341571  -0.0000143597   0.0000246121  -0.0000017045  -0.0000632107
        0.0000451557   0.0000391990  -0.0000241274   0.0000170692   0.0000269060
       -0.0000062408   0.0000021840  -0.0000295596  -0.0000084886   0.0000156417
       -0.0000288044  -0.0000276803   0.0000421618   0.0000079962   0.0000126265
       -0.0000131368   0.0000064589   0.0000078603   0.0000229177  -0.0000304266
       -0.0000119387   0.0000078764   0.0000205426  -0.0000510456  -0.0001923344
        0.0001254257   0.0000035273  -0.0000027690  -0.0000320230  -0.0000022824
        0.0000418767   0.0000181456   0.0000052200   0.0000413323  -0.0000470936
        0.0000435322  -0.0001042702   0.0000435567  -0.0000047809   0.0000214177
        0.0000279770  -0.0000022024  -0.0000097515  -0.0000044056   0.0000044678
        0.0000144924  -0.0000105241   0.0000106513   0.0000104047   0.0000114041
       -0.0000001208   0.0000535575  -0.0000022842  -0.0000144482   0.0000035603
       -0.0000028801  -0.0000498393   0.0000001357   0.0000180577   0.0000517988
       -0.0001009946  -0.0000601038   0.0000294804   0.0000346324   0.0000072128
       -0.0000222027  -0.0000050939  -0.0000129818  -0.0000008777  -0.0000025675
        0.0000013548   0.0030724605  -0.0043458378   0.0039663835   0.0070639037
       -0.0177801059  -0.0035334922  -0.0012486553   0.0022068407  -0.0016962983
        0.0689417017  -0.2342545145  -0.0644012621   0.0003658105   0.0014847531
       -0.0007346858   0.0037701569  -0.0183678300  -0.0074946782  -0.0821985406
        0.2706844229   0.0741315243  -0.0004639827   0.0000815669   0.0004113273
        0.0000501113   0.0000143460   0.0000763264  -0.0001890454   0.0001435429
       -0.0000952770   0.0001712546  -0.0000425871   0.0000108564   0.0000391663
       -0.0000076330  -0.0000286293   0.0000105396   0.0000075240  -0.0000067808
       -0.0000014402   0.0000094816  -0.0000081465  -0.0000058012   0.0000080935
       -0.0000139141
       -0.0004848284  -0.0001198587   0.0005298731   0.0000530374   0.0002067289
       -0.0001013998  -0.0000600582  -0.0000947761   0.0000150664  -0.0000033456
        0.0000153611  -0.0000971293  -0.0000045789   0.0000240813  -0.0000348472
       -0.0000011035  -0.0000119835   0.0000388892   0.0000092280  -0.0000107807
        0.0000178609   0.0000413488   0.0000363978  -0.0000027531  -0.0000090406
        0.0000124190  -0.0000242439  -0.0000180397  -0.0000010211   0.0000007109
       -0.0000172021  -0.0000215996  -0.0000110433  -0.0000069493   0.0000026003
        0.0000000595  -0.0003184093   0.0002093170  -0.0000095441  -0.0000273286
       -0.0002162948   0.0001453152   0.0001596125  -0.0000109044  -0.0000043569
       -0.0000494079   0.0001293438  -0.0000198052  -0.0000256868  -0.0000419979
        0.0000007738   0.0000105820  -0.0000424749  -0.0000071182   0.0000351356
       -0.0000703623  -0.0000027758   0.0000073469  -0.0000481946  -0.0000149586
        0.0000060709   0.0000082738  -0.0000296220   0.0000272045   0.0000374641
        0.0000029698   0.0000218287   0.0000236721   0.0000042331  -0.0000041185
        0.0000056452   0.0000063974  -0.0000045509  -0.0000088970   0.0000191127
        0.0000003902   0.0000057292  -0.0000192477   0.0000208703   0.0001053882
        0.0000056637  -0.0000184349  -0.0000216315   0.0000203212   0.0000147766
        0.0000168906  -0.0000444167  -0.0000027364  -0.0000289259   0.0000546967
       -0.0000231408   0.0000608894  -0.0000147603   0.0000058059   0.0000102714
       -0.0000262556   0.0000016573  -0.0000142131   0.0000024098  -0.0000014861
       -0.0000089821   0.0000161016  -0.0000051109  -0.0000111955  -0.0000426287
       -0.0000052844  -0.0000098326   0.0000184968   0.0000141600  -0.0000017713
       -0.0000088848   0.0000039658   0.0000086190  -0.0000109968   0.0000061175
       -0.0000080350  -0.0000361632   0.0000057372  -0.0000044538   0.0000020842
        0.0000057632  -0.0000065768  -0.0000133477  -0.0000065964  -0.0000044945
       -0.0000057672  -0.0032699879   0.0053112473  -0.0028986144  -0.0064344824
        0.0187696536   0.0064982615   0.0001644656  -0.0005749075   0.0025006297
        0.0251367313  -0.0654758890  -0.0663290658   0.0084642736  -0.0196547119
       -0.0075707139   0.0032158960  -0.0127379414  -0.0038883892  -0.0269838383
        0.0741315243   0.0717351891   0.0004131254   0.0002008036  -0.0004398878
       -0.0000404319   0.0000981546  -0.0000172805   0.0001029145  -0.0000807721
        0.0000429602  -0.0001035593  -0.0001178477   0.0000505513  -0.0000204412
        0.0000356186   0.0000056600  -0.0000023402   0.0000113969   0.0000032294
        0.0000020000  -0.0000093895   0.0000020468   0.0000024738  -0.0000067741
       -0.0000135463
       -0.0582010167  -0.0080032283   0.0213248582  -0.0038347768  -0.0066729927
        0.0042179496  -0.0012555645  -0.0023841804   0.0004767341  -0.0012497046
       -0.0008398745  -0.0019028042   0.0001671613  -0.0003776254   0.0006832511
       -0.0013629623  -0.0008048736  -0.0000823670  -0.0000380938  -0.0005105313
        0.0003533239   0.0003143815   0.0003509986  -0.0000271382   0.0001447103
        0.0000813295   0.0001896679  -0.0001057998   0.0000496405  -0.0000914618
       -0.0002672424  -0.0002567028  -0.0000955107  -0.0001895400  -0.0001174037
       -0.0000545650   0.0280557984  -0.0121181417  -0.0061691436   0.0037378584
       -0.0000916362  -0.0011666069  -0.0698989208   0.0422400251  -0.0088266053
       -0.0013814365  -0.0018652960  -0.0091217731   0.0028762638   0.0072159684
        0.0022313865   0.0002798832   0.0002819153  -0.0005076446  -0.0006766809
        0.0026370441   0.0023204644   0.0007439163  -0.0002515249   0.0000584681
        0.0004980264   0.0004591462  -0.0002629803  -0.0005812645  -0.0017313042
       -0.0005631194  -0.0017046125  -0.0012637671  -0.0018642228   0.0003045632
       -0.0001853399  -0.0000486772  -0.0000452058  -0.0001458201  -0.0002213656
       -0.0001800673   0.0002327493   0.0001851113  -0.0003480009  -0.0003733445
        0.0000688369   0.0002581128  -0.0000963741  -0.0000407609  -0.0005745633
        0.0009260714   0.0002327406  -0.0003386011   0.0002021887   0.0003474824
       -0.0003762783  -0.0001125080   0.0002980406  -0.0002689195   0.0000963351
        0.0001262441  -0.0001946766  -0.0000204988  -0.0001654435   0.0001014070
        0.0002436405  -0.0000521769   0.0000597989   0.0002207611  -0.0000605621
       -0.0017448523  -0.0002102480  -0.0012614974  -0.0006341860   0.0002353078
       -0.0002672134   0.0000561419   0.0000502185  -0.0000331157  -0.0000533667
       -0.0001342558   0.0001721048  -0.0005958055   0.0000271798  -0.0005971114
        0.0001357861   0.0001262579  -0.0001459940  -0.0002047675  -0.0000960600
        0.0001811125   0.0067482556  -0.0089061445  -0.0032192353  -0.0059710844
        0.0078356028   0.0077316029   0.0023627521  -0.0008868804  -0.0045276291
        0.0011205175  -0.0014712502  -0.0001707818   0.0000237817  -0.0000404492
       -0.0001288422   0.0002776294  -0.0000770591   0.0002923890   0.0003366192
       -0.0004639827   0.0004131254   0.1039452797  -0.0084142137  -0.0051283947
       -0.0046610119   0.0011855821   0.0002785107   0.0047153189  -0.0007970818
       -0.0052654837  -0.0005688828  -0.0051260311   0.0088333706  -0.0000075019
        0.0003086806   0.0011010353   0.0001597470  -0.0001120499  -0.0000044022
       -0.0001166235  -0.0000216943   0.0000412868   0.0002083008  -0.0000262746
       -0.0000844679
       -0.0114106450  -0.0672999834   0.0384386881  -0.0044133613  -0.0053631108
        0.0067015137  -0.0009122789  -0.0004192627   0.0014733380  -0.0026759075
       -0.0015581072  -0.0027134166   0.0004562927  -0.0005218270   0.0004407679
       -0.0009673713  -0.0013415283  -0.0007903452  -0.0000913050  -0.0009344754
        0.0001343989   0.0000083239   0.0005016096  -0.0002460690   0.0001167889
       -0.0000259765   0.0002227638  -0.0000088618   0.0000263172  -0.0001247205
       -0.0002205801  -0.0001823965  -0.0002242360  -0.0001627020   0.0000601424
       -0.0000489887   0.0027812727  -0.0245840723   0.0073724166   0.0098799085
       -0.0061828147   0.0064406835   0.0190237786  -0.0087224921   0.0067076370
        0.0001904340  -0.0003584778   0.0017095212  -0.0002389365  -0.0035184283
       -0.0011786191  -0.0000711408  -0.0002600205   0.0003509066   0.0001359770
       -0.0005466193  -0.0004807141   0.0001308152  -0.0001980667  -0.0007117001
        0.0001725434  -0.0002810186   0.0003281323  -0.0013402462  -0.0010693645
       -0.0004857372   0.0007117531   0.0008013543   0.0010372190   0.0000014571
       -0.0000752249  -0.0001895318  -0.0000424715  -0.0000165940  -0.0003562464
       -0.0000156980   0.0000093188   0.0000675014  -0.0001337706   0.0003163829
       -0.0000650555   0.0000436160  -0.0000213083   0.0000329224   0.0000342953
       -0.0001627595  -0.0000075439   0.0002634629  -0.0010487279  -0.0004058501
        0.0000435593   0.0003054397   0.0002147968   0.0002609637  -0.0002395415
        0.0000708862   0.0001562348   0.0001116093  -0.0000726990   0.0001845514
        0.0004065566  -0.0005180335   0.0001158141  -0.0002462862   0.0001583486
       -0.0004574612   0.0010915876  -0.0006553812  -0.0002472990   0.0002280466
       -0.0001146835  -0.0002581758   0.0001411888  -0.0000594402  -0.0001843136
        0.0001186758  -0.0003230201   0.0003538945   0.0000481615   0.0002828629
       -0.0001934606   0.0000698879   0.0000484405   0.0001502069   0.0000462022
       -0.0000493690  -0.0011062355  -0.0004152471   0.0040882925   0.0014187424
       -0.0026364290  -0.0011710886  -0.0003124202   0.0000179627   0.0014518554
        0.0004233152  -0.0003347275   0.0001547014   0.0000241818   0.0001476980
       -0.0001468187  -0.0001546169  -0.0000286826  -0.0000323523   0.0000187145
        0.0000815669   0.0002008036  -0.0084142137   0.1180167728  -0.0674233175
        0.0034072772   0.0015470359  -0.0025316631  -0.0019865941  -0.0028193232
        0.0065785426  -0.0040790366   0.0066978598  -0.0025032196  -0.0002720596
        0.0003067878  -0.0009852512  -0.0002849202   0.0001794743  -0.0000473704
       -0.0000083640   0.0000496228   0.0000465254   0.0001562726   0.0000856317
       -0.0000919843
        0.0261586976   0.0454372171  -0.0873451516  -0.0019227250  -0.0008670089
       -0.0032650930  -0.0027538731  -0.0004565195  -0.0030997187   0.0005767439
        0.0003112473   0.0007468659  -0.0004660534  -0.0009964420   0.0006986298
       -0.0006879798  -0.0013080266   0.0002831898  -0.0000259425   0.0000160943
        0.0000446277  -0.0007750245  -0.0007768543  -0.0000090761  -0.0001905699
       -0.0001440128  -0.0002228846   0.0000793443  -0.0000814104   0.0003356718
        0.0000376062  -0.0000488724   0.0002208342  -0.0001064641  -0.0002519169
        0.0002364690  -0.0236578936   0.0162730444  -0.0197665861  -0.0079389255
        0.0038586283  -0.0011449813   0.0157912663  -0.0023131327   0.0047746220
       -0.0006354204   0.0007273196   0.0009644970  -0.0007764943  -0.0021594870
       -0.0012923483  -0.0002816447   0.0002105740  -0.0000737770   0.0002036993
       -0.0001645304  -0.0000981841  -0.0002886587  -0.0003115799  -0.0014216973
       -0.0000637754   0.0002151506  -0.0001390653  -0.0011636196  -0.0009372301
       -0.0005169024   0.0006310015   0.0004045964   0.0005762872  -0.0002094384
       -0.0000721348  -0.0000631545  -0.0001535571  -0.0004016599   0.0005792754
        0.0000245993  -0.0001269816   0.0000223571   0.0002730718  -0.0000671806
       -0.0000752372   0.0001401734  -0.0000983126   0.0000439924   0.0000216480
       -0.0000864952   0.0000289637   0.0006773290  -0.0009629277   0.0009087620
        0.0001468024   0.0005306362  -0.0005770708   0.0003843154  -0.0002510542
        0.0000025985   0.0001686690   0.0000871732   0.0000608092  -0.0001374595
       -0.0004866758  -0.0000267251   0.0005652454   0.0003105703   0.0001793991
       -0.0015027641  -0.0006127081  -0.0013666393  -0.0002483997   0.0002546729
       -0.0002366711  -0.0000844690   0.0000215921   0.0000126970   0.0002231081
       -0.0001199648   0.0000557731   0.0002986845   0.0000011183   0.0001764593
        0.0001658939  -0.0000688470   0.0000559707  -0.0000321490   0.0000304374
       -0.0000131274  -0.0015333364   0.0136663287   0.0059316008   0.0040958582
       -0.0028649302  -0.0095860006  -0.0008731198   0.0008896980   0.0053331226
       -0.0016547433   0.0015002875   0.0005276473  -0.0000501479  -0.0001439661
        0.0005021752   0.0001752788   0.0002539497  -0.0000403432  -0.0003681337
        0.0004113273  -0.0004398878  -0.0051283947  -0.0674233175   0.1071013848
       -0.0026194849  -0.0004892353   0.0048481926  -0.0006798479   0.0024824660
       -0.0076230773   0.0061695528  -0.0025081182   0.0022751525   0.0000263896
       -0.0003469423   0.0007687150   0.0002894837  -0.0001961807   0.0000662807
       -0.0000421967   0.0002268404   0.0000163754  -0.0002717560   0.0000236864
        0.0000640012
       -0.0001101863  -0.0047282575   0.0070737082   0.0002074554  -0.0004060026
       -0.0006465892  -0.0017266335   0.0002418178   0.0010493338   0.0002525845
        0.0000176174  -0.0000783247   0.0003437899   0.0005753565  -0.0002269172
       -0.0004641375   0.0007424694  -0.0002574173  -0.0000808403   0.0000819147
       -0.0001365058   0.0000445652   0.0000838652   0.0000008583   0.0002202874
       -0.0001161442   0.0001977357  -0.0000452147   0.0000444489   0.0001534083
       -0.0000038905   0.0001087616   0.0000783479   0.0000590472   0.0001327185
        0.0000965533   0.0026810665  -0.0015615656   0.0003027959   0.0014140218
       -0.0006284597  -0.0004955702  -0.0012814024   0.0010411465  -0.0005444964
        0.0001290870  -0.0000445248  -0.0000846655   0.0001635044   0.0000467416
        0.0000304247   0.0000280285  -0.0000447400  -0.0000179467  -0.0000446271
        0.0000431483  -0.0000322011   0.0000233144  -0.0000987223   0.0000702900
        0.0000467518  -0.0000254226  -0.0000012759   0.0000677826  -0.0000625333
        0.0000351995  -0.0000344391   0.0000225195  -0.0000657352  -0.0000011681
       -0.0000000914  -0.0000355682  -0.0000248311   0.0000382835  -0.0000922364
       -0.0000552189   0.0000244633  -0.0000206129   0.0000125177   0.0000000995
       -0.0000104531  -0.0000311523   0.0000302485  -0.0000564934  -0.0000251933
        0.0000357913  -0.0000209095   0.0000267197  -0.0000092129  -0.0001398388
        0.0000125340  -0.0000503764   0.0000011293  -0.0000791225   0.0000676376
        0.0000050542  -0.0000369498  -0.0000035608  -0.0000565472   0.0000046320
        0.0000715712  -0.0000613981   0.0000355864   0.0000065396   0.0000248069
        0.0001223487   0.0000957011   0.0000267229  -0.0000489180   0.0000012956
       -0.0000622935  -0.0000075671   0.0000380617  -0.0000425739   0.0000235075
        0.0000099433  -0.0000252827  -0.0000133325   0.0000051597  -0.0000654545
       -0.0000461658   0.0000359583  -0.0000597916  -0.0000437573   0.0000038799
       -0.0000345378  -0.0004293412   0.0011101062   0.0001642845   0.0004806902
       -0.0007658047  -0.0002768886  -0.0000888325   0.0002308466   0.0001468634
       -0.0000993811   0.0001608841  -0.0000741081   0.0000534007   0.0000210054
       -0.0000080276   0.0000070297   0.0000159275  -0.0000069424   0.0000032105
        0.0000501113  -0.0000404319  -0.0046610119   0.0034072772  -0.0026194849
        0.1207303472  -0.0095740154  -0.1760727605  -0.1220367478  -0.0069588858
        0.1490474238   0.0194628831   0.0076718711  -0.0255759639  -0.0100994016
        0.0074757128   0.0444343661   0.0027104149  -0.0021165869  -0.0001290249
       -0.0053381745   0.0022786302   0.0036239646  -0.0024094699   0.0011253746
        0.0016119982
       -0.0054003941   0.0000420885  -0.0025347398   0.0000899122  -0.0014185314
       -0.0006777622   0.0021094083  -0.0017211423  -0.0012758077   0.0003574700
        0.0007012692   0.0001322957   0.0002097872  -0.0004327863   0.0004343967
        0.0008692784  -0.0024189041  -0.0007379096  -0.0000545669   0.0000147672
       -0.0001236282  -0.0000946027   0.0000051789   0.0000035721  -0.0001478200
        0.0001885908   0.0002039961  -0.0000123182  -0.0001002387  -0.0000213899
       -0.0000322643  -0.0000897475   0.0000771692  -0.0001402402  -0.0001526097
       -0.0000040591  -0.0004984230  -0.0000950749  -0.0000256457  -0.0003514439
        0.0005584119   0.0002377588   0.0001085986  -0.0000931255   0.0000160001
       -0.0000592969  -0.0000368554   0.0001228436  -0.0001708387  -0.0002389823
       -0.0001867743   0.0000291105  -0.0000678484   0.0000333684   0.0000184933
       -0.0000123917   0.0000096397   0.0000723638   0.0000070763  -0.0000023209
        0.0000744456  -0.0000466268   0.0000243850   0.0000794919   0.0000424175
        0.0000813114   0.0000409434   0.0000751995   0.0000424629  -0.0000142444
       -0.0000362430  -0.0000418657  -0.0000182160  -0.0000678753  -0.0000237998
        0.0000150172  -0.0000626901   0.0000016441  -0.0000381281   0.0000287950
        0.0000134176   0.0000517802  -0.0000094778   0.0000460940  -0.0000164888
       -0.0000402048   0.0000390934  -0.0001342094  -0.0001173372   0.0001070489
       -0.0000491787   0.0000878738   0.0000109323   0.0000299388  -0.0000737178
        0.0000113233   0.0000521886   0.0000217992  -0.0000308609  -0.0000142963
       -0.0000232117  -0.0000794252  -0.0000042360   0.0000416919  -0.0001175942
       -0.0000110575  -0.0000950182  -0.0000716785   0.0000754546   0.0000667762
       -0.0000230887  -0.0000043833   0.0000100178  -0.0000061109  -0.0000274860
        0.0000439427  -0.0000366618   0.0000225416   0.0000505302   0.0000220884
       -0.0000089316  -0.0000156923   0.0000121332   0.0000530579  -0.0000149691
       -0.0000489370   0.0004671844  -0.0002729564   0.0003930707  -0.0005894151
        0.0009430043  -0.0001862961   0.0003401046  -0.0002780990   0.0000547079
        0.0000987283  -0.0000839445   0.0002071674  -0.0000296747   0.0000490218
        0.0000458140   0.0000141332   0.0000570594   0.0000587415   0.0000070763
        0.0000143460   0.0000981546   0.0011855821   0.0015470359  -0.0004892353
       -0.0095740154   0.0598795181  -0.0774813702  -0.0098335776  -0.0769739041
        0.0528261028   0.0065232831   0.0059570809   0.0439827165   0.0126891633
        0.0153097781  -0.0118712021  -0.0017371976   0.0005249285  -0.0004820583
       -0.0003687165   0.0000511706  -0.0000040506   0.0037511244  -0.0012291641
       -0.0027651778
        0.0153304416  -0.0079601942  -0.0082999963  -0.0023995272  -0.0003956832
       -0.0013745930   0.0026168033   0.0006622356  -0.0004635038  -0.0003947830
       -0.0001656372   0.0007028607   0.0000593904  -0.0007967913   0.0000214465
       -0.0004688506  -0.0002285213  -0.0001887334   0.0003034256  -0.0001300315
        0.0002692828  -0.0002805176  -0.0004136719   0.0000711510  -0.0000114763
        0.0005845644   0.0000121362   0.0000737043   0.0001409903   0.0004785396
        0.0000704137  -0.0000674365   0.0001619991  -0.0001138910  -0.0000450207
        0.0001014309  -0.0006717760   0.0006795492  -0.0006751189  -0.0018393231
        0.0019150534   0.0008078763   0.0003483513  -0.0007888902   0.0007236524
       -0.0001304568  -0.0004951468  -0.0007976165   0.0001846914   0.0004773727
        0.0001981650  -0.0000937960   0.0002235192  -0.0000150117  -0.0000112637
        0.0001185972   0.0002000094  -0.0000442163   0.0001863593   0.0000129877
       -0.0000669075   0.0000872640  -0.0001092844  -0.0002214080  -0.0000113745
       -0.0000571315  -0.0000678699  -0.0001209314  -0.0000475898   0.0000597194
       -0.0000513209  -0.0000241739   0.0000146103  -0.0000975355   0.0000027277
       -0.0000485746   0.0000369588   0.0000876475   0.0000573504  -0.0001368827
       -0.0000211842   0.0000040761  -0.0000523409  -0.0000068200  -0.0000075388
        0.0000647375   0.0000707968  -0.0000890052  -0.0000903651  -0.0000539935
       -0.0001192839  -0.0000790028  -0.0001033676  -0.0000072204   0.0000344125
        0.0001210067  -0.0000653973  -0.0000000326  -0.0000151042   0.0000231182
       -0.0000427529  -0.0000163886   0.0001329807  -0.0000502322   0.0002119780
        0.0000679197   0.0001770432  -0.0001552764  -0.0000870894  -0.0000097226
       -0.0000088658  -0.0000471823   0.0000210576   0.0000259888   0.0000977587
       -0.0000841253   0.0000871035   0.0000388280  -0.0000201660  -0.0000463544
        0.0000555073   0.0000160414  -0.0000133611  -0.0000648052  -0.0000398258
        0.0000682269   0.0000277376   0.0017630023   0.0008031855   0.0010596986
       -0.0025637132  -0.0012248082   0.0000224391   0.0007717059   0.0013433121
       -0.0001277874   0.0001098866  -0.0000830138   0.0000409600  -0.0000340868
        0.0000214708   0.0000537182   0.0000059175   0.0000071744  -0.0000478603
        0.0000763264  -0.0000172805   0.0002785107  -0.0025316631   0.0048481926
       -0.1760727605  -0.0774813702   0.7290202229   0.1611428637   0.0423424076
       -0.5999460440  -0.0270923305   0.0459533339  -0.0861447379   0.0237962100
        0.0012001492  -0.0393270322  -0.0016948042   0.0005064113   0.0012668928
        0.0032302620  -0.0007138079  -0.0007081701   0.0031962128  -0.0024566200
       -0.0018029091
       -0.0210768142   0.0136921508  -0.0070799318   0.0010991837   0.0008791776
        0.0009760299   0.0001785648   0.0003918757   0.0000128995  -0.0000799279
        0.0000868283  -0.0006042334  -0.0002665208  -0.0002785777   0.0002156492
       -0.0000224766   0.0000419879   0.0012756100  -0.0000373504  -0.0000750255
        0.0000601607   0.0000499878   0.0001308619   0.0000163106  -0.0000579123
        0.0000552891  -0.0001800511  -0.0001116130  -0.0001184345  -0.0003252761
       -0.0001033127  -0.0002716877  -0.0001128805  -0.0001070826  -0.0002350751
       -0.0001714914  -0.0042319097   0.0015439888   0.0002571337  -0.0037246982
        0.0038489139   0.0008224955  -0.0006353948  -0.0018241468   0.0021487512
       -0.0003508552   0.0007561952   0.0009279841  -0.0006978382  -0.0005183019
       -0.0006491730  -0.0000071702  -0.0000594976   0.0000800255   0.0000439290
       -0.0000671027  -0.0001184404   0.0000532309   0.0000070365  -0.0000140751
        0.0000153488  -0.0000441509   0.0000938508   0.0000576410   0.0000308434
       -0.0000701726   0.0001203532   0.0001092076   0.0000240583  -0.0001125033
        0.0000659544  -0.0000065575  -0.0000581267   0.0000289599   0.0000522151
        0.0000779927  -0.0000810832  -0.0000910981  -0.0000379442  -0.0000457714
        0.0000493665   0.0001234964   0.0000134960   0.0000936175   0.0000277981
       -0.0001374318  -0.0000509112  -0.0001515547   0.0000764912   0.0001948031
       -0.0000449791   0.0000360829   0.0000061055   0.0000753935  -0.0001767579
       -0.0001165282   0.0000967354   0.0000924039   0.0000645184  -0.0001016141
       -0.0000225563   0.0000272875  -0.0001357711   0.0001635845  -0.0000975128
       -0.0004232769  -0.0002340503   0.0000417780   0.0001633562   0.0000781670
        0.0001543425   0.0000995339  -0.0000980116  -0.0000083922  -0.0000237672
       -0.0000604181   0.0000513977   0.0000374446   0.0000480005   0.0001539915
        0.0000729115  -0.0000513290   0.0000522096   0.0000899791   0.0000582614
       -0.0000666604   0.0017839482  -0.0034351498  -0.0004997805  -0.0020689788
        0.0043545614   0.0011031861   0.0004516087  -0.0011983159  -0.0011133953
        0.0004052806  -0.0004563941   0.0002335413  -0.0000832460  -0.0000419363
        0.0000461721   0.0001200407  -0.0000182240   0.0000803158   0.0001351402
       -0.0001890454   0.0001029145   0.0047153189  -0.0019865941  -0.0006798479
       -0.1220367478  -0.0098335776   0.1611428637   0.4060795796  -0.0950132755
       -0.1305285100  -0.1037494239   0.0495976005  -0.0642003880  -0.1309216302
        0.0306302643   0.0210026714  -0.0150270913   0.0088376880   0.0025856611
        0.0073752610  -0.0035081495   0.0009765695  -0.0170615263   0.0044241999
        0.0116588201
        0.0186687484  -0.0093037621  -0.0018048120  -0.0007014674  -0.0006066670
       -0.0006560869   0.0007409124   0.0005766992  -0.0006460453  -0.0004773961
       -0.0005420198   0.0005510327  -0.0001403861  -0.0000930259  -0.0004082135
       -0.0001815256   0.0005455954  -0.0003753504  -0.0001231635  -0.0002478539
        0.0001566329   0.0000062728  -0.0003602360   0.0001279956  -0.0001200625
        0.0000308116  -0.0000775009   0.0000993264   0.0000986328   0.0003631044
        0.0001494504   0.0000817354   0.0000816331   0.0001229612   0.0000745817
        0.0001488621   0.0007964083   0.0006167412  -0.0006693902   0.0003393357
       -0.0003459398   0.0004614413   0.0012324804   0.0000096538  -0.0005060013
        0.0000905296  -0.0005785982  -0.0008923231   0.0005048140   0.0008555540
        0.0006850407  -0.0000749907   0.0001984531  -0.0000671032  -0.0000397947
        0.0000748527   0.0001683003  -0.0001057264   0.0000931408  -0.0000350477
       -0.0001120209   0.0001126789  -0.0001641927  -0.0002730601  -0.0000375347
       -0.0001938118  -0.0001057982  -0.0001765415  -0.0000900263   0.0000899044
       -0.0000249638   0.0000319255   0.0000447182  -0.0000389153   0.0000248063
       -0.0000432113   0.0000693663   0.0000897118   0.0001127792  -0.0000556110
       -0.0000315664  -0.0000996114   0.0000174063  -0.0000628955   0.0000280411
        0.0001243228   0.0000466666   0.0001212652  -0.0000175567  -0.0001184793
        0.0000493939  -0.0001097711  -0.0000358942  -0.0000239003   0.0001243891
        0.0001077692  -0.0001453354  -0.0000614348  -0.0000346558   0.0000403154
       -0.0000233804   0.0000660277   0.0000360798  -0.0000645442   0.0001391523
        0.0001154291   0.0001770204   0.0000577104  -0.0001904074  -0.0000823578
       -0.0000839158  -0.0000226035   0.0000801295   0.0000301797   0.0001018112
        0.0000071013   0.0000525975  -0.0000595057  -0.0000258992  -0.0001309828
        0.0000085630   0.0000617522  -0.0000438142  -0.0001126561  -0.0000272157
        0.0000791997  -0.0013582032   0.0029233916  -0.0000219256   0.0022261560
       -0.0040238685  -0.0007618577  -0.0004730789   0.0012107218   0.0010571528
       -0.0003625457   0.0003177172  -0.0002973369   0.0001050399  -0.0000089370
        0.0000000176  -0.0000860641   0.0000304858  -0.0000808902  -0.0000676520
        0.0001435429  -0.0000807721  -0.0007970818  -0.0028193232   0.0024824660
       -0.0069588858  -0.0769739041   0.0423424076  -0.0950132755   0.2853071490
       -0.0881049883   0.0458137184  -0.1053087640   0.0676340205   0.0260174056
       -0.0845109423  -0.0137508759   0.0145388116  -0.0079795559  -0.0034990036
        0.0153063701  -0.0080256427  -0.0105811328  -0.0192376313   0.0085111401
        0.0073210379
       -0.0252255611   0.0119528464   0.0224293726   0.0041714307   0.0003375043
        0.0024361977  -0.0027495554  -0.0031225931  -0.0003031993   0.0003019462
        0.0001608874  -0.0013547455  -0.0003602783   0.0007532211  -0.0002643076
        0.0024457254  -0.0017544160  -0.0013931824  -0.0004900915   0.0001799921
       -0.0002249581   0.0004639582   0.0006988059  -0.0001407208   0.0000755610
       -0.0005115793  -0.0000197779  -0.0000404957  -0.0002267077  -0.0007624001
       -0.0000533413   0.0000651335  -0.0002391090   0.0002447050  -0.0000067276
       -0.0001835025   0.0032658699  -0.0029692552   0.0017280351   0.0048884552
       -0.0037271095  -0.0025302774  -0.0017489620   0.0022165409  -0.0018115425
        0.0004406600   0.0010884296   0.0017581501  -0.0005292491  -0.0010918784
       -0.0007403378   0.0001645274  -0.0004535188   0.0000443342   0.0000035386
       -0.0001989858  -0.0004335359   0.0000951418  -0.0003223753   0.0000711326
        0.0001853665  -0.0001928948   0.0003023202   0.0005271108  -0.0000246041
        0.0001430410   0.0001725020   0.0002641161   0.0001074653  -0.0001444809
        0.0000748427  -0.0000071173  -0.0000154950   0.0001527604  -0.0000655658
        0.0000999550  -0.0001028634  -0.0001754364  -0.0001182994   0.0002654145
        0.0000802786  -0.0000015300   0.0001065276   0.0000737808   0.0000281844
       -0.0001726250  -0.0000961531   0.0001094667   0.0001613423  -0.0000324446
        0.0001857468   0.0001279920   0.0001774546  -0.0000121454  -0.0001038026
       -0.0001840547   0.0001139917   0.0000594614   0.0000072228  -0.0000481935
        0.0000987215  -0.0000509362  -0.0002502699   0.0001634298  -0.0003381645
       -0.0001092743  -0.0002746839   0.0002024381   0.0001293621   0.0000621955
        0.0000244775   0.0000734988  -0.0000480259  -0.0000049808  -0.0002080719
        0.0001623432  -0.0001413887  -0.0000790451   0.0000735529   0.0001057927
       -0.0001025137  -0.0000338768   0.0000677817   0.0001333164   0.0000624065
       -0.0001216568  -0.0010918838  -0.0037433519  -0.0003668168  -0.0019962430
        0.0049176580   0.0015535315  -0.0000905498  -0.0015120780  -0.0018680741
        0.0003288131  -0.0000980827   0.0002654066  -0.0001254567   0.0000910441
       -0.0000145303  -0.0000697638   0.0000292399   0.0000320368   0.0000745048
       -0.0000952770   0.0000429602  -0.0052654837   0.0065785426  -0.0076230773
        0.1490474238   0.0528261028  -0.5999460440  -0.1305285100  -0.0881049883
        0.8360315160  -0.0478745339   0.0545170213  -0.1631005414   0.0406153125
       -0.0251338821  -0.0712349064  -0.0170230771   0.0089522116   0.0064610313
        0.0168210843  -0.0121533671  -0.0126461626   0.0111451963  -0.0010207376
       -0.0057261093
       -0.0354474451   0.0076506279  -0.0026070013  -0.0015113971  -0.0011243553
       -0.0027480696   0.0001257029   0.0005535362  -0.0018721225  -0.0009476214
       -0.0011678484   0.0011967454   0.0007550702  -0.0000708752  -0.0001256438
       -0.0014927778   0.0011698743   0.0000264337   0.0003646829  -0.0001182962
       -0.0002849527  -0.0008148228  -0.0001309502  -0.0001348738  -0.0002534466
       -0.0002118791  -0.0000011914   0.0001163866   0.0000823851   0.0002989176
        0.0000868164   0.0002198287   0.0000617611  -0.0001223160   0.0002017143
        0.0001120554   0.0009115897   0.0008134335  -0.0012867258   0.0054418289
        0.0082965838  -0.0034394584  -0.0033813225  -0.0058335865   0.0072073479
       -0.0008313920  -0.0008202152  -0.0025062422   0.0009201925   0.0019871440
        0.0005821704  -0.0001383609   0.0004087872   0.0001567492  -0.0001897706
        0.0006008324   0.0006087090   0.0002144378   0.0001957824   0.0000325863
       -0.0001503650   0.0000591778  -0.0001703738  -0.0001462975  -0.0001731618
       -0.0005029044  -0.0004478642  -0.0002431414  -0.0004454355   0.0001978544
       -0.0000957303   0.0000623142   0.0000709415  -0.0000885809  -0.0000674483
       -0.0001341436   0.0000303480   0.0002538900   0.0001436065  -0.0005596151
       -0.0000051348   0.0000932768  -0.0001333166   0.0000374154  -0.0000894783
        0.0002446164   0.0002005449  -0.0001421460  -0.0001624398  -0.0002016738
       -0.0002736906  -0.0003088599  -0.0003966251  -0.0000543785   0.0001292627
        0.0002480187  -0.0001553214  -0.0000994079   0.0000268012   0.0000958338
        0.0000877810   0.0000184587  -0.0000323284   0.0002045494   0.0009073861
        0.0000852276   0.0006941045  -0.0000484411  -0.0003311959  -0.0000936101
        0.0000804169   0.0000050727  -0.0000177923   0.0001407561   0.0003247223
       -0.0002915040   0.0004689916  -0.0001231500  -0.0000706332  -0.0000949452
        0.0001369235   0.0000154974  -0.0000047507  -0.0001470944  -0.0001313340
        0.0002433903  -0.0002946636   0.0112886772   0.0003763905   0.0014407715
       -0.0035488011  -0.0020681651   0.0006021466   0.0011722492   0.0009525455
       -0.0009665922   0.0007409163  -0.0004298026  -0.0000410374   0.0000562485
        0.0000131634   0.0000317505   0.0000047154   0.0002274550  -0.0001979159
        0.0001712546  -0.0001035593  -0.0005688828  -0.0040790366   0.0061695528
        0.0194628831   0.0065232831  -0.0270923305  -0.1037494239   0.0458137184
       -0.0478745339   0.1651729434  -0.1089194600   0.0877146434  -0.0375012413
        0.0334601463  -0.0129915032  -0.0064128474   0.0043381033   0.0017400149
       -0.0005972260   0.0011467990  -0.0009479943   0.0008872951   0.0001324529
       -0.0017137224
        0.0118519851  -0.0145086934  -0.0006124706   0.0061638046  -0.0043731537
       -0.0017901004  -0.0006072591  -0.0022092274   0.0009941959   0.0012864299
        0.0008915373  -0.0020197208  -0.0011987982   0.0006445091   0.0004568708
        0.0009959165  -0.0013507344  -0.0004238306  -0.0010291802   0.0008376093
       -0.0000020320   0.0004146028   0.0002703917  -0.0004517404   0.0002431974
        0.0000848082   0.0001793961  -0.0001566416  -0.0000156955  -0.0004335462
       -0.0002281760  -0.0001091412  -0.0001871662   0.0002386260  -0.0001891335
       -0.0003015002   0.0039230589  -0.0030764655   0.0007615691  -0.0025774209
       -0.0016645201   0.0019199740   0.0002854071   0.0038737526  -0.0044300478
        0.0002518248   0.0005606818   0.0011391790  -0.0005982636  -0.0013507286
       -0.0006707255   0.0001262263  -0.0002456649  -0.0000415987   0.0000832041
       -0.0002657733  -0.0002938607   0.0000382649  -0.0001001988   0.0000169136
        0.0001972902  -0.0000246893   0.0002440856   0.0000286631   0.0000519337
        0.0004828693   0.0002198947   0.0001847136   0.0003037999  -0.0001170331
        0.0000347725  -0.0000093784  -0.0000322669   0.0000538224   0.0000486782
        0.0000793351   0.0000277984  -0.0001123028  -0.0000996932   0.0002686346
       -0.0000691272   0.0000018767   0.0000463283  -0.0000075022   0.0000040865
       -0.0000824500  -0.0001165547   0.0000250361  -0.0000184109   0.0002059350
        0.0000103426   0.0003361552   0.0001365084   0.0000354496   0.0000030454
       -0.0001444997   0.0001481921   0.0000622878   0.0000622610  -0.0000453461
       -0.0000366863  -0.0000004407   0.0001442558  -0.0002718611  -0.0004215066
        0.0000737309  -0.0003436792  -0.0001121550   0.0002081308   0.0000340144
        0.0000445538  -0.0000571532  -0.0000015940  -0.0000698011  -0.0002067500
        0.0000570330  -0.0002803886   0.0000969077  -0.0000060314   0.0001419029
       -0.0000692256  -0.0000085643   0.0000444020   0.0001274722   0.0001078555
       -0.0000715150  -0.0014881294  -0.0036026012   0.0042969441  -0.0009298256
        0.0025716772  -0.0017561445  -0.0000373253  -0.0006645195   0.0003085527
        0.0003408571  -0.0001033727   0.0005005316  -0.0000426619  -0.0001149750
       -0.0000871318  -0.0000031516  -0.0000692094  -0.0001091955  -0.0000324767
       -0.0000425871  -0.0001178477  -0.0051260311   0.0066978598  -0.0025081182
        0.0076718711   0.0059570809   0.0459533339   0.0495976005  -0.1053087640
        0.0545170213  -0.1089194600   0.1299495505  -0.1064188269   0.0330039118
       -0.0124434866   0.0102033351   0.0049633311  -0.0014797286  -0.0010484509
       -0.0010776096   0.0005120794   0.0015912332   0.0017990948  -0.0000375918
        0.0005651809
        0.0062793187  -0.0107948042  -0.0280669388   0.0017009131  -0.0060921944
       -0.0028790627   0.0009859288   0.0010829900  -0.0000732281  -0.0001728142
       -0.0005193880  -0.0001599906  -0.0005085688  -0.0000233660   0.0003714304
       -0.0008195027   0.0007344521   0.0004582088  -0.0005356154   0.0001525597
        0.0000782621   0.0000148877  -0.0003414199  -0.0002143253  -0.0000322815
        0.0001012471   0.0000805623   0.0000499170   0.0001098859   0.0003362633
       -0.0000952185  -0.0000202971   0.0000655685   0.0000185480  -0.0000859545
        0.0000254649  -0.0042709864   0.0025982127  -0.0010605821  -0.0064201955
        0.0028911624   0.0075643086   0.0024740378   0.0004262234  -0.0000258064
       -0.0003921099  -0.0009808293  -0.0005460796   0.0004194186   0.0000772469
        0.0002506398  -0.0001639789   0.0003688743   0.0000856654   0.0000075851
        0.0000808748   0.0001825381  -0.0000290430   0.0002209948  -0.0000520512
       -0.0000904598   0.0001333872  -0.0001134546  -0.0005137366   0.0000005900
       -0.0001869622   0.0000103233  -0.0000491907   0.0000067032   0.0000721332
       -0.0000391107  -0.0000254395  -0.0000028154  -0.0000957626   0.0000330598
       -0.0000830299   0.0000486393   0.0001362624   0.0000367554  -0.0001586126
       -0.0000970057   0.0000367918  -0.0000684260  -0.0000360712  -0.0000158862
        0.0000883946   0.0000692647  -0.0000788526  -0.0001632895   0.0000925245
       -0.0002069372   0.0000394509  -0.0001272100   0.0000247431   0.0000793988
        0.0001299928  -0.0000380566  -0.0000043053  -0.0000036403   0.0000069881
       -0.0000557321  -0.0000042058   0.0000557949  -0.0001664721   0.0004105448
        0.0000159312   0.0001898096  -0.0002579032  -0.0001050091  -0.0000527778
        0.0000712974  -0.0000648051   0.0000242664   0.0000223255   0.0001174326
       -0.0001733371   0.0000830280   0.0001070332  -0.0000438445  -0.0000066454
        0.0000522658   0.0000295193  -0.0000243390  -0.0000758724  -0.0000114544
        0.0000825436   0.0028973596   0.0042221534  -0.0002889158   0.0009981662
       -0.0027269078  -0.0007086572   0.0001224305   0.0008170287   0.0013158136
       -0.0000701480  -0.0002427249  -0.0002021214   0.0000414108  -0.0000885394
       -0.0000062520   0.0000997614  -0.0000502270   0.0000102650   0.0000126847
        0.0000108564   0.0000505513   0.0088333706  -0.0025032196   0.0022751525
       -0.0255759639   0.0439827165  -0.0861447379  -0.0642003880   0.0676340205
       -0.1631005414   0.0877146434  -0.1064188269   0.2615739028  -0.0091189468
        0.0056016607   0.0081064093   0.0011409367  -0.0006272869   0.0007346177
       -0.0000036342   0.0015747299   0.0002484760  -0.0006626543  -0.0007230449
       -0.0005394798
        0.0047645891  -0.0033314240  -0.0005721763  -0.0002457101   0.0003971296
        0.0002456195  -0.0003092203   0.0003173580  -0.0001212977  -0.0001275726
       -0.0001812102   0.0001859361   0.0000212065  -0.0000286837  -0.0000747807
        0.0001786196  -0.0000900425  -0.0002141538   0.0000922942  -0.0000574225
        0.0000643485  -0.0000427855   0.0000079128   0.0000120448   0.0000262234
        0.0000195749  -0.0000672727  -0.0000078639   0.0000177219   0.0000607355
        0.0000575872   0.0000955999   0.0000223843   0.0000260110   0.0000758661
        0.0000687529   0.0002991721   0.0000011359  -0.0000891525  -0.0007655304
        0.0006476862   0.0000711760  -0.0004279944  -0.0001693390   0.0003499608
        0.0000268042  -0.0001635296  -0.0002426875   0.0001577183   0.0002270427
        0.0001714698  -0.0000191763   0.0000453027  -0.0000002578  -0.0000350764
        0.0000476709   0.0000470645  -0.0000222245   0.0000055403   0.0000201228
       -0.0000102210   0.0000098943  -0.0000391828  -0.0000443893  -0.0000465588
       -0.0000506204  -0.0000452682  -0.0000381983  -0.0000563397   0.0000315785
       -0.0000197783  -0.0000048733   0.0000065326  -0.0000077466  -0.0000257048
       -0.0000357278   0.0000063131   0.0000272416   0.0000251927  -0.0000579718
       -0.0000112963  -0.0000261467   0.0000013644  -0.0000197597  -0.0000147185
        0.0000410514   0.0000203546  -0.0000017961  -0.0000084166  -0.0000559144
       -0.0000105431  -0.0000507412  -0.0000337371  -0.0000335466   0.0000490854
        0.0000400550  -0.0000475964  -0.0000330226  -0.0000167728   0.0000147638
        0.0000158908  -0.0000064106   0.0000209819   0.0000171236   0.0001015567
        0.0000345410   0.0000850108   0.0000019187  -0.0000619975  -0.0000333257
       -0.0000221436  -0.0000024661   0.0000180417   0.0000089209   0.0000508831
       -0.0000203490   0.0000389405  -0.0000322884  -0.0000158449  -0.0000479722
       -0.0000057987   0.0000150955  -0.0000237102  -0.0000401864  -0.0000223302
        0.0000222548   0.0000954271   0.0011236778  -0.0005304274   0.0003613177
       -0.0007619198   0.0000619901  -0.0000288051   0.0003122014   0.0000673567
       -0.0001181709   0.0000987302  -0.0001135291   0.0000140934   0.0000155032
       -0.0000049435  -0.0000177690   0.0000188664   0.0000116142  -0.0000200912
        0.0000391663  -0.0000204412  -0.0000075019  -0.0002720596   0.0000263896
       -0.0100994016   0.0126891633   0.0237962100  -0.1309216302   0.0260174056
        0.0406153125  -0.0375012413   0.0330039118  -0.0091189468   0.4492251330
        0.0053742758   0.0307180527  -0.0980558033   0.0581092479  -0.0825996288
       -0.0546664109  -0.0364139309  -0.0511817867  -0.1216779998  -0.0971427164
        0.0484881363
       -0.0018095799   0.0030513118   0.0016834715   0.0001335042   0.0004100659
        0.0004849689  -0.0000999166   0.0002165848   0.0002219140  -0.0000419925
        0.0000696731  -0.0001139141  -0.0000791310  -0.0000849343  -0.0000026698
        0.0000414787  -0.0000116963   0.0000415218   0.0000888057   0.0000529526
        0.0000963710   0.0000461337   0.0000505742   0.0000061797   0.0000457349
        0.0000657583  -0.0000324833  -0.0000269673  -0.0000056536  -0.0000133740
       -0.0000066099  -0.0000427343  -0.0000064357  -0.0000011580  -0.0000210785
       -0.0000158083  -0.0002567278   0.0000590379   0.0000488918   0.0010088912
       -0.0012277883  -0.0002709922   0.0003980954   0.0002126837  -0.0004200443
        0.0001188761   0.0001053260   0.0001915408  -0.0001180307  -0.0001736065
       -0.0000961905   0.0000158862  -0.0000571069  -0.0000103266   0.0000008682
       -0.0000641691  -0.0000432566   0.0000039613  -0.0000224451  -0.0000078439
        0.0000387007  -0.0000165681   0.0000104597   0.0000863080   0.0000551542
        0.0000358044   0.0000476058   0.0000306472   0.0000391783  -0.0000292758
       -0.0000124895  -0.0000068801  -0.0000095347  -0.0000178961   0.0000043689
        0.0000312995  -0.0000311142  -0.0000308514  -0.0000187974   0.0000320900
        0.0000122473   0.0000034498   0.0000144147   0.0000150777   0.0000104077
       -0.0000406843  -0.0000117485  -0.0000115806  -0.0000104804   0.0000318036
        0.0000214613   0.0000120372   0.0000344168   0.0000207259  -0.0000294244
       -0.0000252288   0.0000303732   0.0000061404  -0.0000044241  -0.0000152422
       -0.0000285754  -0.0000153437  -0.0000031950  -0.0000171470  -0.0000898240
       -0.0000036969  -0.0000772767  -0.0000135678   0.0000577203   0.0000362911
       -0.0000060615   0.0000133274   0.0000011500  -0.0000154656  -0.0000299375
        0.0000142121  -0.0000454410   0.0000143090   0.0000163266   0.0000261763
        0.0000041188  -0.0000156688   0.0000068949   0.0000312475   0.0000042011
       -0.0000329052  -0.0000904114  -0.0010512980   0.0001399202  -0.0002485734
        0.0006012359   0.0001395522   0.0000185958  -0.0001972204  -0.0001327357
        0.0000937037  -0.0000609336   0.0000849525  -0.0000162684   0.0000036484
        0.0000164280  -0.0000052598   0.0000105599   0.0000019569   0.0000191527
       -0.0000076330   0.0000356186   0.0003086806   0.0003067878  -0.0003469423
        0.0074757128   0.0153097781   0.0012001492   0.0306302643  -0.0845109423
       -0.0251338821   0.0334601463  -0.0124434866   0.0056016607   0.0053742758
        0.4782177560  -0.0307004188   0.0578549665  -0.1064427627   0.0879269776
       -0.0329560636  -0.1278248353  -0.1079679440  -0.1016708388  -0.1644187494
        0.0674745006
       -0.0008143039   0.0009089957  -0.0026606107  -0.0003607177   0.0001236467
        0.0000173897   0.0004616017   0.0002978748  -0.0000604568  -0.0000530941
        0.0000132638   0.0001321350   0.0000033142  -0.0001479791   0.0000313877
       -0.0003894532   0.0003070874   0.0002377493   0.0000869257   0.0000084750
        0.0000089052  -0.0000793604  -0.0000347594   0.0000464211  -0.0000155880
        0.0000469831   0.0000373290   0.0000251771   0.0000235075   0.0000779341
       -0.0000073543  -0.0000193512   0.0000242917  -0.0000384360  -0.0000202034
        0.0000035404  -0.0007618339   0.0004050002  -0.0001485438  -0.0015618191
        0.0010269057   0.0003583922  -0.0000746951  -0.0004416069   0.0004480657
       -0.0000554142  -0.0000663168  -0.0000305347  -0.0000659776   0.0000955584
        0.0000111532  -0.0000380436   0.0000667742   0.0000140043  -0.0000094261
        0.0000332554   0.0000105021  -0.0000217741   0.0000517836   0.0000088275
       -0.0000178356   0.0000075699   0.0000012060  -0.0000393836  -0.0000256742
       -0.0000185257   0.0000041383  -0.0000353366  -0.0000223839   0.0000072705
       -0.0000023021  -0.0000188725  -0.0000046224  -0.0000112489  -0.0000098361
       -0.0000022978   0.0000018311   0.0000038762  -0.0000000044  -0.0000280858
       -0.0000174770   0.0000114885  -0.0000060384   0.0000084704   0.0000064465
       -0.0000035264  -0.0000007417  -0.0000454799   0.0000012352  -0.0000166336
       -0.0000305406  -0.0000012412  -0.0000356952   0.0000108163  -0.0000113649
        0.0000172999  -0.0000108383   0.0000117805  -0.0000014589  -0.0000023969
       -0.0000061045  -0.0000149105  -0.0000068292   0.0000181891   0.0000509520
       -0.0000122618   0.0000026256  -0.0000334617  -0.0000013329   0.0000056941
        0.0000286360   0.0000144610  -0.0000182753   0.0000126232   0.0000185367
       -0.0000201086   0.0000252563   0.0000074483  -0.0000045858  -0.0000033225
        0.0000133444   0.0000052139   0.0000081633  -0.0000058176   0.0000029820
        0.0000096683   0.0004457638   0.0001007743  -0.0002724621  -0.0000958360
        0.0000085736   0.0000726797   0.0001457936  -0.0000334207   0.0000542918
        0.0000295355  -0.0000706841  -0.0000248438   0.0000003991  -0.0000126108
       -0.0000136584   0.0000185781  -0.0000072725   0.0000047098   0.0000166299
       -0.0000286293   0.0000056600   0.0011010353  -0.0009852512   0.0007687150
        0.0444343661  -0.0118712021  -0.0393270322   0.0210026714  -0.0137508759
       -0.0712349064  -0.0129915032   0.0102033351   0.0081064093   0.0307180527
       -0.0307004188   0.5166543087  -0.0814156157   0.0870533299  -0.1663996585
       -0.0470933704  -0.1066765787  -0.1759999787   0.0475394629   0.0642088075
       -0.0709349486
        0.0004076601  -0.0002517594  -0.0008779674  -0.0002054200  -0.0000208180
       -0.0000819116   0.0000531055   0.0001361792  -0.0000106155  -0.0000044466
       -0.0000416680   0.0000756233   0.0000214454  -0.0000399098  -0.0000027870
       -0.0000805594   0.0000577098  -0.0000155881   0.0000315858  -0.0000185170
        0.0000130019  -0.0000217606  -0.0000246822   0.0000136096   0.0000124716
        0.0000211876   0.0000015695   0.0000069956   0.0000087568   0.0000493764
        0.0000167535   0.0000046465   0.0000175278  -0.0000006092  -0.0000008973
        0.0000212735  -0.0001213003   0.0000921177  -0.0000408926  -0.0004802171
        0.0004299854   0.0000996228  -0.0001546280  -0.0001709984   0.0002247577
       -0.0000051623  -0.0000328847  -0.0000789596   0.0000080773   0.0000859803
        0.0000295146  -0.0000160556   0.0000291477   0.0000033655  -0.0000166195
        0.0000187388   0.0000227629  -0.0000113981   0.0000222793   0.0000141295
       -0.0000057967   0.0000075491  -0.0000172749  -0.0000352784  -0.0000153455
       -0.0000296925  -0.0000129917  -0.0000183067  -0.0000224457   0.0000012924
       -0.0000091934  -0.0000018275  -0.0000039079  -0.0000083819  -0.0000083049
       -0.0000041110  -0.0000030100   0.0000050792   0.0000167810  -0.0000369821
       -0.0000005879  -0.0000000026   0.0000038469  -0.0000051011   0.0000025654
        0.0000076785   0.0000048140  -0.0000185268  -0.0000015542  -0.0000216294
       -0.0000042392  -0.0000330680  -0.0000151134  -0.0000043430   0.0000104817
        0.0000107632  -0.0000133830  -0.0000046711  -0.0000048898  -0.0000042771
        0.0000011772  -0.0000043405   0.0000131302  -0.0000026300   0.0000465126
       -0.0000037316   0.0000360631  -0.0000135324  -0.0000139362   0.0000004478
       -0.0000002141   0.0000086277   0.0000069805   0.0000021894   0.0000288887
       -0.0000217166   0.0000197060  -0.0000024357  -0.0000022254  -0.0000092393
        0.0000135719   0.0000053743  -0.0000090093  -0.0000126882  -0.0000031175
        0.0000052100   0.0000871343   0.0002702001  -0.0000831859   0.0001491534
       -0.0002879179  -0.0000523156   0.0000126895   0.0001119803   0.0000874836
       -0.0000304255   0.0000248372  -0.0000347670   0.0000075253  -0.0000049033
        0.0000036536   0.0000034421   0.0000066865   0.0000062917   0.0000028346
        0.0000105396  -0.0000023402   0.0001597470  -0.0002849202   0.0002894837
        0.0027104149  -0.0017371976  -0.0016948042  -0.0150270913   0.0145388116
       -0.0170230771  -0.0064128474   0.0049633311   0.0011409367  -0.0980558033
        0.0578549665  -0.0814156157   0.1127772212  -0.0702714392   0.0956160267
       -0.0042882222   0.0038032773  -0.0083327938   0.0085191011  -0.0092222430
        0.0120865387
       -0.0001992725   0.0003148434   0.0006076463   0.0001096584   0.0000476053
        0.0001446504  -0.0000619140  -0.0000366372   0.0000267085   0.0000362601
        0.0000355775  -0.0000314684  -0.0000194198   0.0000094389  -0.0000126934
        0.0000363728   0.0000000806   0.0000095207  -0.0000054187  -0.0000069466
        0.0000070642   0.0000217174   0.0000422272  -0.0000101258  -0.0000109913
       -0.0000369109   0.0000145020  -0.0000103313  -0.0000067201  -0.0000437222
        0.0000046481  -0.0000048726  -0.0000051845   0.0000042050  -0.0000169517
       -0.0000152548   0.0000440463  -0.0000407139   0.0000192187   0.0002107939
       -0.0002567479  -0.0000642438   0.0000401681   0.0000667373  -0.0001352746
        0.0000656005   0.0000256211   0.0000459398  -0.0000329415  -0.0000059295
       -0.0000079788   0.0000072562  -0.0000116272  -0.0000052800  -0.0000126297
       -0.0000216649  -0.0000076897  -0.0000011729  -0.0000163324  -0.0000046428
        0.0000237950  -0.0000015177  -0.0000006357   0.0000227649   0.0000087405
        0.0000061007   0.0000114278   0.0000030984   0.0000084164  -0.0000109259
       -0.0000106026  -0.0000011111  -0.0000046980  -0.0000107893   0.0000001132
        0.0000127794  -0.0000175140  -0.0000067957   0.0000039075   0.0000035661
        0.0000039557  -0.0000059807   0.0000220645   0.0000052354   0.0000056629
       -0.0000079767   0.0000007608  -0.0000068411  -0.0000084335   0.0000098178
        0.0000163845  -0.0000044435   0.0000136057   0.0000086628  -0.0000008539
       -0.0000047896  -0.0000037856  -0.0000000444  -0.0000045415  -0.0000137031
       -0.0000100970  -0.0000059294  -0.0000001076   0.0000034736  -0.0000261809
       -0.0000131635  -0.0000210893  -0.0000042815   0.0000065279   0.0000174173
       -0.0000094370   0.0000109764   0.0000116891  -0.0000037449   0.0000009383
        0.0000066354  -0.0000113365  -0.0000120095   0.0000133841   0.0000011842
        0.0000026315   0.0000022721   0.0000015356   0.0000053059   0.0000048612
       -0.0000107082  -0.0000559807  -0.0002342494   0.0000024182  -0.0000553630
        0.0002211267   0.0000806350   0.0000269706  -0.0000523017  -0.0000778082
        0.0000204080  -0.0000102592   0.0000266342  -0.0000059264   0.0000083802
        0.0000020287  -0.0000141568   0.0000178804   0.0000016755   0.0000085863
        0.0000075240   0.0000113969  -0.0001120499   0.0001794743  -0.0001961807
       -0.0021165869   0.0005249285   0.0005064113   0.0088376880  -0.0079795559
        0.0089522116   0.0043381033  -0.0014797286  -0.0006272869   0.0581092479
       -0.1064427627   0.0870533299  -0.0702714392   0.1199732569  -0.1017636063
       -0.0088495510   0.0092193945  -0.0130450388   0.0098528653  -0.0140370251
        0.0185802545
        0.0002117823   0.0001181270  -0.0000065816   0.0000191941  -0.0000784729
       -0.0000289288   0.0000277083  -0.0000002732   0.0000175451  -0.0000297311
        0.0000866016  -0.0000068881   0.0000113105  -0.0000014031   0.0000164591
        0.0000021967  -0.0000192224   0.0000248821   0.0000049673   0.0000180455
       -0.0000174236  -0.0000069677   0.0000024953   0.0000143304  -0.0000061375
       -0.0000333790   0.0000185721   0.0000153691  -0.0000151068  -0.0000009112
       -0.0000062145   0.0000039219  -0.0000006615   0.0000124043  -0.0000025829
        0.0000030672   0.0000547680  -0.0000530853  -0.0000124874   0.0003101840
       -0.0001419486  -0.0000442097   0.0000631005  -0.0000238253  -0.0000929063
        0.0000496380  -0.0000368909   0.0000501413  -0.0000401421   0.0000313863
       -0.0000088043  -0.0000190077   0.0000231870   0.0000051868  -0.0000106362
        0.0000134615  -0.0000296112  -0.0000091807   0.0000144628  -0.0000024932
        0.0000020226   0.0000008532   0.0000281710   0.0000249020  -0.0000038965
        0.0000058217   0.0000196933  -0.0000155073  -0.0000023724   0.0000037490
       -0.0000025345  -0.0000174561   0.0000066622  -0.0000041036  -0.0000110949
        0.0000080156  -0.0000028144  -0.0000018242  -0.0000130107   0.0000137738
       -0.0000043552  -0.0000036024   0.0000065142   0.0000113722   0.0000142177
       -0.0000128586  -0.0000014608   0.0000046420  -0.0000003583  -0.0000185116
       -0.0000115087   0.0000197208  -0.0000042208   0.0000129511  -0.0000094881
        0.0000116499  -0.0000091312   0.0000111941  -0.0000090385   0.0000010536
       -0.0000031179  -0.0000148737  -0.0000187239   0.0000091080   0.0000075687
        0.0000114957  -0.0000184853  -0.0000206519  -0.0000023674   0.0000044310
        0.0000129227   0.0000066652  -0.0000092322   0.0000205949  -0.0000108459
        0.0000028212   0.0000018401  -0.0000012270   0.0000040736  -0.0000043147
       -0.0000045128   0.0000066765   0.0000142703  -0.0000000927   0.0000025292
        0.0000086902  -0.0001114750  -0.0000114976   0.0000295209   0.0000001907
       -0.0000134988  -0.0000087558   0.0000296179  -0.0000489552   0.0000788559
        0.0000233804  -0.0000194403  -0.0000074369  -0.0000083296  -0.0000045317
       -0.0000071143   0.0000009023   0.0000002172  -0.0000035864   0.0000045978
       -0.0000067808   0.0000032294  -0.0000044022  -0.0000473704   0.0000662807
       -0.0001290249  -0.0004820583   0.0012668928   0.0025856611  -0.0034990036
        0.0064610313   0.0017400149  -0.0010484509   0.0007346177  -0.0825996288
        0.0879269776  -0.1663996585   0.0956160267  -0.1017636063   0.1871022036
       -0.0127970477   0.0111172330  -0.0197485870  -0.0050461364   0.0079959688
       -0.0094784974
       -0.0001256997   0.0001060309   0.0001307321   0.0000089634  -0.0001355193
       -0.0000938174  -0.0000540266  -0.0000307938  -0.0000239358  -0.0000095519
       -0.0000272078  -0.0000192843   0.0000135763   0.0000136968  -0.0000086293
        0.0000239383   0.0000015872  -0.0000217885  -0.0000059008   0.0000009279
       -0.0000192596   0.0000036294  -0.0000012115  -0.0000023461   0.0000174878
       -0.0000138611  -0.0000019689   0.0000014558  -0.0000025957  -0.0000173914
        0.0000029485  -0.0000057614  -0.0000102111   0.0000153914  -0.0000077280
       -0.0000137696   0.0000002364  -0.0000005857   0.0000307280   0.0000397382
        0.0000328367  -0.0000208376  -0.0000313864  -0.0000316959   0.0000114606
        0.0000360817   0.0000181115   0.0000210161  -0.0000368105   0.0000273734
        0.0000149554  -0.0000025956   0.0000034126   0.0000103473  -0.0000133688
       -0.0000026578  -0.0000002173  -0.0000050293   0.0000005178   0.0000029772
        0.0000115761  -0.0000038168   0.0000042712   0.0000005372  -0.0000178879
       -0.0000193738   0.0000048868  -0.0000085631  -0.0000045329  -0.0000029184
       -0.0000038390   0.0000019164   0.0000057940  -0.0000012294  -0.0000003687
        0.0000171223  -0.0000077999  -0.0000027033   0.0000015596  -0.0000080136
        0.0000041555   0.0000000931   0.0000146445   0.0000151697   0.0000140619
       -0.0000051351   0.0000002574   0.0000040958  -0.0000003751  -0.0000070514
        0.0000065233  -0.0000131134   0.0000021804   0.0000141448   0.0000021543
       -0.0000015813  -0.0000105171   0.0000036674   0.0000084020  -0.0000072494
        0.0000000895   0.0000067214  -0.0000178698   0.0000197722   0.0000017284
       -0.0000195282   0.0000040455   0.0000241842  -0.0000136746   0.0000071713
        0.0000091576   0.0000155326   0.0000026025   0.0000098627  -0.0000008303
       -0.0000041886   0.0000069465  -0.0000158131   0.0000073580   0.0000106336
        0.0000085054   0.0000032971   0.0000125609   0.0000076351   0.0000071509
        0.0000058780  -0.0000538171  -0.0001024247  -0.0000023694   0.0000185050
        0.0000143005   0.0000169790   0.0000278308   0.0000036831  -0.0000056127
        0.0000037168  -0.0000010710  -0.0000025740  -0.0000105603  -0.0000035103
       -0.0000014323  -0.0000130194   0.0000100225   0.0000057156   0.0000033954
       -0.0000014402   0.0000020000  -0.0001166235  -0.0000083640  -0.0000421967
       -0.0053381745  -0.0003687165   0.0032302620   0.0073752610   0.0153063701
        0.0168210843  -0.0005972260  -0.0010776096  -0.0000036342  -0.0546664109
       -0.0329560636  -0.0470933704  -0.0042882222  -0.0088495510  -0.0127970477
        0.0631509435   0.0428006989   0.0540118982  -0.0053983434  -0.0147091921
       -0.0141968761
        0.0004199102  -0.0002623770  -0.0005012307  -0.0000714903   0.0000592605
        0.0000054634   0.0000090528   0.0000617223   0.0000532927   0.0000061664
        0.0000090522  -0.0000186442   0.0000132756  -0.0000155693   0.0000145381
       -0.0000473768   0.0000396518   0.0000287511   0.0000335193   0.0000105138
       -0.0000094546  -0.0000054372  -0.0000111833  -0.0000197150   0.0000180389
        0.0000251278   0.0000057966  -0.0000021020   0.0000211226   0.0000162399
        0.0000072147  -0.0000012929  -0.0000093005  -0.0000016167   0.0000105737
       -0.0000064012  -0.0001087436   0.0000208122   0.0000167397  -0.0001603397
        0.0001108956   0.0000435827  -0.0000856519  -0.0000438915   0.0000726421
        0.0000286856   0.0000357335  -0.0000197187  -0.0000372336  -0.0000213191
       -0.0000073408  -0.0000004869   0.0000022023   0.0000034248  -0.0000139485
       -0.0000134991   0.0000129608   0.0000011838   0.0000032682   0.0000050375
        0.0000143894   0.0000059906  -0.0000038067   0.0000049110   0.0000091642
        0.0000051189   0.0000030137  -0.0000034746   0.0000074283  -0.0000085414
       -0.0000060603   0.0000097206  -0.0000030000  -0.0000028400   0.0000064770
        0.0000045527   0.0000001217  -0.0000024170   0.0000086737  -0.0000180461
       -0.0000141904  -0.0000027462   0.0000104696   0.0000018553  -0.0000021183
        0.0000104404  -0.0000039924  -0.0000188841  -0.0000067018   0.0000116611
        0.0000030251  -0.0000083130  -0.0000162371   0.0000014590   0.0000178093
       -0.0000042335  -0.0000041447  -0.0000065798   0.0000150539  -0.0000084559
       -0.0000071294   0.0000111291   0.0000140394  -0.0000267149   0.0000046773
       -0.0000061215   0.0000004385  -0.0000019736  -0.0000028771   0.0000052258
        0.0000097846  -0.0000002402   0.0000090612  -0.0000042052   0.0000103034
       -0.0000189982  -0.0000099105  -0.0000069865  -0.0000030578   0.0000125319
        0.0000067201   0.0000020399   0.0000004110   0.0000000908   0.0000090450
        0.0000058276  -0.0000236604  -0.0000425281   0.0001020558   0.0000175641
        0.0000228091  -0.0001337489   0.0000260179   0.0000370403   0.0000482276
        0.0000056272  -0.0000012915   0.0000132904  -0.0000090362  -0.0000218111
       -0.0000065671  -0.0000066186  -0.0000041677  -0.0000018453  -0.0000054150
        0.0000094816  -0.0000093895  -0.0000216943   0.0000496228   0.0002268404
        0.0022786302   0.0000511706  -0.0007138079  -0.0035081495  -0.0080256427
       -0.0121533671   0.0011467990   0.0005120794   0.0015747299  -0.0364139309
       -0.1278248353  -0.1066765787   0.0038032773   0.0092193945   0.0111172330
        0.0428006989   0.1443025164   0.1248980307  -0.0100997924  -0.0182965327
       -0.0180124769
        0.0004375801  -0.0004664561  -0.0001028663  -0.0000595847   0.0000462565
        0.0000491804   0.0000170966   0.0000351999  -0.0000184501  -0.0000251512
        0.0000464908   0.0000443621   0.0000206811  -0.0000210026  -0.0000106912
       -0.0000391641  -0.0000006073  -0.0000181265   0.0000340957   0.0000038532
        0.0000079112  -0.0000294225   0.0000123624   0.0000259025   0.0000133672
       -0.0000047129   0.0000047937   0.0000056134  -0.0000037094   0.0000196113
       -0.0000036876   0.0000134372   0.0000121050   0.0000046550   0.0000047248
        0.0000095584   0.0000879990  -0.0000899633  -0.0000441507  -0.0002465131
        0.0001697907   0.0000518471  -0.0000643220  -0.0000149581  -0.0000384957
        0.0000365129  -0.0000566622   0.0000375936  -0.0000334879   0.0000279132
       -0.0000148502  -0.0000179930   0.0000256183   0.0000065575  -0.0000127916
        0.0000218198  -0.0000195779  -0.0000083301   0.0000181478   0.0000077325
        0.0000040155  -0.0000018240   0.0000281708   0.0000106689  -0.0000164054
        0.0000179823   0.0000070260  -0.0000098302  -0.0000031589   0.0000040859
       -0.0000027407  -0.0000192809   0.0000022568  -0.0000068348  -0.0000175774
        0.0000007543  -0.0000007321   0.0000027354  -0.0000111284   0.0000090744
       -0.0000044413  -0.0000014631   0.0000080323   0.0000108825   0.0000052905
       -0.0000086423   0.0000014728  -0.0000065068  -0.0000067674  -0.0000267252
       -0.0000144216   0.0000144277  -0.0000067319   0.0000042286  -0.0000066877
        0.0000145301  -0.0000102841   0.0000156092  -0.0000082330   0.0000003673
        0.0000003705  -0.0000257355  -0.0000109437   0.0000184306   0.0000175191
        0.0000242838  -0.0000152549  -0.0000361750  -0.0000088956   0.0000102399
        0.0000099591   0.0000006921  -0.0000051703   0.0000154816  -0.0000076159
        0.0000073879   0.0000069411  -0.0000046001   0.0000088601  -0.0000042584
       -0.0000073708   0.0000107544   0.0000152143  -0.0000011248   0.0000039444
        0.0000049421   0.0000212279   0.0001461655  -0.0001001719  -0.0000537722
        0.0000748190   0.0000359756   0.0000565761  -0.0000452199   0.0000446597
        0.0000150942  -0.0000217767  -0.0000078543  -0.0000097583   0.0000062079
       -0.0000084228   0.0000007028   0.0000073888   0.0000015104   0.0000033787
       -0.0000081465   0.0000020468   0.0000412868   0.0000465254   0.0000163754
        0.0036239646  -0.0000040506  -0.0007081701   0.0009765695  -0.0105811328
       -0.0126461626  -0.0009479943   0.0015912332   0.0002484760  -0.0511817867
       -0.1079679440  -0.1759999787  -0.0083327938  -0.0130450388  -0.0197485870
        0.0540118982   0.1248980307   0.2012323835   0.0016789385   0.0051091545
        0.0076344595
       -0.0007059127  -0.0000130276   0.0006211343   0.0000438750   0.0000802660
        0.0001637124  -0.0001147739   0.0000770912   0.0000335948   0.0000001190
        0.0000105170  -0.0000062504  -0.0000113872  -0.0000256100  -0.0000062346
        0.0000559050  -0.0000622776  -0.0000594796   0.0000654748   0.0000522405
        0.0000054499  -0.0000055782   0.0000581631  -0.0000316436   0.0000414418
        0.0000274192   0.0000159537  -0.0000017671   0.0000054580  -0.0000120874
        0.0000073482   0.0000168919  -0.0000111940   0.0000093007   0.0000138626
       -0.0000147307   0.0000879289   0.0000035520  -0.0000384523   0.0001910387
       -0.0001895439  -0.0000569460   0.0000766221   0.0000388578  -0.0000935211
        0.0000494393  -0.0000220871  -0.0000033775   0.0000014038  -0.0000006523
        0.0000252256   0.0000037224  -0.0000048834   0.0000052852  -0.0000096507
       -0.0000020340  -0.0000043016   0.0000052696  -0.0000020634   0.0000026174
        0.0000160565  -0.0000090945   0.0000054851   0.0000125928  -0.0000030819
        0.0000086671   0.0000035105  -0.0000005194  -0.0000022341   0.0000050911
       -0.0000089312  -0.0000005686   0.0000042471  -0.0000047957  -0.0000082559
        0.0000090569  -0.0000066706  -0.0000014717  -0.0000082462  -0.0000081443
        0.0000008639   0.0000002088   0.0000000974   0.0000064243   0.0000058610
       -0.0000068840   0.0000016564  -0.0000027993  -0.0000059607  -0.0000090410
       -0.0000060518  -0.0000047228   0.0000002380   0.0000060100   0.0000046787
        0.0000034586   0.0000035154  -0.0000064756   0.0000015009   0.0000029390
       -0.0000005800  -0.0000075575  -0.0000057406  -0.0000084036   0.0000075376
        0.0000140277  -0.0000016507  -0.0000077394   0.0000093253   0.0000007285
        0.0000038565   0.0000094725  -0.0000033690   0.0000056131  -0.0000041428
       -0.0000088531   0.0000010713  -0.0000005988  -0.0000054900   0.0000075938
        0.0000037583  -0.0000039769   0.0000050500   0.0000107354  -0.0000043053
        0.0000027140   0.0000898135   0.0000696544  -0.0001106896  -0.0000665455
        0.0000377694   0.0000884879   0.0000469952  -0.0000124739  -0.0000644552
       -0.0000086367  -0.0000019125  -0.0000087085  -0.0000084495   0.0000054719
       -0.0000114672  -0.0000105958   0.0000024189   0.0000072633  -0.0000003137
       -0.0000058012   0.0000024738   0.0002083008   0.0001562726  -0.0002717560
       -0.0024094699   0.0037511244   0.0031962128  -0.0170615263  -0.0192376313
        0.0111451963   0.0008872951   0.0017990948  -0.0006626543  -0.1216779998
       -0.1016708388   0.0475394629   0.0085191011   0.0098528653  -0.0050461364
       -0.0053983434  -0.0100997924   0.0016789385   0.1370117265   0.1153880429
       -0.0580417852
       -0.0002010897  -0.0000349102  -0.0000149340   0.0000566371  -0.0000345969
       -0.0001008688  -0.0000241806  -0.0000172378   0.0000060962   0.0000163496
       -0.0000005796  -0.0000076249   0.0000044376   0.0000123527   0.0000120120
       -0.0000306923   0.0000014314   0.0000387473  -0.0000319178  -0.0000148612
       -0.0000233547   0.0000332404  -0.0000054327   0.0000036324  -0.0000019583
        0.0000005212  -0.0000103056  -0.0000056424   0.0000023710   0.0000092673
        0.0000079311  -0.0000133668  -0.0000067904   0.0000078805  -0.0000023637
        0.0000003109  -0.0000437411   0.0000209606   0.0000146197   0.0001505369
       -0.0000425053  -0.0000133487   0.0000026573  -0.0000244087   0.0000194675
        0.0000419475   0.0000151821  -0.0000266418  -0.0000229475   0.0000096788
        0.0000151782   0.0000000135   0.0000038924   0.0000017031  -0.0000127974
       -0.0000080118   0.0000060449   0.0000031393   0.0000008726  -0.0000044320
        0.0000202497   0.0000033022  -0.0000071847   0.0000080859   0.0000023608
        0.0000050731   0.0000045351  -0.0000014145  -0.0000012126  -0.0000052403
       -0.0000057336   0.0000039130  -0.0000060775  -0.0000025759   0.0000021212
        0.0000075845   0.0000008355  -0.0000032477   0.0000135183  -0.0000153487
       -0.0000094526  -0.0000035335   0.0000153944  -0.0000028428   0.0000073427
        0.0000108792  -0.0000031198  -0.0000177311  -0.0000039697   0.0000099276
        0.0000136166  -0.0000115170  -0.0000075548   0.0000068808   0.0000186682
       -0.0000031846  -0.0000070750  -0.0000062357   0.0000057725  -0.0000131688
       -0.0000037660   0.0000054150  -0.0000002364  -0.0000106718   0.0000004353
       -0.0000141813  -0.0000095876   0.0000058795   0.0000015489   0.0000035117
        0.0000049005   0.0000089921   0.0000151724  -0.0000039810   0.0000149280
       -0.0000111521  -0.0000074086  -0.0000093090  -0.0000024017   0.0000037222
        0.0000056346   0.0000106534  -0.0000049755  -0.0000010603   0.0000101126
        0.0000024245  -0.0000650202  -0.0000265129   0.0000256537   0.0001034080
       -0.0000954781  -0.0000352617   0.0000141275   0.0000445383   0.0000002376
       -0.0000078250   0.0000041259  -0.0000064874   0.0000071074  -0.0000125915
       -0.0000038416  -0.0000135618   0.0000014114  -0.0000028276   0.0000070123
        0.0000080935  -0.0000067741  -0.0000262746   0.0000856317   0.0000236864
        0.0011253746  -0.0012291641  -0.0024566200   0.0044241999   0.0085111401
       -0.0010207376   0.0001324529  -0.0000375918  -0.0007230449  -0.0971427164
       -0.1644187494   0.0642088075  -0.0092222430  -0.0140370251   0.0079959688
       -0.0147091921  -0.0182965327   0.0051091545   0.1153880429   0.1896232007
       -0.0730221119
        0.0004009769  -0.0000851278  -0.0000539649  -0.0000078992  -0.0000640386
       -0.0000722486   0.0000648861  -0.0000139237  -0.0000438458  -0.0000192044
        0.0000056672   0.0000537306   0.0000036518   0.0000225435  -0.0000357469
       -0.0000181292   0.0000349174   0.0000219943  -0.0000418167  -0.0000314913
       -0.0000190355  -0.0000173159   0.0000041606   0.0000262398  -0.0000238541
       -0.0000193120  -0.0000283254   0.0000182988   0.0000090890  -0.0000064292
       -0.0000076883  -0.0000001724  -0.0000057045   0.0000077078  -0.0000018717
       -0.0000175283   0.0001040685  -0.0000547385  -0.0000004688  -0.0001183675
        0.0001151627   0.0000117118  -0.0000399456  -0.0000395105  -0.0000058305
        0.0000367679  -0.0000223411   0.0000218576  -0.0000335338   0.0000492246
        0.0000304336  -0.0000232347   0.0000249921   0.0000110034  -0.0000168642
        0.0000153411  -0.0000170937  -0.0000173531   0.0000174138   0.0000003860
       -0.0000040029   0.0000009693   0.0000225887   0.0000012579  -0.0000216973
       -0.0000003199   0.0000068931  -0.0000197901  -0.0000090888   0.0000057473
        0.0000035613  -0.0000076878   0.0000088789   0.0000070082  -0.0000075632
        0.0000084996   0.0000058189  -0.0000029308  -0.0000098904   0.0000023362
       -0.0000106003  -0.0000079703   0.0000066375   0.0000126636   0.0000138710
       -0.0000024138  -0.0000074040   0.0000089989   0.0000125249  -0.0000223226
       -0.0000059583   0.0000054717  -0.0000094764   0.0000116119   0.0000028099
        0.0000073963  -0.0000156811   0.0000057483   0.0000047005   0.0000024722
        0.0000024826  -0.0000022618  -0.0000236715   0.0000069066   0.0000224261
        0.0000131337  -0.0000059326  -0.0000052315  -0.0000160897  -0.0000054996
        0.0000208070   0.0000082263  -0.0000090080   0.0000188119  -0.0000087823
       -0.0000039912   0.0000073144  -0.0000122044  -0.0000036944   0.0000017507
       -0.0000034150   0.0000069627   0.0000175267  -0.0000015167   0.0000076036
        0.0000155733  -0.0000493420   0.0000508327  -0.0001090335  -0.0000007457
       -0.0000178012   0.0000529048   0.0000267483  -0.0000175351   0.0000065284
        0.0000057166  -0.0000113727  -0.0000303101  -0.0000138345  -0.0000041347
       -0.0000167766  -0.0000117627  -0.0000060971  -0.0000052964   0.0000030189
       -0.0000139141  -0.0000135463  -0.0000844679  -0.0000919843   0.0000640012
        0.0016119982  -0.0027651778  -0.0018029091   0.0116588201   0.0073210379
       -0.0057261093  -0.0017137224   0.0005651809  -0.0005394798   0.0484881363
        0.0674745006  -0.0709349486   0.0120865387   0.0185802545  -0.0094784974
       -0.0141968761  -0.0180124769   0.0076344595  -0.0580417852  -0.0730221119
        0.0809612061
