index,recovered,binary,weighted,r_to_p,p_to_r,uncut,cut_only,completed_calls,candidate_outputs,mapping_errors,invalid_predictions,fully_swept_valid
0,True,True,False,True,False,False,True,276,282,0,0,True
1,True,True,True,True,True,True,True,140,149,0,0,True
2,True,True,True,True,True,True,True,214,430,0,0,True
3,True,True,True,True,True,True,True,166,168,0,0,True
4,True,True,True,True,True,True,True,130,153,0,0,True
5,False,False,False,False,False,False,False,112,128,0,0,True
6,True,True,True,True,True,True,True,68,78,0,0,True
7,False,False,False,False,False,False,False,316,519,0,0,True
8,True,True,False,True,True,False,True,132,210,0,0,True
9,True,True,False,True,True,False,True,134,145,0,0,True
10,True,True,True,True,True,True,True,320,793,0,0,True
11,True,True,True,True,True,True,True,112,124,0,0,True
12,True,True,True,True,True,True,True,300,739,0,0,True
13,True,True,True,True,True,True,True,198,227,0,0,True
14,True,True,True,True,True,True,True,124,242,0,0,True
15,True,True,True,True,True,True,True,124,218,0,0,True
16,True,True,False,True,True,True,True,166,1154,0,0,True
17,True,True,False,True,False,False,True,248,634,0,0,True
18,True,True,True,True,True,True,True,92,219,0,0,True
19,False,False,False,False,False,False,False,204,269,0,0,True
20,True,True,True,True,True,False,True,148,199,0,0,True
21,True,True,True,True,False,False,True,106,244,0,0,True
22,True,True,False,True,True,True,True,280,707,0,0,True
23,True,True,True,True,True,True,True,88,206,0,0,True
24,True,True,True,True,True,True,True,240,589,0,0,True
25,True,True,True,True,True,True,True,230,308,0,0,True
26,True,True,True,True,True,True,True,244,599,0,0,True
27,True,True,True,True,True,True,True,136,472,0,0,True
28,True,True,True,True,True,True,True,108,170,0,0,True
29,True,True,True,True,True,True,True,266,382,0,0,True
30,True,True,True,True,True,False,True,102,192,0,0,True
31,True,True,True,True,True,True,True,168,409,0,0,True
32,True,True,True,True,True,True,True,252,376,0,0,True
33,False,False,False,False,False,False,False,148,358,0,0,True
34,True,True,True,True,True,True,True,120,255,0,0,True
35,True,True,True,True,True,True,True,256,629,0,0,True
36,True,True,True,True,True,True,True,162,292,0,0,True
37,True,True,True,True,True,True,True,192,469,0,0,True
38,True,True,True,True,True,True,True,90,96,0,0,True
39,False,False,False,False,False,False,False,248,477,0,0,True
40,True,True,True,True,True,True,True,176,203,0,0,True
41,True,True,True,True,True,True,True,280,557,0,0,True
42,True,True,True,True,True,True,True,184,434,0,0,True
43,True,True,True,True,True,True,True,92,153,0,0,True
44,True,True,True,True,True,True,True,196,208,0,0,True
45,True,True,True,True,True,True,True,118,371,0,0,True
46,True,True,True,True,True,True,True,144,171,0,0,True
47,True,True,True,True,True,True,True,86,88,0,0,True
48,True,True,False,True,False,False,True,232,429,0,0,True
49,True,True,True,True,True,True,True,124,277,0,0,True
50,True,True,False,True,True,True,True,68,156,0,0,True
51,True,True,True,True,True,True,True,84,151,0,0,True
52,True,True,True,True,True,True,True,224,224,0,0,True
53,True,True,True,True,True,True,True,144,349,0,0,True
54,True,True,True,True,True,True,True,220,220,0,0,True
55,True,True,True,True,True,True,True,232,238,0,0,True
56,True,True,True,True,True,True,True,286,286,0,0,True
57,True,True,True,True,True,True,True,96,98,0,0,True
58,True,True,True,True,True,True,True,180,180,0,0,True
59,True,True,True,True,True,True,True,156,156,0,0,True
60,True,True,True,True,True,True,True,104,108,0,0,True
61,True,True,True,True,True,True,True,360,909,0,0,True
62,True,True,True,True,True,True,True,200,200,0,0,True
63,True,True,True,True,True,True,True,144,144,0,0,True
64,True,True,True,True,True,True,True,102,108,0,0,True
65,True,True,True,True,True,True,True,200,200,0,0,True
66,True,True,True,True,True,False,True,230,237,0,0,True
67,True,True,True,True,True,True,True,234,241,0,0,True
68,True,True,True,True,True,True,True,192,192,0,0,True
69,True,True,True,True,True,True,True,280,689,0,0,True
70,True,True,True,True,True,True,True,142,146,0,0,True
71,True,True,True,True,True,True,True,240,609,0,0,True
72,True,True,True,True,True,True,True,184,188,0,0,True
73,True,True,True,True,True,True,True,112,112,0,0,True
74,True,True,True,True,True,True,True,376,376,0,0,True
75,True,True,True,True,True,True,True,112,112,0,0,True
76,True,True,True,True,True,True,True,200,202,0,0,True
77,True,True,True,True,True,True,True,142,150,0,0,True
78,True,True,True,True,True,True,True,240,240,0,0,True
79,True,True,True,True,True,True,True,126,128,0,0,True
80,True,True,True,True,True,True,True,178,182,0,0,True
81,True,True,True,True,True,True,True,236,244,0,0,True
82,True,True,True,True,True,True,True,92,92,0,0,True
83,True,True,True,True,True,True,True,264,649,0,0,True
84,True,True,True,True,True,True,True,256,628,0,0,True
85,True,True,True,True,True,True,True,260,260,0,0,True
86,True,True,True,True,True,True,True,138,142,0,0,True
87,True,True,True,True,True,True,True,144,349,0,0,True
88,True,True,True,True,True,True,True,216,216,0,0,True
89,True,True,True,True,True,True,True,130,130,0,0,True
90,True,True,True,True,True,True,True,176,341,0,0,True
91,True,True,True,True,True,True,True,300,310,0,0,True
92,True,True,True,True,True,True,True,156,162,0,0,True
93,True,True,True,True,True,True,True,100,108,0,0,True
94,True,True,True,True,True,True,True,102,106,0,0,True
95,True,True,True,True,True,True,True,256,258,0,0,True
96,True,True,True,True,True,True,True,152,154,0,0,True
97,True,True,True,True,True,True,True,220,228,0,0,True
98,True,True,True,True,True,True,True,84,92,0,0,True
99,True,True,True,True,True,True,True,118,177,0,0,True
100,True,True,True,True,True,True,True,228,228,0,0,True
101,True,True,True,True,True,True,True,136,143,0,0,True
102,True,True,True,True,True,True,True,268,280,0,0,True
103,True,True,True,True,True,True,True,236,242,0,0,True
104,True,True,True,True,True,True,True,178,184,0,0,True
105,True,True,True,True,True,True,True,102,106,0,0,True
106,True,True,True,True,True,True,True,332,332,0,0,True
107,True,True,True,True,True,True,True,328,328,0,0,True
108,True,True,True,True,True,True,True,352,359,0,0,True
109,True,True,True,True,True,True,True,192,384,0,0,True
110,True,True,True,True,True,True,True,280,282,0,0,True
111,True,True,True,True,True,True,True,312,322,0,0,True
112,True,True,True,True,True,True,True,204,206,0,0,True
113,True,True,True,True,True,True,True,284,294,0,0,True
114,True,True,True,True,True,True,True,142,159,0,0,True
115,True,True,True,True,True,True,True,170,273,0,0,True
116,True,True,True,True,True,True,True,256,262,0,0,True
117,True,True,True,True,True,True,True,140,148,0,0,True
118,True,True,True,True,True,True,True,344,849,0,0,True
119,True,True,True,True,True,True,True,180,449,0,0,True
120,True,True,True,True,True,True,True,328,330,0,0,True
121,True,True,True,True,True,True,True,352,358,0,0,True
122,True,True,True,True,True,True,True,168,172,0,0,True
123,True,True,True,True,True,True,True,272,678,0,0,True
124,True,True,True,True,True,True,True,152,243,0,0,True
125,True,True,True,True,True,True,True,256,258,0,0,True
126,True,True,True,True,True,True,True,204,210,0,0,True
127,True,True,True,True,True,True,True,248,250,0,0,True
128,True,True,True,True,True,True,True,412,414,0,0,True
129,True,True,True,True,True,True,True,148,150,0,0,True
130,True,True,True,True,True,True,True,276,311,0,0,True
131,True,True,True,True,True,True,True,332,338,0,0,True
132,True,True,True,True,True,True,True,142,163,0,0,True
133,True,True,True,True,True,True,True,88,218,0,0,True
134,True,True,True,True,True,True,True,210,236,0,0,True
135,True,True,True,True,True,True,True,392,395,0,0,True
136,True,True,True,True,True,True,True,98,118,0,0,True
137,True,True,True,True,True,True,True,228,231,0,0,True
138,True,True,True,True,True,True,True,280,283,0,0,True
139,True,True,True,True,True,True,True,120,289,0,0,True
140,True,True,True,True,True,True,True,102,166,0,0,True
141,True,True,True,True,True,True,True,216,221,0,0,True
142,True,True,True,True,True,True,True,116,119,0,0,True
143,True,True,True,True,True,True,True,416,423,0,0,True
144,True,True,True,True,True,True,True,88,92,0,0,True
145,True,True,True,True,True,True,True,176,179,0,0,True
146,True,True,True,True,True,True,True,204,499,0,0,True
147,True,True,True,True,True,True,True,204,207,0,0,True
148,True,True,True,True,True,True,True,108,240,0,0,True
149,True,True,True,True,True,True,True,348,376,0,0,True
150,True,True,True,True,True,True,True,308,326,0,0,True
151,True,True,True,True,True,True,True,208,616,0,0,True
152,True,True,True,True,True,True,True,320,323,0,0,True
153,True,True,True,True,True,True,True,296,729,0,0,True
154,True,True,True,True,True,True,True,288,303,0,0,True
155,True,True,True,True,True,True,True,184,448,0,0,True
156,True,True,True,True,True,True,True,208,357,0,0,True
157,True,True,True,True,True,True,True,340,351,0,0,True
158,True,True,True,True,True,True,True,200,203,0,0,True
159,True,True,True,True,True,True,True,212,271,0,0,True
160,True,True,True,True,True,True,True,144,156,0,0,True
161,True,True,True,True,True,True,True,132,202,0,0,True
162,True,True,True,True,True,True,True,208,509,0,0,True
163,True,True,True,True,True,True,True,152,166,0,0,True
164,True,True,True,True,True,True,True,424,1046,0,0,True
165,True,True,True,True,True,True,True,120,124,0,0,True
166,True,True,True,True,True,True,True,164,164,0,0,True
167,True,True,True,True,True,True,True,212,445,0,0,True
168,True,True,True,True,True,True,True,132,185,0,0,True
169,True,True,True,True,True,False,True,204,338,0,0,True
170,True,True,True,True,True,True,True,186,194,0,0,True
171,True,True,True,True,True,True,True,168,276,0,0,True
172,True,True,True,True,True,True,True,192,198,0,0,True
173,True,True,True,True,True,True,True,132,152,0,0,True
174,True,True,True,True,True,True,True,196,318,0,0,True
175,True,True,True,True,True,True,True,136,195,0,0,True
176,True,True,True,True,True,True,True,128,225,0,0,True
177,True,True,True,True,True,True,True,144,205,0,0,True
178,True,True,True,True,True,True,True,216,438,0,0,True
179,True,True,True,True,True,True,True,236,238,0,0,True
180,True,True,True,True,True,True,True,140,142,0,0,True
181,False,False,False,False,False,False,False,196,718,0,0,True
182,True,True,True,True,True,False,True,244,308,0,0,True
183,True,True,True,True,True,True,True,152,156,0,0,True
184,False,False,False,False,False,False,False,102,104,0,0,True
185,True,True,True,True,True,True,True,114,114,0,0,True
186,True,True,True,True,True,True,True,172,890,0,0,True
187,True,True,True,True,True,True,True,112,226,0,0,True
188,True,True,True,True,True,True,True,64,72,0,0,True
189,True,True,True,True,True,True,True,116,116,0,0,True
190,True,True,True,True,True,True,True,96,96,0,0,True
191,True,True,True,True,True,True,True,134,134,0,0,True
192,True,True,True,True,True,True,True,128,128,0,0,True
193,True,True,True,True,True,True,True,140,140,0,0,True
194,True,True,True,True,True,True,True,246,443,0,0,True
195,True,True,True,True,True,True,True,300,300,0,0,True
196,True,True,True,True,True,True,True,248,248,0,0,True
197,True,False,True,True,False,False,True,154,323,0,0,True
198,True,True,True,True,True,True,True,288,292,0,0,True
199,True,True,True,True,True,True,True,260,271,0,0,True
200,True,True,True,True,True,True,True,140,172,0,0,True
201,True,True,True,True,True,True,True,204,307,0,0,True
202,True,True,True,True,True,True,True,132,502,0,0,True
203,True,True,True,True,True,True,True,76,76,0,0,True
204,True,True,True,True,True,True,True,228,236,0,0,True
205,True,True,True,True,True,True,True,272,276,0,0,True
206,True,True,True,True,True,True,True,94,94,0,0,True
207,True,True,True,True,True,True,True,260,265,0,0,True
208,True,True,True,True,True,True,True,236,282,0,0,True
209,True,True,True,True,True,True,True,276,281,0,0,True
210,True,True,True,True,True,True,True,94,94,0,0,True
211,True,True,True,True,True,True,True,56,62,0,0,True
212,True,True,True,True,True,True,True,164,195,0,0,True
213,True,True,True,True,True,True,True,168,208,0,0,True
214,True,True,True,True,True,True,True,320,322,0,0,True
215,True,True,True,True,True,True,True,172,188,0,0,True
216,True,True,True,True,True,True,True,292,297,0,0,True
217,True,True,True,True,True,True,True,132,136,0,0,True
218,True,True,True,True,True,True,True,84,97,0,0,True
219,True,True,True,True,True,True,True,248,251,0,0,True
220,True,True,True,True,True,True,True,236,252,0,0,True
221,True,True,True,True,True,True,True,140,146,0,0,True
222,True,True,True,True,True,True,True,126,126,0,0,True
223,True,True,True,True,True,True,True,132,154,0,0,True
224,True,True,True,True,True,True,True,100,115,0,0,True
225,True,True,True,True,True,True,True,72,72,0,0,True
226,True,True,True,True,True,True,True,80,87,0,0,True
227,True,True,True,True,True,True,True,60,68,0,0,True
228,True,True,True,True,True,True,True,158,181,0,0,True
229,True,True,True,True,True,True,True,190,222,0,0,True
230,True,True,True,True,True,True,True,260,265,0,0,True
231,True,True,True,True,True,True,True,210,243,0,0,True
232,True,True,True,True,True,True,True,92,124,0,0,True
233,True,True,True,True,True,True,True,124,210,0,0,True
234,True,True,True,True,True,True,True,78,94,0,0,True
235,True,True,True,True,True,True,True,92,120,0,0,True
236,True,True,True,True,True,True,True,80,210,0,0,True
237,True,True,True,True,True,True,True,222,269,0,0,True
238,True,True,True,True,True,True,True,132,146,0,0,True
239,True,True,True,True,True,True,True,274,313,0,0,True
240,True,True,True,True,True,True,True,100,102,0,0,True
241,True,True,True,True,True,True,True,140,140,0,0,True
242,True,True,True,True,True,True,True,142,149,0,0,True
243,True,True,True,True,True,True,True,120,126,0,0,True
244,True,True,True,True,True,True,True,170,212,0,0,True
245,True,True,True,True,True,True,True,154,167,0,0,True
246,True,True,True,True,True,False,True,240,260,0,0,True
247,True,True,True,True,True,False,True,126,149,0,0,True
248,True,True,True,True,True,True,True,220,234,0,0,True
249,True,True,True,True,True,True,True,184,220,0,0,True
250,True,True,True,True,True,True,True,104,107,0,0,True
251,True,True,True,True,True,True,True,152,156,0,0,True
252,True,True,True,True,True,True,True,74,88,0,0,True
253,True,True,True,True,True,True,True,160,243,0,0,True
254,True,True,True,True,True,True,True,72,169,0,0,True
255,True,True,True,True,True,True,True,88,88,0,0,True
256,True,True,True,True,True,True,True,168,200,0,0,True
257,True,True,True,True,True,True,True,266,317,0,0,True
258,True,True,True,True,True,True,True,148,148,0,0,True
259,True,True,True,True,True,True,True,112,144,0,0,True
260,True,True,True,True,True,True,True,160,170,0,0,True
261,True,True,True,True,True,True,True,182,187,0,0,True
262,True,True,True,True,True,True,True,172,172,0,0,True
263,True,True,True,True,True,True,True,108,163,0,0,True
264,True,True,True,True,True,True,True,168,172,0,0,True
265,True,True,True,True,True,True,True,120,124,0,0,True
266,True,True,True,True,True,True,True,148,148,0,0,True
267,True,True,True,True,True,True,True,50,50,0,0,True
268,False,False,False,False,False,False,False,152,180,0,0,True
269,True,True,True,True,True,True,True,108,210,0,0,True
270,True,True,True,True,True,True,True,180,282,0,0,True
271,True,True,True,True,True,True,True,54,78,0,0,True
272,True,True,True,True,True,True,True,104,110,0,0,True
273,True,True,True,True,True,True,True,136,136,0,0,True
274,True,True,True,True,True,True,True,124,183,0,0,True
275,True,True,True,True,True,True,True,208,213,0,0,True
276,True,True,True,False,True,False,True,136,428,0,0,True
277,True,True,True,True,True,True,True,176,269,0,0,True
278,True,True,True,True,True,True,True,134,154,0,0,True
279,True,True,True,True,True,True,True,204,300,0,0,True
280,True,True,True,True,True,True,True,126,128,0,0,True
281,True,True,True,True,True,True,True,124,184,0,0,True
282,True,True,True,True,True,True,True,144,154,0,0,True
283,True,True,True,True,True,True,True,152,164,0,0,True
284,True,True,True,True,True,True,True,248,263,0,0,True
285,True,True,True,True,True,True,True,166,483,0,0,True
286,True,True,True,True,True,True,True,204,208,0,0,True
287,True,True,True,True,True,True,True,164,208,0,0,True
288,True,True,True,True,True,True,True,144,148,0,0,True
289,True,True,True,True,True,True,True,352,396,0,0,True
290,True,True,True,True,True,True,True,260,260,0,0,True
291,True,True,True,True,True,True,True,72,96,0,0,True
292,True,True,True,True,True,True,True,110,110,0,0,True
293,True,True,True,True,True,True,True,92,211,0,0,True
294,True,True,True,True,True,True,True,98,102,0,0,True
295,True,True,True,True,True,True,True,190,553,0,0,True
296,True,True,True,True,True,True,True,166,481,0,0,True
297,True,True,True,True,True,True,True,170,504,0,0,True
298,True,True,True,True,True,True,True,140,156,0,0,True
299,True,True,True,True,True,True,True,96,162,0,0,True
300,True,True,True,True,True,True,True,144,289,0,0,True
301,True,True,True,True,True,True,True,300,304,0,0,True
302,True,True,True,True,True,True,True,196,196,0,0,True
303,True,True,True,True,True,True,True,46,99,0,0,True
304,True,True,True,True,True,True,True,144,162,0,0,True
305,True,True,True,True,True,True,True,118,122,0,0,True
306,True,True,True,True,True,True,True,138,144,0,0,True
307,True,True,True,True,True,True,True,348,348,0,0,True
308,True,True,True,True,True,True,True,280,286,0,0,True
309,True,True,True,True,True,True,True,190,190,0,0,True
310,True,True,True,True,True,True,True,98,98,0,0,True
311,True,True,True,True,True,True,True,110,163,0,0,True
312,True,True,True,True,True,True,True,172,180,0,0,True
313,True,True,True,True,True,True,True,140,169,0,0,True
314,True,True,True,True,True,True,True,112,127,0,0,True
315,True,True,True,True,True,True,True,196,212,0,0,True
316,True,True,True,True,True,True,True,118,139,0,0,True
317,True,True,True,True,True,True,True,160,163,0,0,True
318,True,True,True,True,True,True,True,228,231,0,0,True
319,True,True,True,True,True,True,True,128,222,0,0,True
320,True,True,True,True,True,True,True,152,164,0,0,True
321,True,True,True,True,True,True,True,80,104,0,0,True
322,True,True,True,True,True,True,True,132,136,0,0,True
323,True,True,True,True,True,True,True,80,80,0,0,True
324,True,True,True,True,True,True,True,104,104,0,0,True
325,True,True,True,True,True,True,True,188,200,0,0,True
326,True,True,True,True,True,True,True,144,144,0,0,True
327,True,True,True,True,True,True,True,212,299,0,0,True
328,True,True,True,True,True,True,True,128,129,0,0,True
329,True,True,True,True,True,True,True,144,156,0,0,True
330,True,True,True,True,True,True,True,96,180,0,0,True
331,True,True,True,True,True,True,True,174,174,0,0,True
332,True,True,True,True,True,True,True,68,68,0,0,True
333,True,True,True,True,True,True,True,74,74,0,0,True
334,True,True,True,True,True,True,True,120,127,0,0,True
335,True,True,True,True,True,True,True,120,198,0,0,True
336,True,True,True,True,True,True,True,64,86,0,0,True
337,True,True,True,True,True,True,True,158,178,0,0,True
338,True,True,True,True,True,True,True,100,100,0,0,True
339,True,True,True,True,True,True,True,96,98,0,0,True
340,True,True,True,True,True,True,True,122,213,0,0,True
341,True,True,True,True,True,True,True,84,90,0,0,True
342,True,True,True,True,True,True,True,148,152,0,0,True
343,True,True,True,True,True,True,True,152,502,0,0,True
344,True,True,True,True,True,True,True,246,276,0,0,True
345,True,True,True,True,True,True,True,172,172,0,0,True
346,True,True,True,True,True,True,True,132,249,0,0,True
347,True,True,True,True,True,True,True,148,160,0,0,True
348,True,True,True,True,True,True,True,68,68,0,0,True
349,True,True,True,True,True,True,True,170,222,0,0,True
350,True,True,True,True,True,True,True,88,88,0,0,True
351,True,True,True,True,True,True,True,78,172,0,0,True
352,True,True,True,True,True,True,True,152,180,0,0,True
353,True,True,True,True,True,True,True,132,142,0,0,True
354,True,True,True,True,True,True,True,140,274,0,0,True
355,True,True,True,True,True,True,True,164,164,0,0,True
356,True,True,True,True,True,True,True,124,233,0,0,True
357,True,True,True,False,True,False,True,250,494,0,0,True
358,True,True,True,True,True,True,True,236,252,0,0,True
359,True,True,True,True,True,True,True,96,117,0,0,True
360,True,True,True,True,True,True,True,108,148,0,0,True
361,True,True,True,True,True,True,True,162,166,0,0,True
362,True,True,True,True,True,True,True,116,279,0,0,True
363,True,True,True,True,True,True,True,140,210,0,0,True
364,True,True,True,True,True,True,True,160,164,0,0,True
365,True,True,True,True,True,True,True,128,173,0,0,True
366,True,True,True,True,True,True,True,100,100,0,0,True
367,True,True,True,True,True,True,True,116,120,0,0,True
368,True,True,True,True,True,True,True,132,288,0,0,True
369,True,True,True,True,True,True,True,86,86,0,0,True
370,True,True,True,True,True,True,True,96,142,0,0,True
371,True,True,True,True,True,True,True,188,191,0,0,True
372,True,True,True,True,True,True,True,314,448,0,0,True
373,True,True,True,True,True,True,True,228,228,0,0,True
374,True,True,True,True,True,True,True,250,302,0,0,True
375,True,True,True,True,True,True,True,152,162,0,0,True
376,True,True,True,True,True,True,True,144,202,0,0,True
377,True,True,True,True,True,True,True,170,189,0,0,True
378,True,True,True,True,False,False,True,98,182,0,0,True
379,True,True,True,True,True,True,True,96,99,0,0,True
380,True,True,True,True,True,True,True,208,208,0,0,True
381,True,True,True,True,True,True,True,244,476,0,0,True
382,True,True,True,True,True,True,True,148,148,0,0,True
383,True,True,True,True,True,True,True,150,157,0,0,True
384,True,True,True,True,True,True,True,176,183,0,0,True
385,True,True,True,True,True,True,True,156,168,0,0,True
386,True,True,True,False,True,False,True,154,304,0,0,True
387,True,True,True,True,True,True,True,68,85,0,0,True
388,True,True,True,True,True,True,True,180,200,0,0,True
389,True,True,True,True,True,True,True,88,92,0,0,True
390,True,True,True,True,True,True,True,68,120,0,0,True
391,True,True,True,True,True,True,True,124,152,0,0,True
392,True,True,True,True,True,True,True,70,70,0,0,True
393,True,True,True,True,True,True,True,134,147,0,0,True
394,True,True,True,True,True,False,True,88,130,0,0,True
395,True,True,True,True,True,True,True,78,106,0,0,True
396,True,True,True,True,True,True,True,144,168,0,0,True
397,True,True,True,True,True,True,True,110,165,0,0,True
398,True,True,True,True,True,True,True,48,87,0,0,True
399,True,True,True,True,True,True,True,90,96,0,0,True
400,True,True,True,True,True,False,True,160,510,0,0,True
401,True,True,True,True,True,True,True,140,530,0,0,True
402,True,True,True,True,True,True,True,78,78,0,0,True
403,True,True,True,True,True,True,True,356,362,0,0,True
404,True,True,True,True,True,True,True,144,151,0,0,True
405,True,True,True,True,True,True,True,176,176,0,0,True
406,True,True,True,True,True,True,True,212,227,0,0,True
407,True,True,True,True,True,True,True,156,166,0,0,True
408,True,True,True,True,True,True,True,180,189,0,0,True
409,True,True,True,True,True,True,True,82,216,0,0,True
410,True,True,True,True,True,False,True,280,327,0,0,True
411,True,True,True,True,True,True,True,252,594,0,0,True
412,True,True,True,True,True,True,True,244,248,0,0,True
413,True,True,True,True,True,True,True,166,168,0,0,True
414,True,True,True,True,True,True,True,130,130,0,0,True
415,True,True,True,True,True,True,True,158,166,0,0,True
416,True,True,True,True,True,True,True,152,152,0,0,True
417,True,True,True,True,True,True,True,228,256,0,0,True
418,True,True,True,True,True,True,True,176,176,0,0,True
419,True,True,True,True,True,True,True,152,166,0,0,True
420,True,True,True,True,True,True,True,256,260,0,0,True
421,True,True,True,True,True,True,True,162,241,0,0,True
422,True,True,True,True,True,True,True,140,166,0,0,True
423,True,True,True,True,True,True,True,356,359,0,0,True
424,True,True,True,True,True,True,True,184,184,0,0,True
425,True,True,True,True,True,True,True,144,174,0,0,True
426,True,True,True,True,True,True,True,212,216,0,0,True
427,True,True,True,True,True,True,True,236,243,0,0,True
428,True,True,True,True,True,True,True,264,275,0,0,True
429,True,True,True,True,True,True,True,106,116,0,0,True
430,True,True,True,True,True,True,True,256,259,0,0,True
431,True,True,True,True,True,True,True,280,280,0,0,True
432,True,True,True,True,True,True,True,180,291,0,0,True
433,True,True,True,True,True,True,True,172,172,0,0,True
434,True,True,True,True,True,True,True,212,271,0,0,True
435,True,True,True,True,True,True,True,220,226,0,0,True
436,True,True,True,True,True,True,True,200,204,0,0,True
437,True,True,True,True,True,True,True,124,128,0,0,True
438,True,True,True,True,True,True,True,196,196,0,0,True
439,True,True,True,True,True,True,True,272,391,0,0,True
440,True,True,True,True,True,True,True,112,114,0,0,True
441,True,True,True,True,True,True,True,174,267,0,0,True
442,True,True,True,True,True,True,True,192,228,0,0,True
443,True,True,True,True,True,True,True,116,237,0,0,True
444,True,True,True,True,True,True,True,216,222,0,0,True
445,True,True,True,True,True,True,True,168,190,0,0,True
446,True,True,True,False,True,False,True,272,296,0,0,True
447,True,True,True,True,True,True,True,108,200,0,0,True
448,True,True,True,True,True,True,True,254,329,0,0,True
449,True,True,True,True,True,True,True,162,166,0,0,True
450,True,True,True,True,True,True,True,138,138,0,0,True
451,True,True,True,True,True,True,True,160,164,0,0,True
452,True,True,True,True,True,True,True,152,164,0,0,True
453,True,True,True,True,True,True,True,336,347,0,0,True
454,True,True,True,True,True,True,True,252,385,0,0,True
455,True,True,True,True,True,True,True,128,128,0,0,True
456,True,True,True,True,True,True,True,216,219,0,0,True
457,True,True,True,True,True,True,True,112,279,0,0,True
458,True,True,True,True,True,True,True,144,146,0,0,True
459,True,True,True,True,True,True,True,190,198,0,0,True
460,True,True,True,True,True,True,True,126,126,0,0,True
461,True,True,True,True,True,True,True,230,244,0,0,True
462,True,True,True,True,True,True,True,252,270,0,0,True
463,True,True,True,True,True,True,True,288,304,0,0,True
464,True,True,True,True,True,True,True,194,227,0,0,True
465,True,True,True,True,True,True,True,182,186,0,0,True
466,True,True,True,True,True,True,True,198,220,0,0,True
467,True,True,True,True,True,True,True,90,94,0,0,True
468,True,True,True,True,True,True,True,128,138,0,0,True
469,True,True,True,True,True,True,True,180,180,0,0,True
470,True,True,True,True,True,True,True,144,159,0,0,True
471,True,True,True,True,True,True,True,200,204,0,0,True
472,True,True,True,True,True,True,True,164,164,0,0,True
473,True,True,True,True,True,True,True,182,194,0,0,True
474,True,True,True,True,True,True,True,152,196,0,0,True
475,True,True,True,True,True,True,True,134,157,0,0,True
476,True,True,True,True,True,True,True,82,95,0,0,True
477,True,True,True,True,True,True,True,240,242,0,0,True
478,True,True,True,True,True,True,True,128,140,0,0,True
479,True,True,True,True,True,True,True,164,178,0,0,True
480,True,True,True,True,True,True,True,160,323,0,0,True
481,True,True,True,True,True,True,True,218,222,0,0,True
482,True,True,True,True,True,True,True,92,116,0,0,True
483,True,True,True,True,True,True,True,110,213,0,0,True
484,True,True,True,True,True,True,True,188,190,0,0,True
485,True,True,True,True,True,True,True,334,358,0,0,True
486,True,True,True,True,True,True,True,176,180,0,0,True
487,True,True,True,True,True,True,True,126,136,0,0,True
488,True,True,True,True,True,True,True,148,174,0,0,True
489,True,True,True,True,True,True,True,138,141,0,0,True
490,True,True,True,True,True,True,True,262,280,0,0,True
491,True,True,True,True,True,True,True,206,457,0,0,True
492,True,True,True,True,True,True,True,186,188,0,0,True
493,True,True,True,True,True,True,True,188,188,0,0,True
494,True,True,True,False,True,False,True,90,186,0,0,True
495,True,True,True,True,True,True,True,238,244,0,0,True
496,True,True,True,True,True,True,True,242,270,0,0,True
497,True,True,True,True,True,True,True,232,289,0,0,True
498,True,True,True,True,True,True,True,124,126,0,0,True
499,True,True,True,True,True,True,True,156,156,0,0,True
500,True,True,True,True,True,True,True,136,204,0,0,True
501,True,True,True,True,True,True,True,138,138,0,0,True
502,True,True,True,True,True,True,True,118,124,0,0,True
503,True,True,True,True,True,True,True,146,154,0,0,True
504,True,True,True,True,True,True,True,166,170,0,0,True
505,True,True,True,True,True,True,True,124,136,0,0,True
506,True,True,True,True,True,True,True,184,187,0,0,True
507,True,True,True,True,True,True,True,240,240,0,0,True
508,True,True,True,True,True,True,True,134,134,0,0,True
509,True,True,True,True,True,True,True,124,132,0,0,True
510,True,True,True,True,True,True,True,158,313,0,0,True
511,True,True,True,True,True,False,True,112,599,0,0,True
512,True,True,True,True,True,True,True,80,86,0,0,True
513,True,True,True,True,True,True,True,180,183,0,0,True
514,True,True,True,True,True,True,True,140,152,0,0,True
515,True,True,True,True,True,True,True,152,152,0,0,True
516,True,True,True,True,True,True,True,268,268,0,0,True
517,True,True,True,True,True,True,True,106,153,0,0,True
518,True,True,True,True,True,True,True,212,220,0,0,True
519,True,True,True,True,True,True,True,186,186,0,0,True
520,True,True,True,True,True,True,True,140,147,0,0,True
521,True,True,True,True,True,True,True,228,292,0,0,True
522,True,True,True,True,True,True,True,128,132,0,0,True
523,True,True,True,True,True,True,True,148,160,0,0,True
524,True,True,True,True,True,True,True,174,177,0,0,True
525,True,True,True,True,True,True,True,156,156,0,0,True
526,True,True,True,True,True,True,True,76,174,0,0,True
527,True,True,True,True,True,True,True,216,232,0,0,True
528,True,True,True,True,True,True,True,216,284,0,0,True
529,True,True,True,True,True,True,True,228,234,0,0,True
530,True,True,True,True,True,True,True,120,280,0,0,True
531,True,True,True,True,True,True,True,144,169,0,0,True
532,True,True,False,True,False,False,True,228,353,0,0,True
533,True,True,True,True,True,True,True,156,463,0,0,True
534,True,True,True,True,True,True,True,158,248,0,0,True
535,True,True,True,True,True,True,True,150,223,0,0,True
536,True,True,True,True,True,True,True,120,136,0,0,True
537,True,True,True,True,True,True,True,104,187,0,0,True
538,True,True,True,True,True,True,True,82,87,0,0,True
539,True,True,True,True,True,False,True,140,155,0,0,True
540,True,True,True,True,True,True,True,122,137,0,0,True
541,True,True,True,True,True,True,True,192,396,0,0,True
542,True,True,False,False,True,False,True,134,182,0,0,True
543,True,True,True,True,True,True,True,140,142,0,0,True
544,True,True,True,True,True,True,True,158,166,0,0,True
545,True,True,True,True,True,True,True,202,207,0,0,True
546,True,True,True,True,True,True,True,144,256,0,0,True
547,True,True,True,True,True,True,True,228,248,0,0,True
548,True,True,True,True,True,True,True,144,145,0,0,True
549,True,True,True,True,True,True,True,268,517,0,0,True
550,True,True,True,True,True,True,True,146,152,0,0,True
551,True,True,True,True,True,True,True,218,347,0,0,True
552,True,True,True,True,True,True,True,88,90,0,0,True
553,True,True,True,True,True,False,True,158,272,0,0,True
554,True,True,True,True,True,True,True,162,343,0,0,True
555,True,True,True,True,True,True,True,256,259,0,0,True
556,True,True,True,True,True,True,True,244,268,0,0,True
557,True,True,True,True,True,True,True,96,154,0,0,True
558,True,True,True,True,True,True,True,158,162,0,0,True
559,True,True,True,True,True,True,True,190,199,0,0,True
560,True,True,True,True,True,True,True,130,130,0,0,True
561,True,True,True,True,True,True,True,252,276,0,0,True
562,True,True,True,True,True,True,True,178,181,0,0,True
563,True,True,True,True,True,True,True,272,413,0,0,True
564,True,True,True,True,True,False,True,220,473,0,0,True
565,True,True,True,True,True,True,True,284,452,0,0,True
566,True,True,True,True,True,True,True,188,412,0,0,True
567,True,True,True,True,True,True,True,208,242,0,0,True
568,True,True,True,True,True,True,True,120,132,0,0,True
569,True,True,True,True,True,True,True,214,545,0,0,True
570,True,True,True,True,True,True,True,128,185,0,0,True
571,True,True,True,True,True,True,True,162,183,0,0,True
572,True,True,True,True,True,False,True,156,209,0,0,True
573,True,True,True,True,True,True,True,246,400,0,0,True
574,True,True,True,True,True,False,True,192,235,0,0,True
575,True,True,True,True,True,True,True,95,618,0,0,False
576,True,True,True,True,True,True,True,158,251,0,0,True
577,True,True,True,True,True,True,True,104,142,0,0,True
578,True,True,True,True,True,True,True,172,176,0,0,True
579,True,True,True,True,True,True,True,272,402,0,0,True
580,True,True,True,True,True,True,True,170,200,0,0,True
581,True,True,True,True,True,True,True,122,140,0,0,True
582,True,True,True,True,True,True,True,138,404,0,0,True
583,True,True,True,True,True,True,True,222,597,0,0,True
584,True,True,True,True,True,True,True,90,131,0,0,True
585,True,True,True,True,True,True,True,160,222,0,0,True
586,True,True,True,True,True,True,True,142,172,0,0,True
587,True,True,True,True,True,False,True,138,219,0,0,True
588,True,True,True,True,True,True,True,124,206,0,0,True
589,True,True,True,True,True,True,True,178,178,0,0,True
590,False,False,False,False,False,False,False,228,3219,0,0,True
591,True,True,True,True,True,True,True,76,86,0,0,True
592,True,True,True,True,True,True,True,118,168,0,0,True
593,True,True,True,True,True,True,True,86,100,0,0,True
594,True,True,True,True,True,True,True,154,206,0,0,True
595,True,True,True,True,True,True,True,102,212,0,0,True
596,True,True,True,True,True,True,True,234,303,0,0,True
597,True,True,True,True,True,True,True,138,152,0,0,True
598,True,True,True,False,True,False,True,148,184,0,0,True
599,True,True,True,True,False,False,True,102,109,0,0,True
600,True,True,True,True,True,True,True,158,158,0,0,True
601,True,True,True,True,True,True,True,162,280,0,0,True
602,True,True,True,True,True,True,True,112,128,0,0,True
603,True,True,True,True,True,True,True,264,268,0,0,True
604,True,True,True,True,True,True,True,150,434,0,0,True
605,True,True,True,True,True,True,True,64,121,0,0,True
606,True,True,True,True,True,True,True,64,75,0,0,True
607,True,True,True,True,True,True,True,248,1795,0,0,True
608,True,True,True,True,True,True,True,146,160,0,0,True
609,True,True,True,True,True,True,True,208,215,0,0,True
610,False,False,False,False,False,False,False,138,252,0,0,True
611,True,True,True,True,True,True,True,172,971,0,0,True
612,True,True,True,True,True,True,True,200,234,0,0,True
613,True,True,True,True,True,True,True,246,254,0,0,True
614,True,True,True,True,True,True,True,330,334,0,0,True
615,True,True,True,True,True,True,True,180,194,0,0,True
616,True,True,True,True,True,True,True,344,372,0,0,True
617,True,True,True,True,True,True,True,212,240,0,0,True
618,True,True,True,True,True,True,True,258,282,0,0,True
619,True,True,True,True,True,True,True,270,290,0,0,True
620,True,True,True,True,True,True,True,332,516,0,0,True
621,True,True,True,True,True,True,True,262,267,0,0,True
622,True,True,True,True,True,True,True,340,346,0,0,True
623,True,True,True,True,True,True,True,370,374,0,0,True
624,True,True,True,True,True,True,True,72,91,0,0,True
625,True,True,True,True,True,True,True,64,64,0,0,True
626,True,True,True,True,True,True,True,174,204,0,0,True
627,True,True,True,True,True,True,True,216,268,0,0,True
628,True,True,True,True,True,True,True,262,274,0,0,True
629,True,True,True,True,True,True,True,280,700,0,0,True
630,True,True,True,True,True,True,True,234,596,0,0,True
631,True,True,True,True,True,True,True,154,154,0,0,True
632,True,True,True,True,True,True,True,298,311,0,0,True
633,True,True,True,True,True,True,True,280,284,0,0,True
634,True,True,True,True,True,True,True,328,347,0,0,True
635,True,True,True,True,True,True,True,326,327,0,0,True
636,True,True,True,True,True,True,True,330,813,0,0,True
637,True,True,True,True,True,True,True,156,168,0,0,True
638,True,True,True,True,True,True,True,186,231,0,0,True
639,True,True,True,True,True,True,True,224,654,0,0,True
640,True,True,True,True,True,True,True,356,366,0,0,True
641,True,True,True,True,True,True,True,124,160,0,0,True
642,True,True,True,True,True,True,True,272,305,0,0,True
643,True,True,True,True,True,True,True,186,203,0,0,True
644,True,True,True,True,True,True,True,178,182,0,0,True
645,True,True,True,True,True,True,True,286,286,0,0,True
646,True,True,True,True,True,True,True,288,303,0,0,True
647,True,True,True,True,True,True,True,246,265,0,0,True
648,True,True,True,True,True,True,True,260,279,0,0,True
649,True,True,True,True,True,True,True,306,369,0,0,True
650,True,True,True,True,True,True,True,202,276,0,0,True
651,True,True,True,True,True,True,True,208,566,0,0,True
652,True,True,True,True,True,True,True,216,219,0,0,True
653,True,True,True,True,True,True,True,186,186,0,0,True
654,True,True,True,True,True,False,True,138,176,0,0,True
655,True,True,True,True,True,True,True,130,134,0,0,True
656,True,True,True,True,True,True,True,126,142,0,0,True
657,True,True,True,True,True,True,True,146,158,0,0,True
658,True,True,True,True,True,True,True,152,154,0,0,True
659,True,True,True,True,True,True,True,154,154,0,0,True
660,True,True,True,True,True,True,True,164,164,0,0,True
661,True,True,True,True,True,True,True,176,262,0,0,True
662,True,True,True,True,True,True,True,224,347,0,0,True
663,True,True,True,True,True,True,True,236,574,0,0,True
664,True,True,True,True,True,True,True,242,247,0,0,True
665,True,True,True,True,True,True,True,292,296,0,0,True
666,True,True,True,True,True,True,True,390,458,0,0,True
667,True,True,True,True,True,True,True,208,237,0,0,True
668,True,True,True,True,True,True,True,124,124,0,0,True
669,True,True,True,True,True,True,True,132,140,0,0,True
670,True,True,True,True,True,True,True,252,252,0,0,True
671,True,True,True,True,True,True,True,356,356,0,0,True
672,True,True,True,True,True,True,True,360,374,0,0,True
673,True,True,True,True,True,True,True,358,365,0,0,True
674,True,True,True,True,True,True,True,218,438,0,0,True
675,True,True,True,True,True,True,True,160,160,0,0,True
676,True,True,True,True,True,True,True,158,158,0,0,True
677,True,True,True,True,True,True,True,170,190,0,0,True
678,True,True,True,True,True,True,True,148,148,0,0,True
679,True,True,True,True,True,True,True,280,280,0,0,True
680,True,True,True,True,True,True,True,258,396,0,0,True
681,True,True,True,True,True,True,True,236,236,0,0,True
682,True,True,True,True,True,True,True,390,431,0,0,True
683,True,True,True,True,True,True,True,254,257,0,0,True
684,True,True,True,True,True,True,True,268,278,0,0,True
685,True,True,True,True,True,True,True,272,710,0,0,True
686,True,True,True,True,True,True,True,170,174,0,0,True
687,True,True,True,True,False,False,True,150,176,0,0,True
688,True,True,True,True,True,True,True,232,232,0,0,True
689,True,True,True,True,True,True,True,232,232,0,0,True
690,True,True,True,True,True,True,True,238,239,0,0,True
691,True,True,True,True,True,True,True,172,178,0,0,True
692,True,True,True,True,True,True,True,192,450,0,0,True
693,True,True,True,True,True,True,True,164,165,0,0,True
694,True,True,True,True,True,True,True,112,117,0,0,True
695,True,True,True,True,True,True,True,176,189,0,0,True
696,True,True,True,True,True,True,True,312,336,0,0,True
697,True,True,True,True,True,True,True,352,368,0,0,True
698,True,True,True,True,True,True,True,146,166,0,0,True
699,True,True,True,True,True,True,True,208,212,0,0,True
700,True,True,True,True,True,True,True,284,292,0,0,True
701,True,True,True,True,True,True,True,74,141,0,0,True
702,True,True,True,True,True,True,True,68,68,0,0,True
703,True,True,True,True,True,True,True,120,124,0,0,True
704,True,True,True,True,True,True,True,116,116,0,0,True
705,True,True,True,True,True,True,True,224,224,0,0,True
706,True,True,True,True,True,True,True,432,440,0,0,True
707,True,True,True,True,True,True,True,86,88,0,0,True
708,True,True,True,True,True,True,True,160,163,0,0,True
709,True,True,True,True,True,True,True,408,412,0,0,True
710,True,True,True,True,True,True,True,240,392,0,0,True
711,True,True,True,True,True,True,True,132,318,0,0,True
712,True,True,True,True,True,True,True,130,137,0,0,True
713,True,True,True,True,True,True,True,102,110,0,0,True
714,True,True,True,True,True,True,True,260,266,0,0,True
715,True,True,True,True,True,True,True,266,266,0,0,True
716,True,True,True,True,True,True,True,140,150,0,0,True
717,True,True,True,True,True,True,True,120,132,0,0,True
718,True,True,True,True,True,True,True,148,150,0,0,True
719,True,True,True,True,True,True,True,148,150,0,0,True
720,True,True,True,True,True,True,True,278,288,0,0,True
721,True,True,True,True,True,True,True,226,238,0,0,True
722,True,True,True,True,True,True,True,220,220,0,0,True
723,True,True,True,True,True,True,True,324,330,0,0,True
724,True,True,True,True,True,True,True,324,325,0,0,True
725,True,True,True,True,True,True,True,452,454,0,0,True
726,True,True,True,True,True,True,True,154,154,0,0,True
727,True,True,True,True,True,True,True,150,154,0,0,True
728,True,True,True,True,True,True,True,120,135,0,0,True
729,True,True,True,True,True,True,True,142,142,0,0,True
730,True,True,True,True,True,True,True,200,213,0,0,True
731,True,True,True,True,True,True,True,154,162,0,0,True
732,True,True,True,True,True,True,True,148,152,0,0,True
733,True,True,True,True,True,True,True,246,265,0,0,True
734,True,True,True,True,True,True,True,298,298,0,0,True
735,True,True,True,True,True,True,True,316,414,0,0,True
736,True,True,True,True,True,True,True,292,296,0,0,True
737,True,True,False,True,True,True,True,190,527,0,0,True
738,True,True,True,True,True,True,True,176,199,0,0,True
739,True,True,True,True,True,True,True,144,159,0,0,True
740,True,True,True,True,True,True,True,276,335,0,0,True
741,True,True,True,True,True,True,True,172,322,0,0,True
742,True,True,True,True,True,True,True,126,163,0,0,True
743,True,True,True,True,True,True,True,184,195,0,0,True
744,True,True,True,True,True,True,True,188,228,0,0,True
745,True,True,True,True,True,True,True,158,266,0,0,True
746,False,False,False,False,False,False,False,168,438,0,0,True
747,True,True,False,True,True,True,True,156,182,0,0,True
748,True,True,True,True,True,True,True,174,251,0,0,True
749,True,True,True,True,True,True,True,164,277,0,0,True
750,True,True,True,True,True,True,True,222,265,0,0,True
751,True,True,True,True,True,True,True,182,191,0,0,True
752,True,True,True,True,True,True,True,144,144,0,0,True
753,True,True,True,True,True,True,True,130,140,0,0,True
754,True,True,True,True,True,True,True,116,125,0,0,True
755,True,True,True,True,True,True,True,138,156,0,0,True
756,True,True,True,True,True,True,True,200,212,0,0,True
757,True,True,True,True,True,True,True,268,307,0,0,True
758,True,True,True,True,True,True,True,124,138,0,0,True
759,True,True,True,True,True,True,True,158,196,0,0,True
760,True,True,True,True,True,True,True,184,188,0,0,True
761,True,True,True,True,True,True,True,166,268,0,0,True
762,True,True,True,True,True,True,True,162,163,0,0,True
763,True,True,True,True,True,True,True,146,313,0,0,True
764,True,True,True,True,True,False,True,164,199,0,0,True
765,True,True,True,True,True,True,True,138,173,0,0,True
766,True,True,True,True,True,True,True,146,215,0,0,True
767,True,True,False,True,True,False,True,132,138,0,0,True
768,True,True,True,True,True,True,True,518,780,0,0,True
769,True,True,True,True,True,True,True,222,227,0,0,True
770,True,True,True,True,True,True,True,146,152,0,0,True
771,True,True,True,True,True,True,True,178,260,0,0,True
772,True,True,True,True,True,True,True,212,389,0,0,True
773,True,True,True,True,True,True,True,196,340,0,0,True
774,True,True,True,True,True,True,True,180,180,0,0,True
775,True,True,True,True,True,True,True,194,452,0,0,True
776,True,True,True,True,True,True,True,110,133,0,0,True
777,True,True,True,True,True,True,True,222,268,0,0,True
778,True,True,True,True,True,True,True,172,178,0,0,True
779,True,True,True,True,True,False,True,170,213,0,0,True
780,True,True,True,True,True,True,True,212,539,0,0,True
781,True,True,True,True,True,True,True,114,138,0,0,True
782,True,True,True,True,True,True,True,280,302,0,0,True
783,True,True,True,True,True,True,True,260,419,0,0,True
784,True,True,True,True,True,True,True,232,252,0,0,True
785,True,True,True,True,True,True,True,164,222,0,0,True
786,True,True,True,True,True,True,True,124,160,0,0,True
787,True,True,True,True,True,True,True,112,114,0,0,True
788,True,True,True,True,True,True,True,154,182,0,0,True
789,True,True,True,True,True,True,True,252,480,0,0,True
790,True,True,True,True,True,True,True,204,277,0,0,True
791,True,True,True,True,True,True,True,202,225,0,0,True
792,True,True,True,True,True,True,True,176,176,0,0,True
793,True,True,True,True,True,True,True,208,236,0,0,True
794,True,True,True,True,True,True,True,194,253,0,0,True
795,True,True,True,True,True,True,True,112,157,0,0,True
796,True,True,True,True,True,True,True,138,181,0,0,True
797,True,True,True,True,True,True,True,144,154,0,0,True
798,True,True,True,True,True,True,True,120,170,0,0,True
799,True,True,True,True,True,True,True,140,211,0,0,True
800,True,True,True,True,True,True,True,228,241,0,0,True
801,True,True,True,True,True,True,True,140,229,0,0,True
802,True,True,True,True,True,True,True,184,202,0,0,True
803,True,True,True,True,True,True,True,176,226,0,0,True
804,True,True,True,True,True,True,True,168,198,0,0,True
805,True,True,True,True,True,True,True,150,176,0,0,True
806,False,False,False,False,False,False,False,178,384,0,0,True
807,True,True,True,True,True,True,True,150,250,0,0,True
808,True,True,True,True,True,False,True,182,1354,0,0,True
809,True,True,True,True,True,True,True,300,344,0,0,True
810,True,True,True,True,True,True,True,164,177,0,0,True
811,True,True,True,True,True,True,True,152,285,0,0,True
812,True,True,True,True,True,False,True,110,215,0,0,True
813,True,True,True,True,True,True,True,154,197,0,0,True
814,True,True,True,True,True,True,True,196,259,0,0,True
815,True,True,True,True,True,True,True,216,424,0,0,True
816,True,True,True,True,True,True,True,312,1764,0,0,True
817,True,True,True,True,True,True,True,260,272,0,0,True
818,True,True,True,True,True,True,True,312,557,0,0,True
819,True,True,True,True,True,True,True,244,248,0,0,True
820,True,True,True,True,True,True,True,258,356,0,0,True
821,True,True,True,True,True,True,True,174,174,0,0,True
822,True,True,True,True,True,True,True,252,330,0,0,True
823,True,True,True,True,True,False,True,228,294,0,0,True
824,True,True,True,True,True,True,True,346,651,0,0,True
825,True,True,True,True,True,True,True,350,411,0,0,True
826,True,True,True,True,True,True,True,180,225,0,0,True
827,True,True,True,True,True,True,True,262,403,0,0,True
828,True,True,True,True,True,False,True,208,367,0,0,True
829,True,True,True,True,True,True,True,284,611,0,0,True
830,True,True,True,True,True,False,True,238,570,0,0,False
831,True,True,True,True,True,True,True,196,425,0,0,True
832,True,True,True,True,True,True,True,118,236,0,0,True
833,True,True,True,True,True,True,True,344,366,0,0,True
834,True,True,True,True,True,True,True,258,441,0,0,True
835,True,True,True,True,True,True,True,220,514,0,0,True
836,True,True,True,True,True,False,True,340,620,2,0,False
837,True,True,True,True,True,True,True,282,282,0,0,True
838,True,True,True,True,True,True,True,180,193,0,0,True
839,True,True,True,True,True,True,True,200,251,0,0,True
840,False,False,False,False,False,False,False,232,746,0,0,True
841,True,True,False,True,False,False,True,264,420,0,0,True
842,True,True,True,True,True,False,True,270,394,0,0,True
843,True,True,True,True,True,True,True,156,219,0,0,True
844,True,True,True,True,True,True,True,376,551,0,0,True
845,True,True,True,True,True,True,True,160,246,0,0,True
846,True,True,True,True,True,True,True,316,323,0,0,True
847,True,True,True,True,True,True,True,204,422,0,0,True
848,True,True,True,True,True,False,True,222,247,0,0,True
849,True,True,True,True,True,True,True,212,216,0,0,True
850,True,True,False,True,True,True,True,300,1184,0,0,True
851,True,True,True,True,True,False,True,294,620,0,0,True
852,True,True,False,True,True,False,True,358,995,0,0,True
853,False,False,False,False,False,False,False,156,365,0,0,True
854,True,True,True,True,True,True,True,230,304,0,0,True
855,True,True,True,True,True,True,True,168,281,0,0,True
856,False,False,False,False,False,False,False,292,506,0,0,True
857,True,True,True,True,True,True,True,304,749,0,0,True
858,True,True,True,True,True,True,True,258,270,0,0,True
859,True,True,True,True,True,False,True,250,307,0,0,True
860,True,True,True,True,True,True,True,156,182,0,0,True
861,True,True,True,True,True,True,True,178,205,0,0,True
862,True,True,True,True,True,True,True,502,620,0,0,True
863,True,True,True,True,True,True,True,288,709,0,0,True
864,True,True,True,True,True,True,True,164,172,0,0,True
865,True,True,True,True,True,True,True,270,365,0,0,True
866,True,True,True,True,True,False,True,362,381,0,0,True
867,False,False,False,False,False,False,False,168,221,0,0,True
868,True,True,True,True,True,True,True,260,544,0,0,True
869,True,True,False,True,True,False,True,246,269,0,0,True
870,True,True,True,True,True,True,True,330,684,0,0,True
871,True,True,True,True,True,True,True,194,550,0,0,True
872,True,True,True,True,True,True,True,150,173,0,0,True
873,True,True,True,True,True,True,True,328,400,0,0,True
874,True,True,True,True,True,True,True,196,203,0,0,True
875,True,True,True,True,True,True,True,186,457,0,0,True
876,True,True,True,True,True,False,True,330,391,0,0,True
877,True,True,True,True,True,True,True,202,245,0,0,True
878,True,True,True,True,True,True,True,140,444,0,0,True
879,True,True,True,True,True,True,True,166,186,0,0,True
880,True,True,True,True,True,True,True,190,192,0,0,True
881,True,True,True,True,True,True,True,190,248,0,0,True
882,True,True,True,True,True,True,True,262,520,0,0,True
883,True,True,True,True,True,True,True,190,203,0,0,True
884,True,True,True,True,True,True,True,236,243,0,0,True
885,True,True,True,True,True,True,True,200,224,0,0,True
886,True,True,False,True,False,False,True,218,270,0,0,True
887,True,True,True,True,True,True,True,226,687,0,0,True
888,True,True,True,True,True,True,True,196,222,0,0,True
889,True,True,True,True,True,True,True,182,515,0,0,True
890,True,True,True,True,True,True,True,292,323,0,0,True
891,True,True,True,True,True,True,True,160,267,0,0,True
892,True,True,True,True,True,True,True,162,162,0,0,True
893,True,True,True,True,True,True,True,168,273,0,0,True
894,True,True,True,True,True,True,True,158,258,0,0,True
895,True,True,True,True,True,True,True,164,216,0,0,True
896,True,True,True,True,True,True,True,124,144,0,0,True
897,True,True,True,True,True,True,True,84,84,0,0,True
898,True,True,True,True,True,True,True,140,161,0,0,True
899,True,True,True,True,True,True,True,212,216,0,0,True
900,True,True,True,True,True,True,True,94,98,0,0,True
901,True,True,True,True,True,True,True,138,166,0,0,True
902,True,True,True,True,True,True,True,212,273,0,0,True
903,True,True,True,True,True,True,True,210,218,0,0,True
904,True,True,True,True,True,True,True,200,210,0,0,True
905,True,True,True,True,True,True,True,240,452,0,0,True
906,True,True,True,True,True,True,True,80,80,0,0,True
907,True,True,True,True,True,False,True,124,141,0,0,True
908,True,True,True,True,True,True,True,172,274,0,0,True
909,True,True,True,True,True,True,True,236,242,0,0,True
910,True,True,True,True,True,True,True,142,179,0,0,True
911,True,True,True,True,True,True,True,68,90,0,0,True
912,True,True,False,True,False,False,True,172,291,0,0,True
913,True,True,True,True,True,True,True,168,196,0,0,True
914,True,True,True,False,True,False,True,194,196,0,0,True
915,True,True,True,True,True,True,True,128,493,0,0,True
916,True,True,True,True,True,True,True,134,134,0,0,True
917,True,True,True,True,True,True,True,192,270,0,0,True
918,True,True,True,True,True,True,True,160,465,0,0,True
919,True,True,True,True,True,True,True,86,88,0,0,True
920,True,True,True,True,True,True,True,140,201,0,0,True
921,True,True,True,True,True,True,True,268,271,0,0,True
922,True,True,True,True,True,True,True,354,358,0,0,True
923,True,True,True,True,True,True,True,84,87,0,0,True
924,True,True,True,True,True,True,True,236,335,0,0,True
925,True,True,True,True,True,True,True,120,130,0,0,True
926,True,True,True,True,True,True,True,206,216,0,0,True
927,True,True,True,True,True,True,True,110,127,0,0,True
928,True,True,True,True,True,True,True,100,105,0,0,True
929,True,True,False,True,True,False,True,296,338,0,0,True
930,True,True,True,True,True,True,True,100,130,0,0,True
931,True,True,True,True,True,True,True,220,582,0,0,True
932,True,True,True,True,True,True,True,158,343,0,0,True
933,True,True,True,True,True,True,True,186,200,0,0,True
934,True,True,True,True,True,True,True,292,382,0,0,True
935,True,True,True,True,True,True,True,198,584,0,0,True
936,True,True,True,True,True,True,True,216,220,0,0,True
937,True,True,True,True,True,True,True,64,64,0,0,True
938,True,True,True,True,True,True,True,148,153,0,0,True
939,True,True,True,True,True,True,True,88,94,0,0,True
940,True,True,True,True,True,True,True,64,84,0,0,True
941,True,True,True,True,True,True,True,60,76,0,0,True
942,True,True,True,True,True,True,True,126,187,0,0,True
943,True,True,True,True,True,True,True,156,161,0,0,True
944,True,True,True,True,True,True,True,156,159,0,0,True
945,True,True,True,True,True,True,True,72,124,0,0,True
946,True,True,True,True,True,True,True,116,373,0,0,True
947,True,True,True,True,True,True,True,112,186,0,0,True
948,True,True,True,True,True,True,True,68,68,0,0,True
949,True,True,True,True,True,True,True,76,88,0,0,True
950,True,True,True,True,True,True,True,106,118,0,0,True
951,True,True,True,True,True,True,True,134,139,0,0,True
952,True,True,True,True,True,True,True,238,242,0,0,True
953,True,True,True,True,True,True,True,104,112,0,0,True
954,True,True,True,True,True,True,True,136,138,0,0,True
955,True,True,True,True,True,True,True,106,130,0,0,True
956,True,True,True,True,True,True,True,180,559,0,0,True
957,True,True,True,True,True,True,True,60,68,0,0,True
958,True,True,True,True,True,True,True,56,56,0,0,True
959,True,True,True,True,True,True,True,76,86,0,0,True
960,True,True,True,True,True,True,True,112,118,0,0,True
961,True,True,True,True,True,True,True,128,185,0,0,True
962,True,True,True,True,True,True,True,100,188,0,0,True
963,True,True,True,True,True,True,True,144,214,0,0,True
964,True,True,True,True,True,True,True,152,165,0,0,True
965,True,True,True,True,True,True,True,108,111,0,0,True
966,True,True,True,True,True,True,True,112,112,0,0,True
967,True,True,True,True,True,True,True,136,136,0,0,True
968,True,True,True,True,True,True,True,300,300,0,0,True
969,True,True,True,True,True,True,True,100,100,0,0,True
970,True,True,True,True,True,True,True,182,224,0,0,True
971,True,True,True,True,True,True,True,150,150,0,0,True
972,True,True,True,True,True,True,True,80,90,0,0,True
973,True,True,True,True,True,True,True,88,102,0,0,True
974,True,True,True,True,True,True,True,138,138,0,0,True
975,True,True,True,True,True,True,True,140,150,0,0,True
976,True,True,True,True,True,True,True,112,122,0,0,True
977,True,True,True,True,True,True,True,72,88,0,0,True
978,True,True,True,True,True,False,True,90,122,0,0,True
979,True,True,True,True,True,True,True,36,36,0,0,True
980,True,True,True,True,True,True,True,66,66,0,0,True
981,True,True,True,True,True,True,True,62,65,0,0,True
982,True,True,True,True,True,True,True,46,58,0,0,True
983,True,True,True,True,True,True,True,84,112,0,0,True
984,True,True,True,True,True,True,True,60,96,0,0,True
985,True,True,True,True,True,True,True,74,86,0,0,True
986,False,False,False,False,False,False,False,112,112,0,0,True
987,True,True,True,True,True,True,True,124,131,0,0,True
988,True,True,True,True,True,True,True,74,82,0,0,True
989,True,True,True,True,True,True,True,60,102,0,0,True
990,True,True,True,True,True,True,True,98,116,0,0,True
991,True,True,True,True,True,True,True,138,138,0,0,True
992,True,True,True,True,True,True,True,206,400,0,0,True
993,True,True,True,True,True,True,True,188,188,0,0,True
994,True,True,True,True,True,True,True,186,186,0,0,True
995,True,True,True,True,True,True,True,170,212,0,0,True
996,True,True,True,True,True,True,True,196,212,0,0,True
997,True,True,True,True,True,True,True,228,248,0,0,True
998,True,True,True,True,True,True,True,96,114,0,0,True
999,True,True,True,True,True,True,True,76,117,0,0,True
1000,True,True,True,True,True,True,True,98,110,0,0,True
1001,True,True,True,True,True,True,True,32,32,0,0,True
1002,True,True,True,True,True,True,True,72,88,0,0,True
1003,True,True,True,True,True,True,True,114,322,0,0,True
1004,True,True,True,True,True,True,True,80,80,0,0,True
1005,True,True,True,True,True,True,True,74,84,0,0,True
1006,True,True,True,True,True,True,True,72,80,0,0,True
1007,True,True,True,True,True,True,True,100,100,0,0,True
1008,True,True,True,True,True,True,True,140,143,0,0,True
1009,True,True,True,True,True,True,True,98,103,0,0,True
1010,True,True,True,True,True,True,True,68,70,0,0,True
1011,True,True,True,True,True,True,True,78,88,0,0,True
1012,True,True,True,True,True,True,True,72,140,0,0,True
1013,True,True,True,True,True,True,True,116,125,0,0,True
1014,True,True,True,True,True,True,True,144,144,0,0,True
1015,True,True,True,True,True,True,True,110,129,0,0,True
1016,True,True,True,True,True,True,True,90,103,0,0,True
1017,True,True,True,True,True,True,True,108,116,0,0,True
1018,True,True,True,True,True,True,True,144,213,0,0,True
1019,True,True,True,True,True,True,True,146,149,0,0,True
1020,True,True,True,True,True,True,True,72,76,0,0,True
1021,True,True,False,True,True,False,True,150,275,0,0,True
1022,True,True,True,True,True,True,True,112,133,0,0,True
1023,True,True,True,True,True,True,True,132,235,0,0,True
1024,True,True,True,True,True,False,True,196,530,0,0,True
1025,True,True,True,True,True,True,True,284,310,0,0,True
1026,True,True,True,True,True,True,True,196,242,0,0,True
1027,True,True,True,True,True,True,True,176,268,0,0,True
1028,False,False,False,False,False,False,False,210,848,0,0,True
1029,True,True,True,True,True,True,True,186,292,0,0,True
1030,True,True,True,True,True,True,True,190,665,0,0,True
1031,True,True,True,True,True,True,True,290,835,0,0,True
1032,False,False,False,False,False,False,False,164,172,0,0,True
1033,False,False,False,False,False,False,False,380,752,0,0,True
1034,False,False,False,False,False,False,False,174,340,0,0,True
1035,True,True,True,True,True,True,True,226,676,0,0,True
1036,True,True,True,True,True,True,True,300,753,0,0,True
1037,True,True,True,True,True,True,True,118,136,0,0,True
1038,True,True,True,True,True,True,True,150,180,0,0,True
1039,True,True,True,True,True,True,True,298,322,0,0,True
1040,True,True,True,True,True,True,True,162,166,0,0,True
1041,True,True,True,True,True,True,True,210,239,0,0,True
1042,True,True,True,True,True,True,True,286,361,0,0,True
1043,True,True,True,True,True,True,True,102,116,0,0,True
1044,True,True,True,True,True,True,True,340,352,0,0,True
1045,True,True,True,True,True,True,True,208,419,0,0,True
1046,True,True,True,True,True,True,True,194,194,0,0,True
1047,True,True,True,True,True,True,True,114,114,0,0,True
1048,True,True,True,True,True,True,True,178,178,0,0,True
1049,True,True,True,True,True,True,True,266,266,0,0,True
1050,True,True,True,True,True,True,True,278,288,0,0,True
1051,True,True,True,True,True,True,True,214,219,0,0,True
1052,True,True,True,True,True,True,True,254,256,0,0,True
1053,True,True,True,True,True,True,True,166,168,0,0,True
1054,True,True,True,True,True,True,True,70,74,0,0,True
1055,True,True,True,True,True,True,True,226,236,0,0,True
1056,True,True,True,True,True,True,True,418,426,0,0,True
1057,True,True,True,True,True,True,True,86,102,0,0,True
1058,True,True,True,True,True,True,True,218,238,0,0,True
1059,True,True,True,True,True,True,True,166,170,0,0,True
1060,True,True,True,True,True,True,True,206,315,0,0,True
1061,True,True,True,True,True,True,True,214,222,0,0,True
1062,True,True,True,True,True,True,True,250,252,0,0,True
1063,True,True,True,True,True,True,True,212,222,0,0,True
1064,True,True,True,True,True,True,True,278,297,0,0,True
1065,True,True,True,True,True,True,True,202,208,0,0,True
1066,True,True,True,True,True,True,True,278,288,0,0,True
1067,True,True,True,True,True,True,True,170,174,0,0,True
1068,True,True,True,True,True,True,True,120,120,0,0,True
1069,True,True,True,True,True,True,True,92,92,0,0,True
1070,True,True,True,True,True,True,True,158,160,0,0,True
1071,False,False,False,False,False,False,False,228,250,0,0,True
1072,True,True,True,True,True,True,True,188,370,0,0,True
1073,True,True,True,True,True,True,True,154,154,0,0,True
1074,True,True,True,True,True,True,True,92,140,0,0,True
1075,True,True,True,True,True,True,True,88,142,0,0,True
1076,True,True,True,True,True,True,True,154,159,0,0,True
1077,True,True,True,True,True,True,True,122,122,0,0,True
1078,True,True,True,True,True,True,True,176,181,0,0,True
1079,True,True,True,True,True,True,True,114,120,0,0,True
1080,True,True,True,True,True,True,True,232,515,0,0,True
1081,True,True,True,True,True,True,True,102,102,0,0,True
1082,True,True,True,True,True,True,True,202,202,0,0,True
1083,True,True,True,True,True,True,True,294,423,0,0,True
1084,True,True,True,True,True,True,True,66,66,0,0,True
1085,True,True,True,True,True,True,True,206,216,0,0,True
1086,True,True,True,True,True,True,True,132,200,0,0,True
1087,True,True,True,True,True,True,True,120,236,0,0,True
1088,True,True,True,True,True,True,True,84,134,0,0,True
1089,True,True,True,True,True,True,True,210,224,0,0,True
1090,True,True,True,True,True,True,True,222,226,0,0,True
1091,True,True,True,True,True,True,True,84,122,0,0,True
1092,True,True,True,True,True,True,True,248,268,0,0,True
1093,True,True,True,True,True,True,True,128,159,0,0,True
1094,True,True,True,True,True,True,True,192,200,0,0,True
1095,True,True,True,True,True,True,True,222,226,0,0,True
1096,True,True,True,True,True,True,True,192,288,0,0,True
1097,True,True,True,True,True,True,True,188,191,0,0,True
1098,True,True,True,True,True,True,True,276,288,0,0,True
1099,True,True,True,True,True,True,True,282,306,0,0,True
1100,True,True,True,True,True,True,True,352,398,0,0,True
1101,True,True,True,True,True,True,True,144,162,0,0,True
1102,True,True,True,True,True,True,True,206,214,0,0,True
1103,True,True,True,True,True,True,True,132,200,0,0,True
1104,True,True,True,True,True,True,True,118,122,0,0,True
1105,True,True,True,True,True,True,True,186,186,0,0,True
1106,True,True,True,True,True,True,True,138,146,0,0,True
1107,True,True,True,True,True,True,True,154,158,0,0,True
1108,True,True,True,True,True,True,True,80,86,0,0,True
1109,True,True,True,True,True,True,True,122,125,0,0,True
1110,True,True,True,True,True,True,True,158,244,0,0,True
1111,True,True,True,True,True,True,True,122,238,0,0,True
1112,True,True,True,True,False,False,True,66,66,0,0,True
1113,True,True,True,True,True,True,True,88,94,0,0,True
1114,True,True,True,True,True,True,True,192,284,0,0,True
1115,True,True,True,True,True,True,True,176,189,0,0,True
1116,True,True,True,True,True,True,True,96,98,0,0,True
1117,True,True,True,True,True,True,True,200,204,0,0,True
1118,True,True,True,True,False,False,True,172,178,0,0,True
1119,True,True,True,True,True,True,True,202,223,0,0,True
1120,True,True,True,True,True,True,True,192,404,0,0,True
1121,True,True,True,True,True,True,True,234,358,0,0,True
1122,True,True,True,True,True,True,True,80,80,0,0,True
1123,True,True,True,True,True,True,True,242,365,0,0,True
1124,True,True,True,True,True,True,True,174,216,0,0,True
1125,True,True,True,True,True,True,True,130,141,0,0,True
1126,True,True,True,True,True,True,True,118,177,0,0,True
1127,True,True,True,True,True,True,True,212,283,0,0,True
1128,True,True,True,True,True,True,True,224,236,0,0,True
1129,True,True,True,True,True,True,True,126,247,0,0,True
1130,True,True,True,True,True,True,True,148,280,0,0,True
1131,True,True,True,True,True,True,True,308,312,0,0,True
1132,True,True,True,True,True,True,True,82,128,0,0,True
1133,True,True,True,True,True,True,True,278,287,0,0,True
1134,True,True,True,True,True,True,True,180,223,0,0,True
1135,True,True,True,True,True,True,True,170,180,0,0,True
1136,True,True,True,True,True,True,True,116,136,0,0,True
1137,True,True,True,True,True,True,True,188,222,0,0,True
1138,True,True,True,True,True,True,True,140,140,0,0,True
1139,True,True,True,True,True,True,True,178,186,0,0,True
1140,True,True,True,True,True,True,True,156,159,0,0,True
1141,True,True,True,True,True,True,True,82,98,0,0,True
1142,True,True,True,True,True,True,True,94,102,0,0,True
1143,True,True,True,True,True,True,True,206,274,0,0,True
1144,True,True,True,True,True,True,True,96,96,0,0,True
1145,True,True,True,True,True,True,True,178,178,0,0,True
1146,True,True,True,True,True,True,True,228,234,0,0,True
1147,True,True,True,True,True,True,True,86,95,0,0,True
1148,True,True,True,True,True,True,True,316,559,0,0,True
1149,True,True,True,True,True,True,True,134,150,0,0,True
1150,True,True,True,True,True,True,True,268,288,0,0,True
1151,True,True,True,True,True,True,True,104,104,0,0,True
1152,True,True,True,True,True,True,True,176,215,0,0,True
1153,True,True,True,True,True,True,True,108,116,0,0,True
1154,True,True,True,True,True,True,True,234,266,0,0,True
1155,True,True,True,True,True,True,True,188,218,0,0,True
1156,True,True,True,True,True,True,True,182,192,0,0,True
1157,True,True,True,True,True,True,True,116,117,0,0,True
1158,True,True,True,True,True,True,True,200,257,0,0,True
1159,True,True,True,True,True,True,True,188,213,0,0,True
1160,True,True,True,True,True,True,True,100,115,0,0,True
1161,True,True,True,True,True,True,True,86,96,0,0,True
1162,True,True,True,True,True,True,True,100,112,0,0,True
1163,True,True,True,True,True,True,True,150,180,0,0,True
1164,True,True,True,True,True,True,True,168,268,0,0,True
1165,True,True,True,True,True,True,True,130,150,0,0,True
1166,True,True,True,True,True,True,True,92,92,0,0,True
1167,True,True,True,True,True,False,True,94,102,0,0,True
1168,True,True,True,True,True,True,True,266,268,0,0,True
1169,True,True,True,True,True,True,True,198,202,0,0,True
1170,True,True,True,True,True,True,True,168,193,0,0,True
1171,True,True,True,True,True,True,True,182,190,0,0,True
1172,True,True,True,True,True,True,True,172,188,0,0,True
1173,True,True,True,True,True,True,True,128,134,0,0,True
1174,True,True,False,True,True,False,True,124,166,0,0,True
1175,True,True,True,True,True,True,True,112,120,0,0,True
1176,True,True,True,True,True,True,True,122,126,0,0,True
1177,True,True,True,True,True,True,True,180,180,0,0,True
1178,True,True,True,True,True,True,True,70,84,0,0,True
1179,True,True,True,True,True,True,True,256,288,0,0,True
1180,True,True,True,True,True,True,True,308,320,0,0,True
1181,True,True,True,True,True,True,True,114,118,0,0,True
1182,True,True,True,True,True,True,True,116,118,0,0,True
1183,True,True,True,True,True,True,True,122,179,0,0,True
1184,True,True,True,True,True,True,True,84,86,0,0,True
1185,True,True,True,True,True,True,True,126,130,0,0,True
1186,True,True,True,True,True,True,True,210,224,0,0,True
1187,True,True,True,True,True,True,True,116,130,0,0,True
1188,True,True,True,True,True,True,True,116,133,0,0,True
1189,True,True,True,True,True,True,True,166,166,0,0,True
1190,True,True,True,True,True,True,True,162,170,0,0,True
1191,True,True,True,True,True,True,True,60,68,0,0,True
1192,True,True,True,True,True,True,True,120,128,0,0,True
1193,True,True,True,True,True,True,True,154,154,0,0,True
1194,True,True,True,True,True,True,True,144,150,0,0,True
1195,True,True,True,True,True,False,True,256,260,0,0,True
1196,True,True,True,True,True,True,True,174,178,0,0,True
1197,True,True,True,True,True,True,True,104,110,0,0,True
1198,True,True,True,True,True,True,True,92,98,0,0,True
1199,True,True,True,True,True,True,True,110,113,0,0,True
1200,True,True,True,True,True,True,True,188,188,0,0,True
1201,True,True,True,True,True,True,True,170,174,0,0,True
1202,True,True,True,True,True,True,True,62,67,0,0,True
1203,True,True,True,True,True,True,True,112,164,0,0,True
1204,True,True,True,True,True,True,True,76,76,0,0,True
1205,True,True,True,True,True,True,True,68,75,0,0,True
1206,True,True,True,True,True,True,True,198,388,0,0,True
1207,True,True,True,True,True,True,True,80,86,0,0,True
1208,True,True,True,True,True,True,True,180,185,0,0,True
1209,True,True,True,True,True,False,True,92,96,0,0,True
1210,True,True,True,True,True,True,True,226,226,0,0,True
1211,True,True,True,True,True,True,True,242,363,0,0,True
1212,True,True,True,True,True,True,True,204,222,0,0,True
1213,True,True,True,True,True,True,True,266,266,0,0,True
1214,True,True,True,True,True,False,True,262,270,0,0,True
1215,True,True,True,True,True,True,True,178,265,0,0,True
1216,True,True,True,True,True,True,True,144,144,0,0,True
1217,True,True,True,True,True,True,True,124,124,0,0,True
1218,True,True,True,True,True,True,True,184,184,0,0,True
1219,True,True,True,True,True,False,True,110,136,0,0,True
1220,True,True,True,True,True,True,True,174,192,0,0,True
1221,True,True,True,True,True,True,True,216,229,0,0,True
1222,True,True,True,True,True,True,True,160,160,0,0,True
1223,True,True,True,True,True,True,True,120,132,0,0,True
1224,True,True,True,True,True,True,True,122,164,0,0,True
1225,True,True,True,True,True,True,True,198,206,0,0,True
1226,True,True,True,True,True,True,True,272,307,0,0,True
1227,False,False,False,False,False,False,False,156,1474,0,0,True
1228,False,False,False,False,False,False,False,124,560,0,0,True
1229,True,True,True,True,True,True,True,196,295,0,0,True
1230,True,True,True,True,True,True,True,284,410,0,0,True
1231,True,True,True,True,True,True,True,270,406,0,0,True
1232,True,True,True,True,True,True,True,268,909,0,0,True
1233,True,True,True,True,True,True,True,318,330,0,0,True
1234,True,True,True,True,True,True,True,220,234,0,0,True
1235,True,True,True,True,True,True,True,310,310,0,0,True
1236,True,True,True,True,True,True,True,196,206,0,0,True
1237,True,True,True,True,True,True,True,266,268,0,0,True
1238,True,True,True,True,True,True,True,268,277,0,0,True
1239,True,True,True,True,True,True,True,216,216,0,0,True
1240,True,True,True,True,True,True,True,352,352,0,0,True
1241,True,True,True,True,True,True,True,200,204,0,0,True
1242,True,True,True,True,True,True,True,72,72,0,0,True
1243,True,True,True,True,True,True,True,84,84,0,0,True
1244,True,True,True,True,True,True,True,114,114,0,0,True
1245,True,True,True,True,True,True,True,134,142,0,0,True
1246,True,True,True,True,True,True,True,136,138,0,0,True
1247,True,True,True,True,True,True,True,164,169,0,0,True
1248,True,True,True,True,True,True,True,76,80,0,0,True
1249,True,True,True,True,True,True,True,78,89,0,0,True
1250,True,True,True,True,True,True,True,88,103,0,0,True
1251,True,True,True,True,True,True,True,86,134,0,0,True
1252,True,True,True,True,True,True,True,174,176,0,0,True
1253,True,True,True,True,True,True,True,172,174,0,0,True
1254,True,True,True,True,True,True,True,172,172,0,0,True
1255,True,True,True,True,True,True,True,56,80,0,0,True
1256,True,True,True,True,True,True,True,224,240,0,0,True
1257,True,True,True,True,True,True,True,66,69,0,0,True
1258,True,True,True,True,True,True,True,162,251,0,0,True
1259,True,True,True,True,True,True,True,72,74,0,0,True
1260,True,True,True,True,True,True,True,138,210,0,0,True
1261,True,True,True,True,True,True,True,138,142,0,0,True
1262,True,True,True,True,True,True,True,308,320,0,0,True
1263,True,True,True,True,True,True,True,352,476,0,0,True
1264,True,True,True,True,True,True,True,424,1167,0,0,True
1265,True,True,True,True,True,True,True,86,165,0,0,True
1266,True,True,True,True,True,True,True,70,76,0,0,True
1267,True,True,True,True,True,True,True,134,139,0,0,True
1268,True,True,True,True,True,True,True,176,180,0,0,True
1269,True,True,True,True,True,True,True,144,146,0,0,True
1270,True,True,True,True,True,True,True,140,140,0,0,True
1271,True,True,True,True,True,True,True,126,126,0,0,True
1272,True,True,True,True,True,True,True,190,245,0,0,True
1273,True,True,True,True,True,True,True,146,170,0,0,True
1274,True,True,True,True,True,True,True,146,146,0,0,True
1275,True,True,True,True,True,True,True,170,176,0,0,True
1276,True,True,True,True,True,True,True,168,168,0,0,True
1277,True,True,True,True,True,True,True,258,258,0,0,True
1278,True,True,True,True,True,True,True,88,104,0,0,True
1279,True,True,True,True,True,True,True,86,92,0,0,True
1280,True,True,True,True,True,True,True,116,122,0,0,True
1281,True,True,True,True,True,True,True,122,197,0,0,True
1282,True,True,True,True,True,True,True,114,117,0,0,True
1283,True,True,True,True,True,True,True,96,108,0,0,True
1284,True,True,True,True,True,True,True,174,179,0,0,True
1285,False,False,False,False,False,False,False,104,156,0,0,True
1286,True,True,True,True,True,True,True,92,92,0,0,True
1287,True,True,True,True,True,True,True,158,160,0,0,True
1288,True,True,True,True,True,True,True,326,331,0,0,True
1289,True,True,True,True,True,True,True,138,164,0,0,True
1290,True,True,True,True,True,True,True,132,132,0,0,True
1291,True,True,True,True,True,True,True,142,142,0,0,True
1292,True,True,True,True,True,True,True,144,160,0,0,True
1293,True,True,True,True,True,True,True,152,160,0,0,True
1294,True,True,True,True,True,True,True,114,152,0,0,True
1295,True,True,True,True,True,True,True,116,130,0,0,True
1296,True,True,True,True,True,True,True,120,120,0,0,True
1297,True,True,True,True,True,True,True,120,120,0,0,True
1298,True,True,True,True,True,True,True,148,148,0,0,True
1299,True,True,True,True,True,True,True,170,170,0,0,True
1300,True,True,True,True,True,True,True,168,172,0,0,True
1301,True,True,True,True,True,True,True,92,103,0,0,True
1302,True,True,True,True,True,True,True,116,116,0,0,True
1303,True,True,True,True,True,True,True,130,140,0,0,True
1304,True,True,True,True,True,False,True,182,256,0,0,True
1305,True,True,True,True,True,True,True,142,162,0,0,True
1306,True,True,True,True,True,True,True,142,168,0,0,True
1307,True,True,True,True,True,True,True,216,237,0,0,True
1308,True,True,True,True,True,True,True,190,198,0,0,True
1309,True,True,True,True,True,True,True,98,168,0,0,True
1310,True,True,True,True,True,True,True,138,176,0,0,True
1311,True,True,True,True,True,True,True,146,162,0,0,True
1312,True,True,True,True,True,True,True,138,440,0,0,True
1313,True,True,True,False,True,False,True,222,224,0,0,True
1314,False,False,False,False,False,False,False,194,346,0,0,True
1315,True,True,True,True,True,True,True,154,156,0,0,True
1316,True,True,True,True,True,True,True,74,80,0,0,True
1317,True,True,True,True,True,True,True,126,246,0,0,True
1318,True,True,True,True,True,True,True,208,678,0,0,True
1319,True,True,True,True,True,True,True,134,197,0,0,True
1320,True,True,True,True,True,True,True,100,141,0,0,True
1321,True,True,True,True,True,True,True,62,132,0,0,True
1322,True,True,True,True,True,True,True,90,90,0,0,True
1323,True,True,True,True,True,True,True,186,231,0,0,True
1324,True,True,True,True,True,True,True,114,227,0,0,True
1325,True,True,True,True,True,True,True,224,244,0,0,True
1326,True,True,True,True,True,True,True,94,228,0,0,True
1327,True,True,True,True,True,True,True,234,504,0,0,True
1328,True,True,True,True,True,True,True,108,129,0,0,True
1329,True,True,True,True,True,True,True,72,72,0,0,True
1330,True,True,True,True,True,True,True,122,297,0,0,True
1331,True,True,True,True,True,True,True,130,172,0,0,True
1332,True,True,True,True,True,True,True,84,84,0,0,True
1333,True,True,True,True,True,True,True,182,182,0,0,True
1334,True,True,True,True,True,True,True,164,170,0,0,True
1335,True,True,True,True,True,True,True,98,132,0,0,True
1336,True,True,True,True,True,True,True,138,216,0,0,True
1337,True,True,True,True,True,True,True,114,118,0,0,True
1338,True,True,True,True,True,True,True,106,106,0,0,True
1339,True,True,True,True,True,True,True,160,249,0,0,True
1340,True,True,True,True,True,True,True,74,98,0,0,True
1341,True,True,True,True,True,True,True,58,82,0,0,True
1342,True,True,True,True,True,True,True,42,42,0,0,True
1343,True,True,True,True,True,True,True,98,138,0,0,True
1344,True,True,True,True,True,True,True,62,78,0,0,True
1345,True,True,True,True,True,True,True,52,72,0,0,True
1346,True,True,True,True,True,True,True,120,120,0,0,True
1347,True,True,True,True,True,True,True,82,89,0,0,True
1348,True,True,True,True,True,True,True,82,88,0,0,True
1349,True,True,True,True,True,True,True,188,192,0,0,True
1350,True,True,True,True,True,True,True,262,269,0,0,True
1351,False,False,False,False,False,False,False,336,444,0,0,True
1352,True,True,False,True,True,True,True,146,493,0,0,True
1353,True,True,True,True,True,False,True,184,188,0,0,True
1354,True,True,True,True,True,True,True,76,84,0,0,True
1355,True,True,True,True,True,True,True,50,50,0,0,True
1356,True,True,True,True,True,True,True,164,399,0,0,True
1357,True,True,True,True,True,True,True,46,85,0,0,True
1358,False,False,False,False,False,False,False,340,349,0,0,True
1359,True,True,True,True,True,True,True,254,262,0,0,True
1360,True,True,True,True,True,True,True,188,198,0,0,True
1361,True,True,True,True,True,True,True,390,406,0,0,True
1362,True,True,True,True,True,True,True,200,452,0,0,True
1363,True,True,True,True,True,True,True,160,175,0,0,True
1364,True,True,True,True,True,True,True,106,127,0,0,True
1365,False,False,False,False,False,False,False,262,598,0,0,True
1366,True,True,True,True,True,True,True,122,150,0,0,True
1367,True,True,True,True,True,True,True,150,182,0,0,True
1368,True,True,True,True,True,True,True,220,245,0,0,True
1369,True,True,False,True,True,True,True,214,279,0,0,True
1370,True,True,True,True,True,True,True,246,473,0,0,True
1371,True,True,True,True,True,True,True,160,249,0,0,True
1372,True,True,True,True,True,True,True,278,287,0,0,True
1373,True,True,True,True,True,True,True,56,56,0,0,True
1374,True,True,True,True,True,True,True,208,323,0,0,True
1375,True,True,True,True,True,True,True,148,148,0,0,True
1376,True,True,True,True,True,True,True,128,137,0,0,True
1377,False,False,False,False,False,False,False,172,404,0,0,True
1378,True,True,True,True,True,True,True,284,288,0,0,True
1379,True,True,True,True,True,True,True,238,374,0,0,True
1380,True,True,True,True,True,True,True,212,247,0,0,True
1381,True,True,True,True,True,True,True,226,230,0,0,True
1382,True,True,True,True,True,True,True,166,315,0,0,True
1383,True,True,True,True,True,True,True,192,246,0,0,True
1384,True,True,True,True,True,True,True,186,220,0,0,True
1385,True,True,True,True,True,True,True,224,266,0,0,True
1386,True,True,True,True,True,True,True,440,756,0,0,False
1387,True,True,True,True,True,True,True,302,565,0,0,True
1388,True,True,True,True,True,True,True,282,288,0,0,True
1389,True,True,True,True,True,True,True,250,273,0,0,True
1390,True,True,True,True,True,True,True,166,186,0,0,True
1391,True,True,True,True,True,True,True,186,200,0,0,True
1392,True,True,True,True,True,True,True,322,364,0,0,False
1393,True,True,True,True,True,True,True,250,268,0,0,True
1394,True,True,True,True,True,True,True,136,404,0,0,True
1395,True,True,True,True,True,True,True,264,278,0,0,True
1396,True,True,True,True,True,True,True,224,232,0,0,True
1397,True,True,True,True,True,True,True,230,232,0,0,True
1398,True,True,True,True,True,True,True,276,303,0,0,True
1399,True,True,True,True,True,True,True,174,183,0,0,True
1400,True,True,True,True,True,True,True,200,217,0,0,True
1401,True,True,True,True,True,True,True,154,172,0,0,True
1402,True,True,True,True,True,True,True,296,333,0,0,True
1403,True,True,True,True,True,True,True,190,198,0,0,True
1404,True,True,True,True,True,True,True,376,404,0,0,True
1405,True,True,True,True,True,True,True,522,559,0,0,True
1406,True,True,True,True,True,True,True,260,299,0,0,True
1407,True,True,True,True,True,True,True,254,272,0,0,True
1408,True,True,True,True,True,True,True,272,385,0,0,True
1409,True,True,True,True,True,True,True,368,773,0,0,True
1410,True,True,True,True,True,True,True,348,710,0,0,True
1411,True,True,True,True,True,True,True,204,440,0,0,True
1412,True,True,True,True,True,True,True,308,319,0,0,True
1413,True,True,True,True,True,True,True,368,423,0,0,True
1414,True,True,True,False,True,False,True,402,437,0,0,True
1415,True,True,True,True,True,True,True,192,298,0,0,True
1416,True,True,True,True,True,True,True,182,271,0,0,True
1417,True,True,True,True,True,True,True,134,214,0,0,True
1418,True,True,True,True,True,True,True,188,204,0,0,True
1419,True,True,True,True,True,True,True,382,384,0,0,True
1420,True,True,True,True,True,True,True,200,426,0,0,True
1421,True,True,True,True,True,True,True,166,166,0,0,True
1422,True,True,True,True,True,True,True,176,187,0,0,True
1423,True,True,True,True,True,True,True,178,182,0,0,True
1424,True,True,True,True,True,True,True,266,278,0,0,True
1425,True,True,True,True,True,False,True,250,347,0,0,True
1426,True,True,True,True,True,True,True,266,266,0,0,True
1427,True,True,True,True,True,True,True,88,88,0,0,True
1428,True,True,True,True,True,True,True,94,107,0,0,True
1429,True,True,True,True,True,True,True,360,677,0,0,True
1430,True,True,True,True,True,True,True,220,256,0,0,True
1431,True,True,True,True,True,True,True,144,170,0,0,True
1432,True,True,True,True,True,True,True,224,288,0,0,True
1433,True,True,True,True,True,True,True,246,305,0,0,True
1434,True,True,True,True,True,True,True,174,181,0,0,True
1435,True,True,True,True,True,True,True,152,162,0,0,True
1436,True,True,True,True,True,True,True,172,191,0,0,True
1437,True,True,True,True,True,True,True,210,213,0,0,True
1438,True,True,True,True,True,True,True,170,197,0,0,True
1439,True,True,True,True,True,True,True,182,186,0,0,True
1440,True,True,True,True,True,True,True,160,179,0,0,True
1441,True,True,True,True,True,True,True,226,390,0,0,True
1442,True,True,True,True,True,True,True,210,227,0,0,True
1443,True,True,True,True,True,False,True,258,892,0,0,True
1444,True,True,True,True,True,True,True,308,678,0,0,True
1445,True,True,True,True,True,True,True,312,328,0,0,True
1446,True,True,True,True,True,True,True,226,233,0,0,True
1447,True,True,True,True,True,True,True,232,284,0,0,True
1448,True,True,True,True,True,True,True,188,227,0,0,True
1449,True,True,True,True,True,True,True,124,126,0,0,True
1450,True,True,True,True,True,True,True,142,149,0,0,True
1451,True,True,True,True,True,True,True,254,495,0,0,True
1452,True,True,True,True,True,True,True,178,194,0,0,True
1453,True,True,True,True,True,True,True,314,692,0,0,True
1454,True,True,True,True,True,True,True,318,415,0,0,True
1455,True,True,True,True,True,True,True,246,291,0,0,True
1456,True,True,True,True,True,True,True,204,236,0,0,True
1457,True,True,True,True,True,True,True,106,108,0,0,True
1458,True,True,True,True,True,True,True,98,101,0,0,True
1459,True,True,True,True,True,True,True,180,190,0,0,True
1460,True,True,True,True,True,True,True,322,326,0,0,True
1461,True,True,True,True,True,True,True,188,208,0,0,True
1462,True,True,True,True,True,True,True,196,232,0,0,True
1463,True,True,True,True,True,True,True,212,321,0,0,True
1464,True,True,True,True,True,True,True,184,194,0,0,True
1465,True,True,True,True,True,True,True,258,286,0,0,True
1466,True,True,True,True,True,True,True,262,322,0,0,True
1467,True,True,True,True,True,True,True,392,428,0,0,True
1468,True,True,True,True,True,True,True,254,377,0,0,True
1469,True,True,True,True,True,True,True,206,252,0,0,True
1470,True,True,True,True,True,True,True,126,202,0,0,True
1471,True,True,True,True,True,False,True,92,148,0,0,True
1472,True,True,True,True,True,True,True,124,151,0,0,True
1473,True,True,True,True,True,True,True,242,430,0,0,True
1474,True,True,True,True,True,True,True,112,242,0,0,True
1475,False,False,False,False,False,False,False,140,422,0,0,True
1476,True,True,True,True,True,True,True,118,229,0,0,True
1477,True,True,True,True,True,False,True,166,257,0,0,True
1478,True,True,True,True,True,True,True,292,614,0,0,True
1479,True,True,True,True,True,True,True,112,145,0,0,True
1480,True,True,True,True,True,True,True,218,251,0,0,True
1481,True,True,True,True,True,True,True,124,128,0,0,True
1482,True,True,True,True,True,True,True,210,210,0,0,True
1483,True,True,True,True,True,True,True,302,329,0,0,False
1484,True,True,True,True,True,True,True,270,370,0,0,True
1485,True,True,True,True,True,True,True,180,243,0,0,True
1486,True,True,True,True,True,True,True,146,180,0,0,True
1487,True,True,True,True,True,True,True,178,203,0,0,True
1488,True,True,True,True,True,True,True,342,430,0,0,True
1489,True,True,True,True,True,True,True,188,242,0,0,True
1490,True,True,True,True,True,True,True,252,292,0,0,True
1491,True,True,True,True,True,False,True,240,464,0,0,True
1492,True,True,True,True,True,True,True,244,246,0,0,True
1493,True,True,True,True,True,True,True,334,344,0,0,True
1494,True,True,True,True,True,True,True,136,165,0,0,True
1495,True,True,True,True,True,True,True,244,350,0,0,True
1496,True,True,True,True,True,True,True,118,126,0,0,True
1497,True,True,True,True,True,True,True,128,138,0,0,True
1498,True,True,True,True,True,True,True,78,86,0,0,True
1499,True,True,True,True,True,True,True,112,235,0,0,True
1500,True,True,True,True,True,True,True,156,197,0,0,True
1501,True,True,True,True,True,True,True,172,199,0,0,True
1502,True,True,True,True,True,True,True,188,223,0,0,True
1503,False,False,False,False,False,False,False,304,613,0,0,False
1504,True,True,True,True,True,False,True,408,789,0,0,True
1505,True,True,True,True,True,True,True,128,138,0,0,True
1506,True,True,True,True,True,True,True,158,168,0,0,True
1507,True,True,True,True,True,True,True,92,112,0,0,True
1508,True,True,True,True,True,True,True,158,174,0,0,True
1509,True,True,True,True,True,True,True,412,433,0,0,True
1510,True,True,True,True,True,True,True,184,196,0,0,True
1511,True,True,True,True,True,True,True,200,210,0,0,True
1512,True,True,True,True,True,True,True,242,557,0,0,True
1513,True,True,True,True,True,True,True,218,500,0,0,True
1514,True,True,True,True,True,True,True,234,536,0,0,True
1515,True,True,True,True,True,True,True,150,283,0,0,True
1516,True,True,False,True,True,True,True,327,556,0,0,False
1517,True,True,True,True,True,True,True,236,743,0,0,True
1518,True,True,True,True,True,True,True,308,1239,0,0,True
1519,True,True,True,True,True,False,True,222,295,0,0,True
1520,True,True,True,True,True,True,True,268,320,0,0,True
1521,True,True,True,True,True,True,True,104,124,0,0,True
1522,True,True,True,True,True,True,True,266,345,0,0,True
1523,True,True,True,True,True,True,True,298,551,0,0,True
1524,True,True,True,True,True,True,True,146,175,0,0,True
1525,True,True,True,True,True,True,True,298,565,0,0,True
1526,True,True,True,True,True,True,True,216,610,0,0,True
1527,True,True,True,True,True,True,True,190,573,0,0,True
1528,True,True,True,True,True,True,True,248,726,0,0,True
1529,True,True,True,True,True,True,True,220,693,0,0,True
1530,True,True,True,True,True,True,True,284,862,0,0,True
1531,True,True,True,True,True,True,True,200,630,0,0,True
1532,True,True,True,True,True,True,True,174,497,0,0,True
1533,True,True,True,True,False,False,True,214,1136,0,0,True
1534,True,True,True,True,True,True,True,236,768,0,0,True
1535,True,True,True,True,True,True,True,334,792,0,0,True
1536,True,True,True,True,True,True,True,262,598,0,0,True
1537,True,True,True,True,True,True,True,196,536,0,0,True
1538,True,True,True,True,True,True,True,210,214,0,0,True
1539,True,True,True,True,True,True,True,174,366,0,0,True
1540,True,True,True,True,True,True,True,92,181,0,0,True
1541,True,True,True,True,True,True,True,136,136,0,0,True
1542,True,True,True,True,True,True,True,132,135,0,0,True
1543,True,True,True,True,True,True,True,136,136,0,0,True
1544,True,True,True,True,True,True,True,206,222,0,0,True
1545,True,True,True,True,True,True,True,368,653,0,0,True
1546,True,True,True,True,True,True,True,288,345,0,0,True
1547,True,True,True,True,True,True,True,400,544,0,0,True
1548,True,True,True,True,True,True,True,274,356,0,0,True
1549,True,True,True,True,True,True,True,112,447,0,0,True
1550,True,True,True,True,True,True,True,256,789,0,0,True
1551,True,True,True,True,True,True,True,218,636,0,0,True
1552,True,True,True,True,True,True,True,158,249,0,0,True
1553,False,False,False,False,False,False,False,198,624,0,0,True
1554,True,True,True,True,True,True,True,311,787,0,0,False
1555,True,True,True,True,True,True,True,128,212,0,0,True
1556,True,True,True,True,True,True,True,160,189,0,0,True
1557,True,True,True,True,True,True,True,166,184,0,0,True
1558,True,True,True,True,True,True,True,288,324,0,0,True
1559,True,True,True,True,True,True,True,396,478,0,0,True
1560,True,True,True,True,True,True,True,220,238,0,0,True
1561,True,True,True,True,True,True,True,396,424,0,0,False
1562,True,True,True,True,True,True,True,306,490,0,0,True
1563,True,True,True,True,True,True,True,282,334,0,0,True
1564,True,True,True,True,True,True,True,198,313,0,0,True
1565,True,True,True,True,True,True,True,266,279,0,0,True
1566,True,True,True,True,True,True,True,196,213,0,0,True
1567,True,True,True,True,True,True,True,329,415,0,0,False
1568,False,False,False,False,False,False,False,218,658,0,0,True
1569,True,True,True,True,True,True,True,168,386,0,0,True
1570,True,True,True,True,True,True,True,208,429,0,0,True
1571,True,False,True,True,True,False,True,150,232,0,0,True
1572,False,False,False,False,False,False,False,160,254,0,0,True
1573,False,False,False,False,False,False,False,162,170,0,0,True
1574,True,True,True,False,True,False,True,262,431,0,0,True
1575,True,True,True,True,True,True,True,250,425,0,0,True
1576,True,True,True,True,True,True,True,238,411,0,0,True
1577,False,False,False,False,False,False,False,258,508,0,0,True
1578,True,True,False,False,True,False,True,218,242,0,0,True
1579,True,True,True,True,True,False,True,140,289,0,0,True
1580,True,True,True,True,True,True,True,106,121,0,0,True
1581,True,True,True,True,True,True,True,304,894,0,0,True
1582,True,True,False,True,True,True,True,200,242,0,0,True
1583,True,True,True,True,True,True,True,170,349,0,0,True
1584,True,True,True,True,True,True,True,284,1050,0,0,True
1585,True,True,True,True,True,True,True,298,967,0,0,True
1586,True,True,True,True,True,True,True,404,3180,0,0,True
1587,True,True,True,True,True,True,True,342,1318,0,0,True
1588,True,True,True,True,True,True,True,184,478,0,0,True
1589,True,True,True,True,True,True,True,184,531,0,0,True
1590,True,True,True,True,True,True,True,208,679,0,0,True
1591,True,True,True,True,True,True,True,284,598,0,0,True
1592,True,True,True,True,True,True,True,382,1747,0,0,True
1593,True,True,True,False,True,False,True,270,599,0,0,True
1594,True,True,True,True,True,True,True,108,230,0,0,True
1595,False,False,False,False,False,False,False,136,288,0,0,True
1596,True,True,True,True,True,True,True,104,292,0,0,True
1597,True,True,True,True,True,True,True,156,445,0,0,True
1598,True,True,True,True,True,False,True,92,148,0,0,True
1599,True,False,True,True,True,False,True,300,2042,0,0,True
1600,True,True,True,True,True,True,True,180,535,0,0,True
1601,True,True,True,True,True,True,True,188,567,0,0,True
1602,True,True,True,True,True,True,True,172,496,0,0,True
1603,True,True,True,True,False,False,True,184,286,0,0,True
1604,True,True,True,True,False,False,True,208,346,0,0,True
1605,True,True,True,True,True,True,True,228,389,0,0,True
1606,True,True,True,True,True,False,True,478,1468,0,0,True
1607,True,True,False,False,True,False,True,240,666,0,0,True
1608,True,True,True,True,True,True,True,128,273,0,0,True
1609,True,True,True,True,True,False,True,232,259,0,0,True
1610,True,True,True,True,True,False,True,246,747,0,0,True
1611,True,True,True,True,True,True,True,180,517,0,0,True
1612,True,True,True,True,True,True,True,186,378,0,0,True
1613,True,True,True,True,True,True,True,160,462,0,0,True
1614,True,True,True,True,True,True,True,174,510,0,0,True
1615,True,True,True,True,True,True,True,118,334,0,0,True
1616,True,True,True,True,True,True,True,156,448,0,0,True
1617,True,True,True,True,True,True,True,222,525,0,0,True
1618,True,True,True,True,True,True,True,102,288,0,0,True
1619,True,True,True,True,True,True,True,98,274,0,0,True
1620,True,True,True,True,True,True,True,154,461,0,0,True
1621,True,True,True,True,True,True,True,202,1951,0,0,True
1622,True,True,False,True,True,False,True,212,225,0,0,True
1623,True,True,True,True,True,False,True,220,431,0,0,True
1624,True,True,True,True,True,True,True,360,1056,0,0,True
1625,True,True,True,True,True,True,True,294,646,0,0,True
1626,True,True,True,True,True,True,True,306,670,0,0,True
1627,True,True,True,True,True,True,True,286,704,0,0,True
1628,True,True,True,True,True,True,True,204,603,0,0,True
1629,True,True,True,True,True,True,True,260,768,0,0,True
1630,True,True,True,True,True,True,True,230,1176,0,0,True
1631,True,True,True,True,True,True,True,250,1281,0,0,True
1632,True,True,True,True,True,True,True,258,1323,0,0,True
1633,True,True,True,True,True,True,True,112,316,0,0,True
1634,True,True,True,True,True,True,True,242,522,0,0,True
1635,True,True,True,True,True,True,True,342,740,0,0,True
1636,True,True,True,True,True,True,True,488,534,0,0,True
1637,True,True,True,True,True,True,True,330,720,0,0,True
1638,True,True,True,True,True,True,True,446,480,0,0,True
1639,True,True,True,True,True,True,True,310,617,0,0,True
1640,True,True,True,True,True,True,True,370,1105,0,0,True
1641,True,True,True,True,True,True,True,140,222,0,0,True
1642,True,True,True,True,True,False,True,402,796,0,0,True
1643,True,True,True,True,True,True,True,378,719,0,0,True
1644,True,True,True,True,True,True,True,290,738,0,0,True
1645,True,True,True,True,True,False,True,252,449,0,0,True
1646,True,True,True,True,True,True,True,242,552,0,0,True
1647,True,True,True,True,True,True,True,264,388,0,0,False
1648,True,True,True,True,False,True,True,268,579,0,0,True
1649,False,False,False,False,False,False,False,272,413,0,0,True
1650,True,True,True,True,True,True,True,170,486,0,0,True
1651,True,True,True,True,True,True,True,298,624,0,0,False
1652,False,False,False,False,False,False,False,210,213,0,0,True
1653,True,True,True,True,True,True,True,180,356,0,0,True
1654,True,True,True,True,True,True,True,640,1569,0,0,True
1655,True,True,True,True,True,True,True,420,948,0,0,True
1656,True,True,True,True,True,False,True,382,512,0,0,True
1657,True,True,True,True,True,True,True,398,812,0,0,True
1658,True,True,True,True,True,True,True,374,764,0,0,True
1659,True,True,True,True,True,True,True,326,668,0,0,True
1660,True,True,True,True,True,True,True,398,788,0,0,True
1661,True,True,True,True,True,True,True,386,788,0,0,True
1662,True,True,True,True,True,True,True,388,768,0,0,True
1663,True,True,True,True,True,True,True,108,226,0,0,True
1664,True,True,True,True,False,False,True,154,267,0,0,True
1665,False,False,False,False,False,False,False,29,296,0,0,False
1666,True,True,True,True,True,True,True,204,587,0,0,False
1667,True,True,False,True,False,False,True,243,3226,0,0,False
1668,True,True,True,True,False,False,True,196,252,0,0,False
1669,True,True,True,True,True,True,True,150,444,0,0,True
1670,True,True,True,True,True,False,True,308,597,0,0,True
1671,True,True,True,True,True,True,True,422,1320,0,0,True
1672,True,True,True,True,True,True,True,90,259,0,0,True
1673,True,True,True,True,True,True,True,108,305,0,0,True
1674,True,True,True,True,False,False,True,232,317,0,0,False
1675,False,False,False,False,False,False,False,210,262,0,0,True
1676,True,True,True,True,True,True,True,74,202,0,0,True
1677,True,True,True,True,True,True,True,344,1028,0,0,True
1678,True,True,True,True,True,True,True,294,665,0,0,True
1679,True,True,True,True,True,True,True,286,656,0,0,True
1680,True,True,True,True,True,False,True,300,1025,0,0,True
1681,True,True,True,True,True,True,True,226,1712,0,0,True
1682,True,True,True,True,False,True,True,274,282,0,0,False
1683,True,True,True,True,True,True,True,337,781,0,0,False
1684,True,True,True,True,True,True,True,288,584,0,0,True
1685,False,False,False,False,False,False,False,192,263,0,0,True
1686,False,False,False,False,False,False,False,152,213,0,0,True
1687,True,False,True,True,True,True,True,400,1413,0,0,True
1688,True,False,True,True,False,False,True,404,1642,0,0,True
1689,True,True,True,True,True,True,True,370,1246,0,0,True
1690,True,False,True,True,False,False,True,412,1199,0,0,True
1691,True,True,True,True,True,False,True,398,1208,0,0,True
1692,True,True,True,True,True,True,True,260,760,0,0,True
1693,True,True,True,True,True,True,True,315,915,0,0,False
1694,True,True,True,True,True,True,True,354,1796,0,0,True
1695,True,True,True,True,True,True,True,404,643,0,0,False
1696,True,True,True,True,True,True,True,370,733,0,0,False
1697,True,True,True,True,True,True,True,260,478,0,0,True
1698,True,True,True,True,True,True,True,370,740,0,0,False
1699,True,True,True,True,True,True,True,116,347,0,0,True
1700,True,True,True,True,True,True,True,76,220,0,0,True
1701,True,True,True,True,True,True,True,202,336,0,0,True
1702,True,True,True,True,True,True,True,524,961,0,0,True
1703,True,True,True,True,True,True,True,366,762,0,0,True
1704,True,True,True,True,True,False,True,406,446,0,0,True
1705,True,True,True,True,True,False,True,378,410,0,0,True
1706,False,False,False,False,False,False,False,222,242,0,0,True
1707,True,True,True,False,True,True,True,309,1972,0,0,False
1708,True,True,True,True,True,True,True,108,208,0,0,True
1709,True,False,True,True,False,False,True,112,132,0,0,True
1710,True,True,True,True,True,True,True,68,184,0,0,True
1711,False,False,False,False,False,False,False,234,330,0,0,True
1712,True,True,True,True,True,True,True,302,624,0,0,True
1713,True,True,True,True,True,True,True,264,742,0,0,True
1714,True,True,True,False,True,False,True,182,368,0,0,True
1715,True,True,True,True,True,False,True,236,892,0,0,True
1716,True,True,True,True,True,True,True,298,325,0,0,True
1717,True,True,True,True,True,False,True,192,257,0,0,True
1718,True,True,True,True,True,False,True,204,476,0,0,True
1719,True,True,True,True,True,True,True,144,393,0,0,True
1720,True,True,True,True,True,True,True,262,548,0,0,True
1721,True,True,True,True,True,True,True,278,558,0,0,True
1722,True,True,True,True,True,True,True,309,614,0,0,False
1723,False,False,False,False,False,False,False,290,672,0,0,False
1724,True,True,True,True,True,True,True,379,749,0,0,False
1725,True,True,True,True,True,True,True,94,262,0,0,True
1726,True,True,True,True,True,True,True,90,256,0,0,True
1727,True,True,True,True,True,True,True,108,297,0,0,True
1728,True,True,True,True,True,True,True,144,372,0,0,True
1729,True,True,True,True,True,True,True,122,915,0,0,True
1730,True,True,True,True,True,True,True,198,591,0,0,True
1731,True,True,True,True,True,True,True,194,568,0,0,True
1732,True,True,True,True,True,True,True,216,643,0,0,True
1733,True,True,True,True,True,True,True,90,259,0,0,True
1734,False,False,False,False,False,False,False,198,203,0,0,True
1735,True,True,True,True,True,True,True,256,682,0,0,True
1736,True,True,True,True,True,True,True,222,252,0,0,True
1737,True,True,True,True,True,True,True,232,456,0,0,True
1738,True,True,True,True,True,True,True,190,591,0,0,True
1739,True,True,False,True,True,True,True,152,462,0,0,True
1740,True,True,False,True,True,True,True,148,384,0,0,True
1741,True,False,True,False,True,False,True,176,223,0,0,True
1742,True,True,False,True,True,False,True,190,245,0,0,True
1743,True,True,True,True,True,True,True,222,356,0,0,True
1744,True,True,True,True,True,True,True,216,476,0,0,True
1745,True,True,True,True,True,True,True,128,232,0,0,True
1746,True,True,True,True,False,False,True,410,2611,0,0,True
1747,False,False,False,False,False,False,False,246,298,0,0,True
1748,True,True,True,True,True,True,True,212,710,0,0,True
1749,True,True,True,True,True,False,True,350,435,0,0,True
1750,False,False,False,False,False,False,False,338,403,0,0,True
1751,True,True,True,True,True,True,True,200,489,0,0,True
1752,False,False,False,False,False,False,False,190,222,0,0,True
1753,False,False,False,False,False,False,False,150,150,0,0,True
1754,True,True,True,True,True,True,True,84,192,0,0,True
1755,True,True,True,True,True,True,True,446,1067,0,0,True
1756,True,True,True,True,True,True,True,399,968,0,0,False
1757,True,True,True,True,True,True,True,246,578,0,0,True
1758,True,True,True,True,True,True,True,267,970,0,0,False
1759,True,True,True,True,True,True,True,190,476,0,0,True
1760,True,True,True,True,True,False,True,236,299,0,0,True
1761,False,False,False,False,False,False,False,158,166,0,0,True
1762,True,True,True,True,True,True,True,316,1078,0,0,True
1763,True,True,True,True,True,True,True,308,1072,0,0,False
1764,True,True,True,True,True,True,True,386,1278,0,0,True
1765,True,True,True,True,True,True,True,228,686,0,0,True
1766,True,True,True,True,True,True,True,250,537,0,0,True
1767,True,True,True,True,True,True,True,274,854,0,0,True
1768,True,True,True,True,True,True,True,308,1018,0,0,True
1769,True,True,True,True,True,True,True,94,262,0,0,True
1770,True,True,True,True,True,True,True,148,302,0,0,True
1771,True,False,True,True,False,False,True,230,362,0,0,True
1772,True,True,True,True,True,True,True,264,500,0,0,True
1773,True,True,True,True,True,True,True,280,518,0,0,True
1774,True,True,True,True,True,True,True,274,795,0,0,True
1775,True,True,True,True,True,True,True,274,808,0,0,True
1776,False,False,False,False,False,False,False,286,1715,0,0,False
1777,True,True,True,False,True,False,True,276,495,0,0,True
1778,True,True,True,False,True,False,True,318,380,0,0,True
1779,True,True,True,True,True,False,True,368,845,0,0,True
1780,True,True,True,True,True,False,True,284,328,0,0,True
1781,True,True,True,True,True,True,True,180,482,0,0,True
1782,True,True,True,True,True,True,True,210,754,0,0,True
1783,True,True,True,True,True,True,True,240,473,0,0,True
1784,False,False,False,False,False,False,False,248,264,0,0,True
1785,True,True,True,True,True,False,True,256,294,0,0,True
1786,True,True,True,True,True,True,True,248,548,0,0,True
1787,True,True,True,True,True,True,True,230,542,0,0,True
1788,True,True,True,True,True,True,True,112,328,0,0,True
1789,True,True,True,True,True,True,True,282,558,0,0,True
1790,False,False,False,False,False,False,False,202,251,0,0,True
1791,True,True,True,True,True,True,True,292,611,0,0,True
1792,True,True,True,True,True,True,True,168,334,0,0,True
1793,True,True,True,True,True,True,True,300,848,0,0,False
1794,True,True,True,True,True,True,True,248,494,0,0,True
1795,True,True,True,True,True,False,True,256,353,0,0,True
1796,True,True,True,True,True,True,True,290,339,0,0,True
1797,True,True,True,True,True,False,True,256,580,0,0,True
1798,True,True,True,True,True,True,True,327,4487,0,0,False
1799,True,True,True,True,True,True,True,426,864,0,0,False
1800,True,True,True,True,True,True,True,400,423,0,0,True
1801,True,True,True,True,True,True,True,440,924,0,0,True
1802,True,True,True,True,True,True,True,228,249,0,0,True
1803,True,True,True,True,True,True,True,180,526,0,0,True
1804,True,True,True,True,True,True,True,168,486,0,0,True
1805,True,True,True,True,True,True,True,168,486,0,0,True
1806,True,False,True,False,True,False,True,259,1011,0,0,False
1807,True,True,True,True,True,True,True,230,685,0,0,True
1808,True,True,True,True,True,True,True,222,661,0,0,True
1809,True,True,True,True,True,True,True,201,452,0,0,False
1810,True,True,True,True,True,True,True,194,580,0,0,True
1811,True,True,True,True,True,True,True,206,620,0,0,True
1812,True,True,True,True,True,True,True,230,688,0,0,True
1813,True,True,True,True,True,True,True,110,340,0,0,True
1814,True,True,True,True,True,False,True,220,491,0,0,True
1815,True,True,True,True,True,True,True,230,525,0,0,True
1816,True,True,True,True,True,True,True,320,371,0,0,True
1817,True,True,True,True,True,True,True,234,472,0,0,True
1818,True,True,True,True,True,False,True,182,361,0,0,True
1819,True,True,True,True,True,True,True,96,269,0,0,True
1820,True,True,True,True,True,True,True,96,269,0,0,True
1821,True,True,True,True,True,True,True,220,425,0,0,True
1822,True,True,True,True,True,True,True,188,544,0,0,True
1823,True,True,True,True,True,True,True,382,453,0,0,True
1824,True,True,True,True,True,True,True,138,282,0,0,True
1825,True,True,True,True,True,True,True,132,273,0,0,True
1826,True,True,True,True,True,True,True,116,261,0,0,True
1827,True,True,True,True,True,True,True,100,166,0,0,True
1828,True,True,True,True,True,True,True,124,224,0,0,True
1829,True,True,True,True,True,True,True,98,217,0,0,True
1830,True,True,True,True,True,False,True,188,214,0,0,True
1831,True,True,True,True,True,True,True,118,340,0,0,True
1832,True,True,True,True,True,True,True,178,314,0,0,True
1833,True,True,True,True,True,True,True,196,596,0,0,True
1834,True,True,True,True,True,True,True,122,256,0,0,True
1835,True,True,True,True,True,True,True,128,338,0,0,True
1836,True,True,True,True,True,True,True,312,704,0,0,True
1837,True,True,True,True,True,False,True,364,535,0,0,True
1838,True,True,True,True,True,True,True,230,533,0,0,True
1839,True,True,True,True,True,True,True,140,402,0,0,True
1840,True,True,True,True,True,True,True,118,242,0,0,True
1841,True,True,True,True,True,True,True,238,801,0,0,True
1842,True,True,True,True,True,True,True,172,656,0,0,True
1843,True,True,True,True,True,True,True,234,519,0,0,True
1844,True,True,True,True,True,True,True,178,379,0,0,True
1845,True,True,True,True,True,True,True,114,333,0,0,True
1846,True,True,True,True,True,True,True,104,292,0,0,True
1847,True,True,True,True,True,True,True,98,274,0,0,True
1848,True,True,True,True,True,True,True,344,373,0,0,True
1849,True,True,True,True,True,True,True,298,729,0,0,True
1850,True,True,True,True,True,True,True,100,280,0,0,True
