index,variant,recovery,searches_complete,mapping_cpu,capped
0,tol_1p0,recovered,True,78.828015998,True
0,tol_1p5,recovered,True,79.984716467,True
0,archived_1p0,recovered,True,80.36732064099999,True
1,tol_1p0,recovered,True,3.461286200999999,True
1,tol_1p5,recovered,True,3.685431951,True
1,archived_1p0,recovered,True,3.885844473,True
2,tol_1p0,recovered,True,9.065139152,True
2,tol_1p5,recovered,True,8.804281306,True
2,archived_1p0,recovered,True,9.074871639,True
3,tol_1p0,recovered,True,3.2335330110000005,True
3,tol_1p5,recovered,True,3.2795516190000003,True
3,archived_1p0,recovered,True,3.773708295,True
4,tol_1p0,recovered,True,3.705644994,True
4,tol_1p5,recovered,True,3.080024003,True
4,archived_1p0,recovered,True,3.7684460269999995,True
5,tol_1p0,recovered,True,1.4873483559999996,False
5,tol_1p5,recovered,True,1.471519657,False
5,archived_1p0,recovered,True,1.7321331150000001,False
6,tol_1p0,recovered,True,1.004579665,False
6,tol_1p5,recovered,True,0.9854160559999998,False
6,archived_1p0,recovered,True,1.019002787,False
7,tol_1p0,not_recovered,True,25.657255297,True
7,tol_1p5,not_recovered,True,25.804147749,True
7,archived_1p0,not_recovered,True,26.156549114999997,True
8,tol_1p0,recovered,True,5.177343264999999,True
8,tol_1p5,recovered,True,5.453154468,True
8,archived_1p0,recovered,True,5.810837895999999,True
9,tol_1p0,recovered,True,2.373336266999999,True
9,tol_1p5,recovered,True,2.3698862919999995,True
9,archived_1p0,recovered,True,2.7571101049999998,True
10,tol_1p0,recovered,True,10.879013196999999,True
10,tol_1p5,recovered,True,10.624285519,True
10,archived_1p0,recovered,True,11.178372587,True
11,tol_1p0,recovered,True,3.0989677980000003,True
11,tol_1p5,recovered,True,3.074348168,True
11,archived_1p0,recovered,True,3.259754708,True
12,tol_1p0,recovered,True,9.067375191,False
12,tol_1p5,recovered,True,8.885397777000001,False
12,archived_1p0,recovered,True,9.306386778,False
13,tol_1p0,recovered,True,10.202658155,True
13,tol_1p5,recovered,True,10.169774585,True
13,archived_1p0,recovered,True,10.050511325999999,True
14,tol_1p0,recovered,True,2.5023178420000005,False
14,tol_1p5,recovered,True,2.4617143009999998,False
14,archived_1p0,recovered,True,2.635236357,False
15,tol_1p0,recovered,True,2.9660037939999997,True
15,tol_1p5,recovered,True,2.791262959,True
15,archived_1p0,recovered,True,2.780176825,True
16,tol_1p0,recovered,True,12.060898845,True
16,tol_1p5,recovered,True,12.176891821999998,True
16,archived_1p0,recovered,True,12.60818115,True
17,tol_1p0,recovered,True,66.685466945,True
17,tol_1p5,recovered,True,66.550810892,True
17,archived_1p0,recovered,True,66.359127805,True
18,tol_1p0,recovered,True,1.2711809139999999,False
18,tol_1p5,recovered,True,1.2863530129999998,False
18,archived_1p0,recovered,True,1.4913699549999997,False
19,tol_1p0,not_recovered,True,39.843396174999995,True
19,tol_1p5,not_recovered,True,40.44693798400001,True
19,archived_1p0,not_recovered,True,40.124374558999996,True
20,tol_1p0,recovered,True,5.403782589999999,True
20,tol_1p5,recovered,True,5.455221339,True
20,archived_1p0,recovered,True,5.542654288,True
21,tol_1p0,recovered,True,2.492025398999999,True
21,tol_1p5,recovered,True,2.451372512,True
21,archived_1p0,recovered,True,2.71264241,True
22,tol_1p0,recovered,True,5.597887987,True
22,tol_1p5,recovered,True,5.348476282999999,True
22,archived_1p0,recovered,True,5.719854063,True
23,tol_1p0,recovered,True,1.4316026270000002,False
23,tol_1p5,recovered,True,1.619202751,True
23,archived_1p0,recovered,True,1.428689816,False
24,tol_1p0,recovered,True,3.5030962679999997,False
24,tol_1p5,recovered,True,3.6104956430000006,False
24,archived_1p0,recovered,True,3.847207229,False
25,tol_1p0,recovered,True,7.505972871000001,True
25,tol_1p5,recovered,True,7.860851666,True
25,archived_1p0,recovered,True,7.54638748,True
26,tol_1p0,recovered,True,3.8886088679999995,True
26,tol_1p5,recovered,True,4.123730683,True
26,archived_1p0,recovered,True,3.9186382760000007,True
27,tol_1p0,recovered,True,12.768991666999998,True
27,tol_1p5,recovered,True,12.784038998,True
27,archived_1p0,recovered,True,13.094634903,True
28,tol_1p0,recovered,True,1.8270106249999998,True
28,tol_1p5,recovered,True,1.854107764,True
28,archived_1p0,recovered,True,1.9716092299999997,True
29,tol_1p0,recovered,True,25.526272833999997,True
29,tol_1p5,recovered,True,25.790652867,True
29,archived_1p0,recovered,True,26.707170296,True
30,tol_1p0,recovered,True,6.209240662999999,True
30,tol_1p5,recovered,True,3.867566716999999,True
30,archived_1p0,recovered,True,6.397601026,True
31,tol_1p0,recovered,True,2.1992530359999996,False
31,tol_1p5,recovered,True,2.368273401,False
31,archived_1p0,recovered,True,2.191186839,False
32,tol_1p0,recovered,True,10.398252055999999,True
32,tol_1p5,recovered,True,9.681338305,True
32,archived_1p0,recovered,True,10.401318357,True
33,tol_1p0,recovered,True,11.777411928,True
33,tol_1p5,recovered,True,11.718510706,True
33,archived_1p0,recovered,True,11.680888298,True
34,tol_1p0,recovered,True,3.2023802319999994,True
34,tol_1p5,recovered,True,3.215763754,True
34,archived_1p0,recovered,True,3.3889120430000004,True
35,tol_1p0,recovered,True,5.358474951,False
35,tol_1p5,recovered,True,5.103184359,False
35,archived_1p0,recovered,True,5.075306844,False
36,tol_1p0,recovered,True,5.696670363000001,True
36,tol_1p5,recovered,True,5.809018676999999,True
36,archived_1p0,recovered,True,6.1031094910000006,True
37,tol_1p0,recovered,True,4.069402392000001,True
37,tol_1p5,recovered,True,3.9278733179999996,True
37,archived_1p0,recovered,True,4.063282978,True
38,tol_1p0,recovered,True,1.362161061,False
38,tol_1p5,recovered,True,1.474289383,False
38,archived_1p0,recovered,True,1.582125928,False
39,tol_1p0,recovered,True,21.616493359,True
39,tol_1p5,recovered,True,21.962033719000004,True
39,archived_1p0,recovered,True,22.567183286,True
40,tol_1p0,recovered,True,12.973503874999997,True
40,tol_1p5,recovered,True,12.954507272,True
40,archived_1p0,recovered,True,12.996585336000003,True
41,tol_1p0,recovered,True,8.797980683,True
41,tol_1p5,recovered,True,8.521211932,True
41,archived_1p0,recovered,True,8.254495616,True
42,tol_1p0,recovered,True,4.283246509999999,True
42,tol_1p5,recovered,True,4.279392626,True
42,archived_1p0,recovered,True,4.557502375,True
43,tol_1p0,recovered,True,1.421023629,False
43,tol_1p5,recovered,True,1.4041915820000002,False
43,archived_1p0,recovered,True,1.538889684,False
44,tol_1p0,not_recovered,True,21.125763909,True
44,tol_1p5,not_recovered,True,21.22086281,True
44,archived_1p0,not_recovered,True,20.821015848000002,True
45,tol_1p0,recovered,True,2.6297764569999993,True
45,tol_1p5,recovered,True,2.5639254320000004,True
45,archived_1p0,recovered,True,2.747043448,True
46,tol_1p0,recovered,True,4.923483515,True
46,tol_1p5,recovered,True,4.883692819999999,True
46,archived_1p0,recovered,True,4.646215083,True
47,tol_1p0,recovered,True,1.068638816,False
47,tol_1p5,recovered,True,1.0013509630000001,False
47,archived_1p0,recovered,True,1.1724443229999997,False
48,tol_1p0,recovered,True,41.577642110999996,True
48,tol_1p5,recovered,True,41.96460102600001,True
48,archived_1p0,recovered,True,42.370206128999996,True
49,tol_1p0,recovered,True,1.6256706309999998,False
49,tol_1p5,recovered,True,1.692897893,False
49,archived_1p0,recovered,True,2.0176265649999996,False
50,tol_1p0,recovered,True,1.15208968,False
50,tol_1p5,recovered,True,1.159892957,False
50,archived_1p0,recovered,True,1.057901178,False
51,tol_1p0,recovered,True,1.4847726719999996,False
51,tol_1p5,recovered,True,1.4576581359999996,False
51,archived_1p0,recovered,True,1.5450506709999996,False
52,tol_1p0,recovered,True,2.757014937,True
52,tol_1p5,recovered,True,3.214004267,True
52,archived_1p0,recovered,True,3.2991560479999995,True
53,tol_1p0,recovered,True,2.130698689,False
53,tol_1p5,recovered,True,2.111055276,False
53,archived_1p0,recovered,True,2.510306012,False
54,tol_1p0,recovered,True,2.4087904119999997,False
54,tol_1p5,recovered,True,2.4599793009999997,False
54,archived_1p0,recovered,True,2.357757103,False
55,tol_1p0,recovered,True,6.792728838000002,True
55,tol_1p5,recovered,True,6.732291215,True
55,archived_1p0,recovered,True,6.770671341000001,True
56,tol_1p0,recovered,True,9.907154316,True
56,tol_1p5,recovered,True,9.76174075,True
56,archived_1p0,recovered,True,10.170047706,True
57,tol_1p0,recovered,True,1.2042846839999999,False
57,tol_1p5,recovered,True,1.2356645879999997,False
57,archived_1p0,recovered,True,1.2949331340000003,False
58,tol_1p0,recovered,True,2.0937891459999998,True
58,tol_1p5,recovered,True,2.0661089390000003,True
58,archived_1p0,recovered,True,2.5994733070000002,True
59,tol_1p0,recovered,True,1.8508791939999998,False
59,tol_1p5,recovered,True,1.7945702900000002,False
59,archived_1p0,recovered,True,2.0372075279999997,False
60,tol_1p0,recovered,True,1.1599676429999999,False
60,tol_1p5,recovered,True,1.1771093049999999,False
60,archived_1p0,recovered,True,1.221170388,False
61,tol_1p0,recovered,True,11.803981842999999,False
61,tol_1p5,recovered,True,11.054473221,False
61,archived_1p0,recovered,True,11.627315057,False
62,tol_1p0,recovered,True,3.529097544,True
62,tol_1p5,recovered,True,3.520225034,True
62,archived_1p0,recovered,True,3.578699063,True
63,tol_1p0,recovered,True,1.550272919,False
63,tol_1p5,recovered,True,1.494524759,False
63,archived_1p0,recovered,True,1.6722687770000002,False
64,tol_1p0,recovered,True,1.3594143209999996,False
64,tol_1p5,recovered,True,1.3056974729999997,False
64,archived_1p0,recovered,True,1.5045852069999999,False
65,tol_1p0,recovered,True,2.473004541,False
65,tol_1p5,recovered,True,2.3901309249999994,False
65,archived_1p0,recovered,True,2.660683263,False
66,tol_1p0,recovered,True,40.51575900700001,True
66,tol_1p5,recovered,True,40.080002101999995,True
66,archived_1p0,recovered,True,40.629394818,True
67,tol_1p0,recovered,True,4.6398246069999995,True
67,tol_1p5,recovered,True,4.668511741,True
67,archived_1p0,recovered,True,4.798006049000001,True
68,tol_1p0,recovered,True,6.307370508,True
68,tol_1p5,recovered,True,6.371078154,True
68,archived_1p0,recovered,True,6.4251999390000005,True
69,tol_1p0,recovered,True,6.1238413959999995,True
69,tol_1p5,recovered,True,6.291213357999999,True
69,archived_1p0,recovered,True,6.55117581,True
70,tol_1p0,recovered,True,1.627078977,False
70,tol_1p5,recovered,True,1.609993798,False
70,archived_1p0,recovered,True,1.610189345,False
71,tol_1p0,recovered,True,6.46682899,True
71,tol_1p5,recovered,True,6.2993313429999995,True
71,archived_1p0,recovered,True,6.829953991000001,True
72,tol_1p0,recovered,True,2.523830318,False
72,tol_1p5,recovered,True,2.695293591,False
72,archived_1p0,recovered,True,2.565816838,False
73,tol_1p0,recovered,True,1.2973623189999999,False
73,tol_1p5,recovered,True,1.3261632739999998,False
73,archived_1p0,recovered,True,1.3316827569999998,False
74,tol_1p0,recovered,True,8.922369818,False
74,tol_1p5,recovered,True,8.711501364999998,False
74,archived_1p0,recovered,True,8.740070059999999,False
75,tol_1p0,recovered,True,1.256431895,False
75,tol_1p5,recovered,True,1.2664407069999999,False
75,archived_1p0,recovered,True,1.3244310060000002,False
76,tol_1p0,recovered,True,2.6951042569999997,False
76,tol_1p5,recovered,True,2.6835144389999996,False
76,archived_1p0,recovered,True,3.01913289,False
77,tol_1p0,recovered,True,2.8266427189999996,True
77,tol_1p5,recovered,True,2.7740428350000004,True
77,archived_1p0,recovered,True,2.995366882,True
78,tol_1p0,recovered,True,3.6184114579999997,False
78,tol_1p5,recovered,True,3.7337829519999994,False
78,archived_1p0,recovered,True,3.5528333630000004,False
79,tol_1p0,recovered,True,2.6281805889999994,True
79,tol_1p5,recovered,True,2.4223949819999997,True
79,archived_1p0,recovered,True,2.461609212,True
80,tol_1p0,recovered,True,4.666377149000001,True
80,tol_1p5,recovered,True,4.882518311,True
80,archived_1p0,recovered,True,5.282151905000001,True
81,tol_1p0,recovered,True,3.2043870199999995,False
81,tol_1p5,recovered,True,3.124781597,False
81,archived_1p0,recovered,True,3.291796103,False
82,tol_1p0,recovered,True,1.053435895,False
82,tol_1p5,recovered,True,1.0174350209999998,False
82,archived_1p0,recovered,True,1.2125839919999999,False
83,tol_1p0,recovered,True,4.3962378929999995,True
83,tol_1p5,recovered,True,4.808453418000001,True
83,archived_1p0,recovered,True,4.85844557,True
84,tol_1p0,recovered,True,4.712387292999999,False
84,tol_1p5,recovered,True,5.038430185000001,False
84,archived_1p0,recovered,True,5.087254735,False
85,tol_1p0,recovered,True,5.066286331,False
85,tol_1p5,recovered,True,5.175481589999999,False
85,archived_1p0,recovered,True,5.28203547,False
86,tol_1p0,recovered,True,2.330260772,True
86,tol_1p5,recovered,True,2.312728623,True
86,archived_1p0,recovered,True,2.5130051580000003,True
87,tol_1p0,recovered,True,2.028327921,False
87,tol_1p5,recovered,True,1.9435831600000002,False
87,archived_1p0,recovered,True,2.0966985549999997,False
88,tol_1p0,recovered,True,3.6310671890000004,True
88,tol_1p5,recovered,True,3.3518020770000003,True
88,archived_1p0,recovered,True,3.8033022389999998,True
89,tol_1p0,recovered,True,1.690668166,False
89,tol_1p5,recovered,True,1.5787143280000002,False
89,archived_1p0,recovered,True,1.7046221569999997,False
90,tol_1p0,recovered,True,3.3730475959999997,True
90,tol_1p5,recovered,True,3.610126667,True
90,archived_1p0,recovered,True,3.324183625,True
91,tol_1p0,recovered,True,14.67457577,True
91,tol_1p5,recovered,True,15.398984097,True
91,archived_1p0,recovered,True,14.802424756999999,True
92,tol_1p0,recovered,True,2.4406646179999996,True
92,tol_1p5,recovered,True,2.494258761,True
92,archived_1p0,recovered,True,2.5878878869999995,True
93,tol_1p0,recovered,True,1.2063211569999999,False
93,tol_1p5,recovered,True,1.226305435,False
93,archived_1p0,recovered,True,1.3170157099999997,False
94,tol_1p0,recovered,True,1.2011270259999995,False
94,tol_1p5,recovered,True,1.142396126,False
94,archived_1p0,recovered,True,1.2228078120000005,False
95,tol_1p0,recovered,True,18.730407521,True
95,tol_1p5,recovered,True,19.365241705000003,True
95,archived_1p0,recovered,True,18.870126065,True
96,tol_1p0,recovered,True,1.8310451529999998,False
96,tol_1p5,recovered,True,1.8363453779999999,False
96,archived_1p0,recovered,True,2.0086890120000005,False
97,tol_1p0,recovered,True,14.395426243,True
97,tol_1p5,recovered,True,13.895870067999999,True
97,archived_1p0,recovered,True,14.492988201000003,True
98,tol_1p0,recovered,True,1.258003564,False
98,tol_1p5,recovered,True,1.263888134,False
98,archived_1p0,recovered,True,1.5003955540000002,False
99,tol_1p0,recovered,True,1.9347332799999997,True
99,tol_1p5,recovered,True,1.966262543,True
99,archived_1p0,recovered,True,2.057641666,True
100,tol_1p0,recovered,True,4.785946949999999,True
100,tol_1p5,recovered,True,4.584118264,True
100,archived_1p0,recovered,True,5.148436996999999,True
101,tol_1p0,recovered,True,2.538397286,True
101,tol_1p5,recovered,True,2.4644369150000003,True
101,archived_1p0,recovered,True,2.7442000440000003,True
102,tol_1p0,recovered,True,13.178409662999998,True
102,tol_1p5,recovered,True,13.155577288,True
102,archived_1p0,recovered,True,13.501762341,True
103,tol_1p0,recovered,True,9.937478927,True
103,tol_1p5,recovered,True,10.224434216000002,True
103,archived_1p0,recovered,True,10.590874492,True
104,tol_1p0,recovered,True,2.949142151,True
104,tol_1p5,recovered,True,2.9799282779999996,True
104,archived_1p0,recovered,True,3.2025193169999997,True
105,tol_1p0,recovered,True,1.4786168229999996,True
105,tol_1p5,recovered,True,1.4893408,True
105,archived_1p0,recovered,True,1.3984408650000002,True
106,tol_1p0,recovered,True,16.650836346,True
106,tol_1p5,recovered,True,16.762146264000002,True
106,archived_1p0,recovered,True,16.471446766,True
107,tol_1p0,recovered,True,22.007391432000002,True
107,tol_1p5,recovered,True,21.855005331999998,True
107,archived_1p0,recovered,True,21.460574332999997,True
108,tol_1p0,recovered,True,10.34460988,True
108,tol_1p5,recovered,True,10.054712432,True
108,archived_1p0,recovered,True,10.771025187,True
109,tol_1p0,recovered,True,2.5461419100000002,False
109,tol_1p5,recovered,True,2.603220058,False
109,archived_1p0,recovered,True,2.852728569,False
110,tol_1p0,recovered,True,11.079023567999998,True
110,tol_1p5,recovered,True,10.928883239000001,True
110,archived_1p0,recovered,True,11.648420870999999,True
111,tol_1p0,recovered,True,15.598473138000001,True
111,tol_1p5,recovered,True,15.321734678000002,True
111,archived_1p0,recovered,True,14.696119035999999,True
112,tol_1p0,recovered,True,5.962009521000001,True
112,tol_1p5,recovered,True,5.840304978999999,True
112,archived_1p0,recovered,True,5.991206002,True
113,tol_1p0,recovered,True,14.077140435,True
113,tol_1p5,recovered,True,13.502630897,True
113,archived_1p0,recovered,True,13.72277954,True
114,tol_1p0,recovered,True,1.3956708569999998,False
114,tol_1p5,recovered,True,1.5243975799999996,False
114,archived_1p0,recovered,True,1.7204818880000001,False
115,tol_1p0,recovered,True,2.696891192,True
115,tol_1p5,recovered,True,2.5518796949999993,True
115,archived_1p0,recovered,True,2.7683473569999997,True
116,tol_1p0,recovered,True,7.456100666,True
116,tol_1p5,recovered,True,7.139276126,True
116,archived_1p0,recovered,True,7.367095431999999,True
117,tol_1p0,recovered,True,1.9987516779999996,False
117,tol_1p5,recovered,True,1.9589524579999997,False
117,archived_1p0,recovered,True,2.099789948,False
118,tol_1p0,recovered,True,10.153906719999998,True
118,tol_1p5,recovered,True,10.110132517,True
118,archived_1p0,recovered,True,10.490185633,True
119,tol_1p0,recovered,True,2.872580995,False
119,tol_1p5,recovered,True,3.133112178,False
119,archived_1p0,recovered,True,3.358563461,False
120,tol_1p0,recovered,True,22.941233993000004,True
120,tol_1p5,recovered,True,23.193168142,True
120,archived_1p0,recovered,True,23.907647471999994,True
121,tol_1p0,recovered,True,12.010442884,True
121,tol_1p5,recovered,True,12.463403650000004,True
121,archived_1p0,recovered,True,11.691503243000003,True
122,tol_1p0,recovered,True,3.436646154,True
122,tol_1p5,recovered,True,3.6569937760000006,True
122,archived_1p0,recovered,True,3.3233901770000003,True
123,tol_1p0,recovered,True,7.122707739000001,True
123,tol_1p5,recovered,True,6.63108972,True
123,archived_1p0,recovered,True,7.515174878999999,True
124,tol_1p0,recovered,True,2.6888697770000003,True
124,tol_1p5,recovered,True,2.44345021,True
124,archived_1p0,recovered,True,2.9470111319999996,True
125,tol_1p0,recovered,True,8.259221807000001,True
125,tol_1p5,recovered,True,8.51757485,True
125,archived_1p0,recovered,True,8.606434605999999,True
126,tol_1p0,recovered,True,13.541140835999999,True
126,tol_1p5,recovered,True,14.176013046000001,True
126,archived_1p0,recovered,True,14.23587721,True
127,tol_1p0,recovered,True,19.525789352,True
127,tol_1p5,recovered,True,19.385100879,True
127,archived_1p0,recovered,True,19.344044144999998,True
128,tol_1p0,recovered,True,13.291555716000001,True
128,tol_1p5,recovered,True,13.285315717000001,True
128,archived_1p0,recovered,True,14.450406489000002,True
129,tol_1p0,recovered,True,3.2069269730000003,True
129,tol_1p5,recovered,True,3.246924783,True
129,archived_1p0,recovered,True,3.4240144310000007,True
130,tol_1p0,recovered,True,9.955912452,True
130,tol_1p5,recovered,True,9.821344135,True
130,archived_1p0,recovered,True,9.487537831000001,True
131,tol_1p0,recovered,True,40.4016205,True
131,tol_1p5,recovered,True,40.489142396,True
131,archived_1p0,recovered,True,41.236539149999984,True
132,tol_1p0,recovered,True,3.5177314899999996,True
132,tol_1p5,recovered,True,3.4353544159999996,True
132,archived_1p0,recovered,True,3.8085885509999997,True
133,tol_1p0,recovered,True,1.2850083210000003,False
133,tol_1p5,recovered,True,1.301516361,False
133,archived_1p0,recovered,True,1.4793905469999997,False
134,tol_1p0,recovered,True,8.601467928,True
134,tol_1p5,recovered,True,8.712105310999998,True
134,archived_1p0,recovered,True,8.741796096,True
135,tol_1p0,recovered,True,41.540059345,True
135,tol_1p5,recovered,True,39.833006938,True
135,archived_1p0,recovered,True,39.006396736999996,True
136,tol_1p0,recovered,True,1.4021343540000002,False
136,tol_1p5,recovered,True,1.936971497,True
136,archived_1p0,recovered,True,1.51831172,False
137,tol_1p0,recovered,True,6.097266533,True
137,tol_1p5,recovered,True,6.2143795850000005,True
137,archived_1p0,recovered,True,6.195269081999999,True
138,tol_1p0,recovered,True,7.282635483000001,True
138,tol_1p5,recovered,True,7.228421347,True
138,archived_1p0,recovered,True,7.4800913940000004,True
139,tol_1p0,recovered,True,1.625245532,False
139,tol_1p5,recovered,True,1.7866147759999995,False
139,archived_1p0,recovered,True,1.952625362,False
140,tol_1p0,recovered,True,1.3073677579999998,False
140,tol_1p5,recovered,True,1.344693341,False
140,archived_1p0,recovered,True,1.5157889339999997,False
141,tol_1p0,recovered,True,4.250870185,True
141,tol_1p5,recovered,True,4.473146726,True
141,archived_1p0,recovered,True,4.6119985219999995,True
142,tol_1p0,recovered,True,1.5414437909999998,False
142,tol_1p5,recovered,True,1.5206602150000004,False
142,archived_1p0,recovered,True,1.841961458,False
143,tol_1p0,recovered,True,91.250312704,True
143,tol_1p5,recovered,True,96.15340602500002,True
143,archived_1p0,recovered,True,89.95246211600002,True
144,tol_1p0,recovered,True,1.4666815340000001,True
144,tol_1p5,recovered,True,2.162143867,True
144,archived_1p0,recovered,True,1.536946928,True
145,tol_1p0,recovered,True,2.3483641129999997,False
145,tol_1p5,recovered,True,2.1346761069999998,False
145,archived_1p0,recovered,True,2.393530782,False
146,tol_1p0,recovered,True,12.699210229000002,True
146,tol_1p5,recovered,True,12.88174451,True
146,archived_1p0,recovered,True,13.178940514999997,True
147,tol_1p0,recovered,True,5.127267139000001,True
147,tol_1p5,recovered,True,5.318577652,True
147,archived_1p0,recovered,True,5.510833448,True
148,tol_1p0,recovered,True,1.287858984,False
148,tol_1p5,recovered,True,1.3831467849999997,False
148,archived_1p0,recovered,True,1.378155639,False
149,tol_1p0,recovered,True,18.181509608000002,True
149,tol_1p5,recovered,True,17.114206687,True
149,archived_1p0,recovered,True,17.635789595,True
150,tol_1p0,recovered,True,10.442957399,True
150,tol_1p5,recovered,True,10.616666567,True
150,archived_1p0,recovered,True,10.644385532,True
151,tol_1p0,recovered,True,8.040519411,True
151,tol_1p5,recovered,True,8.229281503,True
151,archived_1p0,recovered,True,7.928571018000001,True
152,tol_1p0,recovered,True,17.855971347,True
152,tol_1p5,recovered,True,18.080169748,True
152,archived_1p0,recovered,True,17.666210113,True
153,tol_1p0,recovered,True,9.533060919,True
153,tol_1p5,recovered,True,9.741841716999998,True
153,archived_1p0,recovered,True,9.561477597,True
154,tol_1p0,recovered,True,32.630285210000004,True
154,tol_1p5,recovered,True,32.188915377,True
154,archived_1p0,recovered,True,33.118418258000005,True
155,tol_1p0,recovered,True,3.1157652459999996,True
155,tol_1p5,recovered,True,3.229665484,True
155,archived_1p0,recovered,True,3.233461147,True
156,tol_1p0,recovered,True,6.983196072,True
156,tol_1p5,recovered,True,7.213744032999999,True
156,archived_1p0,recovered,True,6.9835543520000005,True
157,tol_1p0,recovered,True,15.198547078,True
157,tol_1p5,recovered,True,15.281204899999999,True
157,archived_1p0,recovered,True,14.905406837000001,True
158,tol_1p0,recovered,True,2.7742386889999997,False
158,tol_1p5,recovered,True,2.7729889119999998,False
158,archived_1p0,recovered,True,2.9006397039999996,False
159,tol_1p0,recovered,True,7.725443865,True
159,tol_1p5,recovered,True,7.452790788,True
159,archived_1p0,recovered,True,7.517651524000001,True
160,tol_1p0,recovered,True,3.7008079499999997,True
160,tol_1p5,recovered,True,3.605996032,True
160,archived_1p0,recovered,True,3.7666941120000006,True
161,tol_1p0,recovered,True,2.763530777,True
161,tol_1p5,recovered,True,2.824553883,True
161,archived_1p0,recovered,True,2.65941405,True
162,tol_1p0,recovered,True,4.698831202999999,True
162,tol_1p5,recovered,True,4.454666055000001,True
162,archived_1p0,recovered,True,4.920513174,True
163,tol_1p0,recovered,True,3.1213899749999996,True
163,tol_1p5,recovered,True,2.885875961,True
163,archived_1p0,recovered,True,3.123805343000001,True
164,tol_1p0,recovered,True,36.74020808,True
164,tol_1p5,recovered,True,36.820268904,True
164,archived_1p0,recovered,True,36.618190684,True
165,tol_1p0,recovered,True,1.6428593439999999,False
165,tol_1p5,recovered,True,1.5288825189999997,False
165,archived_1p0,recovered,True,1.6223462119999996,False
166,tol_1p0,recovered,True,1.976360006,False
166,tol_1p5,recovered,True,2.0790258870000002,False
166,archived_1p0,recovered,True,2.1410970459999996,False
167,tol_1p0,recovered,True,18.637767561,True
167,tol_1p5,recovered,True,18.681988675999996,True
167,archived_1p0,recovered,True,18.645543043,True
168,tol_1p0,recovered,True,4.6550622179999985,True
168,tol_1p5,recovered,True,4.58445996,True
168,archived_1p0,recovered,True,4.538676871,True
169,tol_1p0,recovered,True,8.835282452,True
169,tol_1p5,recovered,True,8.871046712,True
169,archived_1p0,recovered,True,8.848451754,True
170,tol_1p0,recovered,True,4.134451598,True
170,tol_1p5,recovered,True,3.931742989,True
170,archived_1p0,recovered,True,4.384985728999999,True
171,tol_1p0,recovered,True,10.943780035,True
171,tol_1p5,recovered,True,11.143399408,True
171,archived_1p0,recovered,True,11.362212495,True
172,tol_1p0,recovered,True,2.897639543,True
172,tol_1p5,recovered,True,3.1531128610000003,True
172,archived_1p0,recovered,True,3.3444949799999995,True
173,tol_1p0,recovered,True,4.718379547,True
173,tol_1p5,recovered,True,4.750163626,True
173,archived_1p0,recovered,True,5.2552748529999995,True
174,tol_1p0,recovered,True,5.466520323999999,True
174,tol_1p5,recovered,True,5.54889142,True
174,archived_1p0,recovered,True,5.342115060999999,True
175,tol_1p0,recovered,True,4.37249115,True
175,tol_1p5,recovered,True,4.508791180999999,True
175,archived_1p0,recovered,True,4.314185354999999,True
176,tol_1p0,recovered,True,3.951535903,True
176,tol_1p5,recovered,True,4.107306065,True
176,archived_1p0,recovered,True,4.279652257999999,True
177,tol_1p0,recovered,True,9.263529790000002,True
177,tol_1p5,recovered,True,9.889519677,True
177,archived_1p0,recovered,True,9.459489754,True
178,tol_1p0,recovered,True,5.090973684000001,True
178,tol_1p5,recovered,True,5.699613360000001,True
178,archived_1p0,recovered,True,6.145767920000001,True
179,tol_1p0,recovered,True,3.843243813,False
179,tol_1p5,recovered,True,3.857424852,False
179,archived_1p0,recovered,True,3.9466069260000003,False
180,tol_1p0,recovered,True,2.696027847,True
180,tol_1p5,recovered,True,2.6347587139999997,True
180,archived_1p0,recovered,True,2.6953176040000013,True
181,tol_1p0,recovered,True,19.236609054,True
181,tol_1p5,recovered,True,19.484862536999998,True
181,archived_1p0,recovered,True,20.427127874,True
182,tol_1p0,recovered,True,12.141895784999999,True
182,tol_1p5,recovered,True,12.312904133,True
182,archived_1p0,recovered,True,12.427962427,True
183,tol_1p0,recovered,True,2.017977484,False
183,tol_1p5,recovered,True,2.0824296939999996,False
183,archived_1p0,recovered,True,2.1337960580000006,False
184,tol_1p0,recovered,True,3.5973884499999995,True
184,tol_1p5,recovered,True,3.5627085430000003,True
184,archived_1p0,recovered,True,3.7664803079999993,True
185,tol_1p0,recovered,True,1.30358463,False
185,tol_1p5,recovered,True,1.337267819,False
185,archived_1p0,recovered,True,1.372718142,False
186,tol_1p0,recovered,True,17.131799432999998,True
186,tol_1p5,recovered,True,16.445818602,True
186,archived_1p0,recovered,True,17.498626521,True
187,tol_1p0,recovered,True,4.141097309999999,True
187,tol_1p5,recovered,True,3.968573082,True
187,archived_1p0,recovered,True,4.170741215,True
188,tol_1p0,recovered,True,1.003870207,False
188,tol_1p5,recovered,True,0.9796852390000002,False
188,archived_1p0,recovered,True,1.124460914,False
189,tol_1p0,recovered,True,1.3292760579999996,False
189,tol_1p5,recovered,True,1.3256195929999994,False
189,archived_1p0,recovered,True,1.4837493979999996,False
190,tol_1p0,recovered,True,1.2158761610000002,False
190,tol_1p5,recovered,True,1.193791374,False
190,archived_1p0,recovered,True,1.3459725369999997,False
191,tol_1p0,recovered,True,1.695550618,False
191,tol_1p5,recovered,True,1.7396980339999997,False
191,archived_1p0,recovered,True,1.750375316,False
192,tol_1p0,recovered,True,2.200077984,False
192,tol_1p5,recovered,True,1.969396359,False
192,archived_1p0,recovered,True,2.382277751,False
193,tol_1p0,recovered,True,5.394774880000001,True
193,tol_1p5,recovered,True,5.220201790999999,True
193,archived_1p0,recovered,True,5.509147656,True
194,tol_1p0,recovered,True,28.522997230999998,True
194,tol_1p5,recovered,True,28.653025693000004,True
194,archived_1p0,recovered,True,29.528627839,True
195,tol_1p0,recovered,True,6.222517588,True
195,tol_1p5,recovered,True,6.158380722,True
195,archived_1p0,recovered,True,6.508178989,True
196,tol_1p0,recovered,True,13.131714583,True
196,tol_1p5,recovered,True,12.98248457,True
196,archived_1p0,recovered,True,13.993969325999998,True
197,tol_1p0,recovered,True,2.901730699,False
197,tol_1p5,recovered,True,2.5602344649999997,False
197,archived_1p0,recovered,True,2.9866679450000007,False
198,tol_1p0,recovered,True,13.818325397999999,True
198,tol_1p5,recovered,True,13.918448464,True
198,archived_1p0,recovered,True,14.109870054000002,True
199,tol_1p0,recovered,True,9.410274527,True
199,tol_1p5,recovered,True,9.123880394,True
199,archived_1p0,recovered,True,9.421530859,True
200,tol_1p0,recovered,True,7.03739525,True
200,tol_1p5,recovered,True,7.041993720000001,True
200,archived_1p0,recovered,True,7.316980917,True
201,tol_1p0,recovered,True,23.086332534000004,True
201,tol_1p5,recovered,True,23.435504102,True
201,archived_1p0,recovered,True,23.132937073999997,True
202,tol_1p0,recovered,True,11.518705344999999,True
202,tol_1p5,recovered,True,11.25500218,True
202,archived_1p0,recovered,True,11.495387233999999,True
203,tol_1p0,recovered,True,1.1242116709999999,False
203,tol_1p5,recovered,True,1.033431986,False
203,archived_1p0,recovered,True,1.1020547399999998,False
204,tol_1p0,recovered,True,4.595803326,True
204,tol_1p5,recovered,True,4.597095406999999,True
204,archived_1p0,recovered,True,4.410827346000001,True
205,tol_1p0,recovered,True,8.673047768999998,False
205,tol_1p5,recovered,True,8.661164470000001,False
205,archived_1p0,recovered,True,8.871098005,False
206,tol_1p0,recovered,True,1.1326013849999998,False
206,tol_1p5,recovered,True,1.048059635,False
206,archived_1p0,recovered,True,1.2441294739999997,False
207,tol_1p0,recovered,True,9.398094969999999,True
207,tol_1p5,recovered,True,9.393322415999998,True
207,archived_1p0,recovered,True,9.518817617,True
208,tol_1p0,recovered,True,3.977867646,True
208,tol_1p5,recovered,True,4.17058375,True
208,archived_1p0,recovered,True,4.2688366879999995,True
209,tol_1p0,recovered,True,12.449670266,True
209,tol_1p5,recovered,True,12.500336482000002,True
209,archived_1p0,recovered,True,12.224329304000001,True
210,tol_1p0,recovered,True,2.488801564,True
210,tol_1p5,recovered,True,2.5764108749999997,True
210,archived_1p0,recovered,True,2.6368646609999997,True
211,tol_1p0,recovered,True,0.9626833140000001,False
211,tol_1p5,recovered,True,0.937943633,False
211,archived_1p0,recovered,True,0.9561207469999999,False
212,tol_1p0,recovered,True,2.9551131890000004,False
212,tol_1p5,recovered,True,2.953689634,False
212,archived_1p0,recovered,True,2.954804509,False
213,tol_1p0,recovered,True,19.575726746,True
213,tol_1p5,recovered,True,19.793471402,True
213,archived_1p0,recovered,True,19.844656609999998,True
214,tol_1p0,recovered,True,27.933601994999997,True
214,tol_1p5,recovered,True,26.420831421,True
214,archived_1p0,recovered,True,28.020761403,True
215,tol_1p0,recovered,True,3.910661086,True
215,tol_1p5,recovered,True,4.049800823,True
215,archived_1p0,recovered,True,4.283738094,True
216,tol_1p0,recovered,True,13.837999331999999,True
216,tol_1p5,recovered,True,13.240370623,True
216,archived_1p0,recovered,True,13.925242885,True
217,tol_1p0,recovered,True,2.746371322,True
217,tol_1p5,recovered,True,2.7213442629999998,True
217,archived_1p0,recovered,True,2.645611111,True
218,tol_1p0,recovered,True,1.2468014550000002,False
218,tol_1p5,recovered,True,1.2188302100000001,False
218,archived_1p0,recovered,True,1.326490252,False
219,tol_1p0,recovered,True,5.874908997,True
219,tol_1p5,recovered,True,5.985521169999999,True
219,archived_1p0,recovered,True,6.270597926999999,True
220,tol_1p0,recovered,True,10.252281104999998,True
220,tol_1p5,recovered,True,10.747547478000001,True
220,archived_1p0,recovered,True,10.498382126000001,True
221,tol_1p0,recovered,True,5.972036079999999,True
221,tol_1p5,recovered,True,5.945827159,True
221,archived_1p0,recovered,True,5.994673625,True
222,tol_1p0,recovered,True,1.4329099699999999,False
222,tol_1p5,recovered,True,1.2780703459999998,False
222,archived_1p0,recovered,True,1.378061233,False
223,tol_1p0,recovered,True,3.695517861,True
223,tol_1p5,recovered,True,3.846043192,True
223,archived_1p0,recovered,True,3.8649872159999994,True
224,tol_1p0,recovered,True,1.6475922669999998,True
224,tol_1p5,recovered,True,1.5785210669999996,True
224,archived_1p0,recovered,True,1.711528307,True
225,tol_1p0,recovered,True,1.015874854,False
225,tol_1p5,recovered,True,1.0651608280000002,False
225,archived_1p0,recovered,True,1.073096021,False
226,tol_1p0,recovered,True,1.1577945709999997,False
226,tol_1p5,recovered,True,1.134364516,False
226,archived_1p0,recovered,True,1.220709791,False
227,tol_1p0,recovered,True,0.9360203719999998,False
227,tol_1p5,recovered,True,0.9185315430000002,False
227,archived_1p0,recovered,True,0.9892805820000004,False
228,tol_1p0,recovered,True,4.37824567,True
228,tol_1p5,recovered,True,5.074760581,True
228,archived_1p0,recovered,True,4.373359379000001,True
229,tol_1p0,recovered,True,15.782122407000003,True
229,tol_1p5,recovered,True,15.475399334999999,True
229,archived_1p0,recovered,True,15.860024320999997,True
230,tol_1p0,recovered,True,9.284100837,True
230,tol_1p5,recovered,True,9.138218716,True
230,archived_1p0,recovered,True,9.765739288,True
231,tol_1p0,recovered,True,14.796931358,True
231,tol_1p5,recovered,True,14.821213504000003,True
231,archived_1p0,recovered,True,15.007396719,True
232,tol_1p0,recovered,True,1.4569565999999998,False
232,tol_1p5,recovered,True,1.494860471,False
232,archived_1p0,recovered,True,1.651718304,False
233,tol_1p0,recovered,True,2.2421310099999996,False
233,tol_1p5,recovered,True,2.289353926,False
233,archived_1p0,recovered,True,2.4958966530000004,False
234,tol_1p0,recovered,True,1.5766053319999997,False
234,tol_1p5,recovered,True,1.6209974169999999,False
234,archived_1p0,recovered,True,1.6485803860000003,False
235,tol_1p0,recovered,True,1.2266176440000003,False
235,tol_1p5,recovered,True,1.2448875469999998,False
235,archived_1p0,recovered,True,1.3028751399999998,False
236,tol_1p0,recovered,True,1.1920778509999999,False
236,tol_1p5,recovered,True,1.313495372,False
236,archived_1p0,recovered,True,1.4364771680000001,False
237,tol_1p0,recovered,True,12.377309233999998,True
237,tol_1p5,recovered,True,12.558369105999999,True
237,archived_1p0,recovered,True,12.295884981,True
238,tol_1p0,recovered,True,3.660433809999999,True
238,tol_1p5,recovered,True,3.4097974479999995,True
238,archived_1p0,recovered,True,3.4425887720000006,True
239,tol_1p0,recovered,True,21.638126143999997,True
239,tol_1p5,recovered,True,21.849012235000004,True
239,archived_1p0,recovered,True,21.399466648999997,True
240,tol_1p0,recovered,True,1.5210314020000002,True
240,tol_1p5,recovered,True,1.629418728,True
240,archived_1p0,recovered,True,1.683224622,True
241,tol_1p0,recovered,True,2.332542461,False
241,tol_1p5,recovered,True,2.1510578,False
241,archived_1p0,recovered,True,2.218061744,False
242,tol_1p0,recovered,True,5.382169239,True
242,tol_1p5,recovered,True,5.907861217999999,True
242,archived_1p0,recovered,True,5.773938038,True
243,tol_1p0,recovered,True,4.0644449620000005,True
243,tol_1p5,recovered,True,4.056319191,True
243,archived_1p0,recovered,True,4.136770601,True
244,tol_1p0,recovered,True,12.102886262999998,True
244,tol_1p5,recovered,True,8.890572107,True
244,archived_1p0,recovered,True,12.379971502999998,True
245,tol_1p0,recovered,True,14.479868110000002,True
245,tol_1p5,recovered,True,9.330379867000001,True
245,archived_1p0,recovered,True,14.611336546,True
246,tol_1p0,recovered,True,4.65216992,False
246,tol_1p5,recovered,True,4.847168863,False
246,archived_1p0,recovered,True,4.604694501,False
247,tol_1p0,recovered,True,4.034180833000001,True
247,tol_1p5,recovered,True,4.0310622579999995,True
247,archived_1p0,recovered,True,3.9348810330000004,True
248,tol_1p0,recovered,True,8.550694834,True
248,tol_1p5,recovered,True,8.579597392,True
248,archived_1p0,recovered,True,8.504933138,True
249,tol_1p0,recovered,True,3.2650072880000005,True
249,tol_1p5,recovered,True,3.241368686,True
249,archived_1p0,recovered,True,3.40348412,True
250,tol_1p0,recovered,True,1.429537421,False
250,tol_1p5,recovered,True,1.522040043,False
250,archived_1p0,recovered,True,1.4459278110000002,False
251,tol_1p0,recovered,True,2.753249422,False
251,tol_1p5,recovered,True,2.902235316,False
251,archived_1p0,recovered,True,3.1062294589999997,False
252,tol_1p0,recovered,True,1.220491204,False
252,tol_1p5,recovered,True,1.2211355519999998,False
252,archived_1p0,recovered,True,1.3803841110000001,False
253,tol_1p0,recovered,True,6.10059206,True
253,tol_1p5,recovered,True,6.149448442000001,True
253,archived_1p0,recovered,True,6.207810923,True
254,tol_1p0,recovered,True,1.1256158229999997,False
254,tol_1p5,recovered,True,1.0920370229999998,False
254,archived_1p0,recovered,True,1.172239395,False
255,tol_1p0,recovered,True,3.563926843,True
255,tol_1p5,recovered,True,3.65212975,True
255,archived_1p0,recovered,True,3.6784335630000005,True
256,tol_1p0,recovered,True,2.939925491,False
256,tol_1p5,recovered,True,3.0349205169999998,False
256,archived_1p0,recovered,True,3.249980977,False
257,tol_1p0,recovered,True,24.014713807,True
257,tol_1p5,recovered,True,24.294886302000002,True
257,archived_1p0,recovered,True,24.548845021,True
258,tol_1p0,recovered,True,2.07484965,False
258,tol_1p5,recovered,True,2.00672196,False
258,archived_1p0,recovered,True,1.95614912,False
259,tol_1p0,recovered,True,1.508068609,False
259,tol_1p5,recovered,True,1.532645251,False
259,archived_1p0,recovered,True,1.4617690169999995,False
260,tol_1p0,recovered,True,3.1454120779999997,True
260,tol_1p5,recovered,True,3.2084787749999997,True
260,archived_1p0,recovered,True,3.3579754530000003,True
261,tol_1p0,recovered,True,4.626416018,True
261,tol_1p5,recovered,True,4.700652216,True
261,archived_1p0,recovered,True,4.465627196,True
262,tol_1p0,recovered,True,3.140213918,True
262,tol_1p5,recovered,True,3.194943656,True
262,archived_1p0,recovered,True,3.3186964800000003,True
263,tol_1p0,recovered,True,1.465682395,False
263,tol_1p5,recovered,True,1.4534025929999999,False
263,archived_1p0,recovered,True,1.637241644,False
264,tol_1p0,recovered,True,2.4379429679999998,False
264,tol_1p5,recovered,True,2.4021962059999997,False
264,archived_1p0,recovered,True,2.367448157,False
265,tol_1p0,recovered,True,1.506401705,False
265,tol_1p5,recovered,True,1.5215299319999995,False
265,archived_1p0,recovered,True,1.824886181,False
266,tol_1p0,recovered,True,3.5624229310000004,True
266,tol_1p5,recovered,True,3.475440538,True
266,archived_1p0,recovered,True,3.624576049,True
267,tol_1p0,recovered,True,0.828109017,False
267,tol_1p5,recovered,True,0.8575297409999998,False
267,archived_1p0,recovered,True,0.9317702349999998,False
268,tol_1p0,recovered,True,13.017807903,True
268,tol_1p5,recovered,True,13.18810279,True
268,archived_1p0,recovered,True,12.835798972,True
269,tol_1p0,recovered,True,2.234115932,True
269,tol_1p5,recovered,True,2.163858609,True
269,archived_1p0,recovered,True,2.2879464460000003,True
270,tol_1p0,recovered,True,9.594175319,True
270,tol_1p5,recovered,True,9.94857596,True
270,archived_1p0,recovered,True,9.802064142999999,True
271,tol_1p0,recovered,True,0.9241667400000002,False
271,tol_1p5,recovered,True,0.8490571329999999,False
271,archived_1p0,recovered,True,0.9698604519999997,False
272,tol_1p0,recovered,True,2.4457192249999995,True
272,tol_1p5,recovered,True,2.4262225399999995,True
272,archived_1p0,recovered,True,2.4632205799999998,True
273,tol_1p0,recovered,True,5.656837972,True
273,tol_1p5,recovered,True,5.673254279,True
273,archived_1p0,recovered,True,5.913839083000001,True
274,tol_1p0,recovered,True,2.8083165689999996,True
274,tol_1p5,recovered,True,2.7137671219999993,True
274,archived_1p0,recovered,True,2.896351986999999,True
275,tol_1p0,recovered,True,6.060684987,True
275,tol_1p5,recovered,True,6.11433491,True
275,archived_1p0,recovered,True,6.084611329,True
276,tol_1p0,recovered,True,3.027458497,False
276,tol_1p5,recovered,True,3.084364647,False
276,archived_1p0,recovered,True,3.451726068,False
277,tol_1p0,recovered,True,6.763109234,True
277,tol_1p5,recovered,True,6.649745636,True
277,archived_1p0,recovered,True,6.851778209000002,True
278,tol_1p0,recovered,True,2.7228998179999997,True
278,tol_1p5,recovered,True,2.713495901,True
278,archived_1p0,recovered,True,3.035128372,True
279,tol_1p0,recovered,True,4.077431262,False
279,tol_1p5,recovered,True,4.280963976,False
279,archived_1p0,recovered,True,4.073502345,False
280,tol_1p0,recovered,True,2.6190811559999996,True
280,tol_1p5,recovered,True,2.679490621,True
280,archived_1p0,recovered,True,2.70044769,True
281,tol_1p0,recovered,True,1.497560902,False
281,tol_1p5,recovered,True,1.58945228,False
281,archived_1p0,recovered,True,1.87738967,False
282,tol_1p0,recovered,True,2.097557531,True
282,tol_1p5,recovered,True,2.0763329249999996,True
282,archived_1p0,recovered,True,1.9201088849999999,True
283,tol_1p0,recovered,True,2.100587377,False
283,tol_1p5,recovered,True,2.0389747659999995,False
283,archived_1p0,recovered,True,2.0003870609999996,False
284,tol_1p0,recovered,True,5.5115334879999995,True
284,tol_1p5,recovered,True,5.371658139999999,True
284,archived_1p0,recovered,True,5.904696865,True
285,tol_1p0,recovered,True,10.399122752,True
285,tol_1p5,recovered,True,10.533121602999998,True
285,archived_1p0,recovered,True,10.415877294000001,True
286,tol_1p0,recovered,True,10.110658063999999,True
286,tol_1p5,recovered,True,10.15858069,True
286,archived_1p0,recovered,True,10.437259129000001,True
287,tol_1p0,recovered,True,2.9271298330000004,True
287,tol_1p5,recovered,True,2.8807511209999994,True
287,archived_1p0,recovered,True,3.1637467729999997,True
288,tol_1p0,recovered,True,2.489980933,True
288,tol_1p5,recovered,True,2.397413788,True
288,archived_1p0,recovered,True,2.7301722379999998,True
289,tol_1p0,recovered,True,18.551841846000002,True
289,tol_1p5,recovered,True,18.619277571000005,True
289,archived_1p0,recovered,True,17.711653806,True
290,tol_1p0,recovered,True,8.205814533000002,True
290,tol_1p5,recovered,True,8.413643514999999,True
290,archived_1p0,recovered,True,8.485958432,True
291,tol_1p0,recovered,True,1.2064877859999998,False
291,tol_1p5,recovered,True,1.259815078,False
291,archived_1p0,recovered,True,1.313867145,False
292,tol_1p0,recovered,True,1.2661687339999999,False
292,tol_1p5,recovered,True,1.2279111559999998,False
292,archived_1p0,recovered,True,1.2524033340000003,False
293,tol_1p0,recovered,True,2.57716312,True
293,tol_1p5,recovered,True,2.614559666,True
293,archived_1p0,recovered,True,2.6707362249999997,True
294,tol_1p0,recovered,True,1.1581706349999998,False
294,tol_1p5,recovered,True,1.303835634,False
294,archived_1p0,recovered,True,1.3841667489999994,False
295,tol_1p0,recovered,True,13.501124002000001,True
295,tol_1p5,recovered,True,13.444226493999999,True
295,archived_1p0,recovered,True,13.774134581000002,True
296,tol_1p0,recovered,True,6.70086375,True
296,tol_1p5,recovered,True,6.5838577780000005,True
296,archived_1p0,recovered,True,7.117330085,True
297,tol_1p0,recovered,True,16.460900649000003,True
297,tol_1p5,recovered,True,16.476875623000005,True
297,archived_1p0,recovered,True,15.994615945,True
298,tol_1p0,recovered,True,1.976241748,False
298,tol_1p5,recovered,True,1.938789501,False
298,archived_1p0,recovered,True,2.138979492,False
299,tol_1p0,recovered,True,1.490472477,False
299,tol_1p5,recovered,True,1.4588801779999998,False
299,archived_1p0,recovered,True,1.476844138,False
300,tol_1p0,recovered,True,3.6090718839999996,True
300,tol_1p5,recovered,True,3.637787758,True
300,archived_1p0,recovered,True,3.6052382729999994,True
301,tol_1p0,recovered,True,19.458176062999996,True
301,tol_1p5,recovered,True,18.746813625,True
301,archived_1p0,recovered,True,19.408127416000003,True
302,tol_1p0,recovered,True,5.032231572000001,True
302,tol_1p5,recovered,True,5.211535155,True
302,archived_1p0,recovered,True,5.309406865,True
303,tol_1p0,recovered,True,0.9950848809999999,False
303,tol_1p5,recovered,True,1.0319439309999998,False
303,archived_1p0,recovered,True,1.048883334,False
304,tol_1p0,recovered,True,6.590421508999999,True
304,tol_1p5,recovered,True,6.725200264,True
304,archived_1p0,recovered,True,6.912416463,True
305,tol_1p0,recovered,True,4.657337887999999,True
305,tol_1p5,recovered,True,4.69029868,True
305,archived_1p0,recovered,True,4.895529954,True
306,tol_1p0,recovered,True,2.118364792,False
306,tol_1p5,recovered,True,2.071295889,False
306,archived_1p0,recovered,True,2.1049716209999993,False
307,tol_1p0,recovered,True,51.613723086,True
307,tol_1p5,recovered,True,51.447142015000004,True
307,archived_1p0,recovered,True,50.93335269600001,True
308,tol_1p0,recovered,True,8.648936849999998,True
308,tol_1p5,recovered,True,8.552915645,True
308,archived_1p0,recovered,True,8.549532322000001,True
309,tol_1p0,recovered,True,7.215286239,True
309,tol_1p5,recovered,True,6.972122599,True
309,archived_1p0,recovered,True,7.412815964,True
310,tol_1p0,recovered,True,1.1855808230000004,False
310,tol_1p5,recovered,True,1.1899434260000001,False
310,archived_1p0,recovered,True,1.210203993,False
311,tol_1p0,recovered,True,2.311746242,True
311,tol_1p5,recovered,True,2.3344703719999993,True
311,archived_1p0,recovered,True,2.5520994839999998,True
312,tol_1p0,recovered,True,4.4097629860000005,True
312,tol_1p5,recovered,True,4.35359158,True
312,archived_1p0,recovered,True,4.375398329,True
313,tol_1p0,recovered,True,17.145809813,True
313,tol_1p5,recovered,True,17.332592887,True
313,archived_1p0,recovered,True,17.28904032,True
314,tol_1p0,recovered,True,1.531159582,False
314,tol_1p5,recovered,True,3.514006155,True
314,archived_1p0,recovered,True,1.694798825,False
315,tol_1p0,recovered,True,8.77866025,True
315,tol_1p5,recovered,True,8.642775407,True
315,archived_1p0,recovered,True,8.942331378,True
316,tol_1p0,recovered,True,1.770095048,True
316,tol_1p5,recovered,True,1.8272909699999997,True
316,archived_1p0,recovered,True,1.9602765290000006,True
317,tol_1p0,recovered,True,3.662163006,True
317,tol_1p5,recovered,True,3.7843788289999996,True
317,archived_1p0,recovered,True,3.823038035,True
318,tol_1p0,recovered,True,11.798217786999999,True
318,tol_1p5,recovered,True,11.817656193,True
318,archived_1p0,recovered,True,11.692946096,True
319,tol_1p0,recovered,True,4.961361767999999,True
319,tol_1p5,recovered,True,4.979903255,True
319,archived_1p0,recovered,True,4.851046551999999,True
320,tol_1p0,recovered,True,8.237728425,True
320,tol_1p5,recovered,True,8.146324277,True
320,archived_1p0,recovered,True,8.18373903,True
321,tol_1p0,recovered,True,1.215876626,False
321,tol_1p5,recovered,True,1.2797807480000003,False
321,archived_1p0,recovered,True,1.3241292809999998,False
322,tol_1p0,recovered,True,2.631121516,True
322,tol_1p5,recovered,True,2.525796134,True
322,archived_1p0,recovered,True,2.7784972199999998,True
323,tol_1p0,recovered,True,1.071968488,False
323,tol_1p5,recovered,True,1.0296041320000002,False
323,archived_1p0,recovered,True,1.090756543,False
324,tol_1p0,recovered,True,1.5860314069999997,False
324,tol_1p5,recovered,True,1.583673522,False
324,archived_1p0,recovered,True,1.7088223919999994,False
325,tol_1p0,recovered,True,11.857766252000001,True
325,tol_1p5,recovered,True,11.881142385,True
325,archived_1p0,recovered,True,12.079194013999999,True
326,tol_1p0,recovered,True,1.587223119,False
326,tol_1p5,recovered,True,1.473866755,False
326,archived_1p0,recovered,True,1.925250519,False
327,tol_1p0,recovered,True,4.252935611,False
327,tol_1p5,recovered,True,4.019721908999999,False
327,archived_1p0,recovered,True,4.389059040999999,False
328,tol_1p0,recovered,True,8.383727092,True
328,tol_1p5,recovered,True,8.446385085,True
328,archived_1p0,recovered,True,8.296160726,True
329,tol_1p0,recovered,True,2.497483092,True
329,tol_1p5,recovered,True,2.536004143,True
329,archived_1p0,recovered,True,2.6867305860000004,True
330,tol_1p0,recovered,True,1.322477774,False
330,tol_1p5,recovered,True,1.2876746870000002,False
330,archived_1p0,recovered,True,1.365450225,False
331,tol_1p0,recovered,True,5.874038505000001,True
331,tol_1p5,recovered,True,6.278751403,True
331,archived_1p0,recovered,True,6.179347907,True
332,tol_1p0,recovered,True,1.1870278929999998,False
332,tol_1p5,recovered,True,1.159108985,False
332,archived_1p0,recovered,True,1.304963963,False
333,tol_1p0,recovered,True,1.43844782,True
333,tol_1p5,recovered,True,1.4727235990000003,True
333,archived_1p0,recovered,True,1.4914319789999997,True
334,tol_1p0,recovered,True,3.3879525300000006,True
334,tol_1p5,recovered,True,3.412826891,True
334,archived_1p0,recovered,True,3.562744798,True
335,tol_1p0,recovered,True,3.1457194360000003,True
335,tol_1p5,recovered,True,2.9738391710000003,True
335,archived_1p0,recovered,True,3.2990459239999996,True
336,tol_1p0,recovered,True,1.3653535719999998,False
336,tol_1p5,recovered,True,1.346915164,False
336,archived_1p0,recovered,True,1.3339536449999998,False
337,tol_1p0,recovered,True,21.896903373,True
337,tol_1p5,recovered,True,21.710958229,True
337,archived_1p0,recovered,True,21.874298408999998,True
338,tol_1p0,recovered,True,1.8377205980000002,False
338,tol_1p5,recovered,True,1.855871371,False
338,archived_1p0,recovered,True,1.9288375720000002,False
339,tol_1p0,recovered,True,1.6569821999999998,True
339,tol_1p5,recovered,True,1.6229078909999997,True
339,archived_1p0,recovered,True,1.7950450179999997,True
340,tol_1p0,recovered,True,1.8990481689999998,False
340,tol_1p5,recovered,True,1.871279442,False
340,archived_1p0,recovered,True,2.1610987999999995,False
341,tol_1p0,recovered,True,2.2350027129999996,True
341,tol_1p5,recovered,True,2.191538809,True
341,archived_1p0,recovered,True,2.272602117,True
342,tol_1p0,recovered,True,2.3343509099999995,True
342,tol_1p5,recovered,True,2.373479178,True
342,archived_1p0,recovered,True,2.710260106,True
343,tol_1p0,recovered,True,7.768519908999999,True
343,tol_1p5,recovered,True,7.652998466999999,True
343,archived_1p0,recovered,True,7.932899236000001,True
344,tol_1p0,recovered,True,16.184281846,True
344,tol_1p5,recovered,True,16.338427525,True
344,archived_1p0,recovered,True,16.859702946000002,True
345,tol_1p0,recovered,True,2.160096924,False
345,tol_1p5,recovered,True,2.634703749,False
345,archived_1p0,recovered,True,2.6600894979999996,False
346,tol_1p0,recovered,True,2.448524276,True
346,tol_1p5,recovered,True,2.5761634060000005,True
346,archived_1p0,recovered,True,2.672413834,True
347,tol_1p0,recovered,True,2.25905286,True
347,tol_1p5,recovered,True,2.21684488,True
347,archived_1p0,recovered,True,2.4293821790000005,True
348,tol_1p0,recovered,True,1.00662953,False
348,tol_1p5,recovered,True,1.1268594700000003,False
348,archived_1p0,recovered,True,1.0876242390000002,False
349,tol_1p0,recovered,True,4.452080348000001,True
349,tol_1p5,recovered,True,4.479679702999999,True
349,archived_1p0,recovered,True,4.594297491,True
350,tol_1p0,recovered,True,1.365274497,True
350,tol_1p5,recovered,True,1.503009331,True
350,archived_1p0,recovered,True,1.6093890469999996,True
351,tol_1p0,recovered,True,1.625898599,False
351,tol_1p5,recovered,True,1.6512632489999999,False
351,archived_1p0,recovered,True,1.7429826359999996,False
352,tol_1p0,recovered,True,12.638115533999999,True
352,tol_1p5,recovered,True,12.67497753,True
352,archived_1p0,recovered,True,13.280328873999999,True
353,tol_1p0,recovered,True,1.8610029190000001,False
353,tol_1p5,recovered,True,1.7799694400000001,False
353,archived_1p0,recovered,True,2.127373057,False
354,tol_1p0,recovered,True,4.980984521,True
354,tol_1p5,recovered,True,5.0994723529999995,True
354,archived_1p0,recovered,True,5.255082565,True
355,tol_1p0,recovered,True,4.662710689,True
355,tol_1p5,recovered,True,4.706114095,True
355,archived_1p0,recovered,True,4.6984309699999995,True
356,tol_1p0,recovered,True,1.667656236,True
356,tol_1p5,recovered,True,1.765129472,True
356,archived_1p0,recovered,True,1.6845473309999996,True
357,tol_1p0,recovered,True,7.176114089,True
357,tol_1p5,recovered,True,7.542313406000001,True
357,archived_1p0,recovered,True,7.6580195280000005,True
358,tol_1p0,recovered,True,20.161171990000003,True
358,tol_1p5,recovered,True,20.250333566000002,True
358,archived_1p0,recovered,True,20.136699515,True
359,tol_1p0,recovered,True,2.6828528069999997,True
359,tol_1p5,recovered,True,2.6813140959999995,True
359,archived_1p0,recovered,True,2.797193631,True
360,tol_1p0,recovered,True,1.3932431,False
360,tol_1p5,recovered,True,1.364395155,False
360,archived_1p0,recovered,True,1.5500220279999999,False
361,tol_1p0,recovered,True,2.5077178470000003,False
361,tol_1p5,recovered,True,3.639058701,True
361,archived_1p0,recovered,True,2.7573464729999997,False
362,tol_1p0,recovered,True,1.699652655,False
362,tol_1p5,recovered,True,1.766092236,False
362,archived_1p0,recovered,True,1.8038714589999998,False
363,tol_1p0,recovered,True,2.203145309,True
363,tol_1p5,recovered,True,2.2010227039999997,True
363,archived_1p0,recovered,True,2.426258846,True
364,tol_1p0,recovered,True,10.009049723999997,True
364,tol_1p5,recovered,True,10.436421504999998,True
364,archived_1p0,recovered,True,10.349731132999999,True
365,tol_1p0,recovered,True,6.001921147,True
365,tol_1p5,recovered,True,6.194552238,True
365,archived_1p0,recovered,True,6.294420764,True
366,tol_1p0,recovered,True,1.492205743,False
366,tol_1p5,recovered,True,1.529715696,False
366,archived_1p0,recovered,True,1.6024428590000002,False
367,tol_1p0,recovered,True,3.5830012809999996,True
367,tol_1p5,recovered,True,3.597477575,True
367,archived_1p0,recovered,True,3.688521107,True
368,tol_1p0,recovered,True,1.9169204560000004,False
368,tol_1p5,recovered,True,1.8490485309999998,False
368,archived_1p0,recovered,True,2.006122204,False
369,tol_1p0,recovered,True,1.0844917990000003,False
369,tol_1p5,recovered,True,1.0889721399999996,False
369,archived_1p0,recovered,True,1.2235782610000001,False
370,tol_1p0,recovered,True,1.8437260489999998,False
370,tol_1p5,recovered,True,1.817790329,False
370,archived_1p0,recovered,True,1.795222443,False
371,tol_1p0,recovered,True,3.220699981,False
371,tol_1p5,recovered,True,3.0845551500000004,False
371,archived_1p0,recovered,True,3.236612255,False
372,tol_1p0,recovered,True,60.146429445,True
372,tol_1p5,recovered,True,61.255494834000004,True
372,archived_1p0,recovered,True,60.353903917000004,True
373,tol_1p0,recovered,True,4.981978196999999,False
373,tol_1p5,recovered,True,4.637532404,False
373,archived_1p0,recovered,True,4.879104075999999,False
374,tol_1p0,recovered,True,10.681678317000001,True
374,tol_1p5,recovered,True,10.524731006,True
374,archived_1p0,recovered,True,10.748343044,True
375,tol_1p0,recovered,True,3.3995149799999997,True
375,tol_1p5,recovered,True,3.344427576,True
375,archived_1p0,recovered,True,3.516117617,True
376,tol_1p0,recovered,True,2.032537413,False
376,tol_1p5,recovered,True,1.958086416,False
376,archived_1p0,recovered,True,2.1343596259999997,False
377,tol_1p0,recovered,True,2.461142112,False
377,tol_1p5,recovered,True,2.6937486479999997,False
377,archived_1p0,recovered,True,2.642648869,False
378,tol_1p0,recovered,True,1.5897093919999998,True
378,tol_1p5,recovered,True,1.5354140039999997,True
378,archived_1p0,recovered,True,1.7588144029999997,True
379,tol_1p0,recovered,True,1.139557556,False
379,tol_1p5,recovered,True,1.158031211,False
379,archived_1p0,recovered,True,1.23471501,False
380,tol_1p0,recovered,True,4.319791652000001,False
380,tol_1p5,recovered,True,3.9651123729999993,False
380,archived_1p0,recovered,True,4.639554316999999,False
381,tol_1p0,recovered,True,6.245863611999999,True
381,tol_1p5,recovered,True,6.590980682,True
381,archived_1p0,recovered,True,6.637416428,True
382,tol_1p0,recovered,True,1.420974765,False
382,tol_1p5,recovered,True,1.5588840960000003,False
382,archived_1p0,recovered,True,1.7750614829999998,False
383,tol_1p0,recovered,True,1.7771268209999997,True
383,tol_1p5,recovered,True,2.018406733,True
383,archived_1p0,recovered,True,1.938311595,True
384,tol_1p0,recovered,True,2.950748301,True
384,tol_1p5,recovered,True,2.8537737520000004,True
384,archived_1p0,recovered,True,2.7025884199999997,True
385,tol_1p0,recovered,True,5.213921344999999,True
385,tol_1p5,recovered,True,5.167097448999999,True
385,archived_1p0,recovered,True,5.281837373,True
386,tol_1p0,recovered,True,7.239285719999999,True
386,tol_1p5,recovered,True,7.414525729999999,True
386,archived_1p0,recovered,True,7.522180900000001,True
387,tol_1p0,recovered,True,0.981410957,False
387,tol_1p5,recovered,True,1.027625938,False
387,archived_1p0,recovered,True,1.078298556,False
388,tol_1p0,recovered,True,13.324390203999998,True
388,tol_1p5,recovered,True,13.273631610999999,True
388,archived_1p0,recovered,True,13.593908513999999,True
389,tol_1p0,recovered,True,1.090867527,False
389,tol_1p5,recovered,True,1.1061089529999997,False
389,archived_1p0,recovered,True,1.3617445530000003,False
390,tol_1p0,recovered,True,2.348450938,True
390,tol_1p5,recovered,True,2.2067882040000004,True
390,archived_1p0,recovered,True,2.380787646,True
391,tol_1p0,recovered,True,5.462546248000001,True
391,tol_1p5,recovered,True,5.263068887,True
391,archived_1p0,recovered,True,5.581458748,True
392,tol_1p0,recovered,True,0.9828263159999998,False
392,tol_1p5,recovered,True,1.013106291,False
392,archived_1p0,recovered,True,1.118459229,False
393,tol_1p0,recovered,True,4.003115588000001,True
393,tol_1p5,recovered,True,3.9726438799999997,True
393,archived_1p0,recovered,True,4.010322272000002,True
394,tol_1p0,recovered,True,1.9094772749999998,True
394,tol_1p5,recovered,True,1.9240761279999998,True
394,archived_1p0,recovered,True,1.887628619,True
395,tol_1p0,recovered,True,1.1438816410000001,False
395,tol_1p5,recovered,True,1.1915691339999999,False
395,archived_1p0,recovered,True,1.221910175,False
396,tol_1p0,recovered,True,3.0996990559999995,True
396,tol_1p5,recovered,True,3.049767638,True
396,archived_1p0,recovered,True,3.3138502389999998,True
397,tol_1p0,recovered,True,1.868052139,True
397,tol_1p5,recovered,True,1.965523569,True
397,archived_1p0,recovered,True,2.136720404,True
398,tol_1p0,recovered,True,0.9690383360000001,False
398,tol_1p5,recovered,True,1.0576728879999997,False
398,archived_1p0,recovered,True,1.0310853349999998,False
399,tol_1p0,recovered,True,1.1955446959999998,False
399,tol_1p5,recovered,True,1.1680930800000002,False
399,archived_1p0,recovered,True,1.345201451,False
400,tol_1p0,recovered,True,16.375228958,True
400,tol_1p5,recovered,True,16.070969747,True
400,archived_1p0,recovered,True,15.855965159999997,True
401,tol_1p0,recovered,True,18.725578721999998,True
401,tol_1p5,recovered,True,18.490588713,True
401,archived_1p0,recovered,True,18.971192522000003,True
402,tol_1p0,recovered,True,1.4289257530000001,False
402,tol_1p5,recovered,True,1.4363244159999997,False
402,archived_1p0,recovered,True,1.530095478,False
403,tol_1p0,recovered,True,46.894317212000004,True
403,tol_1p5,recovered,True,48.15034644799999,True
403,archived_1p0,recovered,True,46.19378906,True
404,tol_1p0,recovered,True,2.882429979,True
404,tol_1p5,recovered,True,2.843390447,True
404,archived_1p0,recovered,True,3.062077016,True
405,tol_1p0,recovered,True,3.9468003060000005,True
405,tol_1p5,recovered,True,4.044265942,True
405,archived_1p0,recovered,True,3.770199817999999,True
406,tol_1p0,recovered,True,6.989970132000001,True
406,tol_1p5,recovered,True,7.264339223999999,True
406,archived_1p0,recovered,True,7.52504489,True
407,tol_1p0,recovered,True,6.37355104,True
407,tol_1p5,recovered,True,6.549632365000001,True
407,archived_1p0,recovered,True,6.572209701,True
408,tol_1p0,recovered,True,3.6627868619999995,True
408,tol_1p5,recovered,True,3.303197464,True
408,archived_1p0,recovered,True,3.940045369,True
409,tol_1p0,recovered,True,1.539403964,True
409,tol_1p5,recovered,True,1.379849685,True
409,archived_1p0,recovered,True,1.5471274299999995,True
410,tol_1p0,recovered,True,140.998739848,True
410,tol_1p5,recovered,True,160.75362240099997,True
410,archived_1p0,recovered,True,136.314771963,True
411,tol_1p0,recovered,True,22.099844463000004,True
411,tol_1p5,recovered,True,17.731200407,True
411,archived_1p0,recovered,True,22.30250829,True
412,tol_1p0,recovered,True,3.360189106,True
412,tol_1p5,recovered,True,3.308576832999999,True
412,archived_1p0,recovered,True,2.8389411929999993,True
413,tol_1p0,recovered,True,3.271112841,True
413,tol_1p5,recovered,True,19.818537886999998,True
413,archived_1p0,recovered,True,3.263509622,True
414,tol_1p0,recovered,True,1.958574235,False
414,tol_1p5,recovered,True,2.013731603,False
414,archived_1p0,recovered,True,2.043771061,False
415,tol_1p0,recovered,True,2.0050176780000006,False
415,tol_1p5,recovered,True,2.0238419640000003,False
415,archived_1p0,recovered,True,2.0832784980000003,False
416,tol_1p0,recovered,True,1.654633677,False
416,tol_1p5,recovered,True,1.6657890610000001,False
416,archived_1p0,recovered,True,1.669948981,False
417,tol_1p0,recovered,True,11.739346208999999,True
417,tol_1p5,recovered,True,11.175218186,True
417,archived_1p0,recovered,True,11.389169284,True
418,tol_1p0,recovered,True,2.647749393,False
418,tol_1p5,recovered,True,2.806071578,False
418,archived_1p0,recovered,True,2.952095695,False
419,tol_1p0,recovered,True,5.028247909999999,True
419,tol_1p5,recovered,True,5.492268259,True
419,archived_1p0,recovered,True,5.452176935000001,True
420,tol_1p0,recovered,True,23.009736533999998,True
420,tol_1p5,recovered,True,22.663085343000002,True
420,archived_1p0,recovered,True,23.07926978,True
421,tol_1p0,recovered,True,3.1840647919999996,True
421,tol_1p5,recovered,True,3.201179677,True
421,archived_1p0,recovered,True,3.024411185,True
422,tol_1p0,recovered,True,2.2987123720000002,True
422,tol_1p5,recovered,True,2.3621839689999997,True
422,archived_1p0,recovered,True,2.2734989829999996,True
423,tol_1p0,recovered,True,33.284969027,True
423,tol_1p5,recovered,True,33.059447553,True
423,archived_1p0,recovered,True,34.290158899000005,True
424,tol_1p0,recovered,True,1.972071903,False
424,tol_1p5,recovered,True,1.8660687529999995,False
424,archived_1p0,recovered,True,2.252899866,False
425,tol_1p0,recovered,True,8.852982831,True
425,tol_1p5,recovered,True,8.754756323999999,True
425,archived_1p0,recovered,True,8.976357479999999,True
426,tol_1p0,recovered,True,4.315745461,True
426,tol_1p5,recovered,True,4.126452608,True
426,archived_1p0,recovered,True,4.419828976999999,True
427,tol_1p0,recovered,True,12.281965334000002,True
427,tol_1p5,recovered,True,11.954919935,True
427,archived_1p0,recovered,True,12.366353735,True
428,tol_1p0,recovered,True,6.024848168999999,True
428,tol_1p5,recovered,True,6.189767073,True
428,archived_1p0,recovered,True,6.505764191999999,True
429,tol_1p0,recovered,True,1.558215203,True
429,tol_1p5,recovered,True,1.5778570019999996,True
429,archived_1p0,recovered,True,1.6574358510000002,True
430,tol_1p0,recovered,True,5.481363795,False
430,tol_1p5,recovered,True,5.557447298000001,False
430,archived_1p0,recovered,True,5.599365235,False
431,tol_1p0,recovered,True,6.526752709,False
431,tol_1p5,recovered,True,6.752842762,False
431,archived_1p0,recovered,True,6.746046461000001,False
432,tol_1p0,recovered,True,3.70818282,False
432,tol_1p5,recovered,True,3.9717154999999993,False
432,archived_1p0,recovered,True,4.060921017,False
433,tol_1p0,recovered,True,2.5664248699999996,False
433,tol_1p5,recovered,True,2.538118763,False
433,archived_1p0,recovered,True,2.5392309269999993,False
434,tol_1p0,recovered,True,10.679198983,True
434,tol_1p5,recovered,True,10.852283765000001,True
434,archived_1p0,recovered,True,11.009886981000001,True
435,tol_1p0,recovered,True,2.800659627,False
435,tol_1p5,recovered,True,2.7152027069999995,False
435,archived_1p0,recovered,True,2.855624863,False
436,tol_1p0,recovered,True,3.782513823,True
436,tol_1p5,recovered,True,3.8549601769999997,True
436,archived_1p0,recovered,True,3.823318115,True
437,tol_1p0,recovered,True,1.4086244849999998,False
437,tol_1p5,recovered,True,1.3524988339999997,False
437,archived_1p0,recovered,True,1.2981755969999997,False
438,tol_1p0,recovered,True,2.304494809,False
438,tol_1p5,recovered,True,2.2792863059999995,False
438,archived_1p0,recovered,True,2.728781554,False
439,tol_1p0,recovered,True,24.740208668,True
439,tol_1p5,recovered,True,24.606409434999996,True
439,archived_1p0,recovered,True,24.147675304,True
440,tol_1p0,recovered,True,1.657293015,True
440,tol_1p5,recovered,True,1.610138698,True
440,archived_1p0,recovered,True,1.6698647819999999,True
441,tol_1p0,recovered,True,2.427612079,True
441,tol_1p5,recovered,True,2.754459754999999,True
441,archived_1p0,recovered,True,2.658030165,True
442,tol_1p0,recovered,True,15.034321767,True
442,tol_1p5,recovered,True,15.448169700999998,True
442,archived_1p0,recovered,True,15.253652563000003,True
443,tol_1p0,recovered,True,8.594744017,True
443,tol_1p5,recovered,True,8.535939892000002,True
443,archived_1p0,recovered,True,8.821835887,True
444,tol_1p0,recovered,True,16.729107116,True
444,tol_1p5,recovered,True,16.347447386,True
444,archived_1p0,recovered,True,17.02727687,True
445,tol_1p0,recovered,True,8.018507159,True
445,tol_1p5,recovered,True,8.140827712000002,True
445,archived_1p0,recovered,True,8.488102483,True
446,tol_1p0,recovered,True,15.281533987999996,True
446,tol_1p5,recovered,True,15.323698698,True
446,archived_1p0,recovered,True,15.137492495,True
447,tol_1p0,recovered,True,1.278786199,False
447,tol_1p5,recovered,True,1.3279053859999996,False
447,archived_1p0,recovered,True,1.418111546,False
448,tol_1p0,recovered,True,12.637464847999999,True
448,tol_1p5,recovered,True,13.157146152000001,True
448,archived_1p0,recovered,True,13.092424282,True
449,tol_1p0,recovered,True,4.72761652,True
449,tol_1p5,recovered,True,5.035110379000001,True
449,archived_1p0,recovered,True,4.970107507,True
450,tol_1p0,recovered,True,1.681509978,True
450,tol_1p5,recovered,True,1.717216627,True
450,archived_1p0,recovered,True,1.6169021879999996,True
451,tol_1p0,recovered,True,3.6569180209999996,True
451,tol_1p5,recovered,True,3.66410245,True
451,archived_1p0,recovered,True,3.7563703550000005,True
452,tol_1p0,recovered,True,2.4393157,True
452,tol_1p5,recovered,True,2.666975818,True
452,archived_1p0,recovered,True,2.7793118789999998,True
453,tol_1p0,recovered,True,31.442174744,True
453,tol_1p5,recovered,True,30.76516818,True
453,archived_1p0,recovered,True,29.734002606000004,True
454,tol_1p0,recovered,True,17.258969853000004,True
454,tol_1p5,recovered,True,17.612585315999997,True
454,archived_1p0,recovered,True,17.989044536,True
455,tol_1p0,recovered,True,2.093092884,True
455,tol_1p5,recovered,True,2.076588375,True
455,archived_1p0,recovered,True,2.2427729889999997,True
456,tol_1p0,recovered,True,5.20328593,True
456,tol_1p5,recovered,True,5.385934881000001,True
456,archived_1p0,recovered,True,5.268369003,True
457,tol_1p0,recovered,True,3.071086447,True
457,tol_1p5,recovered,True,3.0810013450000002,True
457,archived_1p0,recovered,True,3.2105617209999995,True
458,tol_1p0,recovered,True,2.304460771,True
458,tol_1p5,recovered,True,2.071984594,True
458,archived_1p0,recovered,True,2.6083985840000006,True
459,tol_1p0,recovered,True,4.635307554999999,True
459,tol_1p5,recovered,True,4.567870717,True
459,archived_1p0,recovered,True,4.6654693279999995,True
460,tol_1p0,recovered,True,1.4146034909999998,False
460,tol_1p5,recovered,True,1.3366035999999997,False
460,archived_1p0,recovered,True,1.5265438029999998,False
461,tol_1p0,recovered,True,6.227568191,True
461,tol_1p5,recovered,True,6.1832886029999985,True
461,archived_1p0,recovered,True,7.122218331,True
462,tol_1p0,recovered,True,17.892584104,True
462,tol_1p5,recovered,True,17.577625536,True
462,archived_1p0,recovered,True,18.145196634000005,True
463,tol_1p0,recovered,True,15.002620737000003,True
463,tol_1p5,recovered,True,15.264782553,True
463,archived_1p0,recovered,True,14.902777185999996,True
464,tol_1p0,recovered,True,9.649934174999997,True
464,tol_1p5,recovered,True,9.426862268,True
464,archived_1p0,recovered,True,10.096525713,True
465,tol_1p0,recovered,True,4.642307331,True
465,tol_1p5,recovered,True,4.655609286000001,True
465,archived_1p0,recovered,True,4.897090766,True
466,tol_1p0,recovered,True,5.874613845,True
466,tol_1p5,recovered,True,5.629631126,True
466,archived_1p0,recovered,True,5.836011587,True
467,tol_1p0,recovered,True,1.1946200089999994,False
467,tol_1p5,recovered,True,1.10467537,False
467,archived_1p0,recovered,True,1.0700818849999998,False
468,tol_1p0,recovered,True,1.5258555340000002,False
468,tol_1p5,recovered,True,1.4500812909999998,False
468,archived_1p0,recovered,True,1.620780943,False
469,tol_1p0,recovered,True,2.5137225319999996,False
469,tol_1p5,recovered,True,2.502797668,False
469,archived_1p0,recovered,True,2.347293629,False
470,tol_1p0,recovered,True,1.808178216,True
470,tol_1p5,recovered,True,1.8592694579999998,True
470,archived_1p0,recovered,True,2.1440982550000003,True
471,tol_1p0,recovered,True,2.962869566,False
471,tol_1p5,recovered,True,2.824017028,False
471,archived_1p0,recovered,True,2.829647105,False
472,tol_1p0,recovered,True,1.7408266970000001,False
472,tol_1p5,recovered,True,1.638817371,False
472,archived_1p0,recovered,True,1.884974852,False
473,tol_1p0,recovered,True,3.7026147079999996,True
473,tol_1p5,recovered,True,3.823232701,True
473,archived_1p0,recovered,True,4.258008457,True
474,tol_1p0,recovered,True,9.160655309000001,True
474,tol_1p5,recovered,True,8.575890507,True
474,archived_1p0,recovered,True,9.397836134,True
475,tol_1p0,recovered,True,2.144308929,True
475,tol_1p5,recovered,True,2.2110077290000003,True
475,archived_1p0,recovered,True,2.1943827889999996,True
476,tol_1p0,recovered,True,1.093174032,False
476,tol_1p5,recovered,True,1.1124932999999997,False
476,archived_1p0,recovered,True,1.2813709960000002,False
477,tol_1p0,recovered,True,5.286015201,False
477,tol_1p5,recovered,True,5.0710701390000015,False
477,archived_1p0,recovered,True,5.529279794999999,False
478,tol_1p0,recovered,True,1.719370274,True
478,tol_1p5,recovered,True,1.6975126109999996,True
478,archived_1p0,recovered,True,1.7923937129999996,True
479,tol_1p0,recovered,True,2.7475897750000002,True
479,tol_1p5,recovered,True,2.973718021,True
479,archived_1p0,recovered,True,3.150964171,True
480,tol_1p0,recovered,True,4.269565615000001,True
480,tol_1p5,recovered,True,4.30462439,True
480,archived_1p0,recovered,True,4.310222856999999,True
481,tol_1p0,recovered,True,3.5543181759999993,True
481,tol_1p5,recovered,True,3.695893894,True
481,archived_1p0,recovered,True,4.218488655,True
482,tol_1p0,recovered,True,2.716342737,True
482,tol_1p5,recovered,True,2.7999931690000004,True
482,archived_1p0,recovered,True,2.9787567090000002,True
483,tol_1p0,recovered,True,1.224293003,False
483,tol_1p5,recovered,True,1.2069979379999995,False
483,archived_1p0,recovered,True,1.3534259210000001,False
484,tol_1p0,recovered,True,10.402102592999999,True
484,tol_1p5,recovered,True,10.066067911000001,True
484,archived_1p0,recovered,True,9.994036179999997,True
485,tol_1p0,recovered,True,7.435579090999999,True
485,tol_1p5,recovered,True,7.53208884,True
485,archived_1p0,recovered,True,7.400543391999999,True
486,tol_1p0,recovered,True,3.0081300659999997,True
486,tol_1p5,recovered,True,3.2543878299999998,True
486,archived_1p0,recovered,True,3.368073312,True
487,tol_1p0,recovered,True,1.6442291139999998,False
487,tol_1p5,recovered,True,1.657019779,False
487,archived_1p0,recovered,True,1.7230613020000003,False
488,tol_1p0,recovered,True,2.025149505,True
488,tol_1p5,recovered,True,1.9820541279999997,True
488,archived_1p0,recovered,True,2.008730924,True
489,tol_1p0,recovered,True,4.106581351000001,True
489,tol_1p5,recovered,True,4.295999489000001,True
489,archived_1p0,recovered,True,4.1657333780000005,True
490,tol_1p0,recovered,True,8.431118519000002,True
490,tol_1p5,recovered,True,7.933308977,True
490,archived_1p0,recovered,True,8.308433584000001,True
491,tol_1p0,recovered,True,6.5562294649999995,True
491,tol_1p5,recovered,True,6.42094207,True
491,archived_1p0,recovered,True,6.2079869819999995,True
492,tol_1p0,recovered,True,3.121708303,True
492,tol_1p5,recovered,True,2.899277745,True
492,archived_1p0,recovered,True,2.9297837419999997,True
493,tol_1p0,recovered,True,2.0638060169999997,False
493,tol_1p5,recovered,True,1.8943335939999997,False
493,archived_1p0,recovered,True,2.1523494789999997,False
494,tol_1p0,recovered,True,1.666113459,False
494,tol_1p5,recovered,True,1.653243368,False
494,archived_1p0,recovered,True,1.9524868569999998,False
495,tol_1p0,recovered,True,13.623865567,True
495,tol_1p5,recovered,True,13.933672282000002,True
495,archived_1p0,recovered,True,13.810529900999997,True
496,tol_1p0,recovered,True,14.591316163000002,True
496,tol_1p5,recovered,True,14.098098765,True
496,archived_1p0,recovered,True,14.461871802,True
497,tol_1p0,recovered,True,11.286883041,True
497,tol_1p5,recovered,True,11.565372158999999,True
497,archived_1p0,recovered,True,11.82304736,True
498,tol_1p0,recovered,True,1.7219550400000003,False
498,tol_1p5,recovered,True,1.6373822359999999,False
498,archived_1p0,recovered,True,1.7430952699999995,False
499,tol_1p0,recovered,True,5.90875886,True
499,tol_1p5,recovered,True,6.094751081999999,True
499,archived_1p0,recovered,True,6.136619104999999,True
500,tol_1p0,recovered,True,2.1910977020000004,True
500,tol_1p5,recovered,True,2.1626360389999997,True
500,archived_1p0,recovered,True,2.3648329219999997,True
501,tol_1p0,recovered,True,2.626298043,True
501,tol_1p5,recovered,True,2.653843202999999,True
501,archived_1p0,recovered,True,2.6497598449999997,True
502,tol_1p0,recovered,True,1.492534906,False
502,tol_1p5,recovered,True,1.5373893589999996,False
502,archived_1p0,recovered,True,1.7183912269999997,False
503,tol_1p0,recovered,True,2.380950648,True
503,tol_1p5,recovered,True,2.6519807970000002,True
503,archived_1p0,recovered,True,2.841048905,True
504,tol_1p0,recovered,True,4.1663333950000006,True
504,tol_1p5,recovered,True,4.256779205,True
504,archived_1p0,recovered,True,4.086498095,True
505,tol_1p0,recovered,True,3.531720123,True
505,tol_1p5,recovered,True,3.4244810830000003,True
505,archived_1p0,recovered,True,3.6450879109999996,True
506,tol_1p0,recovered,True,4.807973961,True
506,tol_1p5,recovered,True,4.948688205,True
506,archived_1p0,recovered,True,4.879959122,True
507,tol_1p0,recovered,True,7.178902471999999,True
507,tol_1p5,recovered,True,7.205198866999998,True
507,archived_1p0,recovered,True,7.432087127000001,True
508,tol_1p0,recovered,True,1.591250879,False
508,tol_1p5,recovered,True,1.530905433,False
508,archived_1p0,recovered,True,1.5324701450000002,False
509,tol_1p0,recovered,True,2.746880309,True
509,tol_1p5,recovered,True,2.809235383999999,True
509,archived_1p0,recovered,True,2.764795397,True
510,tol_1p0,recovered,True,2.59342552,True
510,tol_1p5,recovered,True,2.628363008,True
510,archived_1p0,recovered,True,2.4590119489999998,True
511,tol_1p0,recovered,True,3.3439973829999996,True
511,tol_1p5,recovered,True,3.5079033020000003,True
511,archived_1p0,recovered,True,3.418806749,True
512,tol_1p0,recovered,True,1.1055454079999998,False
512,tol_1p5,recovered,True,1.1648314579999997,False
512,archived_1p0,recovered,True,1.2545438329999996,False
513,tol_1p0,recovered,True,2.754716083,False
513,tol_1p5,recovered,True,2.883737774,False
513,archived_1p0,recovered,True,2.776672112,False
514,tol_1p0,recovered,True,4.2167141599999995,True
514,tol_1p5,recovered,True,3.9331096519999993,True
514,archived_1p0,recovered,True,4.414018218000001,True
515,tol_1p0,recovered,True,2.55041909,False
515,tol_1p5,recovered,True,2.4387017139999996,False
515,archived_1p0,recovered,True,2.591321724,False
516,tol_1p0,recovered,True,8.068648457,True
516,tol_1p5,recovered,True,7.443045988,True
516,archived_1p0,recovered,True,7.953631421000001,True
517,tol_1p0,recovered,True,2.005219876,True
517,tol_1p5,recovered,True,2.0853773130000004,True
517,archived_1p0,recovered,True,2.319400014,True
518,tol_1p0,recovered,True,6.529233657000001,True
518,tol_1p5,recovered,True,6.637599139000001,True
518,archived_1p0,recovered,True,6.990942640999998,True
519,tol_1p0,recovered,True,1.88965771,False
519,tol_1p5,recovered,True,2.0536060569999997,False
519,archived_1p0,recovered,True,2.005443156,False
520,tol_1p0,recovered,True,1.8923407650000001,True
520,tol_1p5,recovered,True,2.0187188469999997,True
520,archived_1p0,recovered,True,2.0710854769999996,True
521,tol_1p0,recovered,True,29.394292529,True
521,tol_1p5,recovered,True,29.505195426,True
521,archived_1p0,recovered,True,28.866828257999998,True
522,tol_1p0,recovered,True,1.8035519349999998,False
522,tol_1p5,recovered,True,1.806182405,False
522,archived_1p0,recovered,True,1.6613069219999996,False
523,tol_1p0,recovered,True,6.948956829999999,True
523,tol_1p5,recovered,True,6.931547025999999,True
523,archived_1p0,recovered,True,6.9233128289999994,True
524,tol_1p0,recovered,True,4.382771409,True
524,tol_1p5,recovered,True,4.483459591,True
524,archived_1p0,recovered,True,4.616001515,True
525,tol_1p0,recovered,True,2.087526045,True
525,tol_1p5,recovered,True,2.160831691,True
525,archived_1p0,recovered,True,2.283417485,True
526,tol_1p0,recovered,True,1.04129698,False
526,tol_1p5,recovered,True,0.9711456869999999,False
526,archived_1p0,recovered,True,1.264076934,False
527,tol_1p0,recovered,True,6.313638877999999,True
527,tol_1p5,recovered,True,6.291355849999998,True
527,archived_1p0,recovered,True,6.289757080000001,True
528,tol_1p0,recovered,True,22.272314405,True
528,tol_1p5,recovered,True,22.033865052000003,True
528,archived_1p0,recovered,True,21.556672199999994,True
529,tol_1p0,recovered,True,6.762224616999999,True
529,tol_1p5,recovered,True,7.099008532999999,True
529,archived_1p0,recovered,True,7.30658674,True
530,tol_1p0,recovered,True,2.28623134,True
530,tol_1p5,recovered,True,2.368574807,True
530,archived_1p0,recovered,True,2.682235777,True
531,tol_1p0,recovered,True,5.877829181999999,True
531,tol_1p5,recovered,True,5.981346990999999,True
531,archived_1p0,recovered,True,6.125474213999999,True
532,tol_1p0,recovered,True,34.584858376999996,True
532,tol_1p5,recovered,True,34.594899928000004,True
532,archived_1p0,recovered,True,34.34747731,True
533,tol_1p0,recovered,True,5.4744358989999995,True
533,tol_1p5,recovered,True,5.674592021999999,True
533,archived_1p0,recovered,True,5.619347994,True
534,tol_1p0,recovered,True,5.864329781,True
534,tol_1p5,recovered,True,6.031234045,True
534,archived_1p0,recovered,True,6.386051656999999,True
535,tol_1p0,recovered,True,4.935274454,True
535,tol_1p5,recovered,True,4.71734866,True
535,archived_1p0,recovered,True,5.1729911799999995,True
536,tol_1p0,recovered,True,7.259145903999999,True
536,tol_1p5,recovered,True,3.844050317999999,True
536,archived_1p0,recovered,True,7.522470620999999,True
537,tol_1p0,recovered,True,1.740266105,True
537,tol_1p5,recovered,True,1.7043215740000002,True
537,archived_1p0,recovered,True,1.8641227149999997,True
538,tol_1p0,recovered,True,1.1836275029999999,False
538,tol_1p5,recovered,True,1.1386337610000001,False
538,archived_1p0,recovered,True,1.3063428009999996,False
539,tol_1p0,recovered,True,2.0713919179999998,True
539,tol_1p5,recovered,True,2.096794536,True
539,archived_1p0,recovered,True,2.2980922799999997,True
540,tol_1p0,recovered,True,3.052323708,True
540,tol_1p5,recovered,True,3.2592462180000004,True
540,archived_1p0,recovered,True,3.369659907999999,True
541,tol_1p0,recovered,True,19.782226954,True
541,tol_1p5,recovered,True,19.971421697,True
541,archived_1p0,recovered,True,20.701394,True
542,tol_1p0,recovered,True,11.488480397,True
542,tol_1p5,recovered,True,11.226138463,True
542,archived_1p0,recovered,True,11.642532238,True
543,tol_1p0,recovered,True,2.233283451,True
543,tol_1p5,recovered,True,2.0699790549999992,True
543,archived_1p0,recovered,True,2.4027103249999997,True
544,tol_1p0,recovered,True,3.413783128,True
544,tol_1p5,recovered,True,3.1261334119999997,True
544,archived_1p0,recovered,True,3.5101116909999996,True
545,tol_1p0,recovered,True,8.510367263,True
545,tol_1p5,recovered,True,8.152289168,True
545,archived_1p0,recovered,True,8.709303167999998,True
546,tol_1p0,recovered,True,3.6096644959999997,True
546,tol_1p5,recovered,True,3.657319306,True
546,archived_1p0,recovered,True,3.6810147699999995,True
547,tol_1p0,recovered,True,10.21598763,True
547,tol_1p5,recovered,True,10.903100493,True
547,archived_1p0,recovered,True,11.219406178,True
548,tol_1p0,recovered,True,2.1093705079999996,True
548,tol_1p5,recovered,True,2.174741794,True
548,archived_1p0,recovered,True,2.01603481,True
549,tol_1p0,recovered,True,8.663377476,True
549,tol_1p5,recovered,True,8.917120014,True
549,archived_1p0,recovered,True,8.932903377999999,True
550,tol_1p0,recovered,True,2.7146701220000002,True
550,tol_1p5,recovered,True,2.803640796,True
550,archived_1p0,recovered,True,2.5512487989999997,True
551,tol_1p0,recovered,True,22.441505286,True
551,tol_1p5,recovered,True,21.675041826,True
551,archived_1p0,recovered,True,23.055055533999997,True
552,tol_1p0,recovered,True,1.1086226640000003,False
552,tol_1p5,recovered,True,1.1713303979999998,False
552,archived_1p0,recovered,True,1.2460330680000005,False
553,tol_1p0,recovered,True,16.227785312,True
553,tol_1p5,recovered,True,15.916590761999998,True
553,archived_1p0,recovered,True,16.128012904000002,True
554,tol_1p0,recovered,True,14.953811335,True
554,tol_1p5,recovered,True,15.219582679999998,True
554,archived_1p0,recovered,True,15.218969407,True
555,tol_1p0,recovered,True,11.174555462,True
555,tol_1p5,recovered,True,11.697985309,True
555,archived_1p0,recovered,True,11.428139508000001,True
556,tol_1p0,recovered,True,6.504928476,True
556,tol_1p5,recovered,True,6.6362616469999995,True
556,archived_1p0,recovered,True,6.230514949000001,True
557,tol_1p0,recovered,True,2.132651748,True
557,tol_1p5,recovered,True,1.9636447410000002,True
557,archived_1p0,recovered,True,2.154410029,True
558,tol_1p0,recovered,True,3.6375304569999996,True
558,tol_1p5,recovered,True,3.695538026,True
558,archived_1p0,recovered,True,3.7667005529999997,True
559,tol_1p0,recovered,True,23.907367711,True
559,tol_1p5,recovered,True,23.969429653,True
559,archived_1p0,recovered,True,24.097834197,True
560,tol_1p0,recovered,True,2.3439951640000003,True
560,tol_1p5,recovered,True,2.3534990399999995,True
560,archived_1p0,recovered,True,2.515156062,True
561,tol_1p0,recovered,True,53.251277963999996,True
561,tol_1p5,recovered,True,27.921568741999998,True
561,archived_1p0,recovered,True,51.756935668,True
562,tol_1p0,recovered,True,2.8574612000000004,False
562,tol_1p5,recovered,True,2.798930215,False
562,archived_1p0,recovered,True,2.934247279,False
563,tol_1p0,recovered,True,9.438379036999999,True
563,tol_1p5,recovered,True,11.079975730000001,True
563,archived_1p0,recovered,True,9.985019012999999,True
564,tol_1p0,recovered,True,38.876340813999995,True
564,tol_1p5,recovered,True,38.368281841,True
564,archived_1p0,recovered,True,37.87331927699999,True
565,tol_1p0,recovered,True,18.428422182,True
565,tol_1p5,recovered,True,18.387073821999998,True
565,archived_1p0,recovered,True,18.586902275999996,True
566,tol_1p0,recovered,True,9.264765066999999,True
566,tol_1p5,recovered,True,9.483286435,True
566,archived_1p0,recovered,True,9.456217107,True
567,tol_1p0,recovered,True,18.894363542,True
567,tol_1p5,recovered,True,18.993434815,True
567,archived_1p0,recovered,True,19.332797315999997,True
568,tol_1p0,recovered,True,6.670804425,True
568,tol_1p5,recovered,True,6.7299527900000005,True
568,archived_1p0,recovered,True,6.559830761000001,True
569,tol_1p0,recovered,True,7.561918453,True
569,tol_1p5,recovered,True,7.687983009000002,True
569,archived_1p0,recovered,True,7.475032016999998,True
570,tol_1p0,recovered,True,3.393151077,True
570,tol_1p5,recovered,True,3.241930337,True
570,archived_1p0,recovered,True,3.4885065589999997,True
571,tol_1p0,recovered,True,2.908472233,True
571,tol_1p5,recovered,True,2.8726322049999995,True
571,archived_1p0,recovered,True,3.3816953430000005,True
572,tol_1p0,recovered,True,17.473159717999998,True
572,tol_1p5,recovered,True,17.849490618999994,True
572,archived_1p0,recovered,True,18.453092075999997,True
573,tol_1p0,recovered,True,21.456310353000003,True
573,tol_1p5,recovered,True,20.217688386,True
573,archived_1p0,recovered,True,20.015043933,True
574,tol_1p0,recovered,True,9.036511004,True
574,tol_1p5,recovered,True,8.804601352,True
574,archived_1p0,recovered,True,9.192522280999999,True
575,tol_1p0,recovered,True,83.40095776999999,True
575,tol_1p5,recovered,True,61.63799782700001,True
575,archived_1p0,recovered,True,81.481071696,True
576,tol_1p0,recovered,True,6.526465332999999,True
576,tol_1p5,recovered,True,7.330860889,True
576,archived_1p0,recovered,True,6.701358478,True
577,tol_1p0,recovered,True,2.0413111290000003,True
577,tol_1p5,recovered,True,2.287845601,True
577,archived_1p0,recovered,True,2.2868345550000004,True
578,tol_1p0,recovered,True,4.038429255,True
578,tol_1p5,recovered,True,4.1590686009999995,True
578,archived_1p0,recovered,True,4.157723985,True
579,tol_1p0,recovered,True,16.955483871000002,True
579,tol_1p5,recovered,True,17.233935567,True
579,archived_1p0,recovered,True,18.536221533,True
580,tol_1p0,recovered,True,5.865205862,True
580,tol_1p5,recovered,True,5.774879796,True
580,archived_1p0,recovered,True,5.962503384000001,True
581,tol_1p0,recovered,True,2.6564975429999995,True
581,tol_1p5,recovered,True,2.5142860299999996,True
581,archived_1p0,recovered,True,2.7343444979999996,True
582,tol_1p0,recovered,True,4.029979096,True
582,tol_1p5,recovered,True,4.009845145,True
582,archived_1p0,recovered,True,4.143975990000001,True
583,tol_1p0,recovered,True,47.37143017,True
583,tol_1p5,recovered,True,47.00672709,True
583,archived_1p0,recovered,True,48.640144993,True
584,tol_1p0,recovered,True,1.5053429170000001,False
584,tol_1p5,recovered,True,1.460207568,False
584,archived_1p0,recovered,True,1.510148515,False
585,tol_1p0,recovered,True,2.2182174459999997,False
585,tol_1p5,recovered,True,2.238461042,False
585,archived_1p0,recovered,True,2.352160133,False
586,tol_1p0,recovered,True,3.421960009,True
586,tol_1p5,recovered,True,3.408420706,True
586,archived_1p0,recovered,True,3.351321135,True
587,tol_1p0,recovered,True,6.403088631999999,True
587,tol_1p5,recovered,True,6.291150926,True
587,archived_1p0,recovered,True,6.660380626000001,True
588,tol_1p0,recovered,True,3.2560651489999994,True
588,tol_1p5,recovered,True,3.3621101029999996,True
588,archived_1p0,recovered,True,3.4333696830000004,True
589,tol_1p0,recovered,True,2.803968136,True
589,tol_1p5,recovered,True,2.675857623,True
589,archived_1p0,recovered,True,3.0083052909999997,True
590,tol_1p0,not_recovered,True,78.034423287,True
590,tol_1p5,not_recovered,True,79.555793952,True
590,archived_1p0,not_recovered,True,77.542426256,True
591,tol_1p0,recovered,True,1.479320064,True
591,tol_1p5,recovered,True,1.4080372859999997,True
591,archived_1p0,recovered,True,1.4757150829999999,True
592,tol_1p0,recovered,True,1.474864845,False
592,tol_1p5,recovered,True,1.591683674,False
592,archived_1p0,recovered,True,1.7595254219999998,False
593,tol_1p0,recovered,True,1.3723282509999999,False
593,tol_1p5,recovered,True,1.288565094,False
593,archived_1p0,recovered,True,1.4332664099999999,False
594,tol_1p0,recovered,True,15.421315249999997,True
594,tol_1p5,recovered,True,15.874814358999997,True
594,archived_1p0,recovered,True,15.933978726000001,True
595,tol_1p0,recovered,True,12.859193588999998,True
595,tol_1p5,recovered,True,12.912365592999999,True
595,archived_1p0,recovered,True,12.665094099000001,True
596,tol_1p0,recovered,True,69.315448848,True
596,tol_1p5,recovered,True,69.634029785,True
596,archived_1p0,recovered,True,67.878818268,True
597,tol_1p0,recovered,True,7.7478265120000005,True
597,tol_1p5,recovered,True,7.933046461,True
597,archived_1p0,recovered,True,8.016689719000002,True
598,tol_1p0,recovered,True,11.773842683,True
598,tol_1p5,recovered,True,7.823120799,True
598,archived_1p0,recovered,True,12.000955213,True
599,tol_1p0,recovered,True,9.48917052,True
599,tol_1p5,recovered,True,7.968494166,True
599,archived_1p0,recovered,True,9.682617397,True
600,tol_1p0,recovered,True,3.169233524,True
600,tol_1p5,recovered,True,4.179998425999999,True
600,archived_1p0,recovered,True,3.3811886849999997,True
601,tol_1p0,recovered,True,10.534122937999998,True
601,tol_1p5,recovered,True,10.340217595999999,True
601,archived_1p0,recovered,True,10.759145279,True
602,tol_1p0,not_recovered,True,5.301709032000001,True
602,tol_1p5,not_recovered,True,5.239941796999999,True
602,archived_1p0,not_recovered,True,5.443380654,True
603,tol_1p0,recovered,True,17.968592401,True
603,tol_1p5,recovered,True,18.250919349,True
603,archived_1p0,recovered,True,17.660569482,True
604,tol_1p0,recovered,True,4.231796349,True
604,tol_1p5,recovered,True,4.449115154999999,True
604,archived_1p0,recovered,True,4.649369161,True
605,tol_1p0,recovered,True,0.9802469239999998,False
605,tol_1p5,recovered,True,1.004677775,False
605,archived_1p0,recovered,True,1.1585886799999998,False
606,tol_1p0,recovered,True,0.8937598499999998,False
606,tol_1p5,recovered,True,0.870727669,False
606,archived_1p0,recovered,True,1.088867869,False
607,tol_1p0,recovered,True,56.075595934000006,True
607,tol_1p5,recovered,True,57.108757416,True
607,archived_1p0,recovered,True,57.67454694600001,True
608,tol_1p0,recovered,True,7.557458924,True
608,tol_1p5,recovered,True,8.299437512,True
608,archived_1p0,recovered,True,7.725954772,True
609,tol_1p0,recovered,True,10.700770701999998,True
609,tol_1p5,recovered,True,9.993042964,True
609,archived_1p0,recovered,True,10.821731135999999,True
610,tol_1p0,recovered,True,3.623930384,True
610,tol_1p5,recovered,True,3.421662244,True
610,archived_1p0,recovered,True,3.702268012,True
611,tol_1p0,recovered,True,6.606096711999999,True
611,tol_1p5,recovered,True,6.947487979,True
611,archived_1p0,recovered,True,6.883473338000001,True
612,tol_1p0,recovered,True,46.809085701,True
612,tol_1p5,recovered,True,47.35116681000001,True
612,archived_1p0,recovered,True,48.174927354999994,True
613,tol_1p0,recovered,True,7.647498054,True
613,tol_1p5,recovered,True,7.476915137000001,True
613,archived_1p0,recovered,True,7.718167940000001,True
614,tol_1p0,recovered,True,13.312757369,True
614,tol_1p5,recovered,True,13.320832471,True
614,archived_1p0,recovered,True,13.324644461000002,True
615,tol_1p0,recovered,True,5.323718683999999,True
615,tol_1p5,recovered,True,5.362620193999998,True
615,archived_1p0,recovered,True,5.667759517,True
616,tol_1p0,recovered,True,13.247390654000004,True
616,tol_1p5,recovered,True,13.424328415000002,True
616,archived_1p0,recovered,True,14.190042661,True
617,tol_1p0,recovered,True,4.126526584,False
617,tol_1p5,recovered,True,4.0829211149999995,False
617,archived_1p0,recovered,True,4.268386655,False
618,tol_1p0,recovered,True,18.317425089,True
618,tol_1p5,recovered,True,18.413686627,True
618,archived_1p0,recovered,True,17.945513659,True
619,tol_1p0,recovered,True,19.884628624999998,True
619,tol_1p5,recovered,True,19.095368737,True
619,archived_1p0,recovered,True,18.899800024,True
620,tol_1p0,recovered,True,66.38495571099999,True
620,tol_1p5,recovered,True,66.637670484,True
620,archived_1p0,recovered,True,67.434297817,True
621,tol_1p0,recovered,True,23.581590356,True
621,tol_1p5,recovered,True,23.141729740000002,True
621,archived_1p0,recovered,True,23.096068227,True
622,tol_1p0,recovered,True,69.44662169099999,True
622,tol_1p5,recovered,True,68.443063753,True
622,archived_1p0,recovered,True,70.54027905700002,True
623,tol_1p0,recovered,True,17.201364898999998,True
623,tol_1p5,recovered,True,16.761848772999997,True
623,archived_1p0,recovered,True,17.604858598,True
624,tol_1p0,recovered,True,1.0334586169999995,False
624,tol_1p5,recovered,True,1.161641349,False
624,archived_1p0,recovered,True,1.262816248,False
625,tol_1p0,recovered,True,0.902647807,False
625,tol_1p5,recovered,True,0.8486727869999999,False
625,archived_1p0,recovered,True,0.9419504599999999,False
626,tol_1p0,recovered,True,2.533548589,False
626,tol_1p5,recovered,True,2.595645415,False
626,archived_1p0,recovered,True,2.390474812,False
627,tol_1p0,recovered,True,5.2986354339999995,False
627,tol_1p5,recovered,True,5.127818983000001,False
627,archived_1p0,recovered,True,5.3824412,False
628,tol_1p0,recovered,True,6.804478259,True
628,tol_1p5,recovered,True,7.024881717,True
628,archived_1p0,recovered,True,7.488555412999999,True
629,tol_1p0,recovered,True,8.810088142000001,False
629,tol_1p5,recovered,True,8.909523078,False
629,archived_1p0,recovered,True,9.176518686000001,False
630,tol_1p0,recovered,True,7.707364537,True
630,tol_1p5,recovered,True,7.669725541,True
630,archived_1p0,recovered,True,7.862717480000001,True
631,tol_1p0,recovered,True,2.4599012229999992,False
631,tol_1p5,recovered,True,2.3821358709999996,False
631,archived_1p0,recovered,True,2.6650206499999998,False
632,tol_1p0,recovered,True,16.887570472,True
632,tol_1p5,recovered,True,16.548805011999995,True
632,archived_1p0,recovered,True,16.968449159,True
633,tol_1p0,recovered,True,7.894788805,False
633,tol_1p5,recovered,True,8.050695752,False
633,archived_1p0,recovered,True,8.174442299999999,False
634,tol_1p0,recovered,True,17.437449362000002,True
634,tol_1p5,recovered,True,17.640689344,True
634,archived_1p0,recovered,True,17.850294985,True
635,tol_1p0,recovered,True,27.357342359,True
635,tol_1p5,recovered,True,27.530526689,True
635,archived_1p0,recovered,True,27.343492576,True
636,tol_1p0,recovered,True,16.13129631,True
636,tol_1p5,recovered,True,15.971395785000002,True
636,archived_1p0,recovered,True,16.093421677,True
637,tol_1p0,recovered,True,1.7578268989999997,False
637,tol_1p5,recovered,True,1.7888489339999998,False
637,archived_1p0,recovered,True,1.9422409989999998,False
638,tol_1p0,recovered,True,8.399117798,True
638,tol_1p5,recovered,True,8.435432343999999,True
638,archived_1p0,recovered,True,8.241105648,True
639,tol_1p0,recovered,True,10.405080651,True
639,tol_1p5,recovered,True,10.934440218999999,True
639,archived_1p0,recovered,True,10.608476438000002,True
640,tol_1p0,recovered,True,52.463033586,True
640,tol_1p5,recovered,True,51.264888471000006,True
640,archived_1p0,recovered,True,54.302714746999996,True
641,tol_1p0,recovered,True,7.317756900000001,True
641,tol_1p5,recovered,True,7.396348303,True
641,archived_1p0,recovered,True,7.582481102999999,True
642,tol_1p0,recovered,True,22.520160797,True
642,tol_1p5,recovered,True,22.280885667000003,True
642,archived_1p0,recovered,True,23.043264132,True
643,tol_1p0,recovered,True,8.195210747,True
643,tol_1p5,recovered,True,8.137113844,True
643,archived_1p0,recovered,True,8.159030249999999,True
644,tol_1p0,recovered,True,5.639070434,True
644,tol_1p5,recovered,True,5.3999735829999995,True
644,archived_1p0,recovered,True,5.445030188,True
645,tol_1p0,recovered,True,20.022058234,True
645,tol_1p5,recovered,True,20.579808814000003,True
645,archived_1p0,recovered,True,20.409126705000002,True
646,tol_1p0,recovered,True,9.213762625,True
646,tol_1p5,recovered,True,9.356543597,True
646,archived_1p0,recovered,True,9.410389479000001,True
647,tol_1p0,recovered,True,30.840473518,True
647,tol_1p5,recovered,True,31.297954826,True
647,archived_1p0,recovered,True,31.077628624999996,True
648,tol_1p0,recovered,True,6.341208598000001,True
648,tol_1p5,recovered,True,6.454195036,True
648,archived_1p0,recovered,True,6.390970907000002,True
649,tol_1p0,recovered,True,18.461383958999996,True
649,tol_1p5,recovered,True,19.016493125,True
649,archived_1p0,recovered,True,18.703130652,True
650,tol_1p0,recovered,True,26.884994675,True
650,tol_1p5,recovered,True,26.930966974,True
650,archived_1p0,recovered,True,27.088030234000005,True
651,tol_1p0,recovered,True,4.523464234,True
651,tol_1p5,recovered,True,4.867844284999999,True
651,archived_1p0,recovered,True,4.5721822759999995,True
652,tol_1p0,recovered,True,4.2502071919999995,True
652,tol_1p5,recovered,True,4.432793939000001,True
652,archived_1p0,recovered,True,4.52618346,True
653,tol_1p0,recovered,True,2.472915772,False
653,tol_1p5,recovered,True,2.352997511,False
653,archived_1p0,recovered,True,2.4654115139999995,False
654,tol_1p0,recovered,True,2.722846187,True
654,tol_1p5,recovered,True,2.40651752,True
654,archived_1p0,recovered,True,2.7167886249999995,True
655,tol_1p0,recovered,True,1.737719877,False
655,tol_1p5,recovered,True,1.783891799,False
655,archived_1p0,recovered,True,2.0658953139999996,False
656,tol_1p0,recovered,True,1.886621211,False
656,tol_1p5,recovered,True,2.0013035660000003,False
656,archived_1p0,recovered,True,2.0997246969999996,False
657,tol_1p0,recovered,True,3.5538006360000005,True
657,tol_1p5,recovered,True,3.486943203,True
657,archived_1p0,recovered,True,3.7099801769999994,True
658,tol_1p0,recovered,True,2.589924039,True
658,tol_1p5,recovered,True,2.555280615,True
658,archived_1p0,recovered,True,2.6334800759999997,True
659,tol_1p0,recovered,True,1.9310543379999996,False
659,tol_1p5,recovered,True,1.925572604,False
659,archived_1p0,recovered,True,2.119225488,False
660,tol_1p0,recovered,True,1.7327987949999997,False
660,tol_1p5,recovered,True,1.5781483579999998,False
660,archived_1p0,recovered,True,1.8170327439999998,False
661,tol_1p0,recovered,True,16.558951045,True
661,tol_1p5,recovered,True,17.496606110000002,True
661,archived_1p0,recovered,True,17.629209676,True
662,tol_1p0,recovered,True,7.269396515999999,True
662,tol_1p5,recovered,True,7.515762279999999,True
662,archived_1p0,recovered,True,7.463531651999999,True
663,tol_1p0,recovered,True,3.541433303,False
663,tol_1p5,recovered,True,3.542771359,False
663,archived_1p0,recovered,True,3.8298952460000004,False
664,tol_1p0,recovered,True,4.631337263,True
664,tol_1p5,recovered,True,4.414377868,True
664,archived_1p0,recovered,True,4.799052816,True
665,tol_1p0,recovered,True,10.702354718999999,True
665,tol_1p5,recovered,True,11.466631452000001,True
665,archived_1p0,recovered,True,11.038045064000002,True
666,tol_1p0,recovered,True,13.780482416,True
666,tol_1p5,recovered,True,13.698141991,True
666,archived_1p0,recovered,True,14.018147059999999,True
667,tol_1p0,recovered,True,48.479932287000004,True
667,tol_1p5,recovered,True,48.491763157,True
667,archived_1p0,recovered,True,49.044293803,True
668,tol_1p0,recovered,True,1.9164814249999997,True
668,tol_1p5,recovered,True,1.899695768,True
668,archived_1p0,recovered,True,1.9755454849999996,True
669,tol_1p0,recovered,True,1.5896727740000003,False
669,tol_1p5,recovered,True,1.6061725759999996,False
669,archived_1p0,recovered,True,1.6252358359999999,False
670,tol_1p0,recovered,True,12.212751523000001,True
670,tol_1p5,recovered,True,12.262953280999998,True
670,archived_1p0,recovered,True,12.459635362,True
671,tol_1p0,recovered,True,79.537034426,True
671,tol_1p5,recovered,True,80.67418291400001,True
671,archived_1p0,recovered,True,83.47240858699999,True
672,tol_1p0,recovered,True,69.88127814500001,True
672,tol_1p5,recovered,True,69.425183513,True
672,archived_1p0,recovered,True,69.459192851,True
673,tol_1p0,recovered,True,17.469599905,True
673,tol_1p5,recovered,True,16.203129116,True
673,archived_1p0,recovered,True,18.485979382,True
674,tol_1p0,recovered,True,5.178672536999999,True
674,tol_1p5,recovered,True,5.211533391,True
674,archived_1p0,recovered,True,4.855961441000001,True
675,tol_1p0,recovered,True,2.024153501,False
675,tol_1p5,recovered,True,2.237047106,False
675,archived_1p0,recovered,True,2.3723274190000003,False
676,tol_1p0,recovered,True,1.8661802519999997,False
676,tol_1p5,recovered,True,1.853420004,False
676,archived_1p0,recovered,True,2.035061337,False
677,tol_1p0,recovered,True,17.396721834,True
677,tol_1p5,recovered,True,17.796441994,True
677,archived_1p0,recovered,True,17.402156985999998,True
678,tol_1p0,recovered,True,4.990668061,True
678,tol_1p5,recovered,True,4.943535923999999,True
678,archived_1p0,recovered,True,5.1781624310000005,True
679,tol_1p0,recovered,True,9.143770839000002,False
679,tol_1p5,recovered,True,9.155807699,False
679,archived_1p0,recovered,True,9.341767558999997,False
680,tol_1p0,recovered,True,6.883459885000001,True
680,tol_1p5,recovered,True,7.4228348319999995,True
680,archived_1p0,recovered,True,7.052342179999999,True
681,tol_1p0,recovered,True,5.85792335,True
681,tol_1p5,recovered,True,5.5577343049999985,True
681,archived_1p0,recovered,True,5.894850851,True
682,tol_1p0,recovered,True,44.163094207,True
682,tol_1p5,recovered,True,44.403019514,True
682,archived_1p0,recovered,True,43.788637976,True
683,tol_1p0,recovered,True,7.425377684000001,True
683,tol_1p5,recovered,True,7.764573186,True
683,archived_1p0,recovered,True,8.095020302000002,True
684,tol_1p0,recovered,True,6.974882708999999,False
684,tol_1p5,recovered,True,7.010798425000001,False
684,archived_1p0,recovered,True,7.1223155910000004,False
685,tol_1p0,recovered,True,8.926595041999999,True
685,tol_1p5,recovered,True,9.327030825,True
685,archived_1p0,recovered,True,9.531447899,True
686,tol_1p0,recovered,True,3.739179021,True
686,tol_1p5,recovered,True,3.7332207929999996,True
686,archived_1p0,recovered,True,3.985462914,True
687,tol_1p0,recovered,True,1.9248402529999997,False
687,tol_1p5,recovered,True,2.100704049,False
687,archived_1p0,recovered,True,2.2124719019999994,False
688,tol_1p0,recovered,True,5.656233516,True
688,tol_1p5,recovered,True,5.99761905,True
688,archived_1p0,recovered,True,5.967407118000001,True
689,tol_1p0,recovered,True,5.356844468,True
689,tol_1p5,recovered,True,5.568355257,True
689,archived_1p0,recovered,True,5.4574733449999995,True
690,tol_1p0,recovered,True,5.679676772,False
690,tol_1p5,recovered,True,5.733867416,False
690,archived_1p0,recovered,True,5.826007881000001,False
691,tol_1p0,recovered,True,2.5968585909999997,False
691,tol_1p5,recovered,True,2.4789416519999996,False
691,archived_1p0,recovered,True,2.6472115310000004,False
692,tol_1p0,recovered,True,5.538723065,True
692,tol_1p5,recovered,True,6.121277565,True
692,archived_1p0,recovered,True,6.097820325000001,True
693,tol_1p0,recovered,True,2.8511101539999997,True
693,tol_1p5,recovered,True,2.843973796,True
693,archived_1p0,recovered,True,2.7645462829999996,True
694,tol_1p0,recovered,True,3.2275061470000006,True
694,tol_1p5,recovered,True,3.232659398000001,True
694,archived_1p0,recovered,True,3.2720750589999996,True
695,tol_1p0,recovered,True,10.537180787000002,True
695,tol_1p5,recovered,True,10.581362366,True
695,archived_1p0,recovered,True,10.90664316,True
696,tol_1p0,recovered,True,18.878918077999998,True
696,tol_1p5,recovered,True,18.932433838999998,True
696,archived_1p0,recovered,True,19.563875127,True
697,tol_1p0,recovered,True,21.132561082000002,True
697,tol_1p5,recovered,True,20.642684055,True
697,archived_1p0,recovered,True,21.167855128999996,True
698,tol_1p0,recovered,True,3.955016329,True
698,tol_1p5,recovered,True,3.720651385,True
698,archived_1p0,recovered,True,3.732522795,True
699,tol_1p0,recovered,True,5.527046857999999,True
699,tol_1p5,recovered,True,5.505249128000001,True
699,archived_1p0,recovered,True,5.437391188,True
700,tol_1p0,recovered,True,21.204797311000007,True
700,tol_1p5,recovered,True,21.249075648,True
700,archived_1p0,recovered,True,21.911782280999997,True
701,tol_1p0,recovered,True,1.143369147,False
701,tol_1p5,recovered,True,1.1437216890000004,False
701,archived_1p0,recovered,True,1.248603779,False
702,tol_1p0,recovered,True,1.037775301,False
702,tol_1p5,recovered,True,1.001911513,False
702,archived_1p0,recovered,True,1.0777169899999999,False
703,tol_1p0,recovered,True,2.801023174,True
703,tol_1p5,recovered,True,2.557892041,True
703,archived_1p0,recovered,True,2.9343104700000002,True
704,tol_1p0,recovered,True,1.3223437939999998,False
704,tol_1p5,recovered,True,1.20348272,False
704,archived_1p0,recovered,True,1.4568974990000005,False
705,tol_1p0,recovered,True,12.078825817,True
705,tol_1p5,recovered,True,12.143267638999998,True
705,archived_1p0,recovered,True,11.613922624,True
706,tol_1p0,recovered,True,53.030084394,True
706,tol_1p5,recovered,True,53.10584144199999,True
706,archived_1p0,recovered,True,53.909787441999995,True
707,tol_1p0,recovered,True,1.079974526,False
707,tol_1p5,recovered,True,1.0894933669999998,False
707,archived_1p0,recovered,True,1.225975487,False
708,tol_1p0,recovered,True,3.397117227,True
708,tol_1p5,recovered,True,3.3116645269999996,True
708,archived_1p0,recovered,True,3.4877264379999993,True
709,tol_1p0,recovered,True,107.99977601600001,True
709,tol_1p5,recovered,True,107.960784152,True
709,archived_1p0,recovered,True,108.866193002,True
710,tol_1p0,recovered,True,16.080798684,True
710,tol_1p5,recovered,True,16.104934411000002,True
710,archived_1p0,recovered,True,16.324206394999997,True
711,tol_1p0,recovered,True,2.418209712,True
711,tol_1p5,recovered,True,2.120662427,True
711,archived_1p0,recovered,True,2.4910817300000003,True
712,tol_1p0,recovered,True,2.4395829939999993,True
712,tol_1p5,recovered,True,2.2444816469999997,True
712,archived_1p0,recovered,True,2.6619930629999997,True
713,tol_1p0,recovered,True,1.327818261,False
713,tol_1p5,recovered,True,1.272849508,False
713,archived_1p0,recovered,True,1.466260502,False
714,tol_1p0,recovered,True,7.124523013000001,True
714,tol_1p5,recovered,True,6.9324664380000005,True
714,archived_1p0,recovered,True,7.751336093,True
715,tol_1p0,recovered,True,41.590285870999985,True
715,tol_1p5,recovered,True,41.297481227999995,True
715,archived_1p0,recovered,True,41.651435770000006,True
716,tol_1p0,recovered,True,7.118924724,True
716,tol_1p5,recovered,True,7.258157026,True
716,archived_1p0,recovered,True,7.282200109,True
717,tol_1p0,recovered,True,1.95734034,True
717,tol_1p5,recovered,True,1.92611525,True
717,archived_1p0,recovered,True,2.0554658740000002,True
718,tol_1p0,recovered,True,2.31896068,True
718,tol_1p5,recovered,True,2.393857854,True
718,archived_1p0,recovered,True,2.5129355209999997,True
719,tol_1p0,recovered,True,1.9255551329999998,True
719,tol_1p5,recovered,True,2.068165616,True
719,archived_1p0,recovered,True,2.1251202879999997,True
720,tol_1p0,recovered,True,21.356296654000005,True
720,tol_1p5,recovered,True,21.58752343,True
720,archived_1p0,recovered,True,21.531017007,True
721,tol_1p0,recovered,True,4.053692818,False
721,tol_1p5,recovered,True,4.050110203000001,False
721,archived_1p0,recovered,True,4.114707769000001,False
722,tol_1p0,recovered,True,3.5897425359999997,True
722,tol_1p5,recovered,True,3.49683078,True
722,archived_1p0,recovered,True,4.154675711,True
723,tol_1p0,recovered,True,25.443880248999992,True
723,tol_1p5,recovered,True,27.138335216,True
723,archived_1p0,recovered,True,26.969910382,True
724,tol_1p0,recovered,True,11.06625672,True
724,tol_1p5,recovered,True,10.265467844,True
724,archived_1p0,recovered,True,11.416814631,True
725,tol_1p0,recovered,True,70.65659048,True
725,tol_1p5,recovered,True,70.63830449599999,True
725,archived_1p0,recovered,True,72.22854248899999,True
726,tol_1p0,recovered,True,2.319034067,True
726,tol_1p5,recovered,True,2.429589022,True
726,archived_1p0,recovered,True,2.451431982,True
727,tol_1p0,recovered,True,2.108819426,True
727,tol_1p5,recovered,True,2.3090852269999997,True
727,archived_1p0,recovered,True,2.0138913830000003,True
728,tol_1p0,recovered,True,2.3866535549999996,True
728,tol_1p5,recovered,True,2.285350977,True
728,archived_1p0,recovered,True,2.3194154989999998,True
729,tol_1p0,recovered,True,2.4114863080000006,True
729,tol_1p5,recovered,True,2.6111249999999995,True
729,archived_1p0,recovered,True,2.549939582,True
730,tol_1p0,recovered,True,8.844654555,True
730,tol_1p5,recovered,True,8.616577603,True
730,archived_1p0,recovered,True,8.961961759,True
731,tol_1p0,recovered,True,1.9910394089999999,False
731,tol_1p5,recovered,True,2.001907623,False
731,archived_1p0,recovered,True,1.7093457660000002,False
732,tol_1p0,recovered,True,3.0046886049999997,True
732,tol_1p5,recovered,True,2.918889131,True
732,archived_1p0,recovered,True,2.975607814999999,True
733,tol_1p0,recovered,True,23.092170496,True
733,tol_1p5,recovered,True,27.023700851,True
733,archived_1p0,recovered,True,23.459289901000002,True
734,tol_1p0,recovered,True,9.951550273999999,True
734,tol_1p5,recovered,True,9.900745739,True
734,archived_1p0,recovered,True,10.26185543,True
735,tol_1p0,recovered,True,38.052285225,True
735,tol_1p5,recovered,True,38.617520709000004,True
735,archived_1p0,recovered,True,37.934871686,True
736,tol_1p0,recovered,True,11.11278678,True
736,tol_1p5,recovered,True,11.447247094000002,True
736,archived_1p0,recovered,True,11.205053647999998,True
737,tol_1p0,recovered,True,39.215831287,True
737,tol_1p5,recovered,True,39.435311440999996,True
737,archived_1p0,recovered,True,40.066747167,True
738,tol_1p0,recovered,True,2.1598643889999996,False
738,tol_1p5,recovered,True,2.138958981,False
738,archived_1p0,recovered,True,2.3990400569999997,False
739,tol_1p0,recovered,True,1.8590554169999998,False
739,tol_1p5,recovered,True,1.5755498540000001,False
739,archived_1p0,recovered,True,1.9702089740000002,False
740,tol_1p0,recovered,True,55.897889266,True
740,tol_1p5,recovered,True,56.330223749000005,True
740,archived_1p0,recovered,True,56.301983447999994,True
741,tol_1p0,recovered,True,13.386895931999998,True
741,tol_1p5,recovered,True,13.803396433,True
741,archived_1p0,recovered,True,13.024719985000004,True
742,tol_1p0,recovered,True,5.150013244,True
742,tol_1p5,recovered,True,5.201005514,True
742,archived_1p0,recovered,True,5.4878763170000004,True
743,tol_1p0,recovered,True,6.664876165999999,True
743,tol_1p5,recovered,True,6.520839622,True
743,archived_1p0,recovered,True,6.6249267970000005,True
744,tol_1p0,recovered,True,26.599246682,True
744,tol_1p5,recovered,True,26.308849828,True
744,archived_1p0,recovered,True,26.236559583000002,True
745,tol_1p0,recovered,True,2.183517051,True
745,tol_1p5,recovered,True,1.9734242269999998,True
745,archived_1p0,recovered,True,2.2722909540000003,True
746,tol_1p0,recovered,True,14.772810342999998,True
746,tol_1p5,recovered,True,7.652333209000002,True
746,archived_1p0,recovered,True,14.676560273,True
747,tol_1p0,recovered,True,7.854525065,True
747,tol_1p5,recovered,True,7.7393718809999985,True
747,archived_1p0,recovered,True,7.857421617,True
748,tol_1p0,recovered,True,4.21348678,True
748,tol_1p5,recovered,True,4.682837148000001,True
748,archived_1p0,recovered,True,4.496445400000001,True
749,tol_1p0,recovered,True,2.757630447,True
749,tol_1p5,recovered,True,2.632656502,True
749,archived_1p0,recovered,True,2.751424306,True
750,tol_1p0,recovered,True,11.549867610999998,True
750,tol_1p5,recovered,True,11.516862113000002,True
750,archived_1p0,recovered,True,11.441681052,True
751,tol_1p0,recovered,True,7.339861075,True
751,tol_1p5,recovered,True,11.14304829,True
751,archived_1p0,recovered,True,7.513550437999998,True
752,tol_1p0,recovered,True,2.106287034,True
752,tol_1p5,recovered,True,2.1642472159999997,True
752,archived_1p0,recovered,True,2.217293173,True
753,tol_1p0,recovered,True,7.340581711,True
753,tol_1p5,recovered,True,6.932280274999999,True
753,archived_1p0,recovered,True,7.315154355000001,True
754,tol_1p0,recovered,True,1.8804483459999997,True
754,tol_1p5,recovered,True,2.6986799019999994,True
754,archived_1p0,recovered,True,2.0089323329999997,True
755,tol_1p0,recovered,True,2.122115363,True
755,tol_1p5,recovered,True,2.2873484639999995,True
755,archived_1p0,recovered,True,2.423180094,True
756,tol_1p0,recovered,True,10.898210422000002,True
756,tol_1p5,recovered,True,10.995684683,True
756,archived_1p0,recovered,True,11.337588379,True
757,tol_1p0,recovered,True,112.752779613,True
757,tol_1p5,recovered,True,112.357101788,True
757,archived_1p0,recovered,True,109.32400899699999,True
758,tol_1p0,recovered,True,2.3647364239999997,True
758,tol_1p5,recovered,True,1.589136657,False
758,archived_1p0,recovered,True,2.4965435790000003,True
759,tol_1p0,recovered,True,7.2912673109999995,True
759,tol_1p5,recovered,True,7.1371690029999995,True
759,archived_1p0,recovered,True,7.494286968999999,True
760,tol_1p0,recovered,True,10.791554582,True
760,tol_1p5,recovered,True,10.597877701999998,True
760,archived_1p0,recovered,True,11.426678332,True
761,tol_1p0,recovered,True,9.844024023999998,True
761,tol_1p5,recovered,True,10.055933869999999,True
761,archived_1p0,recovered,True,10.064142654999998,True
762,tol_1p0,recovered,True,7.228425772,True
762,tol_1p5,recovered,True,7.378854377000001,True
762,archived_1p0,recovered,True,7.386088845,True
763,tol_1p0,recovered,True,6.1039687019999995,True
763,tol_1p5,recovered,True,8.182827648999998,True
763,archived_1p0,recovered,True,5.914226932,True
764,tol_1p0,recovered,True,7.437570971999998,True
764,tol_1p5,recovered,True,7.638440579999999,True
764,archived_1p0,recovered,True,7.626147952,True
765,tol_1p0,recovered,True,8.092340234,True
765,tol_1p5,recovered,True,8.414233564999998,True
765,archived_1p0,recovered,True,8.449353275,True
766,tol_1p0,recovered,True,28.845109409,True
766,tol_1p5,recovered,True,28.970491067,True
766,archived_1p0,recovered,True,29.268853704000005,True
767,tol_1p0,recovered,True,2.2210611670000002,True
767,tol_1p5,recovered,True,2.3179463960000004,True
767,archived_1p0,recovered,True,2.2671797689999997,True
768,tol_1p0,recovered,True,183.40668689400002,True
768,tol_1p5,recovered,True,180.27663959400002,True
768,archived_1p0,recovered,True,183.60368138899997,True
769,tol_1p0,recovered,True,3.824072116,False
769,tol_1p5,recovered,True,3.7412716150000005,False
769,archived_1p0,recovered,True,4.190800604,False
770,tol_1p0,recovered,True,2.394263546,True
770,tol_1p5,recovered,True,2.040605042,True
770,archived_1p0,recovered,True,2.3151766789999995,True
771,tol_1p0,recovered,True,17.749102531000002,True
771,tol_1p5,recovered,True,17.77128029,True
771,archived_1p0,recovered,True,17.358696107,True
772,tol_1p0,recovered,True,31.512513088,True
772,tol_1p5,recovered,True,30.29651319,True
772,archived_1p0,recovered,True,31.547066958,True
773,tol_1p0,recovered,True,15.375428550999999,True
773,tol_1p5,recovered,True,15.416395546999997,True
773,archived_1p0,recovered,True,15.940903018999999,True
774,tol_1p0,recovered,True,6.221825603999999,True
774,tol_1p5,recovered,True,6.4001086439999995,True
774,archived_1p0,recovered,True,6.515953157,True
775,tol_1p0,recovered,True,9.097654770999998,True
775,tol_1p5,recovered,True,9.443611631000001,True
775,archived_1p0,recovered,True,9.738299872999999,True
776,tol_1p0,recovered,True,2.9788855519999995,True
776,tol_1p5,recovered,True,2.8543655700000006,True
776,archived_1p0,recovered,True,3.0194469550000003,True
777,tol_1p0,recovered,True,10.01709302,True
777,tol_1p5,recovered,True,9.821673707,True
777,archived_1p0,recovered,True,10.248294062000003,True
778,tol_1p0,recovered,True,2.1417937410000003,True
778,tol_1p5,recovered,True,2.064387881,True
778,archived_1p0,recovered,True,2.125936801,True
779,tol_1p0,recovered,True,5.1735802379999996,True
779,tol_1p5,recovered,True,5.772874800999999,True
779,archived_1p0,recovered,True,5.6595743679999995,True
780,tol_1p0,recovered,True,35.414147459999995,True
780,tol_1p5,recovered,True,33.140738418,True
780,archived_1p0,recovered,True,36.490720074,True
781,tol_1p0,recovered,True,1.5972201349999997,False
781,tol_1p5,recovered,True,1.7653105619999998,False
781,archived_1p0,recovered,True,1.8340408690000003,False
782,tol_1p0,recovered,True,49.229454873,True
782,tol_1p5,recovered,True,48.750835048,True
782,archived_1p0,recovered,True,48.65604504400001,True
783,tol_1p0,recovered,True,12.028760375000003,True
783,tol_1p5,recovered,True,12.189676618999998,True
783,archived_1p0,recovered,True,11.874683917999999,True
784,tol_1p0,recovered,True,31.953012634999993,True
784,tol_1p5,recovered,True,32.071803844,True
784,archived_1p0,recovered,True,32.32277349,True
785,tol_1p0,recovered,True,2.6534001479999993,False
785,tol_1p5,recovered,True,2.71093867,False
785,archived_1p0,recovered,True,2.7100590569999996,False
786,tol_1p0,recovered,True,1.57464047,False
786,tol_1p5,recovered,True,1.5913463440000002,False
786,archived_1p0,recovered,True,1.792342305,False
787,tol_1p0,recovered,True,1.3066431109999999,False
787,tol_1p5,recovered,True,1.267464744,False
787,archived_1p0,recovered,True,1.4443153489999998,False
788,tol_1p0,recovered,True,11.296082952999999,True
788,tol_1p5,recovered,True,11.437032804000001,True
788,archived_1p0,recovered,True,11.66131716,True
789,tol_1p0,recovered,True,56.608066486999995,True
789,tol_1p5,recovered,True,53.22410308500001,True
789,archived_1p0,recovered,True,56.402646261,True
790,tol_1p0,recovered,True,15.247856656,True
790,tol_1p5,recovered,True,15.090716438,True
790,archived_1p0,recovered,True,16.002419870999997,True
791,tol_1p0,recovered,True,3.4027417939999998,True
791,tol_1p5,recovered,True,3.3422851739999997,True
791,archived_1p0,recovered,True,3.709539276000001,True
792,tol_1p0,recovered,True,9.830692508000002,True
792,tol_1p5,recovered,True,10.103340877,True
792,archived_1p0,recovered,True,10.363824131000001,True
793,tol_1p0,recovered,True,9.038283428,True
793,tol_1p5,recovered,True,9.586545222,True
793,archived_1p0,recovered,True,10.101283122999998,True
794,tol_1p0,recovered,True,15.588729285999998,True
794,tol_1p5,recovered,True,15.328644724000004,True
794,archived_1p0,recovered,True,15.220038218,True
795,tol_1p0,recovered,True,1.641773982,False
795,tol_1p5,recovered,True,1.523518197,False
795,archived_1p0,recovered,True,1.4779217699999998,False
796,tol_1p0,recovered,True,12.413233828,True
796,tol_1p5,recovered,True,12.654488913999998,True
796,archived_1p0,recovered,True,12.412994461,True
797,tol_1p0,recovered,True,4.170517987,True
797,tol_1p5,recovered,True,4.130447645,True
797,archived_1p0,recovered,True,4.230658539999999,True
798,tol_1p0,recovered,True,1.3856613489999998,False
798,tol_1p5,recovered,True,1.439599876,False
798,archived_1p0,recovered,True,1.652489727,False
799,tol_1p0,recovered,True,6.744102871,True
799,tol_1p5,recovered,True,6.625784717999999,True
799,archived_1p0,recovered,True,6.699154207000001,True
800,tol_1p0,recovered,True,6.607073897,True
800,tol_1p5,recovered,True,7.093569545999999,True
800,archived_1p0,recovered,True,6.675497975000001,True
801,tol_1p0,recovered,True,4.694032823,True
801,tol_1p5,recovered,True,4.94641171,True
801,archived_1p0,recovered,True,4.638832537999999,True
802,tol_1p0,recovered,True,10.147371769,True
802,tol_1p5,recovered,True,9.947531470999998,True
802,archived_1p0,recovered,True,10.415491720999999,True
803,tol_1p0,recovered,True,6.551728781,True
803,tol_1p5,recovered,True,6.392704010999999,True
803,archived_1p0,recovered,True,6.51365169,True
804,tol_1p0,recovered,True,2.4158527889999997,True
804,tol_1p5,recovered,True,2.462319885,True
804,archived_1p0,recovered,True,2.571993792,True
805,tol_1p0,recovered,True,4.926675821,True
805,tol_1p5,recovered,True,4.762246565000001,True
805,archived_1p0,recovered,True,4.865307191,True
806,tol_1p0,recovered,True,12.764408179000002,True
806,tol_1p5,recovered,True,21.676595794,True
806,archived_1p0,recovered,True,12.817094618999999,True
807,tol_1p0,recovered,True,14.607190238000001,True
807,tol_1p5,recovered,True,14.434873377999999,True
807,archived_1p0,recovered,True,14.734928024,True
808,tol_1p0,recovered,True,21.498680429,True
808,tol_1p5,recovered,True,21.824591649,True
808,archived_1p0,recovered,True,22.281782316999998,True
809,tol_1p0,recovered,True,39.20730666600001,True
809,tol_1p5,recovered,True,38.90969119500001,True
809,archived_1p0,recovered,True,38.599577097,True
810,tol_1p0,recovered,True,2.6054490610000003,True
810,tol_1p5,recovered,True,2.495076106,True
810,archived_1p0,recovered,True,2.6192884149999998,True
811,tol_1p0,recovered,True,4.953298310999999,True
811,tol_1p5,recovered,True,6.138067848999999,True
811,archived_1p0,recovered,True,5.086635725999999,True
812,tol_1p0,recovered,True,6.360697033,True
812,tol_1p5,not_recovered,True,4.855941985,True
812,archived_1p0,recovered,True,6.538223294,True
813,tol_1p0,recovered,True,17.184696123000002,True
813,tol_1p5,recovered,True,17.267935107,True
813,archived_1p0,recovered,True,17.199958900000006,True
814,tol_1p0,recovered,True,24.852323578000004,True
814,tol_1p5,recovered,True,24.626609403000003,True
814,archived_1p0,recovered,True,25.532418993,True
815,tol_1p0,recovered,True,38.167647504,True
815,tol_1p5,recovered,True,39.841671215999995,True
815,archived_1p0,recovered,True,38.49627908,True
816,tol_1p0,recovered,True,47.128978488,True
816,tol_1p5,recovered,True,47.650205437,True
816,archived_1p0,recovered,True,47.514059658,True
817,tol_1p0,recovered,True,26.469370231,True
817,tol_1p5,recovered,True,26.213697332000002,True
817,archived_1p0,recovered,True,28.019649407,True
818,tol_1p0,recovered,True,83.50384575000001,True
818,tol_1p5,recovered,True,81.55710966999999,True
818,archived_1p0,recovered,True,82.45806091400001,True
819,tol_1p0,recovered,True,43.364559932000006,True
819,tol_1p5,recovered,True,45.55899270800001,True
819,archived_1p0,recovered,True,44.423300203,True
820,tol_1p0,recovered,True,28.966392663999997,True
820,tol_1p5,recovered,True,10.3193875,True
820,archived_1p0,recovered,True,29.912337141000002,True
821,tol_1p0,recovered,True,2.46869767,True
821,tol_1p5,recovered,True,2.5694766309999997,True
821,archived_1p0,recovered,True,2.6460455969999996,True
822,tol_1p0,recovered,True,42.866902174,True
822,tol_1p5,recovered,True,44.157929228,True
822,archived_1p0,recovered,True,41.06047100799999,True
823,tol_1p0,recovered,True,21.602167439,True
823,tol_1p5,recovered,True,19.802293155,True
823,archived_1p0,recovered,True,21.718900583,True
824,tol_1p0,recovered,True,177.819403173,True
824,tol_1p5,recovered,True,152.796192277,True
824,archived_1p0,recovered,True,182.632259142,True
825,tol_1p0,recovered,True,144.22767352600002,True
825,tol_1p5,recovered,True,143.478158581,True
825,archived_1p0,recovered,True,148.027791575,True
826,tol_1p0,recovered,True,9.384241026,True
826,tol_1p5,recovered,True,9.403940479,True
826,archived_1p0,recovered,True,9.603306039,True
827,tol_1p0,recovered,True,58.822417818999995,True
827,tol_1p5,recovered,True,59.92519178,True
827,archived_1p0,recovered,True,57.73279847999999,True
828,tol_1p0,recovered,True,8.053869116999998,True
828,tol_1p5,recovered,True,7.605401002999999,True
828,archived_1p0,recovered,True,7.879843215,True
829,tol_1p0,recovered,True,37.842627904,True
829,tol_1p5,recovered,True,38.320711552,True
829,archived_1p0,recovered,True,38.826178755,True
830,tol_1p0,recovered,True,130.973842703,True
830,tol_1p5,recovered,True,130.766024751,True
830,archived_1p0,recovered,True,133.512823627,True
831,tol_1p0,recovered,True,21.678860207,True
831,tol_1p5,recovered,True,24.132178285,True
831,archived_1p0,recovered,True,21.697516621,True
832,tol_1p0,recovered,True,6.282102463999999,True
832,tol_1p5,recovered,True,1.698615261,False
832,archived_1p0,recovered,True,6.55236991,True
833,tol_1p0,recovered,True,70.681679274,True
833,tol_1p5,recovered,True,71.45194688000001,True
833,archived_1p0,recovered,True,71.43469821,True
834,tol_1p0,recovered,True,94.28196682099998,True
834,tol_1p5,recovered,True,94.24528709900002,True
834,archived_1p0,recovered,True,94.572120544,True
835,tol_1p0,recovered,True,40.87337630099999,True
835,tol_1p5,recovered,True,41.138277417,True
835,archived_1p0,recovered,True,40.521755974,True
836,tol_1p0,recovered,True,107.502004677,True
836,tol_1p5,recovered,True,109.66882151600001,True
836,archived_1p0,recovered,True,109.703587543,True
837,tol_1p0,recovered,True,53.232804165999994,True
837,tol_1p5,recovered,True,38.86943738600001,True
837,archived_1p0,recovered,True,52.138829320999996,True
838,tol_1p0,recovered,True,38.915019272,True
838,tol_1p5,recovered,True,39.10272572599999,True
838,archived_1p0,recovered,True,39.35997012600001,True
839,tol_1p0,recovered,True,17.643202931,True
839,tol_1p5,recovered,True,17.682966754,True
839,archived_1p0,recovered,True,17.507884689,True
840,tol_1p0,recovered,True,40.616095906,True
840,tol_1p5,recovered,True,40.80099614,True
840,archived_1p0,recovered,True,38.88268682900001,True
841,tol_1p0,recovered,True,49.73350669000001,True
841,tol_1p5,recovered,True,54.837214829000004,True
841,archived_1p0,recovered,True,50.539317192000006,True
842,tol_1p0,recovered,True,37.036962445,True
842,tol_1p5,recovered,True,37.553786152,True
842,archived_1p0,recovered,True,37.434780239999995,True
843,tol_1p0,recovered,True,10.133178956,True
843,tol_1p5,recovered,True,10.76890061,True
843,archived_1p0,recovered,True,10.158709583,True
844,tol_1p0,recovered,True,60.65327334,True
844,tol_1p5,recovered,True,60.938460261,True
844,archived_1p0,recovered,True,63.19945692500001,True
845,tol_1p0,recovered,True,10.812414175999997,True
845,tol_1p5,recovered,True,11.183160838999997,True
845,archived_1p0,recovered,True,11.480440004999998,True
846,tol_1p0,recovered,True,71.807517143,True
846,tol_1p5,recovered,True,71.225172013,True
846,archived_1p0,recovered,True,71.143597542,True
847,tol_1p0,recovered,True,9.728146738,True
847,tol_1p5,recovered,True,9.948043002000002,True
847,archived_1p0,recovered,True,9.941668369999999,True
848,tol_1p0,recovered,True,15.897530879,True
848,tol_1p5,recovered,True,15.942794509000002,True
848,archived_1p0,recovered,True,15.958190756,True
849,tol_1p0,recovered,True,9.568056608,True
849,tol_1p5,recovered,True,9.634601341,True
849,archived_1p0,recovered,True,9.921220604,True
850,tol_1p0,not_recovered,True,67.532450372,True
850,tol_1p5,not_recovered,True,66.952811144,True
850,archived_1p0,not_recovered,True,66.609000237,True
851,tol_1p0,recovered,True,75.800323047,True
851,tol_1p5,recovered,True,74.240418162,True
851,archived_1p0,recovered,True,74.065674783,True
852,tol_1p0,recovered,True,211.61412552399997,True
852,tol_1p5,recovered,True,249.756129187,True
852,archived_1p0,recovered,True,215.354392281,True
853,tol_1p0,recovered,True,4.770777734,True
853,tol_1p5,recovered,True,4.833714048999999,True
853,archived_1p0,recovered,True,4.915737467,True
854,tol_1p0,recovered,True,33.113741893,True
854,tol_1p5,recovered,True,31.956871509000003,True
854,archived_1p0,recovered,True,32.022238644,True
855,tol_1p0,recovered,True,10.353123045,True
855,tol_1p5,recovered,True,10.058219171000001,True
855,archived_1p0,recovered,True,10.088827722,True
856,tol_1p0,recovered,True,80.729885193,True
856,tol_1p5,recovered,True,81.55563883299999,True
856,archived_1p0,recovered,True,81.459003943,True
857,tol_1p0,recovered,True,23.039109658,True
857,tol_1p5,recovered,True,22.987520045,True
857,archived_1p0,recovered,True,22.894410438999998,True
858,tol_1p0,recovered,True,61.106306651,True
858,tol_1p5,recovered,True,39.285734905,True
858,archived_1p0,recovered,True,60.638703516999996,True
859,tol_1p0,recovered,True,51.99213034299999,True
859,tol_1p5,recovered,True,52.012503462,True
859,archived_1p0,recovered,True,53.077992882000004,True
860,tol_1p0,recovered,True,8.932199565,True
860,tol_1p5,recovered,True,9.217187654000002,True
860,archived_1p0,recovered,True,9.455331633,True
861,tol_1p0,recovered,True,6.642449364999998,True
861,tol_1p5,recovered,True,7.075477839,True
861,archived_1p0,recovered,True,6.644744826999999,True
862,tol_1p0,recovered,True,148.665428732,True
862,tol_1p5,recovered,True,151.114204231,True
862,archived_1p0,recovered,True,151.877050145,True
863,tol_1p0,recovered,True,9.596671782,True
863,tol_1p5,recovered,True,9.431746242,True
863,archived_1p0,recovered,True,9.609241929,True
864,tol_1p0,recovered,True,4.226065012,True
864,tol_1p5,recovered,True,4.357461949,True
864,archived_1p0,recovered,True,4.286624981,True
865,tol_1p0,recovered,True,19.598886633,True
865,tol_1p5,recovered,True,20.232513658000002,True
865,archived_1p0,recovered,True,19.127276408999997,True
866,tol_1p0,recovered,True,13.027796477999999,True
866,tol_1p5,recovered,True,13.389915351,True
866,archived_1p0,recovered,True,13.469950028,True
867,tol_1p0,recovered,True,13.083641000999998,True
867,tol_1p5,recovered,True,12.952003380999999,True
867,archived_1p0,recovered,True,13.179599520000004,True
868,tol_1p0,recovered,True,50.712822067999994,True
868,tol_1p5,recovered,True,51.235503959000006,True
868,archived_1p0,recovered,True,49.772749624999996,True
869,tol_1p0,recovered,True,5.508590708000001,True
869,tol_1p5,recovered,True,5.184961196,True
869,archived_1p0,recovered,True,5.302065704,True
870,tol_1p0,recovered,True,55.25798235399999,True
870,tol_1p5,recovered,True,56.136253237999995,True
870,archived_1p0,recovered,True,55.702347321,True
871,tol_1p0,not_recovered,True,30.562064651999997,True
871,tol_1p5,not_recovered,True,30.272998298000005,True
871,archived_1p0,not_recovered,True,31.153476781999995,True
872,tol_1p0,recovered,True,4.036290814,True
872,tol_1p5,recovered,True,4.158774347,True
872,archived_1p0,recovered,True,4.427969766,True
873,tol_1p0,recovered,True,31.881048850999996,True
873,tol_1p5,recovered,True,31.398686485,True
873,archived_1p0,recovered,True,32.062079585000006,True
874,tol_1p0,recovered,True,8.557616233,True
874,tol_1p5,recovered,True,8.583557523000001,True
874,archived_1p0,recovered,True,8.523989678999998,True
875,tol_1p0,recovered,True,34.521314344000004,True
875,tol_1p5,recovered,True,36.436268336000005,True
875,archived_1p0,recovered,True,35.531363558,True
876,tol_1p0,recovered,True,46.74347573,True
876,tol_1p5,recovered,True,44.877603443,True
876,archived_1p0,recovered,True,46.41781600599999,True
877,tol_1p0,recovered,True,19.996870725,True
877,tol_1p5,recovered,True,19.595138436999996,True
877,archived_1p0,recovered,True,20.218491197,True
878,tol_1p0,recovered,True,5.156541204,True
878,tol_1p5,recovered,True,5.056792987000001,True
878,archived_1p0,recovered,True,5.142072522000001,True
879,tol_1p0,recovered,True,4.06095373,True
879,tol_1p5,recovered,True,4.431869143,True
879,archived_1p0,recovered,True,4.110174694000001,True
880,tol_1p0,recovered,True,3.341806156,True
880,tol_1p5,recovered,True,3.230835602,True
880,archived_1p0,recovered,True,3.048661194,True
881,tol_1p0,recovered,True,12.415023792000001,True
881,tol_1p5,recovered,True,12.393175471000001,True
881,archived_1p0,recovered,True,12.883069410000001,True
882,tol_1p0,recovered,True,54.305873412000004,True
882,tol_1p5,recovered,True,54.963542062,True
882,archived_1p0,recovered,True,54.732329523999994,True
883,tol_1p0,recovered,True,17.611575207,True
883,tol_1p5,recovered,True,16.486896569,True
883,archived_1p0,recovered,True,17.303018834000003,True
884,tol_1p0,recovered,True,13.611830707000001,True
884,tol_1p5,recovered,True,13.521855168999998,True
884,archived_1p0,recovered,True,13.707303778000002,True
885,tol_1p0,recovered,True,13.059328566,True
885,tol_1p5,recovered,True,12.479499831,True
885,archived_1p0,recovered,True,13.162201571999997,True
886,tol_1p0,recovered,True,17.077677659,True
886,tol_1p5,recovered,True,24.802050327000003,True
886,archived_1p0,recovered,True,17.652898602,True
887,tol_1p0,recovered,True,74.572517931,True
887,tol_1p5,recovered,True,74.779801198,True
887,archived_1p0,recovered,True,74.56859673299999,True
888,tol_1p0,recovered,True,14.419596763000001,True
888,tol_1p5,recovered,True,13.44400119,True
888,archived_1p0,recovered,True,13.972403946,True
889,tol_1p0,recovered,True,6.765011653999999,True
889,tol_1p5,recovered,True,6.810812028000001,True
889,archived_1p0,recovered,True,7.405247169,True
890,tol_1p0,recovered,True,17.090298441999998,True
890,tol_1p5,recovered,True,17.321435203,True
890,archived_1p0,recovered,True,16.992714288000002,True
891,tol_1p0,recovered,True,8.233942661999999,True
891,tol_1p5,recovered,True,5.136391618999999,True
891,archived_1p0,recovered,True,8.386581989,True
892,tol_1p0,recovered,True,3.4779629569999995,True
892,tol_1p5,recovered,True,3.1903785650000005,True
892,archived_1p0,recovered,True,3.3477809879999993,True
893,tol_1p0,recovered,True,9.740077968000001,True
893,tol_1p5,recovered,True,9.381990884999999,True
893,archived_1p0,recovered,True,9.939944890000003,True
894,tol_1p0,recovered,True,9.639914765,True
894,tol_1p5,recovered,True,11.691630436999997,True
894,archived_1p0,recovered,True,9.917125476999999,True
895,tol_1p0,recovered,True,4.043657485,True
895,tol_1p5,recovered,True,3.951224396,True
895,archived_1p0,recovered,True,3.8986428050000006,True
896,tol_1p0,recovered,True,4.394080959,True
896,tol_1p5,recovered,True,4.380003596,True
896,archived_1p0,recovered,True,4.367588458,True
897,tol_1p0,recovered,True,1.192869667,False
897,tol_1p5,recovered,True,1.194977512,False
897,archived_1p0,recovered,True,1.193207648,False
898,tol_1p0,recovered,True,4.795598038,True
898,tol_1p5,recovered,True,4.900129133,True
898,archived_1p0,recovered,True,4.894934128,True
899,tol_1p0,recovered,True,8.200529964,True
899,tol_1p5,recovered,True,8.006880616,True
899,archived_1p0,recovered,True,8.748280628,True
900,tol_1p0,recovered,True,1.21539202,False
900,tol_1p5,recovered,True,1.19032369,False
900,archived_1p0,recovered,True,1.298570887,False
901,tol_1p0,recovered,True,6.132801005999999,True
901,tol_1p5,recovered,True,5.236541338,True
901,archived_1p0,recovered,True,5.888513058999999,True
902,tol_1p0,recovered,True,7.101486013999999,True
902,tol_1p5,recovered,True,6.836519331999999,True
902,archived_1p0,recovered,True,7.334796192000001,True
903,tol_1p0,recovered,True,4.377424620999999,True
903,tol_1p5,recovered,True,4.60140726,True
903,archived_1p0,recovered,True,5.199995576000001,True
904,tol_1p0,recovered,True,6.224160676,True
904,tol_1p5,recovered,True,5.902526012,True
904,archived_1p0,recovered,True,6.208413274000001,True
905,tol_1p0,recovered,True,27.016848825999993,True
905,tol_1p5,recovered,True,26.785217645000003,True
905,archived_1p0,recovered,True,26.850556556,True
906,tol_1p0,recovered,True,1.053696954,False
906,tol_1p5,recovered,True,0.94467671,False
906,archived_1p0,recovered,True,1.2305318489999997,False
907,tol_1p0,recovered,True,1.76081095,True
907,tol_1p5,recovered,True,1.474383556,True
907,archived_1p0,recovered,True,1.955811004,True
908,tol_1p0,recovered,True,4.318049682,True
908,tol_1p5,recovered,True,4.30152237,True
908,archived_1p0,recovered,True,4.540988234,True
909,tol_1p0,recovered,True,35.754790830000005,True
909,tol_1p5,recovered,True,35.051718952,True
909,archived_1p0,recovered,True,35.858990866,True
910,tol_1p0,recovered,True,7.005192117999998,True
910,tol_1p5,recovered,True,3.906678536,True
910,archived_1p0,recovered,True,7.095201461999999,True
911,tol_1p0,recovered,True,1.148061576,False
911,tol_1p5,recovered,True,1.115120573,False
911,archived_1p0,recovered,True,1.1083187329999997,False
912,tol_1p0,unknown,True,27.154221605000004,True
912,tol_1p5,unknown,True,27.253247501999997,True
912,archived_1p0,unknown,True,26.947833785,True
913,tol_1p0,recovered,True,15.651862259999998,True
913,tol_1p5,recovered,True,15.741156466,True
913,archived_1p0,recovered,True,15.918391945,True
914,tol_1p0,recovered,True,2.7028797700000005,False
914,tol_1p5,recovered,True,2.7903066810000006,False
914,archived_1p0,recovered,True,3.0342344809999995,False
915,tol_1p0,recovered,True,11.975577853999999,True
915,tol_1p5,recovered,True,12.030205634,True
915,archived_1p0,recovered,True,12.209208671000003,True
916,tol_1p0,recovered,True,2.416398012,True
916,tol_1p5,recovered,True,2.4362961419999993,True
916,archived_1p0,recovered,True,2.468773305,True
917,tol_1p0,recovered,True,10.704723518000002,True
917,tol_1p5,recovered,True,10.578964406999999,True
917,archived_1p0,recovered,True,10.98766677,True
918,tol_1p0,recovered,True,7.310367534999999,True
918,tol_1p5,recovered,True,7.500071117,True
918,archived_1p0,recovered,True,7.638943515999999,True
919,tol_1p0,recovered,True,1.421619934,True
919,tol_1p5,recovered,True,1.2967830029999998,True
919,archived_1p0,recovered,True,1.5198775810000003,True
920,tol_1p0,recovered,True,2.0342403109999996,False
920,tol_1p5,recovered,True,2.1517493840000004,False
920,archived_1p0,recovered,True,2.338608044,False
921,tol_1p0,recovered,True,8.286579342,True
921,tol_1p5,recovered,True,7.797331321,True
921,archived_1p0,recovered,True,8.693939021999999,True
922,tol_1p0,recovered,True,30.011406124999997,True
922,tol_1p5,recovered,True,31.348533932,True
922,archived_1p0,recovered,True,30.384094575000002,True
923,tol_1p0,recovered,True,1.933809208,True
923,tol_1p5,recovered,True,1.9846327529999996,True
923,archived_1p0,recovered,True,1.9583340109999998,True
924,tol_1p0,recovered,True,42.339889989,True
924,tol_1p5,recovered,True,41.661204151999996,True
924,archived_1p0,recovered,True,40.734559069,True
925,tol_1p0,recovered,True,3.0731578880000003,True
925,tol_1p5,recovered,True,2.9773175890000005,True
925,archived_1p0,recovered,True,3.188161545,True
926,tol_1p0,recovered,True,3.356438107,True
926,tol_1p5,recovered,True,3.3463900799999995,True
926,archived_1p0,recovered,True,3.68082625,True
927,tol_1p0,recovered,True,3.2061754989999995,True
927,tol_1p5,recovered,True,3.132432839,True
927,archived_1p0,recovered,True,3.397321292,True
928,tol_1p0,recovered,True,2.0094275749999997,False
928,tol_1p5,recovered,True,1.702157533,True
928,archived_1p0,recovered,True,2.1345422029999996,False
929,tol_1p0,recovered,True,43.76862130600001,True
929,tol_1p5,recovered,True,43.974234601999996,True
929,archived_1p0,recovered,True,44.588188904999996,True
930,tol_1p0,recovered,True,1.5393649119999997,False
930,tol_1p5,recovered,True,1.6281060329999997,False
930,archived_1p0,recovered,True,1.6321189839999997,False
931,tol_1p0,recovered,True,22.716642467,True
931,tol_1p5,recovered,True,22.796983772999997,True
931,archived_1p0,recovered,True,22.132948538,True
932,tol_1p0,recovered,True,3.7841637590000006,True
932,tol_1p5,recovered,True,3.836265255,True
932,archived_1p0,recovered,True,3.994715371,True
933,tol_1p0,recovered,True,7.636112840999999,True
933,tol_1p5,recovered,True,7.9345734629999995,True
933,archived_1p0,recovered,True,8.17552423,True
934,tol_1p0,recovered,True,7.647460189000001,False
934,tol_1p5,recovered,True,7.626791750000001,False
934,archived_1p0,recovered,True,7.813948454000001,False
935,tol_1p0,recovered,True,3.1848519069999996,False
935,tol_1p5,recovered,True,2.982381372,False
935,archived_1p0,recovered,True,3.303129941999999,False
936,tol_1p0,recovered,True,3.5843538269999993,False
936,tol_1p5,recovered,True,3.6843104249999996,False
936,archived_1p0,recovered,True,3.9299418090000002,False
937,tol_1p0,recovered,True,0.9476734999999998,False
937,tol_1p5,recovered,True,0.9771333900000001,False
937,archived_1p0,recovered,True,1.0066128369999996,False
938,tol_1p0,recovered,True,3.49851806,True
938,tol_1p5,recovered,True,2.271517231,True
938,archived_1p0,recovered,True,3.3443622,True
939,tol_1p0,recovered,True,1.4071444720000001,False
939,tol_1p5,recovered,True,1.3263622990000004,False
939,archived_1p0,recovered,True,1.5632622229999997,False
940,tol_1p0,recovered,True,1.1256688649999997,False
940,tol_1p5,recovered,True,1.07054414,False
940,archived_1p0,recovered,True,1.088034461,False
941,tol_1p0,recovered,True,0.9307661740000001,False
941,tol_1p5,recovered,True,0.922015002,False
941,archived_1p0,recovered,True,1.121841092,False
942,tol_1p0,recovered,True,2.3936647529999995,True
942,tol_1p5,recovered,True,2.501422612,True
942,archived_1p0,recovered,True,2.4410720580000005,True
943,tol_1p0,recovered,True,2.8092690769999997,True
943,tol_1p5,recovered,True,2.856102259,True
943,archived_1p0,recovered,True,2.7922381279999993,True
944,tol_1p0,recovered,True,2.837726977,True
944,tol_1p5,recovered,True,3.077650173,True
944,archived_1p0,recovered,True,3.011809128,True
945,tol_1p0,recovered,True,1.103653795,False
945,tol_1p5,recovered,True,1.068778538,False
945,archived_1p0,recovered,True,1.1660948380000002,False
946,tol_1p0,recovered,True,1.959019553,True
946,tol_1p5,recovered,True,1.99043831,True
946,archived_1p0,recovered,True,2.4519038249999996,True
947,tol_1p0,recovered,True,1.9772945909999997,True
947,tol_1p5,recovered,True,2.1031033540000004,True
947,archived_1p0,recovered,True,2.458946665,True
948,tol_1p0,recovered,True,0.9653829179999999,False
948,tol_1p5,recovered,True,0.936283384,False
948,archived_1p0,recovered,True,1.0446044650000001,False
949,tol_1p0,recovered,True,0.9306141329999998,False
949,tol_1p5,recovered,True,1.059385083,False
949,archived_1p0,recovered,True,1.1026413229999998,False
950,tol_1p0,recovered,True,1.354342224,True
950,tol_1p5,recovered,True,1.485717018,True
950,archived_1p0,recovered,True,1.421475692,True
951,tol_1p0,recovered,True,2.493910802,True
951,tol_1p5,recovered,True,2.5931290279999994,True
951,archived_1p0,recovered,True,2.601577572,True
952,tol_1p0,recovered,True,11.113103348,True
952,tol_1p5,recovered,True,11.295401676000001,True
952,archived_1p0,recovered,True,11.399885989,True
953,tol_1p0,recovered,True,1.321414812,False
953,tol_1p5,recovered,True,1.295620924,False
953,archived_1p0,recovered,True,1.2681987440000002,False
954,tol_1p0,recovered,True,1.733254444,False
954,tol_1p5,recovered,True,1.7409321779999998,False
954,archived_1p0,recovered,True,1.7462163780000002,False
955,tol_1p0,recovered,True,2.501074875,True
955,tol_1p5,recovered,True,2.489867867,True
955,archived_1p0,recovered,True,2.733482826,True
956,tol_1p0,recovered,True,9.674054797,True
956,tol_1p5,recovered,True,9.514154090000002,True
956,archived_1p0,recovered,True,9.817513089,True
957,tol_1p0,recovered,True,0.9994240209999998,False
957,tol_1p5,recovered,True,0.9444145580000001,False
957,archived_1p0,recovered,True,1.000001363,False
958,tol_1p0,recovered,True,0.9254978779999999,False
958,tol_1p5,recovered,True,0.9543626199999998,False
958,archived_1p0,recovered,True,0.9129064199999997,False
959,tol_1p0,recovered,True,1.0789918379999999,False
959,tol_1p5,recovered,True,1.184465756,False
959,archived_1p0,recovered,True,1.2732916079999999,False
960,tol_1p0,recovered,True,1.779739229,False
960,tol_1p5,recovered,True,1.741269356,False
960,archived_1p0,recovered,True,1.819255609,False
961,tol_1p0,recovered,True,2.199802996,True
961,tol_1p5,recovered,True,2.2199904860000004,True
961,archived_1p0,recovered,True,2.138031608,True
962,tol_1p0,recovered,True,1.2634193649999994,False
962,tol_1p5,recovered,True,1.253387938,False
962,archived_1p0,recovered,True,1.303798448,False
963,tol_1p0,recovered,True,3.1195152250000002,True
963,tol_1p5,recovered,True,3.1801269469999998,True
963,archived_1p0,recovered,True,3.220179249,True
964,tol_1p0,recovered,True,12.207625832999998,True
964,tol_1p5,recovered,True,12.52783182,True
964,archived_1p0,recovered,True,12.290753538,True
965,tol_1p0,recovered,True,1.4017874329999997,False
965,tol_1p5,recovered,True,1.2677016330000002,False
965,archived_1p0,recovered,True,1.4489521880000003,False
966,tol_1p0,recovered,True,1.4772352579999999,False
966,tol_1p5,recovered,True,1.6659116319999998,False
966,archived_1p0,recovered,True,1.6961767759999997,False
967,tol_1p0,recovered,True,2.4335556740000004,True
967,tol_1p5,recovered,True,2.328495605,True
967,archived_1p0,recovered,True,2.6453174809999993,True
968,tol_1p0,recovered,True,56.780870248,True
968,tol_1p5,recovered,True,55.501232774,True
968,archived_1p0,recovered,True,57.088391318999996,True
969,tol_1p0,recovered,True,1.4508875990000003,False
969,tol_1p5,recovered,True,1.497781393,False
969,archived_1p0,recovered,True,1.4982686470000002,False
970,tol_1p0,recovered,True,8.929240605,True
970,tol_1p5,recovered,True,9.122122822,True
970,archived_1p0,recovered,True,9.153369892000002,True
971,tol_1p0,recovered,True,3.2550734529999996,True
971,tol_1p5,recovered,True,3.072909358,True
971,archived_1p0,recovered,True,3.412210742000001,True
972,tol_1p0,recovered,True,1.597429272,True
972,tol_1p5,recovered,True,1.4253633049999999,True
972,archived_1p0,recovered,True,1.7118511140000003,True
973,tol_1p0,recovered,True,2.0081279079999996,True
973,tol_1p5,recovered,True,2.058474317,True
973,archived_1p0,recovered,True,2.267570314,True
974,tol_1p0,recovered,True,1.4964139589999998,False
974,tol_1p5,recovered,True,1.562942966,False
974,archived_1p0,recovered,True,1.4674225129999998,False
975,tol_1p0,recovered,True,1.6656506540000002,True
975,tol_1p5,recovered,True,1.7094836139999994,True
975,archived_1p0,recovered,True,1.8962886699999997,True
976,tol_1p0,recovered,True,2.212985409,True
976,tol_1p5,recovered,True,2.1222045520000004,True
976,archived_1p0,recovered,True,2.336012899,True
977,tol_1p0,recovered,True,1.0833136309999998,False
977,tol_1p5,recovered,True,1.1195331389999996,False
977,archived_1p0,recovered,True,1.12128525,False
978,tol_1p0,recovered,True,1.172518229,False
978,tol_1p5,recovered,True,1.2348705589999995,False
978,archived_1p0,recovered,True,1.2407060950000004,False
979,tol_1p0,recovered,True,0.9174548889999998,False
979,tol_1p5,recovered,True,0.865226707,False
979,archived_1p0,recovered,True,0.9716925799999998,False
980,tol_1p0,recovered,True,1.058025106,False
980,tol_1p5,recovered,True,1.021342148,False
980,archived_1p0,recovered,True,1.1439997059999998,False
981,tol_1p0,recovered,True,1.0811885409999995,False
981,tol_1p5,recovered,True,1.14311915,False
981,archived_1p0,recovered,True,1.1533665099999997,False
982,tol_1p0,recovered,True,0.9193219450000002,False
982,tol_1p5,recovered,True,0.8432622889999999,False
982,archived_1p0,recovered,True,0.9598745020000001,False
983,tol_1p0,recovered,True,1.0573095550000002,False
983,tol_1p5,recovered,True,1.1673893960000004,False
983,archived_1p0,recovered,True,1.4171914559999998,False
984,tol_1p0,recovered,True,1.3704428999999996,False
984,tol_1p5,recovered,True,1.2066073689999999,False
984,archived_1p0,recovered,True,1.3923642829999996,False
985,tol_1p0,recovered,True,1.084554114,False
985,tol_1p5,recovered,True,1.0655735009999998,False
985,archived_1p0,recovered,True,1.0601745239999998,False
986,tol_1p0,not_recovered,True,1.833006277,True
986,tol_1p5,not_recovered,True,1.8167091159999997,True
986,archived_1p0,not_recovered,True,2.109138883,True
987,tol_1p0,recovered,True,2.893155676,True
987,tol_1p5,recovered,True,2.7873006069999997,True
987,archived_1p0,recovered,True,3.0959097070000006,True
988,tol_1p0,recovered,True,1.3807201,True
988,tol_1p5,recovered,True,1.4108448839999996,True
988,archived_1p0,recovered,True,1.3354928489999998,True
989,tol_1p0,recovered,True,1.122767143,False
989,tol_1p5,recovered,True,1.1909634059999998,False
989,archived_1p0,recovered,True,1.2617414549999997,False
990,tol_1p0,recovered,True,2.073013384,True
990,tol_1p5,recovered,True,2.047795823,True
990,archived_1p0,recovered,True,2.2425282739999997,True
991,tol_1p0,recovered,True,1.6906745510000003,True
991,tol_1p5,recovered,True,1.8877683559999998,True
991,archived_1p0,recovered,True,1.9317200429999994,True
992,tol_1p0,recovered,True,3.398167343,True
992,tol_1p5,recovered,True,3.205424085,True
992,archived_1p0,recovered,True,3.5346185439999998,True
993,tol_1p0,recovered,True,2.7096506089999997,False
993,tol_1p5,recovered,True,2.515112916,False
993,archived_1p0,recovered,True,2.5131351909999995,False
994,tol_1p0,recovered,True,2.262762914,False
994,tol_1p5,recovered,True,2.2167185789999997,False
994,archived_1p0,recovered,True,2.470276724,False
995,tol_1p0,recovered,True,5.759352359,True
995,tol_1p5,recovered,True,6.03140546,True
995,archived_1p0,recovered,True,6.174242722,True
996,tol_1p0,recovered,True,2.7218382089999995,False
996,tol_1p5,recovered,True,2.7327997889999995,False
996,archived_1p0,recovered,True,2.781756111,False
997,tol_1p0,recovered,True,3.9213649029999993,False
997,tol_1p5,recovered,True,3.8640723299999995,False
997,archived_1p0,recovered,True,3.9637109379999997,False
998,tol_1p0,recovered,True,1.517088218,False
998,tol_1p5,recovered,True,1.4817316260000002,False
998,archived_1p0,recovered,True,1.5763967209999996,False
999,tol_1p0,recovered,True,1.2127520840000001,False
999,tol_1p5,recovered,True,1.1343044789999999,False
999,archived_1p0,recovered,True,1.1265258310000004,False
1000,tol_1p0,recovered,True,1.339998789,False
1000,tol_1p5,recovered,True,1.4816954359999999,False
1000,archived_1p0,recovered,True,1.4278952390000001,False
1001,tol_1p0,recovered,True,0.801139819,False
1001,tol_1p5,recovered,True,0.8226040889999999,False
1001,archived_1p0,recovered,True,0.8712239309999996,False
1002,tol_1p0,recovered,True,1.0117750989999998,False
1002,tol_1p5,recovered,True,0.922419345,False
1002,archived_1p0,recovered,True,1.0302301829999998,False
1003,tol_1p0,recovered,True,1.9689838970000002,True
1003,tol_1p5,recovered,True,1.8996163189999997,True
1003,archived_1p0,recovered,True,2.098780959,True
1004,tol_1p0,recovered,True,1.0661358029999999,False
1004,tol_1p5,recovered,True,1.0926489599999998,False
1004,archived_1p0,recovered,True,1.2413846769999999,False
1005,tol_1p0,recovered,True,1.0429199900000001,False
1005,tol_1p5,recovered,True,0.9964716100000002,False
1005,archived_1p0,recovered,True,0.9374293640000001,False
1006,tol_1p0,recovered,True,1.013581634,False
1006,tol_1p5,recovered,True,1.0197381439999997,False
1006,archived_1p0,recovered,True,1.062976378,False
1007,tol_1p0,recovered,True,1.5224901029999998,False
1007,tol_1p5,recovered,True,1.4932855559999998,False
1007,archived_1p0,recovered,True,1.6993458460000004,False
1008,tol_1p0,recovered,True,2.5368526979999997,True
1008,tol_1p5,recovered,True,2.204137929,True
1008,archived_1p0,recovered,True,2.6472173469999998,True
1009,tol_1p0,recovered,True,1.465796249,False
1009,tol_1p5,recovered,True,1.2489718119999997,False
1009,archived_1p0,recovered,True,1.5192704579999998,False
1010,tol_1p0,recovered,True,1.0331906699999998,False
1010,tol_1p5,recovered,True,1.006127026,False
1010,archived_1p0,recovered,True,1.216377494,False
1011,tol_1p0,recovered,True,0.9413814429999999,False
1011,tol_1p5,recovered,True,1.006730906,False
1011,archived_1p0,recovered,True,1.2412768130000003,False
1012,tol_1p0,recovered,True,1.243916407,False
1012,tol_1p5,recovered,True,1.2886382409999997,False
1012,archived_1p0,recovered,True,1.253671744,False
1013,tol_1p0,recovered,True,1.9595166709999998,True
1013,tol_1p5,recovered,True,2.0721513569999996,True
1013,archived_1p0,recovered,True,2.3656145229999996,True
1014,tol_1p0,recovered,True,4.145010032,True
1014,tol_1p5,recovered,True,4.067491317,True
1014,archived_1p0,recovered,True,4.094414895,True
1015,tol_1p0,recovered,True,3.7841807160000003,True
1015,tol_1p5,recovered,True,3.7417426570000005,True
1015,archived_1p0,recovered,True,3.9696486869999994,True
1016,tol_1p0,recovered,True,1.224223152,False
1016,tol_1p5,recovered,True,1.3031742940000002,False
1016,archived_1p0,recovered,True,1.454349299,False
1017,tol_1p0,recovered,True,2.1438874189999995,True
1017,tol_1p5,recovered,True,2.2061720069999997,True
1017,archived_1p0,recovered,True,2.1658146260000004,True
1018,tol_1p0,recovered,True,5.3425956569999995,True
1018,tol_1p5,recovered,True,5.351089805,True
1018,archived_1p0,recovered,True,5.498147756,True
1019,tol_1p0,recovered,True,2.6491900029999997,True
1019,tol_1p5,recovered,True,2.4786811550000003,True
1019,archived_1p0,recovered,True,2.4904899990000002,True
1020,tol_1p0,recovered,True,1.185073175,False
1020,tol_1p5,recovered,True,1.1724751349999996,False
1020,archived_1p0,recovered,True,1.0991743839999997,False
1021,tol_1p0,recovered,True,5.546057474,True
1021,tol_1p5,recovered,True,6.778129551,True
1021,archived_1p0,recovered,True,5.7675579489999995,True
1022,tol_1p0,recovered,True,3.8360764029999994,True
1022,tol_1p5,recovered,True,2.137437446,True
1022,archived_1p0,recovered,True,3.847017118,True
1023,tol_1p0,recovered,True,4.228628195,True
1023,tol_1p5,recovered,True,4.3458687199999995,True
1023,archived_1p0,recovered,True,4.374778627,True
1024,tol_1p0,recovered,True,23.267801391,True
1024,tol_1p5,recovered,True,22.715139817,True
1024,archived_1p0,recovered,True,23.057173826,True
1025,tol_1p0,recovered,True,36.725170352999996,True
1025,tol_1p5,recovered,True,35.185404978,True
1025,archived_1p0,recovered,True,37.367360742,True
1026,tol_1p0,recovered,True,7.855311592,True
1026,tol_1p5,recovered,True,7.830168012,True
1026,archived_1p0,recovered,True,8.062522595999999,True
1027,tol_1p0,recovered,True,5.587805705,True
1027,tol_1p5,recovered,True,5.989920434999999,True
1027,archived_1p0,recovered,True,5.640039578,True
1028,tol_1p0,recovered,True,53.18811142899999,True
1028,tol_1p5,recovered,True,52.992175141,True
1028,archived_1p0,recovered,True,54.669436112,True
1029,tol_1p0,recovered,True,33.867066157000004,True
1029,tol_1p5,recovered,True,23.556707349,True
1029,archived_1p0,recovered,True,33.725225004,True
1030,tol_1p0,recovered,True,12.346424392,True
1030,tol_1p5,recovered,True,12.528568532,True
1030,archived_1p0,recovered,True,12.884520654,True
1031,tol_1p0,recovered,True,18.183508249,True
1031,tol_1p5,recovered,True,17.469470011,True
1031,archived_1p0,recovered,True,17.760885798000004,True
1032,tol_1p0,recovered,True,7.289987847,True
1032,tol_1p5,recovered,True,7.049586487000001,True
1032,archived_1p0,recovered,True,7.208317024,True
1033,tol_1p0,recovered,True,25.801704993,True
1033,tol_1p5,recovered,True,25.708633626999998,True
1033,archived_1p0,recovered,True,25.669719665000002,True
1034,tol_1p0,recovered,True,19.129690533,True
1034,tol_1p5,recovered,True,19.179574271,True
1034,archived_1p0,recovered,True,19.418084909000005,True
1035,tol_1p0,recovered,True,4.971779595,True
1035,tol_1p5,recovered,True,4.866315565,True
1035,archived_1p0,recovered,True,4.281665954999999,True
1036,tol_1p0,recovered,True,15.46980542,True
1036,tol_1p5,recovered,True,15.401356276000001,True
1036,archived_1p0,recovered,True,15.545644153,True
1037,tol_1p0,recovered,True,4.633236488,True
1037,tol_1p5,recovered,True,4.4607419440000005,True
1037,archived_1p0,recovered,True,4.700965745,True
1038,tol_1p0,recovered,True,2.8774982929999995,True
1038,tol_1p5,recovered,True,2.8539070750000004,True
1038,archived_1p0,recovered,True,2.8308318070000005,True
1039,tol_1p0,recovered,True,16.231610158,True
1039,tol_1p5,recovered,True,16.310411995000003,True
1039,archived_1p0,recovered,True,16.683590818000003,True
1040,tol_1p0,recovered,True,1.831675626,False
1040,tol_1p5,recovered,True,1.803613661,False
1040,archived_1p0,recovered,True,1.7687961219999997,False
1041,tol_1p0,recovered,True,2.581649536,False
1041,tol_1p5,recovered,True,2.656364581000001,False
1041,archived_1p0,recovered,True,2.6475769909999998,False
1042,tol_1p0,recovered,True,12.808340181999998,True
1042,tol_1p5,recovered,True,12.914258240999999,True
1042,archived_1p0,recovered,True,13.865382495,True
1043,tol_1p0,recovered,True,1.227675304,False
1043,tol_1p5,recovered,True,1.1943505909999999,False
1043,archived_1p0,recovered,True,1.341030211,False
1044,tol_1p0,recovered,True,12.335767576999999,True
1044,tol_1p5,recovered,True,12.357809012999999,True
1044,archived_1p0,recovered,True,12.603360137,True
1045,tol_1p0,recovered,True,5.310994807,True
1045,tol_1p5,recovered,True,5.267417489,True
1045,archived_1p0,recovered,True,5.339553303000001,True
1046,tol_1p0,recovered,True,2.4455747310000002,True
1046,tol_1p5,recovered,True,2.68822432,True
1046,archived_1p0,recovered,True,2.5204536400000004,True
1047,tol_1p0,recovered,True,1.6344980310000001,True
1047,tol_1p5,recovered,True,1.611138623,True
1047,archived_1p0,recovered,True,2.0625107089999997,True
1048,tol_1p0,recovered,True,11.954798931,True
1048,tol_1p5,recovered,True,12.086081916000003,True
1048,archived_1p0,recovered,True,12.139648865999998,True
1049,tol_1p0,recovered,True,15.997820764999997,True
1049,tol_1p5,recovered,True,16.54806514,True
1049,archived_1p0,recovered,True,16.062581643999998,True
1050,tol_1p0,recovered,True,10.71416431,True
1050,tol_1p5,recovered,True,10.697945856,True
1050,archived_1p0,recovered,True,9.799444142000002,True
1051,tol_1p0,recovered,True,2.6917268950000004,False
1051,tol_1p5,recovered,True,2.8849808029999995,False
1051,archived_1p0,recovered,True,3.0732948749999993,False
1052,tol_1p0,recovered,True,7.128314486000001,True
1052,tol_1p5,recovered,True,7.099710262,True
1052,archived_1p0,recovered,True,7.095114509000002,True
1053,tol_1p0,recovered,True,1.8905750129999994,True
1053,tol_1p5,recovered,True,1.720088679,True
1053,archived_1p0,recovered,True,2.026051264,True
1054,tol_1p0,recovered,True,0.9600017930000002,False
1054,tol_1p5,recovered,True,0.9757524009999999,False
1054,archived_1p0,recovered,True,1.028260551,False
1055,tol_1p0,recovered,True,2.747071933,False
1055,tol_1p5,recovered,True,2.805947925,False
1055,archived_1p0,recovered,True,2.9461984219999997,False
1056,tol_1p0,recovered,True,14.08697591,True
1056,tol_1p5,recovered,True,13.938188359000002,True
1056,archived_1p0,recovered,True,14.701210997,True
1057,tol_1p0,recovered,True,1.1976272529999998,True
1057,tol_1p5,recovered,True,1.3090647619999998,True
1057,archived_1p0,recovered,True,1.361874956,True
1058,tol_1p0,recovered,True,3.1670244829999996,True
1058,tol_1p5,recovered,True,3.0156575190000003,True
1058,archived_1p0,recovered,True,3.217607493,True
1059,tol_1p0,recovered,True,2.1537529059999994,False
1059,tol_1p5,recovered,True,2.0593590180000003,False
1059,archived_1p0,recovered,True,2.2076889570000002,False
1060,tol_1p0,recovered,True,4.365341402,True
1060,tol_1p5,recovered,True,3.992742335,True
1060,archived_1p0,recovered,True,4.267524664,True
1061,tol_1p0,recovered,True,6.861561326,True
1061,tol_1p5,recovered,True,7.255757658000001,True
1061,archived_1p0,recovered,True,6.810722735000001,True
1062,tol_1p0,recovered,True,27.714739993999995,True
1062,tol_1p5,recovered,True,28.487477020999997,True
1062,archived_1p0,recovered,True,26.655046493,True
1063,tol_1p0,recovered,True,9.793827988,True
1063,tol_1p5,recovered,True,9.663810448999998,True
1063,archived_1p0,recovered,True,10.349143757,True
1064,tol_1p0,recovered,True,9.609269841,True
1064,tol_1p5,recovered,True,7.697617332,True
1064,archived_1p0,recovered,True,9.531230108,True
1065,tol_1p0,recovered,True,4.581017204,True
1065,tol_1p5,recovered,True,4.557504087,True
1065,archived_1p0,recovered,True,4.638122335,True
1066,tol_1p0,recovered,True,12.207358988999998,True
1066,tol_1p5,recovered,True,12.073111467,True
1066,archived_1p0,recovered,True,12.585852676999998,True
1067,tol_1p0,recovered,True,3.967063404,True
1067,tol_1p5,recovered,True,3.8094306740000006,True
1067,archived_1p0,recovered,True,4.222252566,True
1068,tol_1p0,recovered,True,1.6882726799999999,False
1068,tol_1p5,recovered,True,1.659659949,False
1068,archived_1p0,recovered,True,1.8930996110000002,False
1069,tol_1p0,recovered,True,1.094294933,False
1069,tol_1p5,recovered,True,1.1229243169999998,False
1069,archived_1p0,recovered,True,1.3458411149999998,False
1070,tol_1p0,recovered,True,2.2991603510000003,True
1070,tol_1p5,recovered,True,2.293066122,True
1070,archived_1p0,recovered,True,2.336128478,True
1071,tol_1p0,recovered,True,4.750792605,True
1071,tol_1p5,recovered,True,4.790484111,True
1071,archived_1p0,recovered,True,4.8546853599999995,True
1072,tol_1p0,recovered,True,3.8097555460000003,True
1072,tol_1p5,recovered,True,3.9104897759999995,True
1072,archived_1p0,recovered,True,3.799381894,True
1073,tol_1p0,recovered,True,1.7578419730000003,True
1073,tol_1p5,recovered,True,1.9217245690000002,True
1073,archived_1p0,recovered,True,1.8740794200000002,True
1074,tol_1p0,recovered,True,1.1399755649999999,False
1074,tol_1p5,recovered,True,1.109399336,False
1074,archived_1p0,recovered,True,1.3756460249999996,False
1075,tol_1p0,recovered,True,1.1266571149999995,False
1075,tol_1p5,recovered,True,1.1040538459999998,False
1075,archived_1p0,recovered,True,1.3991942779999997,False
1076,tol_1p0,recovered,True,5.51549818,True
1076,tol_1p5,recovered,True,5.490277433999999,True
1076,archived_1p0,recovered,True,5.521898791,True
1077,tol_1p0,recovered,True,2.102439142,True
1077,tol_1p5,recovered,True,2.110598019,True
1077,archived_1p0,recovered,True,1.9796011939999998,True
1078,tol_1p0,recovered,True,8.514972579,True
1078,tol_1p5,recovered,True,8.859620659,True
1078,archived_1p0,recovered,True,8.870833378,True
1079,tol_1p0,recovered,True,1.713551281,True
1079,tol_1p5,recovered,True,1.6750935030000003,True
1079,archived_1p0,recovered,True,1.69580133,True
1080,tol_1p0,recovered,True,9.48572782,True
1080,tol_1p5,recovered,True,9.412074950000001,True
1080,archived_1p0,recovered,True,10.006625529,True
1081,tol_1p0,recovered,True,1.263476632,False
1081,tol_1p5,recovered,True,1.3457438179999999,False
1081,archived_1p0,recovered,True,1.2941447799999999,False
1082,tol_1p0,recovered,True,3.982947027,True
1082,tol_1p5,recovered,True,3.4441283929999997,True
1082,archived_1p0,recovered,True,3.827450017,True
1083,tol_1p0,recovered,True,9.466471324,True
1083,tol_1p5,recovered,True,9.540716362000001,True
1083,archived_1p0,recovered,True,9.751486862,True
1084,tol_1p0,recovered,True,0.992937505,False
1084,tol_1p5,recovered,True,0.9318632009999999,False
1084,archived_1p0,recovered,True,1.0976956370000002,False
1085,tol_1p0,recovered,True,2.762447257,True
1085,tol_1p5,recovered,True,2.702489086,True
1085,archived_1p0,recovered,True,2.7859174959999993,True
1086,tol_1p0,recovered,True,1.6993702959999997,False
1086,tol_1p5,recovered,True,1.573338304,False
1086,archived_1p0,recovered,True,1.7515956739999998,False
1087,tol_1p0,recovered,True,1.5140893439999998,True
1087,tol_1p5,recovered,True,1.5558678060000002,True
1087,archived_1p0,recovered,True,1.3969876359999998,True
1088,tol_1p0,recovered,True,1.0457387379999998,False
1088,tol_1p5,recovered,True,1.0392000289999999,False
1088,archived_1p0,recovered,True,1.1815933209999998,False
1089,tol_1p0,recovered,True,8.851600362,True
1089,tol_1p5,recovered,True,8.986708798999999,True
1089,archived_1p0,recovered,True,9.475167135,True
1090,tol_1p0,recovered,True,9.332923292999999,True
1090,tol_1p5,recovered,True,9.091430622999999,True
1090,archived_1p0,recovered,True,9.56423367,True
1091,tol_1p0,recovered,True,1.0404907739999998,False
1091,tol_1p5,recovered,True,1.009628438,False
1091,archived_1p0,recovered,True,1.2245954339999998,False
1092,tol_1p0,recovered,True,8.238644984999999,True
1092,tol_1p5,recovered,True,7.911746720999998,True
1092,archived_1p0,recovered,True,8.543648598,True
1093,tol_1p0,recovered,True,5.426795824999999,True
1093,tol_1p5,recovered,True,5.500738747,True
1093,archived_1p0,recovered,True,6.026518285000002,True
1094,tol_1p0,recovered,True,7.479669433000001,True
1094,tol_1p5,recovered,True,7.2374488150000005,True
1094,archived_1p0,recovered,True,7.684080213,True
1095,tol_1p0,recovered,True,7.75210433,True
1095,tol_1p5,recovered,True,7.457340842000001,True
1095,archived_1p0,recovered,True,7.499931167000001,True
1096,tol_1p0,recovered,True,12.664988087999998,True
1096,tol_1p5,recovered,True,12.734199907,True
1096,archived_1p0,recovered,True,13.222798505,True
1097,tol_1p0,recovered,True,3.673457221,True
1097,tol_1p5,recovered,True,3.629593954,True
1097,archived_1p0,recovered,True,3.8283353810000005,True
1098,tol_1p0,recovered,True,11.997361265,True
1098,tol_1p5,recovered,True,12.654591401000001,True
1098,archived_1p0,recovered,True,12.082784296,True
1099,tol_1p0,recovered,True,17.044919995999997,True
1099,tol_1p5,recovered,True,16.758008265,True
1099,archived_1p0,recovered,True,16.698260462999997,True
1100,tol_1p0,recovered,True,15.967893158999999,True
1100,tol_1p5,recovered,True,15.830677421999999,True
1100,archived_1p0,recovered,True,16.761907496,True
1101,tol_1p0,recovered,True,2.446674377,False
1101,tol_1p5,recovered,True,2.6282809929999997,False
1101,archived_1p0,recovered,True,2.5560371010000003,False
1102,tol_1p0,recovered,True,2.5834517769999996,False
1102,tol_1p5,recovered,True,2.5394560939999993,False
1102,archived_1p0,recovered,True,2.8958941480000004,False
1103,tol_1p0,recovered,True,1.55972898,False
1103,tol_1p5,recovered,True,1.6523875059999997,False
1103,archived_1p0,recovered,True,1.677862068,False
1104,tol_1p0,recovered,True,1.5173048939999998,False
1104,tol_1p5,recovered,True,2.227738171,True
1104,archived_1p0,recovered,True,1.6383921740000003,False
1105,tol_1p0,recovered,True,2.0168238269999996,False
1105,tol_1p5,recovered,True,1.996081091,False
1105,archived_1p0,recovered,True,2.1874247589999998,False
1106,tol_1p0,recovered,True,3.064095549,True
1106,tol_1p5,recovered,True,3.085715524,True
1106,archived_1p0,recovered,True,3.3642320340000005,True
1107,tol_1p0,recovered,True,2.0808562130000006,True
1107,tol_1p5,recovered,True,1.875240279,True
1107,archived_1p0,recovered,True,2.2437167920000003,True
1108,tol_1p0,recovered,True,0.9211354980000002,False
1108,tol_1p5,recovered,True,0.980115936,False
1108,archived_1p0,recovered,True,1.2085595160000002,False
1109,tol_1p0,recovered,True,1.3867300109999998,False
1109,tol_1p5,recovered,True,1.2541584969999997,False
1109,archived_1p0,recovered,True,1.5292809859999998,False
1110,tol_1p0,recovered,True,12.345644125,True
1110,tol_1p5,recovered,True,12.135464843999998,True
1110,archived_1p0,recovered,True,12.140181787,True
1111,tol_1p0,recovered,True,1.7216218199999997,True
1111,tol_1p5,recovered,True,1.819269257,True
1111,archived_1p0,recovered,True,1.604760553,True
1112,tol_1p0,recovered,True,0.9250468869999999,False
1112,tol_1p5,recovered,True,1.0076642040000001,False
1112,archived_1p0,recovered,True,1.0896802559999998,False
1113,tol_1p0,recovered,True,1.060504641,False
1113,tol_1p5,recovered,True,1.146896156,False
1113,archived_1p0,recovered,True,1.218833864,False
1114,tol_1p0,recovered,True,13.925922207,True
1114,tol_1p5,recovered,True,14.635741147000001,True
1114,archived_1p0,recovered,True,14.068586828999997,True
1115,tol_1p0,recovered,True,3.035920645000001,True
1115,tol_1p5,recovered,True,3.117218806,True
1115,archived_1p0,recovered,True,3.399918998999999,True
1116,tol_1p0,recovered,True,1.181027573,False
1116,tol_1p5,recovered,True,1.180241266,False
1116,archived_1p0,recovered,True,1.269307058,False
1117,tol_1p0,recovered,True,2.518933316,True
1117,tol_1p5,recovered,True,2.4671276460000002,True
1117,archived_1p0,recovered,True,2.661573315,True
1118,tol_1p0,recovered,True,3.5925849519999993,True
1118,tol_1p5,recovered,True,3.689219855,True
1118,archived_1p0,recovered,True,3.637299747000001,True
1119,tol_1p0,recovered,True,4.831961687000001,True
1119,tol_1p5,recovered,True,4.986402330000001,True
1119,archived_1p0,recovered,True,5.2940625930000005,True
1120,tol_1p0,recovered,True,6.409161929999999,True
1120,tol_1p5,recovered,True,6.082143857,True
1120,archived_1p0,recovered,True,6.609999694,True
1121,tol_1p0,recovered,True,4.295436498,True
1121,tol_1p5,recovered,True,4.653268832,True
1121,archived_1p0,recovered,True,4.180608481,True
1122,tol_1p0,recovered,True,1.188236706,False
1122,tol_1p5,recovered,True,1.258841582,False
1122,archived_1p0,recovered,True,1.231934843,False
1123,tol_1p0,recovered,True,6.94737551,False
1123,tol_1p5,recovered,True,7.10096201,False
1123,archived_1p0,recovered,True,7.077505614,False
1124,tol_1p0,recovered,True,2.933292881,True
1124,tol_1p5,recovered,True,3.26643109,True
1124,archived_1p0,recovered,True,3.3638315359999993,True
1125,tol_1p0,recovered,True,1.7771542649999998,False
1125,tol_1p5,recovered,True,1.7300016489999996,False
1125,archived_1p0,recovered,True,2.05958472,False
1126,tol_1p0,recovered,True,1.521559892,False
1126,tol_1p5,recovered,True,1.6319053119999998,False
1126,archived_1p0,recovered,True,1.800510063,False
1127,tol_1p0,recovered,True,22.654516943999997,True
1127,tol_1p5,recovered,True,22.465952625,True
1127,archived_1p0,recovered,True,22.927755935,True
1128,tol_1p0,recovered,True,12.655445133,True
1128,tol_1p5,recovered,True,12.953986646999999,True
1128,archived_1p0,recovered,True,12.537346019999998,True
1129,tol_1p0,recovered,True,10.403052550000002,True
1129,tol_1p5,recovered,True,10.219056741,True
1129,archived_1p0,recovered,True,10.357067857999999,True
1130,tol_1p0,recovered,True,8.008319709,True
1130,tol_1p5,recovered,True,8.137725300000001,True
1130,archived_1p0,recovered,True,8.121167999999997,True
1131,tol_1p0,recovered,True,22.16224156,True
1131,tol_1p5,recovered,True,22.947385775,True
1131,archived_1p0,recovered,True,23.986603763000005,True
1132,tol_1p0,recovered,True,1.4765522499999997,True
1132,tol_1p5,recovered,True,1.3619242040000001,True
1132,archived_1p0,recovered,True,1.3572470289999998,True
1133,tol_1p0,recovered,True,3.734737669,False
1133,tol_1p5,recovered,True,6.771871642000001,True
1133,archived_1p0,recovered,True,3.829775033,False
1134,tol_1p0,recovered,True,7.590955450999999,True
1134,tol_1p5,recovered,True,7.387903336999999,True
1134,archived_1p0,recovered,True,7.616228908000001,True
1135,tol_1p0,recovered,True,2.7897468229999998,True
1135,tol_1p5,recovered,True,2.67853313,True
1135,archived_1p0,recovered,True,2.755677459,True
1136,tol_1p0,recovered,True,1.2472524299999999,False
1136,tol_1p5,recovered,True,1.7721117039999998,True
1136,archived_1p0,recovered,True,1.6019407860000001,False
1137,tol_1p0,recovered,True,5.57498272,True
1137,tol_1p5,recovered,True,5.857060738000001,True
1137,archived_1p0,recovered,True,5.630183931999999,True
1138,tol_1p0,recovered,True,2.379097667,True
1138,tol_1p5,recovered,True,2.6380480849999994,True
1138,archived_1p0,recovered,True,2.6894636070000004,True
1139,tol_1p0,recovered,True,2.804303704,True
1139,tol_1p5,recovered,True,2.399171634,True
1139,archived_1p0,recovered,True,2.7268670459999997,True
1140,tol_1p0,recovered,True,2.0577326240000002,False
1140,tol_1p5,recovered,True,1.909491828,False
1140,archived_1p0,recovered,True,2.237336664,False
1141,tol_1p0,recovered,True,1.18553159,False
1141,tol_1p5,recovered,True,1.216569989,False
1141,archived_1p0,recovered,True,1.356603168,False
1142,tol_1p0,recovered,True,1.1974222129999998,False
1142,tol_1p5,recovered,True,1.1860223249999997,False
1142,archived_1p0,recovered,True,1.410492504,False
1143,tol_1p0,recovered,True,7.6016475,True
1143,tol_1p5,recovered,True,7.70330637,True
1143,archived_1p0,recovered,True,7.571699978000001,True
1144,tol_1p0,recovered,True,1.235243564,False
1144,tol_1p5,recovered,True,1.2491614830000002,False
1144,archived_1p0,recovered,True,1.226228447,False
1145,tol_1p0,recovered,True,2.270221113,False
1145,tol_1p5,recovered,True,2.118290128,False
1145,archived_1p0,recovered,True,2.2583637579999998,False
1146,tol_1p0,recovered,True,9.650731539999999,True
1146,tol_1p5,recovered,True,9.931463689000003,True
1146,archived_1p0,recovered,True,9.746778202000002,True
1147,tol_1p0,recovered,True,1.2256446510000003,False
1147,tol_1p5,recovered,True,1.248907629,False
1147,archived_1p0,recovered,True,1.3231775369999998,False
1148,tol_1p0,recovered,True,8.063366278,True
1148,tol_1p5,recovered,True,8.014854687,True
1148,archived_1p0,recovered,True,8.061247173000002,True
1149,tol_1p0,recovered,True,3.6242695889999994,True
1149,tol_1p5,recovered,True,3.609866639999999,True
1149,archived_1p0,recovered,True,3.9198270039999996,True
1150,tol_1p0,recovered,True,38.03480123999999,True
1150,tol_1p5,recovered,True,37.821945523,True
1150,archived_1p0,recovered,True,37.69450673200001,True
1151,tol_1p0,recovered,True,1.8048583999999996,True
1151,tol_1p5,recovered,True,1.790853449,True
1151,archived_1p0,recovered,True,1.8236656729999996,True
1152,tol_1p0,recovered,True,1.939687309,False
1152,tol_1p5,recovered,True,2.149558608,False
1152,archived_1p0,recovered,True,2.2618143059999998,False
1153,tol_1p0,recovered,True,1.4794794659999995,False
1153,tol_1p5,recovered,True,1.3621721509999998,False
1153,archived_1p0,recovered,True,1.5312985709999998,False
1154,tol_1p0,recovered,True,3.8585113159999995,True
1154,tol_1p5,recovered,True,4.177860497,True
1154,archived_1p0,recovered,True,3.8860619009999997,True
1155,tol_1p0,recovered,True,7.391283238,True
1155,tol_1p5,recovered,True,7.55361503,True
1155,archived_1p0,recovered,True,7.458279505,True
1156,tol_1p0,recovered,True,4.301190246999999,True
1156,tol_1p5,recovered,True,3.9903114140000002,True
1156,archived_1p0,recovered,True,4.404251601,True
1157,tol_1p0,recovered,True,1.4595829049999995,False
1157,tol_1p5,recovered,True,1.5010121529999996,False
1157,archived_1p0,recovered,True,1.570523553,False
1158,tol_1p0,recovered,True,15.205912803,True
1158,tol_1p5,recovered,True,15.058492067,True
1158,archived_1p0,recovered,True,15.578907304,True
1159,tol_1p0,recovered,True,2.114921168,True
1159,tol_1p5,recovered,True,2.1234593989999997,True
1159,archived_1p0,recovered,True,2.4777811680000004,True
1160,tol_1p0,recovered,True,1.0704987190000002,False
1160,tol_1p5,recovered,True,1.1823251419999998,False
1160,archived_1p0,recovered,True,1.3155729220000003,False
1161,tol_1p0,recovered,True,1.094075911,False
1161,tol_1p5,recovered,True,1.153666366,False
1161,archived_1p0,recovered,True,1.1881237169999999,False
1162,tol_1p0,recovered,True,1.1725982309999998,False
1162,tol_1p5,recovered,True,1.2276430259999995,False
1162,archived_1p0,recovered,True,1.22019839,False
1163,tol_1p0,recovered,True,2.570496726,True
1163,tol_1p5,recovered,True,2.4785047909999998,True
1163,archived_1p0,recovered,True,2.825261131999999,True
1164,tol_1p0,recovered,True,2.5486119690000004,True
1164,tol_1p5,recovered,True,2.6244651279999993,True
1164,archived_1p0,recovered,True,2.7824916,True
1165,tol_1p0,recovered,True,2.204178431,True
1165,tol_1p5,recovered,True,2.259085566,True
1165,archived_1p0,recovered,True,2.395257101,True
1166,tol_1p0,recovered,True,1.1307089119999998,False
1166,tol_1p5,recovered,True,1.1849566770000002,False
1166,archived_1p0,recovered,True,1.2658739329999997,False
1167,tol_1p0,recovered,True,1.142420001,False
1167,tol_1p5,recovered,True,1.066820398,False
1167,archived_1p0,recovered,True,1.3783591520000003,False
1168,tol_1p0,recovered,True,4.076078077,False
1168,tol_1p5,recovered,True,3.977868335,False
1168,archived_1p0,recovered,True,4.4578562690000005,False
1169,tol_1p0,recovered,True,2.581397348,False
1169,tol_1p5,recovered,True,2.5129244249999996,False
1169,archived_1p0,recovered,True,2.735651254999999,False
1170,tol_1p0,recovered,True,3.7344989579999996,True
1170,tol_1p5,recovered,True,3.6903901660000002,True
1170,archived_1p0,recovered,True,3.6676707559999997,True
1171,tol_1p0,recovered,True,8.3317402,True
1171,tol_1p5,recovered,True,8.527461209999998,True
1171,archived_1p0,recovered,True,8.65792591,True
1172,tol_1p0,recovered,True,4.143379449999999,True
1172,tol_1p5,recovered,True,3.8397337050000004,True
1172,archived_1p0,recovered,True,4.175633924999998,True
1173,tol_1p0,recovered,True,1.6893415489999999,True
1173,tol_1p5,recovered,True,1.603470565,True
1173,archived_1p0,recovered,True,1.7876349069999997,True
1174,tol_1p0,recovered,True,2.745095217,True
1174,tol_1p5,recovered,True,2.6786065289999996,True
1174,archived_1p0,recovered,True,2.898629059,True
1175,tol_1p0,recovered,True,1.9136946459999997,True
1175,tol_1p5,recovered,True,1.9449400179999998,True
1175,archived_1p0,recovered,True,2.1946299550000004,True
1176,tol_1p0,recovered,True,1.3665932869999997,False
1176,tol_1p5,recovered,True,1.427155451,False
1176,archived_1p0,recovered,True,1.2986157659999995,False
1177,tol_1p0,recovered,True,6.320819223999999,True
1177,tol_1p5,recovered,True,6.277902297,True
1177,archived_1p0,recovered,True,6.628451877,True
1178,tol_1p0,recovered,True,0.8873856649999998,False
1178,tol_1p5,recovered,True,1.0251873899999997,False
1178,archived_1p0,recovered,True,1.0272847609999998,False
1179,tol_1p0,recovered,True,14.283558970999998,True
1179,tol_1p5,recovered,True,14.216073161,True
1179,archived_1p0,recovered,True,14.702638726,True
1180,tol_1p0,recovered,True,7.266683154999999,False
1180,tol_1p5,recovered,True,7.173835291000001,False
1180,archived_1p0,recovered,True,7.388178701,False
1181,tol_1p0,recovered,True,1.34953106,False
1181,tol_1p5,recovered,True,1.372736222,False
1181,archived_1p0,recovered,True,1.4156631359999998,False
1182,tol_1p0,recovered,True,1.9283110840000002,True
1182,tol_1p5,recovered,True,1.955123991,True
1182,archived_1p0,recovered,True,2.2720341590000004,True
1183,tol_1p0,recovered,True,1.502153696,False
1183,tol_1p5,recovered,True,1.503099276,False
1183,archived_1p0,recovered,True,1.41912034,False
1184,tol_1p0,recovered,True,1.029240786,False
1184,tol_1p5,recovered,True,0.9791281430000001,False
1184,archived_1p0,recovered,True,1.0344842829999998,False
1185,tol_1p0,recovered,True,1.560065318,True
1185,tol_1p5,recovered,True,1.5587183609999997,True
1185,archived_1p0,recovered,True,1.582941622,True
1186,tol_1p0,recovered,True,10.606966725,True
1186,tol_1p5,recovered,True,10.662347910000001,True
1186,archived_1p0,recovered,True,11.261830167,True
1187,tol_1p0,recovered,True,5.1107176469999995,True
1187,tol_1p5,recovered,True,5.176798452000001,True
1187,archived_1p0,recovered,True,5.5685563810000005,True
1188,tol_1p0,recovered,True,1.871359726,True
1188,tol_1p5,recovered,True,1.950533993,True
1188,archived_1p0,recovered,True,1.8668912510000002,True
1189,tol_1p0,recovered,True,1.8750280090000002,False
1189,tol_1p5,recovered,True,1.9028470449999997,False
1189,archived_1p0,recovered,True,2.3238496839999994,False
1190,tol_1p0,recovered,True,2.0626915720000003,True
1190,tol_1p5,recovered,True,2.3195205309999998,True
1190,archived_1p0,recovered,True,2.288399155,True
1191,tol_1p0,recovered,True,0.9595172449999998,False
1191,tol_1p5,recovered,True,0.9015036280000002,False
1191,archived_1p0,recovered,True,0.9521506970000002,False
1192,tol_1p0,recovered,True,1.9209059709999996,False
1192,tol_1p5,recovered,True,1.8247107389999997,False
1192,archived_1p0,recovered,True,1.809712607,False
1193,tol_1p0,recovered,True,1.914214958,False
1193,tol_1p5,recovered,True,1.8874880369999998,False
1193,archived_1p0,recovered,True,1.8268355189999999,False
1194,tol_1p0,recovered,True,1.7834086349999998,False
1194,tol_1p5,recovered,True,1.8549735060000003,False
1194,archived_1p0,recovered,True,1.9908671019999997,False
1195,tol_1p0,recovered,True,3.744323979,False
1195,tol_1p5,recovered,True,3.753678945,False
1195,archived_1p0,recovered,True,3.852802531,False
1196,tol_1p0,recovered,True,2.549204413,False
1196,tol_1p5,recovered,True,2.35204451,False
1196,archived_1p0,recovered,True,2.503672604,False
1197,tol_1p0,recovered,True,1.379527421,True
1197,tol_1p5,recovered,True,1.4721813289999996,True
1197,archived_1p0,recovered,True,1.512749989,True
1198,tol_1p0,recovered,True,1.1011998270000003,False
1198,tol_1p5,recovered,True,1.2320779330000002,False
1198,archived_1p0,recovered,True,1.3489417239999997,False
1199,tol_1p0,recovered,True,2.032499864,True
1199,tol_1p5,recovered,True,2.122967622,True
1199,archived_1p0,recovered,True,2.1674617819999997,True
1200,tol_1p0,recovered,True,2.066486992,False
1200,tol_1p5,recovered,True,2.0441867699999996,False
1200,archived_1p0,recovered,True,2.4246795729999997,False
1201,tol_1p0,recovered,True,2.6783721299999996,True
1201,tol_1p5,recovered,True,2.648397429,True
1201,archived_1p0,recovered,True,2.7528892469999997,True
1202,tol_1p0,recovered,True,0.9588144319999998,False
1202,tol_1p5,recovered,True,0.9652989250000001,False
1202,archived_1p0,recovered,True,1.024374871,False
1203,tol_1p0,recovered,True,1.9209186619999996,True
1203,tol_1p5,recovered,True,1.8690525409999998,True
1203,archived_1p0,recovered,True,1.9816699620000002,True
1204,tol_1p0,recovered,True,0.9210187039999999,False
1204,tol_1p5,recovered,True,0.9888445510000001,False
1204,archived_1p0,recovered,True,1.028973567,False
1205,tol_1p0,recovered,True,1.084809399,False
1205,tol_1p5,recovered,True,1.093807264,False
1205,archived_1p0,recovered,True,1.166080173,False
1206,tol_1p0,recovered,True,5.157280834,True
1206,tol_1p5,recovered,True,5.062746594,True
1206,archived_1p0,recovered,True,5.333464798,True
1207,tol_1p0,recovered,True,0.9762921909999998,False
1207,tol_1p5,recovered,True,1.033250669,False
1207,archived_1p0,recovered,True,1.001895824,False
1208,tol_1p0,recovered,True,5.568445304,True
1208,tol_1p5,recovered,True,5.200528211,True
1208,archived_1p0,recovered,True,5.753764712000001,True
1209,tol_1p0,recovered,True,1.1804223989999998,False
1209,tol_1p5,recovered,True,1.3262976599999996,False
1209,archived_1p0,recovered,True,1.228727657,False
1210,tol_1p0,recovered,True,3.776174816,False
1210,tol_1p5,recovered,True,3.736853185,False
1210,archived_1p0,recovered,True,4.059505152,False
1211,tol_1p0,recovered,True,7.239870173,True
1211,tol_1p5,recovered,True,6.880550268999999,True
1211,archived_1p0,recovered,True,6.602024171999998,True
1212,tol_1p0,recovered,True,3.809295368,True
1212,tol_1p5,recovered,True,3.5656121079999994,True
1212,archived_1p0,recovered,True,4.022973026000001,True
1213,tol_1p0,recovered,True,4.3609392609999995,True
1213,tol_1p5,recovered,True,4.3938994860000005,True
1213,archived_1p0,recovered,True,4.697377475000001,True
1214,tol_1p0,recovered,True,7.265724606999999,True
1214,tol_1p5,recovered,True,7.439396458999999,True
1214,archived_1p0,recovered,True,7.253282852,True
1215,tol_1p0,recovered,True,3.158973303,True
1215,tol_1p5,recovered,True,3.036563291,True
1215,archived_1p0,recovered,True,3.5105660709999995,True
1216,tol_1p0,recovered,True,1.80752928,True
1216,tol_1p5,recovered,True,1.7995396840000004,True
1216,archived_1p0,recovered,True,1.9513206740000002,True
1217,tol_1p0,recovered,True,1.7631474719999998,True
1217,tol_1p5,recovered,True,1.6990287299999998,True
1217,archived_1p0,recovered,True,1.825106737,True
1218,tol_1p0,recovered,True,2.5684987730000004,False
1218,tol_1p5,recovered,True,2.4001246309999997,False
1218,archived_1p0,recovered,True,2.7131028839999995,False
1219,tol_1p0,recovered,True,1.6999667599999997,True
1219,tol_1p5,recovered,True,1.7607821759999998,True
1219,archived_1p0,recovered,True,2.090836395,True
1220,tol_1p0,recovered,True,2.584395259,True
1220,tol_1p5,recovered,True,2.774565387,True
1220,archived_1p0,recovered,True,2.859620153,True
1221,tol_1p0,recovered,True,10.126187649999999,True
1221,tol_1p5,recovered,True,9.275006682,True
1221,archived_1p0,recovered,True,10.105520414,True
1222,tol_1p0,recovered,True,5.285661154999999,True
1222,tol_1p5,recovered,True,5.0121244549999995,True
1222,archived_1p0,recovered,True,5.290499676,True
1223,tol_1p0,recovered,True,1.3663841789999998,False
1223,tol_1p5,recovered,True,1.3943898799999999,False
1223,archived_1p0,recovered,True,1.5396371659999997,False
1224,tol_1p0,recovered,True,1.3753509339999996,False
1224,tol_1p5,recovered,True,1.4267722649999999,False
1224,archived_1p0,recovered,True,1.4512464059999999,False
1225,tol_1p0,recovered,True,6.3550572260000004,True
1225,tol_1p5,recovered,True,6.301396355,True
1225,archived_1p0,recovered,True,6.372572773999999,True
1226,tol_1p0,recovered,True,17.254315895999998,True
1226,tol_1p5,recovered,True,17.507890332000002,True
1226,archived_1p0,recovered,True,17.021744945000002,True
1227,tol_1p0,recovered,True,18.375748807,True
1227,tol_1p5,recovered,True,21.489733346999998,True
1227,archived_1p0,recovered,True,17.807344442,True
1228,tol_1p0,not_recovered,True,10.251003996,True
1228,tol_1p5,not_recovered,True,10.290621693999999,True
1228,archived_1p0,not_recovered,True,10.494908249000002,True
1229,tol_1p0,recovered,True,29.673097881999997,True
1229,tol_1p5,recovered,True,30.004268402,True
1229,archived_1p0,recovered,True,28.464734956999997,True
1230,tol_1p0,recovered,True,21.224134002,True
1230,tol_1p5,recovered,True,21.804681818,True
1230,archived_1p0,recovered,True,21.570434561999996,True
1231,tol_1p0,recovered,True,9.433284986,True
1231,tol_1p5,recovered,True,10.252353742,True
1231,archived_1p0,recovered,True,9.613891788999998,True
1232,tol_1p0,recovered,True,17.488850215,True
1232,tol_1p5,recovered,True,18.002997304000004,True
1232,archived_1p0,recovered,True,17.389233308999998,True
1233,tol_1p0,recovered,True,10.333811976999998,True
1233,tol_1p5,recovered,True,9.992091873,True
1233,archived_1p0,recovered,True,9.843597059,True
1234,tol_1p0,recovered,True,8.974117855000001,True
1234,tol_1p5,recovered,True,8.679734662,True
1234,archived_1p0,recovered,True,9.060957212000002,True
1235,tol_1p0,recovered,True,11.210774571,False
1235,tol_1p5,recovered,True,10.607626732,False
1235,archived_1p0,recovered,True,10.859345113,False
1236,tol_1p0,recovered,True,8.028084278000001,True
1236,tol_1p5,recovered,True,7.932364096000001,True
1236,archived_1p0,recovered,True,8.236093399000001,True
1237,tol_1p0,recovered,True,3.451916443,True
1237,tol_1p5,recovered,True,3.3834707369999997,True
1237,archived_1p0,recovered,True,3.2816459029999994,True
1238,tol_1p0,recovered,True,47.683586946000005,True
1238,tol_1p5,recovered,True,47.325399113,True
1238,archived_1p0,recovered,True,48.16049912199999,True
1239,tol_1p0,recovered,True,11.377706482999997,True
1239,tol_1p5,recovered,True,10.947162190999999,True
1239,archived_1p0,recovered,True,10.99186534,True
1240,tol_1p0,recovered,True,54.866305508,True
1240,tol_1p5,recovered,True,52.777694087,True
1240,archived_1p0,recovered,True,51.645372773,True
1241,tol_1p0,recovered,True,8.581660344,True
1241,tol_1p5,recovered,True,8.710055377,True
1241,archived_1p0,recovered,True,8.639404675000002,True
1242,tol_1p0,recovered,True,0.9069889839999998,False
1242,tol_1p5,recovered,True,0.8943211000000002,False
1242,archived_1p0,recovered,True,1.1203387599999997,False
1243,tol_1p0,recovered,True,1.342570168,False
1243,tol_1p5,recovered,True,1.176335356,False
1243,archived_1p0,recovered,True,1.383640653,False
1244,tol_1p0,recovered,True,1.949096162,True
1244,tol_1p5,recovered,True,1.928890256,True
1244,archived_1p0,recovered,True,2.150861622,True
1245,tol_1p0,recovered,True,2.1774962449999995,True
1245,tol_1p5,recovered,True,2.189655212,True
1245,archived_1p0,recovered,True,2.4122427830000004,True
1246,tol_1p0,recovered,True,1.382738275,False
1246,tol_1p5,recovered,True,1.3420022379999998,False
1246,archived_1p0,recovered,True,1.4053624990000002,False
1247,tol_1p0,recovered,True,4.273835396,True
1247,tol_1p5,recovered,True,4.258308528999999,True
1247,archived_1p0,recovered,True,4.174589697,True
1248,tol_1p0,recovered,True,1.0293623750000003,False
1248,tol_1p5,recovered,True,1.0231771,False
1248,archived_1p0,recovered,True,1.053562376,False
1249,tol_1p0,recovered,True,1.0881621209999999,False
1249,tol_1p5,recovered,True,1.104833111,False
1249,archived_1p0,recovered,True,1.1258039979999999,False
1250,tol_1p0,recovered,True,1.2063884459999998,False
1250,tol_1p5,recovered,True,1.1325664400000002,False
1250,archived_1p0,recovered,True,1.253271335,False
1251,tol_1p0,recovered,True,1.0484312459999998,False
1251,tol_1p5,recovered,True,1.1190541340000002,False
1251,archived_1p0,recovered,True,1.253369874,False
1252,tol_1p0,recovered,True,2.471924153,True
1252,tol_1p5,recovered,True,2.529128559,True
1252,archived_1p0,recovered,True,2.4697281110000002,True
1253,tol_1p0,recovered,True,1.8908637910000001,False
1253,tol_1p5,recovered,True,1.9393639789999997,False
1253,archived_1p0,recovered,True,2.3278130999999993,False
1254,tol_1p0,recovered,True,1.8891023949999997,False
1254,tol_1p5,recovered,True,1.920229926,False
1254,archived_1p0,recovered,True,1.9672905730000003,False
1255,tol_1p0,recovered,True,0.9247360379999997,False
1255,tol_1p5,recovered,True,0.7781375169999999,False
1255,archived_1p0,recovered,True,0.9565397099999998,False
1256,tol_1p0,recovered,True,22.799223804,True
1256,tol_1p5,recovered,True,22.194165176,True
1256,archived_1p0,recovered,True,22.641995699,True
1257,tol_1p0,recovered,True,1.0895567989999997,False
1257,tol_1p5,recovered,True,1.153068846,False
1257,archived_1p0,recovered,True,1.2650449049999999,False
1258,tol_1p0,recovered,True,5.045648850999999,True
1258,tol_1p5,recovered,True,4.948330605000001,True
1258,archived_1p0,recovered,True,5.087173364000002,True
1259,tol_1p0,recovered,True,0.910611785,False
1259,tol_1p5,recovered,True,1.031746245,False
1259,archived_1p0,recovered,True,1.015612349,False
1260,tol_1p0,recovered,True,2.884795865,True
1260,tol_1p5,recovered,True,2.873097228,True
1260,archived_1p0,recovered,True,2.933823391,True
1261,tol_1p0,recovered,True,3.091133889,True
1261,tol_1p5,recovered,True,3.140531829,True
1261,archived_1p0,recovered,True,3.213657144,True
1262,tol_1p0,recovered,True,11.909893048,False
1262,tol_1p5,recovered,True,12.032203453,False
1262,archived_1p0,recovered,True,12.129385226,False
1263,tol_1p0,recovered,True,15.162753661,True
1263,tol_1p5,recovered,True,15.238634493,True
1263,archived_1p0,recovered,True,15.756239036999997,True
1264,tol_1p0,recovered,True,54.69483257899999,True
1264,tol_1p5,recovered,True,54.55092376,True
1264,archived_1p0,recovered,True,53.81081876499999,True
1265,tol_1p0,recovered,True,1.5917403999999995,True
1265,tol_1p5,recovered,True,1.7223718559999999,True
1265,archived_1p0,recovered,True,1.80913851,True
1266,tol_1p0,recovered,True,1.3214277179999998,True
1266,tol_1p5,recovered,True,1.2272839709999999,True
1266,archived_1p0,recovered,True,1.294034103,True
1267,tol_1p0,recovered,True,1.5677706329999999,False
1267,tol_1p5,recovered,True,1.559047542,False
1267,archived_1p0,recovered,True,1.8866134679999995,False
1268,tol_1p0,recovered,True,8.822942934,True
1268,tol_1p5,recovered,True,8.930919976,True
1268,archived_1p0,recovered,True,8.585848548,True
1269,tol_1p0,recovered,True,1.481695449,False
1269,tol_1p5,recovered,True,1.504368237,False
1269,archived_1p0,recovered,True,1.470821645,False
1270,tol_1p0,recovered,True,1.550429008,False
1270,tol_1p5,recovered,True,1.541825222,False
1270,archived_1p0,recovered,True,1.6387584009999998,False
1271,tol_1p0,recovered,True,2.2624107429999993,True
1271,tol_1p5,recovered,True,2.475358815,True
1271,archived_1p0,recovered,True,2.630459211,True
1272,tol_1p0,recovered,True,7.098865516,True
1272,tol_1p5,recovered,True,7.160428339,True
1272,archived_1p0,recovered,True,7.584827437,True
1273,tol_1p0,recovered,True,3.2854044059999996,True
1273,tol_1p5,recovered,True,3.116359126,True
1273,archived_1p0,recovered,True,3.4196152119999996,True
1274,tol_1p0,recovered,True,1.8052454770000004,False
1274,tol_1p5,recovered,True,1.798266355,False
1274,archived_1p0,recovered,True,1.9747501730000003,False
1275,tol_1p0,recovered,True,2.1574112409999997,False
1275,tol_1p5,recovered,True,2.372233207,False
1275,archived_1p0,recovered,True,2.426821135,False
1276,tol_1p0,recovered,True,2.0759116790000003,False
1276,tol_1p5,recovered,True,2.1383436249999996,False
1276,archived_1p0,recovered,True,2.376013839,False
1277,tol_1p0,recovered,True,13.220292040999997,True
1277,tol_1p5,recovered,True,13.369113455999996,True
1277,archived_1p0,recovered,True,13.575225143999997,True
1278,tol_1p0,recovered,True,1.5244376439999998,True
1278,tol_1p5,recovered,True,1.511657263,True
1278,archived_1p0,recovered,True,1.575881286,True
1279,tol_1p0,recovered,True,1.114923793,False
1279,tol_1p5,recovered,True,1.1352982100000002,False
1279,archived_1p0,recovered,True,1.318172321,False
1280,tol_1p0,recovered,True,1.3115873629999997,False
1280,tol_1p5,recovered,True,1.3272363509999998,False
1280,archived_1p0,recovered,True,1.449104175,False
1281,tol_1p0,recovered,True,3.773417114,True
1281,tol_1p5,recovered,True,3.681569637,True
1281,archived_1p0,recovered,True,3.6760092570000005,True
1282,tol_1p0,recovered,True,1.9264697400000002,True
1282,tol_1p5,recovered,True,1.8514493989999998,True
1282,archived_1p0,recovered,True,1.9832719339999998,True
1283,tol_1p0,recovered,True,1.419276099,False
1283,tol_1p5,recovered,True,1.3504771299999998,False
1283,archived_1p0,recovered,True,1.450430361,False
1284,tol_1p0,recovered,True,3.5628346470000007,True
1284,tol_1p5,recovered,True,3.5418623510000002,True
1284,archived_1p0,recovered,True,3.6669803310000004,True
1285,tol_1p0,not_recovered,True,1.206324167,False
1285,tol_1p5,not_recovered,True,1.1646147839999998,False
1285,archived_1p0,not_recovered,True,1.4964633239999996,False
1286,tol_1p0,recovered,True,1.190478293,False
1286,tol_1p5,recovered,True,1.233721208,False
1286,archived_1p0,recovered,True,1.351813294,False
1287,tol_1p0,recovered,True,5.638602878,True
1287,tol_1p5,recovered,True,5.793730393000001,True
1287,archived_1p0,recovered,True,5.714943691999999,True
1288,tol_1p0,recovered,True,10.150422088000001,True
1288,tol_1p5,recovered,True,39.089156587,True
1288,archived_1p0,recovered,True,9.703826043,True
1289,tol_1p0,recovered,True,1.9100814899999996,False
1289,tol_1p5,recovered,True,1.9876301939999999,False
1289,archived_1p0,recovered,True,1.9485728639999997,False
1290,tol_1p0,recovered,True,1.4548593140000001,False
1290,tol_1p5,recovered,True,1.3017457129999999,False
1290,archived_1p0,recovered,True,1.3703343819999998,False
1291,tol_1p0,recovered,True,1.428154512,False
1291,tol_1p5,recovered,True,1.3873109609999998,False
1291,archived_1p0,recovered,True,1.443860718,False
1292,tol_1p0,recovered,True,1.7683996310000003,True
1292,tol_1p5,recovered,True,1.4987184809999998,False
1292,archived_1p0,recovered,True,2.0186449069999997,True
1293,tol_1p0,recovered,True,1.8221611849999997,False
1293,tol_1p5,recovered,True,1.640262581,False
1293,archived_1p0,recovered,True,1.7996066519999998,False
1294,tol_1p0,recovered,True,1.5372444939999999,False
1294,tol_1p5,recovered,True,1.3610221789999999,False
1294,archived_1p0,recovered,True,1.517138277,False
1295,tol_1p0,recovered,True,1.4381073339999997,False
1295,tol_1p5,recovered,True,1.432482957,False
1295,archived_1p0,recovered,True,1.332039532,False
1296,tol_1p0,recovered,True,1.743179258,False
1296,tol_1p5,recovered,True,1.641400042,False
1296,archived_1p0,recovered,True,1.693650182,False
1297,tol_1p0,recovered,True,1.9710433219999999,True
1297,tol_1p5,recovered,True,1.9290533049999998,True
1297,archived_1p0,recovered,True,1.9448866410000005,True
1298,tol_1p0,recovered,True,1.6196725189999999,False
1298,tol_1p5,recovered,True,1.6703484400000002,False
1298,archived_1p0,recovered,True,1.701577508,False
1299,tol_1p0,recovered,True,2.03473056,False
1299,tol_1p5,recovered,True,2.4545398179999998,False
1299,archived_1p0,recovered,True,2.372630187,False
1300,tol_1p0,recovered,True,1.9135607829999999,False
1300,tol_1p5,recovered,True,1.8977219549999997,False
1300,archived_1p0,recovered,True,2.0435227220000005,False
1301,tol_1p0,recovered,True,1.114221809,False
1301,tol_1p5,recovered,True,1.124216934,False
1301,archived_1p0,recovered,True,1.156742425,False
1302,tol_1p0,recovered,True,1.097602439,False
1302,tol_1p5,recovered,True,1.1825307179999998,False
1302,archived_1p0,recovered,True,1.4250856509999998,False
1303,tol_1p0,recovered,True,2.0447397289999993,True
1303,tol_1p5,recovered,True,2.020857629,True
1303,archived_1p0,recovered,True,1.9991989499999998,True
1304,tol_1p0,recovered,True,18.450881276000004,True
1304,tol_1p5,recovered,True,19.630257653999998,True
1304,archived_1p0,recovered,True,18.570531728000002,True
1305,tol_1p0,recovered,True,1.918396993,True
1305,tol_1p5,recovered,True,1.9648154279999996,True
1305,archived_1p0,recovered,True,1.9113640979999997,True
1306,tol_1p0,recovered,True,4.567630256999999,True
1306,tol_1p5,recovered,True,4.811548502,True
1306,archived_1p0,recovered,True,4.683862493,True
1307,tol_1p0,recovered,True,4.2164598909999995,True
1307,tol_1p5,recovered,True,4.204262937999999,True
1307,archived_1p0,recovered,True,4.5114992009999995,True
1308,tol_1p0,recovered,True,4.159570036000001,True
1308,tol_1p5,recovered,True,4.247518480999999,True
1308,archived_1p0,recovered,True,4.3777880399999995,True
1309,tol_1p0,recovered,True,1.61425715,True
1309,tol_1p5,recovered,True,1.65409539,True
1309,archived_1p0,recovered,True,1.70827916,True
1310,tol_1p0,recovered,True,4.665023146,True
1310,tol_1p5,recovered,True,3.89762656,True
1310,archived_1p0,recovered,True,4.645717421999999,True
1311,tol_1p0,recovered,True,2.317408374,True
1311,tol_1p5,recovered,True,2.318119573,True
1311,archived_1p0,recovered,True,2.447827578,True
1312,tol_1p0,recovered,True,4.138196863999999,True
1312,tol_1p5,recovered,True,4.203505809,True
1312,archived_1p0,recovered,True,4.4264094919999994,True
1313,tol_1p0,recovered,True,14.765154668999998,True
1313,tol_1p5,recovered,True,14.771515115,True
1313,archived_1p0,recovered,True,15.305649150999997,True
1314,tol_1p0,not_recovered,True,9.866798529,True
1314,tol_1p5,not_recovered,True,9.629397142,True
1314,archived_1p0,not_recovered,True,9.636815060999998,True
1315,tol_1p0,recovered,True,3.377761317,True
1315,tol_1p5,recovered,True,3.258864849,True
1315,archived_1p0,recovered,True,3.4949911049999995,True
1316,tol_1p0,recovered,True,1.0353455889999998,False
1316,tol_1p5,recovered,True,1.0557511210000001,False
1316,archived_1p0,recovered,True,1.1895819229999995,False
1317,tol_1p0,recovered,True,2.3580207050000004,True
1317,tol_1p5,recovered,True,2.5216645429999995,True
1317,archived_1p0,recovered,True,2.637650784,True
1318,tol_1p0,recovered,True,13.346782261999998,True
1318,tol_1p5,recovered,True,13.522371205,True
1318,archived_1p0,recovered,True,12.977216194,True
1319,tol_1p0,recovered,True,2.0248625,False
1319,tol_1p5,recovered,True,1.9561432610000002,False
1319,archived_1p0,recovered,True,2.1348067139999998,False
1320,tol_1p0,recovered,True,1.5375494049999998,False
1320,tol_1p5,recovered,True,1.5166300759999998,False
1320,archived_1p0,recovered,True,1.6565146739999996,False
1321,tol_1p0,recovered,True,1.019662177,False
1321,tol_1p5,recovered,True,1.0490732959999998,False
1321,archived_1p0,recovered,True,1.044196512,False
1322,tol_1p0,recovered,True,1.1521204859999998,False
1322,tol_1p5,recovered,True,1.1215616939999995,False
1322,archived_1p0,recovered,True,1.2269693530000003,False
1323,tol_1p0,recovered,True,6.059684012,True
1323,tol_1p5,recovered,True,5.996212509,True
1323,archived_1p0,recovered,True,6.338025609,True
1324,tol_1p0,recovered,True,4.441071289,True
1324,tol_1p5,recovered,True,4.553836852,True
1324,archived_1p0,recovered,True,4.629499845,True
1325,tol_1p0,recovered,True,10.221309444000001,True
1325,tol_1p5,recovered,True,10.025242818999999,True
1325,archived_1p0,recovered,True,10.380836951,True
1326,tol_1p0,recovered,True,1.2847751339999998,False
1326,tol_1p5,recovered,True,1.3397522890000002,False
1326,archived_1p0,recovered,True,1.36795716,False
1327,tol_1p0,recovered,True,7.350099473,True
1327,tol_1p5,recovered,True,7.427602691999999,True
1327,archived_1p0,recovered,True,7.268250135000001,True
1328,tol_1p0,recovered,True,1.9036961509999997,True
1328,tol_1p5,recovered,True,1.8162635159999996,True
1328,archived_1p0,recovered,True,1.9570065479999998,True
1329,tol_1p0,recovered,True,1.0000485769999998,False
1329,tol_1p5,recovered,True,0.9676277789999999,False
1329,archived_1p0,recovered,True,1.106288918,False
1330,tol_1p0,recovered,True,5.768527596999999,True
1330,tol_1p5,recovered,True,5.791894193000001,True
1330,archived_1p0,recovered,True,6.007753019000001,True
1331,tol_1p0,recovered,True,3.6941303999999997,True
1331,tol_1p5,recovered,True,3.8850178929999997,True
1331,archived_1p0,recovered,True,4.008400669,True
1332,tol_1p0,recovered,True,1.107948456,False
1332,tol_1p5,recovered,True,1.024454175,False
1332,archived_1p0,recovered,True,1.218034435,False
1333,tol_1p0,recovered,True,2.696973722,True
1333,tol_1p5,recovered,True,2.9173915600000004,True
1333,archived_1p0,recovered,True,2.9998858220000004,True
1334,tol_1p0,recovered,True,3.439123425,True
1334,tol_1p5,recovered,True,3.397279772,True
1334,archived_1p0,recovered,True,3.660441553,True
1335,tol_1p0,recovered,True,1.616625275,True
1335,tol_1p5,recovered,True,1.5553767340000002,True
1335,archived_1p0,recovered,True,1.6468344229999996,True
1336,tol_1p0,recovered,True,1.7875522369999999,True
1336,tol_1p5,recovered,True,1.938960824,True
1336,archived_1p0,recovered,True,2.097452338,True
1337,tol_1p0,recovered,True,1.3395945609999997,False
1337,tol_1p5,recovered,True,1.4849632119999998,False
1337,archived_1p0,recovered,True,1.6921294859999996,False
1338,tol_1p0,recovered,True,1.2382694929999998,False
1338,tol_1p5,recovered,True,1.0162071579999998,False
1338,archived_1p0,recovered,True,1.3400556129999999,False
1339,tol_1p0,recovered,True,3.8783695699999994,True
1339,tol_1p5,recovered,True,3.8574867639999995,True
1339,archived_1p0,recovered,True,3.6387396490000006,True
1340,tol_1p0,recovered,True,1.0116164400000003,False
1340,tol_1p5,recovered,True,1.030051636,False
1340,archived_1p0,recovered,True,1.059968503,False
1341,tol_1p0,recovered,True,0.9928610240000002,False
1341,tol_1p5,recovered,True,0.9934755289999999,False
1341,archived_1p0,recovered,True,0.9267054499999998,False
1342,tol_1p0,recovered,True,1.010746282,False
1342,tol_1p5,recovered,True,0.940777937,False
1342,archived_1p0,recovered,True,0.784200259,False
1343,tol_1p0,recovered,True,1.3419301570000002,False
1343,tol_1p5,recovered,True,1.2530029199999997,False
1343,archived_1p0,recovered,True,1.3825709329999998,False
1344,tol_1p0,recovered,True,1.08355794,False
1344,tol_1p5,recovered,True,1.108098771,False
1344,archived_1p0,recovered,True,1.1733700360000001,False
1345,tol_1p0,recovered,True,0.975326093,False
1345,tol_1p5,recovered,True,0.9318557779999999,False
1345,archived_1p0,recovered,True,1.0141885060000004,False
1346,tol_1p0,recovered,True,1.3239395029999996,False
1346,tol_1p5,recovered,True,1.410481812,False
1346,archived_1p0,recovered,True,1.5575507929999994,False
1347,tol_1p0,recovered,True,1.1164060399999998,False
1347,tol_1p5,recovered,True,1.2399391779999998,False
1347,archived_1p0,recovered,True,1.2429352019999997,False
1348,tol_1p0,recovered,True,1.2076523219999995,False
1348,tol_1p5,recovered,True,1.2304471339999998,False
1348,archived_1p0,recovered,True,1.289945646,False
1349,tol_1p0,recovered,True,3.4209567309999995,True
1349,tol_1p5,recovered,True,2.9917366020000005,True
1349,archived_1p0,recovered,True,3.297295978,True
1350,tol_1p0,recovered,True,7.968908880000001,True
1350,tol_1p5,recovered,True,8.052432315,True
1350,archived_1p0,recovered,True,7.294448730000001,True
1351,tol_1p0,recovered,True,54.354786795,True
1351,tol_1p5,recovered,True,54.263239283999994,True
1351,archived_1p0,recovered,True,55.720945959000005,True
1352,tol_1p0,recovered,True,3.182872555,True
1352,tol_1p5,recovered,True,3.953088417,True
1352,archived_1p0,recovered,True,3.5088354080000004,True
1353,tol_1p0,recovered,True,3.5108957829999996,True
1353,tol_1p5,recovered,True,3.4511976919999996,True
1353,archived_1p0,recovered,True,3.713953295,True
1354,tol_1p0,recovered,True,0.9189363819999999,False
1354,tol_1p5,recovered,True,0.9560315329999999,False
1354,archived_1p0,recovered,True,1.2473836399999998,False
1355,tol_1p0,recovered,True,0.875310448,False
1355,tol_1p5,recovered,True,0.8687588979999998,False
1355,archived_1p0,recovered,True,0.923847222,False
1356,tol_1p0,recovered,True,2.4734708370000003,False
1356,tol_1p5,recovered,True,2.367607513,False
1356,archived_1p0,recovered,True,2.6190074379999997,False
1357,tol_1p0,recovered,True,1.066966167,False
1357,tol_1p5,recovered,True,1.158300597,False
1357,archived_1p0,recovered,True,1.3030800900000001,False
1358,tol_1p0,not_recovered,True,51.21390762,True
1358,tol_1p5,not_recovered,True,51.07038802899999,True
1358,archived_1p0,not_recovered,True,51.258163558,True
1359,tol_1p0,recovered,True,10.808454214,True
1359,tol_1p5,recovered,True,10.642916838000001,True
1359,archived_1p0,recovered,True,10.539415788,True
1360,tol_1p0,recovered,True,14.615948782999997,True
1360,tol_1p5,recovered,True,14.402415492,True
1360,archived_1p0,recovered,True,14.560037318,True
1361,tol_1p0,recovered,True,76.83043162700002,True
1361,tol_1p5,recovered,True,62.789707119,True
1361,archived_1p0,recovered,True,76.13295456700001,True
1362,tol_1p0,recovered,True,22.471182204,True
1362,tol_1p5,recovered,True,22.593810337,True
1362,archived_1p0,recovered,True,22.553044357999998,True
1363,tol_1p0,recovered,True,3.043118011,True
1363,tol_1p5,recovered,True,2.9574811179999996,True
1363,archived_1p0,recovered,True,3.070150794,True
1364,tol_1p0,recovered,True,1.6422927209999996,True
1364,tol_1p5,recovered,True,1.723446592,True
1364,archived_1p0,recovered,True,1.6318599710000001,True
1365,tol_1p0,recovered,True,69.04951901199999,True
1365,tol_1p5,recovered,True,70.695955456,True
1365,archived_1p0,recovered,True,68.74517350900001,True
1366,tol_1p0,recovered,True,2.573981809,True
1366,tol_1p5,recovered,True,2.524272283,True
1366,archived_1p0,recovered,True,2.638551392,True
1367,tol_1p0,recovered,True,2.2060374549999997,True
1367,tol_1p5,recovered,True,2.517122041,True
1367,archived_1p0,recovered,True,2.6058842729999996,True
1368,tol_1p0,recovered,True,14.554641227000001,True
1368,tol_1p5,recovered,True,14.128507578,True
1368,archived_1p0,recovered,True,14.882566161000002,True
1369,tol_1p0,recovered,True,37.439251141999996,True
1369,tol_1p5,recovered,True,37.99728297599999,True
1369,archived_1p0,recovered,True,38.947508635000005,True
1370,tol_1p0,recovered,True,18.197824620000002,True
1370,tol_1p5,recovered,True,17.912279367,True
1370,archived_1p0,recovered,True,17.633389775,True
1371,tol_1p0,recovered,True,5.0803812399999995,True
1371,tol_1p5,recovered,True,5.271619285,True
1371,archived_1p0,recovered,True,5.3161260299999995,True
1372,tol_1p0,recovered,True,14.407677168,True
1372,tol_1p5,recovered,True,14.067365342,True
1372,archived_1p0,recovered,True,14.480199215999999,True
1373,tol_1p0,recovered,True,1.0109651229999999,False
1373,tol_1p5,recovered,True,0.9232785,False
1373,archived_1p0,recovered,True,0.923091562,False
1374,tol_1p0,recovered,True,18.02651209,True
1374,tol_1p5,recovered,True,18.045633879,True
1374,archived_1p0,recovered,True,17.435572943,True
1375,tol_1p0,recovered,True,2.9418547909999995,True
1375,tol_1p5,recovered,True,3.062830986,True
1375,archived_1p0,recovered,True,3.257475711999999,True
1376,tol_1p0,recovered,True,2.227213323999999,True
1376,tol_1p5,recovered,True,2.169660455,True
1376,archived_1p0,recovered,True,2.263415382,True
1377,tol_1p0,not_recovered,True,18.281388692,True
1377,tol_1p5,not_recovered,True,18.194815674,True
1377,archived_1p0,not_recovered,True,17.991594681,True
1378,tol_1p0,recovered,True,10.966503336999999,True
1378,tol_1p5,recovered,True,11.062059907999998,True
1378,archived_1p0,recovered,True,11.480262976999999,True
1379,tol_1p0,recovered,True,7.142454524,True
1379,tol_1p5,recovered,True,7.03581546,True
1379,archived_1p0,recovered,True,7.0357754240000006,True
1380,tol_1p0,recovered,True,28.410331954000004,True
1380,tol_1p5,recovered,True,28.759462752,True
1380,archived_1p0,recovered,True,28.494854165000003,True
1381,tol_1p0,recovered,True,4.295053934,False
1381,tol_1p5,recovered,True,4.205778283000001,False
1381,archived_1p0,recovered,True,4.490062732,False
1382,tol_1p0,recovered,True,8.935424395,True
1382,tol_1p5,recovered,True,8.542333358000002,True
1382,archived_1p0,recovered,True,8.892919871,True
1383,tol_1p0,recovered,True,11.508582548,True
1383,tol_1p5,recovered,True,11.560513601,True
1383,archived_1p0,recovered,True,11.714493252,True
1384,tol_1p0,not_recovered,True,6.752981761000001,True
1384,tol_1p5,not_recovered,True,7.005945336999998,True
1384,archived_1p0,not_recovered,True,6.846497139,True
1385,tol_1p0,recovered,True,8.689632293000003,True
1385,tol_1p5,recovered,True,8.587941908,True
1385,archived_1p0,recovered,True,8.759911696,True
1386,tol_1p0,recovered,True,657.646742763,True
1386,tol_1p5,recovered,True,558.1749033359999,True
1386,archived_1p0,recovered,True,607.3462713449999,True
1387,tol_1p0,recovered,True,62.828055930999994,True
1387,tol_1p5,recovered,True,63.078730492,True
1387,archived_1p0,recovered,True,63.6963588,True
1388,tol_1p0,recovered,True,5.836298681999999,True
1388,tol_1p5,recovered,True,5.774018164,True
1388,archived_1p0,recovered,True,5.991146721,True
1389,tol_1p0,recovered,True,21.577263484,True
1389,tol_1p5,recovered,True,20.537468434000004,True
1389,archived_1p0,recovered,True,21.703595648,True
1390,tol_1p0,recovered,True,7.472150865999999,True
1390,tol_1p5,recovered,True,7.628265915,True
1390,archived_1p0,recovered,True,7.627963524,True
1391,tol_1p0,recovered,True,2.992111399,True
1391,tol_1p5,recovered,True,3.541383947999999,True
1391,archived_1p0,recovered,True,2.9179261629999997,True
1392,tol_1p0,recovered,True,93.63075037099999,True
1392,tol_1p5,recovered,True,90.202931441,True
1392,archived_1p0,recovered,True,92.692322041,True
1393,tol_1p0,recovered,True,7.606984547,True
1393,tol_1p5,recovered,True,7.781698834999999,True
1393,archived_1p0,recovered,True,7.632164124000001,True
1394,tol_1p0,recovered,True,2.209445786,False
1394,tol_1p5,recovered,True,2.357695084,False
1394,archived_1p0,recovered,True,2.533214427,False
1395,tol_1p0,recovered,True,12.623869679999999,True
1395,tol_1p5,recovered,True,11.917939320999999,True
1395,archived_1p0,recovered,True,12.430315871999998,True
1396,tol_1p0,recovered,True,21.227131244000002,True
1396,tol_1p5,recovered,True,21.450887876000007,True
1396,archived_1p0,recovered,True,21.912453858999996,True
1397,tol_1p0,recovered,True,2.615302172,False
1397,tol_1p5,recovered,True,2.701308686,False
1397,archived_1p0,recovered,True,2.979152747,False
1398,tol_1p0,recovered,True,10.308937166,True
1398,tol_1p5,recovered,True,10.067262575,True
1398,archived_1p0,recovered,True,10.786755055,True
1399,tol_1p0,recovered,True,1.9199627160000001,False
1399,tol_1p5,recovered,True,2.1032898689999993,False
1399,archived_1p0,recovered,True,2.232998535,False
1400,tol_1p0,recovered,True,8.566341433000002,True
1400,tol_1p5,recovered,True,8.690277688,True
1400,archived_1p0,recovered,True,9.147786463,True
1401,tol_1p0,recovered,True,5.605388458999999,True
1401,tol_1p5,recovered,True,5.645120298,True
1401,archived_1p0,recovered,True,5.9405573899999995,True
1402,tol_1p0,recovered,True,21.302496567999995,True
1402,tol_1p5,recovered,True,20.670096455000003,True
1402,archived_1p0,recovered,True,22.222039545,True
1403,tol_1p0,recovered,True,10.741210685999999,True
1403,tol_1p5,recovered,True,11.096184140000002,True
1403,archived_1p0,recovered,True,11.554980608000001,True
1404,tol_1p0,recovered,True,47.897002753,True
1404,tol_1p5,recovered,True,48.210098,True
1404,archived_1p0,recovered,True,49.423349519,True
1405,tol_1p0,recovered,True,41.203584273000004,True
1405,tol_1p5,recovered,True,38.799117887,True
1405,archived_1p0,recovered,True,44.80884171299999,True
1406,tol_1p0,recovered,True,13.654560719,True
1406,tol_1p5,recovered,True,23.781032413000002,True
1406,archived_1p0,recovered,True,13.681481217,True
1407,tol_1p0,recovered,True,4.588455111000001,True
1407,tol_1p5,recovered,True,10.164870612,True
1407,archived_1p0,recovered,True,4.299829861999999,True
1408,tol_1p0,recovered,True,14.797179516999998,True
1408,tol_1p5,recovered,True,19.675553448000002,True
1408,archived_1p0,recovered,True,15.198903108,True
1409,tol_1p0,recovered,True,135.93588097600002,True
1409,tol_1p5,recovered,True,128.890413579,True
1409,archived_1p0,recovered,True,128.393239594,True
1410,tol_1p0,recovered,True,70.566209585,True
1410,tol_1p5,recovered,True,67.603726323,True
1410,archived_1p0,recovered,True,66.489162395,True
1411,tol_1p0,recovered,True,6.117371944,True
1411,tol_1p5,recovered,True,6.309095952000001,True
1411,archived_1p0,recovered,True,6.238811684,True
1412,tol_1p0,recovered,True,21.126833152000003,True
1412,tol_1p5,recovered,True,20.514706292,True
1412,archived_1p0,recovered,True,20.173021859000002,True
1413,tol_1p0,recovered,True,32.778185522,True
1413,tol_1p5,recovered,True,33.755189359,True
1413,archived_1p0,recovered,True,32.425474672,True
1414,tol_1p0,recovered,True,36.009186108,True
1414,tol_1p5,recovered,True,35.378577487,True
1414,archived_1p0,recovered,True,35.92503370200001,True
1415,tol_1p0,recovered,True,7.907310199,True
1415,tol_1p5,recovered,True,7.9629188410000005,True
1415,archived_1p0,recovered,True,7.798104823000001,True
1416,tol_1p0,recovered,True,3.320890178,True
1416,tol_1p5,recovered,True,2.9935743610000003,True
1416,archived_1p0,recovered,True,3.3285116610000003,True
1417,tol_1p0,recovered,True,1.3627038369999998,False
1417,tol_1p5,recovered,True,1.382419101,False
1417,archived_1p0,recovered,True,1.5416689169999997,False
1418,tol_1p0,recovered,True,6.184483489,True
1418,tol_1p5,recovered,True,6.131827780999999,True
1418,archived_1p0,recovered,True,6.185296919000001,True
1419,tol_1p0,recovered,True,50.15157003099999,True
1419,tol_1p5,recovered,True,49.580955599999996,True
1419,archived_1p0,recovered,True,50.428208692,True
1420,tol_1p0,recovered,True,7.580176644,True
1420,tol_1p5,recovered,True,7.499607664999999,True
1420,archived_1p0,recovered,True,7.483704435999999,True
1421,tol_1p0,recovered,True,4.2569244180000005,True
1421,tol_1p5,recovered,True,4.21081163,True
1421,archived_1p0,recovered,True,4.2493285279999995,True
1422,tol_1p0,recovered,True,6.029166739,True
1422,tol_1p5,recovered,True,6.087549459,True
1422,archived_1p0,recovered,True,5.950006981,True
1423,tol_1p0,recovered,True,3.9194627090000003,True
1423,tol_1p5,recovered,True,3.9621189909999996,True
1423,archived_1p0,recovered,True,4.016872393000001,True
1424,tol_1p0,recovered,True,15.594505035,True
1424,tol_1p5,recovered,True,14.799530288000001,True
1424,archived_1p0,recovered,True,15.929450833,True
1425,tol_1p0,recovered,True,5.194284357,True
1425,tol_1p5,recovered,True,5.261973669,True
1425,archived_1p0,recovered,True,5.292638838,True
1426,tol_1p0,recovered,True,15.143589235,True
1426,tol_1p5,recovered,True,14.467479571999998,True
1426,archived_1p0,recovered,True,14.473496165,True
1427,tol_1p0,recovered,True,1.7445091319999997,True
1427,tol_1p5,recovered,True,1.736486975,True
1427,archived_1p0,recovered,True,1.858125691,True
1428,tol_1p0,recovered,True,3.049148647,True
1428,tol_1p5,recovered,True,3.0354386510000007,True
1428,archived_1p0,recovered,True,3.263847271,True
1429,tol_1p0,recovered,True,49.891631047000004,True
1429,tol_1p5,recovered,True,51.796057386,True
1429,archived_1p0,recovered,True,49.965709425,True
1430,tol_1p0,recovered,True,18.159126751000002,True
1430,tol_1p5,recovered,True,18.938580400000003,True
1430,archived_1p0,recovered,True,19.272313222999998,True
1431,tol_1p0,recovered,True,2.237710901,True
1431,tol_1p5,recovered,True,2.1756116419999993,True
1431,archived_1p0,recovered,True,2.538370259,True
1432,tol_1p0,recovered,True,14.723041389999999,True
1432,tol_1p5,recovered,True,14.868252007,True
1432,archived_1p0,recovered,True,14.451051657,True
1433,tol_1p0,recovered,True,13.597951487000001,True
1433,tol_1p5,recovered,True,13.516777156000002,True
1433,archived_1p0,recovered,True,13.627818555,True
1434,tol_1p0,recovered,True,5.730548499,True
1434,tol_1p5,recovered,True,5.698368918999999,True
1434,archived_1p0,recovered,True,5.62314996,True
1435,tol_1p0,recovered,True,4.017516551,True
1435,tol_1p5,recovered,True,4.012130529999999,True
1435,archived_1p0,recovered,True,4.0454416040000005,True
1436,tol_1p0,recovered,True,8.730259163,True
1436,tol_1p5,recovered,True,8.723621826999999,True
1436,archived_1p0,recovered,True,8.912336326,True
1437,tol_1p0,recovered,True,4.511170828999999,True
1437,tol_1p5,recovered,True,4.380886241,True
1437,archived_1p0,recovered,True,4.710071282,True
1438,tol_1p0,recovered,True,4.475708199,True
1438,tol_1p5,recovered,True,4.695535631,True
1438,archived_1p0,recovered,True,4.482069352999999,True
1439,tol_1p0,recovered,True,8.687720633,True
1439,tol_1p5,recovered,True,8.363475765,True
1439,archived_1p0,recovered,True,8.909091669999999,True
1440,tol_1p0,recovered,True,4.428486103000001,True
1440,tol_1p5,recovered,True,4.5310837059999995,True
1440,archived_1p0,recovered,True,4.733846139000001,True
1441,tol_1p0,recovered,True,11.540091405000002,True
1441,tol_1p5,recovered,True,11.628227885000001,True
1441,archived_1p0,recovered,True,11.67079649,True
1442,tol_1p0,recovered,True,8.540162585,True
1442,tol_1p5,recovered,True,8.329042911,True
1442,archived_1p0,recovered,True,8.503340979,True
1443,tol_1p0,recovered,True,11.758694080999998,True
1443,tol_1p5,recovered,True,11.561140656,True
1443,archived_1p0,recovered,True,11.620465276,True
1444,tol_1p0,recovered,True,19.916412930999996,True
1444,tol_1p5,recovered,True,19.744929016,True
1444,archived_1p0,recovered,True,19.870999247999997,True
1445,tol_1p0,recovered,True,20.156922181999995,True
1445,tol_1p5,recovered,True,21.243676041000004,True
1445,archived_1p0,recovered,True,21.326406372999998,True
1446,tol_1p0,recovered,True,8.620530057,True
1446,tol_1p5,recovered,True,9.025808263,True
1446,archived_1p0,recovered,True,8.783109945,True
1447,tol_1p0,recovered,True,8.529213558999999,True
1447,tol_1p5,recovered,True,8.300913083,True
1447,archived_1p0,recovered,True,8.70224629,True
1448,tol_1p0,recovered,True,3.5811777789999995,True
1448,tol_1p5,recovered,True,3.5037844290000004,True
1448,archived_1p0,recovered,True,3.62321558,True
1449,tol_1p0,recovered,True,1.481373941,False
1449,tol_1p5,recovered,True,1.525087701,False
1449,archived_1p0,recovered,True,1.9029030030000003,False
1450,tol_1p0,recovered,True,2.0599143339999997,True
1450,tol_1p5,recovered,True,2.103963063,True
1450,archived_1p0,recovered,True,2.3149166009999997,True
1451,tol_1p0,recovered,True,33.443004765000005,True
1451,tol_1p5,recovered,True,31.395069390000003,True
1451,archived_1p0,recovered,True,32.45298699600001,True
1452,tol_1p0,recovered,True,8.080627783,True
1452,tol_1p5,recovered,True,8.20193721,True
1452,archived_1p0,recovered,True,8.609870831,True
1453,tol_1p0,recovered,True,79.501657876,True
1453,tol_1p5,recovered,True,80.53198570400001,True
1453,archived_1p0,recovered,True,82.019716794,True
1454,tol_1p0,recovered,True,47.553191528,True
1454,tol_1p5,recovered,True,47.364444747,True
1454,archived_1p0,recovered,True,46.777314747999995,True
1455,tol_1p0,recovered,True,8.610546671000002,True
1455,tol_1p5,recovered,True,8.565238366000003,True
1455,archived_1p0,recovered,True,8.608880956,True
1456,tol_1p0,recovered,True,12.822128521000002,True
1456,tol_1p5,recovered,True,12.798109958,True
1456,archived_1p0,recovered,True,13.122496357,True
1457,tol_1p0,recovered,True,1.235709586,False
1457,tol_1p5,recovered,True,1.2463952479999996,False
1457,archived_1p0,recovered,True,1.286375649,False
1458,tol_1p0,recovered,True,1.7203531059999997,True
1458,tol_1p5,recovered,True,1.5904127840000002,True
1458,archived_1p0,recovered,True,1.7827831529999996,True
1459,tol_1p0,recovered,True,7.480273082,True
1459,tol_1p5,recovered,True,7.7898857119999985,True
1459,archived_1p0,recovered,True,7.39984392,True
1460,tol_1p0,recovered,True,8.744857459,True
1460,tol_1p5,recovered,True,8.98485658,True
1460,archived_1p0,recovered,True,8.767255132999999,True
1461,tol_1p0,recovered,True,7.080295593999999,True
1461,tol_1p5,recovered,True,7.0035249010000005,True
1461,archived_1p0,recovered,True,7.228570561,True
1462,tol_1p0,recovered,True,25.950890867,True
1462,tol_1p5,recovered,True,25.749688568000007,True
1462,archived_1p0,recovered,True,24.927783247999997,True
1463,tol_1p0,recovered,True,13.972599805999998,True
1463,tol_1p5,recovered,True,13.832202568,True
1463,archived_1p0,recovered,True,13.973378561,True
1464,tol_1p0,recovered,True,10.230698947999999,True
1464,tol_1p5,recovered,True,10.464638058000002,True
1464,archived_1p0,recovered,True,10.493532968000002,True
1465,tol_1p0,recovered,True,14.307522396,True
1465,tol_1p5,recovered,True,14.206941099000002,True
1465,archived_1p0,recovered,True,14.953129726,True
1466,tol_1p0,recovered,True,12.637447185,True
1466,tol_1p5,recovered,True,12.676067291999997,True
1466,archived_1p0,recovered,True,12.590329981,True
1467,tol_1p0,recovered,True,32.909187355,True
1467,tol_1p5,recovered,True,33.024310091000004,True
1467,archived_1p0,recovered,True,32.570625125,True
1468,tol_1p0,recovered,True,3.688619837,True
1468,tol_1p5,recovered,True,3.9736664350000006,True
1468,archived_1p0,recovered,True,3.7395407310000004,True
1469,tol_1p0,recovered,True,12.260103842,True
1469,tol_1p5,recovered,True,12.488003156,True
1469,archived_1p0,recovered,True,12.922392804000001,True
1470,tol_1p0,recovered,True,2.610176355,True
1470,tol_1p5,recovered,True,2.5575352540000003,True
1470,archived_1p0,recovered,True,2.630489789,True
1471,tol_1p0,recovered,True,1.84748123,True
1471,tol_1p5,recovered,True,1.802465707,True
1471,archived_1p0,recovered,True,1.9512539230000003,True
1472,tol_1p0,recovered,True,5.558474957,True
1472,tol_1p5,recovered,True,5.349180185,True
1472,archived_1p0,recovered,True,5.75385831,True
1473,tol_1p0,recovered,True,10.956026936,True
1473,tol_1p5,recovered,True,11.292390192,True
1473,archived_1p0,recovered,True,11.102060218,True
1474,tol_1p0,recovered,True,2.1705383210000004,True
1474,tol_1p5,recovered,True,2.160539722,True
1474,archived_1p0,recovered,True,2.380598221,True
1475,tol_1p0,not_recovered,True,7.6014532159999995,True
1475,tol_1p5,not_recovered,True,7.898478782999999,True
1475,archived_1p0,not_recovered,True,7.830934293,True
1476,tol_1p0,recovered,True,2.3048673959999997,True
1476,tol_1p5,recovered,True,2.3075191439999996,True
1476,archived_1p0,recovered,True,2.436957068,True
1477,tol_1p0,recovered,True,5.539373203,True
1477,tol_1p5,recovered,True,5.545696748000001,True
1477,archived_1p0,recovered,True,5.622037887,True
1478,tol_1p0,recovered,True,47.542503870000004,True
1478,tol_1p5,recovered,True,48.577346531,True
1478,archived_1p0,recovered,True,46.539568098000004,True
1479,tol_1p0,recovered,True,3.059204454,True
1479,tol_1p5,recovered,True,2.016069693,True
1479,archived_1p0,recovered,True,3.162220221,True
1480,tol_1p0,recovered,True,16.170020747000002,True
1480,tol_1p5,recovered,True,12.689449296999998,True
1480,archived_1p0,recovered,True,16.145080225,True
1481,tol_1p0,recovered,True,6.248948592,True
1481,tol_1p5,recovered,True,4.878045614000001,True
1481,archived_1p0,recovered,True,6.308406387,True
1482,tol_1p0,recovered,True,3.191430552,True
1482,tol_1p5,recovered,True,3.070266397,True
1482,archived_1p0,recovered,True,3.21636605,True
1483,tol_1p0,recovered,True,32.478533376,True
1483,tol_1p5,recovered,True,32.42158439400001,True
1483,archived_1p0,recovered,True,32.633274505,True
1484,tol_1p0,recovered,True,16.160011414,True
1484,tol_1p5,recovered,True,16.338821656,True
1484,archived_1p0,recovered,True,16.821967215,True
1485,tol_1p0,recovered,True,4.394347121000001,True
1485,tol_1p5,recovered,True,4.351598924,True
1485,archived_1p0,recovered,True,4.602824802,True
1486,tol_1p0,recovered,True,6.440587670000001,True
1486,tol_1p5,recovered,True,6.475175823,True
1486,archived_1p0,recovered,True,6.451852701,True
1487,tol_1p0,recovered,True,3.453710319,True
1487,tol_1p5,recovered,True,3.5442645759999993,True
1487,archived_1p0,recovered,True,3.8129268410000003,True
1488,tol_1p0,recovered,True,33.775950468999994,True
1488,tol_1p5,recovered,True,35.63652642299999,True
1488,archived_1p0,recovered,True,34.477432978,True
1489,tol_1p0,recovered,True,11.638573303000001,True
1489,tol_1p5,recovered,True,11.128473754000002,True
1489,archived_1p0,recovered,True,11.600008489,True
1490,tol_1p0,recovered,True,27.480442517,True
1490,tol_1p5,recovered,True,27.507675145,True
1490,archived_1p0,recovered,True,26.639588517,True
1491,tol_1p0,recovered,True,14.800508524,True
1491,tol_1p5,recovered,True,13.572538542,True
1491,archived_1p0,recovered,True,15.072968368999998,True
1492,tol_1p0,recovered,True,8.522734312,True
1492,tol_1p5,recovered,True,5.927399818,True
1492,archived_1p0,recovered,True,8.881467158,True
1493,tol_1p0,recovered,True,63.629653616,True
1493,tol_1p5,recovered,True,78.57032112599998,True
1493,archived_1p0,recovered,True,65.4520889,True
1494,tol_1p0,recovered,True,2.497507813,True
1494,tol_1p5,recovered,True,2.358948405,True
1494,archived_1p0,recovered,True,2.675698806,True
1495,tol_1p0,recovered,True,11.290189811,True
1495,tol_1p5,recovered,True,11.034789653000002,True
1495,archived_1p0,recovered,True,10.343518108000001,True
1496,tol_1p0,recovered,True,2.1736337169999995,True
1496,tol_1p5,recovered,True,1.9898571169999997,True
1496,archived_1p0,recovered,True,2.2212350400000003,True
1497,tol_1p0,recovered,True,5.43575279,True
1497,tol_1p5,recovered,True,5.383040046,True
1497,archived_1p0,recovered,True,5.35809606,True
1498,tol_1p0,recovered,True,1.070561728,False
1498,tol_1p5,recovered,True,1.106151039,False
1498,archived_1p0,recovered,True,1.134413668,False
1499,tol_1p0,recovered,True,1.644458615,False
1499,tol_1p5,recovered,True,1.571420533,False
1499,archived_1p0,recovered,True,1.628613822,False
1500,tol_1p0,recovered,True,4.484019309999999,True
1500,tol_1p5,recovered,True,4.528779889,True
1500,archived_1p0,recovered,True,4.730263278,True
1501,tol_1p0,recovered,True,8.97965482,True
1501,tol_1p5,recovered,True,8.903099863,True
1501,archived_1p0,recovered,True,8.697061161,True
1502,tol_1p0,recovered,True,9.632874730000001,True
1502,tol_1p5,recovered,True,9.666347038000001,True
1502,archived_1p0,recovered,True,10.096230651,True
1503,tol_1p0,recovered,True,131.668144515,True
1503,tol_1p5,recovered,True,121.84325885799998,True
1503,archived_1p0,recovered,True,132.149150321,True
1504,tol_1p0,recovered,True,145.142928719,True
1504,tol_1p5,recovered,True,152.52577031599998,True
1504,archived_1p0,recovered,True,140.01685199000002,True
1505,tol_1p0,recovered,True,3.7288232569999997,True
1505,tol_1p5,recovered,True,3.820176893,True
1505,archived_1p0,recovered,True,3.957074791,True
1506,tol_1p0,recovered,True,2.344304543,False
1506,tol_1p5,recovered,True,2.121352873,False
1506,archived_1p0,recovered,True,2.3257239699999994,False
1507,tol_1p0,recovered,True,1.9306643820000002,True
1507,tol_1p5,recovered,True,1.9635424719999999,True
1507,archived_1p0,recovered,True,1.959662476,True
1508,tol_1p0,recovered,True,3.2921239719999997,True
1508,tol_1p5,recovered,True,3.3580492299999998,True
1508,archived_1p0,recovered,True,3.3261556530000007,True
1509,tol_1p0,recovered,True,40.119123218,True
1509,tol_1p5,recovered,True,39.049843588,True
1509,archived_1p0,recovered,True,40.470136073,True
1510,tol_1p0,recovered,True,5.0716169099999995,True
1510,tol_1p5,recovered,True,4.926111252,True
1510,archived_1p0,recovered,True,4.9511245420000005,True
1511,tol_1p0,recovered,True,5.500298497,True
1511,tol_1p5,recovered,True,5.3218617550000005,True
1511,archived_1p0,recovered,True,5.429969077999999,True
1512,tol_1p0,recovered,True,18.806884936000003,True
1512,tol_1p5,recovered,True,18.380302305,True
1512,archived_1p0,recovered,True,18.475527248,True
1513,tol_1p0,recovered,True,13.976857330000001,True
1513,tol_1p5,recovered,True,13.670699254999999,True
1513,archived_1p0,recovered,True,13.77820573,True
1514,tol_1p0,recovered,True,14.73292911,True
1514,tol_1p5,recovered,True,15.811800101,True
1514,archived_1p0,recovered,True,15.521049635999997,True
1515,tol_1p0,recovered,True,7.849792679,True
1515,tol_1p5,recovered,True,7.720147424000001,True
1515,archived_1p0,recovered,True,8.137710363000002,True
1516,tol_1p0,recovered,True,43.321532388,True
1516,tol_1p5,recovered,True,38.685947725,True
1516,archived_1p0,recovered,True,44.587875306,True
1517,tol_1p0,recovered,True,16.677489732999998,True
1517,tol_1p5,not_recovered,True,15.148736878,True
1517,archived_1p0,recovered,True,17.384817379999998,True
1518,tol_1p0,recovered,True,25.788870526999997,True
1518,tol_1p5,recovered,True,26.913439886,True
1518,archived_1p0,recovered,True,26.268854566,True
1519,tol_1p0,recovered,True,14.069939010000002,True
1519,tol_1p5,recovered,True,13.189797711,True
1519,archived_1p0,recovered,True,14.195459545999999,True
1520,tol_1p0,recovered,True,20.65584143,True
1520,tol_1p5,recovered,True,21.387391317,True
1520,archived_1p0,recovered,True,21.579107397,True
1521,tol_1p0,recovered,True,1.33131554,False
1521,tol_1p5,recovered,True,1.371475195,False
1521,archived_1p0,recovered,True,1.7115745,False
1522,tol_1p0,recovered,True,16.514265249,True
1522,tol_1p5,recovered,True,16.792213314,True
1522,archived_1p0,recovered,True,16.617492321,True
1523,tol_1p0,recovered,True,22.315660412000003,True
1523,tol_1p5,recovered,True,21.452859801000002,True
1523,archived_1p0,recovered,True,22.289054249,True
1524,tol_1p0,recovered,True,7.4723964930000015,True
1524,tol_1p5,recovered,True,7.3817459780000005,True
1524,archived_1p0,recovered,True,7.780830331999999,True
1525,tol_1p0,recovered,True,11.367193852,True
1525,tol_1p5,recovered,True,11.231463112,True
1525,archived_1p0,recovered,True,11.141288141,True
1526,tol_1p0,recovered,True,12.882383134000001,True
1526,tol_1p5,recovered,True,13.226644408999999,True
1526,archived_1p0,recovered,True,13.485802863,True
1527,tol_1p0,recovered,True,13.687692828000001,True
1527,tol_1p5,recovered,True,12.116864072000002,True
1527,archived_1p0,recovered,True,13.47984785,True
1528,tol_1p0,recovered,True,10.718972268999998,True
1528,tol_1p5,recovered,True,9.606184526,True
1528,archived_1p0,recovered,True,10.778994626,True
1529,tol_1p0,recovered,True,12.303955211,True
1529,tol_1p5,recovered,True,10.996624229999998,True
1529,archived_1p0,recovered,True,12.209575273999999,True
1530,tol_1p0,recovered,True,17.731490903,True
1530,tol_1p5,recovered,True,18.029214179,True
1530,archived_1p0,recovered,True,18.082501092999998,True
1531,tol_1p0,recovered,True,6.853101013,True
1531,tol_1p5,recovered,True,6.783419531999999,True
1531,archived_1p0,recovered,True,6.930059723000001,True
1532,tol_1p0,recovered,True,10.244174261,True
1532,tol_1p5,recovered,True,9.200971258000001,True
1532,archived_1p0,recovered,True,10.800200005999997,True
1533,tol_1p0,recovered,True,18.621129345999996,True
1533,tol_1p5,recovered,True,17.484840054000003,True
1533,archived_1p0,recovered,True,19.647113350999998,True
1534,tol_1p0,recovered,True,14.794261781999998,True
1534,tol_1p5,recovered,True,12.904807529,True
1534,archived_1p0,recovered,True,14.932276562999999,True
1535,tol_1p0,recovered,True,19.503358634,True
1535,tol_1p5,recovered,True,20.277816702000003,True
1535,archived_1p0,recovered,True,20.321820377,True
1536,tol_1p0,recovered,True,14.424106157999999,True
1536,tol_1p5,recovered,True,14.741325216,True
1536,archived_1p0,recovered,True,14.51003758,True
1537,tol_1p0,recovered,True,3.995825346,True
1537,tol_1p5,recovered,True,4.2458225249999995,True
1537,archived_1p0,recovered,True,4.345191778999999,True
1538,tol_1p0,recovered,True,5.022625103,True
1538,tol_1p5,recovered,True,4.967680859999999,True
1538,archived_1p0,recovered,True,4.933495308000001,True
1539,tol_1p0,recovered,True,9.987468837999998,True
1539,tol_1p5,recovered,True,9.657256379,True
1539,archived_1p0,recovered,True,9.827741383,True
1540,tol_1p0,recovered,True,2.9791278389999998,True
1540,tol_1p5,recovered,True,2.1699960189999996,True
1540,archived_1p0,recovered,True,3.2195176549999998,True
1541,tol_1p0,recovered,True,2.7301220180000003,True
1541,tol_1p5,recovered,True,2.6152047319999996,True
1541,archived_1p0,recovered,True,2.655591077,True
1542,tol_1p0,recovered,True,3.130277752,True
1542,tol_1p5,recovered,True,3.198389133,True
1542,archived_1p0,recovered,True,3.258656397,True
1543,tol_1p0,recovered,True,2.8252250400000003,True
1543,tol_1p5,recovered,True,2.81245447,True
1543,archived_1p0,recovered,True,3.052711578,True
1544,tol_1p0,recovered,True,7.979427963000001,True
1544,tol_1p5,recovered,True,8.289245611,True
1544,archived_1p0,recovered,True,8.232909867,True
1545,tol_1p0,recovered,True,35.791608693,True
1545,tol_1p5,recovered,True,35.216273194,True
1545,archived_1p0,recovered,True,37.217488187,True
1546,tol_1p0,recovered,True,54.22325609,True
1546,tol_1p5,recovered,True,52.336410858,True
1546,archived_1p0,recovered,True,52.639884016,True
1547,tol_1p0,recovered,True,132.08176033400002,True
1547,tol_1p5,recovered,True,133.460080213,True
1547,archived_1p0,recovered,True,130.515762007,True
1548,tol_1p0,recovered,True,17.308350485000002,True
1548,tol_1p5,recovered,True,17.474479572,True
1548,archived_1p0,recovered,True,17.535027767000003,True
1549,tol_1p0,recovered,True,1.921802831,True
1549,tol_1p5,recovered,True,1.755087986,True
1549,archived_1p0,recovered,True,2.05636497,True
1550,tol_1p0,recovered,True,13.993815118999999,True
1550,tol_1p5,recovered,True,11.581764045,True
1550,archived_1p0,recovered,True,14.010708378,True
1551,tol_1p0,recovered,True,3.612732606,True
1551,tol_1p5,recovered,True,3.69011157,True
1551,archived_1p0,recovered,True,3.703037726999999,True
1552,tol_1p0,recovered,True,4.90933702,True
1552,tol_1p5,recovered,True,4.734573920000001,True
1552,archived_1p0,recovered,True,5.000470591999999,True
1553,tol_1p0,not_recovered,True,5.264844007,True
1553,tol_1p5,not_recovered,True,5.145383209,True
1553,archived_1p0,not_recovered,True,5.467876683000001,True
1554,tol_1p0,recovered,True,8.281688896999999,True
1554,tol_1p5,recovered,True,8.434889758,True
1554,archived_1p0,recovered,True,9.841223057,True
1555,tol_1p0,recovered,True,2.4104539759999994,True
1555,tol_1p5,recovered,True,2.405781378,True
1555,archived_1p0,recovered,True,2.5894501759999997,True
1556,tol_1p0,recovered,True,5.051865543,True
1556,tol_1p5,recovered,True,5.201287374,True
1556,archived_1p0,recovered,True,5.261858736000001,True
1557,tol_1p0,recovered,True,4.929963572,True
1557,tol_1p5,recovered,True,5.007308309999999,True
1557,archived_1p0,recovered,True,5.311375078,True
1558,tol_1p0,recovered,True,66.06946632600001,True
1558,tol_1p5,recovered,True,66.561508257,True
1558,archived_1p0,recovered,True,67.68619048900001,True
1559,tol_1p0,recovered,True,48.46332412599999,True
1559,tol_1p5,recovered,True,49.390434855,True
1559,archived_1p0,recovered,True,48.005516472,True
1560,tol_1p0,recovered,True,19.578040349,True
1560,tol_1p5,recovered,True,19.480458812000002,True
1560,archived_1p0,recovered,True,19.78276578,True
1561,tol_1p0,recovered,True,218.18878478699997,True
1561,tol_1p5,recovered,True,218.29676604899998,True
1561,archived_1p0,recovered,True,241.88654501700003,True
1562,tol_1p0,recovered,True,22.215252958,True
1562,tol_1p5,recovered,True,20.924986876000002,True
1562,archived_1p0,recovered,True,22.727156434,True
1563,tol_1p0,recovered,True,20.801609915,True
1563,tol_1p5,recovered,True,21.455253405999997,True
1563,archived_1p0,recovered,True,20.760472339000003,True
1564,tol_1p0,recovered,True,20.374209472,True
1564,tol_1p5,recovered,True,20.133581569,True
1564,archived_1p0,recovered,True,20.441512799999998,True
1565,tol_1p0,recovered,True,10.775751354,True
1565,tol_1p5,recovered,True,10.018983001000002,True
1565,archived_1p0,recovered,True,10.444311751999999,True
1566,tol_1p0,recovered,True,6.455774765999999,True
1566,tol_1p5,recovered,True,6.3233335010000005,True
1566,archived_1p0,recovered,True,6.451742824,True
1567,tol_1p0,recovered,True,75.46688498599998,True
1567,tol_1p5,recovered,True,76.356460605,True
1567,archived_1p0,recovered,True,73.168252496,True
1568,tol_1p0,not_recovered,True,35.686468495999996,True
1568,tol_1p5,not_recovered,True,36.655117433,True
1568,archived_1p0,not_recovered,True,35.976996138,True
1569,tol_1p0,recovered,True,9.497739760000002,True
1569,tol_1p5,recovered,True,9.62408473,True
1569,archived_1p0,recovered,True,9.956515781,True
1570,tol_1p0,recovered,True,19.719795310000002,True
1570,tol_1p5,recovered,True,18.731565619999998,True
1570,archived_1p0,recovered,True,19.110608083000002,True
1571,tol_1p0,recovered,True,3.249107049,True
1571,tol_1p5,recovered,True,3.653801564,True
1571,archived_1p0,recovered,True,3.4467096,True
1572,tol_1p0,recovered,True,2.6485871359999997,True
1572,tol_1p5,recovered,True,2.748547073,True
1572,archived_1p0,recovered,True,2.83815875,True
1573,tol_1p0,recovered,True,3.2085704549999994,True
1573,tol_1p5,recovered,True,3.1807811939999997,True
1573,archived_1p0,recovered,True,3.235674199,True
1574,tol_1p0,recovered,True,8.506703393999999,True
1574,tol_1p5,recovered,True,7.1048714639999995,True
1574,archived_1p0,recovered,True,8.600169041,True
1575,tol_1p0,recovered,True,5.321247295999999,True
1575,tol_1p5,recovered,True,5.088058880999999,True
1575,archived_1p0,recovered,True,5.492754874,True
1576,tol_1p0,recovered,True,7.140814589,True
1576,tol_1p5,recovered,True,7.260287556,True
1576,archived_1p0,recovered,True,7.6172117319999995,True
1577,tol_1p0,recovered,True,50.234601221000005,True
1577,tol_1p5,recovered,True,49.53185717699999,True
1577,archived_1p0,recovered,True,48.921433293999996,True
1578,tol_1p0,recovered,True,19.035422925000002,True
1578,tol_1p5,recovered,True,19.649913008,True
1578,archived_1p0,recovered,True,19.685574636,True
1579,tol_1p0,recovered,True,3.597173985,True
1579,tol_1p5,recovered,True,3.8355083739999998,True
1579,archived_1p0,recovered,True,3.680775053,True
1580,tol_1p0,recovered,True,1.171467787,False
1580,tol_1p5,recovered,True,1.3383431599999995,False
1580,archived_1p0,recovered,True,1.3442030409999997,False
1581,tol_1p0,recovered,True,23.217133915999998,True
1581,tol_1p5,recovered,True,25.205259997000002,True
1581,archived_1p0,recovered,True,25.237573693999998,True
1582,tol_1p0,recovered,True,9.548305786,True
1582,tol_1p5,recovered,True,9.023985946,True
1582,archived_1p0,recovered,True,9.418824165,True
1583,tol_1p0,recovered,True,2.4147488819999996,True
1583,tol_1p5,recovered,True,2.2852514,True
1583,archived_1p0,recovered,True,2.466831977,True
1584,tol_1p0,recovered,True,28.572485036000003,True
1584,tol_1p5,recovered,True,28.424062535000004,True
1584,archived_1p0,recovered,True,27.968365947,True
1585,tol_1p0,recovered,True,40.914999832,True
1585,tol_1p5,recovered,True,41.493817531,True
1585,archived_1p0,recovered,True,39.932640361000004,True
1586,tol_1p0,recovered,True,149.311024125,True
1586,tol_1p5,recovered,True,142.329034171,True
1586,archived_1p0,recovered,True,158.61452960000003,True
1587,tol_1p0,recovered,True,19.111303354,False
1587,tol_1p5,recovered,True,18.736154166,False
1587,archived_1p0,recovered,True,20.233533617000003,False
1588,tol_1p0,recovered,True,4.747043887999999,False
1588,tol_1p5,recovered,True,4.935601011,False
1588,archived_1p0,recovered,True,4.754556213999999,False
1589,tol_1p0,recovered,True,5.303376625,True
1589,tol_1p5,recovered,True,5.1174014,True
1589,archived_1p0,recovered,True,5.1228679669999995,True
1590,tol_1p0,recovered,True,11.908888726999999,True
1590,tol_1p5,recovered,True,11.525918196,True
1590,archived_1p0,recovered,True,11.989471894000001,True
1591,tol_1p0,recovered,True,24.171408672000002,True
1591,tol_1p5,recovered,True,24.548900048,True
1591,archived_1p0,recovered,True,24.345776182999998,True
1592,tol_1p0,recovered,True,71.03678694,True
1592,tol_1p5,recovered,True,71.051604736,True
1592,archived_1p0,recovered,True,69.286089877,True
1593,tol_1p0,recovered,True,9.263193977,True
1593,tol_1p5,recovered,True,8.980130678999998,True
1593,archived_1p0,recovered,True,9.376892901,True
1594,tol_1p0,recovered,True,1.5326087399999997,False
1594,tol_1p5,recovered,True,1.5024858989999998,False
1594,archived_1p0,recovered,True,1.515279378,False
1595,tol_1p0,recovered,True,2.071685131,False
1595,tol_1p5,recovered,True,2.037896662,False
1595,archived_1p0,recovered,True,2.121800896,False
1596,tol_1p0,recovered,True,1.33131896,False
1596,tol_1p5,recovered,True,1.44065031,False
1596,archived_1p0,recovered,True,1.3861073240000001,False
1597,tol_1p0,recovered,True,7.145407312000001,True
1597,tol_1p5,recovered,True,6.944986124,True
1597,archived_1p0,recovered,True,7.200647918,True
1598,tol_1p0,recovered,True,1.5000820139999997,False
1598,tol_1p5,recovered,True,1.420519365,False
1598,archived_1p0,recovered,True,1.5482879489999999,False
1599,tol_1p0,recovered,True,52.55751105399999,True
1599,tol_1p5,unknown,True,76.145936583,True
1599,archived_1p0,recovered,True,50.917686548999995,True
1600,tol_1p0,recovered,True,6.932274807999999,True
1600,tol_1p5,recovered,True,7.439421165,True
1600,archived_1p0,recovered,True,7.672077107000002,True
1601,tol_1p0,recovered,True,2.6656466950000004,True
1601,tol_1p5,recovered,True,2.560756831,True
1601,archived_1p0,recovered,True,2.803768259,True
1602,tol_1p0,recovered,True,2.164833665,False
1602,tol_1p5,recovered,True,2.2134450279999998,False
1602,archived_1p0,recovered,True,2.2396664869999996,False
1603,tol_1p0,recovered,True,3.785227419,True
1603,tol_1p5,recovered,True,3.7107789060000007,True
1603,archived_1p0,recovered,True,3.7761635439999996,True
1604,tol_1p0,recovered,True,5.147864975999999,True
1604,tol_1p5,recovered,True,5.3139761729999995,True
1604,archived_1p0,recovered,True,5.871947463,True
1605,tol_1p0,recovered,True,6.944887311999999,True
1605,tol_1p5,recovered,True,7.223026778000001,True
1605,archived_1p0,recovered,True,7.314224986000002,True
1606,tol_1p0,recovered,True,187.14154124200002,True
1606,tol_1p5,recovered,True,187.013129321,True
1606,archived_1p0,recovered,True,205.669264875,True
1607,tol_1p0,recovered,True,19.078417777,True
1607,tol_1p5,recovered,True,18.735958128999997,True
1607,archived_1p0,recovered,True,19.369563685000003,True
1608,tol_1p0,recovered,True,3.176704994,True
1608,tol_1p5,recovered,True,3.4032615230000003,True
1608,archived_1p0,recovered,True,3.680199121,True
1609,tol_1p0,recovered,True,6.665352688999999,True
1609,tol_1p5,recovered,True,6.759819414000001,True
1609,archived_1p0,recovered,True,6.6519071599999995,True
1610,tol_1p0,recovered,True,11.215778607999999,True
1610,tol_1p5,recovered,True,12.032357294999997,True
1610,archived_1p0,recovered,True,12.027962321,True
1611,tol_1p0,recovered,True,3.212513957,False
1611,tol_1p5,recovered,True,2.951785376,False
1611,archived_1p0,recovered,True,3.235761665,False
1612,tol_1p0,recovered,True,5.1552608300000005,True
1612,tol_1p5,recovered,True,5.136806949,True
1612,archived_1p0,recovered,True,5.250214187,True
1613,tol_1p0,recovered,True,2.316239903,False
1613,tol_1p5,recovered,True,2.279191134,False
1613,archived_1p0,recovered,True,2.325292936,False
1614,tol_1p0,recovered,True,3.582032013000001,True
1614,tol_1p5,recovered,True,3.297907869,True
1614,archived_1p0,recovered,True,3.590458122,True
1615,tol_1p0,recovered,True,1.751468182,False
1615,tol_1p5,recovered,True,1.617812493,False
1615,archived_1p0,recovered,True,1.7673228559999996,False
1616,tol_1p0,recovered,True,3.464844361999999,True
1616,tol_1p5,recovered,True,3.5692704710000003,True
1616,archived_1p0,recovered,True,3.785725584,True
1617,tol_1p0,recovered,True,8.311994561,True
1617,tol_1p5,recovered,True,8.740510538999999,True
1617,archived_1p0,recovered,True,8.787508849999998,True
1618,tol_1p0,recovered,True,1.466455494,False
1618,tol_1p5,recovered,True,1.3679114399999999,False
1618,archived_1p0,recovered,True,1.5166873509999999,False
1619,tol_1p0,recovered,True,1.2333507040000002,False
1619,tol_1p5,recovered,True,1.156552504,False
1619,archived_1p0,recovered,True,1.327765688,False
1620,tol_1p0,recovered,True,3.5686271740000004,True
1620,tol_1p5,recovered,True,3.6241233719999997,True
1620,archived_1p0,recovered,True,3.75309416,True
1621,tol_1p0,recovered,True,12.107708189,True
1621,tol_1p5,recovered,True,12.355948328,True
1621,archived_1p0,recovered,True,12.364582111,True
1622,tol_1p0,recovered,True,10.885808339,True
1622,tol_1p5,recovered,True,10.798350302,True
1622,archived_1p0,recovered,True,10.969149336999998,True
1623,tol_1p0,recovered,True,15.171405992,True
1623,tol_1p5,recovered,True,15.369836191999998,True
1623,archived_1p0,recovered,True,14.795335771,True
1624,tol_1p0,recovered,True,72.670826403,True
1624,tol_1p5,recovered,True,75.88563800299998,True
1624,archived_1p0,recovered,True,75.18855467900002,True
1625,tol_1p0,recovered,True,13.074356452,True
1625,tol_1p5,recovered,True,13.212274463,True
1625,archived_1p0,recovered,True,13.569152824,True
1626,tol_1p0,recovered,True,16.372790312,True
1626,tol_1p5,recovered,True,16.801972789,True
1626,archived_1p0,recovered,True,15.96594427,True
1627,tol_1p0,recovered,True,9.854993965999999,True
1627,tol_1p5,recovered,True,10.169611382,True
1627,archived_1p0,recovered,True,10.720719225000002,True
1628,tol_1p0,recovered,True,8.088656944,True
1628,tol_1p5,recovered,True,7.911018819,True
1628,archived_1p0,recovered,True,8.185543842000001,True
1629,tol_1p0,recovered,True,14.51590727,True
1629,tol_1p5,recovered,True,15.014481637000001,True
1629,archived_1p0,recovered,True,14.890854435000001,True
1630,tol_1p0,recovered,True,3.784144470999999,False
1630,tol_1p5,recovered,True,3.676757962,False
1630,archived_1p0,recovered,True,3.7489606599999994,False
1631,tol_1p0,recovered,True,4.784758417,False
1631,tol_1p5,recovered,True,4.590673892,False
1631,archived_1p0,recovered,True,4.354602935000001,False
1632,tol_1p0,recovered,True,4.374505257999999,False
1632,tol_1p5,recovered,True,4.408589677,False
1632,archived_1p0,recovered,True,4.975451512999999,False
1633,tol_1p0,recovered,True,1.539948067,False
1633,tol_1p5,recovered,True,1.4055535940000001,False
1633,archived_1p0,recovered,True,1.6344156099999998,False
1634,tol_1p0,recovered,True,31.233475261,True
1634,tol_1p5,recovered,True,30.510293199000003,True
1634,archived_1p0,recovered,True,31.527465711000005,True
1635,tol_1p0,recovered,True,23.118747313000004,True
1635,tol_1p5,recovered,True,24.689124698000004,True
1635,archived_1p0,recovered,True,22.587223944,True
1636,tol_1p0,recovered,True,251.94285710600002,True
1636,tol_1p5,recovered,True,237.80193160599998,True
1636,archived_1p0,recovered,True,249.65723223199998,True
1637,tol_1p0,recovered,True,36.072213206,True
1637,tol_1p5,recovered,True,36.811351306,True
1637,archived_1p0,recovered,True,36.232903715999996,True
1638,tol_1p0,recovered,True,171.69641124500004,False
1638,tol_1p5,recovered,True,161.89019839399998,False
1638,archived_1p0,recovered,True,134.483973626,False
1639,tol_1p0,recovered,True,33.184848159,True
1639,tol_1p5,recovered,True,32.026913738,True
1639,archived_1p0,recovered,True,31.882420623999995,True
1640,tol_1p0,recovered,True,20.932225751,True
1640,tol_1p5,recovered,True,20.668313247,True
1640,archived_1p0,recovered,True,22.368378524,True
1641,tol_1p0,recovered,True,1.8826336690000005,False
1641,tol_1p5,recovered,True,2.119132282,False
1641,archived_1p0,recovered,True,1.9993161680000002,False
1642,tol_1p0,recovered,True,18.660678853,True
1642,tol_1p5,recovered,True,18.561229495,True
1642,archived_1p0,recovered,True,18.957389983,True
1643,tol_1p0,recovered,True,42.010384308999996,True
1643,tol_1p5,recovered,True,40.91833156,True
1643,archived_1p0,recovered,True,41.09239074999999,True
1644,tol_1p0,recovered,True,10.670689116999998,True
1644,tol_1p5,recovered,True,10.265775354999999,True
1644,archived_1p0,recovered,True,10.667214229,True
1645,tol_1p0,recovered,True,24.624637229999998,True
1645,tol_1p5,recovered,True,24.402807340000003,True
1645,archived_1p0,recovered,True,25.439643146999998,True
1646,tol_1p0,recovered,True,13.415703056000002,True
1646,tol_1p5,recovered,True,13.249195039,True
1646,archived_1p0,recovered,True,13.744020181000002,True
1647,tol_1p0,recovered,True,105.69203757999998,True
1647,tol_1p5,recovered,True,101.32416237799998,True
1647,archived_1p0,recovered,True,105.893776287,True
1648,tol_1p0,recovered,True,8.317845179999999,True
1648,tol_1p5,recovered,True,8.748906411,True
1648,archived_1p0,recovered,True,8.286861923,True
1649,tol_1p0,recovered,True,17.777341293,True
1649,tol_1p5,recovered,True,17.335178302,True
1649,archived_1p0,recovered,True,17.881563974000002,True
1650,tol_1p0,recovered,True,2.303985439,False
1650,tol_1p5,recovered,True,2.4685814830000004,False
1650,archived_1p0,recovered,True,2.312470779,False
1651,tol_1p0,recovered,True,78.24190732699998,True
1651,tol_1p5,recovered,True,73.375109894,True
1651,archived_1p0,recovered,True,73.7526484,True
1652,tol_1p0,recovered,True,4.284594529,False
1652,tol_1p5,recovered,True,4.1086308869999995,False
1652,archived_1p0,recovered,True,4.378901647999999,False
1653,tol_1p0,recovered,True,8.894731446000002,True
1653,tol_1p5,recovered,True,8.740309624,True
1653,archived_1p0,recovered,True,9.169143035,True
1654,tol_1p0,recovered,True,54.77960195,True
1654,tol_1p5,recovered,True,56.880332543,True
1654,archived_1p0,recovered,True,59.631840811,True
1655,tol_1p0,recovered,True,79.95161611,True
1655,tol_1p5,recovered,True,80.684135497,True
1655,archived_1p0,recovered,True,81.747165419,True
1656,tol_1p0,recovered,True,41.902476704,True
1656,tol_1p5,recovered,True,41.978171499,True
1656,archived_1p0,recovered,True,41.186726494,True
1657,tol_1p0,recovered,True,84.409462752,True
1657,tol_1p5,recovered,True,84.96176615399999,True
1657,archived_1p0,recovered,True,83.70558350499999,True
1658,tol_1p0,recovered,True,47.552197025999995,True
1658,tol_1p5,recovered,True,47.753611916,True
1658,archived_1p0,recovered,True,46.073394717999996,True
1659,tol_1p0,recovered,True,50.000631455000004,True
1659,tol_1p5,recovered,True,50.096539926999995,True
1659,archived_1p0,recovered,True,48.621100309999996,True
1660,tol_1p0,recovered,True,114.97318710100001,True
1660,tol_1p5,recovered,True,114.981176272,True
1660,archived_1p0,recovered,True,113.419507966,True
1661,tol_1p0,recovered,True,68.406997869,True
1661,tol_1p5,recovered,True,69.685315007,True
1661,archived_1p0,recovered,True,70.183479713,True
1662,tol_1p0,recovered,True,27.548009919000002,True
1662,tol_1p5,recovered,True,28.323970656000004,True
1662,archived_1p0,recovered,True,27.940594461,True
1663,tol_1p0,recovered,True,1.4339443479999998,False
1663,tol_1p5,recovered,True,1.363876099,False
1663,archived_1p0,recovered,True,1.5904330350000002,False
1664,tol_1p0,recovered,True,12.877228238000002,True
1664,tol_1p5,recovered,True,13.062856416999999,True
1664,archived_1p0,recovered,True,12.532549811000003,True
1665,tol_1p0,recovered,True,23.686677777,True
1665,tol_1p5,recovered,True,23.756284369,True
1665,archived_1p0,recovered,True,25.633650332999995,True
1666,tol_1p0,recovered,True,5.816118381,True
1666,tol_1p5,recovered,True,5.467090795999998,True
1666,archived_1p0,recovered,True,5.695686394999999,True
1667,tol_1p0,recovered,True,115.485789367,True
1667,tol_1p5,recovered,True,116.02655352899998,True
1667,archived_1p0,recovered,True,111.883492837,True
1668,tol_1p0,recovered,True,52.137767827999994,True
1668,tol_1p5,recovered,True,52.781342704000004,True
1668,archived_1p0,recovered,True,54.853773992,True
1669,tol_1p0,recovered,True,1.9173939129999997,True
1669,tol_1p5,recovered,True,1.9188115049999996,True
1669,archived_1p0,recovered,True,2.0352929429999995,True
1670,tol_1p0,recovered,True,13.133617268,True
1670,tol_1p5,recovered,True,13.139554845,True
1670,archived_1p0,recovered,True,13.602985783999998,True
1671,tol_1p0,recovered,True,104.300467031,True
1671,tol_1p5,recovered,True,103.768806483,True
1671,archived_1p0,recovered,True,105.069567479,True
1672,tol_1p0,recovered,True,1.1886502769999998,False
1672,tol_1p5,recovered,True,1.194835902,False
1672,archived_1p0,recovered,True,1.3650402679999998,False
1673,tol_1p0,recovered,True,1.5471803579999999,True
1673,tol_1p5,recovered,True,1.6546804459999997,True
1673,archived_1p0,recovered,True,1.8928557169999998,True
1674,tol_1p0,recovered,True,23.973502827999997,True
1674,tol_1p5,recovered,True,25.40308329,True
1674,archived_1p0,recovered,True,25.264103979999994,True
1675,tol_1p0,recovered,True,7.011601863000001,True
1675,tol_1p5,recovered,True,6.904899441,True
1675,archived_1p0,recovered,True,6.956619313,True
1676,tol_1p0,recovered,True,0.936888053,False
1676,tol_1p5,recovered,True,0.9866412280000001,False
1676,archived_1p0,recovered,True,1.0977166619999998,False
1677,tol_1p0,recovered,True,40.819230901,True
1677,tol_1p5,recovered,True,40.483310118,True
1677,archived_1p0,recovered,True,41.530256846,True
1678,tol_1p0,recovered,True,20.219517165999996,True
1678,tol_1p5,recovered,True,20.181251792,True
1678,archived_1p0,recovered,True,21.521964672,True
1679,tol_1p0,recovered,True,14.115008168,True
1679,tol_1p5,recovered,True,13.328763218,True
1679,archived_1p0,recovered,True,14.145231634,True
1680,tol_1p0,recovered,True,12.658972751,True
1680,tol_1p5,recovered,True,13.005567061999999,True
1680,archived_1p0,recovered,True,12.909907802000001,True
1681,tol_1p0,recovered,True,15.959325136999999,True
1681,tol_1p5,recovered,True,15.25615169,True
1681,archived_1p0,recovered,True,15.379938923000001,True
1682,tol_1p0,recovered,True,75.229365519,True
1682,tol_1p5,recovered,True,70.383732787,True
1682,archived_1p0,recovered,True,80.353129522,True
1683,tol_1p0,recovered,True,59.65359195700001,True
1683,tol_1p5,recovered,True,58.118380982000005,True
1683,archived_1p0,recovered,True,57.30442347999999,True
1684,tol_1p0,recovered,True,5.254810543000001,False
1684,tol_1p5,recovered,True,5.4058433919999995,False
1684,archived_1p0,recovered,True,5.093485383000001,False
1685,tol_1p0,recovered,True,10.576928853,True
1685,tol_1p5,recovered,True,10.610751012000001,True
1685,archived_1p0,recovered,True,10.535608687,True
1686,tol_1p0,recovered,True,8.955250479,True
1686,tol_1p5,recovered,True,8.891672869,True
1686,archived_1p0,recovered,True,8.84158445,True
1687,tol_1p0,recovered,True,163.609223614,True
1687,tol_1p5,recovered,True,164.25057068400002,True
1687,archived_1p0,recovered,True,176.361739181,True
1688,tol_1p0,recovered,True,145.93686360200002,True
1688,tol_1p5,recovered,True,136.31770412100002,True
1688,archived_1p0,recovered,True,141.878209178,True
1689,tol_1p0,recovered,True,80.577285901,True
1689,tol_1p5,recovered,True,81.85394697999999,True
1689,archived_1p0,recovered,True,81.173758374,True
1690,tol_1p0,recovered,True,188.10937789399998,True
1690,tol_1p5,recovered,True,169.156026704,True
1690,archived_1p0,recovered,True,174.930718755,True
1691,tol_1p0,recovered,True,115.21642132100001,True
1691,tol_1p5,recovered,True,114.268097097,True
1691,archived_1p0,recovered,True,113.80893565,True
1692,tol_1p0,recovered,True,16.121376157999997,True
1692,tol_1p5,recovered,True,16.514243421,True
1692,archived_1p0,recovered,True,16.560829222000002,True
1693,tol_1p0,recovered,True,74.637419188,True
1693,tol_1p5,recovered,True,75.68894993800001,True
1693,archived_1p0,recovered,True,74.62253033,True
1694,tol_1p0,recovered,True,173.11449671000003,True
1694,tol_1p5,recovered,True,175.91980328600002,True
1694,archived_1p0,recovered,True,168.220493705,True
1695,tol_1p0,recovered,True,111.994274429,True
1695,tol_1p5,recovered,True,100.611730209,True
1695,archived_1p0,recovered,True,95.369518141,True
1696,tol_1p0,recovered,True,75.86132961199999,True
1696,tol_1p5,recovered,True,75.36141949,True
1696,archived_1p0,recovered,True,73.369694114,True
1697,tol_1p0,recovered,True,8.911258835000002,True
1697,tol_1p5,recovered,True,9.419246349,True
1697,archived_1p0,recovered,True,9.031974938,True
1698,tol_1p0,recovered,True,76.993911065,True
1698,tol_1p5,recovered,True,76.364422308,True
1698,archived_1p0,recovered,True,75.120995111,True
1699,tol_1p0,recovered,True,1.5293868549999996,False
1699,tol_1p5,recovered,True,1.501186453,False
1699,archived_1p0,recovered,True,1.5737483829999999,False
1700,tol_1p0,recovered,True,1.1518484279999999,False
1700,tol_1p5,recovered,True,1.2010219749999997,False
1700,archived_1p0,recovered,True,1.253297409,False
1701,tol_1p0,recovered,True,5.048234222,True
1701,tol_1p5,recovered,True,4.976861382999999,True
1701,archived_1p0,recovered,True,5.087078641,True
1702,tol_1p0,recovered,True,219.983612289,True
1702,tol_1p5,recovered,True,218.848732366,True
1702,archived_1p0,recovered,True,217.87940938699995,True
1703,tol_1p0,recovered,True,17.794402799,True
1703,tol_1p5,recovered,True,17.351758677,True
1703,archived_1p0,recovered,True,17.4914913,True
1704,tol_1p0,recovered,True,33.842026074,True
1704,tol_1p5,recovered,True,33.926071802,True
1704,archived_1p0,recovered,True,34.568879187,True
1705,tol_1p0,recovered,True,40.689391378,True
1705,tol_1p5,recovered,True,40.314716174000004,True
1705,archived_1p0,recovered,True,40.004071524000004,True
1706,tol_1p0,recovered,True,10.018420282000001,True
1706,tol_1p5,recovered,True,9.803476922999998,True
1706,archived_1p0,recovered,True,9.873957525999998,True
1707,tol_1p0,recovered,True,98.910014245,True
1707,tol_1p5,recovered,True,90.376620956,True
1707,archived_1p0,recovered,True,106.98632028700001,True
1708,tol_1p0,recovered,True,1.411617294,True
1708,tol_1p5,recovered,True,1.43869012,True
1708,archived_1p0,recovered,True,1.5409061720000001,True
1709,tol_1p0,recovered,True,2.27410218,True
1709,tol_1p5,recovered,True,2.3021743490000004,True
1709,archived_1p0,recovered,True,2.384948852,True
1710,tol_1p0,recovered,True,0.8295222019999999,False
1710,tol_1p5,recovered,True,0.859562448,False
1710,archived_1p0,recovered,True,1.013452681,False
1711,tol_1p0,recovered,True,7.766198534999999,True
1711,tol_1p5,recovered,True,7.719171737,True
1711,archived_1p0,recovered,True,7.934252363000001,True
1712,tol_1p0,recovered,True,9.205235922,False
1712,tol_1p5,recovered,True,9.241652513000002,False
1712,archived_1p0,recovered,True,8.770894375,False
1713,tol_1p0,recovered,True,13.414280561999998,True
1713,tol_1p5,recovered,True,14.504149252,True
1713,archived_1p0,recovered,True,14.284505796999998,True
1714,tol_1p0,recovered,True,2.437834179,False
1714,tol_1p5,recovered,True,2.3649321170000004,False
1714,archived_1p0,recovered,True,2.73054061,False
1715,tol_1p0,recovered,True,25.713341358,True
1715,tol_1p5,recovered,True,25.183059768,True
1715,archived_1p0,recovered,True,24.832175461,True
1716,tol_1p0,recovered,True,23.511995045,True
1716,tol_1p5,recovered,True,24.057198957999997,True
1716,archived_1p0,recovered,True,24.776290648,True
1717,tol_1p0,recovered,True,8.655046598999999,True
1717,tol_1p5,recovered,True,8.851659606,True
1717,archived_1p0,recovered,True,8.890335624,True
1718,tol_1p0,recovered,True,15.910543183000001,True
1718,tol_1p5,recovered,True,15.579870119999999,True
1718,archived_1p0,recovered,True,15.827646785000002,True
1719,tol_1p0,recovered,True,4.441540162000001,True
1719,tol_1p5,recovered,True,4.250950545,True
1719,archived_1p0,recovered,True,4.821396831,True
1720,tol_1p0,recovered,True,12.456358418999999,True
1720,tol_1p5,recovered,True,11.949408764,True
1720,archived_1p0,recovered,True,12.497180979,True
1721,tol_1p0,recovered,True,36.635532170000005,True
1721,tol_1p5,recovered,True,37.397779716,True
1721,archived_1p0,recovered,True,37.997514259,True
1722,tol_1p0,recovered,True,99.4052316,True
1722,tol_1p5,recovered,True,92.36782075400001,True
1722,archived_1p0,recovered,True,101.072553261,True
1723,tol_1p0,recovered,True,101.143029521,True
1723,tol_1p5,recovered,True,93.84767300600001,True
1723,archived_1p0,recovered,True,94.34572092799999,True
1724,tol_1p0,recovered,True,108.77748810400001,True
1724,tol_1p5,recovered,True,109.254747441,True
1724,archived_1p0,recovered,True,107.58066005900002,True
1725,tol_1p0,recovered,True,1.4603380029999995,False
1725,tol_1p5,recovered,True,1.376797469,False
1725,archived_1p0,recovered,True,1.4813101339999994,False
1726,tol_1p0,recovered,True,1.1371004069999997,False
1726,tol_1p5,recovered,True,1.1856848389999999,False
1726,archived_1p0,recovered,True,1.1496178299999997,False
1727,tol_1p0,recovered,True,1.344788653,False
1727,tol_1p5,recovered,True,1.4035816859999999,False
1727,archived_1p0,recovered,True,1.5654361669999997,False
1728,tol_1p0,recovered,True,3.2547060069999993,True
1728,tol_1p5,recovered,True,3.185472493,True
1728,archived_1p0,recovered,True,3.245029573,True
1729,tol_1p0,recovered,True,3.266748787,True
1729,tol_1p5,recovered,True,3.6905889409999997,True
1729,archived_1p0,recovered,True,3.8121498950000006,True
1730,tol_1p0,recovered,True,8.238089464,True
1730,tol_1p5,recovered,True,7.014198679000001,True
1730,archived_1p0,recovered,True,8.388764418000001,True
1731,tol_1p0,recovered,True,4.649775245000001,True
1731,tol_1p5,recovered,True,4.758214683,True
1731,archived_1p0,recovered,True,4.921283272,True
1732,tol_1p0,recovered,True,17.520433275000002,True
1732,tol_1p5,recovered,True,16.970136478,True
1732,archived_1p0,recovered,True,17.567638439,True
1733,tol_1p0,recovered,True,1.0377126630000002,False
1733,tol_1p5,recovered,True,1.1544139859999998,False
1733,archived_1p0,recovered,True,1.242049367,False
1734,tol_1p0,recovered,True,3.415705304,True
1734,tol_1p5,recovered,True,3.2940964029999997,True
1734,archived_1p0,recovered,True,3.220397496,True
1735,tol_1p0,recovered,True,5.569681731999999,True
1735,tol_1p5,recovered,True,5.324855588,True
1735,archived_1p0,recovered,True,5.115623026,True
1736,tol_1p0,recovered,True,6.4549951299999995,True
1736,tol_1p5,recovered,True,5.8150319459999995,True
1736,archived_1p0,recovered,True,6.291449436,True
1737,tol_1p0,recovered,True,3.5428000749999997,False
1737,tol_1p5,recovered,True,3.5670793790000004,False
1737,archived_1p0,recovered,True,3.8705604859999996,False
1738,tol_1p0,recovered,True,6.10028314,True
1738,tol_1p5,recovered,True,6.132250307,True
1738,archived_1p0,recovered,True,6.241846252,True
1739,tol_1p0,recovered,True,2.3063378849999996,False
1739,tol_1p5,recovered,True,2.1752298160000003,False
1739,archived_1p0,recovered,True,2.1251553579999998,False
1740,tol_1p0,recovered,True,2.1573582580000004,False
1740,tol_1p5,recovered,True,2.263893428,False
1740,archived_1p0,recovered,True,2.106866915,False
1741,tol_1p0,recovered,True,3.8951968810000004,True
1741,tol_1p5,recovered,True,4.012182298999999,True
1741,archived_1p0,recovered,True,4.068134203,True
1742,tol_1p0,recovered,True,6.028421805000001,True
1742,tol_1p5,recovered,True,6.083049986,True
1742,archived_1p0,recovered,True,6.4877612760000005,True
1743,tol_1p0,recovered,True,8.168077932000001,True
1743,tol_1p5,recovered,True,7.838460165999997,True
1743,archived_1p0,recovered,True,8.347568286000001,True
1744,tol_1p0,recovered,True,16.236346406000003,True
1744,tol_1p5,recovered,True,17.230007173,True
1744,archived_1p0,recovered,True,16.503578366,True
1745,tol_1p0,recovered,True,2.2896034839999997,True
1745,tol_1p5,recovered,True,2.2670324729999995,True
1745,archived_1p0,recovered,True,2.432086106,True
1746,tol_1p0,recovered,True,67.410654759,True
1746,tol_1p5,recovered,True,67.032910324,True
1746,archived_1p0,recovered,True,68.54064830800002,True
1747,tol_1p0,recovered,True,11.402089723,True
1747,tol_1p5,recovered,True,11.522231400999999,True
1747,archived_1p0,recovered,True,12.058572925,True
1748,tol_1p0,recovered,True,9.707597616000001,True
1748,tol_1p5,recovered,True,9.509356240000002,True
1748,archived_1p0,recovered,True,9.066240707,True
1749,tol_1p0,recovered,True,37.747957822000004,True
1749,tol_1p5,recovered,True,35.604987058999995,True
1749,archived_1p0,recovered,True,37.747746015,True
1750,tol_1p0,recovered,True,31.709352574,True
1750,tol_1p5,recovered,True,29.903738728,True
1750,archived_1p0,recovered,True,30.193100442000006,True
1751,tol_1p0,recovered,True,3.9748938430000003,True
1751,tol_1p5,recovered,True,3.885374464999999,True
1751,archived_1p0,recovered,True,3.99966478,True
1752,tol_1p0,recovered,True,7.188043086,True
1752,tol_1p5,recovered,True,6.8332583609999995,True
1752,archived_1p0,recovered,True,6.897260209000001,True
1753,tol_1p0,recovered,True,8.432413685,True
1753,tol_1p5,recovered,True,8.298040722,True
1753,archived_1p0,recovered,True,8.549145909,True
1754,tol_1p0,recovered,True,1.5267516310000002,True
1754,tol_1p5,recovered,True,1.578606947,True
1754,archived_1p0,recovered,True,1.61860442,True
1755,tol_1p0,recovered,True,66.316250124,True
1755,tol_1p5,recovered,True,62.734999779,True
1755,archived_1p0,recovered,True,59.053670299,True
1756,tol_1p0,recovered,True,139.88676554,True
1756,tol_1p5,recovered,True,141.69529168099996,True
1756,archived_1p0,recovered,True,134.23940413900002,True
1757,tol_1p0,recovered,True,17.464609455,True
1757,tol_1p5,recovered,True,16.913159275,True
1757,archived_1p0,recovered,True,18.588050419,True
1758,tol_1p0,recovered,True,38.223599479,True
1758,tol_1p5,recovered,True,35.958449661,True
1758,archived_1p0,recovered,True,36.552886647,True
1759,tol_1p0,recovered,True,4.563139219,True
1759,tol_1p5,recovered,True,4.106526147,True
1759,archived_1p0,recovered,True,4.469945908,True
1760,tol_1p0,recovered,True,14.370163788,True
1760,tol_1p5,recovered,True,14.312000104,True
1760,archived_1p0,recovered,True,14.220351597,True
1761,tol_1p0,recovered,True,7.674611212000001,True
1761,tol_1p5,recovered,True,7.828346775999999,True
1761,archived_1p0,recovered,True,7.901678234,True
1762,tol_1p0,recovered,True,34.158934699,True
1762,tol_1p5,recovered,True,34.098110684,True
1762,archived_1p0,recovered,True,34.844045091,True
1763,tol_1p0,recovered,True,107.416616926,True
1763,tol_1p5,recovered,True,103.955148282,True
1763,archived_1p0,recovered,True,101.62099367599998,True
1764,tol_1p0,recovered,True,51.16839843300001,True
1764,tol_1p5,recovered,True,51.075957683000006,True
1764,archived_1p0,recovered,True,48.88631071999999,True
1765,tol_1p0,recovered,True,4.42583129,True
1765,tol_1p5,recovered,True,4.420072647,True
1765,archived_1p0,recovered,True,4.53024835,True
1766,tol_1p0,recovered,True,8.360553139,True
1766,tol_1p5,recovered,True,8.158516827,True
1766,archived_1p0,recovered,True,8.194480173,True
1767,tol_1p0,recovered,True,6.070724951000001,True
1767,tol_1p5,recovered,True,6.184318799,True
1767,archived_1p0,recovered,True,6.804655385,True
1768,tol_1p0,recovered,True,26.870811320000005,True
1768,tol_1p5,recovered,True,25.491611722,True
1768,archived_1p0,recovered,True,27.053227363,True
1769,tol_1p0,recovered,True,1.411268727,False
1769,tol_1p5,recovered,True,1.3206508369999996,False
1769,archived_1p0,recovered,True,1.6773773239999998,False
1770,tol_1p0,recovered,True,1.8175797409999999,False
1770,tol_1p5,recovered,True,1.9811651859999997,False
1770,archived_1p0,recovered,True,1.9331544429999998,False
1771,tol_1p0,recovered,True,12.334382156999997,True
1771,tol_1p5,recovered,True,12.368134477,True
1771,archived_1p0,recovered,True,12.239093122,True
1772,tol_1p0,recovered,True,55.568503879999994,True
1772,tol_1p5,recovered,True,56.520642297,True
1772,archived_1p0,recovered,True,55.247955921999996,True
1773,tol_1p0,recovered,True,22.769754559,True
1773,tol_1p5,recovered,True,22.980582155,True
1773,archived_1p0,recovered,True,22.582810943000002,True
1774,tol_1p0,recovered,True,20.168833864999996,True
1774,tol_1p5,recovered,True,18.675292455,True
1774,archived_1p0,recovered,True,20.464373351,True
1775,tol_1p0,recovered,True,22.623928681000002,True
1775,tol_1p5,recovered,True,22.636451502,True
1775,archived_1p0,recovered,True,22.602992209,True
1776,tol_1p0,recovered,True,44.823816718,True
1776,tol_1p5,recovered,True,45.721146331,True
1776,archived_1p0,recovered,True,45.300016181000004,True
1777,tol_1p0,recovered,True,46.063318807,True
1777,tol_1p5,recovered,True,45.549649931000005,True
1777,archived_1p0,recovered,True,46.11314347199999,True
1778,tol_1p0,recovered,True,13.192843897,True
1778,tol_1p5,recovered,True,13.26035531,True
1778,archived_1p0,recovered,True,14.142423915999998,True
1779,tol_1p0,recovered,True,19.46218267,True
1779,tol_1p5,recovered,True,18.490205745000004,True
1779,archived_1p0,recovered,True,19.92700705,True
1780,tol_1p0,recovered,True,22.773025312999998,True
1780,tol_1p5,recovered,True,22.377836672999997,True
1780,archived_1p0,recovered,True,22.526798577999998,True
1781,tol_1p0,recovered,True,4.114415651,True
1781,tol_1p5,recovered,True,4.181115332,True
1781,archived_1p0,recovered,True,4.099760073000001,True
1782,tol_1p0,recovered,True,14.483582335,True
1782,tol_1p5,recovered,True,14.802718160000001,True
1782,archived_1p0,recovered,True,15.053581711,True
1783,tol_1p0,recovered,True,18.492070593999998,True
1783,tol_1p5,recovered,True,19.295846949999998,True
1783,archived_1p0,recovered,True,18.943201251000005,True
1784,tol_1p0,recovered,True,11.933242298,True
1784,tol_1p5,recovered,True,11.872141165,True
1784,archived_1p0,recovered,True,12.042934545,True
1785,tol_1p0,recovered,True,9.156270076999999,True
1785,tol_1p5,recovered,True,9.023303266,True
1785,archived_1p0,recovered,True,8.680341021,True
1786,tol_1p0,recovered,True,39.722053628000005,True
1786,tol_1p5,recovered,True,39.041703641,True
1786,archived_1p0,recovered,True,40.13040727800001,True
1787,tol_1p0,recovered,True,5.584407334,True
1787,tol_1p5,recovered,True,5.301341130000001,True
1787,archived_1p0,recovered,True,5.607042740999999,True
1788,tol_1p0,recovered,True,1.9855009090000002,True
1788,tol_1p5,recovered,True,2.028439442,True
1788,archived_1p0,recovered,True,2.374619052,True
1789,tol_1p0,recovered,True,8.368475597,True
1789,tol_1p5,recovered,True,8.403280415000001,True
1789,archived_1p0,recovered,True,8.473829681000002,True
1790,tol_1p0,recovered,True,8.008442781,True
1790,tol_1p5,recovered,True,7.685343521,True
1790,archived_1p0,recovered,True,8.218071277,True
1791,tol_1p0,recovered,True,12.726316382999999,True
1791,tol_1p5,recovered,True,12.971896432,True
1791,archived_1p0,recovered,True,12.380365255999997,True
1792,tol_1p0,recovered,True,4.9174096679999995,True
1792,tol_1p5,recovered,True,4.728271911,True
1792,archived_1p0,recovered,True,4.954719184,True
1793,tol_1p0,recovered,True,356.941933454,True
1793,tol_1p5,recovered,True,348.303017368,True
1793,archived_1p0,recovered,True,369.59625465299996,True
1794,tol_1p0,recovered,True,4.393356688000001,False
1794,tol_1p5,recovered,True,4.380821633,False
1794,archived_1p0,recovered,True,4.8029404630000005,False
1795,tol_1p0,recovered,True,34.219364428000006,True
1795,tol_1p5,recovered,True,34.60677109,True
1795,archived_1p0,recovered,True,33.130937226,True
1796,tol_1p0,recovered,True,16.125718827999997,True
1796,tol_1p5,recovered,True,16.954684125999997,True
1796,archived_1p0,recovered,True,17.679233163000003,True
1797,tol_1p0,recovered,True,29.050919709,True
1797,tol_1p5,recovered,True,28.056650196000003,True
1797,archived_1p0,recovered,True,30.212712721999996,True
1798,tol_1p0,recovered,True,89.38420997700001,True
1798,tol_1p5,recovered,True,92.365886183,True
1798,archived_1p0,recovered,True,91.433880234,True
1799,tol_1p0,recovered,True,689.298876932,True
1799,tol_1p5,recovered,True,710.4642036289999,True
1799,archived_1p0,recovered,True,701.902964151,True
1800,tol_1p0,recovered,True,89.810600428,True
1800,tol_1p5,recovered,True,89.805754024,True
1800,archived_1p0,recovered,True,93.410017348,True
1801,tol_1p0,recovered,True,129.28471671799997,True
1801,tol_1p5,recovered,True,123.10071814600002,True
1801,archived_1p0,recovered,True,126.65734185400001,True
1802,tol_1p0,recovered,True,10.297425337,True
1802,tol_1p5,recovered,True,10.791407666000001,True
1802,archived_1p0,recovered,True,10.850739904,True
1803,tol_1p0,recovered,True,2.9755257850000003,True
1803,tol_1p5,recovered,True,3.1994345639999997,True
1803,archived_1p0,recovered,True,3.2771385690000003,True
1804,tol_1p0,recovered,True,2.1677506089999996,False
1804,tol_1p5,recovered,True,2.100633405,False
1804,archived_1p0,recovered,True,2.131792627,False
1805,tol_1p0,recovered,True,2.153003824,False
1805,tol_1p5,recovered,True,2.012154679,False
1805,archived_1p0,recovered,True,2.1535882429999997,False
1806,tol_1p0,recovered,True,31.351705381000006,True
1806,tol_1p5,recovered,True,30.873870136999997,True
1806,archived_1p0,recovered,True,30.401276523,True
1807,tol_1p0,recovered,True,9.765339407999999,True
1807,tol_1p5,recovered,True,9.196818618,True
1807,archived_1p0,recovered,True,9.533455146,True
1808,tol_1p0,recovered,True,16.301298826,True
1808,tol_1p5,recovered,True,16.203996747000005,True
1808,archived_1p0,recovered,True,15.823793940999998,True
1809,tol_1p0,recovered,True,23.513850843,True
1809,tol_1p5,recovered,True,24.250875587,True
1809,archived_1p0,recovered,True,24.553532860999997,True
1810,tol_1p0,recovered,True,6.776252122,True
1810,tol_1p5,recovered,True,6.549580431000001,True
1810,archived_1p0,recovered,True,7.003720819000001,True
1811,tol_1p0,recovered,True,10.993881098,True
1811,tol_1p5,recovered,True,11.190551134999998,True
1811,archived_1p0,recovered,True,10.705997790000001,True
1812,tol_1p0,recovered,True,13.041854723,True
1812,tol_1p5,recovered,True,12.722785338,True
1812,archived_1p0,recovered,True,12.508285428,True
1813,tol_1p0,recovered,True,1.8734964899999995,True
1813,tol_1p5,recovered,True,1.767165121,True
1813,archived_1p0,recovered,True,1.940759219,True
1814,tol_1p0,recovered,True,5.538976933,True
1814,tol_1p5,recovered,True,5.467402357000001,True
1814,archived_1p0,recovered,True,5.551116390999999,True
1815,tol_1p0,recovered,True,4.976748751999999,True
1815,tol_1p5,recovered,True,4.78122124,True
1815,archived_1p0,recovered,True,5.1863242199999995,True
1816,tol_1p0,recovered,True,15.492463075,True
1816,tol_1p5,recovered,True,16.744474695,True
1816,archived_1p0,recovered,True,15.935438731999998,True
1817,tol_1p0,recovered,True,4.87947457,False
1817,tol_1p5,recovered,True,4.4953098989999996,False
1817,archived_1p0,recovered,True,5.256300702999999,False
1818,tol_1p0,recovered,True,3.9532166989999995,True
1818,tol_1p5,recovered,True,3.95045172,True
1818,archived_1p0,recovered,True,3.7498192550000002,True
1819,tol_1p0,recovered,True,1.068324396,False
1819,tol_1p5,recovered,True,1.2004218069999997,False
1819,archived_1p0,recovered,True,1.7027102959999998,False
1820,tol_1p0,recovered,True,1.0886244709999997,False
1820,tol_1p5,recovered,True,1.1111811559999998,False
1820,archived_1p0,recovered,True,1.2536671900000003,False
1821,tol_1p0,recovered,True,21.570070326000003,True
1821,tol_1p5,recovered,True,21.562259752999996,True
1821,archived_1p0,recovered,True,21.497528524000003,True
1822,tol_1p0,recovered,True,6.877476775,True
1822,tol_1p5,recovered,True,6.948280949,True
1822,archived_1p0,recovered,True,6.821621671000001,True
1823,tol_1p0,recovered,True,534.690659953,True
1823,tol_1p5,recovered,True,510.2222883180001,True
1823,archived_1p0,recovered,True,509.481533233,True
1824,tol_1p0,recovered,True,1.570604698,False
1824,tol_1p5,recovered,True,1.6556570229999998,False
1824,archived_1p0,recovered,True,1.768291043,False
1825,tol_1p0,recovered,True,1.6647833580000002,False
1825,tol_1p5,recovered,True,1.574320351,False
1825,archived_1p0,recovered,True,1.659839006,False
1826,tol_1p0,recovered,True,1.5880163769999998,False
1826,tol_1p5,recovered,True,1.514874329,False
1826,archived_1p0,recovered,True,1.8232346579999996,False
1827,tol_1p0,recovered,True,1.25595265,False
1827,tol_1p5,recovered,True,1.3546789149999998,False
1827,archived_1p0,recovered,True,1.6783421180000002,False
1828,tol_1p0,recovered,True,1.7244105639999998,True
1828,tol_1p5,recovered,True,1.775847936,True
1828,archived_1p0,recovered,True,1.7472956419999996,True
1829,tol_1p0,recovered,True,1.209772893,False
1829,tol_1p5,recovered,True,1.1820587860000003,False
1829,archived_1p0,recovered,True,1.3087939419999999,False
1830,tol_1p0,recovered,True,6.651013189,True
1830,tol_1p5,recovered,True,6.9531410529999995,True
1830,archived_1p0,recovered,True,6.77916306,True
1831,tol_1p0,recovered,True,2.184843918,True
1831,tol_1p5,recovered,True,2.068223146,True
1831,archived_1p0,recovered,True,2.3085641900000002,True
1832,tol_1p0,recovered,True,3.2042946619999997,False
1832,tol_1p5,recovered,True,3.2235142739999993,False
1832,archived_1p0,recovered,True,3.4262172160000004,False
1833,tol_1p0,recovered,True,4.294324532,True
1833,tol_1p5,recovered,True,4.329073137,True
1833,archived_1p0,recovered,True,4.317731911,True
1834,tol_1p0,recovered,True,1.7683857759999997,True
1834,tol_1p5,recovered,True,1.7634275919999995,True
1834,archived_1p0,recovered,True,2.083365452,True
1835,tol_1p0,recovered,True,2.489024391,False
1835,tol_1p5,recovered,True,2.55398367,False
1835,archived_1p0,recovered,True,2.8033117039999995,False
1836,tol_1p0,recovered,True,56.78023983000001,True
1836,tol_1p5,recovered,True,60.645386439000006,True
1836,archived_1p0,recovered,True,58.334429512999996,True
1837,tol_1p0,recovered,True,65.228281487,True
1837,tol_1p5,recovered,True,67.89200483900001,True
1837,archived_1p0,recovered,True,68.26873673300001,True
1838,tol_1p0,recovered,True,10.996298587,True
1838,tol_1p5,recovered,True,11.020379649999999,True
1838,archived_1p0,recovered,True,10.848442257999999,True
1839,tol_1p0,recovered,True,1.7118407799999997,False
1839,tol_1p5,recovered,True,1.6799314490000001,False
1839,archived_1p0,recovered,True,1.8685638210000004,False
1840,tol_1p0,recovered,True,1.82657659,True
1840,tol_1p5,recovered,True,1.7421537449999998,True
1840,archived_1p0,recovered,True,1.7381064150000003,True
1841,tol_1p0,recovered,True,13.010839561000001,True
1841,tol_1p5,recovered,True,13.199639373,True
1841,archived_1p0,recovered,True,13.436975260999997,True
1842,tol_1p0,recovered,True,4.270105066999999,True
1842,tol_1p5,recovered,True,4.427282594,True
1842,archived_1p0,recovered,True,4.372680524,True
1843,tol_1p0,recovered,True,22.575703626,True
1843,tol_1p5,recovered,True,22.590120186000004,True
1843,archived_1p0,recovered,True,22.477542915999997,True
1844,tol_1p0,recovered,True,3.6060644059999998,True
1844,tol_1p5,recovered,True,3.881264957,True
1844,archived_1p0,recovered,True,4.004274316,True
1845,tol_1p0,recovered,True,2.540684161,True
1845,tol_1p5,recovered,True,2.317189474,True
1845,archived_1p0,recovered,True,2.428992178,True
1846,tol_1p0,recovered,True,1.3696193399999996,False
1846,tol_1p5,recovered,True,1.2823268790000002,False
1846,archived_1p0,recovered,True,1.5039130010000001,False
1847,tol_1p0,recovered,True,1.329047274,False
1847,tol_1p5,recovered,True,1.209279406,False
1847,archived_1p0,recovered,True,1.5175850159999997,False
1848,tol_1p0,recovered,True,30.339630623,True
1848,tol_1p5,recovered,True,30.567169942,True
1848,archived_1p0,recovered,True,30.875085443999996,True
1849,tol_1p0,recovered,True,13.508556775000002,True
1849,tol_1p5,recovered,True,13.304426922999998,True
1849,archived_1p0,recovered,True,12.865627213,True
1850,tol_1p0,recovered,True,1.2863378060000001,False
1850,tol_1p5,recovered,True,1.287377428,False
1850,archived_1p0,recovered,True,1.3748056130000001,False
