index,default_direction,single_recovery,single_ranking_complete,single_search_complete,single_top5_family,single_compute_cpu_seconds,single_directional_elapsed_sum_seconds,single_class_count,single_top1,single_top3,single_top5,single_top10,single_event_window_0_recovered,single_event_window_0_candidates,single_event_window_1_recovered,single_event_window_1_candidates,single_event_window_2_recovered,single_event_window_2_candidates,single_event_window_3_recovered,single_event_window_3_candidates,single_event_window_5_recovered,single_event_window_5_candidates,bidirectional_recovery,bidirectional_ranking_complete,bidirectional_search_complete,bidirectional_top5_family,bidirectional_compute_cpu_seconds,bidirectional_directional_elapsed_sum_seconds,bidirectional_class_count,bidirectional_top1,bidirectional_top3,bidirectional_top5,bidirectional_top10,bidirectional_event_window_0_recovered,bidirectional_event_window_0_candidates,bidirectional_event_window_1_recovered,bidirectional_event_window_1_candidates,bidirectional_event_window_2_recovered,bidirectional_event_window_2_candidates,bidirectional_event_window_3_recovered,bidirectional_event_window_3_candidates,bidirectional_event_window_5_recovered,bidirectional_event_window_5_candidates
0,R_to_P,recovered,True,True,recovered,608.1676882120001,158.26501706708223,530,False,True,True,True,False,1,False,1,True,2,True,2,True,4,recovered,True,True,recovered,1065.1563314940001,281.68616356886923,966,False,True,True,True,False,1,False,1,True,3,True,3,True,11
1,R_to_P,recovered,True,True,recovered,28.501733027,7.792614157311618,112,False,True,True,True,True,3,True,3,True,4,True,5,True,13,recovered,True,True,recovered,44.773154805,11.610838239546865,222,False,True,True,True,True,3,True,3,True,5,True,7,True,18
2,P_to_R,recovered,True,True,recovered,11.966520539,3.001803422346711,103,True,True,True,True,True,2,True,2,True,3,True,3,True,14,recovered,True,True,recovered,188.073402719,35.863881369587034,2796,True,True,True,True,True,2,True,2,True,3,True,3,True,15
3,R_to_P,recovered,True,True,recovered,5.267285821,0.9701121971011162,15,True,True,True,True,True,1,True,1,True,2,True,2,True,4,recovered,True,True,recovered,34.44852121,8.22811141749844,280,True,True,True,True,True,1,True,1,True,2,True,2,True,4
4,P_to_R,recovered,True,True,recovered,12.134946627,3.188341725850478,96,True,True,True,True,True,1,True,2,True,2,True,3,True,8,recovered,True,True,recovered,48.762463047,11.816625562729314,244,True,True,True,True,True,1,True,2,True,2,True,3,True,14
5,R_to_P,recovered,True,True,recovered,5.549574837000001,1.371979865245521,53,False,True,True,True,False,2,False,2,False,2,True,3,True,9,recovered,True,True,recovered,12.621351244999998,3.1316498508676887,93,False,True,True,True,False,2,False,2,False,2,True,3,True,11
6,R_to_P,recovered,True,True,recovered,1.768345871,0.3447383623570204,12,True,True,True,True,True,1,True,2,True,4,True,5,True,8,recovered,True,True,recovered,2.796353096,0.6158702112734318,21,True,True,True,True,True,1,True,2,True,4,True,5,True,11
7,P_to_R,not_recovered,True,True,not_recovered,61.7485814,10.373458406887949,10,False,False,False,False,False,1,False,1,False,2,False,3,False,4,not_recovered,True,True,not_recovered,231.213046041,38.819919012486935,1374,False,False,False,False,False,1,False,1,False,2,False,3,False,31
8,R_to_P,recovered,True,True,recovered,10.109951198000001,2.3703830605372787,70,False,True,True,True,False,1,False,1,True,4,True,5,True,9,recovered,True,True,recovered,43.516425336000005,11.578726497478783,148,False,True,True,True,False,1,False,1,True,4,True,5,True,9
9,R_to_P,recovered,True,True,recovered,9.745792776000002,2.408077646046877,48,False,True,True,True,False,1,True,3,True,4,True,5,True,11,recovered,True,True,recovered,20.684162246000003,5.509589049033821,88,False,False,True,True,False,2,True,5,True,8,True,11,True,20
10,R_to_P,recovered,True,True,recovered,41.693728203999996,7.991897524800152,39,False,True,True,True,True,2,True,2,True,7,True,9,True,21,recovered,True,True,recovered,95.33242646800001,18.105988782830536,84,False,True,True,True,True,2,True,2,True,7,True,9,True,24
11,R_to_P,recovered,True,True,recovered,17.939337795000004,4.30703258048743,151,False,True,True,True,True,3,True,3,True,5,True,7,True,28,recovered,True,True,recovered,35.018803109000004,8.7949791373685,263,False,True,True,True,True,3,True,3,True,6,True,8,True,37
12,R_to_P,recovered,True,True,recovered,32.633002605,6.2763412981294096,44,False,True,True,True,True,2,True,2,True,5,True,7,True,16,recovered,True,True,recovered,65.77652991,12.542006231378764,70,False,True,True,True,True,2,True,2,True,5,True,7,True,21
13,R_to_P,recovered,True,True,recovered,11.706782314,2.6495952578261495,84,True,True,True,True,True,1,True,2,True,2,True,2,True,9,recovered,True,True,recovered,134.19219704499997,34.844113756902516,823,True,True,True,True,True,1,True,2,True,2,True,2,True,9
14,R_to_P,recovered,True,True,recovered,9.554600588000001,2.500182759249583,109,False,True,True,True,False,1,True,2,True,3,True,4,True,7,recovered,True,True,recovered,28.638609652000003,7.358233397593722,211,False,True,True,True,False,1,True,2,True,3,True,4,True,7
15,R_to_P,recovered,True,True,recovered,4.351708961000001,0.9795619607903063,24,True,True,True,True,True,1,True,1,True,3,True,4,True,10,recovered,True,True,recovered,19.143623700000006,4.709151970222592,94,True,True,True,True,True,1,True,1,True,3,True,4,True,10
16,P_to_R,recovered,True,True,not_recovered,73.874363187,25.02022591792047,931,False,False,False,False,False,2,False,7,False,20,True,40,True,141,recovered,True,True,not_recovered,244.572398832,54.87341754720546,9088,False,False,False,False,False,2,False,7,False,22,True,43,True,165
17,R_to_P,recovered,True,True,recovered,239.212457537,63.449706132756546,293,False,True,True,True,False,1,False,1,True,3,True,9,True,33,recovered,True,True,recovered,863.7494946099999,252.6574133655522,721,False,True,True,True,False,1,False,1,True,4,True,10,True,34
18,R_to_P,recovered,True,True,recovered,4.144380618,1.1216855549719185,16,True,True,True,True,True,2,True,2,True,5,True,7,True,11,recovered,True,True,recovered,7.160494034,1.7152969215530902,25,True,True,True,True,True,2,True,2,True,5,True,7,True,14
19,R_to_P,not_recovered,True,True,not_recovered,270.00738817,87.69981753337197,233,False,False,False,False,False,1,False,1,False,2,False,4,False,11,not_recovered,True,True,not_recovered,493.170500572,163.5461815877352,593,False,False,False,False,False,1,False,1,False,2,False,4,False,12
20,R_to_P,recovered,True,True,recovered,29.919230504,8.35620508925058,183,False,True,True,True,False,1,False,1,True,4,True,9,True,21,recovered,True,True,recovered,70.108670192,18.574999840231612,281,False,True,True,True,False,1,False,1,True,4,True,10,True,31
21,P_to_R,recovered,True,True,recovered,13.357915186,4.532446977682412,85,False,False,True,True,False,2,True,5,True,7,True,10,True,22,recovered,True,True,recovered,26.121570939999998,7.751403210218996,269,False,False,True,True,False,2,True,5,True,8,True,11,True,24
22,P_to_R,recovered,True,True,recovered,12.585144449,2.435386131517589,21,False,True,True,True,False,2,False,2,True,4,True,11,True,19,recovered,True,True,recovered,47.119699450999995,10.56039013620466,112,False,True,True,True,False,2,False,2,True,4,True,14,True,24
23,P_to_R,recovered,True,True,recovered,5.084183971,1.680300229229033,44,True,True,True,True,True,1,True,1,True,2,True,4,True,8,recovered,True,True,recovered,10.893563574000002,3.42823800817132,497,True,True,True,True,True,1,True,1,True,2,True,4,True,8
24,R_to_P,recovered,True,True,recovered,11.438180377,2.367613337934017,18,True,True,True,True,True,2,True,2,True,3,True,5,True,7,recovered,True,True,recovered,22.402959271,4.610866107046604,20,True,True,True,True,True,2,True,2,True,3,True,5,True,7
25,R_to_P,recovered,True,True,recovered,41.843872514000005,11.555724335834384,128,True,True,True,True,True,1,True,1,True,2,True,4,True,15,recovered,True,True,recovered,107.366804308,28.382990120910108,319,True,True,True,True,True,1,True,1,True,2,True,4,True,16
26,R_to_P,recovered,True,True,recovered,14.316536313,3.444523935439065,23,False,True,True,True,True,2,True,2,True,4,True,6,True,8,recovered,True,True,recovered,27.010380566,6.137467880034819,28,False,True,True,True,True,2,True,2,True,4,True,6,True,8
27,R_to_P,recovered,True,True,recovered,31.971994787999993,9.681861063465476,212,False,True,True,True,True,3,True,3,True,15,True,15,True,29,recovered,True,True,recovered,154.778795933,49.920719062909484,673,False,False,True,True,True,4,True,4,True,23,True,23,True,42
28,R_to_P,recovered,True,True,recovered,6.52161143,2.1008746083825827,42,False,True,True,True,False,1,False,1,True,3,True,3,True,8,recovered,True,True,recovered,11.027361688,3.5366003117524087,63,False,True,True,True,False,1,False,1,True,3,True,3,True,10
29,P_to_R,recovered,True,True,recovered,141.864730761,32.820155799156055,215,False,True,True,True,True,2,True,2,True,3,True,9,True,9,recovered,True,True,recovered,520.3948657220001,93.79393542651087,3773,False,True,True,True,True,2,True,2,True,3,True,9,True,10
30,R_to_P,recovered,True,True,recovered,31.770498848999992,10.356616791337729,146,False,False,True,True,False,2,False,2,True,6,True,10,True,33,recovered,True,True,recovered,73.59094711799999,21.80937868822366,357,False,False,True,True,False,2,False,2,True,6,True,10,True,39
31,R_to_P,recovered,True,True,recovered,8.560951910999998,2.31195792555809,37,True,True,True,True,True,2,True,2,True,5,True,7,True,12,recovered,True,True,recovered,15.742609425999998,3.7744074622169137,47,True,True,True,True,True,2,True,2,True,5,True,7,True,17
32,P_to_R,recovered,True,True,recovered,26.338896134,5.657629700144753,78,True,True,True,True,True,1,True,1,True,3,True,7,True,19,recovered,True,True,recovered,161.12855206700002,38.874945864779875,269,True,True,True,True,True,1,True,1,True,3,True,7,True,19
33,R_to_P,recovered,True,True,recovered,79.58453786400001,19.978433463023975,118,False,True,True,True,False,1,False,1,True,5,True,8,True,14,recovered,True,True,recovered,160.092658287,42.47505553998053,211,False,True,True,True,False,1,False,1,True,5,True,9,True,19
34,R_to_P,recovered,True,True,recovered,18.223115038,4.990230966359377,175,True,True,True,True,True,1,True,1,True,10,True,11,True,23,recovered,True,True,recovered,30.030200261,8.239558666013181,419,True,True,True,True,True,1,True,1,True,14,True,20,True,49
35,R_to_P,recovered,True,True,recovered,22.208312010000004,4.234113096259534,27,False,True,True,True,True,2,True,2,True,4,True,6,True,10,recovered,True,True,recovered,44.326719667999996,8.411828431300819,35,False,True,True,True,True,2,True,2,True,4,True,6,True,10
36,P_to_R,recovered,True,True,recovered,44.693129466,14.251232597976923,190,False,True,True,True,False,1,False,1,True,4,True,5,True,18,recovered,True,True,recovered,52.194121822,16.468248275108635,236,False,True,True,True,False,1,False,1,True,4,True,5,True,19
37,R_to_P,recovered,True,True,recovered,29.699579008,10.972431893460453,72,True,True,True,True,True,2,True,2,True,5,True,7,True,12,recovered,True,True,recovered,40.902103477,14.311134773073718,106,True,True,True,True,True,2,True,2,True,5,True,7,True,13
38,P_to_R,recovered,True,True,recovered,3.7438245339999994,0.9869690537452698,16,True,True,True,True,True,1,True,1,True,3,True,3,True,4,recovered,True,True,recovered,6.426897808,1.780126958154142,55,True,True,True,True,True,1,True,1,True,3,True,3,True,5
39,R_to_P,recovered,True,True,not_recovered,124.87373203700001,27.189366484992206,872,False,False,False,False,False,1,False,4,False,7,True,22,True,72,recovered,True,True,not_recovered,282.49047018100003,61.756311723031104,1556,False,False,False,False,False,1,False,4,False,7,True,22,True,77
40,R_to_P,recovered,True,True,recovered,25.964531914,6.475466942414641,244,True,True,True,True,True,1,True,1,True,2,True,3,True,6,recovered,True,True,recovered,162.638614133,43.826696736505255,986,True,True,True,True,True,1,True,1,True,2,True,3,True,7
41,R_to_P,recovered,True,True,recovered,35.33842618699999,8.424528636038303,25,True,True,True,True,True,2,True,2,True,2,True,2,True,4,recovered,True,True,recovered,63.98502417899999,13.650491871405393,47,True,True,True,True,True,2,True,2,True,2,True,2,True,4
42,R_to_P,recovered,True,True,recovered,16.5526352,3.7966754687950015,131,True,True,True,True,True,2,True,2,True,7,True,9,True,33,recovered,True,True,recovered,45.028936299,10.075650502927601,229,True,True,True,True,True,2,True,2,True,7,True,9,True,33
43,R_to_P,recovered,True,True,recovered,3.086698262,0.7797425789758563,34,False,True,True,True,False,1,False,1,True,3,True,3,True,5,recovered,True,True,recovered,6.562951761,1.50497490237467,55,False,True,True,True,False,1,False,1,True,3,True,3,True,6
44,R_to_P,recovered,True,True,recovered,181.948170847,49.778573877643794,416,False,False,False,False,False,1,False,1,False,4,False,4,False,7,recovered,True,True,recovered,308.32441105799995,84.85798117192462,625,False,False,False,False,False,2,False,2,False,5,False,5,False,9
45,P_to_R,recovered,True,True,recovered,9.347380212000001,3.356183717958629,69,False,True,True,True,True,2,True,2,True,6,True,14,True,31,recovered,True,True,recovered,32.51575240099999,8.665564823895693,1536,False,True,True,True,True,2,True,2,True,6,True,14,True,31
46,R_to_P,recovered,True,True,recovered,15.162212892000001,3.5560137678403407,107,True,True,True,True,True,1,True,1,True,4,True,6,True,13,recovered,True,True,recovered,62.904696326,16.2079018894583,231,True,True,True,True,True,1,True,1,True,4,True,7,True,14
47,R_to_P,recovered,True,True,recovered,1.962101174,0.3530149171128869,2,True,True,True,True,True,1,True,1,True,2,True,2,True,2,recovered,True,True,recovered,3.84832105,0.6813757051713765,2,True,True,True,True,True,1,True,1,True,2,True,2,True,2
48,R_to_P,recovered,True,True,not_recovered,175.69169428000004,46.75531521439552,400,False,False,False,True,False,1,False,1,True,7,True,10,True,26,recovered,True,True,not_recovered,487.53827728,137.46928256493993,1510,False,False,False,True,False,1,False,1,True,7,True,10,True,32
49,R_to_P,recovered,True,True,recovered,5.004906789000001,1.0750836462248117,79,False,True,True,True,True,3,True,4,True,11,True,16,True,25,recovered,True,True,recovered,9.401151814,2.288287021452561,173,False,True,True,True,True,3,True,4,True,11,True,18,True,33
50,R_to_P,recovered,True,True,not_recovered,2.8142829980000004,0.662502315826714,57,False,False,False,False,False,2,False,6,True,16,True,21,True,46,recovered,True,True,not_recovered,4.7692844800000005,1.0552058862522244,63,False,False,False,False,False,2,False,6,True,16,True,23,True,48
51,R_to_P,recovered,True,True,recovered,3.4297641579999993,1.178134466521442,38,False,True,True,True,False,1,False,1,True,3,True,3,True,8,recovered,True,True,recovered,6.806186445,1.8955055167898536,60,False,True,True,True,False,1,False,1,True,3,True,3,True,11
52,P_to_R,recovered,True,True,recovered,5.002302493999999,0.8944080155342817,1,True,True,True,True,True,1,True,1,True,1,True,1,True,1,recovered,True,True,recovered,13.755703257999999,2.7134217685088515,11,True,True,True,True,True,1,True,1,True,1,True,1,True,3
53,R_to_P,recovered,True,True,recovered,10.934539684000002,3.468972496688366,47,True,True,True,True,True,2,True,2,True,4,True,6,True,13,recovered,True,True,recovered,17.877802611,4.99523794464767,65,True,True,True,True,True,2,True,2,True,4,True,6,True,13
54,R_to_P,recovered,True,True,recovered,4.175505543,0.7991798343136907,1,True,True,True,True,True,1,True,1,True,1,True,1,True,1,recovered,True,True,recovered,8.238157384,1.459291173145175,4,True,True,True,True,True,1,True,1,True,1,True,2,True,4
55,R_to_P,recovered,True,True,recovered,10.090685631,1.9118188498541713,3,True,True,True,True,True,1,True,1,True,1,True,1,True,2,recovered,True,True,recovered,38.506665313999996,8.34381022118032,80,True,True,True,True,True,1,True,1,True,1,True,1,True,2
56,R_to_P,recovered,True,True,recovered,48.506739790000005,13.455511807464063,54,True,True,True,True,True,1,True,1,True,1,True,1,True,1,recovered,True,True,recovered,61.666706707,15.753205798566341,62,True,True,True,True,True,1,True,1,True,1,True,1,True,2
57,R_to_P,recovered,True,True,recovered,1.7599169409999997,0.3631091918796301,5,True,True,True,True,True,1,True,1,True,2,True,2,True,2,recovered,True,True,recovered,5.614317826000001,1.3621623390354216,21,True,True,True,True,True,1,True,1,True,2,True,2,True,2
58,P_to_R,recovered,True,True,recovered,3.9448984309999995,0.7318672926630825,10,True,True,True,True,True,1,True,1,True,1,True,1,True,8,recovered,True,True,recovered,10.810896727,2.240024663740769,51,True,True,True,True,True,1,True,1,True,1,True,1,True,9
59,R_to_P,recovered,True,True,recovered,3.7040746689999997,0.7568679193500429,2,True,True,True,True,True,1,True,1,True,2,True,2,True,2,recovered,True,True,recovered,8.241380832,1.4782982603646815,8,True,True,True,True,True,1,True,1,True,2,True,2,True,2
60,R_to_P,recovered,True,True,recovered,1.9821297129999995,0.3829352625180036,1,True,True,True,True,True,1,True,1,True,1,True,1,True,1,recovered,True,True,recovered,4.444797423,0.8643668184522539,21,True,True,True,True,True,1,True,1,True,1,True,2,True,6
61,R_to_P,recovered,True,True,recovered,43.468360162,9.157597330864519,64,True,True,True,True,True,2,True,2,True,6,True,8,True,24,recovered,True,True,recovered,90.934108636,17.401518610771745,116,True,True,True,True,True,2,True,2,True,6,True,8,True,31
62,R_to_P,recovered,True,True,recovered,5.3701313840000005,0.8574443175457418,3,True,True,True,True,True,1,True,1,True,1,True,1,True,3,recovered,True,True,recovered,17.45068275,6.134065314428881,18,True,True,True,True,True,1,True,1,True,1,True,1,True,3
63,P_to_R,recovered,True,True,recovered,2.5815354249999998,0.493942198343575,1,True,True,True,True,True,1,True,1,True,1,True,1,True,1,recovered,True,True,recovered,5.954841214,1.133978032739833,23,True,True,True,True,True,1,True,1,True,1,True,1,True,4
64,R_to_P,recovered,True,True,recovered,3.7255503559999994,0.794214335270226,39,True,True,True,True,True,1,True,1,True,3,True,3,True,4,recovered,True,True,recovered,6.888098006,1.5359484357759356,106,True,True,True,True,True,1,True,1,True,3,True,3,True,5
65,P_to_R,recovered,True,True,recovered,4.933659147999998,0.7864292915910482,1,True,True,True,True,True,1,True,1,True,1,True,1,True,1,recovered,True,True,recovered,15.127475411999999,2.721107603982091,32,True,True,True,True,True,1,True,1,True,1,True,1,True,6
66,R_to_P,recovered,True,True,recovered,419.02430956200004,121.38301827572286,236,False,True,True,True,False,1,False,1,True,3,True,3,True,4,recovered,True,True,recovered,450.53967458200003,128.8948262417689,423,False,True,True,True,False,1,False,1,True,3,True,3,True,5
67,R_to_P,recovered,True,True,recovered,7.117968370999999,1.2723503084853292,9,True,True,True,True,True,1,True,1,True,3,True,3,True,7,recovered,True,True,recovered,19.951715381999996,4.530069844797254,13,True,True,True,True,True,1,True,1,True,3,True,3,True,7
68,R_to_P,recovered,True,True,recovered,25.46558001,6.745514253154397,27,True,True,True,True,True,1,True,1,True,2,True,2,True,2,recovered,True,True,recovered,89.93551040800001,20.370305586606264,148,True,True,True,True,True,1,True,1,True,2,True,2,True,5
69,R_to_P,recovered,True,True,recovered,32.003870043,7.736580166965723,75,False,True,True,True,True,2,True,2,True,4,True,6,True,11,recovered,True,True,recovered,54.061290273000004,11.664735668804497,90,False,True,True,True,True,2,True,2,True,4,True,6,True,16
70,R_to_P,recovered,True,True,recovered,4.4727380750000005,1.255507695954293,8,True,True,True,True,True,1,True,1,True,2,True,2,True,2,recovered,True,True,recovered,10.245149468,2.8201497020199895,40,True,True,True,True,True,1,True,1,True,2,True,2,True,4
71,R_to_P,recovered,True,True,recovered,28.057739410000003,5.485055027296767,77,True,True,True,True,True,2,True,2,True,6,True,8,True,24,recovered,True,True,recovered,58.248341851000006,11.573501530801877,135,True,True,True,True,True,2,True,2,True,6,True,8,True,32
72,R_to_P,recovered,True,True,recovered,6.794479464,1.2866011960431933,2,True,True,True,True,True,1,True,1,True,1,True,1,True,2,recovered,True,True,recovered,13.297337269,2.1935670748353004,12,True,True,True,True,True,1,True,1,True,1,True,2,True,5
73,P_to_R,recovered,True,True,recovered,2.2503581429999997,0.5559594426304102,1,True,True,True,True,True,1,True,1,True,1,True,1,True,1,recovered,True,True,recovered,4.789509984,1.123730780556798,2,True,True,True,True,True,1,True,1,True,1,True,2,True,2
74,P_to_R,recovered,True,True,recovered,21.238320578999996,3.383500044234097,7,True,True,True,True,True,1,True,1,True,1,True,1,True,4,recovered,True,True,recovered,48.695817687999984,7.560784697299823,15,True,True,True,True,True,1,True,1,True,1,True,1,True,6
75,R_to_P,recovered,True,True,recovered,2.0266203419999997,0.5035718292929232,1,True,True,True,True,True,1,True,1,True,1,True,1,True,1,recovered,True,True,recovered,4.437443455,0.9183192912023515,12,True,True,True,True,True,1,True,1,True,1,True,1,True,2
76,P_to_R,recovered,True,True,recovered,5.081782542,2.060351225081831,12,True,True,True,True,True,1,True,1,True,2,True,3,True,7,recovered,True,True,recovered,16.383428122999998,5.020359635353088,50,True,True,True,True,True,1,True,1,True,2,True,3,True,8
77,R_to_P,recovered,True,True,recovered,14.885190038000001,4.425209025852382,31,True,True,True,True,True,1,True,1,True,3,True,3,True,6,recovered,True,True,recovered,22.232750821,6.676471506711096,69,True,True,True,True,True,1,True,1,True,3,True,3,True,8
78,R_to_P,recovered,True,True,recovered,7.959886482,1.9073153967037797,6,True,True,True,True,True,1,True,1,True,1,True,1,True,6,recovered,True,True,recovered,19.937183202999996,4.291798055404797,22,True,True,True,True,True,1,True,1,True,1,True,1,True,7
79,R_to_P,recovered,True,True,recovered,13.636766939000001,3.600526726571843,54,True,True,True,True,True,1,True,1,True,2,True,2,True,4,recovered,True,True,recovered,19.866740692000004,5.582012623548508,87,True,True,True,True,True,1,True,1,True,2,True,2,True,4
80,R_to_P,recovered,True,True,recovered,19.355872941999998,5.178233260754496,31,True,True,True,True,True,1,True,1,True,2,True,2,True,3,recovered,True,True,recovered,41.392784045999996,10.69441227754578,66,True,True,True,True,True,1,True,1,True,2,True,2,True,6
81,R_to_P,recovered,True,True,recovered,5.794299804,1.0202897461131215,2,True,True,True,True,True,1,True,1,True,1,True,1,True,2,recovered,True,True,recovered,18.118910926999998,3.8869969020597637,41,True,True,True,True,True,1,True,1,True,1,True,1,True,5
82,P_to_R,recovered,True,True,recovered,1.6627003690000004,0.31189210433512926,1,True,True,True,True,True,1,True,1,True,1,True,1,True,1,recovered,True,True,recovered,3.5851020000000005,0.6957156397402287,12,True,True,True,True,True,1,True,1,True,1,True,2,True,3
83,R_to_P,recovered,True,True,recovered,12.730802408,2.139480562414974,13,False,True,True,True,True,2,True,2,True,4,True,6,True,7,recovered,True,True,recovered,26.68688626,4.225439773872495,15,False,True,True,True,True,2,True,2,True,4,True,6,True,9
84,R_to_P,recovered,True,True,recovered,21.151095457,4.174506305716932,23,True,True,True,True,True,2,True,2,True,4,True,6,True,11,recovered,True,True,recovered,39.03924101799999,7.534252680605277,39,True,True,True,True,True,2,True,2,True,4,True,6,True,14
85,P_to_R,recovered,True,True,recovered,15.550874979000001,2.3649174105376005,7,True,True,True,True,True,1,True,1,True,1,True,1,True,3,recovered,True,True,recovered,33.568694027,4.8646922167390585,25,True,True,True,True,True,1,True,1,True,1,True,1,True,6
86,R_to_P,recovered,True,True,recovered,8.151867112,2.253108074888587,39,True,True,True,True,True,1,True,1,True,2,True,2,True,2,recovered,True,True,recovered,11.349310810999999,2.874615380074829,46,True,True,True,True,True,1,True,1,True,2,True,2,True,2
87,R_to_P,recovered,True,True,recovered,6.7849612010000016,1.591623446205631,10,True,True,True,True,True,2,True,2,True,3,True,5,True,5,recovered,True,True,recovered,13.038716996000002,2.856033215066418,19,True,True,True,True,True,2,True,2,True,3,True,5,True,5
88,P_to_R,recovered,True,True,recovered,5.556257138,0.8861818062141538,5,True,True,True,True,True,1,True,1,True,1,True,1,True,2,recovered,True,True,recovered,16.603286497,3.019769183592871,49,True,True,True,True,True,1,True,1,True,1,True,1,True,8
89,R_to_P,recovered,True,True,recovered,4.198161593,0.775153742171824,3,True,True,True,True,True,1,True,1,True,1,True,1,True,1,recovered,True,True,recovered,8.619894891,1.5391376176849008,9,True,True,True,True,True,1,True,1,True,1,True,1,True,3
90,R_to_P,recovered,True,True,recovered,25.196945767000003,6.9990030862390995,50,True,True,True,True,True,2,True,2,True,4,True,4,True,7,recovered,True,True,recovered,32.934149292,9.246886575594544,73,True,True,True,True,True,2,True,2,True,4,True,4,True,8
91,R_to_P,recovered,True,True,recovered,23.213003944000004,5.719813911244273,30,True,True,True,True,True,1,True,1,True,3,True,3,True,9,recovered,True,True,recovered,173.23591053300004,47.60480322595686,204,True,True,True,True,True,1,True,1,True,3,True,3,True,9
92,R_to_P,recovered,True,True,recovered,5.721490942,1.3578291442245245,21,True,True,True,True,True,1,True,1,True,2,True,3,True,8,recovered,True,True,recovered,15.575287651,3.9913508081808686,94,True,True,True,True,True,1,True,1,True,2,True,3,True,9
93,R_to_P,recovered,True,True,recovered,5.361712783,1.6207663472741842,20,True,True,True,True,True,1,True,1,True,3,True,3,True,6,recovered,True,True,recovered,8.466866875000001,2.473042449913919,38,True,True,True,True,True,1,True,1,True,3,True,3,True,7
94,R_to_P,recovered,True,True,recovered,1.9018188820000002,0.35810467367991805,3,True,True,True,True,True,1,True,1,True,2,True,2,True,2,recovered,True,True,recovered,6.529932325,2.182173790410161,53,True,True,True,True,True,1,True,1,True,2,True,2,True,2
95,R_to_P,recovered,True,True,recovered,13.156669654000003,3.621110102161765,18,True,True,True,True,True,1,True,1,True,1,True,2,True,4,recovered,True,True,recovered,157.916769534,47.7081397799775,142,True,True,True,True,True,1,True,1,True,1,True,2,True,5
96,R_to_P,recovered,True,True,recovered,3.459370927,0.620420377003029,4,True,True,True,True,True,1,True,1,True,2,True,2,True,2,recovered,True,True,recovered,8.651570319000001,1.828710985602811,14,True,True,True,True,True,1,True,1,True,2,True,2,True,2
97,R_to_P,recovered,True,True,recovered,9.065642478000001,2.0906343781389296,18,True,True,True,True,True,1,True,1,True,3,True,3,True,5,recovered,True,True,recovered,159.255082728,42.2009796211496,90,True,True,True,True,True,1,True,1,True,3,True,3,True,5
98,R_to_P,recovered,True,True,recovered,2.5462957840000007,1.7582821631804109,19,True,True,True,True,True,1,True,1,True,3,True,3,True,5,recovered,True,True,recovered,5.321434501000001,2.40430317283608,32,True,True,True,True,True,1,True,1,True,3,True,3,True,6
99,R_to_P,recovered,True,True,recovered,5.852377729,1.6051443489268422,10,True,True,True,True,True,1,True,1,True,2,True,2,True,2,recovered,True,True,recovered,11.714921956,3.8119019134901464,24,True,True,True,True,True,1,True,1,True,2,True,2,True,2
100,R_to_P,recovered,True,True,recovered,8.709872412000001,2.697546772658825,6,True,True,True,True,True,1,True,1,True,1,True,1,True,1,recovered,True,True,recovered,44.133769392000005,11.697315257042646,116,True,True,True,True,True,1,True,1,True,1,True,1,True,1
101,R_to_P,recovered,True,True,recovered,4.009684867,0.9921710686758161,15,True,True,True,True,True,1,True,1,True,1,True,2,True,6,recovered,True,True,recovered,19.427908346000002,5.633643033914268,99,True,True,True,True,True,1,True,1,True,1,True,2,True,10
102,R_to_P,recovered,True,True,recovered,34.154163736,6.8170293886214495,50,True,True,True,True,True,1,True,1,True,3,True,3,True,8,recovered,True,True,recovered,153.84032988500002,34.95488638523966,186,True,True,True,True,True,1,True,1,True,3,True,3,True,9
103,R_to_P,recovered,True,True,recovered,20.809159226,5.470334690064192,17,True,True,True,True,True,1,True,1,True,2,True,2,True,6,recovered,True,True,recovered,104.797219618,28.426869058981538,83,True,True,True,True,True,1,True,1,True,2,True,2,True,6
104,R_to_P,recovered,True,True,recovered,13.363316469,4.154280040413141,29,True,True,True,True,True,1,True,1,True,1,True,1,True,2,recovered,True,True,recovered,30.907949401000003,9.38699288200587,61,True,True,True,True,True,1,True,1,True,1,True,1,True,2
105,R_to_P,recovered,True,True,recovered,3.9837344999999997,1.3593803215771914,25,True,True,True,True,True,1,True,1,True,1,True,1,True,1,recovered,True,True,recovered,7.059254632999999,2.589645498432219,30,True,True,True,True,True,1,True,1,True,1,True,1,True,2
106,R_to_P,recovered,True,True,recovered,31.554893063,5.250443982891738,12,True,True,True,True,True,1,True,1,True,1,True,1,True,3,recovered,True,True,recovered,147.36704809600002,33.850769801065326,114,True,True,True,True,True,1,True,1,True,1,True,1,True,10
107,R_to_P,recovered,True,True,recovered,26.867570276000002,4.189207176910713,30,True,True,True,True,True,1,True,1,True,1,True,1,True,12,recovered,True,True,recovered,180.092288024,51.845918607665226,159,True,True,True,True,True,1,True,1,True,1,True,1,True,12
108,R_to_P,recovered,True,True,recovered,36.408674132,8.070607834495604,51,True,True,True,True,True,1,True,1,True,1,True,2,True,17,recovered,True,True,recovered,101.233660905,21.893318601883948,133,True,True,True,True,True,1,True,1,True,1,True,2,True,21
109,R_to_P,recovered,True,True,recovered,8.259935534,1.659109452739358,7,True,True,True,True,True,2,True,2,True,2,True,2,True,6,recovered,True,True,recovered,18.197006580999997,4.360118224285543,31,True,True,True,True,True,2,True,2,True,2,True,2,True,6
110,R_to_P,recovered,True,True,recovered,44.15544500600001,12.158975741825998,56,True,True,True,True,True,1,True,1,True,1,True,2,True,4,recovered,True,True,recovered,120.84017247199999,32.51206967327744,99,True,True,True,True,True,1,True,1,True,1,True,2,True,5
111,R_to_P,recovered,True,True,recovered,30.722486516000004,8.914351048879325,47,True,True,True,True,True,1,True,1,True,3,True,4,True,15,recovered,True,True,recovered,152.039436612,46.41121803037822,178,True,True,True,True,True,1,True,1,True,3,True,4,True,21
112,R_to_P,recovered,True,True,recovered,7.735778601999999,3.032108360901475,22,True,True,True,True,True,1,True,1,True,1,True,2,True,5,recovered,True,True,recovered,41.754141907000005,12.62663912656717,105,True,True,True,True,True,1,True,1,True,1,True,2,True,5
113,R_to_P,recovered,True,True,recovered,31.946138230999995,5.636003358289599,35,True,True,True,True,True,1,True,1,True,2,True,3,True,12,recovered,True,True,recovered,145.28195907199998,32.019138674251735,150,True,True,True,True,True,1,True,1,True,2,True,3,True,12
114,P_to_R,recovered,True,True,recovered,3.277948115000001,0.711376023478806,10,True,True,True,True,True,1,True,1,True,1,True,1,True,2,recovered,True,True,recovered,7.0525463429999995,1.734066491946578,26,True,True,True,True,True,1,True,1,True,1,True,1,True,3
115,P_to_R,recovered,True,True,recovered,16.247972113000003,4.755787041969597,216,True,True,True,True,True,1,True,1,True,5,True,8,True,23,recovered,True,True,recovered,21.010279449000002,5.632218294311315,279,True,True,True,True,True,1,True,1,True,5,True,8,True,37
116,R_to_P,recovered,True,True,recovered,26.988699813,5.721077676862478,44,True,True,True,True,True,1,True,1,True,2,True,3,True,5,recovered,True,True,recovered,58.742787978,13.68555856239982,81,True,True,True,True,True,1,True,1,True,2,True,3,True,7
117,P_to_R,recovered,True,True,recovered,3.0569311579999994,0.5378773377742618,2,True,True,True,True,True,1,True,1,True,1,True,1,True,1,recovered,True,True,recovered,14.632907072999998,3.3314956633839756,73,True,True,True,True,True,1,True,1,True,1,True,1,True,4
118,R_to_P,recovered,True,True,recovered,36.76618295,6.392822818830609,50,True,True,True,True,True,2,True,2,True,3,True,5,True,13,recovered,True,True,recovered,70.58427078499999,13.317233277950436,101,True,True,True,True,True,2,True,2,True,3,True,5,True,18
119,R_to_P,recovered,True,True,recovered,10.692104275,2.648679753765464,39,True,True,True,True,True,2,True,2,True,6,True,8,True,21,recovered,True,True,recovered,20.840289675,4.9661221576388925,55,True,True,True,True,True,2,True,2,True,6,True,8,True,27
120,R_to_P,recovered,True,True,recovered,28.660718085000006,3.5173688922077417,7,True,True,True,True,True,1,True,1,True,1,True,2,True,3,recovered,True,True,recovered,262.2876764530001,76.23734017368406,107,True,True,True,True,True,1,True,1,True,1,True,2,True,5
121,R_to_P,recovered,True,True,recovered,38.749382010000005,10.09252033662051,32,True,True,True,True,True,1,True,1,True,2,True,3,True,4,recovered,True,True,recovered,84.482814566,25.228122690459713,51,True,True,True,True,True,1,True,1,True,2,True,3,True,5
122,R_to_P,recovered,True,True,recovered,5.2253208,1.5173076561186463,21,True,True,True,True,True,1,True,1,True,2,True,3,True,4,recovered,True,True,recovered,34.514378521999994,14.380346812540665,79,True,True,True,True,True,1,True,1,True,2,True,3,True,5
123,R_to_P,recovered,True,True,recovered,29.942281649999998,5.953422453254461,117,False,True,True,True,True,2,True,2,True,6,True,8,True,14,recovered,True,True,recovered,55.18197248799999,10.31230266392231,178,False,True,True,True,True,2,True,2,True,6,True,8,True,22
124,R_to_P,recovered,True,True,recovered,16.729442454000004,3.676169025711715,57,True,True,True,True,True,1,True,1,True,4,True,4,True,7,recovered,True,True,recovered,23.343998457,4.99112143414095,86,True,True,True,True,True,1,True,1,True,4,True,4,True,10
125,R_to_P,recovered,True,True,recovered,22.427108454000003,5.09232085919939,17,True,True,True,True,True,1,True,1,True,1,True,2,True,4,recovered,True,True,recovered,72.38667310000001,18.743320665322244,58,True,True,True,True,True,1,True,1,True,1,True,2,True,6
126,R_to_P,recovered,True,True,recovered,20.819802950000003,5.508955321274698,19,True,True,True,True,True,1,True,1,True,3,True,4,True,6,recovered,True,True,recovered,147.86821525000002,43.29789951257408,990,True,True,True,True,True,1,True,1,True,3,True,4,True,8
127,R_to_P,recovered,True,True,recovered,13.769314340999998,4.816403123550117,15,True,True,True,True,True,1,True,1,True,1,True,2,True,5,recovered,True,True,recovered,206.88420357200002,63.703000023029745,190,True,True,True,True,True,1,True,1,True,1,True,2,True,6
128,R_to_P,recovered,True,True,recovered,57.078612925,11.387133076786995,42,True,True,True,True,True,1,True,1,True,2,True,3,True,10,recovered,True,True,recovered,117.63741732,26.050889800302684,64,True,True,True,True,True,1,True,1,True,2,True,3,True,12
129,R_to_P,recovered,True,True,recovered,3.701913179,0.6817591451108456,9,True,True,True,True,True,1,True,1,True,1,True,2,True,2,recovered,True,True,recovered,51.05089501799999,16.081061688251793,64,True,True,True,True,True,1,True,1,True,1,True,2,True,2
130,P_to_R,recovered,True,True,recovered,13.603542992,3.2918395567685366,38,True,True,True,True,True,1,True,1,True,4,True,4,True,5,recovered,True,True,recovered,163.242095711,35.09856421779841,3151,True,True,True,True,True,1,True,1,True,4,True,4,True,5
131,R_to_P,recovered,True,True,recovered,49.670680024,9.692130370996892,72,True,True,True,True,True,1,True,1,True,2,True,3,True,15,recovered,True,True,recovered,439.790783667,126.81985701620579,325,True,True,True,True,True,1,True,1,True,2,True,3,True,18
132,R_to_P,recovered,True,True,recovered,13.678951024,3.505896745249629,64,True,True,True,True,True,1,True,1,True,5,True,6,True,18,recovered,True,True,recovered,45.388276573999995,14.77159719914198,124,True,True,True,True,True,1,True,1,True,5,True,6,True,21
133,R_to_P,recovered,True,True,recovered,3.1823107649999995,0.8195898840203881,20,True,True,True,True,True,2,True,2,True,5,True,7,True,16,recovered,True,True,recovered,6.409124864,1.4920020652934909,28,True,True,True,True,True,2,True,2,True,5,True,7,True,19
134,P_to_R,recovered,True,True,recovered,8.455734761999999,1.2517421627417207,18,True,True,True,True,True,1,True,1,True,2,True,4,True,7,recovered,True,True,recovered,125.78348337999999,27.909687015227973,399,True,True,True,True,True,1,True,1,True,2,True,4,True,7
135,R_to_P,recovered,True,True,recovered,100.291251719,13.378806723281741,57,True,True,True,True,True,1,True,1,True,1,True,2,True,15,recovered,True,True,recovered,273.91103780900005,41.562810643343255,141,True,True,True,True,True,1,True,1,True,1,True,2,True,19
136,R_to_P,recovered,True,True,recovered,4.186006475999999,1.1064276583492756,11,True,True,True,True,True,1,True,1,True,1,True,1,True,4,recovered,True,True,recovered,23.909928974999996,7.207905143732205,42,True,True,True,True,True,1,True,1,True,1,True,1,True,4
137,R_to_P,recovered,True,True,recovered,8.974445637999999,2.0362159044016153,12,True,True,True,True,True,1,True,1,True,1,True,2,True,4,recovered,True,True,recovered,39.441508862999996,11.379022897453979,83,True,True,True,True,True,1,True,1,True,1,True,2,True,7
138,R_to_P,recovered,True,True,recovered,13.009818102999999,4.065864095464349,26,True,True,True,True,True,1,True,1,True,1,True,2,True,8,recovered,True,True,recovered,65.24549263,17.514185773208737,111,True,True,True,True,True,1,True,1,True,1,True,2,True,14
139,R_to_P,recovered,True,True,recovered,5.647597457000001,1.8508697841316462,13,False,True,True,True,True,2,True,2,True,4,True,6,True,9,recovered,True,True,recovered,11.541235144000002,3.02090647444129,22,False,True,True,True,True,2,True,2,True,4,True,6,True,9
140,P_to_R,recovered,True,True,recovered,4.180198562,1.2291375980712473,48,True,True,True,True,True,1,True,1,True,3,True,4,True,11,recovered,True,True,recovered,8.19501189,2.1991780661046505,124,True,True,True,True,True,1,True,1,True,4,True,5,True,18
141,R_to_P,recovered,True,True,recovered,20.868098426999996,8.452484580688179,86,True,True,True,True,True,1,True,1,True,2,True,3,True,4,recovered,True,True,recovered,54.004049249000005,17.29333141539246,223,True,True,True,True,True,1,True,1,True,2,True,3,True,7
142,R_to_P,recovered,True,True,recovered,4.972824991,1.0534857106395066,18,True,True,True,True,True,1,True,1,True,1,True,2,True,4,recovered,True,True,recovered,10.292575949,2.2518610905390233,33,True,True,True,True,True,1,True,1,True,1,True,2,True,4
143,R_to_P,recovered,True,True,recovered,60.419139382000004,10.953605339862406,69,True,True,True,True,True,1,True,1,True,2,True,3,True,9,recovered,True,True,recovered,730.9666095460001,184.2597935460508,457,True,True,True,True,True,1,True,1,True,2,True,3,True,13
144,R_to_P,recovered,True,True,recovered,2.5614619140000006,0.5365664383862168,18,True,True,True,True,True,1,True,1,True,1,True,1,True,3,recovered,True,True,recovered,5.719778561,1.7584905417170376,47,True,True,True,True,True,1,True,1,True,1,True,1,True,3
145,R_to_P,recovered,True,True,recovered,5.342100513,1.06271757860668,19,True,True,True,True,True,1,True,1,True,1,True,2,True,7,recovered,True,True,recovered,13.491443294,4.21750213066116,25,True,True,True,True,True,1,True,1,True,1,True,2,True,9
146,R_to_P,recovered,True,True,recovered,122.74134183899999,39.300070928409696,193,True,True,True,True,True,2,True,2,True,3,True,5,True,5,recovered,True,True,recovered,130.91495979399997,40.98672864516266,205,True,True,True,True,True,2,True,2,True,3,True,5,True,5
147,R_to_P,recovered,True,True,recovered,17.791220026,4.755178087390959,57,True,True,True,True,True,1,True,1,True,1,True,2,True,10,recovered,True,True,recovered,45.934775439,12.18324074614793,238,True,True,True,True,True,1,True,1,True,1,True,2,True,13
148,R_to_P,recovered,True,True,recovered,2.790013468999999,0.7621007391717285,4,True,True,True,True,True,1,True,1,True,2,True,3,True,4,recovered,True,True,recovered,5.905425443999999,2.905088029569015,4,True,True,True,True,True,1,True,1,True,2,True,3,True,4
149,R_to_P,recovered,True,True,recovered,67.75572518199998,16.618083755252883,88,True,True,True,True,True,1,True,1,True,2,True,2,True,3,recovered,True,True,recovered,190.77591191999997,43.18328951881267,201,True,True,True,True,True,1,True,1,True,2,True,2,True,5
150,R_to_P,recovered,True,True,recovered,73.63025637,20.109971042722464,109,True,True,True,True,True,1,True,1,True,4,True,5,True,14,recovered,True,True,recovered,166.036263646,43.48087879270315,177,True,True,True,True,True,1,True,1,True,4,True,5,True,22
151,P_to_R,recovered,True,True,recovered,45.106569397,15.284683907637373,248,False,True,True,True,True,2,True,2,True,10,True,13,True,24,recovered,True,True,recovered,112.622803701,29.304101047338918,1014,False,True,True,True,True,2,True,2,True,11,True,14,True,38
152,R_to_P,recovered,True,True,recovered,165.301477011,48.41825919528492,177,True,True,True,True,True,1,True,1,True,1,True,2,True,13,recovered,True,True,recovered,238.315405983,66.98118461552076,282,True,True,True,True,True,1,True,1,True,1,True,2,True,15
153,R_to_P,recovered,True,True,recovered,43.243420758000006,7.021160202100873,46,False,True,True,True,True,2,True,2,True,3,True,5,True,10,recovered,True,True,recovered,75.43566950800002,12.043978645699099,57,False,True,True,True,True,2,True,2,True,3,True,5,True,12
154,R_to_P,recovered,True,True,recovered,54.80809459500001,14.60953443706967,33,True,True,True,True,True,1,True,1,True,1,True,1,True,3,recovered,True,True,recovered,463.2472002039999,106.12848377879709,505,True,True,True,True,True,1,True,1,True,1,True,2,True,4
155,R_to_P,recovered,True,True,recovered,11.111554347,2.9396629373077303,44,True,True,True,True,True,2,True,2,True,3,True,5,True,7,recovered,True,True,recovered,25.516257265,6.704460873035714,78,True,True,True,True,True,2,True,2,True,3,True,5,True,9
156,P_to_R,recovered,True,True,recovered,64.179956039,22.60783157660626,223,True,True,True,True,True,1,True,1,True,3,True,4,True,11,recovered,True,True,recovered,113.86350308499999,33.63288573618047,418,True,True,True,True,True,1,True,1,True,3,True,5,True,14
157,R_to_P,recovered,True,True,recovered,58.280852057999994,10.3748594308272,28,True,True,True,True,True,1,True,1,True,3,True,4,True,9,recovered,True,True,recovered,182.185919321,32.609850630164146,108,True,True,True,True,True,1,True,1,True,3,True,4,True,18
158,R_to_P,recovered,True,True,recovered,7.438658155,2.832352079451084,17,True,True,True,True,True,1,True,1,True,1,True,2,True,8,recovered,True,True,recovered,28.110854874999998,8.20718255173415,104,True,True,True,True,True,1,True,1,True,1,True,2,True,13
159,R_to_P,recovered,True,True,recovered,9.070965734,3.3335254713892937,21,True,True,True,True,True,1,True,1,True,2,True,3,True,9,recovered,True,True,recovered,72.054714922,19.08246683422476,115,True,True,True,True,True,1,True,1,True,2,True,3,True,13
160,R_to_P,recovered,True,True,recovered,12.759662505,3.7846533143892884,38,True,True,True,True,True,1,True,1,True,3,True,3,True,6,recovered,True,True,recovered,26.766068657,8.102719063870609,80,True,True,True,True,True,1,True,1,True,3,True,3,True,6
161,P_to_R,recovered,True,True,recovered,11.320840076000001,3.618056248873472,70,True,True,True,True,True,1,True,1,True,3,True,3,True,7,recovered,True,True,recovered,23.116994939,6.566397920250893,248,True,True,True,True,True,1,True,1,True,4,True,4,True,14
162,R_to_P,recovered,True,True,recovered,17.619599357000002,3.728361046873033,82,False,True,True,True,True,2,True,2,True,7,True,9,True,29,recovered,True,True,recovered,58.215866586000004,15.467585305683315,200,False,True,True,True,True,2,True,2,True,7,True,9,True,39
163,R_to_P,recovered,True,True,recovered,11.657403419,2.925351047888398,27,True,True,True,True,True,1,True,2,True,3,True,5,True,10,recovered,True,True,recovered,31.883973594,7.9913131864741445,90,True,True,True,True,True,1,True,2,True,3,True,5,True,10
164,R_to_P,recovered,True,True,recovered,167.976133101,24.333159058354795,147,True,True,True,True,True,2,True,2,True,4,True,6,True,20,recovered,True,True,recovered,330.971042168,48.23513217968866,226,True,True,True,True,True,2,True,2,True,4,True,6,True,22
165,R_to_P,recovered,True,True,recovered,2.5020893409999996,2.024199530016631,2,True,True,True,True,True,1,True,1,True,1,True,1,True,1,recovered,True,True,recovered,6.129844843000001,2.7998666900675744,9,True,True,True,True,True,1,True,1,True,1,True,1,True,1
166,P_to_R,recovered,True,True,recovered,5.583594613,2.423922130605206,11,True,True,True,True,True,1,True,1,True,1,True,1,True,2,recovered,True,True,recovered,10.128299282,3.2647638169582933,11,True,True,True,True,True,1,True,1,True,1,True,1,True,2
167,P_to_R,recovered,True,True,recovered,158.293432184,59.3920361478813,199,False,True,True,True,False,1,True,2,True,5,True,8,True,15,recovered,True,True,recovered,202.891630794,70.21332552284002,391,False,True,True,True,False,1,True,2,True,5,True,8,True,23
168,R_to_P,recovered,True,True,recovered,13.629560077999999,3.395961123984307,165,True,True,True,True,True,1,True,2,True,7,True,9,True,18,recovered,True,True,recovered,42.320616609,12.013524345587939,367,True,True,True,True,True,1,True,2,True,7,True,10,True,24
169,P_to_R,recovered,True,True,recovered,43.833838713,15.639805069658905,206,False,True,True,True,True,2,True,2,True,3,True,6,True,17,recovered,True,True,recovered,130.500721216,32.51652315026149,1185,False,True,True,True,True,2,True,3,True,4,True,10,True,27
170,P_to_R,recovered,True,True,recovered,4.685455485999999,0.803853876888752,14,True,True,True,True,True,1,True,1,True,2,True,3,True,4,recovered,True,True,recovered,29.442358082000005,7.152414010837674,109,True,True,True,True,True,1,True,1,True,2,True,3,True,4
171,R_to_P,recovered,True,True,recovered,60.418766707,15.841848995536566,46,True,True,True,True,True,1,True,2,True,2,True,3,True,4,recovered,True,True,recovered,136.11838309200002,38.9202027246356,290,True,True,True,True,True,1,True,2,True,2,True,3,True,8
172,R_to_P,recovered,True,True,recovered,7.480265348000001,2.308004343416542,12,True,True,True,True,True,1,True,1,True,2,True,3,True,4,recovered,True,True,recovered,19.909266609,5.316571612842381,14,True,True,True,True,True,1,True,1,True,2,True,3,True,6
173,R_to_P,recovered,True,True,recovered,15.379754556,4.472296945750713,49,True,True,True,True,True,1,True,1,True,3,True,4,True,8,recovered,True,True,recovered,62.251315391,18.362464065197855,148,True,True,True,True,True,1,True,1,True,3,True,4,True,17
174,R_to_P,recovered,True,True,recovered,20.664241133,3.931561124511063,12,True,True,True,True,True,1,True,2,True,2,True,3,True,4,recovered,True,True,recovered,59.681509285000004,12.233603231608868,38,True,True,True,True,True,1,True,2,True,2,True,3,True,6
175,R_to_P,recovered,True,True,recovered,23.264123413,6.3056153720244765,264,True,True,True,True,True,1,True,2,True,8,True,12,True,29,recovered,True,True,recovered,49.005647305,13.635273429565132,469,True,True,True,True,True,1,True,2,True,8,True,12,True,33
176,R_to_P,recovered,True,True,recovered,15.881357498999996,4.033725013956428,246,True,True,True,True,True,1,True,2,True,3,True,5,True,5,recovered,True,True,recovered,40.099871692,10.637906004209071,554,True,True,True,True,True,1,True,2,True,3,True,5,True,8
177,P_to_R,recovered,True,True,recovered,65.36792752399998,20.43512830673717,626,True,True,True,True,True,1,True,1,True,3,True,3,True,6,recovered,True,True,recovered,132.23810153899998,36.10197146353312,4556,True,True,True,True,True,1,True,1,True,3,True,4,True,12
178,R_to_P,recovered,True,True,recovered,40.782549586,10.626968334661797,97,True,True,True,True,True,1,True,3,True,5,True,8,True,22,recovered,True,True,recovered,69.90302973899999,18.49653225648217,179,True,True,True,True,True,1,True,3,True,5,True,12,True,44
179,R_to_P,recovered,True,True,recovered,8.646264775,2.583541978150606,10,True,True,True,True,True,1,True,1,True,1,True,2,True,7,recovered,True,True,recovered,43.450103511,12.602146551012993,34,True,True,True,True,True,1,True,1,True,1,True,2,True,8
180,R_to_P,recovered,True,True,recovered,3.3015268939999993,0.7252430310472846,11,True,True,True,True,True,1,True,1,True,1,True,2,True,6,recovered,True,True,recovered,22.015578197999996,5.798989113420248,66,True,True,True,True,True,1,True,1,True,1,True,2,True,7
181,R_to_P,recovered,True,True,recovered,136.43770702999998,34.69796123402193,70,True,True,True,True,True,3,True,3,True,6,True,6,True,14,recovered,True,True,recovered,264.51004571199996,65.45326093793847,328,False,True,True,True,True,3,True,3,True,6,True,6,True,16
182,P_to_R,recovered,True,True,recovered,48.312378791,16.673565065022558,94,True,True,True,True,True,2,True,2,True,7,True,10,True,17,recovered,True,True,recovered,194.43976896600003,47.262538915500045,615,True,True,True,True,True,2,True,2,True,10,True,18,True,34
183,R_to_P,recovered,True,True,recovered,5.862126975,1.151427717646584,16,True,True,True,True,True,1,True,1,True,2,True,2,True,6,recovered,True,True,recovered,11.563129988,2.2399915906134993,35,True,True,True,True,True,1,True,1,True,2,True,2,True,7
184,R_to_P,recovered,True,True,recovered,16.56869281,5.206625460647047,95,False,True,True,True,True,2,True,2,True,11,True,11,True,24,recovered,True,True,recovered,41.407459182,11.955096955411136,194,False,True,True,True,True,2,True,2,True,11,True,11,True,28
185,P_to_R,recovered,True,True,recovered,3.673323196,0.7424847995862365,17,True,True,True,True,True,1,True,1,True,1,True,1,True,1,recovered,True,True,recovered,6.119295406999999,1.5530652576126158,17,True,True,True,True,True,1,True,1,True,1,True,1,True,1
186,R_to_P,recovered,True,True,recovered,140.44716890900006,35.919201927259564,397,False,True,True,True,True,3,True,3,True,11,True,21,True,52,recovered,True,True,recovered,253.64214776000006,65.22716311225668,595,False,True,True,True,True,3,True,3,True,11,True,29,True,74
187,R_to_P,recovered,True,True,recovered,29.231176935999997,9.371871629264206,138,True,True,True,True,True,1,True,2,True,6,True,10,True,29,recovered,True,True,recovered,53.693441431,16.175754596246406,193,True,True,True,True,True,1,True,2,True,7,True,15,True,48
188,R_to_P,recovered,True,True,recovered,2.1803378550000003,0.44668616261333227,2,True,True,True,True,True,1,True,1,True,2,True,2,True,2,recovered,True,True,recovered,4.400189579000001,0.9012623243033886,5,True,True,True,True,True,1,True,1,True,2,True,2,True,5
189,R_to_P,recovered,True,True,recovered,2.771585046,0.5278329597786069,6,True,True,True,True,True,1,True,1,True,1,True,1,True,1,recovered,True,True,recovered,7.103207141,1.441935809329152,37,True,True,True,True,True,1,True,1,True,1,True,1,True,3
190,R_to_P,recovered,True,True,recovered,2.4070691340000003,0.4181794608011842,1,True,True,True,True,True,1,True,1,True,1,True,1,True,1,recovered,True,True,recovered,5.1216994069999995,2.242636166512966,1,True,True,True,True,True,1,True,1,True,1,True,1,True,1
191,P_to_R,recovered,True,True,recovered,2.972910435,0.5919140446931124,4,True,True,True,True,True,1,True,1,True,1,True,1,True,1,recovered,True,True,recovered,7.020064334999999,2.593481270596385,16,True,True,True,True,True,1,True,1,True,1,True,1,True,3
192,R_to_P,recovered,True,True,recovered,6.875839237,2.878389219753444,13,True,True,True,True,True,1,True,1,True,1,True,1,True,3,recovered,True,True,recovered,14.167512125000002,5.737417728640139,22,True,True,True,True,True,1,True,1,True,1,True,1,True,4
193,R_to_P,recovered,True,True,recovered,4.426049978999999,0.8447962589561939,8,True,True,True,True,True,1,True,1,True,1,True,1,True,6,recovered,True,True,recovered,41.554369982000004,11.254350177943707,59,True,True,True,True,True,1,True,1,True,1,True,1,True,6
194,R_to_P,recovered,True,True,recovered,339.716779061,75.74884773604572,203,False,True,True,True,True,2,True,2,True,14,True,18,True,56,recovered,True,True,recovered,461.90605730100003,100.34344930341467,334,False,True,True,True,True,2,True,2,True,14,True,20,True,77
195,R_to_P,recovered,True,True,recovered,23.565731727,4.593570452183485,16,True,True,True,True,True,1,True,1,True,1,True,1,True,5,recovered,True,True,recovered,47.83036602000001,9.447925758780912,37,True,True,True,True,True,1,True,1,True,1,True,1,True,6
196,R_to_P,recovered,True,True,recovered,47.39029332,8.704985200194642,28,True,True,True,True,True,1,True,1,True,1,True,1,True,6,recovered,True,True,recovered,165.61505288200001,30.770102112321183,62,True,True,True,True,True,1,True,1,True,1,True,1,True,10
197,R_to_P,recovered,True,True,recovered,7.390258439,1.3632115088403225,25,False,False,False,True,False,2,False,6,True,11,True,14,True,21,recovered,True,True,recovered,21.217877078999997,4.764962081797421,35,False,False,False,True,False,2,False,6,True,12,True,17,True,27
198,R_to_P,recovered,True,True,recovered,80.871976042,19.858883881010115,67,True,True,True,True,True,1,True,1,True,2,True,2,True,5,recovered,True,True,recovered,160.022314793,34.14073284319602,124,True,True,True,True,True,1,True,1,True,2,True,2,True,6
199,R_to_P,recovered,True,True,recovered,49.063765496,11.738298017997295,142,True,True,True,True,True,1,True,1,True,3,True,3,True,8,recovered,True,True,recovered,77.480818384,17.30841271346435,180,True,True,True,True,True,1,True,1,True,3,True,3,True,8
200,R_to_P,recovered,True,True,recovered,7.849682532000001,2.7459877505898476,34,True,True,True,True,True,1,True,1,True,2,True,2,True,5,recovered,True,True,recovered,64.254005348,18.129153604619205,245,True,True,True,True,True,1,True,1,True,2,True,2,True,6
201,R_to_P,recovered,True,True,recovered,76.988537676,19.14480373542756,201,True,True,True,True,True,1,True,1,True,2,True,2,True,8,recovered,True,True,recovered,330.19604511,83.22964240889996,440,True,True,True,True,True,1,True,1,True,2,True,2,True,8
202,R_to_P,recovered,True,True,recovered,64.82995695099999,19.31573750451207,96,False,True,True,True,True,4,True,4,True,6,True,11,True,16,recovered,True,True,recovered,145.55824814399998,41.918985270895064,224,False,True,True,True,True,4,True,4,True,9,True,14,True,20
203,R_to_P,recovered,True,True,recovered,1.9068866070000001,0.3814436923712492,2,True,True,True,True,True,1,True,1,True,1,True,1,True,2,recovered,True,True,recovered,3.913465169,0.7516006520017982,5,True,True,True,True,True,1,True,1,True,1,True,1,True,4
204,R_to_P,recovered,True,True,recovered,16.927829598,3.432795995147899,28,True,True,True,True,True,1,True,1,True,1,True,1,True,11,recovered,True,True,recovered,34.132298129999995,7.577450387412682,34,True,True,True,True,True,1,True,1,True,1,True,1,True,11
205,R_to_P,recovered,True,True,recovered,37.378967939,8.301701177144423,18,True,True,True,True,True,1,True,1,True,2,True,2,True,4,recovered,True,True,recovered,80.127083556,15.447424505604431,32,True,True,True,True,True,1,True,1,True,2,True,2,True,4
206,R_to_P,recovered,True,True,recovered,2.135829221,0.39214930799789727,1,True,True,True,True,True,1,True,1,True,1,True,1,True,1,recovered,True,True,recovered,4.132226855,0.7321310790721327,1,True,True,True,True,True,1,True,1,True,1,True,1,True,1
207,R_to_P,recovered,True,True,recovered,46.759167047,9.880552222020924,87,True,True,True,True,True,1,True,1,True,2,True,2,True,7,recovered,True,True,recovered,75.057489228,14.82742419000715,100,True,True,True,True,True,1,True,1,True,2,True,2,True,7
208,R_to_P,recovered,True,True,recovered,8.107258833,1.4555246708914638,9,True,True,True,True,True,1,True,1,True,1,True,1,True,3,recovered,True,True,recovered,45.175530693,10.32582308864221,87,True,True,True,True,True,1,True,1,True,1,True,1,True,3
209,R_to_P,recovered,True,True,recovered,53.707186101999994,11.675769838271663,80,True,True,True,True,True,1,True,1,True,2,True,2,True,8,recovered,True,True,recovered,97.480084321,19.771974249742925,121,True,True,True,True,True,1,True,1,True,2,True,2,True,11
210,R_to_P,recovered,True,True,recovered,11.44017229,3.23654271569103,120,True,True,True,True,True,1,True,1,True,1,True,1,True,5,recovered,True,True,recovered,21.776464560999997,6.172807080671191,199,True,True,True,True,True,1,True,1,True,1,True,1,True,5
211,R_to_P,recovered,True,True,recovered,2.000633214,0.4525049151852727,3,True,True,True,True,True,1,True,1,True,1,True,2,True,2,recovered,True,True,recovered,3.703730978,0.8336059935390949,3,True,True,True,True,True,1,True,1,True,1,True,2,True,2
212,R_to_P,recovered,True,True,recovered,5.894093127,1.1644227048382163,22,True,True,True,True,True,1,True,1,True,1,True,2,True,8,recovered,True,True,recovered,24.260114099999992,4.7774553233757615,153,True,True,True,True,True,1,True,1,True,1,True,2,True,10
213,R_to_P,recovered,True,True,recovered,48.539793000999985,12.489576844498515,74,True,True,True,True,True,1,True,1,True,3,True,3,True,5,recovered,True,True,recovered,199.32491043599995,56.85576049052179,175,True,True,True,True,True,1,True,1,True,3,True,3,True,5
214,R_to_P,recovered,True,True,recovered,88.295626645,11.938365383539349,39,True,True,True,True,True,1,True,1,True,2,True,2,True,8,recovered,True,True,recovered,243.63100588399996,38.18623562483117,81,True,True,True,True,True,1,True,1,True,2,True,2,True,11
215,R_to_P,recovered,True,True,recovered,26.880628675,6.073104319395497,16,True,True,True,True,True,1,True,2,True,3,True,4,True,7,recovered,True,True,recovered,42.692440253,9.514253193279728,32,True,True,True,True,True,1,True,2,True,3,True,5,True,11
216,R_to_P,recovered,True,True,recovered,59.828996701,11.487986902007833,81,True,True,True,True,True,1,True,1,True,2,True,2,True,6,recovered,True,True,recovered,107.68275413,22.661908847512677,88,True,True,True,True,True,1,True,1,True,2,True,2,True,6
217,R_to_P,recovered,True,True,recovered,5.5586937590000005,1.8206826797686517,29,True,True,True,True,True,1,True,1,True,2,True,2,True,4,recovered,True,True,recovered,27.071620558999996,6.40934580238536,53,True,True,True,True,True,1,True,1,True,2,True,2,True,6
218,R_to_P,recovered,True,True,recovered,2.110166972000001,0.4863220537081361,19,True,True,True,True,True,1,True,1,True,6,True,8,True,10,recovered,True,True,recovered,5.8623359420000005,1.4326419979333878,60,True,True,True,True,True,1,True,1,True,6,True,9,True,13
219,R_to_P,recovered,True,True,recovered,30.355040122000002,6.27472906652838,59,True,True,True,True,True,1,True,1,True,2,True,2,True,4,recovered,True,True,recovered,52.64735446500001,10.323948455043137,82,True,True,True,True,True,1,True,1,True,2,True,2,True,7
220,P_to_R,recovered,True,True,recovered,15.537756295,5.451946263201535,52,True,True,True,True,True,1,True,1,True,1,True,3,True,5,recovered,True,True,recovered,391.09626687800005,64.23437252920121,12492,True,True,True,True,True,1,True,1,True,1,True,3,True,6
221,R_to_P,recovered,True,True,recovered,7.730959453999997,1.9269268065690994,11,True,True,True,True,True,1,True,1,True,2,True,2,True,2,recovered,True,True,recovered,45.384603907000006,13.463497743010521,72,True,True,True,True,True,1,True,1,True,2,True,2,True,2
222,P_to_R,recovered,True,True,recovered,3.2415503419999996,1.0067841566633433,15,True,True,True,True,True,1,True,1,True,1,True,1,True,1,recovered,True,True,recovered,6.09158592,1.5587965012528002,20,True,True,True,True,True,1,True,1,True,1,True,1,True,1
223,R_to_P,recovered,True,True,recovered,13.942811008000003,3.4208695588167757,64,True,True,True,True,True,1,True,1,True,2,True,2,True,5,recovered,True,True,recovered,44.486371739000006,10.82254854729399,150,True,True,True,True,True,1,True,1,True,2,True,2,True,5
224,R_to_P,recovered,True,True,recovered,3.3541681929999996,0.7692153109237552,25,True,True,True,True,True,1,True,2,True,5,True,5,True,8,recovered,True,True,recovered,9.481668269999998,2.7202220438048244,64,True,True,True,True,True,1,True,2,True,5,True,5,True,10
225,R_to_P,recovered,True,True,recovered,1.5995904130000003,0.33280067914165556,3,True,True,True,True,True,1,True,1,True,1,True,1,True,2,recovered,True,True,recovered,3.3274786400000007,0.647483215900138,3,True,True,True,True,True,1,True,1,True,1,True,1,True,2
226,R_to_P,recovered,True,True,recovered,1.8833349840000002,0.38631721516139805,15,True,True,True,True,True,1,True,1,True,3,True,5,True,7,recovered,True,True,recovered,4.887161497,1.1516180953476578,38,True,True,True,True,True,1,True,1,True,3,True,5,True,7
227,R_to_P,recovered,True,True,recovered,1.946036777,0.4058970969635993,4,True,True,True,True,True,1,True,1,True,2,True,2,True,4,recovered,True,True,recovered,3.6118433140000006,0.7307603778317571,4,True,True,True,True,True,1,True,1,True,2,True,2,True,4
228,R_to_P,recovered,True,True,recovered,14.170880652,3.3530745941679925,180,True,True,True,True,True,1,True,2,True,4,True,6,True,14,recovered,True,True,recovered,77.95008373200001,21.11785209388472,1301,True,True,True,True,True,1,True,2,True,4,True,6,True,25
229,R_to_P,recovered,True,True,recovered,39.336249656,10.78219563048333,100,True,True,True,True,True,1,True,2,True,4,True,6,True,12,recovered,True,True,recovered,216.34914089800006,61.76055411808193,560,True,True,True,True,True,1,True,2,True,4,True,6,True,21
230,R_to_P,recovered,True,True,recovered,52.302149811,11.204354644753039,87,True,True,True,True,True,1,True,1,True,2,True,2,True,7,recovered,True,True,recovered,84.184350562,16.757482376880944,100,True,True,True,True,True,1,True,1,True,2,True,2,True,7
231,R_to_P,recovered,True,True,recovered,38.985481526,10.475685347802937,195,True,True,True,True,True,1,True,2,True,4,True,6,True,19,recovered,True,True,recovered,230.810438788,66.83453142177314,1286,True,True,True,True,True,1,True,2,True,4,True,6,True,25
232,R_to_P,recovered,True,True,recovered,4.341027217,0.9136629281565547,5,True,True,True,True,True,1,True,1,True,2,True,2,True,3,recovered,True,True,recovered,9.108476793,2.173148966394365,34,True,True,True,True,True,1,True,1,True,2,True,2,True,3
233,R_to_P,recovered,True,True,recovered,7.050702478000002,1.7238684454932809,67,True,True,True,True,True,1,True,1,True,3,True,3,True,9,recovered,True,True,recovered,17.184200794000002,4.279674012213945,214,True,True,True,True,True,1,True,1,True,4,True,4,True,16
234,R_to_P,recovered,True,True,recovered,4.668105162000001,1.172100038267672,20,True,True,True,True,True,1,True,1,True,3,True,5,True,18,recovered,True,True,recovered,9.276629474,2.3783889077603817,21,True,True,True,True,True,1,True,1,True,3,True,5,True,18
235,R_to_P,recovered,True,True,recovered,2.9055868149999995,1.00770568754524,3,True,True,True,True,True,1,True,1,True,1,True,1,True,2,recovered,True,True,recovered,5.204547796,1.4624524479731917,3,True,True,True,True,True,1,True,1,True,1,True,1,True,2
236,R_to_P,recovered,True,True,recovered,5.033971344999999,1.4105852684006095,10,False,True,True,True,True,2,True,2,True,4,True,4,True,5,recovered,True,True,recovered,8.163001432,2.0712180980481207,10,False,True,True,True,True,2,True,2,True,4,True,4,True,5
237,R_to_P,recovered,True,True,recovered,26.496585223000004,6.552055812906474,60,True,True,True,True,True,1,True,2,True,6,True,11,True,18,recovered,True,True,recovered,149.599079706,39.86751514300704,515,True,True,True,True,True,1,True,2,True,6,True,12,True,27
238,R_to_P,recovered,True,True,recovered,12.822139139,2.84518521791324,43,True,True,True,True,True,1,True,1,True,3,True,4,True,12,recovered,True,True,recovered,40.842751402,9.209404182853177,63,True,True,True,True,True,1,True,1,True,3,True,5,True,21
239,R_to_P,recovered,True,True,recovered,57.702374416000005,13.10507905506529,182,True,True,True,True,True,1,True,2,True,6,True,11,True,40,recovered,True,True,recovered,312.10492917,82.19504028256051,1020,True,True,True,True,True,1,True,2,True,6,True,11,True,47
240,R_to_P,recovered,True,True,recovered,2.5744929369999996,0.5281888958998024,6,True,True,True,True,True,1,True,1,True,2,True,2,True,3,recovered,True,True,recovered,5.658103807,1.415452612331137,11,True,True,True,True,True,1,True,1,True,2,True,2,True,3
241,R_to_P,recovered,True,True,recovered,7.382438496,1.312514633871615,18,True,True,True,True,True,1,True,1,True,1,True,1,True,4,recovered,True,True,recovered,14.9492962,2.722830937243998,31,True,True,True,True,True,1,True,1,True,1,True,1,True,5
242,R_to_P,recovered,True,True,recovered,6.329170764999999,1.6948286956176162,33,True,True,True,True,True,1,True,1,True,1,True,1,True,12,recovered,True,True,recovered,68.45522033900001,18.734132667072117,262,True,True,True,True,True,1,True,1,True,1,True,1,True,13
243,R_to_P,recovered,True,True,recovered,9.794380776,3.048259448260069,27,True,True,True,True,True,1,True,1,True,1,True,2,True,9,recovered,True,True,recovered,41.586722204000004,12.306237903423607,112,True,True,True,True,True,1,True,1,True,1,True,2,True,11
244,R_to_P,recovered,True,True,recovered,50.61824938,18.007705465890467,203,True,True,True,True,True,1,True,1,True,5,True,5,True,18,recovered,True,True,recovered,170.66649426700002,51.24757266230881,502,True,True,True,True,True,1,True,1,True,5,True,5,True,18
245,R_to_P,recovered,True,True,recovered,72.95543965200001,22.462947150692344,201,True,True,True,True,True,1,True,1,True,5,True,5,True,12,recovered,True,True,recovered,206.45265927199998,64.70547463744879,697,True,True,True,True,True,1,True,1,True,5,True,5,True,13
246,R_to_P,recovered,True,True,recovered,19.990816758,6.7983284359797835,26,False,True,True,True,False,1,False,1,True,2,True,2,True,9,recovered,True,True,recovered,46.354000227,14.636982838623226,64,False,True,True,True,False,1,False,1,True,2,True,2,True,11
247,R_to_P,recovered,True,True,recovered,9.257430076,3.7916226061061025,33,True,True,True,True,True,1,True,1,True,3,True,3,True,8,recovered,True,True,recovered,48.54252803699999,15.264063125941902,151,True,True,True,True,True,1,True,1,True,3,True,3,True,11
248,R_to_P,recovered,True,True,recovered,33.811545390999996,10.60509641515091,34,True,True,True,True,True,1,True,1,True,3,True,3,True,5,recovered,True,True,recovered,86.99916212399998,25.248934995150194,161,True,True,True,True,True,1,True,1,True,3,True,3,True,5
249,R_to_P,recovered,True,True,recovered,5.667040624999999,1.0017113275825977,11,True,True,True,True,True,1,True,1,True,1,True,2,True,6,recovered,True,True,recovered,18.407285041999998,3.740850339643657,46,True,True,True,True,True,1,True,1,True,1,True,2,True,7
250,R_to_P,recovered,True,True,recovered,3.3339334249999992,3.0336460936814547,5,True,True,True,True,True,1,True,1,True,1,True,2,True,4,recovered,True,True,recovered,7.6411829099999995,4.179973948048428,20,True,True,True,True,True,1,True,1,True,1,True,2,True,9
251,R_to_P,recovered,True,True,recovered,17.522190534,3.416129096178338,5,True,True,True,True,True,1,True,1,True,1,True,1,True,5,recovered,True,True,recovered,32.27828844300001,7.500062474282458,6,True,True,True,True,True,1,True,1,True,1,True,1,True,6
252,R_to_P,recovered,True,True,recovered,5.307066636,1.5384882353246212,34,True,True,True,True,True,1,True,1,True,3,True,3,True,9,recovered,True,True,recovered,9.787387507,2.7264546770602465,36,True,True,True,True,True,1,True,1,True,3,True,3,True,9
253,R_to_P,recovered,True,True,recovered,43.166876411,12.31315935216844,95,True,True,True,True,True,1,True,1,True,2,True,3,True,9,recovered,True,True,recovered,63.622102465999994,18.074286308139563,126,True,True,True,True,True,1,True,1,True,3,True,4,True,13
254,R_to_P,recovered,True,True,recovered,2.438956932000001,0.46100430097430944,28,True,True,True,True,True,2,True,2,True,6,True,8,True,19,recovered,True,True,recovered,5.273567327000001,1.041060525458306,34,True,True,True,True,True,2,True,2,True,6,True,8,True,22
255,R_to_P,recovered,True,True,recovered,22.500517703,6.14114901679568,41,True,True,True,True,True,1,True,1,True,1,True,1,True,6,recovered,True,True,recovered,42.476014907999996,12.3171405531466,54,True,True,True,True,True,1,True,1,True,1,True,1,True,6
256,R_to_P,recovered,True,True,recovered,14.687164645,2.6427621552720666,2,True,True,True,True,True,1,True,1,True,1,True,1,True,1,recovered,True,True,recovered,26.564325948,6.014341108268127,8,True,True,True,True,True,1,True,1,True,1,True,1,True,1
257,R_to_P,recovered,True,True,recovered,60.547559983,16.546260986244306,167,True,True,True,True,True,1,True,2,True,6,True,11,True,21,recovered,True,True,recovered,396.0878532740001,107.73022747854702,1268,True,True,True,True,True,1,True,2,True,6,True,11,True,29
258,R_to_P,recovered,True,True,recovered,7.316566833,1.9180623991414905,15,True,True,True,True,True,1,True,1,True,1,True,1,True,6,recovered,True,True,recovered,13.912235140000002,3.340822630794719,24,True,True,True,True,True,1,True,1,True,1,True,1,True,12
259,R_to_P,recovered,True,True,recovered,3.919491923,0.8267281539738178,42,True,True,True,True,True,1,True,1,True,1,True,1,True,8,recovered,True,True,recovered,7.840379688,1.6341977547854185,60,True,True,True,True,True,1,True,1,True,1,True,1,True,8
260,R_to_P,recovered,True,True,recovered,12.569152613,3.450923173688352,174,True,True,True,True,True,1,True,1,True,3,True,3,True,11,recovered,True,True,recovered,25.284938671,6.816470323130488,255,True,True,True,True,True,1,True,1,True,3,True,3,True,12
261,R_to_P,recovered,True,True,recovered,35.19066746099999,8.066394630819559,76,True,True,True,True,True,1,True,1,True,1,True,1,True,6,recovered,True,True,recovered,47.622643022999995,10.247297850437462,96,True,True,True,True,True,1,True,1,True,1,True,1,True,10
262,R_to_P,recovered,True,True,recovered,12.396213758999998,2.5061036311089993,19,True,True,True,True,True,1,True,1,True,1,True,1,True,3,recovered,True,True,recovered,24.805174088999998,5.041406447067857,33,True,True,True,True,True,1,True,1,True,1,True,1,True,6
263,P_to_R,recovered,True,True,recovered,3.471397842999999,0.6940098782069981,10,True,True,True,True,True,1,True,1,True,2,True,2,True,3,recovered,True,True,recovered,7.901373905999999,1.5953471246175468,31,True,True,True,True,True,1,True,1,True,2,True,2,True,7
264,R_to_P,recovered,True,True,recovered,6.879082068,1.312945730984211,4,False,True,True,True,True,2,True,2,True,4,True,4,True,4,recovered,True,True,recovered,16.238817936000004,3.4841358195990324,4,False,True,True,True,True,2,True,2,True,4,True,4,True,4
265,R_to_P,recovered,True,True,recovered,3.4409141819999998,0.6157842797692865,9,True,True,True,True,True,1,True,1,True,2,True,2,True,3,recovered,True,True,recovered,6.705235184999999,1.179657997796312,15,True,True,True,True,True,1,True,1,True,2,True,2,True,3
266,R_to_P,recovered,True,True,recovered,19.062561300999995,6.520548546919599,184,True,True,True,True,True,1,True,1,True,1,True,1,True,4,recovered,True,True,recovered,36.024205980999994,10.37984865019098,371,True,True,True,True,True,1,True,1,True,1,True,1,True,4
267,R_to_P,recovered,True,True,recovered,1.1229617209999998,0.24196177371777594,4,True,True,True,True,True,1,True,1,True,1,True,1,True,2,recovered,True,True,recovered,2.21534447,0.49295562016777694,6,True,True,True,True,True,1,True,1,True,1,True,1,True,2
268,R_to_P,recovered,True,True,recovered,110.997908559,30.18316685175523,343,False,False,True,True,False,1,False,2,True,4,True,9,True,19,recovered,True,True,recovered,172.083069716,46.60187830287032,407,False,True,True,True,False,1,False,2,True,5,True,11,True,33
269,R_to_P,recovered,True,True,recovered,7.692180100000001,2.309274237137288,50,True,True,True,True,True,1,True,1,True,3,True,3,True,7,recovered,True,True,recovered,16.361427548,4.475457805674523,117,True,True,True,True,True,1,True,1,True,3,True,3,True,9
270,R_to_P,recovered,True,True,recovered,15.172930636999999,2.996817243285477,28,True,True,True,True,True,1,True,1,True,2,True,2,True,5,recovered,True,True,recovered,121.090140811,29.617760553956032,207,True,True,True,True,True,1,True,1,True,2,True,2,True,8
271,P_to_R,recovered,True,True,recovered,1.1629468639999996,0.23451703833416104,1,True,True,True,True,True,1,True,1,True,1,True,1,True,1,recovered,True,True,recovered,2.5849141729999996,0.5154062532819808,1,True,True,True,True,True,1,True,1,True,1,True,1,True,1
272,R_to_P,recovered,True,True,recovered,12.123657301,4.08233298221603,100,True,True,True,True,True,1,True,1,True,2,True,2,True,13,recovered,True,True,recovered,19.638240247,6.607532088179141,157,True,True,True,True,True,1,True,1,True,2,True,2,True,13
273,R_to_P,recovered,True,True,recovered,38.07012362099999,8.29652291815728,21,True,True,True,True,True,1,True,1,True,2,True,2,True,6,recovered,True,True,recovered,67.496244291,14.505296168848872,30,True,True,True,True,True,1,True,1,True,2,True,2,True,7
274,R_to_P,recovered,True,True,recovered,5.605994841000001,1.352835570462048,61,True,True,True,True,True,1,True,1,True,3,True,3,True,7,recovered,True,True,recovered,30.374750310000003,7.065202521160245,197,True,True,True,True,True,1,True,1,True,3,True,3,True,7
275,R_to_P,recovered,True,True,recovered,13.620923445,2.5938638616353273,44,True,True,True,True,True,1,True,1,True,2,True,2,True,14,recovered,True,True,recovered,59.891447732,12.990844001993537,301,True,True,True,True,True,1,True,1,True,2,True,2,True,15
276,P_to_R,recovered,True,True,recovered,18.659621785000002,4.938591780140996,39,False,True,True,True,True,3,True,7,True,15,True,21,True,29,recovered,True,True,recovered,38.419729769,9.673600587062538,131,False,True,True,True,True,3,True,7,True,17,True,23,True,34
277,R_to_P,recovered,True,True,recovered,19.182485478000004,4.978437235578895,130,True,True,True,True,True,1,True,1,True,2,True,3,True,20,recovered,True,True,recovered,56.02353017600001,13.754599502310157,359,True,True,True,True,True,1,True,1,True,2,True,3,True,22
278,R_to_P,recovered,True,True,recovered,12.027892985,3.150780870113522,53,True,True,True,True,True,1,True,1,True,3,True,3,True,4,recovered,True,True,recovered,19.700004558,4.9908063928596675,88,True,True,True,True,True,1,True,1,True,3,True,3,True,6
279,R_to_P,recovered,True,True,recovered,14.895430155,2.475470846518874,8,True,True,True,True,True,1,True,1,True,2,True,2,True,5,recovered,True,True,recovered,31.398382065000003,5.310575288720429,26,True,True,True,True,True,1,True,1,True,2,True,2,True,5
280,R_to_P,recovered,True,True,recovered,11.442481079999999,2.859089219942689,58,True,True,True,True,True,1,True,1,True,1,True,1,True,3,recovered,True,True,recovered,28.225928321,7.136650429107249,284,True,True,True,True,True,1,True,1,True,1,True,1,True,3
281,R_to_P,recovered,True,True,recovered,4.967962974,0.9050835841335356,2,True,True,True,True,True,1,True,2,True,2,True,2,True,2,recovered,True,True,recovered,8.458082249999999,1.5068560424260795,3,True,True,True,True,True,1,True,2,True,2,True,2,True,3
282,R_to_P,recovered,True,True,recovered,9.212679434000002,2.0492891825269908,41,True,True,True,True,True,1,True,1,True,3,True,3,True,3,recovered,True,True,recovered,14.363331574000002,3.18255818169564,41,True,True,True,True,True,1,True,1,True,3,True,3,True,3
283,R_to_P,recovered,True,True,recovered,5.325122745,0.984510944224894,1,True,True,True,True,True,1,True,1,True,1,True,1,True,1,recovered,True,True,recovered,12.164092946999999,2.133651737589389,1,True,True,True,True,True,1,True,1,True,1,True,1,True,1
284,R_to_P,recovered,True,True,recovered,15.462149149000002,3.639335812535137,17,True,True,True,True,True,1,True,1,True,2,True,2,True,7,recovered,True,True,recovered,32.774992462,7.414613118395209,61,True,True,True,True,True,1,True,1,True,2,True,2,True,8
285,R_to_P,recovered,True,True,recovered,86.697497908,24.42617623717524,366,True,True,True,True,True,2,True,3,True,7,True,9,True,22,recovered,True,True,recovered,127.042440474,33.353149231290445,589,True,True,True,True,True,2,True,3,True,7,True,11,True,35
286,R_to_P,recovered,True,True,recovered,37.889265959,8.535776340635493,53,True,True,True,True,True,1,True,1,True,2,True,2,True,6,recovered,True,True,recovered,138.48806972900002,36.2173569847364,179,True,True,True,True,True,1,True,1,True,2,True,2,True,6
287,R_to_P,recovered,True,True,recovered,6.142852134,1.3271178465802222,17,True,True,True,True,True,1,True,1,True,3,True,3,True,5,recovered,True,True,recovered,39.297669089,10.012146817753091,208,True,True,True,True,True,1,True,1,True,3,True,3,True,5
288,R_to_P,recovered,True,True,recovered,15.012724018000002,3.2788042433094233,24,True,True,True,True,True,1,True,1,True,1,True,2,True,6,recovered,True,True,recovered,22.626343671,5.186993782874197,36,True,True,True,True,True,1,True,1,True,1,True,2,True,6
289,R_to_P,recovered,True,True,recovered,106.863663564,16.068769484758377,9,True,True,True,True,True,1,True,1,True,1,True,1,True,5,recovered,True,True,recovered,201.562933687,31.853876314125955,24,True,True,True,True,True,1,True,1,True,1,True,1,True,5
290,R_to_P,recovered,True,True,recovered,27.233749655000004,4.274918936192989,24,True,True,True,True,True,1,True,1,True,1,True,1,True,9,recovered,True,True,recovered,62.965868513000004,10.52073487918824,101,True,True,True,True,True,1,True,1,True,1,True,1,True,14
291,R_to_P,recovered,True,True,recovered,3.0186915100000005,0.6831552041694522,4,True,True,True,True,True,1,True,1,True,2,True,2,True,3,recovered,True,True,recovered,8.711344110999999,2.8543008379638195,14,True,True,True,True,True,1,True,1,True,2,True,2,True,3
292,R_to_P,recovered,True,True,recovered,2.5964344180000003,0.48231692984700203,2,True,True,True,True,True,1,True,1,True,1,True,1,True,2,recovered,True,True,recovered,5.1695075620000015,0.9778621848672628,2,True,True,True,True,True,1,True,1,True,1,True,1,True,2
293,R_to_P,recovered,True,True,recovered,8.167310869,2.2710234206169844,41,True,True,True,True,True,1,True,1,True,4,True,5,True,10,recovered,True,True,recovered,26.690183825,7.538802966475487,61,True,True,True,True,True,2,True,2,True,6,True,8,True,17
294,R_to_P,recovered,True,True,recovered,3.623839113999999,0.7201617369428277,3,True,True,True,True,True,1,True,1,True,1,True,1,True,1,recovered,True,True,recovered,6.095709593,1.181807764340192,3,True,True,True,True,True,1,True,1,True,1,True,1,True,1
295,R_to_P,recovered,True,True,recovered,176.44648195099998,52.254681448917836,283,True,True,True,True,True,2,True,3,True,5,True,6,True,11,recovered,True,True,recovered,232.65499995999997,65.8471299209632,462,True,True,True,True,True,2,True,3,True,5,True,6,True,14
296,R_to_P,recovered,True,True,recovered,37.907559062000004,8.43842992419377,91,True,True,True,True,True,2,True,3,True,5,True,6,True,8,recovered,True,True,recovered,79.93987150099998,18.21853959141299,166,True,True,True,True,True,2,True,3,True,5,True,6,True,15
297,R_to_P,recovered,True,True,recovered,60.529423605,14.452715442283079,225,False,True,True,True,True,2,True,3,True,8,True,10,True,24,recovered,True,True,recovered,225.46414189899997,61.26090928260237,351,False,True,True,True,True,2,True,3,True,8,True,11,True,27
298,R_to_P,recovered,True,True,recovered,6.8434247840000015,1.529772876529023,28,True,True,True,True,True,1,True,1,True,5,True,5,True,11,recovered,True,True,recovered,14.476887521000004,3.5379391899332404,81,True,True,True,True,True,1,True,1,True,5,True,5,True,14
299,R_to_P,recovered,True,True,recovered,3.0122226089999993,0.6393171902745962,8,True,True,True,True,True,1,True,1,True,2,True,3,True,4,recovered,True,True,recovered,8.216667258000001,1.960263934917748,64,True,True,True,True,True,1,True,1,True,2,True,3,True,4
300,R_to_P,recovered,True,True,recovered,16.549896812999997,4.005071298684925,76,True,True,True,True,True,1,True,1,True,3,True,6,True,19,recovered,True,True,recovered,36.829616144999996,9.147647729376331,243,True,True,True,True,True,1,True,1,True,3,True,6,True,24
301,R_to_P,recovered,True,True,recovered,43.61907752999999,6.251006410224363,12,True,True,True,True,True,1,True,1,True,2,True,2,True,4,recovered,True,True,recovered,164.417950054,32.78109184722416,65,True,True,True,True,True,1,True,1,True,2,True,2,True,6
302,R_to_P,recovered,True,True,recovered,26.829525642999997,5.30611321865581,30,True,True,True,True,True,1,True,1,True,1,True,1,True,7,recovered,True,True,recovered,54.278297355999996,10.090778545709327,48,True,True,True,True,True,1,True,1,True,1,True,1,True,7
303,R_to_P,recovered,True,True,recovered,1.3917845089999998,0.32749457634054124,4,True,True,True,True,True,2,True,4,True,4,True,4,True,4,recovered,True,True,recovered,3.1586656509999997,0.8158907562028617,4,True,True,True,True,True,2,True,4,True,4,True,4,True,4
304,R_to_P,recovered,True,True,recovered,6.4556887320000005,0.8991169249638915,4,True,True,True,True,True,1,True,1,True,2,True,2,True,3,recovered,True,True,recovered,60.414117520999994,16.547250103205442,220,True,True,True,True,True,1,True,1,True,2,True,2,True,4
305,R_to_P,recovered,True,True,recovered,25.559587149,6.504219464957714,67,True,True,True,True,True,1,True,1,True,2,True,3,True,8,recovered,True,True,recovered,55.439797516,14.169514486799017,97,True,True,True,True,True,1,True,1,True,2,True,3,True,12
306,R_to_P,recovered,True,True,recovered,5.243596501999999,1.3443906533066183,27,True,True,True,True,True,1,True,1,True,2,True,2,True,7,recovered,True,True,recovered,13.737289381,3.6668607564643025,46,True,True,True,True,True,1,True,1,True,2,True,2,True,7
307,R_to_P,recovered,True,True,recovered,78.256045612,15.79017109493725,48,True,True,True,True,True,1,True,1,True,1,True,1,True,16,recovered,True,True,recovered,640.466587864,160.78315032506362,154,True,True,True,True,True,1,True,1,True,1,True,1,True,17
308,R_to_P,recovered,True,True,recovered,55.697667537,7.440973788034171,4,True,True,True,True,True,1,True,1,True,1,True,1,True,4,recovered,True,True,recovered,104.48693978799999,18.254006369505078,4,True,True,True,True,True,1,True,1,True,1,True,1,True,4
309,P_to_R,recovered,True,True,recovered,78.97965255899999,20.88250485784374,42,True,True,True,True,True,1,True,1,True,1,True,1,True,2,recovered,True,True,recovered,86.82786049799998,22.84690883383155,49,True,True,True,True,True,1,True,1,True,1,True,1,True,5
310,R_to_P,recovered,True,True,recovered,2.399044793000001,0.44027092680335045,1,True,True,True,True,True,1,True,1,True,1,True,1,True,1,recovered,True,True,recovered,4.6933873230000005,0.8906793175265193,1,True,True,True,True,True,1,True,1,True,1,True,1,True,1
311,R_to_P,recovered,True,True,recovered,5.472669224,1.2875603036955,5,True,True,True,True,True,1,True,2,True,3,True,4,True,5,recovered,True,True,recovered,18.509163217,4.400461350567639,10,True,True,True,True,True,1,True,2,True,3,True,4,True,5
312,R_to_P,recovered,True,True,recovered,8.221913406,1.598612119909376,31,True,True,True,True,True,1,True,1,True,3,True,3,True,7,recovered,True,True,recovered,45.160011119,12.285976055078208,116,True,True,True,True,True,1,True,1,True,3,True,3,True,8
313,R_to_P,recovered,True,True,recovered,118.70481516699999,33.18766715331003,114,True,True,True,True,True,1,True,1,True,5,True,5,True,10,recovered,True,True,recovered,246.494759905,68.6191486096941,200,True,True,True,True,True,1,True,1,True,5,True,5,True,11
314,R_to_P,recovered,True,True,recovered,5.919564976,1.554517232812941,77,True,True,True,True,True,1,True,1,True,4,True,4,True,5,recovered,True,True,recovered,9.483429621,2.2370111951604486,81,True,True,True,True,True,1,True,1,True,4,True,4,True,6
315,R_to_P,recovered,True,True,recovered,10.32040494,1.8948701890185475,22,True,True,True,True,True,1,True,1,True,3,True,3,True,9,recovered,True,True,recovered,85.93141126400002,20.53661957383156,239,True,True,True,True,True,1,True,1,True,3,True,3,True,10
316,R_to_P,recovered,True,True,recovered,6.485477477,1.4744050204753876,54,True,True,True,True,True,1,True,1,True,4,True,4,True,14,recovered,True,True,recovered,13.837285636999999,3.249360100366175,63,True,True,True,True,True,1,True,1,True,4,True,4,True,14
317,R_to_P,recovered,True,True,recovered,6.142031649000001,1.3137462651357055,21,True,True,True,True,True,1,True,1,True,1,True,2,True,8,recovered,True,True,recovered,19.097051850000003,4.460278403013945,67,True,True,True,True,True,1,True,1,True,1,True,2,True,11
318,R_to_P,recovered,True,True,recovered,36.421526983999996,8.741634364472702,43,True,True,True,True,True,1,True,1,True,1,True,2,True,7,recovered,True,True,recovered,119.897540529,30.799201244255528,137,True,True,True,True,True,1,True,1,True,1,True,2,True,10
319,R_to_P,recovered,True,True,recovered,20.601243116000003,4.922034548595548,15,True,True,True,True,True,1,True,1,True,2,True,2,True,3,recovered,True,True,recovered,54.8978716,14.513300387188792,53,True,True,True,True,True,1,True,1,True,2,True,2,True,6
320,R_to_P,recovered,True,True,recovered,14.433058925,3.2698120032437146,22,True,True,True,True,True,1,True,1,True,4,True,4,True,9,recovered,True,True,recovered,99.58890642199998,29.611262613441795,58,True,True,True,True,True,1,True,1,True,4,True,4,True,9
321,R_to_P,recovered,True,True,recovered,3.7794882679999997,0.962161950301379,56,False,True,True,True,True,2,True,2,True,7,True,11,True,38,recovered,True,True,recovered,6.534358499,1.5045097875408828,92,False,True,True,True,True,2,True,2,True,7,True,12,True,42
322,R_to_P,recovered,True,True,recovered,17.476081563000005,4.458013268187642,54,True,True,True,True,True,1,True,1,True,2,True,2,True,6,recovered,True,True,recovered,32.84874086200001,8.823327793739736,88,True,True,True,True,True,1,True,1,True,2,True,2,True,7
323,R_to_P,recovered,True,True,recovered,2.0042801529999994,0.3646398896817118,3,True,True,True,True,True,1,True,1,True,1,True,1,True,3,recovered,True,True,recovered,3.991156756999999,0.7089537300635129,3,True,True,True,True,True,1,True,1,True,1,True,1,True,3
324,R_to_P,recovered,True,True,recovered,3.273476487000001,0.9766495258081704,11,True,True,True,True,True,1,True,1,True,1,True,1,True,1,recovered,True,True,recovered,10.185189412000001,2.5950240262318403,41,True,True,True,True,True,1,True,1,True,1,True,1,True,4
325,R_to_P,recovered,True,True,recovered,28.941931699999998,5.5866242395713925,93,True,True,True,True,True,1,True,1,True,1,True,1,True,5,recovered,True,True,recovered,102.47493348,26.72867291700095,210,True,True,True,True,True,1,True,1,True,1,True,1,True,5
326,R_to_P,recovered,True,True,recovered,3.2978352610000004,0.6274831537157297,2,True,True,True,True,True,1,True,1,True,1,True,1,True,2,recovered,True,True,recovered,6.706112689,1.2650942942127585,6,True,True,True,True,True,1,True,1,True,1,True,1,True,4
327,R_to_P,recovered,True,True,recovered,14.870938392999998,2.347316110506654,11,True,True,True,True,True,1,True,1,True,3,True,3,True,11,recovered,True,True,recovered,28.272893450999995,4.8164814580231905,12,True,True,True,True,True,1,True,1,True,3,True,3,True,12
328,R_to_P,recovered,True,True,recovered,13.913669141,3.4994447268545628,19,True,True,True,True,True,1,True,1,True,1,True,1,True,3,recovered,True,True,recovered,97.870409299,26.837978427298367,50,True,True,True,True,True,1,True,1,True,1,True,1,True,3
329,R_to_P,recovered,True,True,recovered,14.250139579,3.533146142028272,58,True,True,True,True,True,1,True,1,True,2,True,3,True,9,recovered,True,True,recovered,20.375788276,4.719860668294132,60,True,True,True,True,True,1,True,1,True,2,True,3,True,9
330,R_to_P,recovered,True,True,recovered,3.7346261290000005,1.1186406966298819,18,True,True,True,True,True,1,True,1,True,3,True,4,True,8,recovered,True,True,recovered,7.340146572000002,1.9928694195114076,19,True,True,True,True,True,1,True,1,True,3,True,4,True,8
331,R_to_P,recovered,True,True,recovered,59.608907365,15.663873231504112,111,True,True,True,True,True,1,True,1,True,1,True,2,True,5,recovered,True,True,recovered,65.796003438,16.730231971945614,122,True,True,True,True,True,1,True,1,True,1,True,2,True,11
332,R_to_P,recovered,True,True,recovered,3.991058747,1.1599893691018224,4,True,True,True,True,True,1,True,1,True,1,True,1,True,1,recovered,True,True,recovered,5.9198595759999995,1.5693641444668174,4,True,True,True,True,True,1,True,1,True,1,True,1,True,1
333,R_to_P,recovered,True,True,recovered,2.72276607,0.6003355786669999,45,True,True,True,True,True,1,True,1,True,1,True,1,True,4,recovered,True,True,recovered,8.965532077000002,2.994415439898148,90,True,True,True,True,True,1,True,1,True,1,True,1,True,4
334,R_to_P,recovered,True,True,recovered,13.531344384000002,3.789066020399332,106,True,True,True,True,True,1,True,1,True,3,True,3,True,8,recovered,True,True,recovered,26.587334510000005,7.145058329217136,165,True,True,True,True,True,1,True,1,True,3,True,3,True,9
335,R_to_P,recovered,True,True,recovered,6.210868249999999,2.0421893161255866,15,True,True,True,True,True,1,True,1,True,2,True,3,True,6,recovered,True,True,recovered,23.441025023999998,6.614407970570028,107,True,True,True,True,True,1,True,1,True,2,True,3,True,7
336,R_to_P,recovered,True,True,recovered,3.4531127049999997,0.946258042473346,6,True,True,True,True,True,1,True,1,True,1,True,1,True,2,recovered,True,True,recovered,8.142727149,2.3400200330652297,6,True,True,True,True,True,1,True,1,True,1,True,1,True,2
337,R_to_P,recovered,True,True,recovered,78.36868144100002,21.80406210012734,148,True,True,True,True,True,1,True,1,True,5,True,6,True,17,recovered,True,True,recovered,268.0491029920001,79.57495945994742,250,True,True,True,True,True,1,True,1,True,5,True,6,True,18
338,R_to_P,recovered,True,True,recovered,2.9626481539999996,0.5694541945122182,3,True,True,True,True,True,1,True,1,True,1,True,1,True,1,recovered,True,True,recovered,14.702914511000003,3.647202198393643,20,True,True,True,True,True,1,True,1,True,1,True,1,True,1
339,R_to_P,recovered,True,True,recovered,10.549955545,2.9507575382012874,91,True,True,True,True,True,1,True,1,True,2,True,2,True,3,recovered,True,True,recovered,17.825408191,4.9242542332503945,164,True,True,True,True,True,1,True,1,True,2,True,2,True,8
340,R_to_P,recovered,True,True,recovered,5.482901633000001,1.3180923238396645,4,True,True,True,True,True,1,True,1,True,3,True,3,True,4,recovered,True,True,recovered,14.810035925,3.87873856164515,10,True,True,True,True,True,1,True,1,True,3,True,3,True,4
341,R_to_P,recovered,True,True,recovered,4.49627144,1.4504244085401297,8,True,True,True,True,True,1,True,1,True,2,True,2,True,2,recovered,True,True,recovered,14.793589726000004,3.981358679011464,20,True,True,True,True,True,1,True,1,True,2,True,2,True,2
342,R_to_P,recovered,True,True,recovered,8.904562381,2.112541422713548,9,True,True,True,True,True,1,True,1,True,1,True,2,True,3,recovered,True,True,recovered,13.759549711999998,3.088261418044567,11,True,True,True,True,True,1,True,1,True,1,True,2,True,3
343,R_to_P,recovered,True,True,recovered,33.239745316,11.546076110797003,244,True,True,True,True,True,1,True,1,True,4,True,4,True,13,recovered,True,True,recovered,97.991864088,31.674781903857365,372,True,True,True,True,True,1,True,1,True,4,True,4,True,13
344,R_to_P,recovered,True,True,recovered,94.791982159,24.901065193116665,137,True,True,True,True,True,1,True,1,True,3,True,3,True,7,recovered,True,True,recovered,197.557701284,49.99050004594028,624,True,True,True,True,True,1,True,1,True,3,True,3,True,10
345,R_to_P,recovered,True,True,recovered,6.9753561390000005,1.086814321577549,10,True,True,True,True,True,1,True,1,True,2,True,2,True,10,recovered,True,True,recovered,15.86263108,2.8848661361262202,30,True,True,True,True,True,1,True,1,True,2,True,2,True,10
346,R_to_P,recovered,True,True,recovered,13.254194017999998,2.9511275868862867,116,True,True,True,True,True,1,True,2,True,5,True,7,True,17,recovered,True,True,recovered,24.823066786,6.243533733766526,217,True,True,True,True,True,1,True,2,True,5,True,7,True,20
347,R_to_P,recovered,True,True,recovered,4.230315608999999,0.8030544593930244,4,True,True,True,True,True,1,True,1,True,2,True,2,True,3,recovered,True,True,recovered,14.078178863999995,3.290732684545219,40,True,True,True,True,True,1,True,1,True,2,True,3,True,4
348,R_to_P,recovered,True,True,recovered,2.396278680999999,0.49554712581448257,4,True,True,True,True,True,1,True,1,True,1,True,1,True,2,recovered,True,True,recovered,4.530518911999999,0.950559874298051,9,True,True,True,True,True,1,True,1,True,1,True,1,True,2
349,R_to_P,recovered,True,True,recovered,7.602191687999999,1.354811900993809,1,True,True,True,True,True,1,True,1,True,1,True,1,True,1,recovered,True,True,recovered,41.64497180199999,12.33228787756525,75,True,True,True,True,True,1,True,1,True,1,True,1,True,7
350,R_to_P,recovered,True,True,recovered,3.120901904,0.73188023455441,10,True,True,True,True,True,1,True,1,True,1,True,1,True,2,recovered,True,True,recovered,10.098653451999999,2.8692030804231763,22,True,True,True,True,True,1,True,1,True,1,True,1,True,2
351,R_to_P,recovered,True,True,recovered,6.331562304,1.674636347219348,116,False,True,True,True,False,1,True,2,True,3,True,6,True,16,recovered,True,True,recovered,12.450482845,3.4712466299533844,183,False,True,True,True,False,1,True,2,True,3,True,6,True,18
352,R_to_P,recovered,True,True,recovered,67.41680324599999,17.50658664200455,215,True,True,True,True,True,1,True,1,True,3,True,3,True,12,recovered,True,True,recovered,170.38470181499997,42.22002730332315,355,True,True,True,True,True,1,True,1,True,3,True,3,True,12
353,R_to_P,recovered,True,True,recovered,4.721212973000001,0.9623470958322287,14,True,True,True,True,True,1,True,1,True,1,True,1,True,3,recovered,True,True,recovered,10.267428909,2.5324820140376687,29,True,True,True,True,True,1,True,1,True,1,True,1,True,5
354,R_to_P,recovered,True,True,recovered,34.52008167300001,8.45135265449062,151,True,True,True,True,True,1,True,2,True,6,True,11,True,27,recovered,True,True,recovered,67.129115262,16.444676608778536,296,True,True,True,True,True,1,True,2,True,7,True,17,True,59
355,R_to_P,recovered,True,True,recovered,9.982398764000003,3.037350995466113,27,True,True,True,True,True,1,True,1,True,1,True,1,True,3,recovered,True,True,recovered,45.435656929000004,11.429705992806703,104,True,True,True,True,True,1,True,1,True,1,True,1,True,3
356,R_to_P,recovered,True,True,recovered,2.3484214409999997,0.3311409121379256,1,True,True,True,True,True,1,True,1,True,1,True,1,True,1,recovered,True,True,recovered,6.731345341999999,0.9574208753183484,1,True,True,True,True,True,1,True,1,True,1,True,1,True,1
357,R_to_P,recovered,True,True,recovered,34.714076947,8.34837507456541,129,False,True,True,True,False,2,True,3,True,5,True,8,True,18,recovered,True,True,recovered,56.444277548,13.080596477724612,180,False,True,True,True,False,2,True,3,True,7,True,10,True,27
358,R_to_P,recovered,True,True,recovered,47.756753575,12.709657532162964,80,True,True,True,True,True,1,True,1,True,3,True,3,True,6,recovered,True,True,recovered,255.228869044,71.55280601838604,282,True,True,True,True,True,1,True,1,True,3,True,3,True,8
359,R_to_P,recovered,True,True,recovered,20.022071503000003,6.307464430108666,26,True,True,True,True,True,1,True,2,True,4,True,7,True,20,recovered,True,True,recovered,29.946146251000002,10.152418463025242,60,True,True,True,True,True,1,True,2,True,4,True,10,True,36
360,R_to_P,recovered,True,True,recovered,2.940764183,0.5076509821228683,4,True,True,True,True,True,1,True,1,True,1,True,1,True,4,recovered,True,True,recovered,5.9684317710000006,1.0579183863010257,4,True,True,True,True,True,1,True,1,True,1,True,1,True,4
361,R_to_P,recovered,True,True,recovered,7.859840587999999,3.037530891597271,73,True,True,True,True,True,1,True,1,True,2,True,2,True,5,recovered,True,True,recovered,20.016837293,6.004142943769693,167,True,True,True,True,True,1,True,1,True,2,True,2,True,5
362,R_to_P,recovered,True,True,recovered,4.441808606,1.056458448059857,11,True,True,True,True,True,2,True,2,True,3,True,5,True,5,recovered,True,True,recovered,9.692733377000001,2.7417764319106936,17,True,True,True,True,True,2,True,2,True,3,True,5,True,5
363,R_to_P,recovered,True,True,recovered,6.751639031000002,2.3922418989241123,40,True,True,True,True,True,1,True,1,True,2,True,2,True,7,recovered,True,True,recovered,23.136992653,6.668624630663544,76,True,True,True,True,True,1,True,1,True,2,True,2,True,7
364,R_to_P,recovered,True,True,recovered,16.194141404000003,5.571422721724957,95,True,True,True,True,True,1,True,1,True,1,True,1,True,12,recovered,True,True,recovered,106.825692599,34.714650329202414,183,True,True,True,True,True,1,True,1,True,1,True,1,True,12
365,R_to_P,recovered,True,True,recovered,29.211184529000004,7.470988762564957,25,True,True,True,True,True,1,True,1,True,4,True,6,True,11,recovered,True,True,recovered,67.10723510100001,18.185412601334974,95,True,True,True,True,True,1,True,1,True,4,True,6,True,13
366,R_to_P,recovered,True,True,recovered,5.202558816,1.486748185241595,19,True,True,True,True,True,1,True,1,True,1,True,1,True,3,recovered,True,True,recovered,8.267700733999998,4.0615137298591435,25,True,True,True,True,True,1,True,1,True,1,True,1,True,5
367,R_to_P,recovered,True,True,recovered,3.385973516,0.6426331356633455,3,True,True,True,True,True,1,True,1,True,2,True,2,True,2,recovered,True,True,recovered,31.160638807,7.4219983296934515,49,True,True,True,True,True,1,True,1,True,2,True,2,True,2
368,R_to_P,recovered,True,True,recovered,8.04752641,1.8547410145401955,20,True,True,True,True,True,2,True,2,True,3,True,3,True,5,recovered,True,True,recovered,12.880419381,3.028545683249831,25,True,True,True,True,True,2,True,2,True,3,True,3,True,5
369,R_to_P,recovered,True,True,recovered,2.848321964,0.9602905865758657,39,True,True,True,True,True,1,True,1,True,1,True,3,True,6,recovered,True,True,recovered,4.585746409,1.260279607027769,40,True,True,True,True,True,1,True,1,True,1,True,3,True,7
370,R_to_P,recovered,True,True,recovered,2.654285054,0.535905665718019,5,True,True,True,True,True,1,True,1,True,2,True,2,True,3,recovered,True,True,recovered,11.296929688999999,3.1620531948283315,84,True,True,True,True,True,1,True,1,True,2,True,2,True,10
371,R_to_P,recovered,True,True,recovered,21.674419641,3.914759016595781,50,True,True,True,True,True,1,True,1,True,1,True,2,True,7,recovered,True,True,recovered,35.092925884,6.738793832249939,67,True,True,True,True,True,1,True,1,True,1,True,2,True,7
372,R_to_P,recovered,True,True,recovered,617.695015121,142.82994779199362,494,True,True,True,True,True,1,True,1,True,4,True,4,True,6,recovered,True,True,recovered,903.9029105809999,201.33867940003984,611,True,True,True,True,True,1,True,1,True,4,True,4,True,8
373,R_to_P,recovered,True,True,recovered,16.128732129,2.6233790586702526,7,True,True,True,True,True,1,True,1,True,1,True,1,True,3,recovered,True,True,recovered,46.815113745000005,8.793379073264077,41,True,True,True,True,True,1,True,1,True,1,True,1,True,3
374,R_to_P,recovered,True,True,recovered,37.875024573,7.095964262261987,48,True,True,True,True,True,1,True,1,True,3,True,3,True,8,recovered,True,True,recovered,118.624865664,26.751952281221747,125,True,True,True,True,True,1,True,1,True,3,True,3,True,8
375,R_to_P,recovered,True,True,recovered,16.467444703999995,5.394402685575187,54,True,True,True,True,True,1,True,1,True,2,True,3,True,10,recovered,True,True,recovered,26.224363642999993,7.571807787753642,57,True,True,True,True,True,1,True,1,True,2,True,3,True,10
376,R_to_P,recovered,True,True,recovered,4.144530920999999,0.7680773343890905,8,True,True,True,True,True,1,True,1,True,2,True,3,True,6,recovered,True,True,recovered,12.349040728,2.883014852181077,25,True,True,True,True,True,1,True,1,True,2,True,3,True,9
377,R_to_P,recovered,True,True,recovered,6.049253306,1.1009772289544344,2,True,True,True,True,True,1,True,1,True,2,True,2,True,2,recovered,True,True,recovered,19.957606581999997,4.199221371207386,24,True,True,True,True,True,1,True,1,True,2,True,2,True,6
378,R_to_P,recovered,True,True,recovered,3.5687591570000006,1.4198630908504128,21,False,True,True,True,False,2,True,3,True,5,True,6,True,10,recovered,True,True,recovered,14.174355608,4.130510511808097,65,False,True,True,True,False,2,True,3,True,5,True,6,True,10
379,R_to_P,recovered,True,True,recovered,1.5835888889999998,0.3977999701164663,2,True,True,True,True,True,1,True,1,True,2,True,2,True,2,recovered,True,True,recovered,3.9255813649999998,0.8140186523087323,6,True,True,True,True,True,1,True,1,True,2,True,3,True,4
380,R_to_P,recovered,True,True,recovered,11.932308344,2.0754114110022783,12,True,True,True,True,True,1,True,1,True,1,True,1,True,7,recovered,True,True,recovered,30.050730981,5.48329498548992,26,True,True,True,True,True,1,True,1,True,1,True,1,True,7
381,R_to_P,recovered,True,True,recovered,19.507677612,3.746716911904514,43,False,True,True,True,True,2,True,2,True,2,True,2,True,15,recovered,True,True,recovered,42.390322463000004,8.141656233929098,60,False,True,True,True,True,2,True,2,True,2,True,2,True,16
382,P_to_R,recovered,True,True,recovered,3.5355388730000006,0.900093493051827,4,True,True,True,True,True,1,True,1,True,1,True,1,True,3,recovered,True,True,recovered,7.053559233,1.5422513945959508,10,True,True,True,True,True,1,True,1,True,1,True,1,True,4
383,P_to_R,recovered,True,True,recovered,7.277663925000001,2.3805331867188215,23,True,True,True,True,True,1,True,1,True,1,True,2,True,4,recovered,True,True,recovered,13.575323217000001,4.097257392480969,69,True,True,True,True,True,1,True,1,True,1,True,2,True,6
384,R_to_P,recovered,True,True,recovered,11.717431193000001,4.34873126540333,60,True,True,True,True,True,1,True,1,True,1,True,2,True,6,recovered,True,True,recovered,28.969971377000004,8.258254575543106,97,True,True,True,True,True,1,True,1,True,1,True,2,True,8
385,R_to_P,recovered,True,True,recovered,9.762251035999999,2.3112055007368326,25,True,True,True,True,True,1,True,1,True,4,True,4,True,6,recovered,True,True,recovered,50.103414593,12.677566966041923,41,True,True,True,True,True,1,True,1,True,4,True,4,True,6
386,R_to_P,recovered,True,True,recovered,7.027977631000001,1.7448953436687589,19,False,True,True,True,False,2,True,3,True,6,True,7,True,9,recovered,True,True,recovered,78.663875173,20.785973040387034,86,False,True,True,True,False,2,True,3,True,7,True,8,True,12
387,R_to_P,recovered,True,True,recovered,1.8964174850000002,1.189680548850447,14,True,True,True,True,True,1,True,1,True,2,True,2,True,3,recovered,True,True,recovered,3.3552025930000005,1.5625879680737853,14,True,True,True,True,True,1,True,1,True,2,True,2,True,3
388,R_to_P,recovered,True,True,recovered,11.603611742999997,2.2166333780623972,54,False,True,True,True,True,2,True,3,True,6,True,8,True,20,recovered,True,True,recovered,133.467840468,40.423556204885244,239,False,True,True,True,True,2,True,3,True,6,True,8,True,22
389,R_to_P,recovered,True,True,recovered,2.018882325,0.3946612202562392,2,True,True,True,True,True,1,True,1,True,2,True,2,True,2,recovered,True,True,recovered,4.092493581,0.7519523622468114,2,True,True,True,True,True,1,True,1,True,2,True,2,True,2
390,R_to_P,recovered,True,True,recovered,6.911878476,1.7347502699121833,6,False,True,True,True,True,2,True,3,True,5,True,6,True,6,recovered,True,True,recovered,24.255868114000002,6.809081924147904,6,False,True,True,True,True,2,True,3,True,5,True,6,True,6
391,P_to_R,recovered,True,True,recovered,54.217694615999996,18.508340943139046,229,True,True,True,True,True,1,True,1,True,3,True,3,True,4,recovered,True,True,recovered,58.969608721,19.428586043417454,245,True,True,True,True,True,1,True,1,True,3,True,3,True,9
392,R_to_P,recovered,True,True,recovered,1.2946787940000002,0.32833903888240457,1,True,True,True,True,True,1,True,1,True,1,True,1,True,1,recovered,True,True,recovered,3.1145528609999995,3.2705446020700037,5,True,True,True,True,True,1,True,1,True,1,True,3,True,5
393,R_to_P,recovered,True,True,recovered,18.928291208000005,6.847559125162661,53,True,True,True,True,True,1,True,1,True,1,True,1,True,9,recovered,True,True,recovered,53.38931245400001,15.49090554844588,277,True,True,True,True,True,1,True,1,True,1,True,1,True,11
394,R_to_P,recovered,True,True,recovered,10.030542885,2.617873100563884,20,False,False,True,True,False,1,False,1,True,5,True,5,True,12,recovered,True,True,recovered,15.047798109,4.805296893697232,26,False,False,True,True,False,1,False,1,True,5,True,5,True,13
395,R_to_P,recovered,True,True,recovered,3.027374211,1.1270907977595925,3,True,True,True,True,True,1,True,1,True,3,True,3,True,3,recovered,True,True,recovered,5.349546005,1.9478564579039812,3,True,True,True,True,True,1,True,1,True,3,True,3,True,3
396,R_to_P,recovered,True,True,recovered,20.078089795999997,4.821273984853178,54,True,True,True,True,True,1,True,1,True,2,True,2,True,6,recovered,True,True,recovered,29.099478420999997,7.041724119801074,72,True,True,True,True,True,1,True,1,True,2,True,2,True,7
397,R_to_P,recovered,True,True,recovered,4.865625636,1.331001645186916,6,True,True,True,True,True,1,True,1,True,2,True,2,True,4,recovered,True,True,recovered,10.409129977,3.5987261249683797,32,True,True,True,True,True,1,True,1,True,2,True,2,True,4
398,R_to_P,recovered,True,True,recovered,1.7826450689999995,0.4311975999735296,5,True,True,True,True,True,1,True,1,True,3,True,3,True,4,recovered,True,True,recovered,4.433193272,1.9939372781664133,8,True,True,True,True,True,1,True,1,True,3,True,3,True,4
399,R_to_P,recovered,True,True,recovered,2.3051836759999995,1.3557362356223166,49,True,True,True,True,True,2,True,2,True,3,True,3,True,9,recovered,True,True,recovered,4.439647058,1.7550772870890796,52,True,True,True,True,True,2,True,2,True,4,True,4,True,10
400,R_to_P,recovered,True,True,recovered,85.37437516700001,23.327411870704964,151,False,True,True,True,True,2,True,5,True,14,True,23,True,30,recovered,True,True,recovered,207.010981977,57.187732646940276,291,False,True,True,True,True,2,True,5,True,15,True,24,True,38
401,R_to_P,recovered,True,True,recovered,111.60226716999999,34.51963570411317,180,False,True,True,True,True,9,True,13,True,24,True,26,True,44,recovered,True,True,recovered,254.67096286900002,80.65239027584903,397,False,True,True,True,True,9,True,13,True,34,True,40,True,65
402,R_to_P,recovered,True,True,recovered,3.943556219,1.4050665996037424,4,True,True,True,True,True,1,True,1,True,1,True,1,True,2,recovered,True,True,recovered,9.678807381,2.682385694468394,4,True,True,True,True,True,1,True,1,True,1,True,1,True,2
403,R_to_P,recovered,True,True,recovered,363.84508746399996,91.31839786260389,205,True,True,True,True,True,1,True,1,True,1,True,1,True,2,recovered,True,True,recovered,641.2271550959999,161.37527043628506,349,True,True,True,True,True,1,True,1,True,1,True,3,True,15
404,R_to_P,recovered,True,True,recovered,3.809582995999999,1.9667370123788714,23,True,True,True,True,True,1,True,1,True,1,True,2,True,9,recovered,True,True,recovered,28.506806996999995,9.81295860838145,139,True,True,True,True,True,1,True,1,True,1,True,2,True,9
405,P_to_R,recovered,True,True,recovered,27.344092586000002,6.638453720137477,35,True,True,True,True,True,1,True,1,True,1,True,1,True,4,recovered,True,True,recovered,36.71653937,8.26673264335841,45,True,True,True,True,True,1,True,1,True,1,True,1,True,7
406,R_to_P,recovered,True,True,recovered,5.277231698,1.9198707062751055,21,True,True,True,True,True,1,True,1,True,3,True,3,True,5,recovered,True,True,recovered,50.585119877000004,15.500744147459045,146,True,True,True,True,True,1,True,1,True,3,True,3,True,11
407,R_to_P,recovered,True,True,recovered,37.848364164,9.90305238077417,171,True,True,True,True,True,1,True,2,True,3,True,6,True,22,recovered,True,True,recovered,122.83002131399998,30.1252270413097,738,True,True,True,True,True,1,True,2,True,3,True,6,True,22
408,P_to_R,recovered,True,True,recovered,13.293775456999997,5.299359091091901,25,True,True,True,True,True,1,True,1,True,1,True,1,True,1,recovered,True,True,recovered,21.793152405999997,7.531730998773128,53,True,True,True,True,True,1,True,1,True,1,True,1,True,3
409,P_to_R,recovered,True,True,recovered,2.90013436,1.2185562036465853,112,True,True,True,True,True,2,True,2,True,10,True,10,True,36,recovered,True,True,recovered,10.956323416,4.02712155575864,327,True,True,True,True,True,2,True,2,True,10,True,10,True,49
410,R_to_P,recovered,True,True,recovered,823.5061723849999,255.06502384948544,593,False,True,True,True,True,2,True,2,True,5,True,9,True,30,recovered,True,True,recovered,1690.285559437,510.7026176576037,1209,False,True,True,True,True,2,True,2,True,5,True,9,True,30
411,P_to_R,recovered,True,True,recovered,82.041876068,28.92852640338242,91,False,True,True,True,False,1,True,2,True,2,True,3,True,5,recovered,True,True,recovered,180.222014039,60.02964552724734,178,False,True,True,True,False,1,True,2,True,2,True,3,True,5
412,P_to_R,recovered,True,True,recovered,7.402522153,1.7292407620698214,4,True,True,True,True,True,1,True,1,True,2,True,2,True,4,recovered,True,True,recovered,14.395414307,3.8272287221625447,5,True,True,True,True,True,1,True,1,True,2,True,2,True,5
413,R_to_P,recovered,True,True,recovered,12.431091064,4.052082068286836,128,True,True,True,True,True,1,True,1,True,2,True,2,True,4,recovered,True,True,recovered,40.080598034,12.526229154318571,191,True,True,True,True,True,1,True,1,True,2,True,2,True,4
414,R_to_P,recovered,True,True,recovered,4.081173622000001,0.7562991930171847,17,True,True,True,True,True,1,True,1,True,1,True,1,True,4,recovered,True,True,recovered,12.943146602000002,3.1416909117251635,86,True,True,True,True,True,1,True,1,True,1,True,1,True,4
415,R_to_P,recovered,True,True,recovered,4.648050184,1.5648751147091389,7,True,True,True,True,True,1,True,2,True,3,True,3,True,4,recovered,True,True,recovered,24.456853675999998,7.1855820417404175,49,True,True,True,True,True,1,True,2,True,3,True,6,True,10
416,R_to_P,recovered,True,True,recovered,2.7874274409999997,0.48356706742197275,2,True,True,True,True,True,1,True,1,True,1,True,1,True,2,recovered,True,True,recovered,6.389831766,1.1929446533322334,14,True,True,True,True,True,1,True,1,True,1,True,1,True,2
417,R_to_P,recovered,True,True,recovered,96.762546397,29.585437594447285,150,True,True,True,True,True,1,True,1,True,2,True,3,True,6,recovered,True,True,recovered,150.607817208,41.75190094066784,273,True,True,True,True,True,1,True,1,True,2,True,3,True,16
418,R_to_P,recovered,True,True,recovered,6.170944926999999,1.2589813005179167,16,True,True,True,True,True,1,True,1,True,1,True,2,True,3,recovered,True,True,recovered,13.829516205999997,3.288599777035415,29,True,True,True,True,True,1,True,1,True,1,True,2,True,5
419,R_to_P,recovered,True,True,recovered,10.490679149999998,3.1955017503350973,47,True,True,True,True,True,1,True,1,True,2,True,4,True,13,recovered,True,True,recovered,53.101763195,14.286403762642294,100,True,True,True,True,True,1,True,1,True,2,True,4,True,19
420,R_to_P,recovered,True,True,recovered,32.966671019,7.337732681073248,42,True,True,True,True,True,1,True,1,True,1,True,2,True,3,recovered,True,True,recovered,281.07753487599996,74.24459856143221,213,True,True,True,True,True,1,True,1,True,1,True,2,True,5
421,P_to_R,recovered,True,True,recovered,21.92010486,6.922348287887871,104,True,True,True,True,True,1,True,1,True,2,True,2,True,2,recovered,True,True,recovered,27.130236690999997,8.699028332019225,146,True,True,True,True,True,1,True,1,True,2,True,2,True,2
422,R_to_P,recovered,True,True,recovered,2.576036673000001,0.7479767489712685,1,True,True,True,True,True,1,True,1,True,1,True,1,True,1,recovered,True,True,recovered,9.349218690999999,2.5481691581662744,268,True,True,True,True,True,1,True,1,True,1,True,1,True,1
423,R_to_P,recovered,True,True,recovered,171.76005847800002,49.628321601077914,172,True,True,True,True,True,1,True,1,True,1,True,2,True,11,recovered,True,True,recovered,315.012736036,81.93603806570172,336,True,True,True,True,True,1,True,1,True,1,True,2,True,16
424,R_to_P,recovered,True,True,recovered,3.5927323689999997,0.7766345646232367,1,True,True,True,True,True,1,True,1,True,1,True,1,True,1,recovered,True,True,recovered,8.358767324999999,1.7560851946473122,9,True,True,True,True,True,1,True,1,True,1,True,1,True,4
425,R_to_P,recovered,True,True,recovered,27.359017937,7.69975531520322,69,True,True,True,True,True,1,True,1,True,4,True,4,True,7,recovered,True,True,recovered,100.67512855,28.721398558001965,226,True,True,True,True,True,1,True,1,True,4,True,4,True,9
426,R_to_P,recovered,True,True,recovered,8.414151398000001,1.694268281571567,7,True,True,True,True,True,1,True,1,True,2,True,2,True,3,recovered,True,True,recovered,25.075657476,4.812670478131622,47,True,True,True,True,True,1,True,1,True,2,True,2,True,3
427,R_to_P,recovered,True,True,recovered,25.079209032999994,5.703628179617226,27,True,True,True,True,True,1,True,1,True,1,True,2,True,3,recovered,True,True,recovered,104.31918361900001,29.11545894574374,118,True,True,True,True,True,1,True,1,True,1,True,2,True,6
428,R_to_P,recovered,True,True,recovered,16.797445647000004,4.848726675380021,62,True,True,True,True,True,1,True,1,True,3,True,4,True,15,recovered,True,True,recovered,58.37649566300001,15.626090355683118,154,True,True,True,True,True,1,True,1,True,3,True,4,True,23
429,P_to_R,recovered,True,True,recovered,4.569331442,2.327186306938529,20,True,True,True,True,True,1,True,1,True,3,True,3,True,6,recovered,True,True,recovered,7.723120992,4.111686289776117,39,True,True,True,True,True,1,True,1,True,3,True,3,True,7
430,R_to_P,recovered,True,True,recovered,13.976332766,2.2170387930236757,13,True,True,True,True,True,1,True,1,True,1,True,2,True,6,recovered,True,True,recovered,44.387733024999996,7.735103242797777,117,True,True,True,True,True,1,True,1,True,1,True,2,True,10
431,R_to_P,recovered,True,True,recovered,17.121677818,2.4113352838903666,3,True,True,True,True,True,1,True,1,True,1,True,1,True,3,recovered,True,True,recovered,47.63774169799999,8.022111645899713,15,True,True,True,True,True,1,True,1,True,1,True,1,True,4
432,R_to_P,recovered,True,True,recovered,14.082302304,3.6857004556804895,32,True,True,True,True,True,1,True,2,True,3,True,5,True,6,recovered,True,True,recovered,31.522432180000003,8.597927619703114,64,True,True,True,True,True,1,True,2,True,3,True,5,True,10
433,P_to_R,recovered,True,True,recovered,5.56394049,0.8127427622675896,1,True,True,True,True,True,1,True,1,True,1,True,1,True,1,recovered,True,True,recovered,14.211964798999999,2.207108677364886,54,True,True,True,True,True,1,True,1,True,1,True,1,True,6
434,R_to_P,recovered,True,True,recovered,31.242087605,6.523785275872797,63,True,True,True,True,True,1,True,2,True,3,True,4,True,11,recovered,True,True,recovered,114.602909954,29.28454083763063,336,True,True,True,True,True,1,True,2,True,3,True,8,True,28
435,P_to_R,recovered,True,True,recovered,4.480780057,0.8757987865246832,5,True,True,True,True,True,1,True,1,True,1,True,1,True,5,recovered,True,True,recovered,16.900785299,3.5699846507050097,50,True,True,True,True,True,1,True,1,True,1,True,1,True,6
436,R_to_P,recovered,True,True,recovered,15.945472804999996,5.085580860264599,78,True,True,True,True,True,1,True,1,True,1,True,1,True,10,recovered,True,True,recovered,26.012211211999997,7.6131589179858565,100,True,True,True,True,True,1,True,1,True,1,True,4,True,15
437,P_to_R,recovered,True,True,recovered,2.406040786,6.192334494553506,2,True,True,True,True,True,1,True,1,True,2,True,2,True,2,recovered,True,True,recovered,5.552579741,6.8227273288648576,23,True,True,True,True,True,1,True,1,True,2,True,3,True,6
438,R_to_P,recovered,True,True,recovered,5.517261765000001,0.7942624175921082,1,True,True,True,True,True,1,True,1,True,1,True,1,True,1,recovered,True,True,recovered,11.455825364,7.559693729970604,6,True,True,True,True,True,1,True,1,True,1,True,2,True,2
439,R_to_P,recovered,True,True,recovered,55.365644573000004,12.01129564549774,78,True,True,True,True,True,1,True,2,True,7,True,7,True,17,recovered,True,True,recovered,312.844415227,78.48385755438358,224,True,True,True,True,True,1,True,2,True,7,True,9,True,28
440,R_to_P,recovered,True,True,recovered,2.490502878,0.4634264544583857,3,True,True,True,True,True,1,True,1,True,1,True,2,True,2,recovered,True,True,recovered,8.7696001,2.55637119570747,34,True,True,True,True,True,1,True,1,True,1,True,2,True,2
441,P_to_R,recovered,True,True,recovered,11.097174781000003,3.8876377837732434,34,True,True,True,True,True,1,True,1,True,3,True,3,True,4,recovered,True,True,recovered,25.982851936000003,7.629011538811028,83,True,True,True,True,True,1,True,1,True,3,True,3,True,8
442,R_to_P,recovered,True,True,recovered,98.71632695800001,26.278929150663316,68,True,True,True,True,True,1,True,1,True,2,True,2,True,9,recovered,True,True,recovered,201.999355196,52.91282666660845,190,True,True,True,True,True,1,True,1,True,2,True,2,True,9
443,R_to_P,recovered,True,True,recovered,33.425811997000004,9.526355816982687,37,False,True,True,True,True,2,True,2,True,4,True,4,True,14,recovered,True,True,recovered,94.36750571700001,28.167700123041868,95,False,True,True,True,True,2,True,2,True,4,True,4,True,16
444,R_to_P,recovered,True,True,recovered,119.14390069199999,37.35526580782607,144,True,True,True,True,True,1,True,1,True,3,True,4,True,7,recovered,True,True,recovered,181.717800036,55.93401344725862,218,True,True,True,True,True,1,True,1,True,3,True,4,True,13
445,P_to_R,recovered,True,True,recovered,77.45508552000001,29.7921782983467,71,True,True,True,True,True,1,True,1,True,3,True,3,True,7,recovered,True,True,recovered,103.94669485200001,35.636585225351155,201,True,True,True,True,True,1,True,1,True,4,True,4,True,13
446,P_to_R,recovered,True,True,recovered,138.18272156900002,42.748389440821484,220,False,True,True,True,False,1,False,1,True,3,True,6,True,29,recovered,True,True,recovered,174.76659651900002,52.10327333700843,341,False,True,True,True,False,1,False,1,True,3,True,6,True,30
447,R_to_P,recovered,True,True,recovered,2.6851894660000006,0.5757411944214255,6,False,True,True,True,True,2,True,2,True,3,True,3,True,5,recovered,True,True,recovered,6.033202997,1.5198298937175423,10,False,True,True,True,True,2,True,2,True,3,True,3,True,5
448,R_to_P,recovered,True,True,recovered,93.67375347099998,31.457213391549885,151,True,True,True,True,True,1,True,1,True,3,True,3,True,5,recovered,True,True,recovered,162.776165107,45.19591167150065,442,True,True,True,True,True,1,True,1,True,3,True,3,True,8
449,R_to_P,recovered,True,True,recovered,51.05941322700001,17.076764236669987,47,True,True,True,True,True,1,True,1,True,2,True,2,True,5,recovered,True,True,recovered,62.02277053000001,20.052794474642724,115,True,True,True,True,True,1,True,1,True,2,True,2,True,5
450,P_to_R,recovered,True,True,recovered,9.707342962000002,2.961105322698131,46,True,True,True,True,True,1,True,1,True,1,True,1,True,1,recovered,True,True,recovered,14.292678817,4.170056488597766,80,True,True,True,True,True,1,True,1,True,1,True,1,True,1
451,R_to_P,recovered,True,True,recovered,8.687198258999999,1.9674309582915157,38,True,True,True,True,True,1,True,1,True,2,True,2,True,4,recovered,True,True,recovered,30.644782916,6.703544127522036,74,True,True,True,True,True,1,True,1,True,2,True,2,True,4
452,R_to_P,recovered,True,True,recovered,5.144755556,0.7990506263449788,3,True,True,True,True,True,1,True,1,True,3,True,3,True,3,recovered,True,True,recovered,15.073680314999999,2.6681180936284363,12,True,True,True,True,True,1,True,1,True,3,True,3,True,4
453,R_to_P,recovered,True,True,recovered,41.446432576,11.01880332781002,64,True,True,True,True,True,1,True,1,True,5,True,6,True,13,recovered,True,True,recovered,354.31198768900003,105.27459321916103,376,True,True,True,True,True,1,True,1,True,5,True,6,True,23
454,R_to_P,recovered,True,True,recovered,34.109022802999995,8.845739933662117,154,True,True,True,True,True,1,True,1,True,3,True,3,True,18,recovered,True,True,recovered,217.08331370700003,58.596998466178775,605,True,True,True,True,True,1,True,1,True,3,True,3,True,19
455,R_to_P,recovered,True,True,recovered,2.848141065,3.400878751417622,3,True,True,True,True,True,1,True,1,True,1,True,2,True,2,recovered,True,True,recovered,15.327193196,7.482150060823187,74,True,True,True,True,True,1,True,1,True,1,True,2,True,4
456,R_to_P,recovered,True,True,recovered,25.748952998999993,7.028152858372778,46,True,True,True,True,True,1,True,1,True,1,True,2,True,9,recovered,True,True,recovered,63.05289595899999,16.912266148952767,144,True,True,True,True,True,1,True,1,True,1,True,2,True,12
457,R_to_P,recovered,True,True,recovered,21.904794414999998,6.611786080524325,139,False,True,True,True,True,2,True,2,True,5,True,7,True,8,recovered,True,True,recovered,29.096309414999997,9.2254335321486,161,False,True,True,True,True,2,True,2,True,5,True,7,True,9
458,R_to_P,recovered,True,True,recovered,3.9962960809999997,1.4086074633523822,15,True,True,True,True,True,1,True,1,True,1,True,2,True,3,recovered,True,True,recovered,13.050426399999997,6.254700883291662,52,True,True,True,True,True,1,True,1,True,1,True,2,True,4
459,P_to_R,recovered,True,True,recovered,42.08412436300001,12.238943684613332,77,True,True,True,True,True,1,True,1,True,3,True,3,True,5,recovered,True,True,recovered,53.19908711400001,16.18343547708355,129,True,True,True,True,True,1,True,1,True,3,True,3,True,10
460,P_to_R,recovered,True,True,recovered,2.708840414,2.355817375006154,1,True,True,True,True,True,1,True,1,True,1,True,1,True,1,recovered,True,True,recovered,6.737906572,4.691369812935591,23,True,True,True,True,True,1,True,1,True,1,True,1,True,4
461,R_to_P,recovered,True,True,recovered,36.243566227,11.574563187779859,163,True,True,True,True,True,1,True,1,True,5,True,6,True,27,recovered,True,True,recovered,67.00813491200002,20.65135532990098,346,True,True,True,True,True,1,True,1,True,5,True,6,True,36
462,R_to_P,recovered,True,True,recovered,20.356001876000004,6.863729488803074,40,True,True,True,True,True,1,True,1,True,5,True,5,True,17,recovered,True,True,recovered,131.710340299,43.284467230318114,222,True,True,True,True,True,1,True,1,True,5,True,5,True,19
463,R_to_P,recovered,True,True,recovered,25.003266467000003,4.660819766111672,38,True,True,True,True,True,1,True,1,True,4,True,4,True,12,recovered,True,True,recovered,208.28935570099995,60.666408855235204,242,True,True,True,True,True,1,True,1,True,4,True,4,True,18
464,P_to_R,recovered,True,True,recovered,76.81288586900001,23.60843258537352,233,True,True,True,True,True,1,True,1,True,3,True,3,True,7,recovered,True,True,recovered,94.567926385,27.18512612883933,390,True,True,True,True,True,1,True,1,True,3,True,3,True,9
465,P_to_R,recovered,True,True,recovered,30.038612178,7.663030729163438,50,True,True,True,True,True,1,True,1,True,2,True,2,True,2,recovered,True,True,recovered,44.380632269,12.257395160850137,161,True,True,True,True,True,1,True,1,True,2,True,2,True,6
466,P_to_R,recovered,True,True,recovered,52.511011406,16.821195972152054,169,True,True,True,True,True,1,True,1,True,5,True,6,True,11,recovered,True,True,recovered,63.664344442,21.609708248171955,212,True,True,True,True,True,1,True,1,True,5,True,8,True,16
467,P_to_R,recovered,True,True,recovered,1.8881507099999995,0.3320217076689005,5,True,True,True,True,True,1,True,1,True,2,True,2,True,3,recovered,True,True,recovered,3.9231669809999996,0.8028610432520509,10,True,True,True,True,True,1,True,1,True,2,True,2,True,4
468,P_to_R,recovered,True,True,recovered,2.3323589449999993,0.4218727322295308,1,True,True,True,True,True,1,True,1,True,1,True,1,True,1,recovered,True,True,recovered,8.085058486,1.5024268459528685,51,True,True,True,True,True,1,True,1,True,1,True,1,True,5
469,R_to_P,recovered,True,True,recovered,5.600718165,0.84343371540308,2,True,True,True,True,True,1,True,1,True,2,True,2,True,2,recovered,True,True,recovered,13.715499616000002,2.5078681618906558,6,True,True,True,True,True,1,True,1,True,2,True,2,True,2
470,R_to_P,recovered,True,True,recovered,3.943815266,0.8175823001656681,1,True,True,True,True,True,1,True,1,True,1,True,1,True,1,recovered,True,True,recovered,9.84854379,2.900933659635484,46,True,True,True,True,True,1,True,1,True,1,True,1,True,2
471,P_to_R,recovered,True,True,recovered,8.242174503,3.054785057902336,14,True,True,True,True,True,1,True,1,True,1,True,3,True,5,recovered,True,True,recovered,27.511041908000003,7.246350339381024,95,True,True,True,True,True,1,True,1,True,1,True,3,True,7
472,R_to_P,recovered,True,True,recovered,3.3407440289999997,0.8009592327289283,1,True,True,True,True,True,1,True,1,True,1,True,1,True,1,recovered,True,True,recovered,8.861210565,1.9284828095696867,16,True,True,True,True,True,1,True,1,True,1,True,1,True,3
473,R_to_P,recovered,True,True,recovered,21.435944451999998,6.022102256771177,36,True,True,True,True,True,1,True,1,True,2,True,2,True,8,recovered,True,True,recovered,38.973381706999994,11.87632004590705,83,True,True,True,True,True,1,True,1,True,2,True,2,True,8
474,R_to_P,recovered,True,True,recovered,16.061952855,3.6315502426587045,63,True,True,True,True,True,1,True,1,True,1,True,1,True,7,recovered,True,True,recovered,110.99101471499998,28.846200499217957,246,True,True,True,True,True,1,True,1,True,1,True,1,True,7
475,P_to_R,recovered,True,True,recovered,11.544647332999997,3.5524416444823146,55,True,True,True,True,True,1,True,1,True,6,True,6,True,13,recovered,True,True,recovered,31.365308557999995,8.515178749803454,189,True,True,True,True,True,1,True,1,True,6,True,6,True,16
476,R_to_P,recovered,True,True,recovered,1.8806358600000004,0.38768031913787127,6,True,True,True,True,True,1,True,1,True,3,True,4,True,6,recovered,True,True,recovered,4.434497894,0.889290576800704,20,True,True,True,True,True,1,True,1,True,3,True,4,True,7
477,R_to_P,recovered,True,True,recovered,16.851402836,3.746846031397581,23,True,True,True,True,True,1,True,1,True,1,True,2,True,3,recovered,True,True,recovered,39.317219963,7.758546152384952,29,True,True,True,True,True,1,True,1,True,1,True,2,True,4
478,P_to_R,recovered,True,True,recovered,3.9241119260000006,0.8678076472133398,15,True,True,True,True,True,1,True,1,True,1,True,1,True,3,recovered,True,True,recovered,8.496809354000002,1.93265261920169,34,True,True,True,True,True,1,True,1,True,1,True,1,True,4
479,R_to_P,recovered,True,True,recovered,5.644951880999999,1.4662335473112762,12,True,True,True,True,True,1,True,1,True,3,True,3,True,5,recovered,True,True,recovered,18.643337896,5.595961240585893,80,True,True,True,True,True,1,True,1,True,4,True,4,True,6
480,P_to_R,recovered,True,True,recovered,14.924254372000002,5.4941523796878755,27,False,True,True,True,False,1,True,3,True,5,True,7,True,9,recovered,True,True,recovered,35.127014640000006,9.606081605423242,179,False,True,True,True,False,1,True,3,True,5,True,7,True,16
481,R_to_P,recovered,True,True,recovered,6.254428071999999,1.2606398921925575,8,True,True,True,True,True,1,True,1,True,1,True,1,True,4,recovered,True,True,recovered,41.523750564,9.262457793345675,122,True,True,True,True,True,1,True,1,True,1,True,1,True,4
482,R_to_P,recovered,True,True,recovered,17.549817357000002,5.175818317569792,117,True,True,True,True,True,1,True,1,True,5,True,6,True,21,recovered,True,True,recovered,21.653178716,6.438232697080821,159,True,True,True,True,True,1,True,1,True,5,True,6,True,25
483,R_to_P,recovered,True,True,recovered,1.9085548849999998,0.4081143671646714,2,False,True,True,True,False,1,True,2,True,2,True,2,True,2,recovered,True,True,recovered,4.3290025750000005,0.8484573033638299,12,False,True,True,True,False,1,True,2,True,2,True,2,True,4
484,R_to_P,recovered,True,True,recovered,9.762040224000001,2.4231358349788934,42,True,True,True,True,True,1,True,1,True,2,True,2,True,5,recovered,True,True,recovered,116.59752987300001,35.859579648822546,231,True,True,True,True,True,1,True,1,True,2,True,2,True,5
485,R_to_P,recovered,True,True,recovered,17.114148580999995,5.620177411939949,8,True,True,True,True,True,1,True,1,True,2,True,2,True,2,recovered,True,True,recovered,52.255363143,15.151962022995576,19,True,True,True,True,True,1,True,1,True,2,True,2,True,2
486,R_to_P,recovered,True,True,recovered,17.420809058000003,4.2008843827061355,13,True,True,True,True,True,1,True,1,True,2,True,2,True,5,recovered,True,True,recovered,22.449019121000003,5.056202481035143,13,True,True,True,True,True,1,True,1,True,2,True,2,True,5
487,P_to_R,recovered,True,True,recovered,4.47954249,1.2758982060477138,2,True,True,True,True,True,1,True,1,True,2,True,2,True,2,recovered,True,True,recovered,9.475845961000001,2.558906754478812,51,True,True,True,True,True,1,True,1,True,2,True,2,True,4
488,R_to_P,recovered,True,True,recovered,3.819972987,0.8100291816517711,9,True,True,True,True,True,1,True,1,True,2,True,3,True,8,recovered,True,True,recovered,15.818895555,3.877068064175546,70,True,True,True,True,True,1,True,1,True,3,True,4,True,15
489,R_to_P,recovered,True,True,recovered,7.454201116,1.9404342453926802,16,True,True,True,True,True,1,True,1,True,1,True,2,True,3,recovered,True,True,recovered,36.285418912,10.844421559013426,81,True,True,True,True,True,1,True,1,True,1,True,2,True,3
490,P_to_R,recovered,True,True,recovered,60.30110447800001,16.69959786813706,55,True,True,True,True,True,1,True,1,True,5,True,5,True,6,recovered,True,True,recovered,75.43925191300002,20.479371381923556,56,True,True,True,True,True,1,True,1,True,5,True,5,True,7
491,R_to_P,recovered,True,True,recovered,17.539722993999998,5.393782611005008,24,True,True,True,True,True,1,True,2,True,3,True,5,True,6,recovered,True,True,recovered,84.338041339,20.49812655057758,167,True,True,True,True,True,1,True,2,True,5,True,7,True,13
492,R_to_P,recovered,True,True,recovered,8.740143146,2.212822289671749,35,True,True,True,True,True,1,True,1,True,2,True,2,True,4,recovered,True,True,recovered,34.183983063999996,10.58291720226407,107,True,True,True,True,True,1,True,1,True,2,True,2,True,4
493,R_to_P,recovered,True,True,recovered,4.728558102999999,1.381584508344531,6,True,True,True,True,True,1,True,1,True,1,True,1,True,3,recovered,True,True,recovered,16.750560115,4.983532751444727,56,True,True,True,True,True,1,True,1,True,1,True,1,True,6
494,P_to_R,recovered,True,True,recovered,5.511406448,2.5624335343018174,21,False,True,True,True,False,1,False,1,True,3,True,5,True,8,recovered,True,True,recovered,13.086131094,5.394575942307711,59,False,True,True,True,False,1,False,1,True,3,True,6,True,16
495,R_to_P,recovered,True,True,recovered,139.563991139,51.85723336879164,60,True,True,True,True,True,1,True,1,True,2,True,2,True,2,recovered,True,True,recovered,152.207622843,55.29547799564898,72,True,True,True,True,True,1,True,1,True,2,True,2,True,3
496,P_to_R,recovered,True,True,recovered,76.989133224,19.349049871554598,24,True,True,True,True,True,1,True,1,True,3,True,3,True,8,recovered,True,True,recovered,174.464949858,37.76669245469384,78,True,True,True,True,True,1,True,1,True,4,True,4,True,16
497,R_to_P,recovered,True,True,recovered,77.02822474899999,23.78445226792246,55,True,True,True,True,True,1,True,1,True,10,True,12,True,18,recovered,True,True,recovered,170.57701547099998,43.55247318604961,187,True,True,True,True,True,1,True,1,True,10,True,12,True,26
498,P_to_R,recovered,True,True,recovered,2.9303565049999984,0.555000870488584,8,True,True,True,True,True,1,True,1,True,2,True,2,True,3,recovered,True,True,recovered,8.216655584999998,1.4960506642237306,15,True,True,True,True,True,1,True,1,True,2,True,2,True,6
499,R_to_P,recovered,True,True,recovered,25.027854577,7.864925582893193,42,True,True,True,True,True,1,True,1,True,2,True,2,True,3,recovered,True,True,recovered,80.415581432,19.20698639936745,118,True,True,True,True,True,1,True,1,True,2,True,2,True,5
500,R_to_P,recovered,True,True,recovered,6.079962325,1.7711455272510648,34,True,True,True,True,True,1,True,1,True,2,True,2,True,8,recovered,True,True,recovered,15.528372355000002,4.779947212897241,73,True,True,True,True,True,1,True,1,True,2,True,2,True,8
501,R_to_P,recovered,True,True,recovered,10.216541195,3.3865365087985992,47,True,True,True,True,True,1,True,1,True,1,True,1,True,4,recovered,True,True,recovered,16.251581080999998,4.79972788807936,222,True,True,True,True,True,1,True,1,True,1,True,1,True,4
502,R_to_P,recovered,True,True,recovered,3.474911417,0.8293985798954964,73,True,True,True,True,True,1,True,1,True,4,True,4,True,10,recovered,True,True,recovered,7.516409095,1.6383666335605085,89,True,True,True,True,True,1,True,1,True,4,True,4,True,12
503,R_to_P,recovered,True,True,recovered,11.230759296,3.2869463253300637,25,True,True,True,True,True,1,True,1,True,2,True,2,True,2,recovered,True,True,recovered,18.495929720000003,5.1248971407767385,42,True,True,True,True,True,1,True,1,True,2,True,2,True,3
504,R_to_P,recovered,True,True,recovered,22.447472162999997,6.9951547554228455,36,True,True,True,True,True,1,True,1,True,2,True,2,True,2,recovered,True,True,recovered,32.644731693,9.381745824590325,56,True,True,True,True,True,1,True,1,True,2,True,2,True,5
505,R_to_P,recovered,True,True,recovered,7.665085659999999,2.309598243329674,24,True,True,True,True,True,1,True,1,True,2,True,2,True,3,recovered,True,True,recovered,26.723593613999995,8.687201313208789,113,True,True,True,True,True,1,True,1,True,2,True,2,True,3
506,R_to_P,recovered,True,True,recovered,11.427314324000001,2.0428502010181546,63,True,True,True,True,True,1,True,1,True,1,True,2,True,11,recovered,True,True,recovered,39.40221534900001,7.9944064249284565,218,True,True,True,True,True,1,True,1,True,1,True,2,True,16
507,R_to_P,recovered,True,True,recovered,17.618049943999996,2.6453103395178914,12,True,True,True,True,True,1,True,1,True,1,True,1,True,6,recovered,True,True,recovered,47.209742065,7.69800354167819,66,True,True,True,True,True,1,True,1,True,1,True,1,True,10
508,R_to_P,recovered,True,True,recovered,2.839213127,0.5108842141926289,2,True,True,True,True,True,1,True,1,True,1,True,1,True,2,recovered,True,True,recovered,7.657432715999999,1.6786828581243753,44,True,True,True,True,True,1,True,1,True,1,True,1,True,5
509,R_to_P,recovered,True,True,recovered,7.906270675000002,2.1829588981345296,22,True,True,True,True,True,1,True,1,True,3,True,3,True,4,recovered,True,True,recovered,25.605488382000004,7.93419923633337,141,True,True,True,True,True,1,True,1,True,3,True,3,True,5
510,P_to_R,recovered,True,True,recovered,3.606189706000001,0.7991923515219241,10,True,True,True,True,True,1,True,2,True,3,True,3,True,8,recovered,True,True,recovered,12.159518005,3.019778474466875,137,True,True,True,True,True,1,True,2,True,3,True,3,True,10
511,P_to_R,recovered,True,True,recovered,16.431038618000002,4.282511931611225,139,False,True,True,True,True,3,True,6,True,13,True,22,True,73,recovered,True,True,recovered,44.858293498,9.83254870516248,376,False,True,True,True,True,4,True,7,True,23,True,42,True,146
512,R_to_P,recovered,True,True,recovered,2.2887658800000006,0.5093286079354584,16,True,True,True,True,True,1,True,1,True,3,True,3,True,4,recovered,True,True,recovered,6.740505963999999,1.6522273202426732,85,True,True,True,True,True,1,True,1,True,3,True,3,True,5
513,R_to_P,recovered,True,True,recovered,10.323836901999996,2.130211723037064,10,True,True,True,True,True,1,True,1,True,1,True,2,True,4,recovered,True,True,recovered,18.243163678,3.526722641661763,15,True,True,True,True,True,1,True,1,True,1,True,2,True,7
514,P_to_R,recovered,True,True,recovered,12.599603950999997,4.044807073660195,53,True,True,True,True,True,1,True,1,True,5,True,5,True,12,recovered,True,True,recovered,53.593004398999994,13.813568035140634,268,True,True,True,True,True,1,True,1,True,5,True,5,True,13
515,P_to_R,recovered,True,True,recovered,13.491473974000003,3.783325705677271,21,True,True,True,True,True,1,True,1,True,1,True,1,True,2,recovered,True,True,recovered,31.981966947000007,7.293661181814969,39,True,True,True,True,True,1,True,1,True,1,True,1,True,2
516,R_to_P,recovered,True,True,recovered,24.181179890000003,3.7660112753510475,32,True,True,True,True,True,1,True,1,True,1,True,1,True,6,recovered,True,True,recovered,64.50732107399999,13.971380576491356,51,True,True,True,True,True,1,True,1,True,1,True,1,True,6
517,P_to_R,recovered,True,True,recovered,9.635527101000001,2.5945398677140474,23,True,True,True,True,True,1,True,1,True,4,True,4,True,8,recovered,True,True,recovered,17.616723827,4.365348657593131,92,True,True,True,True,True,1,True,1,True,4,True,4,True,10
518,R_to_P,recovered,True,True,recovered,9.59653264,2.6684699300676584,11,True,True,True,True,True,1,True,1,True,2,True,2,True,5,recovered,True,True,recovered,43.575762493000006,11.599560597911477,85,True,True,True,True,True,1,True,1,True,2,True,2,True,7
519,R_to_P,recovered,True,True,recovered,3.8546935130000004,0.730059546418488,3,True,True,True,True,True,1,True,1,True,1,True,1,True,2,recovered,True,True,recovered,12.570174467000003,2.8717291206121445,29,True,True,True,True,True,1,True,1,True,1,True,1,True,2
520,R_to_P,recovered,True,True,recovered,9.222127583,2.434828973375261,77,True,True,True,True,True,1,True,1,True,2,True,3,True,4,recovered,True,True,recovered,14.482496000000001,3.603880816139281,102,True,True,True,True,True,1,True,1,True,2,True,3,True,6
521,P_to_R,recovered,True,True,recovered,224.119423972,59.694406068883836,142,True,True,True,True,True,1,True,1,True,6,True,7,True,16,recovered,True,True,recovered,446.26818519100004,106.20368338376284,305,True,True,True,True,True,1,True,1,True,6,True,7,True,25
522,R_to_P,recovered,True,True,recovered,3.912352390999999,0.7892013345845044,44,True,True,True,True,True,1,True,1,True,2,True,2,True,5,recovered,True,True,recovered,13.151525239,3.2123686778359115,62,True,True,True,True,True,1,True,1,True,2,True,2,True,5
523,R_to_P,recovered,True,True,recovered,24.906291640000006,7.186204081401229,180,True,True,True,True,True,1,True,1,True,2,True,3,True,14,recovered,True,True,recovered,48.411484964,13.410794437397271,502,True,True,True,True,True,1,True,1,True,2,True,3,True,20
524,P_to_R,recovered,True,True,recovered,27.615013023999996,8.608764473814517,59,True,True,True,True,True,1,True,1,True,1,True,1,True,2,recovered,True,True,recovered,40.836495768999995,11.660716681741178,103,True,True,True,True,True,1,True,1,True,1,True,1,True,5
525,R_to_P,recovered,True,True,recovered,2.560947845,0.48430475033819675,1,True,True,True,True,True,1,True,1,True,1,True,1,True,1,recovered,True,True,recovered,15.346373314000003,3.7564883097074926,14,True,True,True,True,True,1,True,1,True,1,True,1,True,1
526,R_to_P,recovered,True,True,recovered,2.7985966889999996,0.664843218633905,13,True,True,True,True,True,1,True,1,True,2,True,4,True,9,recovered,True,True,recovered,4.879619469999999,1.0457796626724303,13,True,True,True,True,True,1,True,1,True,2,True,4,True,9
527,R_to_P,recovered,True,True,recovered,5.653290361,1.0931003207806498,11,True,True,True,True,True,1,True,1,True,6,True,6,True,11,recovered,True,True,recovered,66.10535591100002,14.307264683302492,149,True,True,True,True,True,1,True,1,True,6,True,6,True,14
528,R_to_P,recovered,True,True,recovered,42.972612725,19.792222136165947,46,True,True,True,True,True,1,True,1,True,2,True,2,True,5,recovered,True,True,recovered,245.516322735,83.07222511805594,170,True,True,True,True,True,1,True,1,True,2,True,2,True,12
529,R_to_P,recovered,True,True,recovered,38.221514528,7.739111421164125,38,True,True,True,True,True,1,True,1,True,1,True,1,True,3,recovered,True,True,recovered,59.823951416999996,12.316826185910031,80,True,True,True,True,True,1,True,1,True,1,True,1,True,7
530,R_to_P,recovered,True,True,recovered,13.687788334,4.2726455382071435,79,True,True,True,True,True,2,True,4,True,8,True,14,True,20,recovered,True,True,recovered,22.536772921,6.8016653950326145,138,True,True,True,True,True,2,True,4,True,8,True,14,True,20
531,R_to_P,recovered,True,True,recovered,53.708719547000015,14.569920874200761,158,True,True,True,True,True,1,True,1,True,2,True,3,True,8,recovered,True,True,recovered,66.94282570000001,18.089611627627164,261,True,True,True,True,True,1,True,1,True,3,True,4,True,10
532,R_to_P,recovered,True,True,recovered,182.269224426,48.223953779786825,361,False,True,True,True,False,1,False,1,True,4,True,9,True,30,recovered,True,True,recovered,459.40907757200006,121.21924691833556,813,False,True,True,True,False,1,False,1,True,4,True,9,True,32
533,R_to_P,recovered,True,True,recovered,20.308172047,5.3139593517407775,326,False,True,True,True,False,1,True,2,True,6,True,10,True,22,recovered,True,True,recovered,67.379451748,18.20144225889817,557,False,True,True,True,False,1,True,2,True,6,True,10,True,26
534,R_to_P,recovered,True,True,recovered,28.974592485,5.816520794061944,51,False,True,True,True,False,1,False,1,True,3,True,3,True,11,recovered,True,True,recovered,80.382419952,19.79012862453237,108,False,True,True,True,False,1,False,1,True,3,True,3,True,11
535,R_to_P,recovered,True,True,recovered,12.458457384,2.8719988961238414,23,False,True,True,True,False,1,False,1,True,2,True,2,True,7,recovered,True,True,recovered,85.339723045,16.94883680390194,122,False,True,True,True,False,1,False,1,True,2,True,2,True,11
536,R_to_P,recovered,True,True,recovered,25.272315103,6.792951989453286,254,True,True,True,True,True,1,True,2,True,2,True,6,True,19,recovered,True,True,recovered,100.71135663000001,28.090455581899732,562,True,True,True,True,True,1,True,2,True,2,True,6,True,19
537,R_to_P,recovered,True,True,recovered,7.146540057999999,2.889639178290963,36,True,True,True,True,True,2,True,2,True,6,True,6,True,6,recovered,True,True,recovered,11.502574506,3.874215479940176,42,True,True,True,True,True,2,True,2,True,6,True,6,True,7
538,R_to_P,recovered,True,True,recovered,1.6705516610000002,0.5377741577103734,12,True,True,True,True,True,1,True,1,True,1,True,2,True,3,recovered,True,True,recovered,7.085009825999999,1.9768178130034357,39,True,True,True,True,True,1,True,2,True,2,True,5,True,11
539,R_to_P,recovered,True,True,recovered,7.982598469999999,1.935025115730241,32,True,True,True,True,True,1,True,1,True,2,True,2,True,8,recovered,True,True,recovered,18.811794113999998,4.614147121552378,71,True,True,True,True,True,1,True,1,True,2,True,2,True,9
540,P_to_R,recovered,True,True,recovered,18.840930717000003,5.709912792313844,65,True,True,True,True,True,1,True,1,True,4,True,4,True,17,recovered,True,True,recovered,32.044490567000004,9.062622970202938,107,True,True,True,True,True,1,True,2,True,5,True,6,True,21
541,R_to_P,recovered,True,True,recovered,85.60327523599999,20.055497179739177,246,True,True,True,True,True,1,True,1,True,9,True,10,True,39,recovered,True,True,recovered,269.141708753,72.44022758770734,533,True,True,True,True,True,1,True,1,True,9,True,11,True,54
542,R_to_P,recovered,True,True,recovered,86.963857993,23.02299067750573,198,False,True,True,True,False,2,True,4,True,6,True,8,True,20,recovered,True,True,recovered,163.26111594000002,42.848503682762384,325,False,True,True,True,False,2,True,4,True,7,True,9,True,23
543,R_to_P,recovered,True,True,recovered,5.007006941,1.3368459353223443,19,True,True,True,True,True,1,True,1,True,1,True,1,True,5,recovered,True,True,recovered,11.671713367,3.0612351140007377,61,True,True,True,True,True,1,True,1,True,1,True,1,True,6
544,R_to_P,recovered,True,True,recovered,7.747463245999999,2.0057565262541175,49,True,True,True,True,True,1,True,1,True,2,True,2,True,6,recovered,True,True,recovered,34.386485561,8.87090160837397,178,True,True,True,True,True,1,True,1,True,2,True,2,True,6
545,P_to_R,recovered,True,True,recovered,7.057379770000001,2.1805471275001764,21,True,True,True,True,True,1,True,1,True,1,True,1,True,3,recovered,True,True,recovered,78.97970933300002,23.525492787128314,177,True,True,True,True,True,1,True,1,True,1,True,1,True,5
546,R_to_P,recovered,True,True,recovered,18.462760789,6.174398746341467,72,True,True,True,True,True,1,True,1,True,1,True,2,True,8,recovered,True,True,recovered,42.032953146,12.26039865333587,195,True,True,True,True,True,1,True,1,True,1,True,2,True,11
547,R_to_P,recovered,True,True,recovered,128.46886353,37.91122149024159,218,True,True,True,True,True,1,True,1,True,2,True,3,True,7,recovered,True,True,recovered,148.22131628,43.95699876360595,258,True,True,True,True,True,1,True,1,True,2,True,4,True,8
548,R_to_P,recovered,True,True,recovered,28.227645421000002,6.8045853683725,105,True,True,True,True,True,1,True,1,True,1,True,2,True,2,recovered,True,True,recovered,34.511090879,8.314622920937836,199,True,True,True,True,True,1,True,1,True,1,True,2,True,2
549,P_to_R,recovered,True,True,recovered,39.991646972000005,9.304198671132326,114,True,True,True,True,True,1,True,2,True,6,True,11,True,26,recovered,True,True,recovered,83.963933814,17.69177424442023,253,True,True,True,True,True,1,True,2,True,6,True,11,True,31
550,P_to_R,recovered,True,True,recovered,10.697959747,3.4677054844796658,35,True,True,True,True,True,1,True,2,True,2,True,2,True,7,recovered,True,True,recovered,24.701683928,6.48317426815629,97,True,True,True,True,True,1,True,2,True,2,True,2,True,7
551,R_to_P,recovered,True,True,recovered,214.380729301,62.226000025868416,200,True,True,True,True,True,1,True,2,True,4,True,4,True,12,recovered,True,True,recovered,264.550344905,74.31574467383325,337,True,True,True,True,True,1,True,2,True,4,True,4,True,15
552,R_to_P,recovered,True,True,recovered,2.1953164960000002,0.588292483240366,9,True,True,True,True,True,1,True,1,True,2,True,3,True,5,recovered,True,True,recovered,4.946860849999999,1.1435617879033089,21,True,True,True,True,True,1,True,1,True,2,True,3,True,5
553,R_to_P,recovered,True,True,recovered,115.89325430400002,33.53325746860355,89,False,True,True,True,False,1,True,2,True,2,True,6,True,12,recovered,True,True,recovered,203.68573100000003,58.64317075256258,209,False,True,True,True,False,1,True,2,True,2,True,6,True,16
554,R_to_P,recovered,True,True,recovered,138.10446245500003,39.41448500473052,409,True,True,True,True,True,1,True,1,True,7,True,8,True,21,recovered,True,True,recovered,246.39888777200002,69.50386830884963,878,True,True,True,True,True,1,True,1,True,7,True,11,True,40
555,R_to_P,recovered,True,True,recovered,48.866730741000005,11.061664164997637,92,True,True,True,True,True,1,True,1,True,1,True,1,True,4,recovered,True,True,recovered,117.37450077800001,26.45785986445844,186,True,True,True,True,True,1,True,1,True,1,True,1,True,5
556,R_to_P,recovered,True,True,recovered,41.46911656799999,9.812971712555736,124,True,True,True,True,True,1,True,2,True,4,True,4,True,9,recovered,True,True,recovered,62.65605864399999,13.735084801446646,145,True,True,True,True,True,1,True,2,True,4,True,4,True,10
557,R_to_P,recovered,True,True,recovered,12.254725987,3.212565870489925,90,True,True,True,True,True,1,True,3,True,6,True,14,True,35,recovered,True,True,recovered,17.778838702,4.638489288510755,146,True,True,True,True,True,1,True,4,True,7,True,17,True,41
558,R_to_P,recovered,True,True,recovered,8.361833164,2.105498792603612,47,True,True,True,True,True,1,True,1,True,2,True,2,True,6,recovered,True,True,recovered,37.17630282900001,9.858695162227377,235,True,True,True,True,True,1,True,1,True,2,True,2,True,6
559,R_to_P,recovered,True,True,recovered,125.87263936299999,31.67364778718911,198,True,True,True,True,True,1,True,1,True,1,True,2,True,3,recovered,True,True,recovered,345.96081111,93.61539788614027,491,True,True,True,True,True,1,True,1,True,1,True,3,True,4
560,R_to_P,recovered,True,True,recovered,4.429113842000001,1.43969314545393,62,True,True,True,True,True,1,True,1,True,1,True,1,True,5,recovered,True,True,recovered,18.089533781000004,6.253849851433188,135,True,True,True,True,True,1,True,1,True,1,True,1,True,5
561,R_to_P,recovered,True,True,recovered,365.861966414,80.48530866764486,1006,True,True,True,True,True,1,True,1,True,4,True,4,True,32,recovered,True,True,recovered,783.409538334,192.71786856558174,2000,True,True,True,True,True,1,True,1,True,4,True,4,True,32
562,R_to_P,recovered,True,True,recovered,10.216197451000001,1.8234100928530097,20,True,True,True,True,True,1,True,1,True,2,True,2,True,4,recovered,True,True,recovered,24.297601587000003,5.579771707765758,97,True,True,True,True,True,1,True,1,True,2,True,2,True,4
563,R_to_P,recovered,True,True,recovered,75.571908079,15.619147210381925,894,True,True,True,True,True,1,True,1,True,9,True,16,True,57,recovered,True,True,recovered,104.893926872,20.631743928417563,991,True,True,True,True,True,1,True,1,True,9,True,16,True,61
564,R_to_P,recovered,True,True,recovered,79.34489298099999,24.3959603512194,208,False,True,True,True,True,2,True,2,True,4,True,5,True,13,recovered,True,True,recovered,487.13578553299993,159.6741698794067,538,False,True,True,True,True,2,True,2,True,4,True,5,True,18
565,R_to_P,recovered,True,True,recovered,18.498663824,3.01760480273515,74,False,True,True,True,True,2,True,2,True,2,True,2,True,17,recovered,True,True,recovered,244.45691190700003,63.67352319136262,744,False,True,True,True,True,2,True,2,True,2,True,3,True,21
566,R_to_P,recovered,True,True,recovered,57.180406922,13.297029334120452,696,False,True,True,True,False,2,False,2,True,6,True,6,True,25,recovered,True,True,recovered,121.719707555,28.225941674783826,1244,False,True,True,True,False,2,False,2,True,10,True,10,True,37
567,R_to_P,recovered,True,True,recovered,75.84116682099999,19.347055832855403,69,True,True,True,True,True,1,True,1,True,3,True,3,True,4,recovered,True,True,recovered,289.85797632000003,80.32845651358366,222,True,True,True,True,True,1,True,1,True,3,True,3,True,5
568,R_to_P,recovered,True,True,recovered,14.594887564999999,3.777963104657829,99,True,True,True,True,True,1,True,1,True,4,True,4,True,17,recovered,True,True,recovered,78.31661645400001,21.413602182641625,260,True,True,True,True,True,1,True,1,True,4,True,4,True,22
569,R_to_P,recovered,True,True,recovered,13.15580704,2.1627729842439294,8,True,True,True,True,True,1,True,1,True,2,True,2,True,8,recovered,True,True,recovered,85.13682736199999,19.32628737576306,251,True,True,True,True,True,1,True,1,True,2,True,2,True,12
570,R_to_P,recovered,True,True,not_recovered,29.648975587000002,8.665298103354871,526,False,False,False,False,False,7,False,9,True,44,True,54,True,149,recovered,True,True,not_recovered,35.142017393,9.987889275886118,715,False,False,False,False,False,7,False,9,True,50,True,66,True,198
571,R_to_P,recovered,True,True,recovered,15.764181567000001,4.034460014663637,88,True,True,True,True,True,1,True,1,True,4,True,5,True,14,recovered,True,True,recovered,35.589511021999996,9.108670833986253,194,True,True,True,True,True,1,True,1,True,4,True,5,True,16
572,R_to_P,recovered,True,True,recovered,43.089159568999996,11.218451045453548,149,False,True,True,True,False,1,True,2,True,2,True,2,True,21,recovered,True,True,recovered,232.97956209999995,67.82634658925235,322,False,True,True,True,False,1,True,2,True,2,True,2,True,23
573,R_to_P,recovered,True,True,recovered,81.202151998,18.80295664910227,39,True,True,True,True,True,1,True,1,True,2,True,3,True,6,recovered,True,True,recovered,293.29458397,70.75776829943061,162,True,True,True,True,True,1,True,1,True,2,True,3,True,8
574,R_to_P,recovered,True,True,recovered,15.148030901999997,3.788983978331089,81,False,True,True,True,True,2,True,3,True,3,True,7,True,16,recovered,True,True,recovered,110.76477679899999,30.335423251613975,346,False,True,True,True,True,2,True,3,True,3,True,7,True,19
575,R_to_P,recovered,True,True,recovered,264.227576791,35.005343647208065,437,True,True,True,True,True,1,True,1,True,8,True,10,True,48,recovered,True,True,recovered,1107.9587043390002,219.24920981470495,2003,True,True,True,True,True,1,True,1,True,8,True,10,True,48
576,R_to_P,not_recovered,True,True,not_recovered,34.726546656000004,9.128925120458007,119,False,False,False,False,False,1,False,1,False,3,False,4,False,10,recovered,True,True,recovered,104.73086407500001,29.616136559285223,643,True,True,True,True,True,2,True,2,True,4,True,6,True,14
577,R_to_P,recovered,True,True,recovered,3.973856914999999,0.9657807126641273,60,True,True,True,True,True,1,True,2,True,6,True,15,True,50,recovered,True,True,recovered,20.277758565000003,5.072312025120482,175,True,True,True,True,True,1,True,2,True,8,True,20,True,106
578,R_to_P,recovered,True,True,recovered,9.796013914,2.605123359011486,28,True,True,True,True,True,1,True,1,True,1,True,3,True,6,recovered,True,True,recovered,32.712964465,8.496780919842422,99,True,True,True,True,True,1,True,1,True,1,True,3,True,8
579,R_to_P,recovered,True,True,recovered,17.882644967,4.439488276140764,69,True,True,True,True,True,1,True,1,True,1,True,4,True,10,recovered,True,True,recovered,162.51515432100004,40.58390479115769,804,True,True,True,True,True,1,True,1,True,1,True,4,True,12
580,R_to_P,recovered,True,True,recovered,23.582073798,6.439112754072994,197,True,True,True,True,True,1,True,2,True,7,True,11,True,26,recovered,True,True,recovered,69.842573403,15.680614544311538,588,True,True,True,True,True,1,True,4,True,9,True,17,True,35
581,R_to_P,recovered,True,True,recovered,5.963899690000002,1.4612925183027983,21,True,True,True,True,True,1,True,1,True,2,True,2,True,8,recovered,True,True,recovered,21.163455055,5.654168994165957,66,True,True,True,True,True,1,True,1,True,4,True,4,True,12
582,R_to_P,recovered,True,True,recovered,7.018560792000001,1.6783263962715864,146,True,True,True,True,True,1,True,1,True,14,True,22,True,68,recovered,True,True,recovered,71.43240860200001,15.840611235238612,1019,True,True,True,True,True,1,True,1,True,15,True,23,True,118
583,R_to_P,recovered,True,True,recovered,285.132798941,67.75731025077403,274,False,True,True,True,True,2,True,2,True,18,True,18,True,61,recovered,True,True,recovered,682.2169605379999,166.14392298739403,378,False,True,True,True,True,2,True,2,True,20,True,20,True,70
584,P_to_R,recovered,True,True,recovered,4.015507088000001,1.006391626317054,23,True,True,True,True,True,1,True,1,True,4,True,5,True,11,recovered,True,True,recovered,9.209238754000001,2.2028207869734615,42,True,True,True,True,True,1,True,1,True,4,True,5,True,14
585,R_to_P,recovered,True,True,recovered,6.111998077000001,1.159104731399566,19,True,True,True,True,True,1,True,1,True,2,True,3,True,3,recovered,True,True,recovered,13.371280960000002,2.988067006925121,26,True,True,True,True,True,1,True,1,True,2,True,3,True,5
586,R_to_P,recovered,True,True,recovered,10.76820588,3.183157389983535,177,True,True,True,True,True,1,True,1,True,3,True,4,True,16,recovered,True,True,recovered,42.11355200399999,10.315998045960441,327,True,True,True,True,True,1,True,1,True,3,True,4,True,19
587,R_to_P,recovered,True,True,recovered,23.313524606999998,5.849481877172366,93,False,True,True,True,False,1,True,2,True,3,True,5,True,19,recovered,True,True,recovered,74.205070303,18.953346682013944,194,False,True,True,True,False,1,True,2,True,6,True,8,True,25
588,R_to_P,recovered,True,True,recovered,16.425300935,3.9975619399920106,143,False,True,True,True,True,3,True,3,True,5,True,12,True,43,recovered,True,True,recovered,38.559870313,10.619521072134376,264,False,True,True,True,True,3,True,3,True,6,True,13,True,48
589,R_to_P,recovered,True,True,recovered,10.983478589999999,4.079524884000421,118,True,True,True,True,True,1,True,1,True,1,True,1,True,7,recovered,True,True,recovered,21.920289586,7.525084990076721,165,True,True,True,True,True,1,True,1,True,1,True,1,True,10
590,R_to_P,unknown,True,True,not_recovered,586.8804767150001,159.84701418038458,1014,False,False,False,False,False,1,False,3,False,10,False,18,False,80,unknown,True,True,not_recovered,1054.93250799,290.89839328918606,1712,False,False,False,False,False,1,False,7,False,14,False,42,False,139
591,R_to_P,recovered,True,True,recovered,3.4155223130000003,0.7545332573354244,17,True,True,True,True,True,1,True,1,True,2,True,3,True,9,recovered,True,True,recovered,9.769913224,2.5566693749278784,48,True,True,True,True,True,1,True,1,True,2,True,3,True,11
592,R_to_P,recovered,True,True,recovered,3.11461522,0.6107047738041729,5,True,True,True,True,True,1,True,1,True,1,True,1,True,3,recovered,True,True,recovered,7.8391248650000005,1.6034524510614574,62,True,True,True,True,True,1,True,1,True,1,True,1,True,6
593,R_to_P,recovered,True,True,recovered,3.9156467700000004,0.7612182144075632,6,True,True,True,True,True,1,True,2,True,2,True,2,True,3,recovered,True,True,recovered,7.014949458000002,1.4701923225075006,7,True,True,True,True,True,1,True,2,True,2,True,2,True,3
594,R_to_P,recovered,True,True,recovered,108.37349019399998,32.843154777539894,205,True,True,True,True,True,1,True,1,True,6,True,6,True,18,recovered,True,True,recovered,223.7283586,63.03552426001988,423,True,True,True,True,True,1,True,1,True,6,True,6,True,28
595,P_to_R,recovered,True,True,recovered,99.80324866499998,32.95836934633553,107,True,True,True,True,True,2,True,2,True,4,True,4,True,18,recovered,True,True,recovered,184.97399784499996,56.774749973323196,258,True,True,True,True,True,2,True,2,True,4,True,6,True,24
596,R_to_P,recovered,True,True,recovered,430.557224691,103.56345029640943,422,True,True,True,True,True,1,True,1,True,4,True,4,True,25,recovered,True,True,recovered,1058.1066755200002,269.83511485438794,619,True,True,True,True,True,1,True,1,True,4,True,4,True,25
597,R_to_P,recovered,True,True,recovered,33.917084798999994,9.430052270181477,139,True,True,True,True,True,1,True,1,True,4,True,4,True,19,recovered,True,True,recovered,105.581447991,28.836645054398105,272,True,True,True,True,True,1,True,1,True,4,True,4,True,21
598,R_to_P,recovered,True,True,not_recovered,86.581030836,27.424525942653418,45,False,False,False,True,False,1,False,2,True,7,True,10,True,23,recovered,True,True,not_recovered,151.033950903,43.74295280082151,213,False,False,False,True,False,1,False,2,True,7,True,11,True,28
599,R_to_P,recovered,True,True,recovered,48.588771971,13.848223727196455,299,False,True,True,True,True,2,True,2,True,5,True,7,True,28,recovered,True,True,recovered,119.36780274300003,33.454374137334526,534,False,True,True,True,True,2,True,2,True,5,True,7,True,28
600,R_to_P,recovered,True,True,recovered,10.139895703999999,2.6310432199388742,25,True,True,True,True,True,1,True,1,True,1,True,1,True,2,recovered,True,True,recovered,24.906278660999998,6.561466044746339,79,True,True,True,True,True,1,True,1,True,1,True,1,True,3
601,P_to_R,recovered,True,True,recovered,84.034957946,25.665465115569532,229,False,True,True,True,True,2,True,2,True,2,True,2,True,12,recovered,True,True,recovered,119.286507153,33.801469278521836,400,False,True,True,True,True,2,True,2,True,2,True,2,True,19
602,R_to_P,recovered,True,True,recovered,16.834054545999997,4.34024141728878,177,True,True,True,True,True,1,True,1,True,1,True,1,True,3,recovered,True,True,recovered,81.13815356,20.77455674763769,773,True,True,True,True,True,1,True,1,True,1,True,3,True,6
603,R_to_P,not_recovered,True,True,not_recovered,95.40501185699999,22.330867869779468,385,False,False,False,False,False,1,False,1,False,3,False,3,False,7,recovered,True,True,recovered,192.38898290799997,46.789181837812066,865,False,True,True,True,True,2,True,2,True,6,True,7,True,24
604,R_to_P,recovered,True,True,recovered,24.511624506,6.977974141947925,159,True,True,True,True,True,1,True,2,True,4,True,8,True,24,recovered,True,True,recovered,57.090053284,15.667858081869781,303,True,True,True,True,True,1,True,2,True,4,True,8,True,28
605,R_to_P,recovered,True,True,recovered,2.411697614,1.469467313028872,11,False,True,True,True,True,2,True,2,True,5,True,6,True,8,recovered,True,True,recovered,4.818576433,2.939384087920189,16,False,True,True,True,True,2,True,2,True,6,True,7,True,11
606,R_to_P,recovered,True,True,recovered,1.8458568879999997,0.9098724545910954,5,True,True,True,True,True,1,True,1,True,2,True,2,True,3,recovered,True,True,recovered,3.556724509999999,1.6851850468665361,14,True,True,True,True,True,1,True,1,True,2,True,2,True,3
607,R_to_P,recovered,True,True,recovered,445.393061649,104.38174552191049,1844,True,True,True,True,True,1,True,3,True,16,True,47,True,224,recovered,True,True,recovered,972.893892572,241.9023132873699,2549,True,True,True,True,True,1,True,3,True,16,True,47,True,228
608,R_to_P,recovered,True,True,recovered,9.449651585999998,1.5970653966069221,31,True,True,True,True,True,1,True,1,True,3,True,4,True,10,recovered,True,True,recovered,126.49466395599998,28.031318325549364,813,True,True,True,True,True,1,True,1,True,3,True,4,True,10
609,R_to_P,recovered,True,True,recovered,18.102106951999996,7.255101406015456,59,True,True,True,True,True,1,True,1,True,2,True,2,True,7,recovered,True,True,recovered,141.269451429,31.78877467662096,440,True,True,True,True,True,1,True,1,True,2,True,3,True,18
610,R_to_P,recovered,True,True,not_recovered,17.764884070999997,5.017273286357522,217,False,False,False,False,False,1,False,1,False,3,False,3,True,17,recovered,True,True,not_recovered,48.779639524,12.243823966011405,386,False,False,False,False,False,1,False,1,False,3,False,3,True,17
611,R_to_P,recovered,True,True,recovered,36.289449277,8.598832327872515,143,False,True,True,True,True,4,True,6,True,16,True,30,True,64,recovered,True,True,recovered,86.07250210200002,19.164164647459984,287,False,True,True,True,True,4,True,6,True,16,True,30,True,66
612,R_to_P,recovered,True,True,recovered,177.35863346,50.93188985623419,160,True,True,True,True,True,1,True,1,True,2,True,4,True,8,recovered,True,True,recovered,557.249758082,167.66393655259162,435,True,True,True,True,True,1,True,1,True,2,True,4,True,10
613,R_to_P,recovered,True,True,recovered,41.84110822299999,7.219885013997555,6,True,True,True,True,True,1,True,1,True,1,True,1,True,4,recovered,True,True,recovered,80.85226295,14.899735258659348,25,True,True,True,True,True,1,True,1,True,1,True,1,True,5
614,R_to_P,recovered,True,True,recovered,53.712762941,10.285555926617235,33,True,True,True,True,True,1,True,1,True,2,True,2,True,7,recovered,True,True,recovered,153.88164671200002,26.427817137679085,66,True,True,True,True,True,1,True,1,True,2,True,2,True,10
615,R_to_P,recovered,True,True,recovered,23.637084443000003,8.032524381065741,43,True,True,True,True,True,1,True,1,True,1,True,1,True,3,recovered,True,True,recovered,65.75075432600002,19.950650979066268,102,True,True,True,True,True,1,True,1,True,2,True,2,True,3
616,R_to_P,recovered,True,True,recovered,47.001151841000016,7.520129005424678,27,True,True,True,True,True,1,True,1,True,1,True,2,True,8,recovered,True,True,recovered,99.68183117600002,19.440965455025434,48,True,True,True,True,True,1,True,1,True,1,True,2,True,8
617,R_to_P,recovered,True,True,recovered,10.759834472,2.6618475052528083,2,True,True,True,True,True,1,True,1,True,1,True,1,True,2,recovered,True,True,recovered,25.921692054999998,5.080995628610253,5,True,True,True,True,True,1,True,1,True,1,True,1,True,2
618,R_to_P,recovered,True,True,recovered,116.455987643,26.06569615006447,139,True,True,True,True,True,1,True,3,True,7,True,11,True,31,recovered,True,True,recovered,202.371191918,43.93409292772412,185,True,True,True,True,True,1,True,3,True,7,True,13,True,37
619,R_to_P,recovered,True,True,recovered,157.49551286300002,31.46563977189362,252,True,True,True,True,True,1,True,3,True,6,True,8,True,24,recovered,True,True,recovered,273.66915882000006,55.108632740564644,347,True,True,True,True,True,1,True,3,True,6,True,8,True,26
620,R_to_P,recovered,True,True,recovered,259.056157247,51.37988111958839,520,True,True,True,True,True,1,True,2,True,4,True,6,True,34,recovered,True,True,recovered,840.383633435,188.01594753097743,1590,True,True,True,True,True,1,True,2,True,4,True,6,True,41
621,R_to_P,recovered,True,True,recovered,144.84573105700005,48.46934990957379,93,True,True,True,True,True,1,True,2,True,2,True,2,True,9,recovered,True,True,recovered,261.0963169860001,74.68897289037704,260,True,True,True,True,True,1,True,2,True,2,True,4,True,15
622,R_to_P,recovered,True,True,recovered,268.03134685299995,61.3077901462093,113,True,True,True,True,True,1,True,2,True,2,True,2,True,8,recovered,True,True,recovered,784.427691848,200.73119159881026,326,True,True,True,True,True,1,True,2,True,2,True,2,True,8
623,P_to_R,recovered,True,True,recovered,52.142367289,10.062310391571373,22,True,True,True,True,True,1,True,1,True,1,True,1,True,5,recovered,True,True,recovered,114.83535547499999,18.87286986410618,48,True,True,True,True,True,1,True,1,True,1,True,1,True,8
624,R_to_P,recovered,True,True,recovered,2.2230935819999997,0.4899904355406761,19,False,True,True,True,False,1,False,1,True,3,True,4,True,7,recovered,True,True,recovered,4.288471730000001,0.9272842742502689,27,False,True,True,True,False,1,False,1,True,3,True,4,True,7
625,R_to_P,recovered,True,True,recovered,0.991668359,0.2930511070881039,1,True,True,True,True,True,1,True,1,True,1,True,1,True,1,recovered,True,True,recovered,2.464118354,0.5550945999566466,13,True,True,True,True,True,1,True,1,True,1,True,1,True,3
626,P_to_R,recovered,True,True,recovered,7.035103423,1.2304612989537418,2,True,True,True,True,True,1,True,1,True,1,True,1,True,2,recovered,True,True,recovered,14.037021026,2.446230480214581,2,True,True,True,True,True,1,True,1,True,1,True,1,True,2
627,R_to_P,recovered,True,True,recovered,21.775755506,3.6619805188383907,76,True,True,True,True,True,1,True,2,True,7,True,14,True,32,recovered,True,True,recovered,48.896584987999994,8.650299018248916,137,True,True,True,True,True,1,True,2,True,7,True,14,True,38
628,P_to_R,recovered,True,True,recovered,19.584793062999996,3.303977044299245,31,True,True,True,True,True,1,True,1,True,3,True,4,True,13,recovered,True,True,recovered,55.28951513700001,10.212207153206691,65,True,True,True,True,True,1,True,1,True,3,True,4,True,17
629,R_to_P,recovered,True,True,recovered,55.870544125,9.298836930654943,162,False,True,True,True,True,2,True,2,True,5,True,7,True,29,recovered,True,True,recovered,96.330180763,16.092830607667565,213,False,True,True,True,True,2,True,2,True,5,True,7,True,37
630,P_to_R,recovered,True,True,recovered,49.80007098899999,12.813405469991267,45,False,True,True,True,True,2,True,3,True,10,True,15,True,30,recovered,True,True,recovered,89.457660187,19.98849938204512,67,False,True,True,True,True,2,True,4,True,11,True,16,True,35
631,P_to_R,recovered,True,True,recovered,5.707986233,0.8902547992765903,2,True,True,True,True,True,1,True,1,True,1,True,1,True,2,recovered,True,True,recovered,12.547794253,2.0394152600783855,5,True,True,True,True,True,1,True,1,True,1,True,1,True,2
632,R_to_P,recovered,True,True,recovered,60.525781145,15.764148780843243,50,True,True,True,True,True,1,True,2,True,3,True,3,True,12,recovered,True,True,recovered,139.263319983,28.951408823719248,183,True,True,True,True,True,1,True,2,True,3,True,8,True,25
633,P_to_R,recovered,True,True,recovered,27.415969747,3.0166829710360616,7,True,True,True,True,True,1,True,1,True,1,True,1,True,5,recovered,True,True,recovered,58.972686641,6.654045482864603,12,True,True,True,True,True,1,True,1,True,1,True,1,True,7
634,R_to_P,recovered,True,True,recovered,61.38704259200001,9.138216817751527,63,True,True,True,True,True,1,True,1,True,1,True,1,True,12,recovered,True,True,recovered,220.946637649,47.30445766635239,257,True,True,True,True,True,1,True,1,True,1,True,1,True,12
635,R_to_P,recovered,True,True,recovered,28.024391331000007,4.217478667385876,6,True,True,True,True,True,1,True,1,True,2,True,2,True,6,recovered,True,True,recovered,258.567369683,66.26345438882709,324,True,True,True,True,True,1,True,1,True,2,True,2,True,9
636,R_to_P,recovered,True,True,recovered,54.668181774000004,8.146474609617144,44,True,True,True,True,True,2,True,2,True,4,True,6,True,17,recovered,True,True,recovered,105.75818444800001,15.379503407515585,73,True,True,True,True,True,2,True,2,True,4,True,6,True,21
637,P_to_R,recovered,True,True,recovered,3.374686986000001,0.5993001312017441,1,True,True,True,True,True,1,True,1,True,1,True,1,True,1,recovered,True,True,recovered,8.293984318000001,1.8177157901227474,21,True,True,True,True,True,1,True,1,True,1,True,1,True,1
638,R_to_P,recovered,True,True,recovered,26.794994884,7.878727538976818,55,True,True,True,True,True,1,True,1,True,1,True,1,True,3,recovered,True,True,recovered,110.92923471999998,30.540969150606543,322,True,True,True,True,True,1,True,1,True,1,True,1,True,4
639,R_to_P,recovered,True,True,recovered,96.57491100499999,25.828252266161144,229,True,True,True,True,True,2,True,2,True,4,True,7,True,16,recovered,True,True,recovered,156.871983225,40.65109283151105,335,True,True,True,True,True,2,True,2,True,4,True,7,True,19
640,R_to_P,recovered,True,True,recovered,49.154151614,10.065721776802093,123,True,True,True,True,True,1,True,1,True,2,True,2,True,15,recovered,True,True,recovered,463.377375577,115.66953046573326,371,True,True,True,True,True,1,True,1,True,2,True,2,True,19
641,R_to_P,recovered,True,True,recovered,35.496820005000004,9.538371501024812,127,True,True,True,True,True,1,True,1,True,5,True,5,True,14,recovered,True,True,recovered,83.65332441700001,23.31148299993947,250,True,True,True,True,True,1,True,1,True,5,True,5,True,14
642,R_to_P,recovered,True,True,recovered,212.71819994099997,56.28415195760317,335,True,True,True,True,True,1,True,1,True,1,True,2,True,7,recovered,True,True,recovered,312.93614894499996,78.37187129468657,509,True,True,True,True,True,1,True,1,True,1,True,2,True,12
643,R_to_P,recovered,True,True,recovered,9.024339322000001,3.498649522662163,137,True,True,True,True,True,1,True,1,True,2,True,2,True,21,recovered,True,True,recovered,80.57975453799999,25.248102727346122,370,True,True,True,True,True,1,True,1,True,2,True,2,True,22
644,R_to_P,recovered,True,True,recovered,35.386361267000005,8.978293355088681,103,True,True,True,True,True,1,True,1,True,3,True,3,True,8,recovered,True,True,recovered,66.772321871,17.29698181943968,152,True,True,True,True,True,1,True,1,True,3,True,3,True,9
645,P_to_R,recovered,True,True,recovered,163.06314986799998,49.96740030590445,146,True,True,True,True,True,1,True,1,True,1,True,1,True,11,recovered,True,True,recovered,190.41061424799997,56.00566075090319,210,True,True,True,True,True,1,True,1,True,1,True,1,True,12
646,R_to_P,recovered,True,True,recovered,29.696696775,6.82435657363385,35,True,True,True,True,True,1,True,1,True,1,True,1,True,9,recovered,True,True,recovered,80.79337866799999,17.533700141357258,118,True,True,True,True,True,1,True,1,True,1,True,1,True,9
647,R_to_P,recovered,True,True,recovered,42.37021732499999,12.963778983103111,43,True,True,True,True,True,1,True,1,True,1,True,1,True,7,recovered,True,True,recovered,304.99674904,91.37020514975302,207,True,True,True,True,True,1,True,1,True,1,True,1,True,7
648,P_to_R,recovered,True,True,recovered,10.383605642000001,2.22661047661677,3,True,True,True,True,True,1,True,1,True,1,True,2,True,2,recovered,True,True,recovered,38.194081634999996,9.614206405356526,45,True,True,True,True,True,1,True,1,True,1,True,2,True,3
649,R_to_P,recovered,True,True,recovered,52.90607531999999,7.959547863807529,67,True,True,True,True,True,1,True,2,True,5,True,5,True,24,recovered,True,True,recovered,257.254039612,48.19777306425385,286,True,True,True,True,True,1,True,2,True,5,True,5,True,26
650,R_to_P,recovered,True,True,recovered,128.87148620600001,38.032875349745154,127,True,True,True,True,True,1,True,1,True,2,True,2,True,6,recovered,True,True,recovered,323.340406185,91.31261528283358,427,True,True,True,True,True,1,True,1,True,2,True,3,True,9
651,R_to_P,recovered,True,True,recovered,30.232734769,8.166901043616235,158,True,True,True,True,True,2,True,2,True,5,True,9,True,32,recovered,True,True,recovered,47.868533660000004,13.284885180182755,186,True,True,True,True,True,2,True,2,True,5,True,9,True,34
652,R_to_P,recovered,True,True,recovered,11.865490962,4.756862495094538,75,True,True,True,True,True,1,True,1,True,1,True,2,True,17,recovered,True,True,recovered,45.755562575999996,13.465362071990967,313,True,True,True,True,True,1,True,1,True,1,True,2,True,20
653,R_to_P,recovered,True,True,recovered,7.185878226000001,2.01865750271827,60,True,True,True,True,True,1,True,1,True,1,True,1,True,11,recovered,True,True,recovered,14.803093529000002,4.516954020131379,77,True,True,True,True,True,1,True,1,True,1,True,1,True,11
654,R_to_P,recovered,True,True,recovered,7.425554079,2.7318188240751624,29,False,True,True,True,True,3,True,3,True,9,True,9,True,17,recovered,True,True,recovered,26.312121735999998,7.659010214731097,62,False,True,True,True,True,3,True,3,True,9,True,9,True,18
655,P_to_R,recovered,True,True,recovered,4.022484843,2.1446550460532308,16,True,True,True,True,True,1,True,1,True,1,True,2,True,4,recovered,True,True,recovered,10.910235609999999,5.0164982583373785,45,True,True,True,True,True,1,True,1,True,1,True,2,True,7
656,P_to_R,recovered,True,True,recovered,6.386984768999999,1.5777789046987891,52,False,True,True,True,False,1,False,1,True,4,True,5,True,12,recovered,True,True,recovered,11.698538423999997,2.8406307687982917,86,False,True,True,True,False,1,False,1,True,4,True,5,True,12
657,R_to_P,recovered,True,True,recovered,13.073982811,4.195233612321317,25,True,True,True,True,True,1,True,1,True,3,True,3,True,6,recovered,True,True,recovered,29.493032918000004,8.914404980139807,100,True,True,True,True,True,1,True,1,True,3,True,4,True,11
658,R_to_P,recovered,True,True,recovered,8.578415357999999,2.5174579832237214,34,True,True,True,True,True,1,True,1,True,1,True,2,True,5,recovered,True,True,recovered,36.49287387799999,13.614897478139028,126,True,True,True,True,True,1,True,1,True,1,True,2,True,5
659,R_to_P,recovered,True,True,recovered,6.787967942,2.430939909303561,61,True,True,True,True,True,1,True,1,True,1,True,1,True,6,recovered,True,True,recovered,16.007062913,4.7102252470795065,357,True,True,True,True,True,1,True,1,True,1,True,1,True,7
660,R_to_P,recovered,True,True,recovered,3.2830663839999996,0.834903784096241,2,True,True,True,True,True,1,True,1,True,1,True,1,True,2,recovered,True,True,recovered,6.923252159,2.0611641043797135,22,True,True,True,True,True,1,True,1,True,1,True,1,True,2
661,R_to_P,recovered,True,True,recovered,15.185681114000001,4.16161644551903,56,True,True,True,True,True,1,True,1,True,2,True,2,True,6,recovered,True,True,recovered,199.945531122,66.24785593617707,258,True,True,True,True,True,1,True,1,True,2,True,2,True,6
662,R_to_P,recovered,True,True,recovered,36.312567793999996,11.64850895293057,72,True,True,True,True,True,1,True,1,True,3,True,4,True,8,recovered,True,True,recovered,62.020443338999996,20.48445206321776,161,True,True,True,True,True,1,True,1,True,3,True,7,True,18
663,R_to_P,recovered,True,True,recovered,15.214990718000001,2.9206594452261925,43,True,True,True,True,True,3,True,3,True,4,True,6,True,13,recovered,True,True,recovered,34.248799137000006,8.782498364336789,93,True,True,True,True,True,3,True,3,True,4,True,6,True,15
664,R_to_P,recovered,True,True,recovered,8.147177454999998,2.3963188882917166,19,True,True,True,True,True,1,True,2,True,2,True,3,True,9,recovered,True,True,recovered,44.791593791,11.35135012306273,119,True,True,True,True,True,1,True,2,True,2,True,6,True,18
665,R_to_P,recovered,True,True,recovered,39.878646478,9.642615424469113,62,True,True,True,True,True,1,True,1,True,1,True,2,True,6,recovered,True,True,recovered,65.65794209700002,15.696609103120863,86,True,True,True,True,True,1,True,1,True,1,True,2,True,7
666,R_to_P,recovered,True,True,recovered,77.259510812,15.526967546902597,38,True,True,True,True,True,1,True,1,True,3,True,3,True,6,recovered,True,True,recovered,189.68898341099998,32.27641883678734,128,True,True,True,True,True,1,True,1,True,3,True,3,True,7
667,R_to_P,recovered,True,True,recovered,225.51559807499999,76.16335876099765,221,False,True,True,True,True,3,True,3,True,4,True,5,True,7,recovered,True,True,recovered,542.911586408,175.85960959084332,641,False,True,True,True,True,3,True,3,True,4,True,5,True,7
668,R_to_P,recovered,True,True,recovered,4.7907842700000005,1.2309095449745655,23,True,True,True,True,True,1,True,1,True,1,True,1,True,5,recovered,True,True,recovered,10.737980582000002,2.5310958412010223,77,True,True,True,True,True,1,True,1,True,1,True,1,True,6
669,R_to_P,recovered,True,True,recovered,5.674227463,1.3757011787965894,36,True,True,True,True,True,1,True,1,True,3,True,3,True,6,recovered,True,True,recovered,25.787069529999997,6.9466822082176805,80,True,True,True,True,True,1,True,1,True,3,True,3,True,6
670,R_to_P,recovered,True,True,recovered,41.984435588000004,10.14383953413926,23,True,True,True,True,True,1,True,1,True,1,True,1,True,5,recovered,True,True,recovered,94.61275113000004,20.793390684993938,53,True,True,True,True,True,1,True,1,True,1,True,1,True,5
671,R_to_P,recovered,True,True,recovered,95.004426793,14.442219047574326,32,True,True,True,True,True,1,True,1,True,1,True,1,True,10,recovered,True,True,recovered,715.384473522,167.46467784349807,142,True,True,True,True,True,1,True,1,True,1,True,1,True,10
672,R_to_P,recovered,True,True,recovered,587.0293368519999,152.19070575456135,103,True,True,True,True,True,1,True,1,True,3,True,3,True,8,recovered,True,True,recovered,717.772938957,172.6023686262779,175,True,True,True,True,True,1,True,1,True,3,True,3,True,11
673,R_to_P,recovered,True,True,recovered,62.362471750999994,10.024725331692025,63,True,True,True,True,True,1,True,1,True,2,True,2,True,7,recovered,True,True,recovered,152.196029995,26.356139382347465,263,True,True,True,True,True,1,True,1,True,2,True,2,True,7
674,R_to_P,recovered,True,True,recovered,20.921867156999998,5.376036357134581,58,False,True,True,True,True,2,True,2,True,4,True,5,True,9,recovered,True,True,recovered,52.75376304899999,13.134996426291764,137,False,True,True,True,True,2,True,2,True,4,True,5,True,10
675,P_to_R,recovered,True,True,recovered,7.439138934000001,2.4897346887737513,29,True,True,True,True,True,1,True,1,True,1,True,1,True,4,recovered,True,True,recovered,18.203367423,5.253582941368222,157,True,True,True,True,True,1,True,1,True,1,True,1,True,6
676,R_to_P,recovered,True,True,recovered,9.222469800000002,2.344624117948115,30,True,True,True,True,True,1,True,1,True,1,True,1,True,4,recovered,True,True,recovered,17.099475113000004,4.504251733422279,80,True,True,True,True,True,1,True,1,True,1,True,1,True,6
677,R_to_P,recovered,True,True,recovered,196.56720402899995,60.95795471128076,152,True,True,True,True,True,1,True,1,True,2,True,5,True,11,recovered,True,True,recovered,215.07925410299995,65.7099394807592,194,True,True,True,True,True,1,True,1,True,2,True,5,True,12
678,R_to_P,recovered,True,True,recovered,6.823882914999999,1.4054012056440115,18,True,True,True,True,True,1,True,1,True,1,True,1,True,7,recovered,True,True,recovered,59.153796915,14.71059952955693,40,True,True,True,True,True,1,True,1,True,1,True,1,True,7
679,R_to_P,recovered,True,True,recovered,40.219140712999994,6.08831150084734,13,True,True,True,True,True,1,True,1,True,1,True,2,True,8,recovered,True,True,recovered,94.359389536,15.778039074502885,26,True,True,True,True,True,1,True,1,True,1,True,4,True,12
680,R_to_P,recovered,True,True,recovered,22.751897659000004,5.428814016282558,15,True,True,True,True,True,1,True,1,True,3,True,6,True,10,recovered,True,True,recovered,83.011088191,18.60665910784155,138,True,True,True,True,True,1,True,1,True,3,True,6,True,15
681,R_to_P,recovered,True,True,recovered,26.052881261999996,6.885865993797779,22,True,True,True,True,True,1,True,1,True,1,True,1,True,5,recovered,True,True,recovered,49.123305884,12.036932029761374,31,True,True,True,True,True,1,True,1,True,1,True,1,True,8
682,P_to_R,recovered,True,True,recovered,360.0356325979999,83.28348297160119,220,True,True,True,True,True,1,True,1,True,1,True,2,True,7,recovered,True,True,recovered,644.766959308,133.1644574450329,483,True,True,True,True,True,1,True,1,True,4,True,5,True,15
683,R_to_P,recovered,True,True,recovered,18.937993793,2.405630871653557,8,True,True,True,True,True,1,True,1,True,2,True,2,True,6,recovered,True,True,recovered,47.354434024,8.051325339823961,29,True,True,True,True,True,1,True,1,True,2,True,2,True,6
684,R_to_P,recovered,True,True,recovered,28.342441714999996,5.483842230634764,12,True,True,True,True,True,1,True,1,True,3,True,3,True,9,recovered,True,True,recovered,53.306875401999996,11.048578621353954,20,True,True,True,True,True,1,True,1,True,3,True,3,True,9
685,R_to_P,recovered,True,True,recovered,33.809952217,7.580700633814558,26,False,False,True,True,True,4,True,4,True,7,True,7,True,15,recovered,True,True,recovered,80.71825232600001,16.651495236204937,43,False,False,True,True,True,4,True,4,True,7,True,7,True,15
686,R_to_P,recovered,True,True,recovered,24.62671529,8.734244446037337,39,True,True,True,True,True,1,True,1,True,1,True,1,True,2,recovered,True,True,recovered,51.239120924000005,14.657585012027994,137,True,True,True,True,True,1,True,1,True,1,True,1,True,4
687,R_to_P,recovered,True,True,recovered,11.453649837999999,4.127409358508885,46,False,True,True,True,False,1,True,2,True,3,True,4,True,6,recovered,True,True,recovered,20.160750628,6.661189077887684,65,False,True,True,True,False,1,True,2,True,4,True,5,True,10
688,R_to_P,recovered,True,True,recovered,23.031243055,4.257266227155924,12,True,True,True,True,True,1,True,1,True,1,True,1,True,7,recovered,True,True,recovered,46.02276591,8.500476176850498,22,True,True,True,True,True,1,True,1,True,1,True,1,True,7
689,R_to_P,recovered,True,True,recovered,17.232008838,2.771156423725188,9,True,True,True,True,True,1,True,1,True,1,True,1,True,5,recovered,True,True,recovered,34.368560929000004,8.330768303014338,21,True,True,True,True,True,1,True,1,True,1,True,1,True,6
690,R_to_P,recovered,True,True,recovered,16.519565040000003,3.384737732820213,13,True,True,True,True,True,1,True,1,True,1,True,1,True,6,recovered,True,True,recovered,37.27759153,8.182993348687887,33,True,True,True,True,True,1,True,1,True,1,True,1,True,6
691,R_to_P,recovered,True,True,recovered,13.249588067,3.50310424156487,3,True,True,True,True,True,1,True,1,True,1,True,1,True,1,recovered,True,True,recovered,21.125231529,5.153137048706412,22,True,True,True,True,True,1,True,1,True,1,True,1,True,1
692,R_to_P,recovered,True,True,recovered,53.1565103,12.87379401549697,42,True,True,True,True,True,4,True,4,True,9,True,18,True,30,recovered,True,True,recovered,83.038745316,20.66840894613415,51,True,True,True,True,True,4,True,4,True,10,True,19,True,33
693,P_to_R,recovered,True,True,recovered,4.484339336,1.0721429055556655,5,True,True,True,True,True,1,True,1,True,1,True,1,True,2,recovered,True,True,recovered,13.915418107999995,3.6811639396473765,40,True,True,True,True,True,1,True,1,True,1,True,1,True,2
694,R_to_P,recovered,True,True,recovered,5.830642525000001,2.677227081730962,16,True,True,True,True,True,1,True,1,True,2,True,2,True,3,recovered,True,True,recovered,22.171999060000005,7.644791945815086,40,True,True,True,True,True,1,True,1,True,2,True,2,True,3
695,R_to_P,recovered,True,True,recovered,64.812647816,25.394851158373058,58,True,True,True,True,True,1,True,1,True,4,True,4,True,5,recovered,True,True,recovered,103.361425814,37.0100501133129,103,True,True,True,True,True,1,True,1,True,4,True,4,True,6
696,R_to_P,recovered,True,True,recovered,164.64503514699996,25.07644068636,27,True,True,True,True,True,1,True,1,True,1,True,2,True,10,recovered,True,True,recovered,241.02870847199998,39.08266779128462,30,True,True,True,True,True,1,True,1,True,1,True,2,True,10
697,R_to_P,recovered,True,True,recovered,87.51639120499998,13.709760987199843,36,True,True,True,True,True,1,True,1,True,3,True,3,True,13,recovered,True,True,recovered,194.61564983799997,33.81522906757891,128,True,True,True,True,True,1,True,1,True,3,True,3,True,18
698,R_to_P,recovered,True,True,recovered,3.273364836,0.6341811381280422,6,True,True,True,True,True,1,True,1,True,1,True,1,True,2,recovered,True,True,recovered,22.095504954000006,6.850047372281551,25,True,True,True,True,True,1,True,1,True,1,True,1,True,3
699,R_to_P,recovered,True,True,recovered,7.162428592,1.21029585134238,8,True,True,True,True,True,1,True,1,True,2,True,2,True,3,recovered,True,True,recovered,74.820561243,17.319385964423418,65,True,True,True,True,True,1,True,1,True,2,True,2,True,4
700,R_to_P,recovered,True,True,recovered,22.951909043000004,4.7010596096515656,35,True,True,True,True,True,1,True,1,True,3,True,3,True,6,recovered,True,True,recovered,310.66380041,89.75515317171812,179,True,True,True,True,True,1,True,1,True,3,True,3,True,6
701,R_to_P,recovered,True,True,recovered,2.026533466,0.36975694447755814,2,False,True,True,True,False,1,True,2,True,2,True,2,True,2,recovered,True,True,recovered,4.3792189729999995,0.7798480791971087,4,False,True,True,True,False,1,True,2,True,2,True,2,True,4
702,P_to_R,recovered,True,True,recovered,1.7921112149999998,0.31384508311748505,1,True,True,True,True,True,1,True,1,True,1,True,1,True,1,recovered,True,True,recovered,3.699569823,0.6237880978733301,2,True,True,True,True,True,1,True,1,True,1,True,1,True,2
703,R_to_P,recovered,True,True,recovered,3.8321631719999996,0.9866661634296179,14,True,True,True,True,True,1,True,1,True,2,True,2,True,3,recovered,True,True,recovered,20.442306331,4.9393722305539995,55,True,True,True,True,True,1,True,1,True,2,True,2,True,3
704,R_to_P,recovered,True,True,recovered,2.1285273690000004,0.5445435668807477,1,True,True,True,True,True,1,True,1,True,1,True,1,True,1,recovered,True,True,recovered,4.487002123000001,1.1159534719772637,9,True,True,True,True,True,1,True,1,True,1,True,2,True,3
705,R_to_P,recovered,True,True,recovered,10.819303214000001,2.9624036960303783,17,True,True,True,True,True,1,True,1,True,1,True,1,True,7,recovered,True,True,recovered,155.229794482,44.4817125829868,222,True,True,True,True,True,1,True,1,True,1,True,1,True,8
706,R_to_P,recovered,True,True,recovered,133.453468915,22.717593983747065,129,True,True,True,True,True,1,True,1,True,3,True,4,True,22,recovered,True,True,recovered,599.7461857720001,118.6079261098057,516,True,True,True,True,True,1,True,1,True,3,True,4,True,28
707,R_to_P,recovered,True,True,recovered,1.9591151010000005,0.35356810223311186,2,True,True,True,True,True,1,True,1,True,2,True,2,True,2,recovered,True,True,recovered,4.684146071999999,1.579573324881494,21,True,True,True,True,True,1,True,1,True,2,True,2,True,4
708,R_to_P,recovered,True,True,recovered,5.220176329000001,1.3034257618710399,14,True,True,True,True,True,1,True,1,True,1,True,2,True,2,recovered,True,True,recovered,18.966877812,4.864640151150525,31,True,True,True,True,True,1,True,1,True,1,True,2,True,3
709,R_to_P,recovered,True,True,recovered,224.91090085899998,36.76011291425675,48,True,True,True,True,True,1,True,1,True,1,True,2,True,8,recovered,True,True,recovered,1403.785851819,347.1837859530933,268,True,True,True,True,True,1,True,1,True,1,True,2,True,8
710,R_to_P,recovered,True,True,recovered,46.95283447400001,11.801682575140148,62,True,True,True,True,True,1,True,1,True,3,True,3,True,4,recovered,True,True,recovered,210.73340040100004,58.741492667235434,288,True,True,True,True,True,1,True,1,True,3,True,3,True,4
711,R_to_P,recovered,True,True,recovered,7.151015016000001,1.669816420879215,35,True,True,True,True,True,2,True,2,True,4,True,6,True,8,recovered,True,True,recovered,16.714701329,4.58668097294867,58,True,True,True,True,True,2,True,2,True,4,True,6,True,8
712,R_to_P,recovered,True,True,recovered,5.863009427,2.655439732829109,13,True,True,True,True,True,1,True,2,True,2,True,2,True,5,recovered,True,True,recovered,20.525227131,6.227061194600537,90,True,True,True,True,True,1,True,2,True,2,True,3,True,8
713,P_to_R,recovered,True,True,recovered,2.0542593749999996,0.37581938970834017,14,True,True,True,True,True,1,True,1,True,2,True,2,True,3,recovered,True,True,recovered,6.835344484,1.6510616783052683,33,True,True,True,True,True,1,True,1,True,2,True,2,True,4
714,R_to_P,recovered,True,True,recovered,23.602826834999995,4.768399663735181,44,True,True,True,True,True,1,True,1,True,2,True,2,True,10,recovered,True,True,recovered,75.86529688499999,17.692071090918034,114,True,True,True,True,True,1,True,1,True,2,True,2,True,10
715,R_to_P,recovered,True,True,recovered,41.132453443,7.97903598472476,30,True,True,True,True,True,1,True,1,True,1,True,1,True,6,recovered,True,True,recovered,510.58911627300006,146.93096898961812,285,True,True,True,True,True,1,True,1,True,1,True,1,True,6
716,R_to_P,recovered,True,True,recovered,34.416708814,8.812192879617214,53,True,True,True,True,True,1,True,1,True,3,True,3,True,6,recovered,True,True,recovered,69.328478056,20.384606196545064,85,True,True,True,True,True,1,True,1,True,3,True,3,True,7
717,R_to_P,recovered,True,True,recovered,2.8312059010000006,0.6310924207791686,11,True,True,True,True,True,1,True,1,True,2,True,2,True,4,recovered,True,True,recovered,24.898546899,6.382000797428191,149,True,True,True,True,True,1,True,1,True,2,True,2,True,4
718,R_to_P,recovered,True,True,recovered,4.478076094,1.3773544551804662,5,True,True,True,True,True,1,True,1,True,2,True,2,True,2,recovered,True,True,recovered,35.162837699,9.557056142482907,27,True,True,True,True,True,1,True,1,True,2,True,2,True,2
719,P_to_R,recovered,True,True,recovered,5.7221693049999995,2.0139097317587584,18,True,True,True,True,True,1,True,1,True,2,True,2,True,5,recovered,True,True,recovered,15.669757981,4.434599578147754,93,True,True,True,True,True,1,True,1,True,2,True,2,True,5
720,R_to_P,recovered,True,True,recovered,27.412967936,4.358231290476397,58,True,True,True,True,True,1,True,2,True,5,True,9,True,28,recovered,True,True,recovered,458.64158940900006,81.19638635381125,1002,True,True,True,True,True,1,True,2,True,7,True,14,True,56
721,R_to_P,recovered,True,True,recovered,23.229534767999997,5.3900809024926275,30,True,True,True,True,True,1,True,1,True,2,True,4,True,7,recovered,True,True,recovered,33.671739181999996,7.014154095202684,30,True,True,True,True,True,1,True,1,True,2,True,4,True,7
722,R_to_P,recovered,True,True,recovered,8.781467486,1.2428668877109885,1,True,True,True,True,True,1,True,1,True,1,True,1,True,1,recovered,True,True,recovered,19.320540698,3.674514169804752,30,True,True,True,True,True,1,True,1,True,1,True,2,True,7
723,R_to_P,recovered,True,True,recovered,59.78875013300001,16.04493377637118,61,True,True,True,True,True,1,True,1,True,2,True,3,True,8,recovered,True,True,recovered,221.852915363,67.15163938235492,182,True,True,True,True,True,1,True,1,True,2,True,3,True,13
724,R_to_P,recovered,True,True,recovered,18.483866707,4.119081583805382,41,True,True,True,True,True,1,True,1,True,1,True,4,True,19,recovered,True,True,recovered,76.606630995,22.081304953433573,138,True,True,True,True,True,1,True,1,True,1,True,4,True,19
725,R_to_P,recovered,True,True,recovered,65.490568276,13.267617606557906,20,True,True,True,True,True,1,True,1,True,1,True,2,True,5,recovered,True,True,recovered,611.821425238,161.10525196790695,204,True,True,True,True,True,1,True,1,True,1,True,2,True,9
726,R_to_P,recovered,True,True,recovered,8.829548205,2.312998238950968,27,True,True,True,True,True,1,True,1,True,1,True,1,True,6,recovered,True,True,recovered,17.742352403,4.523691084701568,55,True,True,True,True,True,1,True,1,True,1,True,1,True,8
727,R_to_P,recovered,True,True,recovered,4.618912097999999,2.4638007492758334,10,True,True,True,True,True,1,True,1,True,2,True,2,True,4,recovered,True,True,recovered,10.811658327,4.020495853386819,33,True,True,True,True,True,1,True,1,True,2,True,2,True,4
728,R_to_P,recovered,True,True,recovered,15.003222515000001,4.749099741689861,81,True,True,True,True,True,1,True,1,True,4,True,6,True,10,recovered,True,True,recovered,26.972142695000002,7.9062767662107944,161,True,True,True,True,True,1,True,1,True,5,True,7,True,13
729,R_to_P,recovered,True,True,recovered,6.812836665999999,1.9914689864963293,91,True,True,True,True,True,1,True,1,True,1,True,1,True,5,recovered,True,True,recovered,19.664223475,5.860812159255147,150,True,True,True,True,True,1,True,1,True,1,True,1,True,6
730,R_to_P,recovered,True,True,recovered,41.194908111000004,10.650127339176834,175,True,True,True,True,True,1,True,1,True,4,True,5,True,13,recovered,True,True,recovered,85.30031515000002,22.74100546259433,254,True,True,True,True,True,1,True,1,True,4,True,5,True,15
731,P_to_R,recovered,True,True,recovered,5.227175538000001,1.3927637683227658,17,True,True,True,True,True,1,True,1,True,1,True,1,True,2,recovered,True,True,recovered,11.179031273000001,2.584555996581912,29,True,True,True,True,True,1,True,1,True,1,True,1,True,3
732,R_to_P,recovered,True,True,recovered,6.27529951,1.6673453638795763,46,True,True,True,True,True,1,True,1,True,2,True,2,True,7,recovered,True,True,recovered,22.345400552,5.489068114897236,170,True,True,True,True,True,1,True,1,True,2,True,2,True,10
733,R_to_P,recovered,True,True,recovered,126.490799814,32.08538002963178,298,True,True,True,True,True,1,True,2,True,2,True,4,True,13,recovered,True,True,recovered,330.439857679,82.30316021060571,984,True,True,True,True,True,1,True,2,True,2,True,4,True,13
734,R_to_P,recovered,True,True,recovered,9.968599699,1.2943002749234438,2,True,True,True,True,True,1,True,1,True,1,True,1,True,2,recovered,True,True,recovered,79.518575386,19.44774222560227,155,True,True,True,True,True,1,True,1,True,1,True,1,True,2
735,R_to_P,recovered,True,True,recovered,138.30032617600003,36.625657298602164,522,True,True,True,True,True,1,True,3,True,12,True,14,True,32,recovered,True,True,recovered,575.031097517,130.1211547832936,1760,True,True,True,True,True,1,True,3,True,12,True,26,True,87
736,R_to_P,recovered,True,True,recovered,21.223284606999997,4.019721519667655,87,True,True,True,True,True,1,True,1,True,1,True,1,True,6,recovered,True,True,recovered,108.223956879,24.832509673200548,481,True,True,True,True,True,1,True,1,True,1,True,1,True,7
737,R_to_P,recovered,True,True,recovered,289.8693787919999,88.05229768808931,263,False,True,True,True,False,2,True,3,True,7,True,9,True,20,recovered,True,True,recovered,504.5878560729999,151.26643700990826,607,False,True,True,True,False,2,True,3,True,8,True,11,True,29
738,P_to_R,recovered,True,True,recovered,9.300388378000001,2.455726324347779,108,True,True,True,True,True,1,True,1,True,2,True,3,True,7,recovered,True,True,recovered,14.414711207,3.5413311631418765,145,True,True,True,True,True,1,True,1,True,2,True,3,True,11
739,R_to_P,recovered,True,True,recovered,4.148846762,1.229136017151177,18,True,True,True,True,True,1,True,1,True,1,True,2,True,3,recovered,True,True,recovered,10.247849861999999,2.677648860961199,48,True,True,True,True,True,1,True,1,True,1,True,2,True,5
740,R_to_P,recovered,True,True,recovered,443.6017283070001,150.0882590468973,261,True,True,True,True,True,1,True,2,True,4,True,6,True,11,recovered,True,True,recovered,671.0832335780001,205.98672091122717,708,True,True,True,True,True,1,True,2,True,7,True,9,True,21
741,R_to_P,recovered,True,True,recovered,67.749468872,18.71167655615136,487,False,True,True,True,True,2,True,2,True,2,True,4,True,23,recovered,True,True,recovered,172.57705939,46.37798801623285,755,False,True,True,True,True,2,True,2,True,2,True,4,True,25
742,P_to_R,recovered,True,True,recovered,51.319202141,16.996280048042536,107,True,True,True,True,True,1,True,1,True,2,True,2,True,8,recovered,True,True,recovered,64.724626597,20.018364979187027,184,True,True,True,True,True,1,True,1,True,3,True,4,True,16
743,R_to_P,recovered,True,True,recovered,59.04873088099999,14.080430824542418,61,True,True,True,True,True,1,True,1,True,2,True,2,True,7,recovered,True,True,recovered,74.79921115399999,18.137228712672368,235,True,True,True,True,True,1,True,1,True,3,True,4,True,9
744,R_to_P,recovered,True,True,recovered,208.11946790100006,60.11731372773647,193,True,True,True,True,True,1,True,1,True,1,True,1,True,1,recovered,True,True,recovered,376.81696176500003,105.03564968565479,413,True,True,True,True,True,1,True,1,True,1,True,2,True,5
745,P_to_R,recovered,True,True,recovered,7.447253740999999,1.6925031822174788,50,True,True,True,True,True,1,True,2,True,4,True,4,True,6,recovered,True,True,recovered,13.261752817,2.847395253367722,71,True,True,True,True,True,1,True,2,True,4,True,4,True,8
746,R_to_P,recovered,True,True,recovered,111.800218517,30.687708988785744,635,False,False,True,True,False,1,False,2,True,7,True,14,True,63,recovered,True,True,recovered,199.94221843599996,56.42143153119832,1232,False,False,True,True,False,1,False,2,True,7,True,14,True,67
747,R_to_P,recovered,True,True,recovered,93.43685147099998,30.20723948441446,74,True,True,True,True,True,1,True,1,True,3,True,3,True,3,recovered,True,True,recovered,100.40524525499998,34.73104787385091,84,True,True,True,True,True,1,True,1,True,3,True,4,True,7
748,R_to_P,recovered,True,True,recovered,7.66284348,1.7123940461315215,36,True,True,True,True,True,1,True,1,True,2,True,2,True,6,recovered,True,True,recovered,65.01000248599998,14.682995530311018,343,True,True,True,True,True,1,True,1,True,2,True,2,True,13
749,R_to_P,recovered,True,True,recovered,9.116042770000002,3.4583982028998435,50,False,True,True,True,True,2,True,2,True,5,True,5,True,10,recovered,True,True,recovered,18.228011066999997,6.634331926237792,112,False,True,True,True,True,2,True,2,True,5,True,5,True,13
750,P_to_R,recovered,True,True,recovered,119.431407494,36.653195089660585,216,True,True,True,True,True,1,True,2,True,4,True,5,True,26,recovered,True,True,recovered,185.02162360799997,48.676563089713454,525,True,True,True,True,True,1,True,2,True,4,True,9,True,40
751,R_to_P,recovered,True,True,recovered,23.118258205000007,5.541953211650252,216,True,True,True,True,True,1,True,1,True,1,True,2,True,5,recovered,True,True,recovered,106.408440128,28.467461926164106,549,True,True,True,True,True,1,True,1,True,1,True,2,True,5
752,R_to_P,recovered,True,True,recovered,3.705893411,0.7802263477351516,3,True,True,True,True,True,1,True,1,True,1,True,1,True,2,recovered,True,True,recovered,10.448669965,2.2626452813856304,33,True,True,True,True,True,1,True,1,True,1,True,1,True,4
753,P_to_R,recovered,True,True,recovered,64.253719798,22.675113501027226,42,True,True,True,True,True,1,True,1,True,1,True,2,True,3,recovered,True,True,recovered,83.82806035699998,31.55060652643442,199,True,True,True,True,True,1,True,1,True,1,True,2,True,8
754,R_to_P,recovered,True,True,recovered,5.157970561999999,2.8083025910891593,71,True,True,True,True,True,1,True,1,True,2,True,3,True,11,recovered,True,True,recovered,14.252798524,5.716400651959702,126,True,True,True,True,True,1,True,1,True,2,True,3,True,11
755,P_to_R,recovered,True,True,recovered,3.7532646999999995,0.6735468963161111,10,True,True,True,True,True,1,True,1,True,1,True,1,True,3,recovered,True,True,recovered,11.319443897000001,3.580989485606551,60,True,True,True,True,True,1,True,1,True,2,True,2,True,5
756,R_to_P,recovered,True,True,recovered,57.339213431,14.211683535017073,226,True,True,True,True,True,1,True,1,True,1,True,2,True,10,recovered,True,True,recovered,137.03874487700003,36.09396604727954,783,True,True,True,True,True,1,True,1,True,1,True,2,True,13
757,R_to_P,recovered,True,True,recovered,592.907207195,212.09555786382407,463,True,True,True,True,True,2,True,2,True,2,True,4,True,8,recovered,True,True,recovered,1283.318876978,389.7258587498218,1164,True,True,True,True,True,2,True,2,True,4,True,6,True,14
758,R_to_P,recovered,True,True,recovered,4.608693287000001,1.125073497183621,79,True,True,True,True,True,1,True,1,True,1,True,2,True,12,recovered,True,True,recovered,18.523055802,4.821960747241974,154,True,True,True,True,True,1,True,1,True,1,True,2,True,13
759,R_to_P,recovered,True,True,recovered,30.89773792400001,6.506789314560592,21,True,True,True,True,True,1,True,2,True,2,True,2,True,8,recovered,True,True,recovered,94.29691230200001,22.743970373645425,130,True,True,True,True,True,1,True,2,True,2,True,2,True,8
760,R_to_P,recovered,True,True,recovered,47.985910328,13.201556444633752,58,True,True,True,True,True,1,True,1,True,3,True,3,True,6,recovered,True,True,recovered,130.199478512,30.085697346599773,252,True,True,True,True,True,1,True,1,True,4,True,4,True,9
761,R_to_P,recovered,True,True,recovered,9.940035992999999,3.5916113215498626,90,True,True,True,True,True,1,True,1,True,3,True,3,True,7,recovered,True,True,recovered,136.02297375,43.69979250570759,298,True,True,True,True,True,1,True,1,True,3,True,3,True,8
762,R_to_P,recovered,True,True,recovered,35.16047759500001,10.862779600080103,57,True,True,True,True,True,1,True,1,True,1,True,1,True,7,recovered,True,True,recovered,79.19458928200001,21.84991648187861,246,True,True,True,True,True,1,True,1,True,1,True,1,True,10
763,R_to_P,recovered,True,True,recovered,16.897132907,4.3654968990013,111,True,True,True,True,True,1,True,1,True,4,True,5,True,12,recovered,True,True,recovered,66.67431365799999,18.64178196527064,564,True,True,True,True,True,1,True,1,True,4,True,5,True,15
764,R_to_P,recovered,True,True,recovered,76.01848493900002,21.803668989799917,56,True,True,True,True,True,1,True,1,True,5,True,5,True,6,recovered,True,True,recovered,125.887473542,35.18349929526448,188,True,True,True,True,True,1,True,1,True,5,True,5,True,7
765,R_to_P,recovered,True,True,recovered,75.18280341600001,22.907670189626515,175,True,True,True,True,True,1,True,1,True,3,True,3,True,5,recovered,True,True,recovered,106.937915996,32.27902311529033,263,True,True,True,True,True,1,True,1,True,3,True,3,True,10
766,R_to_P,recovered,True,True,recovered,184.29446905,60.827768054557964,313,True,True,True,True,True,1,True,1,True,6,True,6,True,10,recovered,True,True,recovered,399.78524512900003,127.17841014149599,592,True,True,True,True,True,1,True,1,True,6,True,6,True,10
767,R_to_P,recovered,True,True,recovered,6.975063466,1.8657735101878643,48,False,True,True,True,False,1,True,2,True,2,True,2,True,12,recovered,True,True,recovered,16.793697312000003,4.4530891687609255,179,False,True,True,True,False,1,True,2,True,2,True,2,True,12
768,R_to_P,recovered,True,True,recovered,829.7423577090001,143.33164434088394,635,True,True,True,True,True,1,True,1,True,2,True,2,True,4,recovered,True,True,recovered,2139.2459865240003,349.0260534330737,2576,True,True,True,True,True,1,True,1,True,2,True,2,True,5
769,R_to_P,recovered,True,True,recovered,12.056855748,1.9435880482196808,39,True,True,True,True,True,1,True,1,True,2,True,2,True,7,recovered,True,True,recovered,22.585776050000003,3.626113877631724,47,True,True,True,True,True,1,True,1,True,2,True,2,True,7
770,P_to_R,recovered,True,True,recovered,11.574037235000002,5.2431995728984475,18,True,True,True,True,True,1,True,2,True,2,True,3,True,8,recovered,True,True,recovered,19.168681548000002,7.039040770381689,44,True,True,True,True,True,1,True,2,True,3,True,4,True,11
771,P_to_R,recovered,True,True,recovered,111.93237287400001,32.14770678523928,128,True,True,True,True,True,1,True,1,True,2,True,2,True,10,recovered,True,True,recovered,232.64218720200003,59.094258595258,169,True,True,True,True,True,1,True,1,True,2,True,2,True,11
772,R_to_P,recovered,True,True,recovered,163.293007479,51.12789772730321,147,True,True,True,True,True,1,True,1,True,2,True,3,True,10,recovered,True,True,recovered,487.4808149649999,136.19324602535926,690,True,True,True,True,True,1,True,1,True,2,True,4,True,14
773,R_to_P,recovered,True,True,recovered,50.485095915,12.55309126432985,115,False,True,True,True,True,2,True,2,True,6,True,8,True,26,recovered,True,True,recovered,206.806581024,57.776079912437126,351,False,True,True,True,True,2,True,2,True,6,True,9,True,36
774,R_to_P,recovered,True,True,recovered,10.792293108,3.3283928933087736,45,True,True,True,True,True,1,True,1,True,1,True,1,True,2,recovered,True,True,recovered,55.978735723999996,15.029994597425684,122,True,True,True,True,True,1,True,1,True,1,True,2,True,3
775,P_to_R,recovered,True,True,recovered,76.189743436,22.890854538418353,190,False,True,True,True,True,2,True,2,True,2,True,2,True,4,recovered,True,True,recovered,122.62637435700002,33.80823473143391,314,False,True,True,True,True,2,True,2,True,5,True,6,True,10
776,R_to_P,recovered,True,True,recovered,8.912338297,2.4868043521419168,36,True,True,True,True,True,1,True,1,True,3,True,4,True,15,recovered,True,True,recovered,20.642539725000002,5.555059582227841,111,True,True,True,True,True,1,True,1,True,3,True,4,True,15
777,R_to_P,recovered,True,True,recovered,51.05387727600001,15.917056584730744,70,True,True,True,True,True,1,True,1,True,2,True,2,True,8,recovered,True,True,recovered,80.69721728000002,24.669469990301877,219,True,True,True,True,True,1,True,1,True,2,True,2,True,10
778,R_to_P,recovered,True,True,recovered,4.3630432290000005,0.8990023881196976,7,True,True,True,True,True,1,True,1,True,2,True,2,True,2,recovered,True,True,recovered,13.063679641,3.1310860698577017,42,True,True,True,True,True,1,True,1,True,2,True,2,True,4
779,R_to_P,recovered,True,True,recovered,9.969628589999997,3.445684293517843,86,True,True,True,True,True,1,True,2,True,2,True,4,True,5,recovered,True,True,recovered,59.93877999099999,18.729326892411336,516,True,True,True,True,True,1,True,2,True,2,True,4,True,5
780,P_to_R,not_recovered,True,True,not_recovered,270.21335047499997,98.5164311598055,548,False,False,False,False,False,2,False,6,False,8,False,19,False,45,recovered,True,True,recovered,522.754574515,153.75579427648336,2147,True,True,True,True,True,1,True,2,True,7,True,16,True,57
781,R_to_P,recovered,True,True,recovered,2.5468822579999997,0.835972594562918,17,True,True,True,True,True,1,True,1,True,4,True,4,True,6,recovered,True,True,recovered,12.076854986999999,3.380047322716564,50,True,True,True,True,True,1,True,1,True,5,True,5,True,7
782,R_to_P,recovered,True,True,recovered,33.24246109300001,8.53517714701593,54,True,True,True,True,True,1,True,1,True,1,True,1,True,2,recovered,True,True,recovered,570.829657758,172.21708047110587,445,True,True,True,True,True,1,True,1,True,1,True,1,True,2
783,R_to_P,recovered,True,True,recovered,54.735431838,10.542065302841365,165,True,True,True,True,True,1,True,1,True,3,True,3,True,10,recovered,True,True,recovered,186.475502681,40.81033463869244,534,True,True,True,True,True,1,True,1,True,4,True,5,True,19
784,R_to_P,recovered,True,True,recovered,224.098537902,63.701314399950206,524,True,True,True,True,True,1,True,1,True,5,True,7,True,35,recovered,True,True,recovered,468.349246354,116.44290040619671,938,True,True,True,True,True,1,True,1,True,5,True,7,True,35
785,R_to_P,recovered,True,True,recovered,7.099499267000001,1.3823792710900307,24,True,True,True,True,True,1,True,1,True,2,True,2,True,4,recovered,True,True,recovered,21.02420098,4.214350003749132,35,True,True,True,True,True,1,True,1,True,2,True,2,True,9
786,R_to_P,recovered,True,True,recovered,3.1857033180000007,0.6463849786669016,13,True,True,True,True,True,1,True,1,True,3,True,4,True,7,recovered,True,True,recovered,8.027698933,1.86439735814929,23,True,True,True,True,True,1,True,1,True,3,True,4,True,11
787,R_to_P,recovered,True,True,recovered,2.50019765,0.53719421941787,6,True,True,True,True,True,1,True,1,True,2,True,3,True,4,recovered,True,True,recovered,5.115645634,1.018005412304774,13,True,True,True,True,True,1,True,1,True,2,True,3,True,5
788,R_to_P,recovered,True,True,recovered,7.799532397999999,1.5160627281293273,37,True,True,True,True,True,1,True,1,True,3,True,4,True,10,recovered,True,True,recovered,167.78574811800001,49.3181576449424,318,True,True,True,True,True,1,True,1,True,3,True,4,True,10
789,R_to_P,recovered,True,True,recovered,166.43827645499996,41.92684933915734,589,True,True,True,True,True,1,True,1,True,3,True,3,True,21,recovered,True,True,recovered,676.8432006179999,196.96728286426514,1916,True,True,True,True,True,1,True,1,True,3,True,3,True,22
790,P_to_R,recovered,True,True,recovered,161.642047584,45.61021921411157,246,True,True,True,True,True,1,True,1,True,2,True,3,True,4,recovered,True,True,recovered,203.690854352,56.72888005338609,781,True,True,True,True,True,1,True,1,True,3,True,5,True,14
791,R_to_P,recovered,True,True,recovered,8.794426267,1.5429216623306274,26,True,True,True,True,True,1,True,1,True,2,True,2,True,4,recovered,True,True,recovered,20.545245308,4.711042203940451,42,True,True,True,True,True,1,True,1,True,2,True,2,True,8
792,R_to_P,recovered,True,True,recovered,33.624845578,7.869874428026378,79,True,True,True,True,True,1,True,1,True,1,True,1,True,4,recovered,True,True,recovered,98.257564828,23.12419895082712,198,True,True,True,True,True,1,True,1,True,1,True,1,True,4
793,R_to_P,recovered,True,True,recovered,88.168554081,23.14502051938325,333,True,True,True,True,True,1,True,1,True,1,True,2,True,8,recovered,True,True,recovered,105.745581338,27.55345072504133,427,True,True,True,True,True,1,True,1,True,3,True,5,True,16
794,R_to_P,recovered,True,True,recovered,11.637860702000001,2.615428633056581,23,True,True,True,True,True,1,True,1,True,1,True,1,True,5,recovered,True,True,recovered,231.502120711,55.46575572993606,289,True,True,True,True,True,1,True,1,True,1,True,1,True,8
795,R_to_P,recovered,True,True,recovered,3.3589739000000005,0.6932054534554482,10,True,True,True,True,True,1,True,1,True,2,True,2,True,5,recovered,True,True,recovered,9.682272044,2.4890847336500883,41,True,True,True,True,True,1,True,1,True,2,True,2,True,9
796,R_to_P,recovered,True,True,recovered,71.91831303800001,20.507216754369438,266,True,True,True,True,True,1,True,1,True,2,True,2,True,11,recovered,True,True,recovered,177.167616089,51.529484692029655,655,True,True,True,True,True,1,True,1,True,2,True,2,True,14
797,P_to_R,recovered,True,True,recovered,37.774448904,12.611542460508645,113,True,True,True,True,True,1,True,1,True,1,True,1,True,5,recovered,True,True,recovered,45.578487882000005,14.77077429369092,213,True,True,True,True,True,1,True,1,True,1,True,1,True,8
798,R_to_P,recovered,True,True,recovered,4.361676999000001,1.39829623978585,79,True,True,True,True,True,2,True,2,True,4,True,5,True,16,recovered,True,True,recovered,7.996320217,2.2023590272292495,101,True,True,True,True,True,2,True,2,True,4,True,5,True,20
799,R_to_P,recovered,True,True,recovered,8.70551047,2.6645786780864,68,False,True,True,True,False,1,False,1,True,3,True,4,True,10,recovered,True,True,recovered,48.81687195399999,14.054156876169145,258,False,True,True,True,False,1,False,1,True,3,True,4,True,10
800,R_to_P,recovered,True,True,recovered,14.080979925,2.779848906211555,37,True,True,True,True,True,1,True,1,True,3,True,3,True,15,recovered,True,True,recovered,57.18334195100001,14.31968335621059,100,True,True,True,True,True,1,True,1,True,3,True,4,True,19
801,R_to_P,recovered,True,True,recovered,18.887322368,6.417602202855051,234,True,True,True,True,True,1,True,1,True,5,True,7,True,22,recovered,True,True,recovered,66.301213243,18.03309212066233,585,True,True,True,True,True,1,True,1,True,5,True,7,True,29
802,R_to_P,recovered,True,True,recovered,114.74362451199997,33.98140414059162,221,True,True,True,True,True,1,True,1,True,2,True,4,True,7,recovered,True,True,recovered,137.01115797999995,40.17591233039275,299,True,True,True,True,True,1,True,1,True,2,True,5,True,12
803,R_to_P,recovered,True,True,recovered,9.181666529000001,2.5321865184232593,40,True,True,True,True,True,1,True,1,True,1,True,1,True,4,recovered,True,True,recovered,65.217327642,17.148281930945814,160,True,True,True,True,True,1,True,1,True,1,True,1,True,7
804,R_to_P,recovered,True,True,recovered,11.841769252,2.6057231621816754,34,True,True,True,True,True,1,True,1,True,1,True,1,True,6,recovered,True,True,recovered,17.992539738,3.7346277236938477,35,True,True,True,True,True,1,True,1,True,1,True,1,True,8
805,R_to_P,recovered,True,True,recovered,15.892838685,4.028705760836601,23,True,True,True,True,True,1,True,1,True,2,True,3,True,5,recovered,True,True,recovered,63.79360575,14.432733225636184,78,True,True,True,True,True,1,True,1,True,2,True,3,True,7
806,R_to_P,recovered,True,True,recovered,94.47866270899999,24.389332627877593,199,False,True,True,True,True,2,True,2,True,4,True,4,True,16,recovered,True,True,recovered,155.04006179599997,41.27667294442654,442,False,True,True,True,True,2,True,2,True,4,True,4,True,29
807,R_to_P,recovered,True,True,recovered,92.739853881,28.75576993636787,155,True,True,True,True,True,2,True,2,True,5,True,7,True,21,recovered,True,True,recovered,226.20357817800001,57.86111530382186,306,True,True,True,True,True,2,True,2,True,6,True,8,True,23
808,R_to_P,recovered,True,True,recovered,103.12780455500001,28.58577939402312,133,True,True,True,True,True,1,True,1,True,5,True,6,True,19,recovered,True,True,recovered,371.0980046119999,92.37256688904017,534,True,True,True,True,True,1,True,1,True,5,True,6,True,19
809,R_to_P,recovered,True,True,recovered,42.20695517499999,8.599290627986193,110,True,True,True,True,True,1,True,1,True,1,True,1,True,8,recovered,True,True,recovered,563.646663901,142.74447622150183,1288,True,True,True,True,True,1,True,1,True,1,True,2,True,12
810,R_to_P,recovered,True,True,recovered,8.447917114000001,2.3566645476967096,109,True,True,True,True,True,1,True,2,True,3,True,4,True,7,recovered,True,True,recovered,15.955377242000003,4.726155907846987,200,True,True,True,True,True,1,True,2,True,3,True,4,True,9
811,R_to_P,recovered,True,True,recovered,29.810370147999997,7.87501818779856,316,True,True,True,True,True,1,True,2,True,3,True,7,True,39,recovered,True,True,recovered,66.42608977200001,17.217863568104804,429,True,True,True,True,True,1,True,2,True,3,True,7,True,42
812,R_to_P,recovered,True,True,recovered,15.796619968999998,5.333531049080193,116,True,True,True,True,True,2,True,3,True,3,True,5,True,12,recovered,True,True,recovered,74.57346292599999,23.65733960364014,244,True,True,True,True,True,2,True,3,True,3,True,5,True,13
813,R_to_P,recovered,True,True,recovered,83.23040291100001,26.202410018071532,147,True,True,True,True,True,1,True,1,True,1,True,4,True,5,recovered,True,True,recovered,243.16496512700002,77.37381285149604,473,True,True,True,True,True,1,True,1,True,1,True,4,True,6
814,R_to_P,recovered,True,True,recovered,74.690507529,22.099930269643664,150,True,True,True,True,True,1,True,1,True,3,True,3,True,5,recovered,True,True,recovered,397.69416172900003,98.74354432802647,741,True,True,True,True,True,1,True,1,True,3,True,3,True,14
815,R_to_P,recovered,True,True,recovered,160.061762252,43.4807352013886,355,False,True,True,True,True,2,True,2,True,7,True,11,True,38,recovered,True,True,recovered,449.60800147199996,125.55713111255318,602,False,True,True,True,True,2,True,2,True,8,True,12,True,43
816,R_to_P,recovered,True,True,recovered,265.65912709900005,68.59270683117211,287,True,True,True,True,True,4,True,4,True,12,True,12,True,31,recovered,True,True,recovered,537.392196038,125.27214406616986,569,True,True,True,True,True,4,True,4,True,14,True,15,True,60
817,R_to_P,recovered,True,True,recovered,14.883055477999998,1.6037042774260044,8,True,True,True,True,True,1,True,1,True,1,True,1,True,4,recovered,True,True,recovered,365.69493408100004,94.53629980236292,718,True,True,True,True,True,1,True,2,True,2,True,5,True,13
818,P_to_R,recovered,True,True,recovered,638.410320146,182.10396631341428,699,True,True,True,True,True,1,True,2,True,5,True,7,True,23,recovered,True,True,recovered,1006.560775383,263.3463672986254,2395,True,True,True,True,True,1,True,2,True,6,True,10,True,45
819,R_to_P,recovered,True,True,recovered,105.57479406600001,22.372432149015367,121,True,True,True,True,True,1,True,1,True,2,True,2,True,9,recovered,True,True,recovered,613.9990868809999,170.450539666228,464,True,True,True,True,True,1,True,1,True,2,True,2,True,9
820,P_to_R,recovered,True,True,recovered,146.74310352799998,38.846525417175144,1470,True,True,True,True,True,1,True,1,True,3,True,5,True,16,recovered,True,True,recovered,505.43091354200004,119.25974330957979,8586,True,True,True,True,True,1,True,1,True,6,True,12,True,68
821,R_to_P,recovered,True,True,recovered,5.715111727000001,1.6710394481197,19,True,True,True,True,True,1,True,1,True,1,True,1,True,5,recovered,True,True,recovered,18.689185771000002,6.837381849065423,97,True,True,True,True,True,1,True,1,True,1,True,1,True,7
822,R_to_P,recovered,True,True,recovered,276.4448619710001,74.57877365639433,117,True,True,True,True,True,1,True,1,True,4,True,4,True,9,recovered,True,True,recovered,634.7505862790001,158.0721448441036,256,True,True,True,True,True,1,True,1,True,4,True,4,True,14
823,R_to_P,recovered,True,True,recovered,89.522386007,31.83576933806762,209,False,True,True,True,False,1,True,2,True,4,True,9,True,29,recovered,True,True,recovered,333.454777999,82.42345949681476,528,False,True,True,True,False,1,True,2,True,4,True,9,True,46
824,R_to_P,recovered,True,True,recovered,1640.260396327,335.6282930523157,283,True,True,True,True,True,1,True,1,True,3,True,9,True,30,recovered,True,True,recovered,2776.0650482969995,541.3885889621451,734,True,True,True,True,True,1,True,1,True,3,True,9,True,35
825,P_to_R,unknown,False,False,unknown,,,,,,,,,,,,,,,,,,recovered,False,False,unknown,,,,,,,,,,,,,,,,,
826,P_to_R,recovered,True,True,recovered,47.922874098,14.208002024330199,538,True,True,True,True,True,1,True,1,True,2,True,2,True,3,recovered,True,True,recovered,100.67356522099999,27.619991569779813,1339,True,True,True,True,True,1,True,1,True,2,True,2,True,17
827,R_to_P,recovered,True,True,recovered,261.79816654999996,75.58848932292312,299,True,True,True,True,True,1,True,2,True,5,True,10,True,39,recovered,True,True,recovered,850.010138592,223.9095022045076,1817,True,True,True,True,True,1,True,2,True,5,True,10,True,39
828,R_to_P,recovered,True,True,recovered,46.746297935,10.674520726315677,467,True,True,True,True,True,1,True,2,True,6,True,16,True,60,recovered,True,True,recovered,93.985238756,21.858137998729944,803,True,True,True,True,True,1,True,2,True,6,True,18,True,71
829,R_to_P,recovered,True,True,recovered,271.923499256,83.19527626410127,222,False,True,True,True,False,1,True,2,True,2,True,8,True,22,recovered,True,True,recovered,567.926332651,145.48873448744416,806,False,True,True,True,False,1,True,2,True,7,True,13,True,64
830,R_to_P,recovered,True,True,recovered,686.8505356130001,170.0386426942423,760,True,True,True,True,True,1,True,1,True,6,True,6,True,17,recovered,True,True,recovered,1791.78343749,507.5554749807343,1072,True,True,True,True,True,1,True,1,True,6,True,6,True,24
831,R_to_P,recovered,True,True,recovered,150.72419049900003,43.97771956585348,351,False,True,True,True,True,2,True,2,True,8,True,11,True,43,recovered,True,True,recovered,340.865626551,96.44371716305614,825,False,True,True,True,True,2,True,2,True,8,True,11,True,45
832,R_to_P,recovered,True,True,recovered,23.424492100000002,7.3479776894673705,80,True,True,True,True,True,1,True,1,True,2,True,3,True,8,recovered,True,True,recovered,67.865090287,19.379700102843344,578,True,True,True,True,True,1,True,1,True,2,True,3,True,9
833,R_to_P,unknown,True,True,not_recovered,470.0857458619998,130.79255913291126,414,False,False,False,False,False,1,False,2,False,2,False,2,False,2,recovered,True,True,recovered,875.7725684959997,230.79809068795294,1228,False,True,True,True,True,2,True,2,True,2,True,3,True,5
834,P_to_R,recovered,True,True,recovered,852.791579584,275.46193895861506,225,True,True,True,True,True,1,True,1,True,1,True,1,True,2,recovered,True,True,recovered,1138.1474387620003,341.061080083251,465,True,True,True,True,True,1,True,1,True,2,True,2,True,10
835,P_to_R,recovered,True,True,recovered,298.083133866,108.07087779790163,458,True,True,True,True,True,2,True,2,True,2,True,2,True,7,recovered,True,True,recovered,585.639837444,175.78777037095279,1377,True,True,True,True,True,2,True,2,True,10,True,10,True,37
836,R_to_P,recovered,True,True,recovered,194.46941332099996,49.392277052626014,172,True,True,True,True,True,1,True,1,True,3,True,3,True,9,recovered,True,True,recovered,1320.884552278,358.8871061457321,837,True,True,True,True,True,1,True,1,True,3,True,3,True,13
837,R_to_P,recovered,True,True,recovered,179.87193601700002,41.51605761330575,463,True,True,True,True,True,1,True,1,True,3,True,5,True,18,recovered,True,True,recovered,746.180016263,190.0182828931138,1312,True,True,True,True,True,1,True,1,True,3,True,5,True,19
838,R_to_P,recovered,True,True,recovered,189.09664296000003,47.55087848659605,364,True,True,True,True,True,1,True,1,True,2,True,2,True,11,recovered,True,True,recovered,570.992598482,166.81663811113685,686,True,True,True,True,True,1,True,1,True,2,True,2,True,16
839,P_to_R,recovered,True,True,recovered,206.833736367,62.12661802582443,764,True,True,True,True,True,1,True,2,True,2,True,2,True,6,recovered,True,True,recovered,264.280305656,77.16142620332539,1832,True,True,True,True,True,1,True,2,True,4,True,7,True,39
840,R_to_P,recovered,True,True,recovered,157.897788226,40.7483875900507,590,False,True,True,True,False,1,False,1,True,6,True,17,True,95,recovered,True,True,recovered,506.320746365,149.90537601988763,1027,False,True,True,True,False,1,False,1,True,6,True,17,True,95
841,R_to_P,recovered,True,True,recovered,234.0471183,51.67114589456469,394,False,True,True,True,False,1,False,1,True,4,True,8,True,33,recovered,True,True,recovered,721.046971947,161.0484751118347,972,False,True,True,True,False,1,False,1,True,4,True,8,True,34
842,R_to_P,recovered,True,True,recovered,178.498717564,44.09708207566291,108,True,True,True,True,True,1,True,2,True,7,True,7,True,7,recovered,True,True,recovered,508.94209775700006,116.74334048293531,1239,True,True,True,True,True,1,True,2,True,7,True,12,True,26
843,R_to_P,recovered,True,True,recovered,49.68281392699999,13.789425836876035,216,True,True,True,True,True,1,True,1,True,4,True,4,True,15,recovered,True,True,recovered,136.611202266,38.49673538748175,676,True,True,True,True,True,1,True,1,True,4,True,4,True,23
844,P_to_R,recovered,True,True,recovered,483.76432627,130.1763506801799,2858,True,True,True,True,True,1,True,1,True,7,True,7,True,13,recovered,True,True,recovered,864.310357471,207.36160492897034,5266,True,True,True,True,True,1,True,1,True,8,True,10,True,27
845,R_to_P,not_recovered,True,True,not_recovered,77.37703821999999,21.940142872510478,447,False,False,False,False,False,1,False,1,False,1,False,3,False,9,recovered,True,True,recovered,162.40868332399998,44.56954799848609,833,False,True,True,True,True,2,True,2,True,2,True,4,True,10
846,R_to_P,recovered,True,True,recovered,717.3112994129999,187.27537912223488,756,False,True,True,True,True,2,True,2,True,3,True,4,True,15,recovered,True,True,recovered,987.933897911,258.69149103667587,1214,False,True,True,True,True,2,True,2,True,3,True,4,True,19
847,R_to_P,recovered,True,True,recovered,48.649915346,12.187468167161569,230,True,True,True,True,True,1,True,2,True,5,True,11,True,20,recovered,True,True,recovered,100.83683043599999,26.709467536769807,342,True,True,True,True,True,1,True,2,True,5,True,13,True,23
848,R_to_P,recovered,True,True,recovered,61.20490581099999,18.78704734193161,47,True,True,True,True,True,1,True,1,True,2,True,2,True,10,recovered,True,True,recovered,205.6462226,54.864157317671925,429,True,True,True,True,True,1,True,1,True,2,True,2,True,12
849,R_to_P,recovered,True,True,recovered,41.96333671,11.561030516400933,119,True,True,True,True,True,1,True,1,True,2,True,2,True,5,recovered,True,True,recovered,128.62545542299998,37.42317846510559,191,True,True,True,True,True,1,True,1,True,2,True,2,True,5
850,P_to_R,recovered,True,True,recovered,403.214108845,117.20777049846947,1146,False,False,True,True,False,2,False,2,False,2,False,2,True,8,recovered,True,True,not_recovered,952.0697898340001,232.1165471803397,2908,False,False,False,False,False,2,False,2,False,5,False,16,True,39
851,P_to_R,recovered,True,True,recovered,638.8810244340001,188.71024152636528,220,False,False,True,True,False,2,False,2,True,6,True,6,True,25,recovered,True,True,recovered,1008.9500547870001,269.5369476340711,688,False,False,True,True,False,2,False,2,True,6,True,6,True,31
852,R_to_P,recovered,True,True,recovered,1053.778152037,217.36828302033246,817,True,True,True,True,True,2,True,2,True,24,True,25,True,77,recovered,False,False,unknown,,,,,,,,,,,,,,,,,
853,P_to_R,recovered,True,True,recovered,40.970995994000006,15.043671004474163,637,False,True,True,True,True,3,True,3,True,20,True,22,True,57,recovered,True,True,recovered,59.26281450000001,18.82241616398096,970,False,True,True,True,True,4,True,4,True,21,True,34,True,109
854,R_to_P,recovered,True,True,recovered,287.15323576400004,81.80419884785078,151,True,True,True,True,True,1,True,1,True,3,True,5,True,8,recovered,True,True,recovered,434.968056577,113.49897562735714,482,True,True,True,True,True,1,True,1,True,6,True,8,True,17
855,R_to_P,recovered,True,True,recovered,31.551765294999996,9.341206421144307,262,True,True,True,True,True,2,True,3,True,7,True,10,True,32,recovered,True,True,recovered,142.213091548,41.48129971185699,633,True,True,True,True,True,2,True,3,True,7,True,10,True,34
856,R_to_P,recovered,True,True,recovered,311.16409274899996,79.63093397766352,438,False,False,True,True,False,1,False,1,True,4,True,9,True,37,recovered,True,True,recovered,954.2222288930001,249.40160377975553,999,False,False,True,True,False,1,False,1,True,4,True,9,True,37
857,R_to_P,recovered,True,True,recovered,100.554363862,20.010079463012516,133,True,True,True,True,True,2,True,2,True,3,True,5,True,13,recovered,True,True,recovered,190.68807294900003,41.372785043902695,231,True,True,True,True,True,2,True,2,True,3,True,5,True,15
858,R_to_P,recovered,True,True,recovered,109.179311366,27.882284335792065,648,True,True,True,True,True,1,True,1,True,2,True,2,True,20,recovered,True,True,recovered,777.7080121780001,232.71000955626369,2064,True,True,True,True,True,1,True,1,True,2,True,2,True,22
859,R_to_P,recovered,True,True,recovered,47.36559987399998,16.371480158530176,31,True,True,True,True,True,1,True,1,True,1,True,1,True,5,recovered,True,True,recovered,698.785871526,192.1163181439042,565,True,True,True,True,True,1,True,1,True,1,True,1,True,6
860,R_to_P,recovered,True,True,recovered,5.659344356999999,1.5595325184985995,60,True,True,True,True,True,2,True,3,True,4,True,6,True,13,recovered,True,True,recovered,116.39468033200002,33.77725584991276,318,True,True,True,True,True,2,True,3,True,4,True,6,True,16
861,R_to_P,recovered,True,True,recovered,31.950218884000005,7.738408922217786,158,True,True,True,True,True,1,True,1,True,2,True,2,True,10,recovered,True,True,recovered,75.420662294,18.905426043085754,393,True,True,True,True,True,1,True,1,True,2,True,2,True,12
862,R_to_P,recovered,True,True,recovered,834.5184639019998,179.77425058092922,243,True,True,True,True,True,1,True,2,True,15,True,18,True,42,recovered,True,True,recovered,1480.9958259909997,289.60233743768185,705,True,True,True,True,True,1,True,2,True,15,True,22,True,89
863,R_to_P,recovered,True,True,recovered,30.910335218999997,5.811761780176312,31,True,True,True,True,True,2,True,2,True,3,True,4,True,8,recovered,True,True,recovered,65.52889741499999,12.118798222858459,46,True,True,True,True,True,2,True,2,True,3,True,4,True,9
864,R_to_P,recovered,True,True,recovered,11.206495780000001,3.536954641342163,18,True,True,True,True,True,1,True,2,True,2,True,2,True,4,recovered,True,True,recovered,22.950609272999998,8.175134523771703,75,True,True,True,True,True,1,True,2,True,2,True,2,True,8
865,R_to_P,unknown,True,True,not_recovered,99.72132679500001,24.630987340584397,298,False,False,False,False,False,2,False,2,False,9,False,9,False,26,recovered,True,True,recovered,237.98049973400003,53.51435271836817,1054,False,False,False,False,False,2,False,2,False,13,False,13,False,45
866,R_to_P,recovered,True,True,recovered,36.177280324,8.512633735314012,34,True,True,True,True,True,1,True,1,True,1,True,1,True,6,recovered,True,True,recovered,86.719892185,20.090752294287086,77,True,True,True,True,True,1,True,1,True,1,True,1,True,8
867,R_to_P,not_recovered,True,True,not_recovered,52.170800861,17.155482799746096,94,False,False,False,False,False,1,False,1,False,6,False,6,False,9,recovered,True,True,not_recovered,225.24989947599997,59.08950482401997,696,False,False,False,True,False,1,False,1,False,6,False,6,True,14
868,R_to_P,recovered,True,True,recovered,144.81512146799997,39.87051448691636,253,True,True,True,True,True,2,True,2,True,8,True,8,True,26,recovered,True,True,recovered,568.079321826,169.54834295343608,647,True,True,True,True,True,2,True,2,True,9,True,9,True,34
869,R_to_P,recovered,True,True,recovered,8.607652268,1.9546801026444882,10,True,True,True,True,True,1,True,1,True,1,True,1,True,7,recovered,True,True,recovered,53.493737065,13.828182583674788,99,True,True,True,True,True,1,True,1,True,1,True,1,True,7
870,P_to_R,recovered,True,True,recovered,308.451290218,96.95148456515744,244,False,True,True,True,True,2,True,3,True,6,True,12,True,45,recovered,True,True,recovered,725.582173587,180.3449748926796,815,False,True,True,True,True,2,True,3,True,6,True,12,True,48
871,R_to_P,not_recovered,True,True,not_recovered,198.75812274299997,65.00398445362225,211,False,False,False,False,False,2,False,5,False,8,False,12,False,24,not_recovered,True,True,not_recovered,460.2186800399999,127.93360061571002,1382,False,False,False,False,False,3,False,6,False,16,False,20,False,41
872,P_to_R,recovered,True,True,recovered,33.784047845,12.829432989936322,187,True,True,True,True,True,1,True,1,True,2,True,4,True,8,recovered,True,True,recovered,51.07414586200001,17.392999524716288,332,True,True,True,True,True,1,True,1,True,2,True,4,True,11
873,R_to_P,recovered,True,True,recovered,187.08551011299997,43.312032082118094,249,True,True,True,True,True,1,True,1,True,1,True,1,True,3,recovered,True,True,recovered,363.92159020699995,89.11668816301972,398,True,True,True,True,True,1,True,1,True,4,True,4,True,8
874,P_to_R,recovered,True,True,recovered,76.750148048,24.916190232150257,49,True,True,True,True,True,1,True,1,True,2,True,2,True,4,recovered,True,True,recovered,106.02675253800001,34.13837963528931,133,True,True,True,True,True,1,True,1,True,2,True,3,True,9
875,R_to_P,recovered,True,True,recovered,164.38450475599998,53.481830949895084,159,True,True,True,True,True,1,True,1,True,8,True,10,True,17,recovered,True,True,recovered,524.519676336,134.55572147574276,919,True,True,True,True,True,1,True,1,True,8,True,10,True,21
876,R_to_P,recovered,True,True,recovered,72.926608155,19.597534466767684,66,True,True,True,True,True,1,True,1,True,2,True,2,True,8,recovered,True,True,recovered,686.814410919,165.15434300270863,422,True,True,True,True,True,1,True,1,True,2,True,2,True,12
877,R_to_P,recovered,True,True,recovered,56.03041594099999,15.000071635702625,82,True,True,True,True,True,1,True,1,True,3,True,5,True,9,recovered,True,True,recovered,340.76956427600004,72.33810245920904,596,True,True,True,True,True,1,True,1,True,3,True,5,True,10
878,R_to_P,recovered,True,True,recovered,40.07428925899999,10.208849492482841,125,False,True,True,True,True,3,True,3,True,3,True,3,True,9,recovered,True,True,recovered,75.11492105799998,20.49410843104124,223,False,True,True,True,True,3,True,3,True,3,True,3,True,9
879,R_to_P,recovered,True,True,recovered,22.221169529999997,7.642714378423989,53,True,True,True,True,True,1,True,1,True,1,True,1,True,5,recovered,True,True,recovered,44.367273754,15.757544984575361,124,False,True,True,True,True,2,True,2,True,2,True,4,True,13
880,R_to_P,recovered,True,True,recovered,13.134360501999998,3.5531914397142828,94,True,True,True,True,True,1,True,1,True,2,True,2,True,3,recovered,True,True,recovered,27.765118935999993,8.56609407858923,268,True,True,True,True,True,1,True,1,True,2,True,2,True,4
881,R_to_P,recovered,True,True,recovered,28.587714328000004,8.17282038088888,65,True,True,True,True,True,1,True,1,True,3,True,4,True,12,recovered,True,True,recovered,156.060962004,44.99581845384091,473,True,True,True,True,True,1,True,1,True,3,True,4,True,14
882,R_to_P,recovered,True,True,recovered,204.416718183,55.05476689711213,300,True,True,True,True,True,1,True,1,True,4,True,4,True,14,recovered,True,True,recovered,645.579765192,178.2622026912868,730,True,True,True,True,True,1,True,1,True,4,True,4,True,23
883,R_to_P,recovered,True,True,recovered,127.629186987,32.572031238116324,842,True,True,True,True,True,1,True,1,True,1,True,1,True,6,recovered,True,True,recovered,228.889613984,59.29667752701789,1186,True,True,True,True,True,1,True,1,True,1,True,2,True,10
884,R_to_P,recovered,True,True,recovered,6.132707966,1.1517790975049138,7,True,True,True,True,True,1,True,1,True,1,True,1,True,2,recovered,True,True,recovered,181.19841004699998,51.21190448664129,323,True,True,True,True,True,1,True,1,True,1,True,1,True,2
885,R_to_P,recovered,True,True,recovered,22.159962166,7.567664907313883,56,True,True,True,True,True,1,True,1,True,1,True,1,True,2,recovered,True,True,recovered,146.927057593,40.650398982688785,589,True,True,True,True,True,1,True,1,True,1,True,1,True,7
886,R_to_P,recovered,True,True,recovered,57.691128748999986,13.587202695664018,160,True,True,True,True,True,1,True,1,True,2,True,6,True,22,recovered,True,True,recovered,238.19897234599995,61.14019298506901,326,True,True,True,True,True,1,True,1,True,2,True,6,True,22
887,P_to_R,recovered,True,True,recovered,641.8245933170001,197.56458614720032,256,False,True,True,True,True,3,True,3,True,12,True,12,True,33,recovered,True,True,recovered,1089.2373555350002,299.4753816933371,1520,False,True,True,True,True,3,True,3,True,17,True,17,True,79
888,R_to_P,recovered,True,True,recovered,55.708577681,12.710182110778987,189,True,True,True,True,True,1,True,1,True,5,True,7,True,21,recovered,True,True,recovered,201.69563613800005,49.46470794361085,497,True,True,True,True,True,1,True,1,True,5,True,7,True,21
889,R_to_P,recovered,True,True,recovered,39.54208997799999,11.673606036230922,198,False,True,True,True,True,3,True,3,True,11,True,14,True,30,recovered,True,True,recovered,72.722185344,20.27734318515286,306,False,True,True,True,True,3,True,3,True,13,True,16,True,32
890,R_to_P,recovered,True,True,recovered,34.175440910000006,5.262076617684215,44,True,True,True,True,True,1,True,1,True,3,True,3,True,6,recovered,True,True,recovered,215.31163125100002,47.08754295599647,859,True,True,True,True,True,1,True,1,True,3,True,3,True,9
891,P_to_R,recovered,True,True,recovered,75.717964464,26.007862833561376,491,True,True,True,True,True,1,True,1,True,2,True,3,True,15,recovered,True,True,recovered,94.590306843,31.801075632916763,971,True,True,True,True,True,1,True,1,True,2,True,3,True,24
892,R_to_P,recovered,True,True,recovered,7.159447338000001,2.288569365395233,10,True,True,True,True,True,1,True,1,True,1,True,1,True,5,recovered,True,True,recovered,29.034023554,7.706620789831504,75,True,True,True,True,True,1,True,1,True,1,True,1,True,5
893,P_to_R,recovered,True,True,recovered,74.215489814,21.416000972269103,294,True,True,True,True,True,1,True,1,True,1,True,2,True,14,recovered,True,True,recovered,107.59329417,30.02170939487405,470,True,True,True,True,True,1,True,1,True,3,True,4,True,29
894,R_to_P,recovered,True,True,recovered,9.387589835999998,2.5447733998298645,58,True,True,True,True,True,2,True,2,True,6,True,6,True,22,recovered,True,True,recovered,128.297184064,34.35403826739639,1575,True,True,True,True,True,2,True,2,True,6,True,6,True,26
895,R_to_P,recovered,True,True,recovered,6.335962879,1.509005092550069,29,True,True,True,True,True,1,True,1,True,2,True,2,True,10,recovered,True,True,recovered,37.857394826000004,9.300114047713578,144,True,True,True,True,True,1,True,1,True,2,True,2,True,12
896,R_to_P,recovered,True,True,recovered,42.13355041900001,13.09068459738046,139,True,True,True,True,True,1,True,1,True,5,True,10,True,26,recovered,True,True,recovered,57.02517228300001,17.14477932616137,246,True,True,True,True,True,1,True,2,True,6,True,13,True,39
897,R_to_P,recovered,True,True,recovered,2.434560543,1.1019153408706188,12,True,True,True,True,True,1,True,1,True,1,True,1,True,1,recovered,True,True,recovered,5.566538805,1.8148055961355567,35,True,True,True,True,True,1,True,1,True,1,True,1,True,1
898,R_to_P,recovered,True,True,recovered,36.04497018100001,9.681814189068973,367,True,True,True,True,True,1,True,1,True,4,True,4,True,13,recovered,True,True,recovered,79.12970221600001,21.142608433030546,705,True,True,True,True,True,1,True,1,True,4,True,4,True,14
899,R_to_P,recovered,True,True,recovered,20.676838478,4.82933349814266,34,True,True,True,True,True,1,True,1,True,2,True,2,True,2,recovered,True,True,recovered,78.89003444299999,18.3962537990883,155,True,True,True,True,True,1,True,1,True,2,True,2,True,4
900,R_to_P,recovered,True,True,recovered,2.380932465,0.6771730398759246,18,True,True,True,True,True,1,True,1,True,3,True,3,True,5,recovered,True,True,recovered,5.768468569,1.4540498713031411,82,True,True,True,True,True,1,True,1,True,3,True,3,True,5
901,R_to_P,recovered,True,True,recovered,18.012751436000002,5.833925251848996,114,True,True,True,True,True,1,True,1,True,3,True,5,True,16,recovered,True,True,recovered,72.012916754,20.87142769433558,397,True,True,True,True,True,1,True,1,True,3,True,6,True,22
902,R_to_P,recovered,True,True,recovered,19.753300501000005,4.816805047914386,157,True,True,True,True,True,1,True,1,True,2,True,2,True,9,recovered,True,True,recovered,101.215590548,19.706139457412064,233,True,True,True,True,True,1,True,1,True,2,True,2,True,15
903,R_to_P,recovered,True,True,recovered,19.08956339,4.581833766307682,90,True,True,True,True,True,1,True,1,True,2,True,2,True,6,recovered,True,True,recovered,30.39144296,6.8444132772274315,118,True,True,True,True,True,1,True,1,True,2,True,2,True,8
904,R_to_P,recovered,True,True,recovered,41.03046202699999,10.091350866947323,483,True,True,True,True,True,1,True,1,True,1,True,2,True,3,recovered,True,True,recovered,64.74783964699999,15.274692765902728,665,True,True,True,True,True,1,True,1,True,1,True,3,True,11
905,P_to_R,recovered,True,True,recovered,175.900379572,42.76164493476972,681,False,True,True,True,True,2,True,2,True,9,True,12,True,32,recovered,True,True,recovered,412.956838049,105.84786216798238,1334,False,True,True,True,True,2,True,4,True,13,True,19,True,44
906,R_to_P,recovered,True,True,recovered,1.881865994,0.3339775074273348,2,True,True,True,True,True,1,True,1,True,1,True,1,True,1,recovered,True,True,recovered,4.011506483999999,0.7597560784779489,7,True,True,True,True,True,1,True,1,True,1,True,1,True,2
907,R_to_P,recovered,True,True,recovered,4.487344651999999,0.9535838305018842,59,False,True,True,True,False,1,True,3,True,8,True,13,True,17,recovered,True,True,recovered,8.704256013999998,1.7674762539099902,93,False,True,True,True,False,1,True,3,True,8,True,13,True,20
908,P_to_R,recovered,True,True,recovered,25.861138757999996,8.005183584988117,166,True,True,True,True,True,1,True,1,True,1,True,1,True,3,recovered,True,True,recovered,60.66732812499999,15.225890305126086,487,True,True,True,True,True,1,True,1,True,1,True,1,True,8
909,R_to_P,recovered,True,True,recovered,230.112228309,55.77347903419286,245,True,True,True,True,True,1,True,1,True,2,True,3,True,6,recovered,True,True,recovered,500.46946056699994,114.7658744994551,597,True,True,True,True,True,1,True,1,True,2,True,3,True,7
910,R_to_P,recovered,True,True,recovered,60.713467429,19.40787863638252,93,True,True,True,True,True,2,True,2,True,2,True,2,True,4,recovered,True,True,recovered,112.675553124,34.11885095760226,270,True,True,True,True,True,2,True,2,True,2,True,2,True,4
911,R_to_P,recovered,True,True,recovered,2.9493047540000004,0.7392796128988266,45,True,True,True,True,True,1,True,1,True,6,True,6,True,9,recovered,True,True,recovered,4.774632691000001,1.1397859398275614,51,True,True,True,True,True,1,True,1,True,6,True,6,True,10
912,R_to_P,recovered,True,True,recovered,198.13918312500002,50.92028804309666,147,False,True,True,True,False,2,True,4,True,4,True,9,True,16,recovered,True,True,recovered,387.63052275000007,97.38841228280216,281,False,True,True,True,False,2,True,4,True,4,True,9,True,19
913,R_to_P,recovered,True,True,recovered,151.851884431,37.71724900230765,32,True,True,True,True,True,1,True,1,True,1,True,1,True,1,recovered,True,True,recovered,226.77122061999998,56.27699895668775,35,True,True,True,True,True,1,True,1,True,1,True,1,True,3
914,R_to_P,recovered,True,True,recovered,6.835137668999999,0.9728256147354841,2,False,True,True,True,False,1,False,1,True,2,True,2,True,2,recovered,True,True,recovered,14.077912333999999,2.0463525531813502,2,False,True,True,True,False,1,False,1,True,2,True,2,True,2
915,R_to_P,recovered,True,True,recovered,75.40381087799999,21.67637981940061,181,False,True,True,True,True,9,True,13,True,27,True,29,True,46,recovered,True,True,recovered,175.84443370099999,52.724837210960686,454,False,True,True,True,True,9,True,13,True,31,True,35,True,67
916,R_to_P,recovered,True,True,recovered,4.8959850419999995,1.7152676433324814,37,True,True,True,True,True,1,True,1,True,1,True,3,True,10,recovered,True,True,recovered,15.635205986999999,4.156798902433366,180,True,True,True,True,True,1,True,1,True,1,True,3,True,13
917,R_to_P,recovered,True,True,recovered,34.989083134999994,9.783791012130678,42,True,True,True,True,True,1,True,1,True,4,True,4,True,12,recovered,True,True,recovered,155.802747433,32.34224063158035,231,True,True,True,True,True,1,True,1,True,4,True,4,True,15
918,R_to_P,recovered,True,True,recovered,41.125350608,9.214158667251468,121,False,True,True,True,False,1,True,2,True,5,True,7,True,12,recovered,True,True,recovered,104.12986051200001,24.74712986825034,239,False,True,True,True,False,1,True,2,True,5,True,7,True,12
919,R_to_P,recovered,True,True,recovered,2.07841306,0.3570864908397198,14,True,True,True,True,True,1,True,1,True,2,True,2,True,3,recovered,True,True,recovered,6.797372992999999,1.8155805345159024,38,True,True,True,True,True,1,True,1,True,2,True,2,True,3
920,R_to_P,recovered,True,True,recovered,4.170318827000002,0.9360083399806172,23,True,True,True,True,True,1,True,1,True,3,True,4,True,10,recovered,True,True,recovered,16.192366208,3.8581668206024915,142,True,True,True,True,True,1,True,1,True,3,True,4,True,15
921,R_to_P,recovered,True,True,recovered,30.348233084,10.001401403918862,42,True,True,True,True,True,1,True,1,True,1,True,2,True,14,recovered,True,True,recovered,85.373181133,22.27259177248925,153,True,True,True,True,True,1,True,1,True,1,True,2,True,15
922,R_to_P,recovered,True,True,recovered,398.1223791700001,72.42574205016717,125,True,True,True,True,True,1,True,1,True,2,True,2,True,11,recovered,True,True,recovered,464.83384508200015,83.5504890049342,180,True,True,True,True,True,1,True,1,True,2,True,2,True,17
923,R_to_P,recovered,True,True,recovered,2.3243921860000003,0.5679286471568048,8,True,True,True,True,True,1,True,1,True,1,True,2,True,4,recovered,True,True,recovered,11.180575401,3.1512739933095872,29,True,True,True,True,True,1,True,1,True,1,True,2,True,4
924,R_to_P,recovered,True,True,recovered,225.86581559800007,49.82289211824536,395,True,True,True,True,True,1,True,1,True,2,True,4,True,17,recovered,True,True,recovered,533.2311855020001,118.04592691548169,932,True,True,True,True,True,1,True,1,True,2,True,4,True,17
925,R_to_P,recovered,True,True,recovered,31.206211593000003,8.977132586762309,54,True,True,True,True,True,1,True,1,True,1,True,1,True,3,recovered,True,True,recovered,51.064995978,13.934561479836702,84,True,True,True,True,True,1,True,1,True,1,True,1,True,4
926,R_to_P,recovered,True,True,recovered,5.715307076999999,0.9727865755558014,20,True,True,True,True,True,1,True,1,True,2,True,2,True,9,recovered,True,True,recovered,22.238259354,5.320281522348523,108,True,True,True,True,True,1,True,1,True,2,True,2,True,14
927,R_to_P,recovered,True,True,recovered,18.707654376999997,4.749731855932623,76,True,True,True,True,True,1,True,1,True,2,True,4,True,14,recovered,True,True,recovered,38.794890224999996,9.771997464355081,125,True,True,True,True,True,1,True,1,True,2,True,4,True,17
928,R_to_P,recovered,True,True,recovered,5.357733852,1.4611205598339438,213,True,True,True,True,True,1,True,1,True,3,True,5,True,12,recovered,True,True,recovered,17.070288113,4.588795965537429,301,True,True,True,True,True,1,True,1,True,3,True,5,True,12
929,R_to_P,recovered,True,True,recovered,504.490251746,124.91095665609464,733,False,True,True,True,False,1,False,1,True,2,True,2,True,3,recovered,True,True,recovered,663.2330744760001,161.04207982681692,1078,False,True,True,True,False,1,False,1,True,3,True,3,True,6
930,R_to_P,recovered,True,True,recovered,2.8716775379999993,0.5218067548703402,19,False,True,True,True,True,3,True,3,True,3,True,3,True,6,recovered,True,True,recovered,7.405731390999998,1.6743025407195091,134,False,True,True,True,True,3,True,3,True,3,True,3,True,8
931,R_to_P,recovered,True,True,recovered,165.97925232999998,39.354311627103016,306,False,True,True,True,True,2,True,2,True,4,True,6,True,8,recovered,True,True,recovered,315.79024051,74.56601130682975,606,False,True,True,True,True,2,True,2,True,5,True,12,True,26
932,R_to_P,recovered,True,True,recovered,6.040870824,1.0853312257677317,14,True,True,True,True,True,1,True,2,True,3,True,4,True,4,recovered,True,True,recovered,41.63162659700001,10.239715641364455,156,True,True,True,True,True,1,True,2,True,3,True,4,True,4
933,R_to_P,recovered,True,True,recovered,22.100293172999997,4.2908902345225215,70,True,True,True,True,True,1,True,1,True,4,True,4,True,11,recovered,True,True,recovered,87.43671660300001,19.241867282427847,199,True,True,True,True,True,1,True,1,True,4,True,4,True,12
934,R_to_P,recovered,True,True,recovered,32.40493024299999,4.7047311225906014,18,True,True,True,True,True,1,True,1,True,5,True,5,True,13,recovered,True,True,recovered,62.21766184399999,9.025325179100037,22,True,True,True,True,True,1,True,1,True,5,True,5,True,13
935,R_to_P,recovered,True,True,recovered,13.337906717,3.229168750345707,66,False,True,True,True,True,2,True,3,True,7,True,8,True,15,recovered,True,True,recovered,26.093570170999996,5.899664253462106,113,False,True,True,True,True,2,True,3,True,7,True,8,True,16
936,R_to_P,recovered,True,True,recovered,14.05604977,2.740361219039187,67,True,True,True,True,True,1,True,1,True,2,True,2,True,3,recovered,True,True,recovered,25.491686640999994,4.690457826247439,104,True,True,True,True,True,1,True,1,True,2,True,2,True,3
937,P_to_R,recovered,True,True,recovered,1.5617376679999997,0.3525462676770985,2,True,True,True,True,True,1,True,1,True,1,True,1,True,1,recovered,True,True,recovered,3.0999338279999993,0.616142917657271,2,True,True,True,True,True,1,True,1,True,1,True,1,True,1
938,R_to_P,recovered,True,True,recovered,16.612310412,3.8552803732454777,301,True,True,True,True,True,1,True,1,True,3,True,5,True,9,recovered,True,True,recovered,38.142768692999994,8.85526672564447,504,True,True,True,True,True,1,True,1,True,3,True,5,True,9
939,R_to_P,recovered,True,True,recovered,4.203112069,0.8729973249137402,5,True,True,True,True,True,1,True,1,True,2,True,2,True,2,recovered,True,True,recovered,7.051923113999999,1.4017189759761095,6,True,True,True,True,True,1,True,1,True,2,True,2,True,2
940,R_to_P,recovered,True,True,recovered,2.426609573,0.6410318338312209,16,True,True,True,True,True,1,True,1,True,4,True,4,True,14,recovered,True,True,recovered,4.740319173,1.2101190923713148,18,True,True,True,True,True,1,True,1,True,4,True,4,True,14
941,R_to_P,recovered,True,True,recovered,1.5268955069999997,0.305115619674325,2,True,True,True,True,True,1,True,1,True,1,True,1,True,1,recovered,True,True,recovered,3.2552284159999996,0.6671408265829086,5,True,True,True,True,True,1,True,1,True,1,True,1,True,1
942,R_to_P,recovered,True,True,recovered,11.422025842,2.7751070177182555,35,True,True,True,True,True,1,True,2,True,3,True,5,True,11,recovered,True,True,recovered,17.874879898999996,4.247590014711022,43,True,True,True,True,True,1,True,2,True,3,True,5,True,13
943,R_to_P,recovered,True,True,recovered,10.310481625,2.220385365188122,68,True,True,True,True,True,1,True,1,True,1,True,2,True,8,recovered,True,True,recovered,17.956461496,3.9979214938357472,89,True,True,True,True,True,1,True,1,True,1,True,2,True,8
944,R_to_P,recovered,True,True,recovered,4.588503544,0.7779860636219382,7,True,True,True,True,True,1,True,1,True,1,True,2,True,3,recovered,True,True,recovered,24.378912229,6.013878989033401,42,True,True,True,True,True,1,True,1,True,1,True,2,True,6
945,R_to_P,recovered,True,True,recovered,2.2269563929999996,0.4632169343531132,5,True,True,True,True,True,1,True,1,True,1,True,1,True,3,recovered,True,True,recovered,4.502622007,0.8717855913564563,7,True,True,True,True,True,1,True,1,True,1,True,1,True,4
946,R_to_P,recovered,True,True,recovered,8.657309872,2.5115806134417653,144,True,True,True,True,True,2,True,2,True,4,True,7,True,16,recovered,True,True,recovered,17.411011526000003,4.79615427646786,219,True,True,True,True,True,2,True,2,True,5,True,8,True,23
947,R_to_P,recovered,True,True,recovered,4.735583010999999,0.9541088510304689,13,True,True,True,True,True,1,True,1,True,2,True,3,True,8,recovered,True,True,recovered,13.935246318,3.444973914884031,84,True,True,True,True,True,1,True,1,True,2,True,3,True,9
948,R_to_P,recovered,True,True,recovered,1.5987512739999996,0.28393034264445305,2,True,True,True,True,True,1,True,1,True,1,True,1,True,1,recovered,True,True,recovered,3.168674874999999,0.5860284976661205,3,True,True,True,True,True,1,True,1,True,1,True,1,True,1
949,R_to_P,recovered,True,True,recovered,1.9291928410000003,0.3578667063266039,6,True,True,True,True,True,1,True,1,True,2,True,2,True,2,recovered,True,True,recovered,3.7181761140000003,0.745122205466032,6,True,True,True,True,True,1,True,1,True,2,True,2,True,2
950,P_to_R,recovered,True,True,recovered,5.434957817000001,1.6555403764359653,32,True,True,True,True,True,1,True,1,True,2,True,2,True,4,recovered,True,True,recovered,8.920848737,2.584221546072513,57,True,True,True,True,True,1,True,1,True,2,True,2,True,5
951,R_to_P,recovered,True,True,recovered,17.56649769,5.600628880318254,61,True,True,True,True,True,1,True,2,True,2,True,4,True,6,recovered,True,True,recovered,27.236507542000005,7.841509009245783,168,True,True,True,True,True,1,True,2,True,2,True,6,True,17
952,P_to_R,recovered,True,True,recovered,28.578818357,6.591805434785783,1011,True,True,True,True,True,1,True,1,True,1,True,1,True,1,recovered,True,True,recovered,119.40406262399999,22.28551683947444,1391,True,True,True,True,True,1,True,1,True,1,True,1,True,8
953,R_to_P,recovered,True,True,recovered,2.461146632,0.42371672252193093,8,True,True,True,True,True,1,True,1,True,3,True,3,True,5,recovered,True,True,recovered,5.021254772999999,0.8662086562253535,10,True,True,True,True,True,1,True,1,True,3,True,3,True,5
954,P_to_R,recovered,True,True,recovered,3.4639562140000004,0.6639013439416885,4,True,True,True,True,True,1,True,2,True,2,True,3,True,3,recovered,True,True,recovered,7.903776925000001,1.3541954515967518,7,True,True,True,True,True,1,True,2,True,2,True,3,True,3
955,R_to_P,recovered,True,True,recovered,16.521592495,4.328940079547465,27,True,True,True,True,True,1,True,1,True,1,True,1,True,1,recovered,True,True,recovered,28.042400249000003,6.559094669530168,43,True,True,True,True,True,1,True,1,True,1,True,1,True,1
956,R_to_P,recovered,True,True,recovered,52.02685149599999,10.687858429038897,93,True,True,True,True,True,1,True,2,True,4,True,6,True,15,recovered,True,True,recovered,138.42940851900002,35.28508615703322,481,True,True,True,True,True,1,True,2,True,4,True,6,True,15
957,R_to_P,recovered,True,True,recovered,1.54808107,0.3214977225288749,11,True,True,True,True,True,1,True,1,True,3,True,3,True,5,recovered,True,True,recovered,2.9490964379999998,0.6544094616547227,12,True,True,True,True,True,1,True,1,True,3,True,3,True,5
958,R_to_P,recovered,True,True,recovered,1.131506648,0.2250398900359869,1,True,True,True,True,True,1,True,1,True,1,True,1,True,1,recovered,True,True,recovered,2.4410167860000005,0.45925656985491514,3,True,True,True,True,True,1,True,1,True,1,True,1,True,2
959,P_to_R,recovered,True,True,recovered,2.502253551000001,0.48721203301101923,42,True,True,True,True,True,1,True,1,True,2,True,3,True,7,recovered,True,True,recovered,4.655779833,0.8653989750891924,42,True,True,True,True,True,1,True,1,True,2,True,3,True,7
960,R_to_P,recovered,True,True,recovered,4.821251201,0.9953428013250232,61,True,True,True,True,True,1,True,1,True,3,True,3,True,8,recovered,True,True,recovered,10.426319997,2.1610634298995137,140,True,True,True,True,True,1,True,1,True,3,True,3,True,8
961,R_to_P,recovered,True,True,recovered,3.824002910999999,0.7694987570866942,26,True,True,True,True,True,1,True,1,True,3,True,4,True,11,recovered,True,True,recovered,13.554290827,3.1976830642670393,125,True,True,True,True,True,1,True,1,True,3,True,4,True,14
962,R_to_P,recovered,True,True,recovered,3.1295030279999994,0.6240649679675698,9,False,True,True,True,True,2,True,2,True,7,True,7,True,9,recovered,True,True,recovered,6.47276662,1.665272744372487,10,False,True,True,True,True,2,True,2,True,7,True,7,True,9
963,R_to_P,recovered,True,True,recovered,17.468261037999998,4.646826561540365,49,True,True,True,True,True,1,True,2,True,4,True,6,True,6,recovered,True,True,recovered,28.236087897999997,8.316523899324238,71,True,True,True,True,True,1,True,2,True,4,True,6,True,6
964,R_to_P,recovered,True,True,recovered,94.111560244,24.177892319858074,226,True,True,True,True,True,1,True,1,True,1,True,2,True,4,recovered,True,True,recovered,168.74716322700002,44.07608709484339,439,True,True,True,True,True,2,True,2,True,2,True,3,True,8
965,R_to_P,recovered,True,True,recovered,3.1309301640000005,0.6497698687016964,7,True,True,True,True,True,1,True,1,True,1,True,2,True,2,recovered,True,True,recovered,5.656885812,1.0779916094616055,7,True,True,True,True,True,1,True,1,True,1,True,2,True,2
966,R_to_P,recovered,True,True,recovered,3.7258456449999997,0.6206711111590266,3,True,True,True,True,True,1,True,1,True,1,True,1,True,2,recovered,True,True,recovered,7.2104317290000015,1.2736180378124118,6,True,True,True,True,True,1,True,1,True,1,True,1,True,2
967,R_to_P,recovered,True,True,recovered,4.687488142000001,0.8046190878376365,2,True,True,True,True,True,1,True,1,True,1,True,1,True,2,recovered,True,True,recovered,12.796498835000001,2.5370716124307364,8,True,True,True,True,True,1,True,1,True,1,True,1,True,8
968,R_to_P,recovered,True,True,recovered,507.3281210810001,117.92199486028403,86,True,True,True,True,True,1,True,1,True,1,True,1,True,1,recovered,True,True,recovered,781.943296509,179.97297271341085,255,True,True,True,True,True,1,True,1,True,1,True,1,True,1
969,R_to_P,recovered,True,True,recovered,2.466008124,0.39664585422724485,1,True,True,True,True,True,1,True,1,True,1,True,1,True,1,recovered,True,True,recovered,7.498102489000001,1.577584064565599,5,True,True,True,True,True,1,True,1,True,1,True,1,True,1
970,R_to_P,recovered,True,True,recovered,29.294787634,7.133621389977634,110,True,True,True,True,True,1,True,1,True,5,True,8,True,24,recovered,True,True,recovered,125.61915269999999,31.885757870972157,438,True,True,True,True,True,1,True,1,True,5,True,8,True,38
971,P_to_R,recovered,True,True,recovered,15.768786181000003,4.495524872094393,44,True,True,True,True,True,1,True,1,True,1,True,1,True,5,recovered,True,True,recovered,26.130794649,6.934338983846828,78,True,True,True,True,True,1,True,1,True,1,True,1,True,5
972,R_to_P,recovered,True,True,recovered,4.7968717860000005,1.3003503063227981,10,True,True,True,True,True,1,True,1,True,2,True,4,True,4,recovered,True,True,recovered,9.134189197,2.2990129531826824,19,True,True,True,True,True,1,True,1,True,2,True,4,True,5
973,R_to_P,recovered,True,True,recovered,7.606481762999998,2.4478743833024055,26,True,True,True,True,True,1,True,1,True,3,True,5,True,8,recovered,True,True,recovered,20.008429087,5.5018095404375345,34,True,True,True,True,True,1,True,1,True,3,True,5,True,9
974,P_to_R,recovered,True,True,recovered,3.419962828,1.0668538846075535,3,True,True,True,True,True,1,True,1,True,1,True,1,True,2,recovered,True,True,recovered,7.338557096000001,2.0245648650452495,7,True,True,True,True,True,1,True,1,True,1,True,1,True,2
975,P_to_R,recovered,True,True,recovered,5.812530757000001,1.500207924284041,26,True,True,True,True,True,1,True,1,True,3,True,3,True,5,recovered,True,True,recovered,8.797648963,2.0242516370490193,27,True,True,True,True,True,1,True,1,True,3,True,3,True,5
976,R_to_P,recovered,True,True,recovered,5.477889091,1.5125744435936213,29,True,True,True,True,True,1,True,1,True,2,True,3,True,6,recovered,True,True,recovered,10.521042836000001,2.7471157535910606,37,True,True,True,True,True,1,True,1,True,2,True,3,True,6
977,R_to_P,recovered,True,True,recovered,2.1394939920000002,0.524897308088839,58,True,True,True,True,True,1,True,1,True,4,True,4,True,18,recovered,True,True,recovered,4.521543881,1.0324953543022275,82,True,True,True,True,True,1,True,1,True,4,True,4,True,20
978,P_to_R,recovered,True,True,recovered,2.3059570039999997,0.4480311758816242,4,True,True,True,True,True,3,True,3,True,3,True,3,True,3,recovered,True,True,recovered,5.328654747,1.0924156112596393,18,True,True,True,True,True,3,True,3,True,7,True,7,True,7
979,R_to_P,recovered,True,True,recovered,1.2462125080000004,0.3589323479682207,2,True,True,True,True,True,1,True,1,True,1,True,1,True,1,recovered,True,True,recovered,2.1808962100000002,0.6209696047008038,2,True,True,True,True,True,1,True,1,True,1,True,1,True,1
980,R_to_P,recovered,True,True,recovered,1.817035905,0.34288475569337606,9,True,True,True,True,True,1,True,1,True,1,True,1,True,5,recovered,True,True,recovered,4.406639601,0.9284062413498759,15,True,True,True,True,True,1,True,1,True,1,True,1,True,5
981,R_to_P,recovered,True,True,recovered,2.0934063260000007,0.4993119463324547,12,True,True,True,True,True,1,True,1,True,1,True,2,True,5,recovered,True,True,recovered,3.937718366000001,0.8465980547480285,14,True,True,True,True,True,1,True,1,True,1,True,2,True,5
982,R_to_P,recovered,True,True,recovered,1.2513096770000003,0.2797270459122956,4,True,True,True,True,True,1,True,1,True,2,True,2,True,2,recovered,True,True,recovered,2.649787086000001,0.6269933525472879,7,True,True,True,True,True,1,True,2,True,3,True,4,True,4
983,R_to_P,recovered,True,True,recovered,2.691935072,0.6843148190528154,60,True,True,True,True,True,1,True,1,True,6,True,6,True,31,recovered,True,True,recovered,5.453121442,1.368852705694735,90,True,True,True,True,True,1,True,1,True,6,True,6,True,32
984,R_to_P,recovered,True,True,recovered,4.032959153999999,1.0350675331428647,22,True,True,True,True,True,1,True,1,True,3,True,3,True,5,recovered,True,True,recovered,7.32251655,1.9009241829626262,24,True,True,True,True,True,1,True,1,True,3,True,3,True,5
985,R_to_P,recovered,True,True,recovered,1.9387853150000003,0.38980394368991256,2,True,True,True,True,True,1,True,1,True,2,True,2,True,2,recovered,True,True,recovered,3.811896056,0.7120690669398755,2,True,True,True,True,True,1,True,1,True,2,True,2,True,2
986,R_to_P,not_recovered,True,True,not_recovered,10.839598839999999,3.11649040854536,27,False,False,False,False,False,1,False,1,False,1,False,1,False,2,not_recovered,True,True,not_recovered,13.617252801,3.6262093677651137,31,False,False,False,False,False,1,False,1,False,1,False,1,False,2
987,R_to_P,recovered,True,True,recovered,9.639140411,2.2599276951514184,50,True,True,True,True,True,1,True,2,True,3,True,3,True,6,recovered,True,True,recovered,21.355380206,5.157234626822174,91,True,True,True,True,True,1,True,2,True,3,True,3,True,8
988,P_to_R,recovered,True,True,recovered,5.234289639999998,1.758389983791858,42,True,True,True,True,True,1,True,1,True,2,True,2,True,7,recovered,True,True,recovered,7.767373530999999,2.260475085116923,51,True,True,True,True,True,1,True,1,True,2,True,2,True,10
989,R_to_P,recovered,True,True,recovered,3.566557361,0.8482075538486242,8,True,True,True,True,True,1,True,1,True,2,True,2,True,2,recovered,True,True,recovered,6.157048455999999,1.413084908388555,8,True,True,True,True,True,1,True,1,True,2,True,2,True,2
990,P_to_R,recovered,True,True,recovered,9.94291949,3.2624390609562397,43,True,True,True,True,True,1,True,1,True,4,True,4,True,6,recovered,True,True,recovered,14.199584690999998,4.26181800570339,108,True,True,True,True,True,1,True,1,True,4,True,4,True,8
991,P_to_R,recovered,True,True,recovered,7.354487198000001,2.292369367554784,26,True,True,True,True,True,1,True,1,True,1,True,1,True,2,recovered,True,True,recovered,10.443288978,2.938201166689396,31,True,True,True,True,True,1,True,1,True,1,True,1,True,5
992,P_to_R,recovered,True,True,recovered,8.313504956000001,2.5320685347542167,24,False,True,True,True,True,2,True,2,True,5,True,5,True,9,recovered,True,True,recovered,20.557733226,5.490153444930911,62,False,True,True,True,True,2,True,2,True,5,True,5,True,14
993,R_to_P,recovered,True,True,recovered,7.398200131999999,1.238929315470159,4,True,True,True,True,True,1,True,1,True,1,True,1,True,2,recovered,True,True,recovered,15.825414133999997,3.0854319632053375,7,True,True,True,True,True,1,True,1,True,1,True,1,True,2
994,P_to_R,recovered,True,True,recovered,5.566198845000001,0.9441463830880821,2,True,True,True,True,True,1,True,1,True,1,True,1,True,2,recovered,True,True,recovered,12.824629647,2.433259879704565,7,True,True,True,True,True,1,True,1,True,1,True,1,True,2
995,R_to_P,recovered,True,True,recovered,27.992799083999994,5.680009204428643,86,True,True,True,True,True,1,True,1,True,5,True,8,True,15,recovered,True,True,recovered,80.47255469999999,17.08858532528393,251,True,True,True,True,True,1,True,1,True,5,True,8,True,30
996,R_to_P,recovered,True,True,recovered,7.002771461999999,1.2491076337173581,5,True,True,True,True,True,1,True,1,True,1,True,1,True,3,recovered,True,True,recovered,15.637301052999998,2.699299923842773,10,True,True,True,True,True,1,True,1,True,1,True,1,True,3
997,R_to_P,recovered,True,True,recovered,9.637348612,1.6654934110119939,11,True,True,True,True,True,1,True,1,True,1,True,1,True,5,recovered,True,True,recovered,28.347231899,5.475227601127699,29,True,True,True,True,True,1,True,1,True,1,True,1,True,6
998,R_to_P,recovered,True,True,recovered,4.345101701000001,1.056713193655014,111,True,True,True,True,True,2,True,3,True,7,True,12,True,32,recovered,True,True,recovered,11.762470813,3.247442848980427,207,True,True,True,True,True,2,True,3,True,8,True,13,True,35
999,R_to_P,recovered,True,True,recovered,2.993298525,0.5858198911882937,18,True,True,True,True,True,1,True,1,True,4,True,5,True,11,recovered,True,True,recovered,5.507819233000001,1.1205956903286278,26,True,True,True,True,True,1,True,1,True,4,True,5,True,14
1000,P_to_R,recovered,True,True,recovered,3.404164007999999,0.7081615123897791,19,True,True,True,True,True,1,True,1,True,1,True,1,True,4,recovered,True,True,recovered,7.1272247669999995,1.6588746197521687,39,True,True,True,True,True,1,True,1,True,2,True,2,True,5
1001,R_to_P,recovered,True,True,recovered,0.618989596,0.18417043425142765,1,True,True,True,True,True,1,True,1,True,1,True,1,True,1,recovered,True,True,recovered,1.2467293330000002,0.3760683601722121,1,True,True,True,True,True,1,True,1,True,1,True,1,True,1
1002,R_to_P,recovered,True,True,recovered,2.421586218,0.4948436436243355,32,True,True,True,True,True,1,True,1,True,3,True,5,True,14,recovered,True,True,recovered,4.916180279999999,0.9645671313628554,47,True,True,True,True,True,1,True,1,True,3,True,5,True,15
1003,R_to_P,recovered,True,True,recovered,3.916338121,0.7303815747145563,10,False,True,True,True,True,2,True,3,True,5,True,6,True,6,recovered,True,True,recovered,10.828134463999998,2.498548776144162,63,False,True,True,True,True,2,True,3,True,5,True,6,True,6
1004,P_to_R,recovered,True,True,recovered,2.3266746650000005,0.44907395727932453,8,True,True,True,True,True,1,True,1,True,1,True,2,True,2,recovered,True,True,recovered,5.155121331999999,1.0650636544451118,18,True,True,True,True,True,1,True,1,True,1,True,2,True,3
1005,P_to_R,recovered,True,True,recovered,1.746366371,0.3502849359065294,4,True,True,True,True,True,1,True,1,True,3,True,3,True,4,recovered,True,True,recovered,3.8519767519999997,0.7336309757083654,13,True,True,True,True,True,1,True,1,True,3,True,3,True,6
1006,R_to_P,recovered,True,True,recovered,1.7658728929999998,0.3421722548082471,3,True,True,True,True,True,1,True,1,True,3,True,3,True,3,recovered,True,True,recovered,3.553021748,0.6813299804925919,3,True,True,True,True,True,1,True,1,True,3,True,3,True,3
1007,R_to_P,recovered,True,True,recovered,3.4122688119999998,0.6825665710493922,3,True,True,True,True,True,1,True,1,True,1,True,1,True,1,recovered,True,True,recovered,13.602430515,3.4828669587150216,14,True,True,True,True,True,1,True,1,True,1,True,1,True,1
1008,R_to_P,recovered,True,True,recovered,6.274652430000001,1.2784305391833186,75,True,True,True,True,True,1,True,1,True,1,True,2,True,14,recovered,True,True,recovered,20.388043458000002,4.60191591642797,210,True,True,True,True,True,1,True,1,True,1,True,2,True,18
1009,R_to_P,recovered,True,True,recovered,2.432445106,0.4618291836231947,18,True,True,True,True,True,1,True,2,True,2,True,3,True,10,recovered,True,True,recovered,7.889994381000001,1.6212334427982569,97,True,True,True,True,True,1,True,2,True,2,True,6,True,25
1010,R_to_P,recovered,True,True,recovered,1.5940319589999996,0.3062622509896755,2,True,True,True,True,True,1,True,1,True,1,True,1,True,2,recovered,True,True,recovered,4.176717736,1.138212471269071,27,True,True,True,True,True,1,True,1,True,1,True,1,True,2
1011,P_to_R,recovered,True,True,recovered,3.2586305149999992,0.8119201101362705,44,True,True,True,True,True,1,True,1,True,3,True,3,True,6,recovered,True,True,recovered,5.159709109999999,1.1577966772019863,51,True,True,True,True,True,1,True,1,True,4,True,4,True,7
1012,R_to_P,recovered,True,True,recovered,2.8701329360000005,0.6954128690995276,27,False,True,True,True,True,2,True,2,True,2,True,2,True,5,recovered,True,True,recovered,5.769691838,1.33881801716052,29,False,True,True,True,True,2,True,2,True,2,True,2,True,5
1013,R_to_P,recovered,True,True,recovered,4.034205839,0.9033509723376483,83,True,True,True,True,True,2,True,3,True,5,True,7,True,25,recovered,True,True,recovered,13.138193048,3.6157683746423572,135,True,True,True,True,True,2,True,3,True,5,True,7,True,25
1014,R_to_P,recovered,True,True,recovered,13.577744651999998,4.603900450281799,19,True,True,True,True,True,1,True,1,True,1,True,1,True,2,recovered,True,True,recovered,25.675915617999998,7.834812739863992,41,True,True,True,True,True,1,True,1,True,1,True,1,True,6
1015,R_to_P,recovered,True,True,recovered,5.179262788,1.1667048251256347,14,True,True,True,True,True,1,True,1,True,2,True,3,True,6,recovered,True,True,recovered,36.82583762099999,9.23286189418286,117,True,True,True,True,True,1,True,1,True,2,True,3,True,6
1016,R_to_P,recovered,True,True,recovered,2.414168568,0.4427448958158493,11,True,True,True,True,True,1,True,1,True,2,True,3,True,7,recovered,True,True,recovered,5.923791829000001,1.3257582522928715,14,True,True,True,True,True,1,True,1,True,2,True,3,True,7
1017,R_to_P,recovered,True,True,recovered,10.144183946999998,2.6472754357382655,41,True,True,True,True,True,1,True,1,True,1,True,1,True,3,recovered,True,True,recovered,16.253021005999997,3.7650517132133245,42,True,True,True,True,True,1,True,1,True,2,True,2,True,4
1018,R_to_P,recovered,True,True,recovered,35.857650291999995,9.38947993144393,26,True,True,True,True,True,1,True,1,True,4,True,4,True,5,recovered,True,True,recovered,65.5399772,16.95869649667293,60,True,True,True,True,True,1,True,1,True,4,True,4,True,7
1019,P_to_R,recovered,True,True,recovered,3.199541964,0.5979506624862552,3,True,True,True,True,True,1,True,2,True,2,True,2,True,2,recovered,True,True,recovered,10.379210894999998,2.384522824548185,14,True,True,True,True,True,1,True,2,True,2,True,2,True,6
1020,R_to_P,recovered,True,True,recovered,4.911216065000001,1.1191360615193844,12,True,True,True,True,True,1,True,1,True,3,True,3,True,4,recovered,True,True,recovered,6.614204388,1.4615825032815337,14,True,True,True,True,True,1,True,1,True,3,True,3,True,5
1021,R_to_P,recovered,True,True,recovered,23.412741072,5.967967726290226,272,False,False,True,True,False,4,True,10,True,12,True,12,True,31,recovered,True,True,not_recovered,79.034185554,21.517829552292824,551,False,False,False,True,False,8,True,15,True,17,True,18,True,45
1022,R_to_P,recovered,True,True,recovered,10.656751847999999,2.9410203713923693,453,False,True,True,True,True,2,True,2,True,5,True,9,True,19,recovered,True,True,recovered,33.976550116000006,9.622661385685205,1203,False,True,True,True,True,2,True,2,True,5,True,11,True,26
1023,R_to_P,recovered,True,True,recovered,8.909951282,2.2484979757573456,41,True,True,True,True,True,2,True,2,True,3,True,3,True,13,recovered,True,True,recovered,41.98602812800001,10.790309836622328,121,True,True,True,True,True,2,True,2,True,3,True,3,True,13
1024,R_to_P,recovered,True,True,recovered,182.631598179,48.99694810155779,443,False,True,True,True,True,2,True,2,True,9,True,10,True,26,recovered,True,True,recovered,326.008281452,87.41236896021292,677,False,True,True,True,True,2,True,2,True,10,True,12,True,35
1025,R_to_P,recovered,True,True,recovered,26.509105487,4.62753273639828,29,True,True,True,True,True,1,True,1,True,2,True,2,True,5,recovered,True,True,recovered,519.435563208,111.25474806688726,479,True,True,True,True,True,1,True,1,True,2,True,2,True,5
1026,R_to_P,recovered,True,True,recovered,9.174073645,2.689565503038466,11,True,True,True,True,True,1,True,1,True,2,True,2,True,4,recovered,True,True,recovered,96.884230856,30.193120195530355,110,True,True,True,True,True,1,True,1,True,2,True,2,True,7
1027,R_to_P,recovered,True,True,recovered,13.417476613,3.645157838240266,124,True,True,True,True,True,1,True,1,True,4,True,5,True,6,recovered,True,True,recovered,64.35305262000001,15.072557560168207,265,True,True,True,True,True,1,True,1,True,4,True,5,True,8
1028,R_to_P,recovered,True,True,recovered,274.70656985999995,78.5647445935756,297,False,True,True,True,False,1,False,1,True,8,True,8,True,35,recovered,True,True,not_recovered,822.022916197,222.71950470469892,1205,False,False,False,True,False,2,False,2,True,19,True,26,True,87
1029,P_to_R,recovered,True,True,recovered,200.142659483,62.195123203098774,169,True,True,True,True,True,1,True,2,True,7,True,13,True,27,recovered,True,True,recovered,435.5615274289999,125.27206725347787,500,True,True,True,True,True,1,True,2,True,7,True,13,True,67
1030,R_to_P,recovered,True,True,recovered,68.297689842,18.605795547366142,197,False,True,True,True,True,4,True,4,True,8,True,12,True,26,recovered,True,True,recovered,149.981068213,35.99831201322377,287,False,False,True,True,True,4,True,4,True,10,True,17,True,37
1031,P_to_R,recovered,True,True,recovered,32.09327763399999,8.731287376955152,36,False,True,True,True,True,2,True,2,True,6,True,10,True,18,recovered,True,True,recovered,315.491692347,62.871520253364,290,False,True,True,True,True,2,True,2,True,6,True,10,True,19
1032,R_to_P,recovered,True,True,recovered,37.709765919,9.956717740744352,171,False,True,True,True,False,2,False,2,True,3,True,3,True,7,recovered,True,True,recovered,90.717801575,23.38230960536748,251,False,True,True,True,False,2,False,2,True,3,True,3,True,8
1033,R_to_P,unknown,True,True,not_recovered,115.215429504,18.499702805653214,114,False,False,False,False,False,1,False,1,False,7,False,7,False,18,recovered,True,True,not_recovered,233.331284444,39.028357869014144,179,False,False,False,False,False,1,False,1,False,7,False,7,False,19
1034,R_to_P,recovered,True,True,not_recovered,50.251271294,11.725044182967395,165,False,False,False,False,False,1,False,2,False,3,False,3,True,16,recovered,True,True,not_recovered,226.090043507,64.01928395731375,365,False,False,False,False,False,1,False,2,False,3,False,3,True,16
1035,R_to_P,recovered,True,True,recovered,9.200066307000002,2.1039160676300526,40,False,True,True,True,True,2,True,3,True,10,True,11,True,21,recovered,True,True,recovered,35.336581335000005,10.403006351785734,128,False,True,True,True,True,2,True,3,True,10,True,12,True,24
1036,R_to_P,recovered,True,True,recovered,71.32555212499999,10.799012036761269,91,False,True,True,True,True,2,True,2,True,6,True,8,True,29,recovered,True,True,recovered,158.004818187,25.821124903857708,245,False,True,True,True,True,2,True,2,True,6,True,8,True,40
1037,P_to_R,recovered,True,True,recovered,30.357710862000005,8.484196295961738,159,True,True,True,True,True,1,True,1,True,3,True,3,True,11,recovered,True,True,recovered,48.272508797,13.486743282759562,266,True,True,True,True,True,1,True,1,True,3,True,3,True,13
1038,P_to_R,recovered,True,True,recovered,12.326611919000001,3.283535037189722,120,True,True,True,True,True,1,True,1,True,2,True,3,True,7,recovered,True,True,recovered,29.836358969,6.56985975895077,464,True,True,True,True,True,1,True,1,True,2,True,4,True,20
1039,P_to_R,recovered,True,True,recovered,32.362669063,8.7006707591936,43,True,True,True,True,True,1,True,1,True,2,True,5,True,12,recovered,True,True,recovered,211.850994324,51.74694584496319,302,True,True,True,True,True,1,True,1,True,2,True,5,True,13
1040,R_to_P,recovered,True,True,recovered,7.859693972,1.8973626075312495,39,True,True,True,True,True,1,True,1,True,1,True,1,True,1,recovered,True,True,recovered,12.188295728,2.6173859033733606,47,True,True,True,True,True,1,True,1,True,1,True,1,True,5
1041,P_to_R,recovered,True,True,recovered,7.719663358000001,1.4081646762788296,15,True,True,True,True,True,1,True,1,True,2,True,5,True,7,recovered,True,True,recovered,21.328208274,4.57030048687011,40,True,True,True,True,True,1,True,1,True,2,True,5,True,8
1042,P_to_R,recovered,True,True,recovered,26.817550293,4.948131771758199,44,True,True,True,True,True,1,True,1,True,1,True,7,True,24,recovered,True,True,recovered,126.459431642,27.70088763255626,218,True,True,True,True,True,1,True,1,True,1,True,7,True,27
1043,R_to_P,recovered,True,True,recovered,1.9167583890000002,0.4107875432819128,11,True,True,True,True,True,1,True,1,True,2,True,2,True,3,recovered,True,True,recovered,4.055927556,0.7865138668566942,29,True,True,True,True,True,1,True,1,True,2,True,2,True,5
1044,P_to_R,recovered,True,True,recovered,41.46647916100001,9.849762680241838,18,True,True,True,True,True,1,True,1,True,1,True,5,True,10,recovered,True,True,recovered,187.05255132200006,38.02324304007925,713,True,True,True,True,True,1,True,1,True,1,True,5,True,12
1045,P_to_R,recovered,True,True,recovered,23.345754816000007,4.946391012985259,13,False,True,True,True,False,1,True,2,True,2,True,4,True,7,recovered,True,True,recovered,62.82201981000001,11.99642444588244,94,False,True,True,True,False,1,True,2,True,2,True,4,True,8
1046,P_to_R,recovered,True,True,recovered,11.122035262999997,2.9088424863293767,21,True,True,True,True,True,1,True,1,True,1,True,1,True,1,recovered,True,True,recovered,18.552220337999998,4.551118357805535,31,True,True,True,True,True,1,True,1,True,1,True,1,True,1
1047,P_to_R,recovered,True,True,recovered,5.523012009,1.463367030955851,59,True,True,True,True,True,1,True,1,True,1,True,1,True,3,recovered,True,True,recovered,8.347131762,2.0196400033310056,60,True,True,True,True,True,1,True,1,True,1,True,1,True,3
1048,P_to_R,recovered,True,True,recovered,100.181700796,33.486317719332874,90,True,True,True,True,True,1,True,1,True,1,True,1,True,1,recovered,True,True,recovered,106.13205219700001,35.15587315801531,94,True,True,True,True,True,1,True,1,True,1,True,1,True,1
1049,P_to_R,recovered,True,True,recovered,105.26313216000001,31.499479519203305,69,True,True,True,True,True,1,True,1,True,1,True,1,True,2,recovered,True,True,recovered,121.67039821400002,33.68544436711818,75,True,True,True,True,True,1,True,1,True,1,True,1,True,2
1050,P_to_R,recovered,True,True,recovered,122.74189920399999,39.24278330337256,152,True,True,True,True,True,1,True,1,True,4,True,4,True,6,recovered,True,True,recovered,146.013198978,44.1162693714723,186,True,True,True,True,True,1,True,1,True,4,True,4,True,10
1051,P_to_R,recovered,True,True,recovered,5.733966105000002,1.352623537182808,6,True,True,True,True,True,1,True,1,True,1,True,2,True,4,recovered,True,True,recovered,15.845829243000003,3.78724208753556,17,True,True,True,True,True,1,True,1,True,1,True,2,True,6
1052,P_to_R,recovered,True,True,recovered,57.96092025,16.6649696463719,122,True,True,True,True,True,1,True,1,True,2,True,2,True,2,recovered,True,True,recovered,67.81803357300001,18.796254360117018,147,True,True,True,True,True,1,True,1,True,2,True,2,True,3
1053,P_to_R,recovered,True,True,recovered,5.374843812999998,1.4382760636508465,32,True,True,True,True,True,1,True,1,True,1,True,1,True,1,recovered,True,True,recovered,9.819482785999998,2.535106759518385,49,True,True,True,True,True,1,True,1,True,1,True,1,True,2
1054,P_to_R,recovered,True,True,recovered,1.9130549860000003,0.43414152320474386,14,True,True,True,True,True,1,True,1,True,2,True,2,True,4,recovered,True,True,recovered,3.269891739000001,0.7872478719800711,16,True,True,True,True,True,1,True,1,True,2,True,2,True,4
1055,P_to_R,recovered,True,True,recovered,5.882618880999999,1.483009835705161,22,True,True,True,True,True,1,True,1,True,2,True,2,True,4,recovered,True,True,recovered,16.022252959999996,4.215842402540147,126,True,True,True,True,True,1,True,1,True,2,True,2,True,7
1056,P_to_R,recovered,True,True,recovered,50.085075231999994,8.119503990747035,24,True,True,True,True,True,1,True,1,True,3,True,3,True,8,recovered,True,True,recovered,118.13226244799999,19.341698257252574,88,True,True,True,True,True,1,True,1,True,3,True,3,True,10
1057,P_to_R,recovered,True,True,recovered,3.015470047000001,0.8863021396100521,14,True,True,True,True,True,1,True,1,True,4,True,4,True,4,recovered,True,True,recovered,5.433501346000002,1.3637011665850878,39,True,True,True,True,True,1,True,1,True,4,True,4,True,7
1058,P_to_R,recovered,True,True,recovered,5.475429226999999,1.0547823635861278,7,True,True,True,True,True,1,True,1,True,1,True,3,True,7,recovered,True,True,recovered,32.080947651,6.591430137865245,162,True,True,True,True,True,1,True,1,True,1,True,3,True,9
1059,P_to_R,recovered,True,True,recovered,3.903983375000001,0.7429319899529219,7,True,True,True,True,True,1,True,1,True,2,True,2,True,5,recovered,True,True,recovered,9.393416856,2.09249394480139,20,True,True,True,True,True,1,True,1,True,2,True,2,True,6
1060,P_to_R,recovered,True,True,recovered,28.213674839,11.340432167053223,31,True,True,True,True,True,1,True,1,True,2,True,2,True,4,recovered,True,True,recovered,40.03500239500001,14.039206193760037,45,True,True,True,True,True,1,True,1,True,2,True,2,True,6
1061,P_to_R,recovered,True,True,recovered,51.622027057,15.591820855624974,464,True,True,True,True,True,1,True,1,True,4,True,4,True,9,recovered,True,True,recovered,61.230485685,18.46419146284461,547,True,True,True,True,True,1,True,1,True,4,True,4,True,12
1062,P_to_R,recovered,True,True,recovered,274.47520446,91.6131582222879,140,True,True,True,True,True,1,True,1,True,2,True,2,True,3,recovered,True,True,recovered,286.539671637,94.42016903776675,177,True,True,True,True,True,1,True,1,True,2,True,2,True,8
1063,P_to_R,recovered,True,True,recovered,59.81333341,19.60626634489745,63,True,True,True,True,True,1,True,1,True,4,True,4,True,6,recovered,True,True,recovered,85.72813207000002,26.47671888489276,182,True,True,True,True,True,1,True,1,True,4,True,4,True,10
1064,P_to_R,recovered,True,True,recovered,31.395456335999995,8.841012803837657,92,True,True,True,True,True,1,True,1,True,3,True,3,True,5,recovered,True,True,recovered,64.368234632,16.897101397626102,237,True,True,True,True,True,1,True,1,True,3,True,3,True,5
1065,P_to_R,recovered,True,True,recovered,21.662148077999998,6.534610810689628,27,True,True,True,True,True,1,True,1,True,3,True,3,True,4,recovered,True,True,recovered,33.614099216,9.079333817586303,56,True,True,True,True,True,1,True,1,True,3,True,3,True,5
1066,P_to_R,recovered,True,True,recovered,104.490426939,32.99387334380299,210,True,True,True,True,True,1,True,1,True,4,True,4,True,8,recovered,True,True,recovered,132.37315782500002,38.77148359268904,273,True,True,True,True,True,1,True,1,True,4,True,4,True,13
1067,P_to_R,recovered,True,True,recovered,7.473403107999999,2.0653556380420923,32,True,True,True,True,True,1,True,1,True,3,True,3,True,4,recovered,True,True,recovered,20.535915229,5.3325136518105865,73,True,True,True,True,True,1,True,1,True,3,True,3,True,6
1068,P_to_R,recovered,True,True,recovered,7.616812861999999,1.8939962340518832,85,True,True,True,True,True,1,True,1,True,1,True,1,True,3,recovered,True,True,recovered,11.046732454999997,2.557630737312138,104,True,True,True,True,True,1,True,1,True,1,True,1,True,6
1069,R_to_P,recovered,True,True,recovered,1.9018292230000002,0.3399244574829936,2,True,True,True,True,True,1,True,1,True,1,True,1,True,1,recovered,True,True,recovered,4.179142306999999,0.8029221370816231,9,True,True,True,True,True,1,True,1,True,1,True,1,True,1
1070,P_to_R,recovered,True,True,recovered,8.808322166,2.8772476091980934,83,True,True,True,True,True,1,True,1,True,1,True,1,True,2,recovered,True,True,recovered,11.920550509,3.4486623564735055,89,True,True,True,True,True,1,True,1,True,1,True,1,True,5
1071,P_to_R,recovered,True,True,recovered,8.625758730999998,1.9244088614359498,55,False,True,True,True,False,1,False,1,True,4,True,8,True,12,recovered,True,True,recovered,42.904544716,9.85597229655832,821,False,True,True,True,False,1,False,1,True,4,True,8,True,14
1072,P_to_R,recovered,True,True,recovered,7.449245444,1.285103339701891,45,False,True,True,True,True,2,True,2,True,2,True,6,True,14,recovered,True,True,recovered,33.27044997,6.531378898303956,315,False,True,True,True,True,2,True,2,True,3,True,7,True,18
1073,P_to_R,recovered,True,True,recovered,6.722978647000001,1.7298745224252343,14,True,True,True,True,True,1,True,1,True,2,True,3,True,4,recovered,True,True,recovered,13.133943649,2.9963568737730384,31,True,True,True,True,True,1,True,1,True,2,True,3,True,5
1074,P_to_R,recovered,True,True,recovered,2.4790080929999996,0.4618298513814807,3,True,True,True,True,True,1,True,1,True,2,True,3,True,3,recovered,True,True,recovered,4.854007941,0.904331118799746,8,True,True,True,True,True,1,True,1,True,2,True,3,True,3
1075,P_to_R,recovered,True,True,recovered,2.121672145000001,0.6066046208143234,6,True,True,True,True,True,1,True,1,True,3,True,4,True,5,recovered,True,True,recovered,4.592169689,1.0692220078781247,30,True,True,True,True,True,1,True,1,True,3,True,4,True,9
1076,R_to_P,recovered,True,True,recovered,3.5462662429999994,0.6384228151291609,1,True,True,True,True,True,1,True,1,True,1,True,1,True,1,recovered,True,True,recovered,58.27050083799999,14.499333553947508,98,True,True,True,True,True,1,True,1,True,1,True,1,True,1
1077,P_to_R,recovered,True,True,recovered,7.805325832999999,2.170461437664926,18,True,True,True,True,True,1,True,1,True,1,True,1,True,3,recovered,True,True,recovered,17.163110184,4.525659637525678,56,True,True,True,True,True,1,True,1,True,1,True,1,True,4
1078,P_to_R,recovered,True,True,recovered,79.03726107899999,28.244062955491245,179,True,True,True,True,True,1,True,1,True,2,True,4,True,5,recovered,True,True,recovered,112.219754365,35.15765574015677,474,True,True,True,True,True,1,True,1,True,2,True,4,True,7
1079,P_to_R,recovered,True,True,recovered,2.5442922180000007,0.617524060420692,11,True,True,True,True,True,1,True,1,True,1,True,2,True,5,recovered,True,True,recovered,8.763968428,2.31234529055655,113,True,True,True,True,True,1,True,1,True,1,True,3,True,8
1080,P_to_R,recovered,True,True,recovered,28.627517255999997,9.60853169951588,79,True,True,True,True,True,1,True,2,True,3,True,9,True,15,recovered,True,True,recovered,127.74369924899999,28.61711497977376,389,True,True,True,True,True,2,True,3,True,4,True,13,True,22
1081,P_to_R,recovered,True,True,recovered,1.965794083,0.49219037126749754,1,True,True,True,True,True,1,True,1,True,1,True,1,True,1,recovered,True,True,recovered,5.029740511,1.130909920670092,12,True,True,True,True,True,1,True,1,True,1,True,1,True,1
1082,P_to_R,recovered,True,True,recovered,27.673975150999997,8.314005387946963,43,True,True,True,True,True,1,True,1,True,1,True,1,True,3,recovered,True,True,recovered,43.684327749999994,12.066193825565279,72,True,True,True,True,True,1,True,1,True,1,True,1,True,8
1083,P_to_R,recovered,True,True,recovered,49.910136905,12.423512210138142,59,True,True,True,True,True,1,True,1,True,5,True,12,True,17,recovered,True,True,recovered,112.345100366,22.484596277587116,621,True,True,True,True,True,1,True,1,True,5,True,12,True,24
1084,P_to_R,recovered,True,True,recovered,1.5325803940000002,0.4184248298406601,6,True,True,True,True,True,1,True,1,True,1,True,1,True,1,recovered,True,True,recovered,3.5776252370000012,0.9034094521775842,15,True,True,True,True,True,1,True,1,True,1,True,1,True,3
1085,P_to_R,recovered,True,True,recovered,3.954226837,1.2719539795070887,3,True,True,True,True,True,1,True,1,True,2,True,2,True,3,recovered,True,True,recovered,14.718287722,3.8562644105404615,38,True,True,True,True,True,1,True,1,True,2,True,2,True,4
1086,P_to_R,recovered,True,True,recovered,3.597387785000001,0.6565028866752982,3,True,True,True,True,True,1,True,1,True,2,True,3,True,3,recovered,True,True,recovered,7.731168960000001,1.7966763228178024,13,True,True,True,True,True,1,True,1,True,2,True,3,True,5
1087,P_to_R,recovered,True,True,recovered,2.661659955,0.5201738448813558,4,False,True,True,True,True,2,True,2,True,4,True,4,True,4,recovered,True,True,recovered,5.613177902,1.2371385348960757,4,False,True,True,True,True,2,True,2,True,4,True,4,True,4
1088,P_to_R,recovered,True,True,recovered,3.3892617689999995,1.0723149459809065,55,True,True,True,True,True,1,True,1,True,3,True,5,True,7,recovered,True,True,recovered,5.852245046,1.8691846318542957,89,True,True,True,True,True,1,True,1,True,3,True,5,True,10
1089,P_to_R,recovered,True,True,recovered,17.527891631000003,5.870892412029207,74,True,True,True,True,True,1,True,1,True,2,True,6,True,14,recovered,True,True,recovered,143.822445126,29.46468384563923,2080,True,True,True,True,True,1,True,1,True,2,True,6,True,14
1090,R_to_P,recovered,True,True,recovered,10.544878961000002,1.577393370680511,8,True,True,True,True,True,1,True,1,True,2,True,2,True,5,recovered,True,True,recovered,92.001803915,20.41750781890005,308,True,True,True,True,True,1,True,1,True,2,True,3,True,7
1091,P_to_R,recovered,True,True,recovered,2.731678916,1.1281069470569491,14,True,True,True,True,True,1,True,1,True,2,True,2,True,6,recovered,True,True,recovered,4.894312459,1.5556774726137519,29,True,True,True,True,True,1,True,1,True,2,True,2,True,7
1092,P_to_R,recovered,True,True,recovered,74.212683667,22.60232630185783,86,True,True,True,True,True,1,True,1,True,2,True,2,True,4,recovered,True,True,recovered,91.92230795500001,25.953751089284196,134,True,True,True,True,True,1,True,1,True,2,True,2,True,7
1093,P_to_R,recovered,True,True,recovered,5.5921000450000005,1.5307451942935586,46,True,True,True,True,True,1,True,2,True,3,True,7,True,15,recovered,True,True,recovered,78.05677428399999,18.20053517166525,772,True,True,True,True,True,1,True,2,True,3,True,7,True,22
1094,P_to_R,recovered,True,True,recovered,47.095826112,15.538450023159385,26,True,True,True,True,True,1,True,1,True,3,True,3,True,5,recovered,True,True,recovered,58.964244916,17.595243960618973,39,True,True,True,True,True,1,True,1,True,3,True,3,True,5
1095,P_to_R,recovered,True,True,recovered,54.051914674,15.609538254793733,64,True,True,True,True,True,1,True,1,True,2,True,2,True,2,recovered,True,True,recovered,70.53022374300001,20.594212661497295,80,True,True,True,True,True,1,True,1,True,2,True,2,True,2
1096,P_to_R,recovered,True,True,recovered,152.24326269800002,40.13618265744299,94,True,True,True,True,True,1,True,1,True,2,True,2,True,2,recovered,True,True,recovered,190.69273382000003,48.27407068386674,108,True,True,True,True,True,1,True,1,True,2,True,2,True,4
1097,P_to_R,recovered,True,True,recovered,5.587595375,0.9555966276675463,9,True,True,True,True,True,1,True,1,True,1,True,2,True,5,recovered,True,True,recovered,18.803328438,3.307657765224576,22,True,True,True,True,True,1,True,1,True,1,True,2,True,6
1098,P_to_R,recovered,True,True,recovered,92.599495576,28.134458378888667,176,True,True,True,True,True,1,True,1,True,3,True,3,True,4,recovered,True,True,recovered,126.769285916,38.527180664241314,246,True,True,True,True,True,1,True,1,True,3,True,3,True,13
1099,P_to_R,recovered,True,True,recovered,70.03055753199999,19.02991995587945,89,True,True,True,True,True,1,True,1,True,2,True,2,True,5,recovered,True,True,recovered,102.350755186,28.56746521499008,138,True,True,True,True,True,1,True,1,True,2,True,2,True,8
1100,P_to_R,recovered,True,True,recovered,103.206440023,30.975119122304022,163,True,True,True,True,True,1,True,2,True,3,True,12,True,15,recovered,True,True,recovered,269.179589021,69.79661281500012,469,True,True,True,True,True,1,True,2,True,3,True,13,True,19
1101,P_to_R,recovered,True,True,recovered,12.855489408,2.902281646616757,40,True,True,True,True,True,1,True,1,True,3,True,3,True,4,recovered,True,True,recovered,20.221982587,4.388126395642757,50,True,True,True,True,True,1,True,1,True,3,True,3,True,5
1102,P_to_R,recovered,True,True,recovered,5.870065809,1.4253760715946555,18,True,True,True,True,True,1,True,1,True,3,True,3,True,6,recovered,True,True,recovered,12.514069763,2.8741317810490727,42,True,True,True,True,True,1,True,1,True,3,True,3,True,8
1103,P_to_R,recovered,True,True,recovered,3.590434148,0.7750107869505882,3,True,True,True,True,True,1,True,1,True,2,True,3,True,3,recovered,True,True,recovered,6.969520867999999,1.3463866217061877,3,True,True,True,True,True,1,True,1,True,2,True,3,True,3
1104,P_to_R,recovered,True,True,recovered,4.682714396999999,1.5411011793185025,24,True,True,True,True,True,1,True,1,True,1,True,1,True,2,recovered,True,True,recovered,8.226926812,2.588983804685995,36,True,True,True,True,True,1,True,1,True,1,True,1,True,3
1105,P_to_R,recovered,True,True,recovered,6.288973147999998,2.0704021118581295,11,True,True,True,True,True,1,True,1,True,1,True,1,True,3,recovered,True,True,recovered,12.415630688999999,4.629621219821274,33,True,True,True,True,True,1,True,1,True,1,True,1,True,4
1106,P_to_R,recovered,True,True,recovered,17.346469425,5.634241064079106,157,True,True,True,True,True,1,True,1,True,3,True,3,True,8,recovered,True,True,recovered,26.928772958,7.986694924533367,380,True,True,True,True,True,1,True,1,True,5,True,5,True,20
1107,P_to_R,recovered,True,True,recovered,8.284038353999998,2.3238461585715413,23,True,True,True,True,True,1,True,1,True,2,True,2,True,2,recovered,True,True,recovered,12.465668914999998,3.49024501349777,33,True,True,True,True,True,1,True,1,True,2,True,2,True,3
1108,P_to_R,recovered,True,True,recovered,1.5749591219999999,0.2752265837043524,6,True,True,True,True,True,1,True,1,True,3,True,3,True,4,recovered,True,True,recovered,3.3536642370000003,0.6194369969889522,6,True,True,True,True,True,1,True,1,True,3,True,3,True,4
1109,P_to_R,recovered,True,True,recovered,4.442579658,1.1652056286111474,33,True,True,True,True,True,1,True,2,True,3,True,4,True,4,recovered,True,True,recovered,10.461561253,2.7921636337414384,79,True,True,True,True,True,1,True,2,True,3,True,4,True,9
1110,P_to_R,recovered,True,True,recovered,95.56052940900003,38.306169083341956,106,True,True,True,True,True,1,True,1,True,4,True,4,True,4,recovered,True,True,recovered,177.20982357700004,60.84857806749642,340,True,True,True,True,True,1,True,1,True,4,True,4,True,4
1111,P_to_R,recovered,True,True,recovered,4.209272527,1.866462319623679,33,False,True,True,True,True,2,True,2,True,4,True,7,True,11,recovered,True,True,recovered,9.550027101000001,3.4409784297458827,102,False,True,True,True,True,2,True,2,True,4,True,9,True,20
1112,P_to_R,recovered,True,True,recovered,1.6296866460000001,0.3256236189045012,7,False,False,False,False,False,1,False,1,False,1,False,1,False,1,recovered,True,True,recovered,3.1443661329999997,0.602095166221261,8,False,True,True,True,False,1,True,2,True,2,True,2,True,2
1113,P_to_R,recovered,True,True,recovered,2.7851736469999993,1.0562409427948296,11,True,True,True,True,True,1,True,1,True,3,True,3,True,3,recovered,True,True,recovered,4.669223216999999,1.9383628675714135,11,True,True,True,True,True,1,True,1,True,3,True,3,True,3
1114,P_to_R,recovered,True,True,recovered,159.60294741299995,49.61105907615274,419,True,True,True,True,True,1,True,2,True,3,True,3,True,9,recovered,True,True,recovered,172.17526378199994,52.42602256638929,460,True,True,True,True,True,1,True,2,True,4,True,4,True,13
1115,P_to_R,recovered,True,True,recovered,7.078990824,2.984587699873373,26,True,True,True,True,True,1,True,1,True,3,True,3,True,8,recovered,True,True,recovered,24.923425304999995,7.9701217950787395,86,True,True,True,True,True,1,True,1,True,3,True,3,True,9
1116,P_to_R,recovered,True,True,recovered,2.781586526,1.0135326993186027,38,True,True,True,True,True,1,True,1,True,2,True,2,True,2,recovered,True,True,recovered,4.895620918,2.2648412003181875,38,True,True,True,True,True,1,True,1,True,2,True,2,True,2
1117,P_to_R,recovered,True,True,recovered,5.495958635999999,1.5637639285996556,2,True,True,True,True,True,1,True,1,True,2,True,2,True,2,recovered,True,True,recovered,10.607598450000001,2.289747091708705,2,True,True,True,True,True,1,True,1,True,2,True,2,True,2
1118,P_to_R,recovered,True,True,recovered,19.388047706999995,5.526295242132619,87,False,False,False,False,False,1,False,1,False,4,False,4,False,7,recovered,True,True,recovered,34.60786171299999,9.626764019019902,211,False,True,True,True,False,1,True,2,True,5,True,5,True,14
1119,P_to_R,recovered,True,True,recovered,21.003513655000003,5.658395718084648,100,True,True,True,True,True,1,True,1,True,1,True,1,True,3,recovered,True,True,recovered,60.22069322,15.216036420781165,291,True,True,True,True,True,1,True,1,True,1,True,1,True,8
1120,P_to_R,recovered,True,True,recovered,47.431738677000006,17.8560494473204,249,True,True,True,True,True,1,True,1,True,6,True,16,True,34,recovered,True,True,recovered,70.804146772,22.788297943538055,739,True,True,True,True,True,1,True,1,True,6,True,16,True,36
1121,P_to_R,recovered,True,True,recovered,12.610113538999999,4.107237961143255,9,True,True,True,True,True,1,True,1,True,3,True,3,True,5,recovered,True,True,recovered,26.266780776999997,7.472986739128828,35,True,True,True,True,True,1,True,1,True,3,True,3,True,7
1122,P_to_R,recovered,True,True,recovered,4.314265706,1.984641619026661,78,True,True,True,True,True,1,True,1,True,1,True,1,True,5,recovered,True,True,recovered,6.989140495000001,3.491601102054119,103,True,True,True,True,True,1,True,1,True,1,True,1,True,8
1123,P_to_R,recovered,True,True,recovered,28.139538841000004,3.994155284948647,3,True,True,True,True,True,1,True,1,True,3,True,3,True,3,recovered,True,True,recovered,67.88533721500002,12.343872353434563,20,True,True,True,True,True,1,True,1,True,3,True,3,True,5
1124,P_to_R,recovered,True,True,recovered,13.354192194000001,3.9510885644704103,84,True,True,True,True,True,1,True,1,True,4,True,7,True,17,recovered,True,True,recovered,38.093412063,8.958033754490316,776,True,True,True,True,True,1,True,1,True,4,True,7,True,29
1125,P_to_R,recovered,True,True,recovered,4.113451404,0.7153801030945033,10,True,True,True,True,True,1,True,1,True,4,True,6,True,10,recovered,True,True,recovered,10.292470575,1.7765372293069959,88,True,True,True,True,True,1,True,1,True,5,True,11,True,32
1126,P_to_R,recovered,True,True,recovered,4.669847108,2.2855606079101562,5,True,True,True,True,True,1,True,1,True,2,True,3,True,5,recovered,True,True,recovered,8.120567094,2.9355897253844887,11,True,True,True,True,True,1,True,1,True,2,True,3,True,5
1127,P_to_R,recovered,True,True,recovered,268.443512819,101.94569406285882,242,True,True,True,True,True,1,True,1,True,4,True,4,True,16,recovered,True,True,recovered,285.639003285,106.22818232979625,406,True,True,True,True,True,1,True,1,True,4,True,4,True,21
1128,P_to_R,recovered,True,True,recovered,104.34899459700002,34.899282824248075,66,True,True,True,True,True,1,True,1,True,3,True,3,True,3,recovered,True,True,recovered,125.46626546600001,41.11292679235339,121,True,True,True,True,True,1,True,1,True,3,True,3,True,5
1129,P_to_R,recovered,True,True,recovered,96.98947808899999,35.66452128067613,87,False,True,True,True,False,1,True,2,True,2,True,2,True,4,recovered,True,True,recovered,115.57119842299998,40.1552042607218,157,False,True,True,True,False,1,True,2,True,2,True,2,True,5
1130,P_to_R,recovered,True,True,recovered,45.880565022,15.98636213503778,84,True,True,True,True,True,1,True,1,True,4,True,4,True,6,recovered,True,True,recovered,60.92209561,19.230337543413043,133,True,True,True,True,True,1,True,1,True,4,True,4,True,8
1131,P_to_R,recovered,True,True,recovered,160.02089064999998,45.39518837630749,200,True,True,True,True,True,1,True,1,True,2,True,2,True,5,recovered,True,True,recovered,192.903736325,52.726352465339005,274,True,True,True,True,True,1,True,1,True,2,True,2,True,6
1132,P_to_R,recovered,True,True,recovered,4.4738531660000005,1.2805939437821507,58,True,True,True,True,True,1,True,1,True,3,True,4,True,8,recovered,True,True,recovered,6.590793486000001,1.697524230927229,73,True,True,True,True,True,1,True,1,True,3,True,4,True,11
1133,P_to_R,recovered,True,True,recovered,8.596403987000002,1.3846589643508196,8,True,True,True,True,True,1,True,1,True,1,True,1,True,6,recovered,True,True,recovered,17.521041988000004,2.781480143778026,8,True,True,True,True,True,1,True,1,True,1,True,1,True,6
1134,P_to_R,recovered,True,True,recovered,35.79527046700001,11.300989329814911,242,True,True,True,True,True,1,True,1,True,3,True,3,True,10,recovered,True,True,recovered,83.735359129,23.62288642115891,655,True,True,True,True,True,1,True,1,True,3,True,4,True,20
1135,P_to_R,recovered,True,True,recovered,14.045786840000002,4.307573998346925,51,True,True,True,True,True,1,True,1,True,3,True,3,True,3,recovered,True,True,recovered,19.147912388000005,5.273880705237389,70,True,True,True,True,True,1,True,1,True,3,True,3,True,5
1136,P_to_R,recovered,True,True,recovered,4.177819777999999,1.028484819456935,72,True,True,True,True,True,1,True,1,True,2,True,2,True,2,recovered,True,True,recovered,9.524656824,2.2221751771867275,185,True,True,True,True,True,1,True,1,True,2,True,2,True,5
1137,P_to_R,recovered,True,True,recovered,21.870173028999996,6.256722474005073,432,True,True,True,True,True,1,True,2,True,11,True,20,True,122,recovered,True,True,recovered,33.548818147,9.173556190449744,501,True,True,True,True,True,1,True,2,True,11,True,20,True,122
1138,P_to_R,recovered,True,True,recovered,11.975953956,3.180375501513481,40,True,True,True,True,True,1,True,1,True,1,True,1,True,1,recovered,True,True,recovered,17.623654759,4.1836992795579135,64,True,True,True,True,True,1,True,1,True,1,True,1,True,4
1139,P_to_R,recovered,True,True,recovered,14.275511508999998,3.807022597640753,38,True,True,True,True,True,1,True,1,True,3,True,3,True,3,recovered,True,True,recovered,24.305735324999997,6.260235347086564,81,True,True,True,True,True,1,True,1,True,3,True,3,True,5
1140,P_to_R,recovered,True,True,recovered,5.021910104000001,1.4077934990637004,14,True,True,True,True,True,1,True,1,True,1,True,2,True,5,recovered,True,True,recovered,13.722488770000002,3.4103210978209972,63,True,True,True,True,True,1,True,1,True,1,True,2,True,9
1141,P_to_R,recovered,True,True,recovered,4.162458915,0.9338294477201998,24,True,True,True,True,True,1,True,1,True,2,True,2,True,3,recovered,True,True,recovered,8.391254257,2.151248235721141,110,True,True,True,True,True,1,True,1,True,2,True,2,True,4
1142,P_to_R,recovered,True,True,recovered,3.0464161799999996,0.8469288791529834,22,True,True,True,True,True,1,True,1,True,2,True,2,True,3,recovered,True,True,recovered,5.660260321999999,5.123535244259983,34,True,True,True,True,True,1,True,1,True,2,True,2,True,3
1143,P_to_R,recovered,True,True,recovered,43.80334049499999,12.769789837300777,239,True,True,True,True,True,1,True,1,True,3,True,4,True,7,recovered,True,True,recovered,108.94963511699999,27.05477929674089,1188,True,True,True,True,True,1,True,1,True,6,True,9,True,25
1144,P_to_R,recovered,True,True,recovered,2.200549575,0.39006252074614167,14,True,True,True,True,True,1,True,1,True,1,True,1,True,2,recovered,True,True,recovered,4.955310839,1.1933057392016053,24,True,True,True,True,True,1,True,1,True,1,True,1,True,2
1145,P_to_R,recovered,True,True,recovered,5.254238001999999,1.2529306742362678,11,True,True,True,True,True,1,True,1,True,1,True,1,True,2,recovered,True,True,recovered,11.628371817000001,3.0421254141256213,16,True,True,True,True,True,1,True,1,True,1,True,1,True,2
1146,P_to_R,recovered,True,True,recovered,78.81589300399999,19.464787976816297,104,True,True,True,True,True,1,True,1,True,2,True,2,True,5,recovered,True,True,recovered,92.99468645099999,21.748271777760237,113,True,True,True,True,True,1,True,1,True,2,True,2,True,6
1147,P_to_R,recovered,True,True,recovered,2.635259262,0.5832833088934422,15,True,True,True,True,True,1,True,1,True,3,True,4,True,6,recovered,True,True,recovered,8.538164094,1.8555443263612688,57,True,True,True,True,True,1,True,1,True,3,True,4,True,8
1148,P_to_R,recovered,True,True,recovered,39.136394317,8.476765929954126,651,True,True,True,True,True,1,True,1,True,5,True,14,True,81,recovered,True,True,recovered,62.100457426,13.623279754538089,734,True,True,True,True,True,1,True,1,True,5,True,14,True,96
1149,P_to_R,recovered,True,True,recovered,24.807762155000002,7.7280798519495875,86,True,True,True,True,True,1,True,1,True,2,True,2,True,4,recovered,True,True,recovered,31.696106405000005,9.332813579123467,113,True,True,True,True,True,1,True,1,True,2,True,2,True,4
1150,P_to_R,recovered,True,True,recovered,408.367492126,130.958897233475,287,True,True,True,True,True,1,True,1,True,2,True,2,True,6,recovered,True,True,recovered,493.93771225600005,152.32614306244068,377,True,True,True,True,True,1,True,1,True,2,True,2,True,11
1151,P_to_R,recovered,True,True,recovered,13.162643488999999,3.059754859888926,55,True,True,True,True,True,1,True,1,True,1,True,1,True,1,recovered,True,True,recovered,15.437011705,3.471738444175571,64,True,True,True,True,True,1,True,1,True,1,True,1,True,1
1152,P_to_R,recovered,True,True,recovered,8.383279747,2.1521314058918506,37,True,True,True,True,True,1,True,1,True,2,True,2,True,4,recovered,True,True,recovered,13.472654434999999,3.5594075224362314,51,True,True,True,True,True,1,True,1,True,2,True,2,True,5
1153,P_to_R,recovered,True,True,recovered,3.317238052,0.6224957143422216,5,True,True,True,True,True,1,True,1,True,1,True,1,True,1,recovered,True,True,recovered,6.799466558,1.2697036867029965,9,True,True,True,True,True,1,True,1,True,2,True,2,True,2
1154,P_to_R,recovered,True,True,recovered,26.601306373,6.940197048010305,56,True,True,True,True,True,1,True,1,True,3,True,3,True,4,recovered,True,True,recovered,38.952168313,8.975644652266055,71,True,True,True,True,True,1,True,1,True,3,True,3,True,5
1155,P_to_R,recovered,True,True,recovered,83.620078787,22.675954999402165,401,True,True,True,True,True,1,True,1,True,3,True,3,True,3,recovered,True,True,recovered,90.259636149,23.83774639084004,417,True,True,True,True,True,1,True,1,True,3,True,3,True,6
1156,P_to_R,recovered,True,True,recovered,41.816059272000004,10.46878854976967,92,True,True,True,True,True,1,True,1,True,2,True,2,True,2,recovered,True,True,recovered,48.419933730000004,11.630041575990617,106,True,True,True,True,True,1,True,1,True,2,True,2,True,2
1157,P_to_R,recovered,True,True,recovered,3.812351049,0.7394466048572212,36,True,True,True,True,True,1,True,1,True,1,True,1,True,2,recovered,True,True,recovered,6.685179968999999,1.301431836327538,36,True,True,True,True,True,1,True,1,True,1,True,1,True,2
1158,P_to_R,recovered,True,True,recovered,116.68895864199999,29.879651798401028,263,True,True,True,True,True,1,True,1,True,6,True,6,True,13,recovered,True,True,recovered,182.305578916,43.724611326586455,396,True,True,True,True,True,1,True,1,True,6,True,6,True,22
1159,P_to_R,recovered,True,True,recovered,4.2172459060000005,1.1178192468360066,20,True,True,True,True,True,1,True,1,True,3,True,3,True,5,recovered,True,True,recovered,16.529614414,4.546917974948883,86,True,True,True,True,True,1,True,1,True,3,True,3,True,8
1160,P_to_R,recovered,True,True,recovered,1.8901424419999997,0.34493477270007133,11,True,True,True,True,True,1,True,1,True,2,True,2,True,5,recovered,True,True,recovered,4.170944522999999,0.7423646580427885,23,True,True,True,True,True,1,True,1,True,2,True,2,True,7
1161,R_to_P,recovered,True,True,recovered,2.4682391040000002,0.6006821049377322,33,True,True,True,True,True,1,True,1,True,1,True,2,True,6,recovered,True,True,recovered,4.862748475999999,1.0487973226699978,39,True,True,True,True,True,1,True,1,True,1,True,2,True,7
1162,R_to_P,recovered,True,True,recovered,2.0506950790000005,0.43494782503694296,5,True,True,True,True,True,1,True,1,True,3,True,3,True,4,recovered,True,True,recovered,4.824163553,1.0137581462040544,64,True,True,True,True,True,1,True,1,True,4,True,4,True,9
1163,P_to_R,recovered,True,True,recovered,21.639980908000002,7.402647017501295,36,True,True,True,True,True,1,True,1,True,4,True,4,True,6,recovered,True,True,recovered,26.183369991,8.097995617426932,36,True,True,True,True,True,1,True,1,True,4,True,4,True,6
1164,P_to_R,recovered,True,True,recovered,7.612731106999999,3.280467879958451,27,True,True,True,True,True,1,True,1,True,2,True,2,True,3,recovered,True,True,recovered,11.988638247,4.02991821244359,34,True,True,True,True,True,1,True,1,True,2,True,2,True,4
1165,P_to_R,recovered,True,True,recovered,11.510318777999998,3.7487993640825152,74,True,True,True,True,True,1,True,1,True,4,True,4,True,20,recovered,True,True,recovered,18.982386095999995,7.020760891959071,194,True,True,True,True,True,1,True,1,True,4,True,4,True,24
1166,R_to_P,recovered,True,True,recovered,1.9391765009999997,0.3985355645418167,1,True,True,True,True,True,1,True,1,True,1,True,1,True,1,recovered,True,True,recovered,3.895026563,0.760707002133131,1,True,True,True,True,True,1,True,1,True,1,True,1,True,1
1167,R_to_P,recovered,True,True,recovered,2.1010975619999996,0.3957069907337427,5,False,True,True,True,False,1,False,1,True,4,True,4,True,4,recovered,True,True,recovered,4.7449225639999995,0.9024084722623229,5,False,True,True,True,False,1,False,1,True,4,True,4,True,4
1168,P_to_R,recovered,True,True,recovered,10.749395233000001,3.516670764423907,8,True,True,True,True,True,1,True,1,True,3,True,3,True,3,recovered,True,True,recovered,22.195021944,5.682854442857206,31,True,True,True,True,True,1,True,1,True,3,True,3,True,4
1169,R_to_P,recovered,True,True,recovered,4.637003946,0.8341217553243041,11,True,True,True,True,True,1,True,1,True,3,True,3,True,7,recovered,True,True,recovered,12.638882882,4.01873067766428,64,True,True,True,True,True,1,True,1,True,3,True,3,True,15
1170,R_to_P,recovered,True,True,recovered,9.091090698000002,3.942797533236444,125,True,True,True,True,True,1,True,2,True,5,True,8,True,14,recovered,True,True,recovered,52.05206085699999,18.194868066348135,178,True,True,True,True,True,1,True,2,True,5,True,8,True,15
1171,P_to_R,recovered,True,True,recovered,46.63055638699999,16.156357544008642,92,True,True,True,True,True,1,True,1,True,2,True,2,True,6,recovered,True,True,recovered,60.294618510999996,20.070486726704985,138,True,True,True,True,True,1,True,1,True,2,True,2,True,10
1172,P_to_R,recovered,True,True,recovered,6.672008107,2.4546365099959075,51,False,True,True,True,False,1,False,1,True,2,True,2,True,6,recovered,True,True,recovered,89.49184410500001,20.46265823766589,5088,False,True,True,True,False,1,False,1,True,2,True,3,True,7
1173,R_to_P,recovered,True,True,recovered,3.0359009530000005,0.9313624072819948,8,True,True,True,True,True,1,True,1,True,2,True,2,True,5,recovered,True,True,recovered,7.609013964000001,2.471715143416077,26,True,True,True,True,True,1,True,1,True,2,True,2,True,6
1174,R_to_P,recovered,True,True,not_recovered,5.45300382,2.265196504071355,13,False,False,False,True,False,1,False,1,False,6,False,6,True,7,recovered,True,True,not_recovered,21.263935255000003,6.629521439317614,177,False,False,False,False,False,1,False,1,False,6,False,6,True,15
1175,R_to_P,recovered,True,True,recovered,7.044588587000001,2.8166311127133667,31,True,True,True,True,True,1,True,1,True,1,True,1,True,2,recovered,True,True,recovered,15.817408931000003,5.468533282633871,187,True,True,True,True,True,1,True,1,True,1,True,1,True,5
1176,P_to_R,recovered,True,True,recovered,3.5810423570000003,0.9144571367651224,27,True,True,True,True,True,1,True,1,True,2,True,2,True,3,recovered,True,True,recovered,6.342699138,1.4217609255574644,27,True,True,True,True,True,1,True,1,True,2,True,2,True,3
1177,R_to_P,recovered,True,True,recovered,5.060356498999999,1.2575958976522088,1,True,True,True,True,True,1,True,1,True,1,True,1,True,1,recovered,True,True,recovered,121.925913506,26.98962752451189,526,True,True,True,True,True,1,True,1,True,1,True,1,True,3
1178,R_to_P,recovered,True,True,recovered,1.4953420499999996,0.2664959435351193,3,True,True,True,True,True,1,True,1,True,1,True,1,True,2,recovered,True,True,recovered,3.6532113639999997,0.7129495094995946,8,True,True,True,True,True,1,True,1,True,1,True,1,True,3
1179,P_to_R,recovered,True,True,recovered,96.679485435,27.129386266926304,189,True,True,True,True,True,1,True,1,True,1,True,1,True,13,recovered,True,True,recovered,127.68338179099999,34.96597268851474,245,True,True,True,True,True,1,True,1,True,2,True,3,True,19
1180,R_to_P,recovered,True,True,recovered,17.552299026999997,2.543923972873017,7,True,True,True,True,True,1,True,1,True,2,True,2,True,4,recovered,True,True,recovered,31.980929836999994,4.502508755307645,12,True,True,True,True,True,1,True,1,True,2,True,2,True,6
1181,P_to_R,recovered,True,True,recovered,4.359585426000001,1.0889223443809897,192,True,True,True,True,True,1,True,1,True,3,True,3,True,3,recovered,True,True,recovered,7.708263329,2.110830354038626,230,True,True,True,True,True,1,True,1,True,5,True,5,True,7
1182,R_to_P,recovered,True,True,recovered,6.081155763,1.6079842750914395,31,True,True,True,True,True,1,True,1,True,2,True,2,True,3,recovered,True,True,recovered,13.311674337999998,3.468058872502297,55,True,True,True,True,True,1,True,1,True,3,True,3,True,5
1183,R_to_P,recovered,True,True,recovered,3.0382891350000003,0.7995588323101401,4,True,True,True,True,True,1,True,2,True,2,True,2,True,3,recovered,True,True,recovered,7.446395724999999,1.7524675740860403,10,True,True,True,True,True,1,True,2,True,2,True,2,True,6
1184,R_to_P,recovered,True,True,recovered,1.6354980880000003,0.2852425747551024,6,True,True,True,True,True,1,True,1,True,1,True,1,True,4,recovered,True,True,recovered,3.1421975900000003,1.4901583776809275,6,True,True,True,True,True,1,True,1,True,1,True,1,True,4
1185,P_to_R,recovered,True,True,recovered,3.4443830739999997,1.1573430397547781,14,True,True,True,True,True,1,True,1,True,2,True,2,True,2,recovered,True,True,recovered,6.947160121,3.9986855341121554,20,True,True,True,True,True,1,True,1,True,2,True,2,True,2
1186,R_to_P,recovered,True,True,recovered,19.942283081,4.7993213795125484,30,True,True,True,True,True,1,True,1,True,4,True,5,True,11,recovered,True,True,recovered,124.74411268700001,35.24901219084859,182,True,True,True,True,True,1,True,1,True,4,True,5,True,11
1187,P_to_R,recovered,True,True,recovered,44.551551074,15.768074799794704,272,True,True,True,True,True,1,True,1,True,4,True,4,True,5,recovered,True,True,recovered,49.255382014,17.003981109242886,328,True,True,True,True,True,1,True,1,True,4,True,4,True,7
1188,R_to_P,recovered,True,True,recovered,3.4964642670000003,1.1996858483180404,12,True,True,True,True,True,1,True,1,True,3,True,4,True,12,recovered,True,True,recovered,10.074081633999999,3.1906216216739267,63,True,True,True,True,True,1,True,1,True,3,True,4,True,17
1189,P_to_R,recovered,True,True,recovered,4.647066625,0.8227175914216787,20,True,True,True,True,True,1,True,1,True,1,True,1,True,9,recovered,True,True,recovered,10.963638769,2.8623950919136405,52,True,True,True,True,True,1,True,1,True,1,True,1,True,13
1190,P_to_R,recovered,True,True,recovered,15.976417559,5.342010351829231,38,True,True,True,True,True,1,True,1,True,3,True,3,True,5,recovered,True,True,recovered,21.604483843,6.976065578404814,49,True,True,True,True,True,1,True,1,True,3,True,3,True,5
1191,R_to_P,recovered,True,True,recovered,1.0329459560000003,0.24190993793308735,6,True,True,True,True,True,1,True,1,True,2,True,2,True,4,recovered,True,True,recovered,2.464699521,0.495574495755136,7,True,True,True,True,True,1,True,1,True,2,True,3,True,5
1192,R_to_P,recovered,True,True,recovered,5.853869822,1.316832447424531,23,True,True,True,True,True,1,True,1,True,3,True,3,True,10,recovered,True,True,recovered,21.652209274,4.500704266130924,56,True,True,True,True,True,1,True,1,True,3,True,3,True,12
1193,P_to_R,recovered,True,True,recovered,4.279065555000001,0.7365309419110417,1,True,True,True,True,True,1,True,1,True,1,True,1,True,1,recovered,True,True,recovered,8.952581012,1.699807334691286,4,True,True,True,True,True,1,True,1,True,1,True,1,True,4
1194,R_to_P,recovered,True,True,recovered,4.030092401999999,0.9124669888988137,53,True,True,True,True,True,1,True,1,True,5,True,5,True,10,recovered,True,True,recovered,10.592643250999998,3.395688214339316,129,True,True,True,True,True,1,True,1,True,5,True,5,True,10
1195,R_to_P,recovered,True,True,recovered,9.460768301,1.8295292172115296,16,False,True,True,True,False,1,False,1,True,2,True,2,True,4,recovered,True,True,recovered,18.854696549,3.533818572992459,62,False,True,True,True,False,1,False,1,True,2,True,2,True,6
1196,P_to_R,recovered,True,True,recovered,9.021607847000002,4.180791554739699,42,True,True,True,True,True,1,True,1,True,2,True,2,True,2,recovered,True,True,recovered,15.208034964000001,5.299125065095723,62,True,True,True,True,True,1,True,1,True,2,True,2,True,4
1197,R_to_P,recovered,True,True,recovered,3.123030830000001,1.2080680197104812,82,True,True,True,True,True,1,True,1,True,4,True,4,True,4,recovered,True,True,recovered,9.962295364000001,2.8119695992209017,132,True,True,True,True,True,1,True,1,True,4,True,4,True,6
1198,R_to_P,recovered,True,True,recovered,2.660492696,1.7955084659624845,25,True,True,True,True,True,1,True,1,True,1,True,1,True,9,recovered,True,True,recovered,6.289356862000002,3.1203717433381826,76,True,True,True,True,True,1,True,1,True,1,True,1,True,9
1199,R_to_P,recovered,True,True,recovered,5.098704817,2.040736505528912,53,True,True,True,True,True,1,True,1,True,2,True,2,True,5,recovered,True,True,recovered,18.923065267,5.924131949432194,200,True,True,True,True,True,1,True,1,True,2,True,2,True,7
1200,R_to_P,recovered,True,True,recovered,4.385739189000001,0.825553857954219,1,True,True,True,True,True,1,True,1,True,1,True,1,True,1,recovered,True,True,recovered,8.547497044000002,1.456710855010897,1,True,True,True,True,True,1,True,1,True,1,True,1,True,1
1201,P_to_R,recovered,True,True,recovered,10.18694714,3.57326036458835,32,True,True,True,True,True,1,True,1,True,1,True,1,True,3,recovered,True,True,recovered,14.281240368,4.425738794961944,42,True,True,True,True,True,1,True,1,True,1,True,1,True,8
1202,P_to_R,recovered,True,True,recovered,1.9519063900000004,0.44843369582667947,20,True,True,True,True,True,1,True,1,True,3,True,3,True,7,recovered,True,True,recovered,3.3560235710000006,0.7087675034999847,27,True,True,True,True,True,1,True,1,True,3,True,3,True,8
1203,R_to_P,recovered,True,True,recovered,3.2720312529999998,0.8058574995957315,9,True,True,True,True,True,1,True,2,True,2,True,2,True,2,recovered,True,True,recovered,20.635115411,4.295528974849731,628,True,True,True,True,True,1,True,2,True,2,True,2,True,12
1204,R_to_P,recovered,True,True,recovered,1.5352797990000002,0.27596119651570916,1,True,True,True,True,True,1,True,1,True,1,True,1,True,1,recovered,True,True,recovered,3.2408169430000004,0.7890101871453226,7,True,True,True,True,True,1,True,1,True,1,True,1,True,4
1205,P_to_R,recovered,True,True,recovered,1.6573387699999995,0.4175642221234739,20,True,True,True,True,True,1,True,2,True,5,True,8,True,15,recovered,True,True,recovered,3.7704770219999997,0.8722248799167573,35,True,True,True,True,True,1,True,2,True,5,True,9,True,17
1206,P_to_R,recovered,True,True,recovered,14.422397594999998,2.884262647945434,5,False,True,True,True,False,1,True,2,True,2,True,2,True,3,recovered,True,True,recovered,44.78337963399999,10.844074374530464,63,False,True,True,True,False,1,True,2,True,2,True,2,True,3
1207,R_to_P,recovered,True,True,recovered,1.8236693079999997,0.3812036099843681,3,True,True,True,True,True,1,True,1,True,2,True,2,True,2,recovered,True,True,recovered,3.8743774230000003,0.7807565429247916,11,True,True,True,True,True,1,True,1,True,2,True,2,True,2
1208,P_to_R,recovered,True,True,recovered,3.3243310509999997,2.058731546625495,7,True,True,True,True,True,1,True,1,True,1,True,4,True,6,recovered,True,True,recovered,31.863382375,10.749115069862455,99,True,True,True,True,True,1,True,1,True,1,True,4,True,7
1209,P_to_R,recovered,True,True,recovered,3.0085166830000007,0.7028674446046352,17,False,True,True,True,False,1,False,1,True,2,True,2,True,4,recovered,True,True,recovered,7.826364650000001,1.665636362042278,21,False,True,True,True,False,1,False,1,True,2,True,2,True,5
1210,P_to_R,recovered,True,True,recovered,21.069578524000004,4.799322994891554,76,True,True,True,True,True,1,True,1,True,1,True,1,True,4,recovered,True,True,recovered,32.293577080000006,6.792782487813383,88,True,True,True,True,True,1,True,1,True,1,True,1,True,8
1211,P_to_R,recovered,True,True,recovered,29.055702305,8.828129926463589,87,True,True,True,True,True,1,True,1,True,3,True,3,True,7,recovered,True,True,recovered,50.790298324999995,14.698369569610804,175,True,True,True,True,True,1,True,1,True,3,True,3,True,10
1212,R_to_P,recovered,True,True,recovered,19.332571051,5.007544916821644,113,True,True,True,True,True,1,True,1,True,1,True,1,True,3,recovered,True,True,recovered,27.350101485,7.807900104206055,182,True,True,True,True,True,1,True,1,True,1,True,1,True,5
1213,P_to_R,recovered,True,True,recovered,7.410537012000001,1.058106836862862,4,True,True,True,True,True,1,True,1,True,1,True,1,True,4,recovered,True,True,recovered,27.415076017999997,7.3843905702233315,30,True,True,True,True,True,1,True,1,True,1,True,1,True,7
1214,P_to_R,recovered,True,True,recovered,69.475670684,22.10711606219411,92,False,True,True,True,False,1,False,1,True,4,True,4,True,9,recovered,True,True,recovered,85.735759386,26.44721536990255,163,False,True,True,True,False,1,False,1,True,4,True,4,True,9
1215,P_to_R,recovered,True,True,recovered,19.833535372000004,6.635253929533064,132,False,True,True,True,False,1,False,1,True,2,True,2,True,5,recovered,True,True,recovered,24.733028098000002,7.493239275179803,132,False,True,True,True,False,1,False,1,True,2,True,2,True,5
1216,R_to_P,recovered,True,True,recovered,9.842120655000002,2.5915108686313033,12,True,True,True,True,True,1,True,1,True,1,True,1,True,1,recovered,True,True,recovered,21.730826207000003,5.318260494619608,64,True,True,True,True,True,1,True,1,True,1,True,1,True,3
1217,R_to_P,recovered,True,True,recovered,5.514311603,1.2954263119027019,55,True,True,True,True,True,1,True,1,True,1,True,1,True,1,recovered,True,True,recovered,8.028212951,1.7707555582746863,55,True,True,True,True,True,1,True,1,True,1,True,1,True,1
1218,R_to_P,recovered,True,True,recovered,5.383192253999999,0.834391005570069,9,True,True,True,True,True,1,True,1,True,1,True,1,True,3,recovered,True,True,recovered,12.592245072999999,1.8517704168334603,13,True,True,True,True,True,1,True,1,True,1,True,1,True,7
1219,R_to_P,recovered,True,True,recovered,5.1912585280000005,2.8362635171506554,60,True,True,True,True,True,3,True,3,True,6,True,6,True,9,recovered,True,True,recovered,12.072433748,4.569819374475628,261,True,True,True,True,True,3,True,3,True,6,True,6,True,11
1220,R_to_P,recovered,True,True,recovered,4.013999812000001,1.893717969302088,44,True,True,True,True,True,1,True,1,True,4,True,4,True,16,recovered,True,True,recovered,27.842662919000002,7.343959292396903,301,True,True,True,True,True,1,True,1,True,4,True,4,True,20
1221,P_to_R,recovered,True,True,recovered,80.935870284,31.08174712280743,420,True,True,True,True,True,1,True,1,True,1,True,5,True,6,recovered,True,True,recovered,131.28625638000003,41.35518517624587,1371,True,True,True,True,True,1,True,1,True,1,True,5,True,10
1222,R_to_P,recovered,True,True,recovered,9.415241777999999,2.3378253798000515,35,True,True,True,True,True,1,True,1,True,1,True,1,True,3,recovered,True,True,recovered,37.620821212,9.711998437996954,206,True,True,True,True,True,1,True,1,True,1,True,1,True,9
1223,R_to_P,recovered,True,True,recovered,3.843183529,1.0066919107921422,58,True,True,True,True,True,1,True,1,True,4,True,6,True,8,recovered,True,True,recovered,6.676192481000001,1.5072400548961014,75,True,True,True,True,True,1,True,1,True,6,True,10,True,14
1224,P_to_R,recovered,True,True,recovered,2.7420262689999992,0.6234003654681146,35,True,True,True,True,True,1,True,1,True,3,True,8,True,22,recovered,True,True,recovered,8.016294925,2.9133822687435895,184,True,True,True,True,True,1,True,1,True,3,True,9,True,27
1225,R_to_P,recovered,True,True,recovered,39.93219970599999,12.434350232360885,100,True,True,True,True,True,1,True,1,True,2,True,2,True,3,recovered,True,True,recovered,51.149300794999995,15.289230356691405,177,True,True,True,True,True,1,True,1,True,2,True,3,True,6
1226,P_to_R,recovered,True,True,recovered,183.977189582,47.879325543530285,308,True,True,True,True,True,1,True,1,True,1,True,1,True,7,recovered,True,True,recovered,314.08403136500004,77.72374306689017,540,True,True,True,True,True,1,True,1,True,1,True,3,True,15
1227,P_to_R,recovered,True,True,recovered,126.25568172099997,45.79132568370551,554,True,True,True,True,True,1,True,4,True,6,True,6,True,17,recovered,True,True,recovered,296.18844617499997,82.0355749593582,1848,True,True,True,True,True,1,True,4,True,6,True,6,True,36
1228,P_to_R,not_recovered,True,True,not_recovered,67.346309544,25.673036606051028,322,False,False,False,False,False,2,False,6,False,12,False,19,False,45,not_recovered,True,True,not_recovered,114.327700324,36.07908272650093,965,False,False,False,False,False,2,False,6,False,12,False,21,False,72
1229,P_to_R,recovered,True,True,recovered,173.860631149,63.774514603894204,420,True,True,True,True,True,1,True,1,True,1,True,1,True,2,recovered,True,True,recovered,432.15177962700005,120.36261362116784,993,True,True,True,True,True,1,True,1,True,1,True,1,True,8
1230,P_to_R,recovered,True,True,not_recovered,144.88284698300004,29.89665380353108,903,False,False,False,False,False,1,False,1,False,4,False,4,True,13,recovered,True,True,not_recovered,187.85360244900002,38.43417245615274,1335,False,False,False,False,False,1,False,1,False,4,False,4,True,16
1231,P_to_R,recovered,True,True,recovered,23.679441554000004,3.2795979040674865,55,True,True,True,True,True,1,True,1,True,4,True,4,True,20,recovered,True,True,recovered,94.222786842,17.584022293332964,994,True,True,True,True,True,1,True,1,True,4,True,9,True,52
1232,P_to_R,recovered,True,True,recovered,140.27483126400003,36.54905178048648,526,False,True,True,True,True,2,True,4,True,14,True,28,True,84,recovered,True,True,recovered,267.895424894,62.20656254491769,1091,False,True,True,True,True,2,True,4,True,15,True,32,True,107
1233,R_to_P,recovered,True,True,recovered,40.17454587300001,8.553963627899066,25,True,True,True,True,True,1,True,1,True,3,True,3,True,8,recovered,True,True,recovered,108.88602484500001,23.34017577394843,64,True,True,True,True,True,1,True,1,True,3,True,3,True,9
1234,P_to_R,recovered,True,True,recovered,73.816406228,15.58552486076951,139,True,True,True,True,True,1,True,1,True,3,True,3,True,3,recovered,True,True,recovered,86.46968161800001,17.335223438683897,147,True,True,True,True,True,1,True,1,True,3,True,3,True,8
1235,R_to_P,recovered,True,True,recovered,32.19777166,4.4116143910214305,17,True,True,True,True,True,1,True,1,True,1,True,1,True,6,recovered,True,True,recovered,81.01677695300002,11.375918716192245,41,True,True,True,True,True,1,True,1,True,1,True,1,True,7
1236,P_to_R,recovered,True,True,recovered,27.461178647000004,6.398896928876638,76,True,True,True,True,True,1,True,1,True,3,True,3,True,9,recovered,True,True,recovered,65.177407853,18.141372518613935,209,True,True,True,True,True,1,True,1,True,3,True,3,True,10
1237,R_to_P,recovered,True,True,recovered,11.607849367,5.220527424477041,27,True,True,True,True,True,1,True,1,True,2,True,2,True,4,recovered,True,True,recovered,21.663197515,7.8375456049107015,47,True,True,True,True,True,1,True,1,True,2,True,2,True,4
1238,P_to_R,recovered,True,True,recovered,517.8986523990001,138.15111128985882,230,True,True,True,True,True,1,True,1,True,1,True,1,True,2,recovered,True,True,recovered,582.7151036200001,153.8641539318487,304,True,True,True,True,True,1,True,1,True,1,True,1,True,8
1239,P_to_R,recovered,True,True,recovered,109.37687285499999,29.11579662747681,113,True,True,True,True,True,1,True,1,True,1,True,1,True,2,recovered,True,True,recovered,120.95168484199999,32.45119037153199,115,True,True,True,True,True,1,True,1,True,1,True,1,True,2
1240,P_to_R,recovered,True,True,recovered,507.61107119900004,118.52543918206356,279,True,True,True,True,True,1,True,1,True,1,True,1,True,8,recovered,True,True,recovered,583.573947793,136.06337517872453,341,True,True,True,True,True,1,True,1,True,1,True,1,True,11
1241,P_to_R,recovered,True,True,recovered,65.281287265,20.933882735669613,116,True,True,True,True,True,1,True,1,True,2,True,2,True,2,recovered,True,True,recovered,81.616214188,24.610099183162674,151,True,True,True,True,True,1,True,1,True,2,True,2,True,2
1242,R_to_P,recovered,True,True,recovered,2.1222710260000004,0.38485243427567184,2,True,True,True,True,True,1,True,1,True,1,True,1,True,2,recovered,True,True,recovered,4.970011866000001,0.8655253704637289,11,True,True,True,True,True,1,True,1,True,1,True,1,True,3
1243,R_to_P,recovered,True,True,recovered,2.2172222230000003,0.43853977997787297,4,True,True,True,True,True,1,True,1,True,1,True,1,True,1,recovered,True,True,recovered,4.552625463,0.816252559190616,8,True,True,True,True,True,1,True,1,True,1,True,1,True,1
1244,P_to_R,recovered,True,True,recovered,8.160084007,2.642693398054689,50,True,True,True,True,True,1,True,1,True,1,True,1,True,4,recovered,True,True,recovered,11.782094346000003,3.265255937818438,62,True,True,True,True,True,1,True,1,True,1,True,1,True,4
1245,R_to_P,recovered,True,True,recovered,2.531110638,0.4801490381360054,3,True,True,True,True,True,1,True,1,True,2,True,2,True,2,recovered,True,True,recovered,26.767421881,7.4035376673564315,628,True,True,True,True,True,1,True,1,True,2,True,2,True,3
1246,R_to_P,recovered,True,True,recovered,2.9197346240000006,0.5520454309880733,14,True,True,True,True,True,1,True,1,True,3,True,3,True,10,recovered,True,True,recovered,6.593655385,1.4162052180618048,25,True,True,True,True,True,1,True,1,True,3,True,3,True,11
1247,R_to_P,recovered,True,True,recovered,14.767246399000005,4.459207037463784,33,True,True,True,True,True,1,True,1,True,3,True,4,True,18,recovered,True,True,recovered,52.933376786000004,11.487510335631669,220,True,True,True,True,True,1,True,1,True,3,True,4,True,19
1248,R_to_P,recovered,True,True,recovered,1.663751672,0.38466471526771784,5,True,True,True,True,True,1,True,1,True,1,True,1,True,3,recovered,True,True,recovered,4.025470824000001,0.9512407192960382,9,True,True,True,True,True,1,True,1,True,1,True,1,True,3
1249,P_to_R,recovered,True,True,recovered,2.025865182,0.40185927227139473,11,True,True,True,True,True,1,True,1,True,5,True,7,True,11,recovered,True,True,recovered,5.156864944,2.30488411616534,44,True,True,True,True,True,1,True,1,True,5,True,7,True,11
1250,R_to_P,recovered,True,True,recovered,2.0242117659999987,0.3972940742969513,19,True,True,True,True,True,1,True,1,True,5,True,7,True,10,recovered,True,True,recovered,4.402752485999998,2.143116080434993,39,True,True,True,True,True,1,True,1,True,6,True,10,True,14
1251,P_to_R,recovered,True,True,recovered,2.133184352,0.4922709579113871,12,True,True,True,True,True,1,True,1,True,3,True,4,True,8,recovered,True,True,recovered,3.837901572999999,0.9799267910420895,16,True,True,True,True,True,1,True,1,True,3,True,4,True,9
1252,P_to_R,recovered,True,True,recovered,5.990497584000001,2.1481058662757277,11,True,True,True,True,True,1,True,1,True,2,True,2,True,2,recovered,True,True,recovered,10.66313787,2.994777212617919,27,True,True,True,True,True,1,True,1,True,2,True,2,True,2
1253,R_to_P,recovered,True,True,recovered,4.2187155590000005,2.124595372006297,20,True,True,True,True,True,1,True,1,True,3,True,3,True,6,recovered,True,True,recovered,12.113546600999998,5.116476960480213,92,True,True,True,True,True,1,True,1,True,3,True,3,True,7
1254,R_to_P,recovered,True,True,recovered,3.810383255,0.6590757283847779,6,True,True,True,True,True,1,True,1,True,1,True,1,True,4,recovered,True,True,recovered,7.477368931,1.3757103050593287,6,True,True,True,True,True,1,True,1,True,1,True,1,True,4
1255,R_to_P,recovered,True,True,recovered,1.2720115900000004,1.8811043801251799,4,True,True,True,True,True,1,True,1,True,3,True,3,True,4,recovered,True,True,recovered,2.7282761410000003,2.1932693098206073,12,True,True,True,True,True,1,True,1,True,3,True,3,True,7
1256,P_to_R,recovered,True,True,recovered,77.00743247999999,22.62650029384531,242,True,True,True,True,True,1,True,1,True,11,True,11,True,37,recovered,True,True,recovered,312.747293892,80.25604845909402,1639,True,True,True,True,True,1,True,1,True,11,True,11,True,47
1257,R_to_P,recovered,True,True,recovered,3.293991423,0.7476492519490421,30,True,True,True,True,True,1,True,1,True,2,True,2,True,8,recovered,True,True,recovered,5.141112818000001,1.152083080029115,31,True,True,True,True,True,1,True,1,True,2,True,2,True,9
1258,P_to_R,recovered,True,True,recovered,30.486470625000003,9.61522247036919,93,True,True,True,True,True,1,True,1,True,4,True,4,True,9,recovered,True,True,recovered,43.182758830000004,12.824124736944214,213,True,True,True,True,True,1,True,1,True,4,True,4,True,10
1259,R_to_P,recovered,True,True,recovered,1.511373056,0.25307264318689704,2,True,True,True,True,True,1,True,1,True,2,True,2,True,2,recovered,True,True,recovered,3.176701595,0.5786100830882788,9,True,True,True,True,True,1,True,1,True,2,True,2,True,3
1260,P_to_R,recovered,True,True,recovered,6.485843835000001,2.0868748826906085,24,True,True,True,True,True,1,True,1,True,3,True,3,True,4,recovered,True,True,recovered,17.289831675,4.689819432795048,69,True,True,True,True,True,1,True,1,True,3,True,3,True,5
1261,P_to_R,recovered,True,True,recovered,34.334015074,11.410078413318843,43,True,True,True,True,True,1,True,1,True,1,True,1,True,2,recovered,True,True,recovered,37.645621815,12.24250042438507,52,True,True,True,True,True,1,True,1,True,1,True,1,True,2
1262,R_to_P,recovered,True,True,recovered,64.989623029,9.515777656575665,3,True,True,True,True,True,1,True,1,True,2,True,2,True,3,recovered,True,True,recovered,112.85133494799999,16.687016680138186,14,True,True,True,True,True,1,True,1,True,2,True,2,True,4
1263,R_to_P,recovered,True,True,recovered,34.725012618,4.640546329086646,8,True,True,True,True,True,1,True,1,True,3,True,3,True,8,recovered,True,True,recovered,190.176415232,35.47053606226109,392,True,True,True,True,True,1,True,1,True,3,True,3,True,10
1264,R_to_P,recovered,True,True,recovered,197.35089508499996,39.087628836976364,53,True,True,True,True,True,2,True,2,True,26,True,30,True,36,recovered,True,True,recovered,687.671056357,151.97053839988075,327,False,True,True,True,True,2,True,2,True,27,True,31,True,70
1265,R_to_P,recovered,True,True,recovered,4.49202123,1.4837124212644994,41,True,True,True,True,True,1,True,1,True,1,True,1,True,3,recovered,True,True,recovered,10.450661246,2.9723054016940296,95,True,True,True,True,True,1,True,1,True,1,True,1,True,4
1266,P_to_R,recovered,True,True,recovered,1.3899772010000002,0.26093709701672196,2,True,True,True,True,True,1,True,1,True,1,True,2,True,2,recovered,True,True,recovered,6.125766566,1.5076896683312953,17,True,True,True,True,True,1,True,1,True,1,True,2,True,3
1267,P_to_R,recovered,True,True,recovered,3.2339243580000003,0.5681349439546466,2,True,True,True,True,True,1,True,1,True,1,True,2,True,2,recovered,True,True,recovered,8.858351394,1.6748373345471919,11,True,True,True,True,True,1,True,1,True,1,True,2,True,4
1268,P_to_R,recovered,True,True,recovered,66.68214643399999,22.656717750476673,167,True,True,True,True,True,1,True,1,True,4,True,4,True,4,recovered,True,True,recovered,98.67908637199999,30.766232999507338,327,True,True,True,True,True,1,True,1,True,4,True,4,True,7
1269,R_to_P,recovered,True,True,recovered,2.6098490439999997,0.4667750922963023,3,True,True,True,True,True,1,True,1,True,3,True,3,True,3,recovered,True,True,recovered,5.792411403999999,1.1908476306125522,18,True,True,True,True,True,1,True,1,True,3,True,3,True,3
1270,R_to_P,recovered,True,True,recovered,2.54983466,0.4406469406094402,1,True,True,True,True,True,1,True,1,True,1,True,1,True,1,recovered,True,True,recovered,5.415693855999999,0.9640337764285505,1,True,True,True,True,True,1,True,1,True,1,True,1,True,1
1271,P_to_R,recovered,True,True,recovered,2.258696828,0.43625599541701376,1,True,True,True,True,True,1,True,1,True,1,True,1,True,1,recovered,True,True,recovered,31.371117873000003,7.005210042465478,34,True,True,True,True,True,1,True,1,True,1,True,1,True,1
1272,P_to_R,recovered,True,True,recovered,49.105031661000005,16.84930132725276,99,True,True,True,True,True,1,True,1,True,2,True,4,True,8,recovered,True,True,recovered,57.330427464,19.144397945376113,153,True,True,True,True,True,1,True,1,True,2,True,4,True,9
1273,P_to_R,recovered,True,True,recovered,11.590751316999999,4.769760546274483,9,True,True,True,True,True,1,True,1,True,1,True,1,True,1,recovered,True,True,recovered,30.666545067,12.321305292658508,31,True,True,True,True,True,1,True,1,True,1,True,1,True,5
1274,R_to_P,recovered,True,True,recovered,3.9757104809999992,0.7092633142601699,1,True,True,True,True,True,1,True,1,True,1,True,1,True,1,recovered,True,True,recovered,10.223512262,2.052817087387666,27,True,True,True,True,True,1,True,1,True,1,True,1,True,7
1275,P_to_R,recovered,True,True,recovered,5.899514142,1.4109786814078689,17,True,True,True,True,True,1,True,1,True,2,True,2,True,3,recovered,True,True,recovered,12.162735658000003,2.904968196293339,24,True,True,True,True,True,1,True,1,True,2,True,2,True,7
1276,R_to_P,recovered,True,True,recovered,4.890551227000001,0.7515088941436261,5,True,True,True,True,True,1,True,1,True,1,True,1,True,2,recovered,True,True,recovered,10.543707083000001,3.0685512896161526,8,True,True,True,True,True,1,True,1,True,1,True,1,True,3
1277,P_to_R,recovered,True,True,recovered,70.43476636300001,20.34635641053319,124,True,True,True,True,True,1,True,1,True,1,True,1,True,4,recovered,True,True,recovered,90.58954736800001,24.835509345168248,219,True,True,True,True,True,1,True,1,True,1,True,1,True,7
1278,R_to_P,recovered,True,True,recovered,4.182716631000002,1.2505849197041243,113,True,True,True,True,True,1,True,1,True,3,True,3,True,17,recovered,True,True,recovered,7.6161843330000005,2.0340512860566378,137,True,True,True,True,True,1,True,1,True,3,True,3,True,18
1279,P_to_R,recovered,True,True,recovered,2.874583546,0.7700495852623135,68,True,True,True,True,True,1,True,1,True,2,True,2,True,5,recovered,True,True,recovered,5.7214005860000015,1.9656860216055065,129,True,True,True,True,True,1,True,1,True,2,True,2,True,6
1280,R_to_P,recovered,True,True,recovered,3.5850316710000003,1.4120254558511078,30,True,True,True,True,True,1,True,1,True,2,True,2,True,4,recovered,True,True,recovered,7.001906258999999,2.4665665267966688,73,True,True,True,True,True,1,True,1,True,2,True,2,True,7
1281,R_to_P,recovered,True,True,recovered,17.637017402,4.169288091128692,78,True,True,True,True,True,1,True,2,True,4,True,6,True,6,recovered,True,True,recovered,37.267551389999994,9.417608300456777,232,True,True,True,True,True,1,True,2,True,4,True,6,True,6
1282,P_to_R,recovered,True,True,recovered,2.465522707,1.0463518588803709,3,True,True,True,True,True,1,True,1,True,2,True,2,True,3,recovered,True,True,recovered,12.117317767,3.887987977359444,171,True,True,True,True,True,1,True,1,True,2,True,2,True,5
1283,P_to_R,recovered,True,True,recovered,4.33674122,1.416251294547692,239,True,True,True,True,True,1,True,1,True,3,True,3,True,16,recovered,True,True,recovered,7.689598628000001,2.9721269384026527,309,True,True,True,True,True,1,True,1,True,3,True,3,True,19
1284,R_to_P,recovered,True,True,recovered,16.898585297,4.705936792772263,185,True,True,True,True,True,1,True,1,True,3,True,3,True,13,recovered,True,True,recovered,45.26547364900001,13.805482256924734,258,True,True,True,True,True,1,True,1,True,3,True,3,True,16
1285,P_to_R,not_recovered,True,True,not_recovered,4.439399591,1.6513590062968433,63,False,False,False,False,False,1,False,1,False,5,False,5,False,6,not_recovered,True,True,not_recovered,8.721350205,3.2959788204170763,90,False,False,False,False,False,1,False,1,False,5,False,5,False,7
1286,P_to_R,recovered,True,True,recovered,1.7330984380000003,0.33571246825158596,1,True,True,True,True,True,1,True,1,True,1,True,1,True,1,recovered,True,True,recovered,6.293572876,1.5715141650289297,72,True,True,True,True,True,1,True,1,True,1,True,1,True,3
1287,P_to_R,recovered,True,True,recovered,66.351006803,24.32110977754928,173,True,True,True,True,True,1,True,1,True,2,True,2,True,3,recovered,True,True,recovered,70.686612463,25.353259146912023,184,True,True,True,True,True,1,True,1,True,2,True,2,True,5
1288,P_to_R,recovered,True,True,recovered,27.557307643,6.6254646212328225,30,True,True,True,True,True,1,True,1,True,2,True,2,True,7,recovered,True,True,recovered,64.76135503199998,14.935529903974384,247,True,True,True,True,True,1,True,1,True,2,True,2,True,8
1289,P_to_R,recovered,True,True,recovered,3.534092551999999,0.912409384502098,18,True,True,True,True,True,1,True,1,True,3,True,3,True,4,recovered,True,True,recovered,16.433326726,4.226247706683353,115,True,True,True,True,True,1,True,1,True,3,True,3,True,4
1290,R_to_P,recovered,True,True,recovered,2.535839771,0.452273468952626,1,True,True,True,True,True,1,True,1,True,1,True,1,True,1,recovered,True,True,recovered,6.300562279,1.639658257830888,10,True,True,True,True,True,1,True,1,True,1,True,1,True,4
1291,R_to_P,recovered,True,True,recovered,2.4360293570000007,0.43577398057095706,1,True,True,True,True,True,1,True,1,True,1,True,1,True,1,recovered,True,True,recovered,5.145973891000001,1.4963271412998438,1,True,True,True,True,True,1,True,1,True,1,True,1,True,1
1292,R_to_P,recovered,True,True,recovered,4.629019192,1.1658489960245788,41,True,True,True,True,True,1,True,1,True,1,True,1,True,2,recovered,True,True,recovered,8.828690172,2.8445581579580903,75,True,True,True,True,True,1,True,1,True,1,True,1,True,4
1293,P_to_R,recovered,True,True,recovered,3.487279342,0.7084073724690825,45,True,True,True,True,True,1,True,1,True,1,True,1,True,1,recovered,True,True,recovered,8.949900943,2.1506868954747915,83,True,True,True,True,True,1,True,1,True,1,True,2,True,2
1294,P_to_R,recovered,True,True,recovered,3.710662895,0.8992160009220243,68,True,True,True,True,True,1,True,1,True,6,True,6,True,6,recovered,True,True,recovered,7.3205067889999995,1.504455101909116,69,True,True,True,True,True,1,True,1,True,6,True,6,True,6
1295,R_to_P,recovered,True,True,recovered,2.780894934,0.39637924497947097,7,True,True,True,True,True,1,True,1,True,2,True,2,True,4,recovered,True,True,recovered,5.684446925,0.8315776584204286,7,True,True,True,True,True,1,True,1,True,2,True,2,True,4
1296,R_to_P,recovered,True,True,recovered,2.858486276,0.5205637693870813,1,True,True,True,True,True,1,True,1,True,1,True,1,True,1,recovered,True,True,recovered,6.765090807999999,1.1176522907335311,9,True,True,True,True,True,1,True,1,True,1,True,1,True,3
1297,R_to_P,recovered,True,True,recovered,3.7831949639999998,0.5459160748869181,11,True,True,True,True,True,1,True,1,True,1,True,1,True,3,recovered,True,True,recovered,10.124494388000002,2.155322347767651,47,True,True,True,True,True,1,True,1,True,1,True,1,True,4
1298,P_to_R,recovered,True,True,recovered,4.92979069,1.3507249094545841,16,True,True,True,True,True,1,True,1,True,1,True,1,True,2,recovered,True,True,recovered,8.79707716,2.1611463455483317,28,True,True,True,True,True,1,True,1,True,1,True,1,True,4
1299,P_to_R,recovered,True,True,recovered,5.163357228999999,1.121149561367929,4,True,True,True,True,True,1,True,1,True,1,True,1,True,2,recovered,True,True,recovered,10.858317935999999,2.0274001946672797,15,True,True,True,True,True,1,True,1,True,1,True,1,True,4
1300,R_to_P,recovered,True,True,recovered,7.126955644999998,1.5156586542725563,79,True,True,True,True,True,1,True,1,True,2,True,2,True,3,recovered,True,True,recovered,11.000803382999997,2.241906355135143,79,True,True,True,True,True,1,True,1,True,2,True,2,True,3
1301,R_to_P,recovered,True,True,recovered,3.284287537,0.8227969668805599,12,True,True,True,True,True,1,True,1,True,2,True,2,True,3,recovered,True,True,recovered,6.663375964999999,1.6967174457386136,54,True,True,True,True,True,1,True,1,True,2,True,2,True,4
1302,R_to_P,recovered,True,True,recovered,2.4075114060000002,0.5636334221344441,6,True,True,True,True,True,1,True,1,True,1,True,1,True,3,recovered,True,True,recovered,5.154782262,1.359079262940213,25,True,True,True,True,True,1,True,1,True,1,True,1,True,4
1303,R_to_P,recovered,True,True,recovered,3.3002355860000003,1.4405829887837172,8,True,True,True,True,True,1,True,1,True,2,True,2,True,2,recovered,True,True,recovered,28.927684340000003,8.076846355106682,110,True,True,True,True,True,1,True,1,True,2,True,2,True,4
1304,P_to_R,recovered,True,True,recovered,95.86595568100002,30.86925933463499,178,True,True,True,True,True,1,True,2,True,3,True,6,True,10,recovered,True,True,recovered,210.043805998,57.91855038655922,422,True,True,True,True,True,1,True,2,True,3,True,6,True,19
1305,P_to_R,recovered,True,True,recovered,3.995005487,1.1400737296789885,15,True,True,True,True,True,1,True,1,True,2,True,2,True,5,recovered,True,True,recovered,10.996555516,4.234085142612457,31,True,True,True,True,True,1,True,1,True,2,True,2,True,5
1306,P_to_R,recovered,True,True,recovered,33.983764991,9.060292733833194,227,True,True,True,True,True,1,True,1,True,4,True,6,True,8,recovered,True,True,recovered,56.28687299,13.921449264977127,322,True,True,True,True,True,1,True,1,True,5,True,7,True,21
1307,P_to_R,recovered,True,True,recovered,23.84790565,5.909082680940628,121,True,True,True,True,True,1,True,1,True,5,True,5,True,10,recovered,True,True,recovered,40.953538781000006,9.1011568675749,204,True,True,True,True,True,1,True,1,True,5,True,5,True,21
1308,P_to_R,recovered,True,True,recovered,19.209583541,4.69021110329777,24,True,True,True,True,True,1,True,1,True,2,True,2,True,5,recovered,True,True,recovered,29.012387815000004,6.057915973477066,27,True,True,True,True,True,1,True,1,True,2,True,2,True,6
1309,R_to_P,recovered,True,True,recovered,4.594442469999999,1.1359625249169767,148,True,True,True,True,True,1,True,2,True,5,True,9,True,14,recovered,True,True,recovered,9.471875333999996,2.432875480968505,214,True,True,True,True,True,1,True,2,True,6,True,11,True,17
1310,P_to_R,recovered,True,True,recovered,30.962603401000003,9.871107941493392,182,True,True,True,True,True,1,True,1,True,2,True,2,True,4,recovered,True,True,recovered,42.77645472500001,12.80748383468017,704,True,True,True,True,True,1,True,1,True,2,True,2,True,6
1311,P_to_R,recovered,True,True,recovered,9.155863133999999,2.3730230215005577,46,True,True,True,True,True,1,True,1,True,4,True,4,True,8,recovered,True,True,recovered,25.503912833,6.779651237651706,184,True,True,True,True,True,1,True,1,True,4,True,4,True,9
1312,P_to_R,recovered,True,True,recovered,23.778985204,8.585859802551568,239,True,True,True,True,True,1,True,2,True,2,True,3,True,14,recovered,True,True,recovered,30.395864214000003,10.183687017299235,394,True,True,True,True,True,2,True,5,True,7,True,10,True,40
1313,R_to_P,recovered,True,True,recovered,28.201064962999997,4.684766696300358,49,False,False,False,False,False,1,False,2,False,2,False,4,False,13,recovered,True,True,recovered,167.074993371,42.40018846048042,182,False,True,True,True,False,1,True,3,True,4,True,6,True,17
1314,P_to_R,recovered,True,True,not_recovered,81.77507476100001,21.584416900062934,196,False,False,False,True,False,2,False,2,False,5,True,6,True,19,recovered,True,True,not_recovered,116.971526646,32.275600544176996,350,False,False,False,True,False,2,False,2,False,5,True,7,True,28
1315,P_to_R,recovered,True,True,recovered,29.550815549,7.131448546657339,19,True,True,True,True,True,1,True,1,True,2,True,2,True,5,recovered,True,True,recovered,36.259523678,8.182339092716575,32,True,True,True,True,True,1,True,1,True,2,True,2,True,8
1316,P_to_R,recovered,True,True,recovered,1.8876877600000002,0.35919190291315317,6,True,True,True,True,True,1,True,2,True,3,True,4,True,6,recovered,True,True,recovered,3.806582925,1.1093737294431776,8,True,True,True,True,True,1,True,2,True,3,True,4,True,6
1317,P_to_R,recovered,True,True,recovered,14.485072598000002,4.515110606793314,76,True,True,True,True,True,1,True,1,True,2,True,6,True,17,recovered,True,True,recovered,25.356919355000002,7.1481950879096985,238,True,True,True,True,True,1,True,1,True,2,True,6,True,21
1318,P_to_R,recovered,True,True,recovered,79.166060985,25.559457541443408,306,True,True,True,True,True,1,True,1,True,9,True,17,True,56,recovered,True,True,recovered,186.795039937,49.44241933780722,1255,True,True,True,True,True,1,True,1,True,9,True,17,True,73
1319,P_to_R,recovered,True,True,recovered,7.624001015000001,2.261325332801789,31,False,True,True,True,False,1,True,2,True,4,True,5,True,5,recovered,True,True,recovered,15.137834581000002,3.9344103103503585,95,False,True,True,True,False,1,True,2,True,4,True,5,True,9
1320,P_to_R,recovered,True,True,recovered,4.190153169999999,0.9073655949905515,38,True,True,True,True,True,1,True,1,True,4,True,5,True,11,recovered,True,True,recovered,9.244530665,1.9897861261852086,77,True,True,True,True,True,1,True,1,True,4,True,5,True,15
1321,P_to_R,recovered,True,True,recovered,1.662601663,0.34071816643700004,6,True,True,True,True,True,2,True,2,True,2,True,2,True,3,recovered,True,True,recovered,3.131478128,0.6738494629971683,10,True,True,True,True,True,2,True,2,True,2,True,2,True,5
1322,P_to_R,recovered,True,True,recovered,1.8378573,0.3219604156911373,1,True,True,True,True,True,1,True,1,True,1,True,1,True,1,recovered,True,True,recovered,3.911101985,0.6545705180615187,1,True,True,True,True,True,1,True,1,True,1,True,1,True,1
1323,P_to_R,recovered,True,True,recovered,50.339128793,11.039726808667183,101,True,True,True,True,True,1,True,2,True,5,True,8,True,22,recovered,True,True,recovered,58.41748327,12.51542908931151,104,True,True,True,True,True,1,True,2,True,5,True,8,True,22
1324,R_to_P,recovered,True,True,recovered,27.638045432000002,6.656389409210533,30,True,True,True,True,True,1,True,2,True,3,True,4,True,8,recovered,True,True,recovered,46.91744137500001,11.462275868048891,60,True,True,True,True,True,1,True,2,True,3,True,4,True,8
1325,P_to_R,recovered,True,True,recovered,62.979053271,14.751006537117064,358,True,True,True,True,True,1,True,1,True,3,True,3,True,6,recovered,True,True,recovered,121.009198681,28.28722359216772,397,True,True,True,True,True,1,True,1,True,3,True,3,True,6
1326,P_to_R,recovered,True,True,recovered,4.688958911,1.39298792835325,39,False,True,True,True,True,3,True,3,True,3,True,4,True,15,recovered,True,True,recovered,6.911890081000001,1.8163459261413664,64,False,True,True,True,True,3,True,3,True,7,True,11,True,23
1327,R_to_P,recovered,True,True,recovered,21.461722938999998,6.261956196743995,55,False,True,True,True,True,2,True,2,True,4,True,7,True,10,recovered,True,True,recovered,85.054024323,20.162472805939615,300,False,True,True,True,True,2,True,2,True,5,True,12,True,20
1328,P_to_R,recovered,True,True,recovered,11.160721074,2.9245617501437664,28,True,True,True,True,True,1,True,1,True,1,True,1,True,2,recovered,True,True,recovered,14.191828991,3.8560909125953913,43,True,True,True,True,True,1,True,1,True,1,True,1,True,6
1329,R_to_P,recovered,True,True,recovered,1.520564954,0.25518692238256335,1,True,True,True,True,True,1,True,1,True,1,True,1,True,1,recovered,True,True,recovered,2.904259608999999,0.5481513296253979,1,True,True,True,True,True,1,True,1,True,1,True,1,True,1
1330,P_to_R,recovered,True,True,recovered,52.22654359799999,21.023756756912917,162,True,True,True,True,True,2,True,2,True,4,True,4,True,8,recovered,True,True,recovered,73.243233701,25.184874578844756,306,True,True,True,True,True,2,True,2,True,4,True,4,True,12
1331,P_to_R,recovered,True,True,recovered,18.073670475999997,6.444555934518576,74,True,True,True,True,True,1,True,1,True,5,True,5,True,14,recovered,True,True,recovered,35.409641484999995,11.378341623581946,194,True,True,True,True,True,1,True,1,True,5,True,5,True,14
1332,R_to_P,recovered,True,True,recovered,1.6508529889999999,0.26858406281098723,1,True,True,True,True,True,1,True,1,True,1,True,1,True,1,recovered,True,True,recovered,3.1237315480000003,0.5878959347028285,1,True,True,True,True,True,1,True,1,True,1,True,1,True,1
1333,P_to_R,recovered,True,True,recovered,13.850233577000001,4.456677020294592,321,True,True,True,True,True,1,True,1,True,1,True,1,True,2,recovered,True,True,recovered,19.614810617,6.767022349638864,331,True,True,True,True,True,1,True,1,True,1,True,1,True,5
1334,R_to_P,recovered,True,True,recovered,4.33659284,0.7197287988383323,10,True,True,True,True,True,1,True,1,True,3,True,3,True,6,recovered,True,True,recovered,29.987753549,7.638345293235034,168,True,True,True,True,True,1,True,1,True,3,True,3,True,12
1335,P_to_R,recovered,True,True,recovered,2.554949062,0.5834701403509825,17,True,True,True,True,True,1,True,1,True,6,True,6,True,8,recovered,True,True,recovered,9.164177551,2.4306147126480937,38,True,True,True,True,True,1,True,1,True,6,True,6,True,14
1336,P_to_R,recovered,True,True,recovered,13.145323493,4.115896601229906,222,True,True,True,True,True,1,True,1,True,3,True,3,True,4,recovered,True,True,recovered,18.163755327999997,5.197581777581945,234,True,True,True,True,True,1,True,1,True,3,True,3,True,5
1337,P_to_R,recovered,True,True,recovered,2.5545400650000003,0.5730791308451444,7,True,True,True,True,True,1,True,1,True,2,True,2,True,2,recovered,True,True,recovered,5.260742555,1.0460554950404912,11,True,True,True,True,True,1,True,1,True,2,True,2,True,5
1338,P_to_R,recovered,True,True,recovered,2.8856287050000002,0.6020425751339644,11,True,True,True,True,True,1,True,1,True,1,True,1,True,2,recovered,True,True,recovered,5.08039417,0.9584260173141956,11,True,True,True,True,True,1,True,1,True,1,True,1,True,2
1339,P_to_R,recovered,True,True,recovered,6.790588526,2.750931605231017,33,True,True,True,True,True,1,True,1,True,4,True,4,True,15,recovered,True,True,recovered,37.095969245999996,10.327515783254057,675,True,True,True,True,True,1,True,1,True,4,True,4,True,26
1340,P_to_R,recovered,True,True,recovered,1.5722065119999997,0.33286107261665165,2,True,True,True,True,True,1,True,1,True,1,True,1,True,1,recovered,True,True,recovered,3.3631760829999995,0.6488435361534357,2,True,True,True,True,True,1,True,1,True,1,True,1,True,1
1341,P_to_R,recovered,True,True,recovered,1.4208666149999998,0.3351170823443681,4,True,True,True,True,True,1,True,1,True,2,True,2,True,4,recovered,True,True,recovered,3.1203034450000002,0.6527183018624783,5,True,True,True,True,True,1,True,1,True,2,True,2,True,5
1342,R_to_P,recovered,True,True,recovered,0.787483227,0.22753297886811197,1,True,True,True,True,True,1,True,1,True,1,True,1,True,1,recovered,True,True,recovered,1.6904399049999999,0.4374864003621042,2,True,True,True,True,True,1,True,1,True,1,True,1,True,2
1343,P_to_R,recovered,True,True,recovered,2.302203443,0.3986700032837689,4,True,True,True,True,True,1,True,1,True,4,True,4,True,4,recovered,True,True,recovered,4.785036492,0.8369301797356457,4,True,True,True,True,True,1,True,1,True,4,True,4,True,4
1344,P_to_R,recovered,True,True,recovered,2.862969769,0.6625549914315343,23,True,True,True,True,True,1,True,1,True,3,True,3,True,6,recovered,True,True,recovered,5.224960283,1.1984328047838062,23,True,True,True,True,True,1,True,1,True,3,True,3,True,6
1345,P_to_R,recovered,True,True,recovered,1.1806086279999999,0.28862369479611516,7,True,True,True,True,True,1,True,3,True,5,True,5,True,7,recovered,True,True,recovered,2.7283677629999996,0.6532597306650132,7,True,True,True,True,True,1,True,3,True,5,True,5,True,7
1346,R_to_P,recovered,True,True,recovered,2.3973199610000004,0.40695631969720125,1,True,True,True,True,True,1,True,1,True,1,True,1,True,1,recovered,True,True,recovered,6.195227992000001,1.2046663262881339,4,True,True,True,True,True,1,True,1,True,1,True,1,True,4
1347,P_to_R,recovered,True,True,recovered,2.321142069000001,0.45369916735216975,11,True,True,True,True,True,1,True,1,True,3,True,3,True,5,recovered,True,True,recovered,5.015734356000001,0.9454155769199133,21,True,True,True,True,True,1,True,1,True,3,True,3,True,5
1348,R_to_P,recovered,True,True,recovered,2.296007388,0.4060379455331713,10,True,True,True,True,True,1,True,1,True,3,True,3,True,6,recovered,True,True,recovered,4.833828513000001,0.8627931666560471,13,True,True,True,True,True,1,True,1,True,3,True,3,True,7
1349,P_to_R,recovered,True,True,recovered,4.441391827,0.7467629699967802,3,True,True,True,True,True,1,True,1,True,2,True,3,True,3,recovered,True,True,recovered,33.086858781000004,8.411857913481072,466,True,True,True,True,True,1,True,1,True,2,True,3,True,4
1350,R_to_P,recovered,True,True,recovered,17.636442127,4.83807460940443,77,True,True,True,True,True,1,True,1,True,3,True,3,True,9,recovered,True,True,recovered,98.76316716,26.88968468341045,261,True,True,True,True,True,1,True,1,True,3,True,3,True,10
1351,P_to_R,recovered,True,True,not_recovered,393.523969054,99.44459925754927,89,False,False,False,False,False,1,False,3,False,4,False,6,False,14,recovered,True,True,not_recovered,790.975106455,178.0893769680988,431,False,False,False,True,False,1,False,3,False,4,True,8,True,19
1352,P_to_R,recovered,True,True,not_recovered,36.70249631800001,10.973862105049193,190,False,False,False,True,False,5,True,11,True,16,True,22,True,34,recovered,True,True,not_recovered,56.083946415000014,15.851934337988496,459,False,False,False,True,False,7,True,13,True,18,True,26,True,54
1353,R_to_P,recovered,True,True,recovered,15.376589659,3.4819984664209187,35,False,True,True,True,False,1,False,1,True,2,True,2,True,5,recovered,True,True,recovered,25.586238834000003,5.205302647780627,55,False,True,True,True,False,1,False,1,True,2,True,2,True,5
1354,R_to_P,recovered,True,True,recovered,1.4975383999999994,0.2596438496839255,10,True,True,True,True,True,1,True,1,True,4,True,4,True,6,recovered,True,True,recovered,3.2094314209999997,0.5717555019073188,20,True,True,True,True,True,1,True,1,True,4,True,4,True,7
1355,R_to_P,recovered,True,True,recovered,1.0080343780000005,0.256191149353981,1,True,True,True,True,True,1,True,1,True,1,True,1,True,1,recovered,True,True,recovered,2.219605982,0.5268655177205801,1,True,True,True,True,True,1,True,1,True,1,True,1,True,1
1356,R_to_P,recovered,True,True,recovered,10.403244874,2.862657626159489,18,False,True,True,True,True,2,True,2,True,4,True,6,True,8,recovered,True,True,recovered,18.143579629999998,4.287990144221112,25,False,True,True,True,True,2,True,2,True,4,True,6,True,10
1357,R_to_P,recovered,True,True,recovered,1.8792899670000003,0.6601332153659314,4,False,True,True,True,True,2,True,2,True,2,True,2,True,2,recovered,True,True,recovered,10.069470011999998,3.440755686024204,4,False,True,True,True,True,2,True,2,True,2,True,2,True,2
1358,R_to_P,unknown,True,True,not_recovered,341.78551053100006,98.12515174993314,294,False,False,False,False,False,3,False,3,False,4,False,5,False,9,unknown,True,True,not_recovered,539.0137486790001,153.66477090446278,557,False,False,False,False,False,3,False,3,False,4,False,5,False,18
1359,P_to_R,recovered,True,True,recovered,61.62792153200001,12.401329124346375,237,True,True,True,True,True,1,True,1,True,2,True,2,True,13,recovered,True,True,recovered,108.34121780500001,20.91623887931928,359,True,True,True,True,True,1,True,1,True,2,True,2,True,14
1360,P_to_R,recovered,True,True,recovered,170.34226807000002,46.94409635500051,532,True,True,True,True,True,1,True,1,True,1,True,1,True,1,recovered,True,True,recovered,205.88563400800004,55.923395487247035,669,True,True,True,True,True,1,True,1,True,1,True,1,True,3
1361,P_to_R,recovered,True,True,recovered,706.2961088589999,211.27220014762133,914,True,True,True,True,True,1,True,1,True,2,True,3,True,19,recovered,True,True,recovered,877.4945477719999,242.11699251900427,1211,True,True,True,True,True,1,True,1,True,2,True,4,True,30
1362,P_to_R,recovered,True,True,recovered,206.32368179700003,60.228183288127184,138,True,True,True,True,True,1,True,1,True,4,True,4,True,16,recovered,True,True,recovered,298.6893928530001,80.62096962961368,424,True,True,True,True,True,1,True,1,True,4,True,5,True,30
1363,P_to_R,recovered,True,True,recovered,17.128483581,4.653033756185323,81,True,True,True,True,True,1,True,1,True,2,True,2,True,3,recovered,True,True,recovered,21.441247579000002,5.418307272018865,94,True,True,True,True,True,1,True,1,True,2,True,2,True,6
1364,P_to_R,recovered,True,True,recovered,11.193072216,3.0043037470895797,58,True,True,True,True,True,1,True,1,True,3,True,4,True,5,recovered,True,True,recovered,17.979207760999998,5.1747275369707495,95,True,True,True,True,True,1,True,1,True,4,True,5,True,10
1365,R_to_P,recovered,True,True,not_recovered,278.351561406,68.75472584133968,212,False,False,False,True,False,1,False,1,True,7,True,15,True,46,recovered,True,True,not_recovered,952.731166458,246.49091997300275,1527,False,False,False,True,False,1,False,1,True,7,True,15,True,55
1366,P_to_R,recovered,True,True,recovered,15.671804936999996,3.469712927006185,118,True,True,True,True,True,1,True,1,True,3,True,3,True,4,recovered,True,True,recovered,34.19670442399999,9.004818969871849,208,True,True,True,True,True,1,True,1,True,4,True,4,True,6
1367,R_to_P,recovered,True,True,recovered,9.159821784999998,2.2336020371876657,46,True,True,True,True,True,1,True,1,True,4,True,4,True,12,recovered,True,True,recovered,28.033215622999997,6.732912220060825,191,True,True,True,True,True,1,True,1,True,4,True,4,True,12
1368,R_to_P,recovered,True,True,recovered,7.579620217,1.60451226728037,18,True,True,True,True,True,1,True,1,True,2,True,2,True,6,recovered,True,True,recovered,201.362594311,53.04713041195646,443,True,True,True,True,True,1,True,1,True,2,True,2,True,6
1369,P_to_R,recovered,True,True,recovered,422.81920559399987,146.91443925816566,538,True,True,True,True,True,1,True,1,True,4,True,5,True,9,recovered,True,True,recovered,439.6368513599999,150.9307157159783,616,True,True,True,True,True,1,True,1,True,5,True,7,True,17
1370,P_to_R,recovered,True,True,recovered,76.10961354,14.88883296912536,86,True,True,True,True,True,1,True,1,True,6,True,11,True,35,recovered,True,True,recovered,356.928837764,58.3295699567534,3427,True,True,True,True,True,1,True,1,True,6,True,11,True,42
1371,R_to_P,recovered,True,True,recovered,34.708564548999995,8.675365292700008,78,True,True,True,True,True,1,True,1,True,2,True,2,True,5,recovered,True,True,recovered,57.390110166999996,14.65100013348274,218,True,True,True,True,True,1,True,1,True,2,True,2,True,5
1372,R_to_P,recovered,True,True,recovered,109.377522085,27.155944008613005,165,True,True,True,True,True,1,True,1,True,1,True,1,True,1,recovered,True,True,recovered,148.00014005999998,35.23463954846375,238,True,True,True,True,True,1,True,1,True,2,True,2,True,2
1373,P_to_R,recovered,True,True,recovered,1.2105547049999996,0.27481362922117114,4,True,True,True,True,True,1,True,1,True,1,True,2,True,3,recovered,True,True,recovered,2.7602287319999994,0.5874713119119406,10,True,True,True,True,True,1,True,1,True,1,True,2,True,5
1374,R_to_P,recovered,True,True,recovered,54.606369186,15.098560188431293,55,True,True,True,True,True,1,True,1,True,14,True,17,True,20,recovered,True,True,recovered,279.873905679,68.30509194754995,995,True,True,True,True,True,1,True,1,True,14,True,17,True,33
1375,P_to_R,recovered,True,True,recovered,8.351691369000001,2.441708799218759,69,True,True,True,True,True,1,True,1,True,2,True,2,True,3,recovered,True,True,recovered,28.947574085999996,6.968859751708806,203,True,True,True,True,True,1,True,1,True,2,True,2,True,7
1376,P_to_R,recovered,True,True,recovered,8.050047586,2.584510328480974,59,True,True,True,True,True,1,True,1,True,5,True,5,True,18,recovered,True,True,recovered,17.81451122,4.678364709252492,191,True,True,True,True,True,1,True,1,True,5,True,5,True,26
1377,P_to_R,not_recovered,True,True,not_recovered,124.93337827699997,44.93875558930449,454,False,False,False,False,False,4,False,6,False,22,False,32,False,57,not_recovered,True,True,not_recovered,274.302755598,82.99327324982733,1336,False,False,False,False,False,4,False,6,False,25,False,37,False,88
1378,R_to_P,recovered,True,True,recovered,50.31467600100001,7.940357839455828,62,True,True,True,True,True,1,True,1,True,2,True,2,True,6,recovered,True,True,recovered,99.57257350000002,15.767367843305692,114,True,True,True,True,True,1,True,1,True,2,True,2,True,6
1379,P_to_R,recovered,True,True,recovered,11.141812532,4.180561327142641,40,True,True,True,True,True,1,True,1,True,2,True,7,True,10,recovered,True,True,recovered,53.521114978000014,13.554492774885148,331,True,True,True,True,True,1,True,1,True,2,True,10,True,20
1380,P_to_R,not_recovered,True,True,not_recovered,335.77827192600006,108.90865359921008,425,False,False,False,False,False,1,False,1,False,3,False,3,False,5,recovered,True,True,recovered,378.13788748900004,119.43279044539668,905,False,True,True,True,False,1,True,2,True,4,True,5,True,14
1381,P_to_R,recovered,True,True,recovered,9.991120489999998,2.0024223723448813,16,True,True,True,True,True,1,True,1,True,3,True,5,True,6,recovered,True,True,recovered,36.98718032,7.714650600682944,81,True,True,True,True,True,1,True,1,True,3,True,6,True,16
1382,R_to_P,recovered,True,True,recovered,98.713249906,25.11171050230041,1112,False,False,True,True,False,1,False,2,True,8,True,16,True,40,recovered,True,True,recovered,126.328718673,32.011435978114605,1246,False,False,True,True,False,1,False,2,True,8,True,16,True,49
1383,P_to_R,recovered,True,True,recovered,82.00846325200003,25.666494949022308,476,True,True,True,True,True,1,True,1,True,1,True,1,True,6,recovered,True,True,recovered,153.70430218,43.45575563539751,2084,True,True,True,True,True,1,True,1,True,1,True,1,True,11
1384,R_to_P,recovered,True,True,recovered,18.722111179,4.89223372656852,128,True,True,True,True,True,1,True,1,True,3,True,4,True,7,recovered,True,True,recovered,71.094502346,19.949120215605944,265,True,True,True,True,True,1,True,1,True,3,True,4,True,7
1385,P_to_R,recovered,True,True,recovered,15.349569870000003,8.144864122616127,74,True,True,True,True,True,1,True,1,True,3,True,14,True,35,recovered,True,True,recovered,257.35876984099997,48.90142402984202,1636,True,True,True,True,True,1,True,1,True,3,True,14,True,37
1386,P_to_R,unknown,False,False,unknown,,,,,,,,,,,,,,,,,,recovered,False,False,unknown,,,,,,,,,,,,,,,,,
1387,P_to_R,recovered,True,True,recovered,359.15156458,106.34059292729944,274,True,True,True,True,True,1,True,1,True,2,True,3,True,5,recovered,True,True,recovered,879.904915657,180.5718433095608,6153,True,True,True,True,True,1,True,1,True,2,True,6,True,16
1388,P_to_R,recovered,True,True,recovered,17.381046559,4.405305474065244,27,True,True,True,True,True,1,True,1,True,3,True,3,True,4,recovered,True,True,recovered,39.900375064,9.508712186478078,73,True,True,True,True,True,1,True,1,True,3,True,3,True,8
1389,P_to_R,recovered,True,True,recovered,186.052063428,69.34817188512534,98,True,True,True,True,True,1,True,1,True,2,True,2,True,3,recovered,True,True,recovered,200.62320472499997,71.64491683267988,111,True,True,True,True,True,1,True,1,True,2,True,2,True,3
1390,P_to_R,recovered,True,True,recovered,56.336808471999994,21.39966190769337,132,True,True,True,True,True,1,True,1,True,3,True,4,True,12,recovered,True,True,recovered,78.89571162899999,27.456280758371577,266,True,True,True,True,True,1,True,1,True,3,True,4,True,17
1391,P_to_R,recovered,True,True,recovered,7.795454097,3.202697175554931,33,True,True,True,True,True,1,True,1,True,2,True,4,True,6,recovered,True,True,recovered,15.448324312000002,4.8462544130161405,70,True,True,True,True,True,1,True,1,True,2,True,4,True,9
1392,P_to_R,recovered,True,True,recovered,694.3502656539999,165.58017553575337,410,True,True,True,True,True,1,True,1,True,3,True,7,True,20,recovered,True,True,recovered,1332.760300016,281.02459692163393,2424,True,True,True,True,True,1,True,1,True,3,True,8,True,25
1393,P_to_R,recovered,True,True,recovered,7.877625300999999,1.2771943723782897,1,True,True,True,True,True,1,True,1,True,1,True,1,True,1,recovered,True,True,recovered,159.04361334899997,29.15626403549686,1752,True,True,True,True,True,1,True,1,True,1,True,1,True,3
1394,P_to_R,recovered,True,True,recovered,5.4995807060000015,1.4460362999234349,5,True,True,True,True,True,1,True,1,True,4,True,5,True,5,recovered,True,True,recovered,21.431802339999997,4.658441564068198,165,True,True,True,True,True,1,True,1,True,4,True,5,True,6
1395,P_to_R,recovered,True,True,recovered,41.699130835999995,12.57545539480634,101,True,True,True,True,True,1,True,1,True,3,True,7,True,8,recovered,True,True,recovered,287.59606334299997,57.84469322068617,3212,True,True,True,True,True,1,True,1,True,3,True,7,True,8
1396,R_to_P,recovered,True,True,recovered,11.747560202999999,2.612632761709392,18,True,True,True,True,True,1,True,1,True,3,True,3,True,6,recovered,True,True,recovered,240.240369823,76.53226009593345,252,True,True,True,True,True,1,True,1,True,3,True,3,True,6
1397,P_to_R,recovered,True,True,recovered,6.6825015479999985,2.574146832106635,6,True,True,True,True,True,1,True,1,True,2,True,2,True,4,recovered,True,True,recovered,15.256596470999998,4.763833983102813,28,True,True,True,True,True,1,True,1,True,2,True,2,True,5
1398,P_to_R,recovered,True,True,recovered,11.612578861,2.7816126784309745,35,True,True,True,True,True,1,True,1,True,2,True,5,True,10,recovered,True,True,recovered,231.71668971100004,41.05738334287889,2073,True,True,True,True,True,1,True,1,True,2,True,5,True,10
1399,P_to_R,recovered,True,True,recovered,5.03033937,1.1980197243392467,11,True,True,True,True,True,1,True,1,True,3,True,3,True,3,recovered,True,True,recovered,11.591407366,2.613165586255491,87,True,True,True,True,True,1,True,1,True,3,True,3,True,4
1400,P_to_R,recovered,True,True,recovered,49.735796112,16.434754696674645,133,True,True,True,True,True,1,True,1,True,3,True,3,True,7,recovered,True,True,recovered,94.408788359,29.40547435451299,182,True,True,True,True,True,1,True,1,True,3,True,3,True,11
1401,P_to_R,recovered,True,True,recovered,24.024122227,8.100447135744616,45,True,True,True,True,True,1,True,1,True,3,True,4,True,6,recovered,True,True,recovered,77.269406975,20.941384045174345,340,True,True,True,True,True,1,True,1,True,3,True,4,True,9
1402,P_to_R,recovered,True,True,recovered,101.481160547,27.79614555509761,281,True,True,True,True,True,1,True,1,True,2,True,2,True,5,recovered,True,True,recovered,240.84956645499997,62.08455783710815,533,True,True,True,True,True,1,True,1,True,3,True,3,True,7
1403,P_to_R,recovered,True,True,recovered,98.124375303,29.976634236052632,145,True,True,True,True,True,1,True,1,True,1,True,3,True,4,recovered,True,True,recovered,155.718024136,40.526269206777215,1949,True,True,True,True,True,1,True,1,True,1,True,3,True,4
1404,P_to_R,recovered,True,True,recovered,425.22406551700004,88.72411225922406,362,True,True,True,True,True,1,True,1,True,2,True,10,True,14,recovered,True,True,recovered,908.0026807500001,175.68961406685412,1887,True,True,True,True,True,1,True,1,True,2,True,10,True,15
1405,P_to_R,recovered,True,True,recovered,210.953727473,30.556350119411945,43,True,True,True,True,True,1,True,1,True,1,True,9,True,20,recovered,True,True,recovered,587.72791459,85.83398175379261,155,True,True,True,True,True,1,True,1,True,1,True,10,True,21
1406,P_to_R,recovered,True,True,recovered,21.765486592000006,5.658766518114135,12,True,True,True,True,True,1,True,1,True,2,True,4,True,9,recovered,True,True,recovered,268.83625667900003,56.130792275071144,3114,True,True,True,True,True,1,True,1,True,2,True,4,True,10
1407,P_to_R,recovered,True,True,recovered,11.56646341,2.4905191950965673,53,True,True,True,True,True,1,True,1,True,2,True,2,True,2,recovered,True,True,recovered,31.287683663999996,6.665251850616187,271,True,True,True,True,True,1,True,1,True,2,True,2,True,3
1408,P_to_R,recovered,True,True,recovered,56.224469762000005,14.532395106507465,68,True,True,True,True,True,1,True,1,True,3,True,5,True,12,recovered,True,True,recovered,241.898311674,50.4995057429187,3199,True,True,True,True,True,1,True,1,True,3,True,5,True,14
1409,P_to_R,recovered,True,True,recovered,1141.0240120879998,151.28263518493623,158,True,True,True,True,True,2,True,2,True,6,True,49,True,53,recovered,True,True,recovered,2276.161791231,297.0599314409774,18236,True,True,True,True,True,2,True,2,True,6,True,49,True,53
1410,P_to_R,recovered,True,True,recovered,388.19974310099997,73.47213023621589,140,True,True,True,True,True,2,True,2,True,2,True,10,True,20,recovered,True,True,recovered,1636.355531099,232.04541251109913,8464,True,True,True,True,True,2,True,2,True,2,True,11,True,22
1411,P_to_R,recovered,True,True,recovered,35.61905329499999,12.452648358652368,139,True,True,True,True,True,2,True,2,True,3,True,12,True,14,recovered,True,True,recovered,72.098952928,22.093150545377284,410,True,True,True,True,True,2,True,2,True,4,True,13,True,25
1412,P_to_R,recovered,True,True,recovered,17.349790292999998,2.526222593151033,4,True,True,True,True,True,1,True,1,True,2,True,2,True,4,recovered,True,True,recovered,384.15205224899995,70.10522021143697,799,True,True,True,True,True,1,True,1,True,2,True,3,True,5
1413,P_to_R,recovered,True,True,recovered,48.270975963999994,5.388720761984587,14,True,True,True,True,True,1,True,1,True,1,True,10,True,14,recovered,True,True,recovered,540.566098015,85.93242528382689,1538,True,True,True,True,True,1,True,1,True,1,True,10,True,14
1414,P_to_R,recovered,True,True,recovered,63.65858398499999,11.58347540255636,13,False,True,True,True,False,1,True,2,True,3,True,7,True,10,recovered,True,True,recovered,778.6088997530001,126.99857606180012,3726,False,True,True,True,False,1,True,2,True,3,True,7,True,15
1415,P_to_R,recovered,True,True,recovered,26.187067301999996,12.706230470910668,155,True,True,True,True,True,1,True,1,True,2,True,6,True,15,recovered,True,True,recovered,220.251430517,39.387343145906925,2377,True,True,True,True,True,1,True,1,True,2,True,6,True,19
1416,P_to_R,recovered,True,True,recovered,10.519373243999999,3.3945858431980014,46,True,True,True,True,True,1,True,1,True,2,True,2,True,2,recovered,True,True,recovered,17.184961597,4.951555196195841,91,True,True,True,True,True,1,True,1,True,2,True,2,True,3
1417,P_to_R,recovered,True,True,recovered,3.6483531449999993,0.9861891437321901,9,True,True,True,True,True,1,True,1,True,2,True,3,True,4,recovered,True,True,recovered,6.370654876999998,1.4630351094529033,18,True,True,True,True,True,1,True,1,True,2,True,3,True,4
1418,P_to_R,recovered,True,True,recovered,85.03412074600001,26.33486426062882,485,True,True,True,True,True,1,True,1,True,3,True,3,True,3,recovered,True,True,recovered,92.52442574100002,28.23849876690656,493,True,True,True,True,True,1,True,1,True,4,True,4,True,5
1419,P_to_R,recovered,True,True,recovered,635.6942447810001,133.0147016409319,601,True,True,True,True,True,1,True,1,True,1,True,2,True,34,recovered,True,True,recovered,723.5347000970002,148.36830948642455,694,True,True,True,True,True,1,True,1,True,1,True,2,True,42
1420,P_to_R,recovered,True,True,recovered,62.569173346,21.86728334822692,271,False,True,True,True,True,2,True,2,True,3,True,3,True,3,recovered,True,True,recovered,119.59086060100002,31.78818796062842,818,False,True,True,True,True,2,True,2,True,3,True,3,True,3
1421,R_to_P,recovered,True,True,recovered,3.9861988670000015,0.7275406478438526,5,True,True,True,True,True,1,True,1,True,2,True,2,True,3,recovered,True,True,recovered,46.88097562999999,15.040368277812377,82,True,True,True,True,True,1,True,1,True,2,True,2,True,4
1422,P_to_R,recovered,True,True,recovered,35.58502136599999,10.516516842879355,90,True,True,True,True,True,1,True,1,True,2,True,4,True,8,recovered,True,True,recovered,44.484376399999995,12.5346908448264,106,True,True,True,True,True,1,True,1,True,2,True,4,True,10
1423,R_to_P,recovered,True,True,recovered,7.063387094000001,1.301018706522882,4,True,True,True,True,True,1,True,1,True,1,True,1,True,4,recovered,True,True,recovered,25.508172717,5.299136670306325,38,True,True,True,True,True,1,True,1,True,1,True,1,True,4
1424,P_to_R,recovered,True,True,recovered,131.39610839600002,41.69230570597574,122,True,True,True,True,True,1,True,1,True,2,True,2,True,2,recovered,True,True,recovered,142.117447168,43.653910962399095,135,True,True,True,True,True,1,True,1,True,2,True,2,True,2
1425,P_to_R,recovered,True,True,recovered,8.989597555999998,3.069664412178099,96,True,True,True,True,True,2,True,2,True,2,True,3,True,3,recovered,True,True,recovered,98.80440083400002,19.830192036693916,489,True,True,True,True,True,2,True,2,True,2,True,6,True,8
1426,P_to_R,recovered,True,True,recovered,165.489829079,54.06676017958671,132,True,True,True,True,True,1,True,1,True,1,True,1,True,3,recovered,True,True,recovered,179.10074603300004,57.05484134145081,154,True,True,True,True,True,1,True,1,True,1,True,1,True,6
1427,P_to_R,recovered,True,True,recovered,8.071806519,2.475104576908052,97,True,True,True,True,True,1,True,1,True,1,True,1,True,1,recovered,True,True,recovered,10.499413977000001,2.92501154076308,102,True,True,True,True,True,1,True,1,True,1,True,1,True,2
1428,P_to_R,recovered,True,True,recovered,23.888562239,8.667125743813813,47,True,True,True,True,True,1,True,1,True,1,True,2,True,3,recovered,True,True,recovered,27.676097541999997,9.634893761947751,145,True,True,True,True,True,1,True,1,True,1,True,2,True,4
1429,P_to_R,recovered,True,True,recovered,143.17331389100002,22.43103198800236,481,True,True,True,True,True,1,True,1,True,3,True,9,True,17,recovered,True,True,recovered,1144.2525160080002,176.97663842048496,10574,True,True,True,True,True,1,True,1,True,3,True,9,True,18
1430,P_to_R,recovered,True,True,recovered,65.017828639,23.763821763917804,305,True,True,True,True,True,1,True,1,True,2,True,9,True,11,recovered,True,True,recovered,183.128041322,51.962736518122256,1271,True,True,True,True,True,1,True,1,True,2,True,14,True,18
1431,P_to_R,recovered,True,True,recovered,5.6589228920000005,1.5027501669246703,126,True,True,True,True,True,1,True,1,True,4,True,5,True,5,recovered,True,True,recovered,19.820742875,5.499287822283804,558,True,True,True,True,True,1,True,1,True,4,True,5,True,6
1432,P_to_R,recovered,True,True,recovered,91.626929992,32.799846252426505,229,True,True,True,True,True,1,True,1,True,2,True,2,True,7,recovered,True,True,recovered,191.65880826699998,54.03793918713927,1034,True,True,True,True,True,1,True,1,True,2,True,2,True,10
1433,P_to_R,recovered,True,True,recovered,64.546614719,19.296259538270533,311,True,True,True,True,True,1,True,1,True,3,True,7,True,13,recovered,True,True,recovered,167.479262541,44.56631041131914,951,True,True,True,True,True,1,True,1,True,3,True,9,True,19
1434,P_to_R,recovered,True,True,recovered,14.676754954,3.95265637524426,32,True,True,True,True,True,1,True,1,True,4,True,4,True,6,recovered,True,True,recovered,46.323677726,12.416298971511424,166,True,True,True,True,True,1,True,1,True,4,True,4,True,7
1435,P_to_R,recovered,True,True,recovered,29.424331954000003,9.476806879974902,315,True,True,True,True,True,1,True,1,True,3,True,4,True,10,recovered,True,True,recovered,49.555654365,13.496136732399464,500,True,True,True,True,True,1,True,1,True,3,True,7,True,19
1436,P_to_R,recovered,True,True,recovered,80.15640540099997,28.940647214651108,178,True,True,True,True,True,1,True,1,True,3,True,4,True,6,recovered,True,True,recovered,103.84186796999997,34.836174262687564,745,True,True,True,True,True,1,True,1,True,3,True,5,True,8
1437,P_to_R,recovered,True,True,recovered,26.817289417,7.12974290503189,146,True,True,True,True,True,1,True,1,True,2,True,2,True,5,recovered,True,True,recovered,34.519221017999996,9.817116174381226,183,True,True,True,True,True,1,True,1,True,2,True,2,True,5
1438,P_to_R,recovered,True,True,recovered,35.626215512,12.278334357077256,175,True,True,True,True,True,1,True,1,True,2,True,2,True,5,recovered,True,True,recovered,49.45130173,15.329052473185584,924,True,True,True,True,True,1,True,1,True,2,True,2,True,7
1439,P_to_R,recovered,True,True,recovered,88.693963487,26.031518005998805,230,True,True,True,True,True,1,True,1,True,2,True,2,True,3,recovered,True,True,recovered,95.418120396,27.440239161718637,231,True,True,True,True,True,1,True,1,True,3,True,3,True,4
1440,P_to_R,recovered,True,True,recovered,18.590975272999998,5.745102160610259,180,True,True,True,True,True,1,True,1,True,2,True,2,True,2,recovered,True,True,recovered,79.80344002000001,16.276361305033788,1891,True,True,True,True,True,1,True,1,True,2,True,2,True,3
1441,P_to_R,recovered,True,True,recovered,74.603769287,29.95911147026345,276,True,True,True,True,True,1,True,1,True,4,True,6,True,11,recovered,True,True,recovered,218.34188450499997,58.64756175340153,2204,True,True,True,True,True,1,True,1,True,4,True,7,True,14
1442,P_to_R,recovered,True,True,recovered,51.25259765200001,19.28659193776548,90,True,True,True,True,True,1,True,1,True,4,True,4,True,7,recovered,True,True,recovered,77.52002013100001,27.45573038747534,259,True,True,True,True,True,1,True,1,True,4,True,4,True,7
1443,P_to_R,recovered,True,True,recovered,62.888022766999995,21.23327818303369,371,True,True,True,True,True,1,True,1,True,3,True,10,True,14,recovered,True,True,recovered,157.769400422,39.39755732472986,1175,True,True,True,True,True,1,True,1,True,3,True,10,True,15
1444,P_to_R,recovered,True,True,recovered,18.233313736,3.499594101216644,20,True,True,True,True,True,2,True,2,True,4,True,4,True,10,recovered,True,True,recovered,271.68651059599995,54.760185349034145,1185,True,True,True,True,True,2,True,2,True,4,True,4,True,12
1445,P_to_R,recovered,True,True,recovered,22.019762875,3.4660404436290264,9,True,True,True,True,True,1,True,1,True,2,True,4,True,8,recovered,True,True,recovered,321.00416383199996,62.390173592139035,892,True,True,True,True,True,1,True,1,True,2,True,4,True,8
1446,P_to_R,recovered,True,True,recovered,59.222874745999995,19.295134285232052,67,True,True,True,True,True,1,True,1,True,2,True,2,True,8,recovered,True,True,recovered,105.48273976600001,29.055134096182883,202,True,True,True,True,True,1,True,1,True,2,True,2,True,11
1447,P_to_R,recovered,True,True,recovered,79.55333642900001,22.994724976830184,219,True,True,True,True,True,1,True,1,True,5,True,5,True,5,recovered,True,True,recovered,91.15940178400001,25.11886502848938,245,True,True,True,True,True,1,True,1,True,5,True,5,True,5
1448,P_to_R,recovered,True,True,recovered,22.794491513999997,7.940100511536002,57,True,True,True,True,True,1,True,1,True,2,True,6,True,7,recovered,True,True,recovered,55.049111268999994,16.589833835605532,794,True,True,True,True,True,1,True,1,True,2,True,8,True,11
1449,P_to_R,recovered,True,True,recovered,8.567719445999998,2.1956617443356663,56,True,True,True,True,True,1,True,1,True,2,True,3,True,7,recovered,True,True,recovered,14.911698043,3.555418164934963,125,True,True,True,True,True,1,True,1,True,2,True,4,True,12
1450,P_to_R,recovered,True,True,recovered,5.090086672,1.215875580906868,38,True,True,True,True,True,1,True,1,True,2,True,2,True,4,recovered,True,True,recovered,20.386668396,4.919322531437501,116,True,True,True,True,True,1,True,1,True,2,True,2,True,5
1451,P_to_R,recovered,True,True,recovered,297.3269489919999,108.38558120280504,218,True,True,True,True,True,2,True,2,True,4,True,4,True,8,recovered,True,True,recovered,322.332627937,114.29804657399654,379,True,True,True,True,True,2,True,2,True,4,True,4,True,8
1452,P_to_R,recovered,True,True,recovered,44.481964729999994,16.44247502507642,53,True,True,True,True,True,1,True,1,True,3,True,3,True,6,recovered,True,True,recovered,66.756275246,21.71903911512345,202,True,True,True,True,True,1,True,1,True,3,True,3,True,9
1453,P_to_R,recovered,True,True,recovered,405.288936178,82.16180165205151,144,True,True,True,True,True,1,True,1,True,4,True,14,True,22,recovered,True,True,recovered,1384.597768538,261.95598742133006,997,True,True,True,True,True,1,True,1,True,4,True,14,True,23
1454,P_to_R,recovered,True,True,recovered,41.198827058,11.883600370027125,106,True,True,True,True,True,1,True,1,True,3,True,16,True,28,recovered,True,True,recovered,1209.719334336,240.6855076458305,8169,True,True,True,True,True,1,True,1,True,3,True,16,True,28
1455,P_to_R,recovered,True,True,recovered,35.29805351200001,9.66824762756005,74,True,True,True,True,True,1,True,1,True,3,True,3,True,6,recovered,True,True,recovered,103.329189724,24.00186969083734,195,True,True,True,True,True,1,True,1,True,3,True,3,True,9
1456,P_to_R,recovered,True,True,recovered,47.102915057000004,15.187222877517343,59,True,True,True,True,True,1,True,1,True,2,True,4,True,13,recovered,True,True,recovered,225.335996315,52.63519420661032,449,True,True,True,True,True,1,True,1,True,2,True,4,True,13
1457,P_to_R,recovered,True,True,recovered,1.940435168,0.366268340498209,2,True,True,True,True,True,1,True,1,True,2,True,2,True,2,recovered,True,True,recovered,4.024735646,0.8869340801611543,3,True,True,True,True,True,1,True,1,True,2,True,2,True,2
1458,P_to_R,recovered,True,True,recovered,5.894123549999998,1.6104550641030073,40,True,True,True,True,True,1,True,1,True,3,True,3,True,4,recovered,True,True,recovered,7.868218031999998,1.9553729470353574,45,True,True,True,True,True,1,True,1,True,3,True,3,True,5
1459,P_to_R,recovered,True,True,recovered,66.967395415,21.109469718299806,475,True,True,True,True,True,1,True,1,True,3,True,4,True,7,recovered,True,True,recovered,98.442523766,27.589693971909583,1006,True,True,True,True,True,1,True,1,True,4,True,6,True,14
1460,P_to_R,recovered,True,True,recovered,30.835014107999996,5.657152361236513,96,True,True,True,True,True,1,True,1,True,3,True,3,True,5,recovered,True,True,recovered,53.508918918999996,8.355613675899804,97,True,True,True,True,True,1,True,1,True,3,True,3,True,5
1461,P_to_R,recovered,True,True,recovered,25.890712974,6.459054978564382,151,True,True,True,True,True,1,True,1,True,2,True,2,True,3,recovered,True,True,recovered,100.17240341799999,19.46221084240824,1219,True,True,True,True,True,1,True,1,True,2,True,2,True,4
1462,P_to_R,recovered,True,True,recovered,242.849703401,88.88181866472587,311,True,True,True,True,True,1,True,1,True,1,True,1,True,1,recovered,True,True,recovered,310.002673254,104.82378872251138,418,True,True,True,True,True,1,True,1,True,2,True,3,True,8
1463,P_to_R,recovered,True,True,recovered,118.97973138399999,38.56408103904687,268,True,True,True,True,True,1,True,1,True,1,True,1,True,3,recovered,True,True,recovered,231.288019384,66.03568912413903,879,True,True,True,True,True,1,True,1,True,5,True,5,True,14
1464,P_to_R,recovered,True,True,recovered,56.92903490099998,18.62663901085034,120,True,True,True,True,True,1,True,1,True,1,True,1,True,4,recovered,True,True,recovered,91.67672959399998,26.419024267233908,250,True,True,True,True,True,1,True,1,True,1,True,1,True,9
1465,P_to_R,recovered,True,True,recovered,35.911879665,11.63920784718357,222,True,True,True,True,True,1,True,1,True,2,True,9,True,14,recovered,True,True,recovered,381.258234626,69.0279689822346,5377,True,True,True,True,True,1,True,1,True,2,True,9,True,14
1466,P_to_R,recovered,True,True,recovered,61.39450417600001,13.993962566833943,237,True,True,True,True,True,1,True,1,True,1,True,6,True,7,recovered,True,True,recovered,128.150892961,25.609305463265628,501,True,True,True,True,True,1,True,1,True,1,True,6,True,10
1467,P_to_R,recovered,True,True,recovered,77.41234550000001,20.00245290598832,134,True,True,True,True,True,1,True,1,True,1,True,5,True,21,recovered,True,True,recovered,564.9992301540001,101.67221468151547,2521,True,True,True,True,True,1,True,1,True,1,True,5,True,22
1468,P_to_R,recovered,True,True,recovered,15.468183904000002,7.128424680093303,33,True,True,True,True,True,2,True,2,True,3,True,3,True,10,recovered,True,True,recovered,30.228816428000002,10.290009931661189,67,True,True,True,True,True,2,True,2,True,3,True,3,True,10
1469,P_to_R,recovered,True,True,recovered,35.324644920000004,9.358900174498558,82,True,True,True,True,True,1,True,1,True,2,True,6,True,17,recovered,True,True,recovered,205.799192496,40.74705962697044,2290,True,True,True,True,True,1,True,1,True,2,True,6,True,21
1470,P_to_R,recovered,True,True,recovered,21.798872291000002,7.132614595815539,102,True,True,True,True,True,1,True,1,True,3,True,5,True,10,recovered,True,True,recovered,34.288448536000004,9.929620834998786,266,True,True,True,True,True,1,True,1,True,3,True,5,True,10
1471,R_to_P,recovered,True,True,recovered,3.5010900750000014,0.8776526739820838,36,False,False,True,True,False,1,False,2,True,5,True,5,True,14,recovered,True,True,recovered,15.275200366000004,4.536605019588023,112,False,False,True,True,False,1,False,2,True,6,True,7,True,19
1472,P_to_R,recovered,True,True,recovered,18.398030714,7.28845963254571,134,False,True,True,True,True,2,True,3,True,6,True,8,True,24,recovered,True,True,recovered,117.01163419400001,32.287898659706116,602,False,True,True,True,True,2,True,3,True,6,True,10,True,30
1473,P_to_R,recovered,True,True,recovered,51.462130726000005,20.084711793111637,90,True,True,True,True,True,1,True,1,True,5,True,6,True,16,recovered,True,True,recovered,121.09860973699999,35.98355816421099,362,True,True,True,True,True,1,True,1,True,5,True,6,True,26
1474,P_to_R,recovered,True,True,recovered,11.829962717,3.8259362829849124,75,False,True,True,True,False,2,True,3,True,7,True,9,True,15,recovered,True,True,recovered,19.711680783,6.357291346881539,137,False,True,True,True,False,2,True,3,True,7,True,9,True,19
1475,R_to_P,not_recovered,True,True,not_recovered,34.86410742200001,8.597507840953767,136,False,False,False,False,False,4,False,4,False,16,False,16,False,33,not_recovered,True,True,not_recovered,79.3991812,22.9800779200159,321,False,False,False,False,False,4,False,4,False,20,False,20,False,46
1476,P_to_R,recovered,True,True,recovered,4.949089714000001,2.1454908482264727,72,False,True,True,True,False,1,True,3,True,5,True,7,True,7,recovered,True,True,recovered,14.721383542000003,5.005153123755008,225,False,True,True,True,False,1,True,3,True,5,True,8,True,17
1477,P_to_R,recovered,True,True,recovered,27.970235898,10.648552200524136,190,False,True,True,True,False,1,True,3,True,4,True,12,True,24,recovered,True,True,recovered,101.80727079399998,27.378401576541364,1701,False,True,True,True,False,1,True,3,True,4,True,13,True,31
1478,P_to_R,recovered,True,True,recovered,247.70178761400004,91.66752341622487,1266,False,True,True,True,False,1,True,3,True,3,True,6,True,13,recovered,True,True,recovered,771.2071245889999,176.72506056213751,8221,False,True,True,True,False,1,True,3,True,3,True,10,True,26
1479,P_to_R,recovered,True,True,recovered,7.219405909000001,2.4317501643672585,109,True,True,True,True,True,1,True,1,True,2,True,3,True,10,recovered,True,True,recovered,18.224682761999997,6.090987782226875,378,True,True,True,True,True,1,True,1,True,2,True,3,True,16
1480,P_to_R,recovered,True,True,recovered,115.098706204,34.762317379703745,568,True,True,True,True,True,1,True,1,True,1,True,1,True,4,recovered,True,True,recovered,259.4196381449999,64.32604413595982,2905,True,True,True,True,True,1,True,1,True,1,True,1,True,7
1481,P_to_R,recovered,True,True,recovered,39.603498597000005,11.324202092597261,322,True,True,True,True,True,1,True,1,True,1,True,1,True,1,recovered,True,True,recovered,57.470190607,17.172201613197103,537,True,True,True,True,True,1,True,1,True,1,True,1,True,9
1482,P_to_R,recovered,True,True,recovered,5.62329243,1.8924566733185202,6,True,True,True,True,True,1,True,1,True,1,True,1,True,4,recovered,True,True,recovered,11.754638803999999,3.868147784844041,18,True,True,True,True,True,1,True,1,True,1,True,1,True,4
1483,P_to_R,recovered,True,True,recovered,40.708334002,6.326493537984788,34,True,True,True,True,True,1,True,1,True,1,True,5,True,9,recovered,True,True,recovered,1127.8908490400004,170.5930985538289,6789,True,True,True,True,True,1,True,1,True,1,True,5,True,12
1484,P_to_R,recovered,True,True,recovered,85.073152577,23.23404274135828,156,True,True,True,True,True,1,True,1,True,4,True,4,True,4,recovered,True,True,recovered,288.16996535000004,61.50149726588279,4633,True,True,True,True,True,1,True,1,True,4,True,4,True,4
1485,P_to_R,recovered,True,True,recovered,8.422962536999998,2.6438138294033706,88,True,True,True,True,True,1,True,1,True,3,True,4,True,4,recovered,True,True,recovered,53.32338228399999,11.916792882140726,557,True,True,True,True,True,1,True,1,True,3,True,5,True,5
1486,P_to_R,recovered,True,True,recovered,46.29407955599999,18.759879745310172,132,True,True,True,True,True,1,True,1,True,3,True,4,True,6,recovered,True,True,recovered,67.83715475999999,24.29565835930407,233,True,True,True,True,True,1,True,1,True,3,True,5,True,9
1487,P_to_R,recovered,True,True,recovered,7.172092932999999,2.083504452370107,35,True,True,True,True,True,1,True,1,True,2,True,3,True,3,recovered,True,True,recovered,26.959023461999994,7.788862428627908,69,True,True,True,True,True,1,True,1,True,2,True,3,True,6
1488,P_to_R,recovered,True,True,recovered,227.60354948699998,46.53498978889547,93,True,True,True,True,True,1,True,1,True,1,True,9,True,11,recovered,True,True,recovered,700.208413317,119.80149718513712,4502,True,True,True,True,True,1,True,1,True,1,True,9,True,11
1489,P_to_R,recovered,True,True,recovered,102.51871093300001,39.88933358993381,102,True,True,True,True,True,1,True,1,True,3,True,7,True,18,recovered,True,True,recovered,128.688138245,45.63362084701657,532,True,True,True,True,True,1,True,1,True,3,True,9,True,24
1490,P_to_R,recovered,True,True,recovered,142.91606405,52.89733905158937,273,True,True,True,True,True,1,True,1,True,3,True,12,True,19,recovered,True,True,recovered,480.8296034050001,122.27112697856501,1268,True,True,True,True,True,1,True,1,True,3,True,12,True,19
1491,P_to_R,recovered,True,True,recovered,43.02471257,9.953748886007816,242,True,True,True,True,True,1,True,1,True,2,True,4,True,12,recovered,True,True,recovered,479.28640952899997,87.29777072928846,6716,True,True,True,True,True,1,True,1,True,2,True,4,True,12
1492,P_to_R,recovered,True,True,recovered,56.459977487,14.233838484622538,110,True,True,True,True,True,1,True,1,True,1,True,1,True,1,recovered,True,True,recovered,83.454065595,20.154302328824997,246,True,True,True,True,True,1,True,1,True,1,True,1,True,6
1493,P_to_R,recovered,True,True,recovered,654.977715426,199.10978792025708,714,True,True,True,True,True,1,True,1,True,3,True,3,True,4,recovered,True,True,recovered,809.236564258,238.75833198148757,1072,True,True,True,True,True,1,True,1,True,3,True,3,True,8
1494,P_to_R,recovered,True,True,recovered,10.083527988999998,4.692083120346069,58,True,True,True,True,True,1,True,1,True,2,True,4,True,5,recovered,True,True,recovered,32.108176181,9.631691032089293,505,True,True,True,True,True,1,True,1,True,2,True,4,True,5
1495,P_to_R,recovered,True,True,recovered,36.51432826,11.789247299544513,265,True,True,True,True,True,1,True,1,True,3,True,11,True,15,recovered,True,True,recovered,187.36067777300002,39.82577699329704,2083,True,True,True,True,True,1,True,1,True,3,True,11,True,17
1496,P_to_R,recovered,True,True,recovered,4.615928653999999,2.850436432287097,74,True,True,True,True,True,1,True,1,True,3,True,3,True,3,recovered,True,True,recovered,13.027438745000001,4.880154533311725,149,True,True,True,True,True,1,True,1,True,3,True,4,True,5
1497,P_to_R,recovered,True,True,recovered,3.6878462550000006,7.245565964374691,27,True,True,True,True,True,1,True,1,True,2,True,4,True,9,recovered,True,True,recovered,89.142997008,25.834189713699743,568,True,True,True,True,True,1,True,1,True,2,True,4,True,11
1498,P_to_R,recovered,True,True,recovered,1.602760376,0.33767067082226276,1,True,True,True,True,True,1,True,1,True,1,True,1,True,1,recovered,True,True,recovered,4.856901731,0.8784346072934568,10,True,True,True,True,True,1,True,1,True,1,True,1,True,1
1499,P_to_R,recovered,True,True,recovered,3.2515223860000004,0.6244785857852548,2,False,True,True,True,True,2,True,2,True,2,True,2,True,2,recovered,True,True,recovered,9.566018833,2.9648815891705453,34,False,True,True,True,True,2,True,2,True,2,True,2,True,6
1500,P_to_R,recovered,True,True,recovered,37.585741531000004,11.518304080702364,81,True,True,True,True,True,1,True,1,True,2,True,2,True,2,recovered,True,True,recovered,55.107461501,14.82103233691305,270,True,True,True,True,True,1,True,1,True,2,True,2,True,7
1501,P_to_R,recovered,True,True,recovered,63.06087896099999,23.40092468401417,269,True,True,True,True,True,1,True,1,True,3,True,5,True,5,recovered,True,True,recovered,105.01429903599998,32.44382777996361,864,True,True,True,True,True,1,True,1,True,3,True,5,True,6
1502,P_to_R,recovered,True,True,recovered,64.522556898,24.304797287099063,203,True,True,True,True,True,1,True,1,True,3,True,4,True,4,recovered,True,True,recovered,134.165616706,39.4144627796486,787,True,True,True,True,True,1,True,1,True,3,True,4,True,5
1503,P_to_R,recovered,True,True,recovered,591.572351136,91.136932477355,1534,False,True,True,True,True,2,True,2,True,28,True,230,True,396,recovered,False,False,unknown,,,,,,,,,,,,,,,,,
1504,P_to_R,recovered,True,True,recovered,497.1673149930001,102.00167085696012,294,True,True,True,True,True,1,True,1,True,7,True,10,True,27,recovered,True,True,recovered,2167.731754313,429.6898787023965,2685,True,True,True,True,True,1,True,1,True,7,True,10,True,30
1505,P_to_R,recovered,True,True,recovered,22.331709078,6.054839005460963,136,True,True,True,True,True,1,True,1,True,3,True,3,True,4,recovered,True,True,recovered,36.681530679,11.034669725690037,223,True,True,True,True,True,1,True,1,True,3,True,3,True,4
1506,P_to_R,recovered,True,True,recovered,6.386087624000001,1.5383546955417842,131,False,False,False,False,False,2,False,2,False,4,False,4,False,5,recovered,True,True,recovered,11.779906136,2.964267627103254,186,True,True,True,True,True,1,True,1,True,3,True,3,True,6
1507,P_to_R,recovered,True,True,recovered,7.1684805,2.015840331558138,87,True,True,True,True,True,1,True,1,True,3,True,5,True,11,recovered,True,True,recovered,9.963442317,2.5551119446754456,137,True,True,True,True,True,1,True,1,True,3,True,5,True,16
1508,P_to_R,recovered,True,True,recovered,27.939930367999995,8.252453399822116,226,True,True,True,True,True,1,True,1,True,3,True,3,True,4,recovered,True,True,recovered,34.219016610999994,9.913580677472055,306,True,True,True,True,True,1,True,1,True,3,True,3,True,5
1509,P_to_R,recovered,True,True,recovered,288.568754175,80.7061045365408,571,True,True,True,True,True,1,True,1,True,6,True,9,True,24,recovered,True,True,recovered,454.93553933,114.33055662550032,1430,True,True,True,True,True,1,True,1,True,7,True,13,True,36
1510,P_to_R,recovered,True,True,recovered,11.640962984,3.4210816216655076,127,True,True,True,True,True,1,True,1,True,6,True,6,True,15,recovered,True,True,recovered,66.80237476399999,15.558435826562345,1344,True,True,True,True,True,1,True,1,True,7,True,7,True,32
1511,P_to_R,recovered,True,True,recovered,11.028586768000002,3.3005735306069255,96,True,True,True,True,True,1,True,1,True,3,True,4,True,9,recovered,True,True,recovered,59.37468700600001,13.59391754399985,1201,True,True,True,True,True,1,True,1,True,4,True,6,True,17
1512,P_to_R,recovered,True,True,recovered,127.847497482,41.494032819522545,284,False,True,True,True,True,2,True,2,True,4,True,4,True,13,recovered,True,True,recovered,219.4787347,56.80872320267372,985,False,True,True,True,True,2,True,2,True,4,True,7,True,21
1513,P_to_R,recovered,True,True,recovered,131.32333482599998,46.36882288497873,316,True,True,True,True,True,2,True,2,True,4,True,4,True,10,recovered,True,True,recovered,223.468984068,61.975472503574565,1453,True,True,True,True,True,2,True,2,True,5,True,12,True,18
1514,P_to_R,recovered,True,True,recovered,142.14923858300003,50.21253373310901,276,True,True,True,True,True,2,True,2,True,4,True,4,True,10,recovered,True,True,recovered,257.59889962000005,70.26873437641189,1631,True,True,True,True,True,2,True,2,True,4,True,7,True,17
1515,P_to_R,recovered,True,True,recovered,76.00588456700002,23.846087070414796,101,False,True,True,True,False,1,True,2,True,2,True,3,True,9,recovered,True,True,recovered,90.08205096600003,26.825174967525527,345,False,True,True,True,False,1,True,2,True,2,True,6,True,18
1516,P_to_R,recovered,True,True,recovered,108.68631759200001,37.46094240969978,95,False,True,True,True,False,1,True,3,True,6,True,12,True,31,recovered,True,True,recovered,881.6380552590001,200.09801814332604,1276,False,True,True,True,False,1,True,3,True,6,True,14,True,52
1517,P_to_R,recovered,True,True,not_recovered,59.07021115100001,18.136702908435836,900,False,False,False,True,False,4,True,9,True,9,True,35,True,75,recovered,True,True,not_recovered,307.373777477,64.57203204371035,8070,False,False,False,True,False,4,True,9,True,9,True,35,True,84
1518,P_to_R,recovered,True,True,not_recovered,51.07443282900001,10.953073613112792,431,False,False,False,True,False,2,True,7,True,11,True,44,True,106,recovered,True,True,not_recovered,795.540656842,120.06286841002293,7460,False,False,False,True,False,2,True,9,True,21,True,54,True,130
1519,P_to_R,recovered,True,True,recovered,103.54147815799999,38.51513713551685,283,False,True,True,True,False,2,True,3,True,5,True,9,True,10,recovered,True,True,recovered,144.049236319,47.129810200538486,578,False,False,True,True,False,4,True,5,True,9,True,15,True,42
1520,P_to_R,recovered,True,True,recovered,67.905100975,14.759550534188747,117,True,True,True,True,True,1,True,1,True,3,True,3,True,11,recovered,True,True,recovered,471.059503635,83.8063491191715,4690,True,True,True,True,True,1,True,1,True,3,True,3,True,11
1521,P_to_R,recovered,True,True,recovered,4.312318787000001,1.2905572270974517,172,True,True,True,True,True,1,True,1,True,4,True,6,True,12,recovered,True,True,recovered,12.120644816,3.2824358283542097,523,True,True,True,True,True,1,True,1,True,4,True,7,True,21
1522,P_to_R,recovered,True,True,recovered,170.72286347799997,63.04158623237163,777,True,True,True,True,True,1,True,1,True,3,True,5,True,22,recovered,True,True,recovered,241.667546932,77.98497331584804,2110,True,True,True,True,True,1,True,1,True,3,True,5,True,37
1523,P_to_R,recovered,True,True,recovered,108.28455429400002,34.17445857357234,685,False,True,True,True,True,2,True,2,True,8,True,26,True,38,recovered,True,True,recovered,276.928403058,64.86247038235888,2220,False,True,True,True,True,2,True,2,True,8,True,26,True,56
1524,P_to_R,recovered,True,True,recovered,59.14307918499999,21.58951547089964,197,True,True,True,True,True,1,True,1,True,3,True,7,True,17,recovered,True,True,recovered,82.11829405900001,26.594295708462596,1070,True,True,True,True,True,1,True,1,True,3,True,11,True,29
1525,P_to_R,recovered,True,True,recovered,25.112648566999997,5.044282738817856,32,False,True,True,True,True,2,True,2,True,2,True,14,True,14,recovered,True,True,recovered,341.71314847100007,59.72980739525519,6145,False,True,True,True,True,2,True,2,True,2,True,16,True,16
1526,P_to_R,recovered,True,True,recovered,61.34067408200001,21.1469590368215,293,False,True,True,True,True,3,True,5,True,10,True,13,True,28,recovered,True,True,recovered,351.529889894,80.15512832487002,5371,False,True,True,True,True,3,True,5,True,10,True,13,True,31
1527,P_to_R,recovered,True,True,recovered,57.372520044999995,20.481433139415458,346,False,True,True,True,True,3,True,4,True,4,True,4,True,8,recovered,True,True,recovered,220.47471719300003,55.33471139706671,3506,False,True,True,True,True,3,True,4,True,4,True,6,True,12
1528,P_to_R,recovered,True,True,recovered,53.319494451000004,15.74648755043745,177,True,True,True,True,True,3,True,4,True,5,True,6,True,19,recovered,True,True,recovered,167.529364404,39.04745944519527,952,True,True,True,True,True,3,True,4,True,6,True,9,True,31
1529,P_to_R,recovered,True,True,recovered,55.172903623,16.91421516984701,76,True,True,True,True,True,3,True,4,True,5,True,11,True,21,recovered,True,True,recovered,211.654208983,46.66120710433461,2147,True,True,True,True,True,3,True,4,True,5,True,13,True,27
1530,P_to_R,recovered,True,True,recovered,96.70313010200002,32.04644334875047,176,True,True,True,True,True,3,True,4,True,6,True,13,True,19,recovered,True,True,recovered,175.197055764,49.48533379891887,740,True,True,True,True,True,3,True,4,True,6,True,17,True,30
1531,P_to_R,recovered,True,True,recovered,40.285755925,13.583263345062733,86,False,True,True,True,True,3,True,4,True,5,True,6,True,9,recovered,True,True,recovered,102.90909421899998,24.59870756510645,682,False,True,True,True,True,3,True,4,True,5,True,6,True,12
1532,P_to_R,recovered,True,True,recovered,68.477037457,24.086528883315623,151,False,True,True,True,True,3,True,4,True,5,True,6,True,9,recovered,True,True,recovered,161.49215104099997,41.76435045991093,2406,False,True,True,True,True,3,True,4,True,6,True,9,True,15
1533,P_to_R,recovered,True,True,recovered,62.656800118999996,23.445757593028247,321,False,False,True,True,True,4,True,7,True,9,True,17,True,30,recovered,True,True,recovered,412.422110776,86.33060189941898,4679,False,False,True,True,True,4,True,7,True,9,True,17,True,35
1534,P_to_R,recovered,True,True,recovered,80.77701700299998,26.10484553896822,91,True,True,True,True,True,3,True,4,True,4,True,6,True,10,recovered,True,True,recovered,333.644762702,76.37403240520507,2075,True,True,True,True,True,3,True,4,True,5,True,7,True,13
1535,P_to_R,recovered,True,True,recovered,78.32110634099998,21.11916244821623,275,True,True,True,True,True,2,True,2,True,4,True,20,True,62,recovered,True,True,recovered,252.02681132999996,54.35017009358853,2533,True,True,True,True,True,2,True,2,True,4,True,22,True,104
1536,P_to_R,recovered,True,True,recovered,117.77305858,42.33105397084728,145,False,True,True,True,True,2,True,2,True,10,True,22,True,34,recovered,True,True,recovered,253.44315027899998,69.7254691068083,1016,False,True,True,True,True,2,True,2,True,10,True,24,True,66
1537,P_to_R,recovered,True,True,recovered,11.407174798000002,2.511096242815256,40,False,True,True,True,True,2,True,2,True,4,True,16,True,24,recovered,True,True,recovered,41.540561457,8.933322111610323,345,False,True,True,True,True,2,True,2,True,4,True,16,True,32
1538,P_to_R,recovered,True,True,recovered,22.504233168,5.382264127023518,132,True,True,True,True,True,1,True,1,True,2,True,5,True,10,recovered,True,True,recovered,70.15523401500002,15.776717029511929,383,True,True,True,True,True,1,True,1,True,2,True,6,True,13
1539,P_to_R,recovered,True,True,recovered,47.09986111199999,14.994488740339875,1086,True,True,True,True,True,1,True,1,True,3,True,6,True,6,recovered,True,True,recovered,171.24080654999997,37.60515153454617,3117,True,True,True,True,True,1,True,1,True,3,True,6,True,7
1540,P_to_R,recovered,True,True,recovered,18.763059306,5.631943385582417,187,False,True,True,True,False,1,False,2,True,4,True,7,True,16,recovered,True,True,recovered,29.67564061,8.107671628240496,435,False,True,True,True,False,1,False,2,True,4,True,7,True,18
1541,P_to_R,recovered,True,True,recovered,23.794232087999998,6.6912627320270985,41,True,True,True,True,True,1,True,1,True,1,True,2,True,4,recovered,True,True,recovered,32.28928143699999,8.62742423499003,91,True,True,True,True,True,1,True,1,True,1,True,2,True,5
1542,P_to_R,recovered,True,True,recovered,28.355356052,9.836128178518265,64,True,True,True,True,True,1,True,1,True,1,True,2,True,5,recovered,True,True,recovered,42.865205527,13.075234656687826,225,True,True,True,True,True,1,True,1,True,1,True,2,True,9
1543,P_to_R,recovered,True,True,recovered,24.932506402999994,7.639129909221083,47,True,True,True,True,True,1,True,1,True,1,True,2,True,5,recovered,True,True,recovered,34.842676082,9.888990144710988,145,True,True,True,True,True,1,True,1,True,1,True,2,True,8
1544,P_to_R,recovered,True,True,recovered,38.545940077,11.9138646828942,84,True,True,True,True,True,1,True,1,True,4,True,4,True,7,recovered,True,True,recovered,83.85226746399998,22.199243970913813,658,True,True,True,True,True,1,True,1,True,4,True,4,True,8
1545,P_to_R,recovered,True,True,recovered,113.089292777,35.8000471831765,342,True,True,True,True,True,1,True,1,True,3,True,17,True,58,recovered,True,True,recovered,457.3557078020001,122.90024335356429,2509,True,True,True,True,True,1,True,1,True,3,True,17,True,77
1546,P_to_R,recovered,True,True,recovered,531.570506516,119.50296740792692,1326,True,True,True,True,True,1,True,1,True,1,True,8,True,19,recovered,True,True,recovered,971.2549000140001,191.28497812058777,7544,True,True,True,True,True,1,True,1,True,1,True,8,True,22
1547,P_to_R,recovered,True,True,recovered,461.76484845,95.62850779155269,95,True,True,True,True,True,1,True,1,True,2,True,5,True,14,recovered,True,True,recovered,1981.04449952,359.42006306443363,1344,True,True,True,True,True,1,True,1,True,2,True,5,True,14
1548,P_to_R,recovered,True,True,recovered,74.518834076,17.874812305904925,95,True,True,True,True,True,1,True,1,True,3,True,7,True,7,recovered,True,True,recovered,293.238227722,50.89792170887813,2999,True,True,True,True,True,1,True,1,True,3,True,7,True,7
1549,P_to_R,recovered,True,True,recovered,8.984086323,2.7812641519121826,49,False,True,True,True,True,3,True,4,True,4,True,4,True,11,recovered,True,True,recovered,16.080628521,4.903668000595644,157,False,True,True,True,True,3,True,4,True,5,True,6,True,23
1550,P_to_R,recovered,True,True,recovered,53.82253209899999,19.747541962657124,186,False,True,True,True,True,3,True,4,True,7,True,11,True,25,recovered,True,True,recovered,166.594475526,45.48483607219532,2756,False,True,True,True,True,3,True,4,True,7,True,11,True,35
1551,P_to_R,recovered,True,True,recovered,15.510648411999995,4.37023061234504,29,False,True,True,True,True,3,True,4,True,5,True,6,True,11,recovered,True,True,recovered,28.339649696999995,7.623733818996698,169,False,True,True,True,True,3,True,4,True,5,True,6,True,16
1552,P_to_R,recovered,True,True,recovered,10.959191015,3.003468019887805,110,False,True,True,True,True,3,True,5,True,8,True,8,True,20,recovered,True,True,recovered,81.287674877,16.523251980077475,3159,False,True,True,True,True,3,True,5,True,8,True,8,True,34
1553,P_to_R,not_recovered,True,True,not_recovered,18.296039518999997,5.170085383811966,164,False,False,False,False,False,3,False,4,False,5,False,6,False,25,not_recovered,True,True,not_recovered,110.783723423,20.923468107590452,2846,False,False,False,False,False,3,False,4,False,5,False,6,False,28
1554,P_to_R,recovered,True,True,recovered,8.295837593000002,1.5214200359769166,7,True,True,True,True,True,4,True,4,True,4,True,7,True,7,recovered,True,True,recovered,156.723742756,21.300211461028084,432,True,True,True,True,True,4,True,4,True,5,True,12,True,13
1555,P_to_R,recovered,True,True,recovered,14.057518492999998,4.234478292521089,46,True,True,True,True,True,1,True,1,True,3,True,3,True,4,recovered,True,True,recovered,29.087509733999998,8.043712440878153,136,True,True,True,True,True,1,True,1,True,3,True,3,True,4
1556,P_to_R,recovered,True,True,recovered,20.980395211999998,6.292864344082773,322,True,True,True,True,True,1,True,1,True,2,True,6,True,12,recovered,True,True,recovered,74.616414635,16.49418953526765,3111,True,True,True,True,True,1,True,1,True,2,True,6,True,13
1557,P_to_R,recovered,True,True,recovered,10.761120894,3.663121957331896,111,True,True,True,True,True,1,True,1,True,3,True,5,True,10,recovered,True,True,recovered,95.20233102800002,19.477977491915226,2287,True,True,True,True,True,1,True,1,True,3,True,5,True,11
1558,P_to_R,recovered,True,True,recovered,543.182358403,187.28270605020225,1879,True,True,True,True,True,1,True,1,True,3,True,21,True,28,recovered,True,True,recovered,1081.1429061479998,286.28730697138235,3599,True,True,True,True,True,1,True,1,True,3,True,22,True,29
1559,P_to_R,recovered,True,True,recovered,350.24088285799996,83.0279070630204,246,True,True,True,True,True,1,True,1,True,3,True,13,True,18,recovered,True,True,recovered,821.567586555,157.29224494541995,1794,True,True,True,True,True,1,True,1,True,3,True,15,True,32
1560,P_to_R,recovered,True,True,recovered,50.54673123600001,17.245387198403478,77,True,True,True,True,True,1,True,1,True,2,True,7,True,7,recovered,True,True,recovered,311.97889547399996,65.6614313418977,4601,True,True,True,True,True,1,True,1,True,2,True,7,True,10
1561,P_to_R,recovered,True,True,recovered,377.4077998529999,53.65371904242784,62,True,True,True,True,True,1,True,1,True,1,True,15,True,40,recovered,False,False,unknown,,,,,,,,,,,,,,,,,
1562,P_to_R,recovered,True,True,recovered,58.243828713,5.956002101302147,24,True,True,True,True,True,1,True,1,True,4,True,9,True,17,recovered,True,True,recovered,378.20306839600005,57.20395960006863,2405,True,True,True,True,True,1,True,1,True,4,True,11,True,23
1563,P_to_R,recovered,True,True,recovered,40.544126461000005,11.55244142562151,206,True,True,True,True,True,1,True,1,True,6,True,8,True,14,recovered,True,True,recovered,404.674093583,77.2934373409953,6688,True,True,True,True,True,1,True,1,True,6,True,8,True,26
1564,P_to_R,recovered,True,True,recovered,47.872531544,14.323217905592173,861,True,True,True,True,True,1,True,1,True,3,True,6,True,8,recovered,True,True,recovered,428.66235588999996,88.56687576929107,7948,True,True,True,True,True,1,True,1,True,3,True,7,True,14
1565,P_to_R,recovered,True,True,recovered,51.639784451,15.228239864110947,50,True,True,True,True,True,1,True,1,True,3,True,3,True,12,recovered,True,True,recovered,85.62639939599998,22.530316790100187,250,True,True,True,True,True,1,True,1,True,3,True,3,True,12
1566,P_to_R,recovered,True,True,recovered,32.892057771,8.416870237328112,111,True,True,True,True,True,1,True,1,True,3,True,3,True,6,recovered,True,True,recovered,135.832300757,27.300449872389436,3402,True,True,True,True,True,1,True,1,True,3,True,3,True,9
1567,P_to_R,recovered,True,True,recovered,205.18777592900003,44.91424819547683,184,True,True,True,True,True,1,True,1,True,2,True,21,True,34,recovered,True,True,recovered,2262.509204853,337.46930173784494,4183,True,True,True,True,True,1,True,1,True,2,True,21,True,34
1568,P_to_R,unknown,True,True,not_recovered,286.97158925599996,98.03723275708035,515,False,False,False,False,False,4,False,4,False,10,False,19,False,61,recovered,True,True,not_recovered,544.593006546,150.57935102051124,1733,False,False,False,False,False,4,False,5,False,13,False,27,False,83
1569,P_to_R,recovered,True,True,recovered,68.020250243,22.92884205421433,143,False,True,True,True,True,2,True,2,True,5,True,13,True,27,recovered,True,True,recovered,121.115344654,34.98630575882271,516,False,True,True,True,True,2,True,2,True,6,True,15,True,33
1570,P_to_R,recovered,True,True,recovered,186.993763954,46.81749606481753,216,False,True,True,True,True,2,True,2,True,5,True,14,True,35,recovered,True,True,recovered,347.04040515299994,76.909075262025,2865,False,True,True,True,True,2,True,2,True,5,True,14,True,35
1571,P_to_R,recovered,True,True,recovered,4.50692895,1.382079731207341,36,False,False,True,True,False,2,True,5,True,7,True,13,True,36,recovered,True,True,recovered,47.733940636,10.581599644385278,471,False,False,True,True,False,3,True,6,True,8,True,17,True,49
1572,P_to_R,recovered,True,True,not_recovered,4.670809041,1.5855355714447796,56,False,False,False,False,False,2,False,2,False,4,False,16,True,25,recovered,True,True,not_recovered,18.905265451,4.612636015750468,170,False,False,False,False,False,2,False,2,False,4,False,18,True,32
1573,P_to_R,recovered,True,True,recovered,5.3711703459999995,1.2937192844692618,11,True,True,True,True,True,2,True,2,True,2,True,8,True,8,recovered,True,True,recovered,27.575200422,6.242723288014531,512,True,True,True,True,True,2,True,2,True,2,True,10,True,11
1574,P_to_R,not_recovered,True,True,not_recovered,36.976857404,10.479828766081482,298,False,False,False,False,False,1,False,3,False,5,False,16,False,52,recovered,True,True,not_recovered,80.669587415,19.1414931435138,792,False,False,False,True,False,2,False,4,True,10,True,23,True,85
1575,P_to_R,recovered,True,True,recovered,25.327843732999998,5.544877083972096,170,True,True,True,True,True,1,True,1,True,4,True,9,True,16,recovered,True,True,recovered,59.276246689000004,12.912575792521238,366,True,True,True,True,True,2,True,2,True,7,True,17,True,31
1576,P_to_R,recovered,True,True,recovered,27.846649855,8.034825160168111,117,True,True,True,True,True,1,True,1,True,4,True,8,True,12,recovered,True,True,recovered,57.088922146,14.941353547852486,281,True,True,True,True,True,2,True,2,True,7,True,15,True,26
1577,P_to_R,recovered,True,True,recovered,438.51011722800007,140.04359573544934,155,False,True,True,True,True,3,True,3,True,3,True,4,True,4,recovered,True,True,recovered,786.5111019520002,192.3946419148706,2617,False,True,True,True,True,3,True,3,True,9,True,22,True,32
1578,P_to_R,recovered,True,True,recovered,190.156735152,55.63213602825999,127,False,True,True,True,True,2,True,2,True,4,True,4,True,4,recovered,True,True,recovered,280.578374091,71.32372643402778,800,False,True,True,True,True,2,True,2,True,6,True,12,True,18
1579,P_to_R,recovered,True,True,recovered,8.817099387,3.1218252547550946,37,True,True,True,True,True,3,True,6,True,6,True,6,True,6,recovered,True,True,recovered,64.85390294300001,11.63082413515076,389,True,True,True,True,True,5,True,8,True,8,True,8,True,11
1580,P_to_R,recovered,True,True,recovered,2.021817509,0.446397686842829,12,False,True,True,True,True,2,True,2,True,2,True,8,True,12,recovered,True,True,recovered,5.998473915000001,1.3168003393802792,75,False,True,True,True,True,2,True,2,True,2,True,8,True,13
1581,P_to_R,recovered,True,True,recovered,33.974896175000005,5.206473798956722,24,False,True,True,True,True,2,True,2,True,4,True,8,True,12,recovered,True,True,recovered,661.6566832139999,101.56681020464748,2705,False,True,True,True,True,2,True,2,True,4,True,8,True,12
1582,P_to_R,recovered,True,True,recovered,18.198995251999996,5.776512037264183,29,False,True,True,True,True,2,True,2,True,6,True,13,True,22,recovered,True,True,recovered,112.27837136299999,23.915823742048815,990,False,True,True,True,True,2,True,2,True,6,True,13,True,24
1583,P_to_R,recovered,True,True,recovered,3.863816869,0.7679192461073399,16,False,True,True,True,True,2,True,2,True,4,True,6,True,8,recovered,True,True,recovered,30.101831156,7.423676478210837,240,False,True,True,True,True,2,True,2,True,4,True,8,True,10
1584,P_to_R,recovered,True,True,recovered,162.64190239500002,52.41562017123215,455,True,True,True,True,True,2,True,2,True,10,True,48,True,80,recovered,True,True,recovered,297.246314953,77.35888379462995,2189,True,True,True,True,True,2,True,2,True,10,True,48,True,105
1585,P_to_R,recovered,True,True,recovered,18.718458496,4.0274575089570135,132,False,True,True,True,True,2,True,2,True,6,True,17,True,58,recovered,True,True,recovered,627.565795132,130.79592008912005,2688,False,True,True,True,True,2,True,2,True,6,True,17,True,61
1586,P_to_R,recovered,True,True,recovered,1279.5626633400002,185.90591462305747,716,False,True,True,True,True,2,True,2,True,5,True,10,True,18,recovered,True,True,recovered,2883.119688197,411.5565269449726,14705,False,True,True,True,True,2,True,2,True,5,True,10,True,22
1587,P_to_R,recovered,True,True,recovered,92.470671342,9.601279725087807,28,False,True,True,True,True,2,True,2,True,6,True,17,True,28,recovered,True,True,recovered,273.592428031,42.81836959696375,5431,False,True,True,True,True,2,True,2,True,6,True,17,True,31
1588,P_to_R,recovered,True,True,recovered,30.814927292999993,8.536987644154578,149,False,False,True,True,False,2,True,7,True,15,True,38,True,103,recovered,True,True,recovered,70.577354836,16.36120455339551,1022,False,False,True,True,False,2,True,7,True,20,True,49,True,149
1589,P_to_R,recovered,True,True,recovered,30.922690203000002,9.230199383571744,300,False,False,False,True,False,3,True,11,True,23,True,62,True,175,recovered,True,True,recovered,82.92372694599999,18.743595335865393,1629,False,False,False,True,False,3,True,11,True,31,True,84,True,264
1590,P_to_R,recovered,True,True,recovered,65.286780462,16.839976206887513,337,False,False,False,True,False,3,True,11,True,26,True,70,True,196,recovered,True,True,recovered,166.01100750799998,36.5462488704361,1493,False,False,False,True,False,3,True,11,True,32,True,85,True,271
1591,P_to_R,recovered,True,True,recovered,130.83960912499998,53.397438667947426,98,False,True,True,True,True,2,True,2,True,4,True,9,True,16,recovered,True,True,recovered,230.81288194299998,76.19585807505064,1567,False,True,True,True,True,2,True,2,True,5,True,10,True,34
1592,P_to_R,recovered,True,True,recovered,1081.9579541970004,193.77976178424433,353,True,True,True,True,True,2,True,2,True,10,True,68,True,168,recovered,True,True,recovered,1652.0515990010006,271.63499775202945,1515,True,True,True,True,True,2,True,2,True,10,True,68,True,172
1593,P_to_R,recovered,True,True,recovered,21.088089358,6.747806537663564,42,False,True,True,True,False,2,True,3,True,6,True,13,True,21,recovered,True,True,recovered,90.67205268300002,23.21183011843823,198,False,False,True,True,False,3,True,4,True,7,True,18,True,33
1594,P_to_R,recovered,True,True,recovered,3.1411205420000003,0.6817057016305625,20,False,True,True,True,True,2,True,2,True,4,True,13,True,20,recovered,True,True,recovered,9.924088765999999,2.1601150911301374,141,False,True,True,True,True,2,True,2,True,4,True,13,True,21
1595,P_to_R,recovered,True,True,recovered,4.677525216999999,0.9913597065024078,65,False,False,False,False,False,2,False,3,False,8,False,25,False,64,recovered,True,True,recovered,16.646843864999997,2.917173591442406,317,False,False,True,True,False,2,False,3,True,9,True,28,True,78
1596,P_to_R,recovered,True,True,recovered,2.514562754,0.944545628502965,6,True,True,True,True,True,2,True,2,True,4,True,6,True,6,recovered,True,True,recovered,6.453156801000001,1.8011071649380028,16,True,True,True,True,True,2,True,2,True,4,True,6,True,7
1597,P_to_R,recovered,True,True,recovered,34.37176926400001,13.442251697648317,109,True,True,True,True,True,2,True,2,True,9,True,20,True,36,recovered,True,True,recovered,68.52259345500002,20.823014369700104,366,True,True,True,True,True,2,True,2,True,10,True,21,True,51
1598,P_to_R,recovered,True,True,recovered,6.286778409999999,2.9140808356460184,90,True,True,True,True,True,1,True,1,True,5,True,16,True,36,recovered,True,True,recovered,9.381157833,3.621452567866072,110,True,True,True,True,True,1,True,1,True,6,True,25,True,51
1599,P_to_R,recovered,True,True,recovered,464.7029468240001,115.93869660468772,544,False,True,True,True,True,2,True,2,True,4,True,7,True,48,recovered,True,True,recovered,1120.873000995,196.22829025937244,6442,False,True,True,True,True,2,True,2,True,6,True,9,True,67
1600,P_to_R,recovered,True,True,recovered,12.684399748,3.7338056850712746,88,False,True,True,True,True,2,True,2,True,6,True,18,True,37,recovered,True,True,recovered,158.905133018,29.25340114510618,1221,False,True,True,True,True,2,True,2,True,7,True,20,True,42
1601,P_to_R,recovered,True,True,recovered,6.217900041,1.3740766318514943,32,False,True,True,True,True,2,True,2,True,7,True,18,True,32,recovered,True,True,recovered,34.43913537,6.569160898914561,178,False,True,True,True,True,2,True,2,True,7,True,19,True,36
1602,P_to_R,recovered,True,True,recovered,5.303338549999999,1.1957551967352629,16,False,True,True,True,True,2,True,2,True,5,True,7,True,10,recovered,True,True,recovered,13.189166669,2.638291430659592,28,False,True,True,True,True,2,True,2,True,5,True,7,True,12
1603,P_to_R,recovered,True,True,recovered,6.327367025000001,2.065736942924559,41,False,False,True,True,False,2,True,5,True,7,True,14,True,35,recovered,True,True,recovered,63.439289246,13.140663521364331,800,False,False,True,True,False,2,True,5,True,7,True,14,True,35
1604,P_to_R,recovered,True,True,recovered,9.526373117000002,4.824156383983791,42,False,False,True,True,False,2,True,5,True,7,True,16,True,40,recovered,True,True,recovered,66.097958993,16.704653155058622,605,False,False,True,True,False,2,True,5,True,7,True,16,True,40
1605,P_to_R,recovered,True,True,recovered,13.393262066999998,2.472596811130643,43,True,True,True,True,True,2,True,2,True,4,True,9,True,15,recovered,True,True,recovered,175.40323689899998,30.88734509726055,1875,True,True,True,True,True,2,True,2,True,4,True,9,True,16
1606,P_to_R,unknown,False,False,unknown,,,,,,,,,,,,,,,,,,recovered,False,False,unknown,,,,,,,,,,,,,,,,,
1607,P_to_R,recovered,True,True,recovered,98.28744422199999,31.69386139186099,95,False,True,True,True,False,1,False,2,True,3,True,17,True,53,recovered,True,True,recovered,445.93307136199996,82.46855044923723,1570,False,True,True,True,False,1,False,2,True,3,True,17,True,53
1608,P_to_R,recovered,True,True,recovered,10.417853637,2.776341065298766,51,True,True,True,True,True,1,True,2,True,3,True,9,True,16,recovered,True,True,recovered,40.66579931999999,9.997152167372406,286,True,True,True,True,True,2,True,3,True,4,True,15,True,28
1609,P_to_R,recovered,True,True,recovered,27.616811301999995,7.669428216293454,61,False,True,True,True,True,2,True,2,True,8,True,15,True,25,recovered,True,True,recovered,64.723166729,15.318151694256812,216,False,True,True,True,True,2,True,2,True,8,True,15,True,30
1610,P_to_R,recovered,True,True,recovered,18.868263626,4.389329188037664,59,True,True,True,True,True,3,True,3,True,7,True,20,True,38,recovered,True,True,recovered,284.92344882299994,56.246176469372585,9104,True,True,True,True,True,3,True,3,True,8,True,21,True,43
1611,P_to_R,recovered,True,True,recovered,9.202451030999999,1.960454722866416,38,False,True,True,True,True,2,True,2,True,5,True,19,True,33,recovered,True,True,recovered,38.718439714,8.069596140645444,238,False,True,True,True,True,2,True,2,True,7,True,26,True,51
1612,P_to_R,recovered,True,True,recovered,6.697487112000001,1.1219075229018927,13,False,True,True,True,True,2,True,2,True,5,True,7,True,11,recovered,True,True,recovered,109.855611001,17.717801664955914,2191,False,True,True,True,True,2,True,2,True,5,True,7,True,11
1613,P_to_R,recovered,True,True,recovered,6.933706733999999,1.6398095106706023,14,False,True,True,True,True,2,True,2,True,5,True,9,True,12,recovered,True,True,recovered,15.982280001999998,4.51112128701061,26,False,True,True,True,True,2,True,2,True,5,True,9,True,12
1614,P_to_R,recovered,True,True,recovered,8.054165326,1.5587595920078456,24,False,True,True,True,True,2,True,2,True,5,True,10,True,15,recovered,True,True,recovered,26.412150545,5.402226621750742,89,False,True,True,True,True,2,True,2,True,5,True,11,True,18
1615,P_to_R,recovered,True,True,recovered,3.8433778639999994,2.226362281711772,16,False,True,True,True,True,2,True,2,True,5,True,7,True,10,recovered,True,True,recovered,12.337854019999996,4.1462116648908705,64,False,True,True,True,True,2,True,2,True,5,True,7,True,15
1616,P_to_R,recovered,True,True,recovered,5.972403021,3.5863393214531243,20,True,True,True,True,True,2,True,2,True,4,True,9,True,15,recovered,True,True,recovered,47.244694724999995,12.034342925762758,480,True,True,True,True,True,2,True,2,True,5,True,12,True,23
1617,P_to_R,recovered,True,True,recovered,18.237868488999993,3.809330591931939,35,True,True,True,True,True,2,True,2,True,5,True,15,True,27,recovered,True,True,recovered,211.509345097,37.023855975363404,1572,True,True,True,True,True,2,True,2,True,5,True,15,True,31
1618,P_to_R,recovered,True,True,recovered,3.3766934159999997,1.2264144625514746,15,False,True,True,True,True,2,True,2,True,6,True,10,True,14,recovered,True,True,recovered,8.073821565,2.2786145582795143,26,False,True,True,True,True,2,True,2,True,6,True,10,True,14
1619,P_to_R,recovered,True,True,recovered,2.27449162,0.5441697183996439,9,True,True,True,True,True,2,True,2,True,4,True,9,True,9,recovered,True,True,recovered,5.609442889000001,1.13454956933856,27,True,True,True,True,True,2,True,2,True,5,True,10,True,12
1620,P_to_R,recovered,True,True,recovered,17.169846649999993,5.347641890868545,97,True,True,True,True,True,2,True,2,True,4,True,13,True,23,recovered,True,True,recovered,38.034239797,9.511746699921787,474,True,True,True,True,True,2,True,2,True,4,True,13,True,23
1621,P_to_R,recovered,True,True,not_recovered,27.330238888,9.336977472528815,109,False,False,False,False,False,4,False,7,True,12,True,23,True,58,recovered,True,True,not_recovered,438.234397151,83.97394214011729,14690,False,False,False,False,False,4,False,7,True,12,True,23,True,60
1622,P_to_R,recovered,True,True,recovered,31.257044783,10.332063892390579,94,False,True,True,True,True,2,True,2,True,4,True,9,True,18,recovered,True,True,recovered,109.45101380999999,26.376696307212114,772,False,True,True,True,True,2,True,2,True,4,True,9,True,20
1623,P_to_R,recovered,True,True,recovered,122.02587860199999,36.99537759553641,192,True,True,True,True,True,2,True,2,True,6,True,14,True,22,recovered,True,True,recovered,255.10569146499998,62.59836235875264,1855,True,True,True,True,True,2,True,2,True,6,True,14,True,22
1624,P_to_R,recovered,True,True,recovered,42.745419795,12.793173603480682,93,True,True,True,True,True,1,True,2,True,4,True,15,True,55,recovered,True,True,recovered,924.418229525,275.10892888181843,1147,True,True,True,True,True,1,True,2,True,4,True,17,True,71
1625,P_to_R,recovered,True,True,recovered,25.308256352,4.461318033514544,47,False,True,True,True,True,2,True,2,True,3,True,19,True,27,recovered,True,True,recovered,382.025993779,51.96362492069602,4714,False,True,True,True,True,2,True,2,True,3,True,19,True,30
1626,P_to_R,recovered,True,True,recovered,24.250821360000003,4.204361282289028,47,False,True,True,True,True,2,True,2,True,4,True,20,True,31,recovered,True,True,recovered,585.0250703069999,77.61569998413324,4228,False,True,True,True,True,2,True,2,True,4,True,20,True,33
1627,R_to_P,recovered,True,True,recovered,55.192048643,14.35437280498445,114,False,True,True,True,True,2,True,2,True,3,True,5,True,5,recovered,True,True,recovered,71.295117555,17.378300234675407,122,False,True,True,True,True,2,True,2,True,3,True,5,True,6
1628,P_to_R,recovered,True,True,recovered,69.904773651,23.348301437217742,169,False,True,True,True,True,2,True,2,True,5,True,10,True,16,recovered,True,True,recovered,97.52769430699999,29.36943598370999,283,False,True,True,True,True,2,True,2,True,6,True,11,True,27
1629,P_to_R,recovered,True,True,recovered,78.652109917,22.824581283144653,47,False,True,True,True,True,2,True,2,True,10,True,10,True,17,recovered,True,True,recovered,246.08383214900002,57.24054575804621,843,False,True,True,True,True,2,True,2,True,10,True,10,True,37
1630,P_to_R,recovered,True,True,recovered,10.101980473,2.295537186320871,20,False,True,True,True,True,4,True,6,True,10,True,16,True,20,recovered,True,True,recovered,27.941194963,5.551153429085389,47,False,True,True,True,True,4,True,6,True,10,True,22,True,29
1631,P_to_R,recovered,True,True,recovered,13.077401549,2.7761923181824386,18,False,True,True,True,True,4,True,4,True,6,True,12,True,14,recovered,True,True,recovered,32.943938423,7.210725171957165,45,False,True,True,True,True,4,True,6,True,10,True,21,True,31
1632,P_to_R,recovered,True,True,recovered,15.388660629999999,3.098637990653515,16,False,True,True,True,True,4,True,4,True,6,True,12,True,12,recovered,True,True,recovered,38.091127842000006,8.58642660593614,50,False,True,True,True,True,4,True,6,True,10,True,21,True,27
1633,P_to_R,recovered,True,True,recovered,3.7431755499999997,0.9320638058707118,11,True,True,True,True,True,2,True,2,True,4,True,6,True,8,recovered,True,True,recovered,8.722664187,3.4440516107715666,31,True,True,True,True,True,2,True,2,True,4,True,6,True,8
1634,P_to_R,recovered,True,True,recovered,319.22562628800006,112.12497155694291,328,False,True,True,True,True,2,True,2,True,2,True,2,True,4,recovered,True,True,recovered,361.732720393,120.55396439717151,466,False,True,True,True,True,2,True,2,True,6,True,6,True,14
1635,P_to_R,recovered,True,True,recovered,53.37420044699999,8.602665297687054,37,False,True,True,True,True,2,True,2,True,7,True,24,True,26,recovered,True,True,recovered,937.014594564,121.88971119187772,8407,False,True,True,True,True,2,True,2,True,7,True,24,True,31
1636,P_to_R,recovered,True,True,recovered,1160.9276516250002,212.5673999732826,39,True,True,True,True,True,1,True,1,True,1,True,5,True,6,recovered,True,True,recovered,4034.7122900260006,549.8583487195428,56704,True,True,True,True,True,1,True,1,True,1,True,5,True,6
1637,P_to_R,recovered,True,True,recovered,195.312028129,35.5347984302789,68,True,True,True,True,True,2,True,2,True,4,True,23,True,25,recovered,True,True,recovered,1138.1124366740003,152.96706428029574,7442,True,True,True,True,True,2,True,2,True,4,True,23,True,29
1638,P_to_R,recovered,True,True,recovered,626.7269051220001,80.74131090147421,29,True,True,True,True,True,1,True,1,True,1,True,8,True,19,recovered,True,True,recovered,1417.2109695800004,158.34427679376677,5741,True,True,True,True,True,1,True,1,True,1,True,8,True,19
1639,P_to_R,recovered,True,True,recovered,46.729630745,4.815429903566837,27,False,True,True,True,True,2,True,2,True,4,True,14,True,18,recovered,True,True,recovered,864.756418604,131.56461326312274,1160,False,True,True,True,True,2,True,2,True,4,True,14,True,22
1640,P_to_R,recovered,True,True,recovered,51.09222937799999,12.893212515860796,79,True,True,True,True,True,2,True,2,True,4,True,21,True,37,recovered,True,True,recovered,143.723987882,29.188070218078792,231,True,True,True,True,True,2,True,2,True,5,True,22,True,41
1641,P_to_R,recovered,True,True,recovered,4.137039365,0.8466297928243876,24,True,True,True,True,True,3,True,3,True,6,True,11,True,24,recovered,True,True,recovered,19.999298381,3.378573138266802,401,False,True,True,True,True,3,True,3,True,8,True,15,True,32
1642,P_to_R,recovered,True,True,recovered,66.00197385100002,16.386549610178918,205,False,True,True,True,True,7,True,7,True,18,True,120,True,204,recovered,True,True,recovered,540.0054899639999,77.15168256126344,731,False,True,True,True,True,7,True,7,True,20,True,127,True,224
1643,P_to_R,recovered,True,True,recovered,275.657681592,86.54200842906721,451,True,True,True,True,True,2,True,2,True,2,True,16,True,25,recovered,True,True,recovered,752.4001592110001,149.76393004436977,1159,True,True,True,True,True,2,True,2,True,2,True,23,True,44
1644,P_to_R,recovered,True,True,recovered,39.18877861200001,8.606826675590128,40,True,True,True,True,True,2,True,2,True,4,True,15,True,28,recovered,True,True,recovered,183.44452082200002,34.81871847785078,1244,True,True,True,True,True,2,True,2,True,4,True,19,True,41
1645,P_to_R,recovered,True,True,recovered,228.509394442,77.29402327351272,212,False,True,True,True,True,3,True,3,True,4,True,7,True,10,recovered,True,True,recovered,291.06963659800005,88.13275325205177,920,False,True,True,True,True,3,True,3,True,4,True,7,True,11
1646,P_to_R,recovered,True,True,recovered,79.30466260399999,28.79487197822891,135,False,True,True,True,True,2,True,2,True,5,True,10,True,17,recovered,True,True,recovered,220.51892513999996,49.870734200580046,908,False,True,True,True,True,2,True,2,True,7,True,12,True,43
1647,P_to_R,recovered,True,True,recovered,759.128889947,116.72855531889945,507,True,True,True,True,True,1,True,1,True,2,True,18,True,41,recovered,True,True,recovered,1841.853705454,253.8055353970267,5252,True,True,True,True,True,1,True,1,True,2,True,18,True,43
1648,P_to_R,recovered,True,True,recovered,33.894175089,8.481050517875701,140,False,True,True,True,True,3,True,3,True,8,True,34,True,72,recovered,True,True,recovered,180.92067959500002,30.500255749560893,1744,False,True,True,True,True,3,True,3,True,8,True,35,True,73
1649,P_to_R,recovered,True,True,recovered,68.684373931,18.770460876636207,82,False,False,True,True,False,2,True,4,True,7,True,27,True,57,recovered,True,True,recovered,331.000106917,67.22818635730073,3492,False,False,True,True,False,2,True,4,True,7,True,31,True,61
1650,P_to_R,recovered,True,True,recovered,5.9676060679999985,2.8151441300287843,10,True,True,True,True,True,2,True,2,True,5,True,7,True,8,recovered,True,True,recovered,16.45385517,5.674787437543273,39,True,True,True,True,True,2,True,2,True,5,True,7,True,14
1651,P_to_R,recovered,True,True,recovered,444.81668427200003,58.83877769042738,263,False,True,True,True,True,2,True,2,True,3,True,19,True,29,recovered,True,True,recovered,1845.395001283,259.4143638983369,2063,False,True,True,True,True,2,True,2,True,3,True,19,True,33
1652,P_to_R,recovered,True,True,recovered,18.435882475000003,3.8785229632630944,8,False,True,True,True,False,1,False,1,False,2,True,3,True,5,recovered,True,True,recovered,42.23259523000001,7.6682798862457275,35,False,True,True,True,False,1,False,1,False,2,True,3,True,8
1653,P_to_R,recovered,True,True,recovered,50.78814580000001,17.579219999257475,32,False,True,True,True,True,2,True,2,True,3,True,4,True,7,recovered,True,True,recovered,94.86584757,27.7620179974474,58,False,True,True,True,True,2,True,2,True,3,True,4,True,8
1654,P_to_R,recovered,True,True,recovered,379.224783712,57.057054174598306,74,False,True,True,True,True,2,True,2,True,4,True,10,True,17,recovered,True,True,recovered,588.832016936,87.14666051231325,172,False,True,True,True,True,2,True,2,True,4,True,16,True,26
1655,P_to_R,recovered,True,True,recovered,356.213379498,91.54190017073415,170,False,True,True,True,True,2,True,2,True,4,True,10,True,20,recovered,True,True,recovered,961.850284906,202.3169575338252,1085,False,True,True,True,True,2,True,2,True,4,True,10,True,24
1656,P_to_R,recovered,True,True,recovered,161.518864612,53.901312405243516,213,False,True,True,True,True,2,True,2,True,4,True,13,True,30,recovered,True,True,recovered,439.04633582100007,103.60772785777226,1201,False,True,True,True,True,2,True,2,True,4,True,13,True,39
1657,P_to_R,recovered,True,True,recovered,216.687382862,40.25108688836917,56,False,True,True,True,True,2,True,2,True,3,True,3,True,21,recovered,True,True,recovered,1094.527311479,205.7165243034251,565,False,True,True,True,True,2,True,2,True,3,True,3,True,21
1658,P_to_R,recovered,True,True,recovered,120.89403290499999,20.704156127758324,49,False,True,True,True,True,2,True,2,True,3,True,3,True,20,recovered,True,True,recovered,854.626437477,167.39402369130403,569,False,True,True,True,True,2,True,2,True,3,True,3,True,22
1659,P_to_R,recovered,True,True,recovered,84.042171027,14.98619456589222,45,False,True,True,True,True,2,True,2,True,3,True,3,True,17,recovered,True,True,recovered,668.5155894789999,136.05652457289398,546,False,True,True,True,True,2,True,2,True,3,True,3,True,21
1660,P_to_R,recovered,True,True,recovered,184.478212828,29.4941895455122,36,True,True,True,True,True,2,True,2,True,3,True,3,True,13,recovered,True,True,recovered,1529.8489252249997,371.6087689246051,532,True,True,True,True,True,2,True,2,True,3,True,3,True,13
1661,P_to_R,recovered,True,True,recovered,157.93163881499996,27.76512826816179,50,False,True,True,True,True,2,True,2,True,3,True,3,True,19,recovered,True,True,recovered,1007.8664870729999,198.2523603704758,613,False,True,True,True,True,2,True,2,True,3,True,3,True,19
1662,P_to_R,recovered,True,True,recovered,69.13781903200001,8.53658436681144,33,False,True,True,True,True,2,True,2,True,3,True,3,True,10,recovered,True,True,recovered,226.61621926,32.56910918070935,126,False,True,True,True,True,2,True,2,True,3,True,3,True,26
1663,P_to_R,recovered,True,True,recovered,3.4024973890000005,0.8963156645186245,37,True,True,True,True,True,2,True,2,True,4,True,17,True,33,recovered,True,True,recovered,11.336896284,2.709019097033888,191,True,True,True,True,True,2,True,2,True,4,True,18,True,34
1664,P_to_R,recovered,True,True,recovered,94.11139781800001,38.29559190920554,194,False,False,True,True,False,1,True,4,True,7,True,11,True,40,recovered,True,True,recovered,237.40914316699997,59.78482238180004,848,False,False,True,True,False,1,True,4,True,7,True,11,True,42
1665,P_to_R,recovered,True,True,recovered,92.151481029,18.06812833249569,18,True,True,True,True,True,1,True,1,True,2,True,2,True,2,recovered,True,True,recovered,154.57277217499998,23.840461583575234,131,True,True,True,True,True,1,True,1,True,2,True,2,True,2
1666,P_to_R,recovered,True,True,recovered,13.865363039000002,2.8886008746922016,10,True,True,True,True,True,2,True,2,True,4,True,10,True,10,recovered,True,True,recovered,122.70824894200001,21.01503260154277,3618,True,True,True,True,True,2,True,2,True,4,True,10,True,10
1667,P_to_R,recovered,True,True,not_recovered,777.9285826839999,306.6884233527817,249,False,False,False,False,False,33,True,47,True,47,True,52,True,53,recovered,True,True,unknown,1801.536385526,511.85426160367206,740,False,False,False,False,False,55,True,85,True,87,True,105,True,121
1668,P_to_R,recovered,True,True,not_recovered,351.71242054900006,147.36235942854546,158,False,False,False,False,False,4,False,9,False,9,False,9,True,45,recovered,True,True,not_recovered,1020.433004933,241.2433587978594,1076,False,False,False,False,False,4,False,9,False,9,False,9,True,47
1669,P_to_R,recovered,True,True,recovered,4.0559073560000005,0.9108408216852695,77,False,True,True,True,False,2,True,3,True,8,True,18,True,37,recovered,True,True,recovered,13.782826702,4.761210215976462,580,False,True,True,True,False,2,True,3,True,8,True,18,True,43
1670,P_to_R,recovered,True,True,recovered,47.090604501,13.614689537324011,225,False,True,True,True,True,3,True,3,True,13,True,37,True,94,recovered,True,True,recovered,156.949112004,35.90355331171304,788,False,True,True,True,True,3,True,3,True,13,True,37,True,99
1671,P_to_R,recovered,True,True,recovered,548.972537107,137.55688954005018,303,False,True,True,True,True,2,True,2,True,5,True,22,True,40,recovered,True,True,recovered,1294.0622685960002,263.73020267207175,7091,False,True,True,True,True,2,True,2,True,5,True,22,True,44
1672,P_to_R,recovered,True,True,recovered,2.2245796540000002,0.47350255330093205,16,True,True,True,True,True,2,True,2,True,6,True,13,True,16,recovered,True,True,recovered,7.645980853,1.5771433266345412,117,True,True,True,True,True,2,True,2,True,7,True,14,True,24
1673,P_to_R,recovered,True,True,recovered,2.675550255000001,0.5702328372281045,25,True,True,True,True,True,2,True,2,True,7,True,14,True,21,recovered,True,True,recovered,11.771625462000001,2.848915794864297,241,True,True,True,True,True,2,True,2,True,8,True,15,True,27
1674,P_to_R,recovered,True,True,recovered,54.01224611299999,19.360706497449428,56,False,True,True,True,True,2,True,2,True,2,True,42,True,54,recovered,True,True,recovered,479.684252331,83.10078949294984,783,False,True,True,True,True,2,True,2,True,2,True,46,True,60
1675,P_to_R,recovered,True,True,recovered,74.497118031,19.9422017801553,246,True,True,True,True,True,2,True,2,True,2,True,2,True,2,recovered,True,True,recovered,118.630567731,29.320933588780463,1245,True,True,True,True,True,2,True,2,True,2,True,2,True,4
1676,P_to_R,recovered,True,True,recovered,1.8472894039999996,0.39955697068944573,9,True,True,True,True,True,2,True,2,True,4,True,9,True,9,recovered,True,True,recovered,4.272592489,0.8095121122896671,15,True,True,True,True,True,2,True,2,True,5,True,10,True,12
1677,P_to_R,recovered,True,True,recovered,69.815258875,11.825255088042468,176,False,True,True,True,True,2,True,2,True,6,True,26,True,90,recovered,True,True,recovered,863.1113947250001,132.15044900169596,4010,False,True,True,True,True,2,True,2,True,6,True,26,True,94
1678,P_to_R,recovered,True,True,recovered,126.08674933900001,40.945147215155885,162,False,True,True,True,True,2,True,2,True,2,True,3,True,5,recovered,True,True,recovered,384.20655907900004,80.71189348981716,1238,False,True,True,True,True,2,True,2,True,2,True,7,True,15
1679,P_to_R,recovered,True,True,recovered,77.06672824900001,23.381069973576814,74,False,True,True,True,True,2,True,2,True,2,True,4,True,5,recovered,True,True,recovered,237.45503750099996,53.56446515908465,876,False,True,True,True,True,2,True,2,True,2,True,4,True,8
1680,P_to_R,recovered,True,True,recovered,49.944211948,18.44577817292884,49,False,False,True,True,True,4,True,4,True,5,True,5,True,7,recovered,True,True,recovered,232.79817241400002,46.937562501523644,412,False,False,True,True,True,4,True,4,True,6,True,7,True,9
1681,P_to_R,recovered,True,True,recovered,62.994948947,15.728138249367476,726,True,True,True,True,True,2,True,2,True,8,True,27,True,70,recovered,True,True,recovered,373.049140747,68.80833005160093,2657,True,True,True,True,True,2,True,2,True,8,True,27,True,73
1682,P_to_R,recovered,True,True,recovered,328.20627516800005,60.968034635763615,119,True,True,True,True,True,1,True,1,True,1,True,1,True,1,recovered,True,True,recovered,2221.509943641,308.5535731851123,3017,True,True,True,True,True,1,True,1,True,1,True,1,True,1
1683,P_to_R,recovered,True,True,recovered,338.436272983,74.39820464607328,465,True,True,True,True,True,2,True,4,True,6,True,36,True,57,recovered,True,True,recovered,1157.8970874,191.80439551291056,4707,True,True,True,True,True,2,True,4,True,6,True,36,True,63
1684,P_to_R,recovered,True,True,recovered,13.970547385,3.2237351182848215,20,False,True,True,True,True,2,True,3,True,5,True,11,True,18,recovered,True,True,recovered,40.20149525,9.019276271341369,134,False,True,True,True,True,2,True,4,True,7,True,19,True,46
1685,P_to_R,recovered,True,True,recovered,38.74492996,12.171611374011263,19,False,True,True,True,False,1,False,1,False,1,True,3,True,3,recovered,True,True,recovered,185.73051808300002,44.140507543692365,293,False,True,True,True,False,1,False,1,False,1,True,5,True,5
1686,P_to_R,recovered,True,True,recovered,25.515983598,9.1688636764884,20,False,True,True,True,False,1,False,1,False,1,True,3,True,5,recovered,True,True,recovered,134.897217997,33.63262260565534,433,False,True,True,True,False,1,False,1,False,1,True,5,True,7
1687,P_to_R,recovered,True,True,recovered,1413.6916138249999,232.7039083344862,486,False,True,True,True,True,3,True,3,True,7,True,31,True,87,recovered,True,True,recovered,2123.3229152309996,343.2983485967852,1704,False,True,True,True,True,3,True,3,True,7,True,33,True,92
1688,P_to_R,recovered,True,True,recovered,1269.3592355670003,205.68588262610137,316,False,True,True,True,True,3,True,3,True,7,True,43,True,105,recovered,True,True,recovered,2413.08926365,399.8801828341093,1582,False,True,True,True,True,3,True,3,True,7,True,45,True,116
1689,P_to_R,recovered,True,True,recovered,607.1815978439998,115.79954688670114,310,False,True,True,True,True,3,True,3,True,7,True,31,True,81,recovered,True,True,recovered,1138.7291185989998,208.84597152424976,1157,False,True,True,True,True,3,True,3,True,7,True,35,True,89
1690,P_to_R,recovered,True,True,recovered,1560.244034382,194.1832647291012,372,False,True,True,True,True,3,True,3,True,7,True,47,True,126,recovered,True,True,recovered,2974.8457487670003,376.94069660874084,2365,False,True,True,True,True,3,True,3,True,7,True,47,True,134
1691,P_to_R,recovered,True,True,recovered,863.4338519070002,303.90118847601116,514,True,True,True,True,True,4,True,5,True,11,True,16,True,37,recovered,True,True,recovered,2146.118701927,495.5886212149635,3834,True,True,True,True,True,4,True,5,True,11,True,21,True,59
1692,P_to_R,recovered,True,True,recovered,136.474619694,49.444009674713016,150,False,True,True,True,True,2,True,2,True,5,True,7,True,8,recovered,True,True,recovered,157.08504234300003,53.408333104103804,179,False,True,True,True,True,2,True,2,True,5,True,7,True,10
1693,P_to_R,recovered,True,True,recovered,314.9600055639999,77.67197308968753,203,False,True,True,True,True,2,True,2,True,5,True,11,True,16,recovered,True,True,recovered,2006.1798575179998,328.81490678247064,6845,False,True,True,True,True,2,True,2,True,5,True,11,True,16
1694,P_to_R,unknown,False,False,unknown,,,,,,,,,,,,,,,,,,recovered,False,False,unknown,,,,,,,,,,,,,,,,,
1695,P_to_R,recovered,True,True,recovered,135.325768748,15.611194211989641,63,False,True,True,True,True,2,True,2,True,4,True,20,True,34,recovered,True,True,recovered,1954.3690190429998,302.10905880946666,2987,False,True,True,True,True,2,True,2,True,4,True,20,True,37
1696,P_to_R,recovered,True,True,recovered,141.165705146,18.75429285224527,39,True,True,True,True,True,2,True,2,True,3,True,10,True,14,recovered,True,True,recovered,1976.4639495419997,277.9522971967235,2746,True,True,True,True,True,2,True,2,True,3,True,10,True,14
1697,P_to_R,recovered,True,True,recovered,40.112673304999994,14.084895139327273,36,False,True,True,True,True,2,True,2,True,3,True,3,True,3,recovered,True,True,recovered,92.89234657899999,25.001658726250753,223,False,True,True,True,True,2,True,2,True,3,True,3,True,3
1698,P_to_R,recovered,True,True,recovered,153.547859509,21.19367136573419,57,True,True,True,True,True,2,True,2,True,3,True,10,True,14,recovered,True,True,recovered,2029.4783499980003,286.4669846794568,2785,True,True,True,True,True,2,True,2,True,3,True,10,True,14
1699,P_to_R,recovered,True,True,recovered,3.0043938469999993,0.6254241927526891,27,True,True,True,True,True,2,True,2,True,7,True,11,True,24,recovered,True,True,recovered,9.98823865,2.2902871728874743,98,True,True,True,True,True,2,True,2,True,7,True,12,True,30
1700,P_to_R,recovered,True,True,recovered,3.3474060539999995,0.7641595348250121,9,True,True,True,True,True,2,True,2,True,4,True,8,True,9,recovered,True,True,recovered,7.7231723599999995,2.338705616304651,19,True,True,True,True,True,2,True,2,True,4,True,9,True,11
1701,P_to_R,recovered,True,True,recovered,11.182208697,4.2105136478785425,37,True,True,True,True,True,2,True,2,True,4,True,23,True,32,recovered,True,True,recovered,64.01259462600001,15.37737293401733,775,True,True,True,True,True,2,True,2,True,4,True,25,True,42
1702,P_to_R,recovered,True,True,recovered,1241.583898722,185.2625509025529,85,True,True,True,True,True,1,True,1,True,3,True,11,True,26,recovered,False,False,unknown,,,,,,,,,,,,,,,,,
1703,P_to_R,recovered,True,True,recovered,76.287755769,20.5948204761371,66,True,True,True,True,True,2,True,2,True,3,True,9,True,12,recovered,True,True,recovered,391.3111805759999,76.73749147821218,1770,True,True,True,True,True,2,True,2,True,3,True,9,True,12
1704,P_to_R,recovered,True,True,recovered,172.64080115099995,36.107376700267196,281,True,True,True,True,True,2,True,2,True,5,True,9,True,21,recovered,True,True,recovered,601.6493334090001,106.35480738268234,1323,True,True,True,True,True,2,True,2,True,5,True,10,True,25
1705,P_to_R,recovered,True,True,recovered,120.34764178,27.367451319703832,207,True,True,True,True,True,2,True,2,True,5,True,8,True,20,recovered,True,True,recovered,583.96017953,108.88510200125165,1789,True,True,True,True,True,2,True,2,True,5,True,8,True,21
1706,P_to_R,recovered,True,True,recovered,50.25355656400001,10.709583435673267,74,False,True,True,True,True,2,True,2,True,2,True,2,True,6,recovered,True,True,recovered,192.67224908300003,36.28770022490062,1343,False,True,True,True,True,2,True,2,True,6,True,13,True,25
1707,P_to_R,recovered,True,True,recovered,437.928174146,56.94745024992153,609,False,True,True,True,True,7,True,7,True,30,True,75,True,136,recovered,True,True,recovered,2344.348097635,304.73372426861897,18010,False,True,True,True,True,7,True,7,True,30,True,77,True,146
1708,P_to_R,recovered,True,True,recovered,1.9976746060000001,0.41304543148726225,3,False,True,True,True,True,2,True,2,True,3,True,3,True,3,recovered,True,True,recovered,6.023839287,1.324147341772914,14,False,True,True,True,True,2,True,2,True,3,True,3,True,3
1709,P_to_R,recovered,True,True,recovered,16.145321096,6.756914970697835,89,False,True,True,True,False,2,True,4,True,8,True,14,True,16,recovered,True,True,recovered,27.140936055,8.86725558177568,751,False,False,True,True,False,3,True,5,True,12,True,20,True,23
1710,P_to_R,recovered,True,True,recovered,1.563413921,0.3561888986732811,6,True,True,True,True,True,2,True,2,True,4,True,6,True,6,recovered,True,True,recovered,3.616465741999999,0.7321160978171974,13,True,True,True,True,True,2,True,2,True,4,True,6,True,6
1711,P_to_R,recovered,True,True,not_recovered,29.145986232000002,9.13293101778254,23,False,False,False,True,False,4,False,4,False,4,True,6,True,8,recovered,True,True,not_recovered,78.65662725700001,17.879091697279364,1228,False,False,False,True,False,4,False,4,False,4,True,9,True,15
1712,P_to_R,recovered,True,True,recovered,38.219828625000005,6.693381172139198,74,False,True,True,True,True,2,True,2,True,12,True,12,True,26,recovered,True,True,recovered,100.81384990400001,16.18388565769419,276,False,True,True,True,True,2,True,2,True,12,True,12,True,31
1713,P_to_R,recovered,True,True,recovered,14.825622983,2.5501789380796254,175,False,False,True,True,False,1,False,1,True,5,True,8,True,19,recovered,True,True,recovered,450.505530675,97.28620660677552,14447,False,False,True,True,False,1,False,1,True,5,True,8,True,19
1714,P_to_R,recovered,True,True,recovered,5.307550594,1.1380750290118158,16,False,False,True,True,False,2,True,4,True,6,True,8,True,8,recovered,True,True,recovered,20.787009157,4.762839201372117,275,False,False,True,True,False,2,True,5,True,8,True,15,True,36
1715,P_to_R,recovered,True,True,recovered,45.408633773000005,13.405179573688656,58,False,False,True,True,True,4,True,6,True,8,True,19,True,26,recovered,True,True,recovered,609.8980811230002,127.9729206704069,2707,False,False,True,True,True,4,True,6,True,9,True,23,True,32
1716,P_to_R,recovered,True,True,recovered,159.94546375100003,35.18049506354146,264,True,True,True,True,True,1,True,1,True,2,True,4,True,6,recovered,True,True,recovered,434.08241068500007,79.31400178745389,2630,True,True,True,True,True,1,True,1,True,2,True,4,True,6
1717,P_to_R,recovered,True,True,recovered,46.432335359,13.570992652093992,36,True,True,True,True,True,3,True,3,True,6,True,12,True,20,recovered,True,True,recovered,189.665678663,38.203971264883876,682,True,True,True,True,True,3,True,3,True,6,True,12,True,20
1718,P_to_R,recovered,True,True,recovered,127.137820602,49.44394790939987,196,False,True,True,True,True,3,True,3,True,10,True,28,True,62,recovered,True,True,recovered,232.22914079,73.29397022048943,1119,False,True,True,True,True,3,True,3,True,10,True,28,True,69
1719,P_to_R,recovered,True,True,recovered,8.580657972999997,2.27271607844159,46,False,True,True,True,True,2,True,2,True,7,True,9,True,17,recovered,True,True,recovered,67.376730864,14.51215121615678,533,False,True,True,True,True,2,True,2,True,7,True,10,True,23
1720,P_to_R,recovered,True,True,recovered,44.24417232499999,9.596759313717484,61,True,True,True,True,True,2,True,2,True,4,True,13,True,19,recovered,True,True,recovered,434.01145887,61.883224226301536,4921,True,True,True,True,True,2,True,2,True,4,True,13,True,19
1721,P_to_R,recovered,True,True,recovered,180.06453747199998,47.54363111080602,129,False,True,True,True,True,2,True,2,True,5,True,16,True,27,recovered,True,True,recovered,1028.2216732200002,172.05619221925735,2430,False,True,True,True,True,2,True,2,True,5,True,16,True,30
1722,P_to_R,recovered,True,True,recovered,209.98387257900004,32.096858747070655,374,True,True,True,True,True,2,True,2,True,4,True,24,True,39,recovered,True,True,recovered,2496.161320608999,337.3815252725035,2679,True,True,True,True,True,2,True,2,True,4,True,26,True,44
1723,P_to_R,recovered,True,True,recovered,630.994280994,106.49404391646385,196,False,False,True,True,True,6,True,7,True,11,True,67,True,91,recovered,True,True,recovered,2163.6100846340005,286.62937855371274,4034,False,False,True,True,True,6,True,7,True,11,True,71,True,99
1724,P_to_R,recovered,True,True,recovered,349.66722544399994,65.44546626228839,118,True,True,True,True,True,2,True,2,True,3,True,13,True,15,recovered,True,True,recovered,2545.2939292650003,397.0271511003375,1548,True,True,True,True,True,2,True,2,True,3,True,13,True,15
1725,P_to_R,recovered,True,True,recovered,2.0840827189999995,0.5140745565295219,13,True,True,True,True,True,2,True,2,True,4,True,11,True,13,recovered,True,True,recovered,6.241061825,1.4999029356986284,60,True,True,True,True,True,2,True,2,True,5,True,12,True,17
1726,P_to_R,recovered,True,True,recovered,2.261103081,0.537162131164223,10,True,True,True,True,True,2,True,2,True,4,True,8,True,10,recovered,True,True,recovered,6.190814628999999,1.338967993389815,39,True,True,True,True,True,2,True,2,True,4,True,8,True,10
1727,P_to_R,recovered,True,True,recovered,2.3633613990000004,0.4551544883288443,16,True,True,True,True,True,2,True,2,True,4,True,11,True,15,recovered,True,True,recovered,8.182028278,1.481402916368097,156,True,True,True,True,True,2,True,2,True,6,True,15,True,22
1728,P_to_R,recovered,True,True,recovered,5.753577453999999,1.4641225354280323,44,False,True,True,True,True,4,True,4,True,9,True,32,True,43,recovered,True,True,recovered,49.899328734,9.698158065788448,823,False,True,True,True,True,4,True,4,True,15,True,40,True,57
1729,P_to_R,recovered,True,True,not_recovered,19.745830193,9.065889625344425,628,False,False,False,False,False,9,False,34,False,65,False,129,False,378,recovered,True,True,not_recovered,68.106528351,17.765472980914637,1945,False,False,False,False,False,13,False,44,True,76,True,141,True,401
1730,P_to_R,recovered,True,True,recovered,43.179639094,19.306269452907145,186,False,True,True,True,True,2,True,2,True,10,True,19,True,33,recovered,True,True,recovered,101.649658238,33.97443670220673,2426,False,True,True,True,True,2,True,2,True,10,True,20,True,40
1731,P_to_R,recovered,True,True,recovered,19.430408951999997,6.0241537294350564,112,False,True,True,True,True,2,True,2,True,9,True,16,True,26,recovered,True,True,recovered,63.209085671000004,15.942672227974981,1930,False,True,True,True,True,2,True,2,True,9,True,17,True,31
1732,P_to_R,recovered,True,True,recovered,59.916324067999994,19.366086269263178,389,True,True,True,True,True,2,True,2,True,6,True,26,True,67,recovered,True,True,recovered,380.72944256499994,78.79064977262169,14488,True,True,True,True,True,2,True,2,True,6,True,26,True,69
1733,P_to_R,recovered,True,True,recovered,2.1410734729999996,0.4301910153590143,13,True,True,True,True,True,2,True,2,True,6,True,11,True,13,recovered,True,True,recovered,5.618910666,1.3890073630027473,76,True,True,True,True,True,2,True,2,True,7,True,12,True,22
1734,P_to_R,recovered,True,True,recovered,4.873938786,2.296414767159149,10,False,True,True,True,True,2,True,2,True,2,True,4,True,4,recovered,True,True,recovered,46.991245475999996,11.674991650972515,247,False,True,True,True,True,2,True,2,True,2,True,4,True,7
1735,P_to_R,recovered,True,True,recovered,14.813452745,3.5340461055748165,19,False,True,True,True,True,2,True,2,True,3,True,12,True,19,recovered,True,True,recovered,94.53740562899999,20.023748783860356,864,False,True,True,True,True,2,True,2,True,3,True,16,True,26
1736,P_to_R,recovered,True,True,recovered,20.322882378000003,6.143724849913269,146,True,True,True,True,True,1,True,1,True,3,True,3,True,7,recovered,True,True,recovered,54.550575292,14.249693170655519,308,True,True,True,True,True,1,True,1,True,3,True,3,True,11
1737,P_to_R,recovered,True,True,recovered,9.562204399,5.3217237868811935,13,False,True,True,True,True,2,True,2,True,2,True,7,True,8,recovered,True,True,recovered,22.139286024,7.857197159202769,48,False,True,True,True,True,2,True,2,True,2,True,7,True,18
1738,P_to_R,recovered,True,True,recovered,9.321549973,2.816934309899807,25,False,True,True,True,True,4,True,4,True,12,True,14,True,25,recovered,True,True,recovered,148.603936728,26.45240108272992,5746,False,True,True,True,True,4,True,4,True,12,True,14,True,35
1739,P_to_R,not_recovered,True,True,not_recovered,3.441452634,0.7532104938291013,21,False,False,False,False,False,1,False,2,False,9,False,13,False,21,recovered,True,True,not_recovered,23.219146652,4.744795197388157,614,False,False,False,True,False,1,False,2,True,10,True,16,True,31
1740,P_to_R,recovered,True,True,recovered,2.028057305,0.8863254399038851,83,False,False,True,True,False,1,False,1,True,5,True,8,True,19,recovered,True,True,recovered,38.784630461,8.272094264160842,2886,False,False,True,True,False,1,False,1,True,5,True,8,True,19
1741,P_to_R,recovered,True,True,recovered,25.855047352,8.357769939117134,34,False,True,True,True,True,2,True,2,True,2,True,3,True,7,recovered,True,True,recovered,49.487059412,12.861370443366468,502,False,True,True,True,True,2,True,2,True,2,True,5,True,13
1742,P_to_R,recovered,True,True,recovered,25.649351653000004,7.35075548896566,42,False,True,True,True,True,2,True,2,True,4,True,4,True,6,recovered,True,True,recovered,88.88522244600001,19.259732088074088,547,False,True,True,True,True,2,True,2,True,4,True,9,True,12
1743,P_to_R,recovered,True,True,recovered,11.244981142,2.2997566766571254,35,True,True,True,True,True,1,True,1,True,3,True,10,True,17,recovered,True,True,recovered,186.93619873400004,36.26390278362669,5493,True,True,True,True,True,1,True,1,True,3,True,10,True,19
1744,P_to_R,recovered,True,True,recovered,97.92722098699998,34.95923736621626,834,False,True,True,True,True,2,True,2,True,4,True,14,True,34,recovered,True,True,recovered,200.98156970999997,55.22342176293023,3210,False,True,True,True,True,2,True,2,True,4,True,14,True,38
1745,P_to_R,recovered,True,True,recovered,11.10106329,4.5833383202552795,485,False,True,True,True,True,3,True,3,True,5,True,26,True,50,recovered,True,True,recovered,20.874822951000002,7.232967785093933,1648,False,True,True,True,True,3,True,4,True,6,True,27,True,51
1746,P_to_R,recovered,True,True,recovered,183.51325074,51.48434682376683,133,False,True,True,True,True,2,True,2,True,6,True,17,True,40,recovered,True,True,recovered,1363.488272178,239.53431478329003,2143,False,True,True,True,True,2,True,2,True,6,True,17,True,43
1747,P_to_R,recovered,True,True,recovered,16.991615578999998,2.775541971437633,12,False,True,True,True,True,2,True,2,True,2,True,6,True,10,recovered,True,True,recovered,247.15103650300003,41.639428535010666,1249,False,True,True,True,True,2,True,2,True,2,True,6,True,10
1748,P_to_R,recovered,True,True,recovered,13.963225221,2.975616530282423,32,True,True,True,True,True,2,True,2,True,4,True,15,True,24,recovered,True,True,recovered,202.894484431,35.311814663233235,3368,True,True,True,True,True,2,True,2,True,4,True,15,True,24
1749,P_to_R,recovered,True,True,recovered,103.828797602,25.902227685321122,95,True,True,True,True,True,4,True,4,True,4,True,8,True,23,recovered,True,True,recovered,1232.009156889,180.7184811788611,10739,True,True,True,True,True,4,True,4,True,4,True,12,True,28
1750,P_to_R,recovered,True,True,recovered,120.944860351,44.87289084889926,26,False,False,True,True,False,1,False,1,False,1,True,5,True,5,recovered,True,True,not_recovered,520.966932549,128.8666816756595,1268,False,False,False,True,False,1,False,1,False,3,True,9,True,22
1751,P_to_R,recovered,True,True,recovered,7.383792807000001,1.56378457788378,34,True,True,True,True,True,2,True,2,True,3,True,6,True,9,recovered,True,True,recovered,27.341565993,6.55424618627876,196,False,True,True,True,True,2,True,2,True,3,True,7,True,12
1752,P_to_R,recovered,True,True,recovered,18.611890147000004,6.358820414170623,2,False,True,True,True,False,1,False,1,False,1,True,2,True,2,recovered,True,True,recovered,113.42694490500001,25.988688776269555,234,False,True,True,True,False,1,False,1,False,1,True,3,True,4
1753,P_to_R,recovered,True,True,recovered,20.738304422,7.535232591442764,20,False,True,True,True,False,1,False,1,False,2,True,4,True,7,recovered,True,True,recovered,128.70001514499998,31.182467805221677,267,False,True,True,True,False,1,False,1,False,2,True,4,True,8
1754,P_to_R,recovered,True,True,recovered,4.131528697,1.1767269149422646,16,False,True,True,True,True,2,True,2,True,4,True,4,True,4,recovered,True,True,recovered,8.994785409999999,2.6285160733386874,20,False,True,True,True,True,2,True,2,True,4,True,4,True,6
1755,P_to_R,recovered,True,True,recovered,242.72862954299998,78.90150186023675,255,False,True,True,True,False,1,False,1,False,1,True,6,True,7,recovered,True,True,recovered,1438.677724982,225.4627743815072,2589,False,True,True,True,False,1,False,1,False,1,True,7,True,8
1756,P_to_R,recovered,True,True,recovered,1128.137479392,191.57105534500442,393,False,True,True,True,True,2,True,2,True,5,True,12,True,24,recovered,False,False,unknown,,,,,,,,,,,,,,,,,
1757,P_to_R,recovered,True,True,recovered,39.916668150999996,10.122260743984953,104,True,True,True,True,True,3,True,3,True,5,True,39,True,70,recovered,True,True,recovered,430.540588912,70.62617681594566,1957,True,True,True,True,True,3,True,3,True,5,True,39,True,76
1758,P_to_R,recovered,True,True,recovered,77.73319830999999,9.476713296025991,60,False,True,True,True,True,2,True,2,True,7,True,19,True,48,recovered,True,True,recovered,1018.559396616,157.02328378451057,15194,False,True,True,True,True,2,True,2,True,7,True,20,True,50
1759,P_to_R,recovered,True,True,recovered,8.487597867000002,2.236775772413239,45,False,True,True,True,True,2,True,2,True,8,True,26,True,42,recovered,True,True,recovered,78.811306322,14.659594628028572,704,True,True,True,True,True,2,True,2,True,8,True,29,True,52
1760,P_to_R,recovered,True,True,recovered,95.062126944,31.730305776000023,300,False,False,True,True,True,6,True,6,True,12,True,28,True,78,recovered,True,True,recovered,252.460499286,61.55743299238384,1387,False,False,True,True,True,6,True,6,True,15,True,33,True,93
1761,P_to_R,recovered,True,True,recovered,75.24849854699998,20.662877226248384,107,False,True,True,True,True,2,True,2,True,4,True,5,True,7,recovered,True,True,recovered,110.05102729399998,28.181624971330166,1571,False,True,True,True,True,2,True,2,True,4,True,8,True,16
1762,P_to_R,recovered,True,True,recovered,131.04255955600001,28.990782673936337,171,False,True,True,True,True,2,True,4,True,15,True,36,True,74,recovered,True,True,recovered,777.6201568890001,131.94570541847497,5681,False,True,True,True,True,2,True,4,True,15,True,37,True,81
1763,P_to_R,recovered,True,True,recovered,611.7724236880001,226.05762837361544,64,False,True,True,True,True,3,True,3,True,10,True,45,True,54,recovered,True,True,recovered,1946.1802139340002,398.28370748157613,3550,False,True,True,True,True,4,True,4,True,14,True,72,True,171
1764,P_to_R,recovered,True,True,recovered,62.691697295000004,8.746030050795525,25,True,True,True,True,True,2,True,2,True,6,True,12,True,21,recovered,True,True,recovered,1507.650552986,227.73335353191942,4274,True,True,True,True,True,2,True,2,True,6,True,12,True,22
1765,P_to_R,recovered,True,True,recovered,9.302100209999999,3.5951685060281307,16,True,True,True,True,True,2,True,4,True,5,True,7,True,9,recovered,True,True,recovered,38.550926673000006,11.580764074577019,150,True,True,True,True,True,2,True,4,True,7,True,16,True,28
1766,P_to_R,recovered,True,True,recovered,14.232832576000002,6.332520681200549,70,False,True,True,True,True,2,True,2,True,5,True,10,True,22,recovered,True,True,recovered,61.993000237,18.180475199129432,197,False,True,True,True,True,2,True,2,True,5,True,11,True,29
1767,P_to_R,recovered,True,True,recovered,13.754627515,2.4339326303452253,39,False,True,True,True,True,2,True,2,True,4,True,17,True,27,recovered,True,True,recovered,54.46278634800001,12.105114402249455,448,False,True,True,True,True,2,True,2,True,6,True,20,True,38
1768,P_to_R,recovered,True,True,recovered,26.425374973000004,5.201828409219161,48,False,True,True,True,True,2,True,2,True,4,True,18,True,36,recovered,True,True,recovered,514.069211756,98.00933038606308,1484,False,True,True,True,True,2,True,2,True,4,True,18,True,36
1769,P_to_R,recovered,True,True,recovered,2.8255249089999994,0.7225863768253475,19,False,True,True,True,True,2,True,2,True,5,True,10,True,11,recovered,True,True,recovered,7.467979735999998,1.5850051429588348,59,False,True,True,True,True,2,True,2,True,6,True,11,True,16
1770,P_to_R,recovered,True,True,recovered,4.2635887199999996,0.812376547139138,5,True,True,True,True,True,3,True,3,True,5,True,5,True,5,recovered,True,True,recovered,12.566436423999999,3.2247280057054013,44,True,True,True,True,True,3,True,3,True,7,True,7,True,8
1771,P_to_R,recovered,True,True,recovered,10.977507431000001,3.569570347201079,23,False,False,True,True,False,2,True,5,True,5,True,14,True,23,recovered,True,True,recovered,199.56763249699998,45.9223854560405,255,False,False,True,True,False,3,True,6,True,6,True,18,True,27
1772,P_to_R,recovered,True,True,recovered,370.352833108,120.5289344182238,464,True,True,True,True,True,1,True,2,True,3,True,9,True,17,recovered,True,True,recovered,912.2436861569998,215.39621934760362,2186,True,True,True,True,True,1,True,2,True,3,True,9,True,20
1773,P_to_R,recovered,True,True,recovered,184.40608725100003,48.340901099611074,390,True,True,True,True,True,1,True,1,True,4,True,5,True,14,recovered,True,True,recovered,468.030042377,102.52110639074817,3514,True,True,True,True,True,1,True,1,True,4,True,6,True,17
1774,P_to_R,recovered,True,True,recovered,71.362170081,8.554672703845426,93,False,True,True,True,True,3,True,3,True,3,True,18,True,30,recovered,True,True,recovered,497.673283294,70.03255249676295,1297,False,True,True,True,True,3,True,3,True,5,True,21,True,34
1775,P_to_R,recovered,True,True,recovered,100.63684210699998,29.919804964447394,143,True,True,True,True,True,1,True,2,True,4,True,16,True,39,recovered,True,True,recovered,513.122673461,96.27422082866542,5540,True,True,True,True,True,2,True,3,True,5,True,23,True,50
1776,P_to_R,recovered,True,True,unknown,162.471161577,46.22611298994161,330,False,False,False,False,False,6,False,16,True,29,True,58,True,181,recovered,True,True,unknown,880.3864542719998,169.46295987581834,1184,False,False,False,False,False,12,False,30,True,44,True,76,True,225
1777,P_to_R,recovered,True,True,recovered,441.49451178899994,103.06117564626038,89,False,True,True,True,True,4,True,4,True,8,True,26,True,46,recovered,True,True,recovered,802.305720241,152.85887284763157,1036,False,True,True,True,True,4,True,4,True,8,True,26,True,48
1778,P_to_R,recovered,True,True,recovered,49.076535468,8.486821851227432,53,True,True,True,True,True,2,True,2,True,4,True,8,True,10,recovered,True,True,recovered,189.612568707,32.52439109189436,1534,True,True,True,True,True,2,True,2,True,4,True,8,True,10
1779,P_to_R,recovered,True,True,recovered,91.39941682599999,12.282525275833905,142,True,True,True,True,True,3,True,3,True,5,True,36,True,52,recovered,True,True,recovered,221.61621811100002,30.288096822798252,1430,True,True,True,True,True,3,True,3,True,5,True,39,True,56
1780,P_to_R,recovered,True,True,recovered,133.735362536,28.565793401561677,187,False,True,True,True,False,1,True,3,True,5,True,16,True,31,recovered,True,True,recovered,293.234324184,55.66739855776541,3321,False,True,True,True,False,1,True,3,True,5,True,17,True,34
1781,P_to_R,recovered,True,True,recovered,9.717835910999998,7.157257929444313,78,False,True,True,True,True,2,True,2,True,6,True,20,True,37,recovered,True,True,recovered,77.080574035,18.677967000752687,2456,False,True,True,True,True,2,True,2,True,6,True,20,True,37
1782,P_to_R,recovered,True,True,recovered,16.417774917999996,7.638758937828243,132,True,True,True,True,True,2,True,2,True,5,True,11,True,29,recovered,True,True,recovered,310.52629731099995,58.934766174759716,4793,True,True,True,True,True,2,True,2,True,5,True,11,True,29
1783,P_to_R,recovered,True,True,recovered,78.336160469,27.530837514204904,228,True,True,True,True,True,4,True,4,True,8,True,37,True,80,recovered,True,True,recovered,319.66455303500004,77.37685460108332,1424,True,True,True,True,True,4,True,4,True,8,True,39,True,90
1784,P_to_R,recovered,True,True,recovered,17.617622898999997,2.7863600943237543,10,False,True,True,True,True,2,True,2,True,2,True,2,True,10,recovered,True,True,recovered,184.12791570999997,32.12580286967568,1015,False,True,True,True,True,2,True,2,True,2,True,2,True,16
1785,P_to_R,recovered,True,True,recovered,49.04032402500001,11.69524655980058,148,False,True,True,True,True,2,True,2,True,10,True,27,True,89,recovered,True,True,recovered,138.933294831,30.684770270017907,499,False,True,True,True,True,2,True,2,True,10,True,27,True,104
1786,P_to_R,recovered,True,True,recovered,360.155542032,89.2082862877287,693,False,False,False,False,False,1,False,1,False,3,False,9,False,32,recovered,True,True,recovered,616.4420346970002,139.00723073701374,2152,False,False,False,False,False,1,False,1,False,3,False,9,False,36
1787,P_to_R,recovered,True,True,recovered,17.519402011,7.22770137921907,55,False,False,True,True,True,4,True,4,True,4,True,9,True,19,recovered,True,True,recovered,92.91673492299999,19.80620301142335,457,False,False,True,True,True,4,True,4,True,4,True,22,True,42
1788,P_to_R,recovered,True,True,recovered,9.370202102,4.258627713890746,70,False,True,True,True,True,2,True,2,True,7,True,11,True,26,recovered,True,True,recovered,21.480659865,8.684041650500149,109,False,True,True,True,True,2,True,2,True,7,True,12,True,32
1789,P_to_R,recovered,True,True,recovered,14.351535385000002,5.755356995854527,36,True,True,True,True,True,2,True,2,True,4,True,9,True,14,recovered,True,True,recovered,85.67295225599999,18.965773888397962,644,True,True,True,True,True,2,True,2,True,4,True,9,True,27
1790,P_to_R,recovered,True,True,recovered,8.85943658,2.573233123868704,82,True,True,True,True,True,2,True,2,True,6,True,16,True,32,recovered,True,True,recovered,91.190563474,21.08308189129457,1016,True,True,True,True,True,2,True,2,True,6,True,18,True,42
1791,P_to_R,recovered,True,True,recovered,13.375163573000002,2.9229457043111324,17,False,True,True,True,True,2,True,2,True,4,True,13,True,15,recovered,True,True,recovered,263.85748427799996,52.461858426220715,1258,False,True,True,True,True,2,True,2,True,5,True,15,True,26
1792,P_to_R,recovered,True,True,recovered,21.131895927000002,7.172779631335288,56,True,True,True,True,True,3,True,3,True,6,True,18,True,21,recovered,True,True,recovered,66.465298214,17.814016583841294,2583,True,True,True,True,True,3,True,3,True,6,True,18,True,21
1793,P_to_R,unknown,False,False,unknown,,,,,,,,,,,,,,,,,,recovered,False,False,unknown,,,,,,,,,,,,,,,,,
1794,P_to_R,recovered,True,True,recovered,11.745442648000003,2.2101962591987103,50,False,True,True,True,True,2,True,2,True,6,True,14,True,31,recovered,True,True,recovered,34.03080194900001,6.9664461051579565,214,False,True,True,True,True,3,True,3,True,7,True,22,True,47
1795,P_to_R,recovered,True,True,recovered,220.688468071,63.12543029454537,79,True,True,True,True,True,3,True,3,True,6,True,12,True,18,recovered,True,True,recovered,714.525659411,141.65840589394793,1100,True,True,True,True,True,3,True,3,True,6,True,13,True,21
1796,P_to_R,recovered,True,True,recovered,72.73714187200002,24.775747811887413,261,True,True,True,True,True,2,True,2,True,3,True,4,True,11,recovered,True,True,recovered,274.226612178,68.69025979656726,1489,True,True,True,True,True,2,True,2,True,3,True,5,True,16
1797,P_to_R,recovered,True,True,recovered,261.048175224,70.68330421717837,59,True,True,True,True,True,3,True,3,True,7,True,14,True,22,recovered,True,True,recovered,729.779389398,144.55810317350551,651,True,True,True,True,True,3,True,3,True,8,True,18,True,30
1798,P_to_R,recovered,True,True,recovered,357.5869067809999,86.15940812416375,347,True,True,True,True,True,2,True,6,True,11,True,26,True,82,recovered,True,True,recovered,1893.3851209700001,341.60736965807155,2882,True,True,True,True,True,2,True,6,True,11,True,26,True,91
1799,P_to_R,unknown,False,False,unknown,,,,,,,,,,,,,,,,,,unknown,False,False,unknown,,,,,,,,,,,,,,,,,
1800,P_to_R,recovered,True,True,recovered,379.19623752000007,42.78253178950399,37,True,True,True,True,True,1,True,1,True,2,True,3,True,10,recovered,True,True,recovered,976.071432885,119.61393388733268,57,True,True,True,True,True,1,True,1,True,2,True,3,True,14
1801,P_to_R,recovered,True,True,recovered,863.260542365,107.25955329998396,17,True,True,True,True,True,2,True,2,True,6,True,6,True,11,recovered,True,True,recovered,1275.8413291650002,145.90050936327316,61,True,True,True,True,True,2,True,2,True,6,True,6,True,19
1802,P_to_R,recovered,True,True,recovered,52.65323528099999,15.853882225695997,62,False,False,True,True,False,1,True,4,True,4,True,6,True,23,recovered,True,True,recovered,150.76834938800002,37.71396367484704,465,False,False,True,True,False,1,True,4,True,4,True,6,True,25
1803,P_to_R,recovered,True,True,recovered,5.476236314,1.1291855610907078,26,True,True,True,True,True,2,True,2,True,5,True,14,True,24,recovered,True,True,recovered,29.353460327999997,6.3566789156757295,248,True,True,True,True,True,2,True,2,True,6,True,16,True,30
1804,P_to_R,recovered,True,True,recovered,5.338626761,1.3718335023149848,12,True,True,True,True,True,2,True,2,True,5,True,9,True,12,recovered,True,True,recovered,13.571559531,3.2403807416558266,44,True,True,True,True,True,2,True,2,True,5,True,9,True,15
1805,P_to_R,recovered,True,True,recovered,5.756010833,1.9207012499682605,12,True,True,True,True,True,2,True,2,True,5,True,9,True,12,recovered,True,True,recovered,15.245582869,4.167649885173887,66,True,True,True,True,True,2,True,2,True,5,True,9,True,15
1806,P_to_R,recovered,True,True,not_recovered,222.744072925,58.87503538373858,164,False,False,False,False,False,1,True,19,True,25,True,42,True,117,recovered,True,True,not_recovered,347.971133294,74.0365806473419,1481,False,False,False,False,False,1,True,19,True,27,True,48,True,153
1807,P_to_R,recovered,True,True,recovered,36.587537884,5.72713179141283,97,False,True,True,True,True,2,True,2,True,8,True,11,True,58,recovered,True,True,recovered,160.391114106,26.480753052048385,1648,False,True,True,True,True,2,True,2,True,9,True,12,True,62
1808,P_to_R,recovered,True,True,recovered,70.027903028,26.350499239750206,148,False,True,True,True,True,4,True,4,True,10,True,22,True,44,recovered,True,True,recovered,373.410878693,72.86755520477891,1945,False,True,True,True,True,4,True,4,True,10,True,23,True,46
1809,P_to_R,recovered,True,True,recovered,111.902701898,17.636798860505223,339,False,True,True,True,True,4,True,4,True,10,True,43,True,128,recovered,True,True,recovered,527.928461668,72.7161531476304,3202,True,True,True,True,True,4,True,4,True,10,True,45,True,133
1810,P_to_R,recovered,True,True,recovered,29.497359871,6.367200920591131,173,False,True,True,True,True,2,True,2,True,6,True,9,True,26,recovered,True,True,recovered,148.95628835300002,26.962003730703145,3189,False,True,True,True,True,2,True,2,True,6,True,10,True,27
1811,P_to_R,recovered,True,True,recovered,41.765319817999995,12.439005944877863,115,False,True,True,True,True,2,True,2,True,6,True,8,True,20,recovered,True,True,recovered,215.28203494999997,42.49820458027534,6560,False,True,True,True,True,2,True,2,True,6,True,8,True,22
1812,P_to_R,recovered,True,True,recovered,28.580831585,4.9630303690209985,100,False,True,True,True,True,2,True,2,True,6,True,10,True,36,recovered,True,True,recovered,220.366810071,35.88389477878809,2621,False,True,True,True,True,2,True,2,True,6,True,10,True,38
1813,P_to_R,recovered,True,True,recovered,3.2401591990000007,0.7983707590028644,63,True,True,True,True,True,2,True,2,True,7,True,17,True,44,recovered,True,True,recovered,9.156284534,2.3656599316745996,241,True,True,True,True,True,2,True,2,True,8,True,19,True,53
1814,P_to_R,recovered,True,True,recovered,12.900085082,3.472165162442252,91,False,True,True,True,True,4,True,4,True,6,True,22,True,37,recovered,True,True,recovered,111.250969973,19.861102029215544,953,False,True,True,True,True,4,True,4,True,8,True,25,True,48
1815,P_to_R,recovered,True,True,recovered,29.460308893999997,10.631938943173736,85,False,True,True,True,True,2,True,2,True,6,True,10,True,14,recovered,True,True,recovered,65.74180690899999,17.921936439350247,275,False,True,True,True,True,2,True,2,True,6,True,10,True,20
1816,P_to_R,recovered,True,True,recovered,56.065736203,8.377689589746296,11,True,True,True,True,True,1,True,1,True,1,True,4,True,4,recovered,True,True,recovered,209.08405845800002,34.81111873779446,691,True,True,True,True,True,1,True,1,True,1,True,4,True,4
1817,P_to_R,recovered,True,True,recovered,13.584262571,4.634009037166834,17,False,False,False,False,False,1,False,2,False,2,False,2,False,8,recovered,True,True,recovered,52.914653650000005,12.75653165858239,57,False,True,True,True,False,1,True,3,True,3,True,3,True,15
1818,P_to_R,recovered,True,True,recovered,15.803805767,4.604265721747652,97,True,True,True,True,True,3,True,3,True,3,True,3,True,10,recovered,True,True,recovered,43.964479705,10.63810772052966,909,True,True,True,True,True,3,True,3,True,3,True,13,True,21
1819,P_to_R,recovered,True,True,recovered,2.4094116980000004,0.7643101883586496,20,True,True,True,True,True,2,True,2,True,6,True,13,True,20,recovered,True,True,recovered,9.465360441000001,2.374072917504236,160,True,True,True,True,True,2,True,2,True,7,True,15,True,27
1820,P_to_R,recovered,True,True,recovered,2.3328012460000007,0.7668703224044293,20,True,True,True,True,True,2,True,2,True,6,True,13,True,20,recovered,True,True,recovered,9.045725887000001,3.274956991430372,160,True,True,True,True,True,2,True,2,True,7,True,15,True,27
1821,P_to_R,recovered,True,True,recovered,154.877151735,61.9473930047825,201,True,True,True,True,True,2,True,2,True,3,True,20,True,44,recovered,True,True,recovered,269.1795494,81.44758111424744,1945,True,True,True,True,True,2,True,2,True,3,True,20,True,44
1822,P_to_R,recovered,True,True,recovered,26.797020644000003,8.296662045642734,46,True,True,True,True,True,2,True,2,True,5,True,10,True,14,recovered,True,True,recovered,60.999086674000004,17.40399854374118,115,True,True,True,True,True,2,True,2,True,6,True,12,True,21
1823,P_to_R,unknown,False,False,unknown,,,,,,,,,,,,,,,,,,recovered,False,False,unknown,,,,,,,,,,,,,,,,,
1824,P_to_R,recovered,True,True,recovered,3.08000027,0.6753422934561968,13,True,True,True,True,True,2,True,2,True,3,True,8,True,12,recovered,True,True,recovered,7.815312412,1.6611848780885339,49,True,True,True,True,True,2,True,2,True,4,True,10,True,20
1825,P_to_R,recovered,True,True,recovered,3.1621081279999994,2.1388362389989197,18,False,True,True,True,True,2,True,2,True,3,True,11,True,18,recovered,True,True,recovered,9.027975056999999,3.767424227204174,115,False,True,True,True,True,2,True,2,True,4,True,12,True,23
1826,P_to_R,recovered,True,True,recovered,2.6970254239999996,0.8904494394082576,20,False,True,True,True,True,2,True,2,True,3,True,10,True,19,recovered,True,True,recovered,8.188678009,2.310520075727254,159,False,True,True,True,True,2,True,2,True,4,True,13,True,28
1827,P_to_R,recovered,True,True,recovered,2.1973689830000005,0.4623822723515332,21,False,True,True,True,True,2,True,2,True,4,True,9,True,13,recovered,True,True,recovered,7.107437025,2.246296422323212,144,False,True,True,True,True,2,True,2,True,6,True,15,True,31
1828,P_to_R,recovered,True,True,recovered,2.7632332859999993,0.6014956429135054,22,False,True,True,True,True,2,True,2,True,3,True,13,True,22,recovered,True,True,recovered,12.332444824,3.2721499304752797,240,False,True,True,True,True,2,True,2,True,6,True,19,True,33
1829,P_to_R,recovered,True,True,recovered,2.2337347860000003,0.8491133595816791,13,False,True,True,True,True,2,True,2,True,3,True,8,True,12,recovered,True,True,recovered,5.513227466000001,1.4874626528471708,91,False,True,True,True,True,2,True,2,True,4,True,9,True,15
1830,P_to_R,recovered,True,True,recovered,38.96050847899999,11.778956496156752,46,False,True,True,True,True,2,True,2,True,2,True,4,True,4,recovered,True,True,recovered,81.69157762299999,20.035382588393986,456,False,True,True,True,True,2,True,2,True,2,True,6,True,6
1831,P_to_R,recovered,True,True,recovered,3.203093141000001,0.7497972492128611,17,True,True,True,True,True,2,True,2,True,7,True,11,True,15,recovered,True,True,recovered,16.601183018,3.8669054862111807,130,True,True,True,True,True,2,True,2,True,7,True,11,True,17
1832,P_to_R,recovered,True,True,recovered,16.830964498999997,6.008469774154946,123,False,True,True,True,True,2,True,2,True,2,True,40,True,71,recovered,True,True,recovered,41.76820727099999,9.73828809754923,675,False,True,True,True,True,2,True,2,True,2,True,40,True,71
1833,P_to_R,recovered,True,True,recovered,6.3193985139999995,1.2670144024305046,19,True,True,True,True,True,3,True,3,True,11,True,12,True,18,recovered,True,True,recovered,42.156741970999995,10.399002336431295,367,True,True,True,True,True,3,True,3,True,11,True,14,True,25
1834,P_to_R,recovered,True,True,recovered,8.139747938,3.0149350457359105,18,False,True,True,True,True,2,True,2,True,4,True,6,True,9,recovered,True,True,recovered,15.001715667999997,4.613038962474093,75,False,True,True,True,True,2,True,2,True,4,True,7,True,11
1835,P_to_R,recovered,True,True,recovered,7.814483971,1.6402859161607921,5,False,True,True,True,False,1,True,3,True,3,True,3,True,5,recovered,True,True,recovered,23.347018237,4.830788798397407,5,False,True,True,True,False,1,True,3,True,3,True,3,True,5
1836,P_to_R,recovered,True,True,recovered,207.844708444,46.5012526253704,56,False,True,True,True,True,2,True,2,True,4,True,14,True,28,recovered,True,True,recovered,1165.349279967,187.69491257378832,2525,False,True,True,True,True,2,True,2,True,4,True,14,True,29
1837,P_to_R,recovered,True,True,recovered,484.36221954399997,192.65744190150872,318,True,True,True,True,True,3,True,3,True,3,True,23,True,26,recovered,True,True,recovered,813.152082884,244.05280122021213,1494,True,True,True,True,True,3,True,3,True,3,True,23,True,30
1838,P_to_R,recovered,True,True,recovered,46.541096029,17.96539662638679,44,False,True,True,True,True,2,True,2,True,4,True,6,True,14,recovered,True,True,recovered,170.53294548300002,41.29753033374436,1102,False,True,True,True,True,2,True,2,True,4,True,6,True,14
1839,P_to_R,recovered,True,True,recovered,3.482226603,1.061014429666102,12,True,True,True,True,True,2,True,2,True,5,True,9,True,12,recovered,True,True,recovered,9.716034157,2.6090721748769283,53,True,True,True,True,True,2,True,2,True,5,True,9,True,14
1840,P_to_R,recovered,True,True,recovered,7.68533378,2.187148658093065,33,False,True,True,True,True,2,True,2,True,4,True,4,True,8,recovered,True,True,recovered,12.300408386999997,3.206860495498404,47,False,True,True,True,True,2,True,2,True,4,True,4,True,10
1841,P_to_R,recovered,True,True,recovered,115.62384849800002,39.71747313113883,122,False,True,True,True,True,2,True,2,True,5,True,14,True,26,recovered,True,True,recovered,331.12238206800004,79.97168954228982,509,False,True,True,True,True,2,True,2,True,5,True,15,True,31
1842,P_to_R,recovered,True,True,recovered,7.801338337000002,2.3764100284315646,88,False,True,True,True,True,2,True,2,True,5,True,16,True,40,recovered,True,True,recovered,67.656593282,14.371964770834893,1344,False,True,True,True,True,2,True,2,True,5,True,16,True,44
1843,P_to_R,recovered,True,True,recovered,74.45488740799999,21.076741830678657,114,False,True,True,True,True,2,True,2,True,4,True,10,True,36,recovered,True,True,recovered,322.309357335,78.99583479808643,765,False,True,True,True,True,2,True,2,True,4,True,10,True,36
1844,P_to_R,recovered,True,True,recovered,8.912470299999999,2.65964268008247,130,False,True,True,True,True,2,True,2,True,4,True,10,True,31,recovered,True,True,recovered,33.05401498599999,8.604268160182983,328,False,True,True,True,True,2,True,2,True,4,True,13,True,38
1845,P_to_R,recovered,True,True,recovered,14.282981869999997,4.462257848121226,44,False,True,True,True,True,2,True,2,True,6,True,8,True,10,recovered,True,True,recovered,20.606288199999998,6.461758580990136,122,False,True,True,True,True,2,True,2,True,7,True,9,True,18
1846,P_to_R,recovered,True,True,recovered,2.4407008279999998,0.5235922345891595,12,True,True,True,True,True,2,True,2,True,4,True,9,True,12,recovered,True,True,recovered,8.059347247999998,1.6120435129851103,62,True,True,True,True,True,2,True,2,True,5,True,11,True,18
1847,P_to_R,recovered,True,True,recovered,3.0946121169999996,1.1138667571358383,23,False,True,True,True,True,2,True,2,True,5,True,10,True,11,recovered,True,True,recovered,6.598669679,1.711552833672613,46,False,True,True,True,True,2,True,2,True,6,True,11,True,13
1848,P_to_R,recovered,True,True,recovered,41.800154363999994,5.337115587899461,22,True,True,True,True,True,1,True,1,True,1,True,8,True,22,recovered,True,True,recovered,413.91538596500004,69.77614921401255,1437,True,True,True,True,True,1,True,1,True,1,True,8,True,23
1849,P_to_R,recovered,True,True,recovered,74.36458667800001,20.597116806311533,94,False,True,True,True,False,1,True,3,True,4,True,9,True,28,recovered,True,True,recovered,143.880436835,35.519615249242634,286,False,True,True,True,False,1,True,4,True,5,True,10,True,41
1850,P_to_R,recovered,True,True,recovered,3.328248924,1.0368047961965203,16,True,True,True,True,True,2,True,2,True,5,True,7,True,9,recovered,True,True,recovered,7.115972123,1.7428457215428352,35,True,True,True,True,True,2,True,2,True,5,True,7,True,11
