dataset,index,variant,recovery,searches_complete,compute_cpu_seconds,best_events
golden,0,seeds1,recovered,True,80.36732064099999,
golden,0,seeds10,recovered,True,760.5901194840001,
golden,1,seeds1,recovered,True,3.885844473,
golden,1,seeds10,recovered,True,24.356131474,
golden,2,seeds1,recovered,True,9.074871639,
golden,2,seeds10,recovered,True,58.612129817,
golden,3,seeds1,recovered,True,3.773708295,
golden,3,seeds10,recovered,True,18.93137201,
golden,4,seeds1,recovered,True,3.7684460269999995,
golden,4,seeds10,recovered,True,23.602022513,
golden,5,seeds1,recovered,True,1.7321331150000001,
golden,5,seeds10,recovered,True,7.172493429000001,
golden,6,seeds1,recovered,True,1.019002787,
golden,6,seeds10,recovered,True,1.9635179580000002,
golden,7,seeds1,not_recovered,True,26.156549114999997,
golden,7,seeds10,not_recovered,True,132.81632839899999,
golden,8,seeds1,recovered,True,5.810837895999999,
golden,8,seeds10,recovered,True,24.874343300000007,
golden,9,seeds1,recovered,True,2.7571101049999998,
golden,9,seeds10,recovered,True,12.024589522000001,
golden,10,seeds1,recovered,True,11.178372587,
golden,10,seeds10,recovered,True,62.469150379999995,
golden,11,seeds1,recovered,True,3.259754708,
golden,11,seeds10,recovered,True,17.844769938,
golden,12,seeds1,recovered,True,9.306386778,
golden,12,seeds10,recovered,True,38.871325664,
golden,13,seeds1,recovered,True,10.050511325999999,
golden,13,seeds10,recovered,True,77.625282698,
golden,14,seeds1,recovered,True,2.635236357,
golden,14,seeds10,recovered,True,14.334629097,
golden,15,seeds1,recovered,True,2.780176825,
golden,15,seeds10,recovered,True,10.613496249,
golden,16,seeds1,recovered,True,12.60818115,
golden,16,seeds10,recovered,True,86.675229462,
golden,17,seeds1,recovered,True,66.359127805,
golden,17,seeds10,recovered,True,644.4799580040001,
golden,18,seeds1,recovered,True,1.4913699549999997,
golden,18,seeds10,recovered,True,3.3413111420000003,
golden,19,seeds1,not_recovered,True,40.124374558999996,
golden,19,seeds10,unknown,True,376.043178039,
golden,20,seeds1,recovered,True,5.542654288,
golden,20,seeds10,recovered,True,39.062661485999996,
golden,21,seeds1,recovered,True,2.71264241,
golden,21,seeds10,recovered,True,13.229490406,
golden,22,seeds1,recovered,True,5.719854063,
golden,22,seeds10,recovered,True,28.362547958000004,
golden,23,seeds1,recovered,True,1.428689816,
golden,23,seeds10,recovered,True,5.7705031579999995,
golden,24,seeds1,recovered,True,3.847207229,
golden,24,seeds10,recovered,True,12.801740368,
golden,25,seeds1,recovered,True,7.54638748,
golden,25,seeds10,recovered,True,65.11324976200001,
golden,26,seeds1,recovered,True,3.9186382760000007,
golden,26,seeds10,recovered,True,14.905536861999998,
golden,27,seeds1,recovered,True,13.094634903,
golden,27,seeds10,recovered,True,103.67909990199999,
golden,28,seeds1,recovered,True,1.9716092299999997,
golden,28,seeds10,recovered,True,6.17716379,
golden,29,seeds1,recovered,True,26.707170296,
golden,29,seeds10,recovered,True,220.124660721,
golden,30,seeds1,recovered,True,6.397601026,
golden,30,seeds10,recovered,True,42.313379474,
golden,31,seeds1,recovered,True,2.191186839,
golden,31,seeds10,recovered,True,9.470731563,
golden,32,seeds1,recovered,True,10.401318357,
golden,32,seeds10,recovered,True,87.31214400700001,
golden,33,seeds1,recovered,True,11.680888298,
golden,33,seeds10,recovered,True,92.04828325700001,
golden,34,seeds1,recovered,True,3.3889120430000004,
golden,34,seeds10,recovered,True,15.102697355999998,
golden,35,seeds1,recovered,True,5.075306844,
golden,35,seeds10,recovered,True,26.163681293,
golden,36,seeds1,recovered,True,6.1031094910000006,
golden,36,seeds10,recovered,True,33.235280110999994,
golden,37,seeds1,recovered,True,4.063282978,
golden,37,seeds10,recovered,True,26.378467521999994,
golden,38,seeds1,recovered,True,1.582125928,
golden,38,seeds10,recovered,True,3.3492386010000006,
golden,39,seeds1,recovered,True,22.567183286,
golden,39,seeds10,recovered,True,161.604141455,
golden,40,seeds1,recovered,True,12.996585336000003,
golden,40,seeds10,recovered,True,93.43010084600002,
golden,41,seeds1,recovered,True,8.254495616,
golden,41,seeds10,recovered,True,44.861666635000006,
golden,42,seeds1,recovered,True,4.557502375,
golden,42,seeds10,recovered,True,25.7357722,
golden,43,seeds1,recovered,True,1.538889684,
golden,43,seeds10,recovered,True,3.5311366699999995,
golden,44,seeds1,not_recovered,True,20.821015848000002,
golden,44,seeds10,recovered,True,193.46953895099995,
golden,45,seeds1,recovered,True,2.747043448,
golden,45,seeds10,recovered,True,12.385918242,
golden,46,seeds1,recovered,True,4.646215083,
golden,46,seeds10,recovered,True,36.515021143999995,
golden,47,seeds1,recovered,True,1.1724443229999997,
golden,47,seeds10,recovered,True,1.8243911220000002,
golden,48,seeds1,recovered,True,42.370206128999996,
golden,48,seeds10,recovered,True,336.019949003,
golden,49,seeds1,recovered,True,2.0176265649999996,
golden,49,seeds10,recovered,True,5.402659364,
golden,50,seeds1,recovered,True,1.057901178,
golden,50,seeds10,recovered,True,2.312855228,
golden,51,seeds1,recovered,True,1.5450506709999996,
golden,51,seeds10,recovered,True,3.4938078649999995,
golden,52,seeds1,recovered,True,3.2991560479999995,
golden,52,seeds10,recovered,True,9.097024368,
golden,53,seeds1,recovered,True,2.510306012,
golden,53,seeds10,recovered,True,10.740644697999997,
golden,54,seeds1,recovered,True,2.357757103,
golden,54,seeds10,recovered,True,5.406163139,
golden,55,seeds1,recovered,True,6.770671341000001,
golden,55,seeds10,recovered,True,23.526842860000002,
golden,56,seeds1,recovered,True,10.170047706,
golden,56,seeds10,recovered,True,44.184714104,
golden,57,seeds1,recovered,True,1.2949331340000003,
golden,57,seeds10,recovered,True,2.86046711,
golden,58,seeds1,recovered,True,2.5994733070000002,
golden,58,seeds10,recovered,True,6.2891317309999994,
golden,59,seeds1,recovered,True,2.0372075279999997,
golden,59,seeds10,recovered,True,4.993488843,
golden,60,seeds1,recovered,True,1.221170388,
golden,60,seeds10,recovered,True,2.383006088,
golden,61,seeds1,recovered,True,11.627315057,
golden,61,seeds10,recovered,True,54.586383724,
golden,62,seeds1,recovered,True,3.578699063,
golden,62,seeds10,recovered,True,12.001825158,
golden,63,seeds1,recovered,True,1.6722687770000002,
golden,63,seeds10,recovered,True,3.112022754,
golden,64,seeds1,recovered,True,1.5045852069999999,
golden,64,seeds10,recovered,True,3.4163690209999995,
golden,65,seeds1,recovered,True,2.660683263,
golden,65,seeds10,recovered,True,9.810409438999999,
golden,66,seeds1,recovered,True,40.629394818,
golden,66,seeds10,recovered,True,310.848837687,
golden,67,seeds1,recovered,True,4.798006049000001,
golden,67,seeds10,recovered,True,13.12970611,
golden,68,seeds1,recovered,True,6.4251999390000005,
golden,68,seeds10,recovered,True,47.034872565,
golden,69,seeds1,recovered,True,6.55117581,
golden,69,seeds10,recovered,True,31.866714891999997,
golden,70,seeds1,recovered,True,1.610189345,
golden,70,seeds10,recovered,True,5.880320577000001,
golden,71,seeds1,recovered,True,6.829953991000001,
golden,71,seeds10,recovered,True,35.042534540999995,
golden,72,seeds1,recovered,True,2.565816838,
golden,72,seeds10,recovered,True,8.932977612999998,
golden,73,seeds1,recovered,True,1.3316827569999998,
golden,73,seeds10,recovered,True,2.66167405,
golden,74,seeds1,recovered,True,8.740070059999999,
golden,74,seeds10,recovered,True,35.108798152,
golden,75,seeds1,recovered,True,1.3244310060000002,
golden,75,seeds10,recovered,True,2.292032486,
golden,76,seeds1,recovered,True,3.01913289,
golden,76,seeds10,recovered,True,8.137825303,
golden,77,seeds1,recovered,True,2.995366882,
golden,77,seeds10,recovered,True,14.92958135,
golden,78,seeds1,recovered,True,3.5528333630000004,
golden,78,seeds10,recovered,True,13.450532299999999,
golden,79,seeds1,recovered,True,2.461609212,
golden,79,seeds10,recovered,True,11.178396706000001,
golden,80,seeds1,recovered,True,5.282151905000001,
golden,80,seeds10,recovered,True,25.074094022000004,
golden,81,seeds1,recovered,True,3.291796103,
golden,81,seeds10,recovered,True,11.933001695,
golden,82,seeds1,recovered,True,1.2125839919999999,
golden,82,seeds10,recovered,True,1.751227497,
golden,83,seeds1,recovered,True,4.85844557,
golden,83,seeds10,recovered,True,18.166906731999998,
golden,84,seeds1,recovered,True,5.087254735,
golden,84,seeds10,recovered,True,22.576177951,
golden,85,seeds1,recovered,True,5.28203547,
golden,85,seeds10,recovered,True,25.775860975,
golden,86,seeds1,recovered,True,2.5130051580000003,
golden,86,seeds10,recovered,True,6.637299457999999,
golden,87,seeds1,recovered,True,2.0966985549999997,
golden,87,seeds10,recovered,True,7.678190411000001,
golden,88,seeds1,recovered,True,3.8033022389999998,
golden,88,seeds10,recovered,True,11.661647065,
golden,89,seeds1,recovered,True,1.7046221569999997,
golden,89,seeds10,recovered,True,4.516792971,
golden,90,seeds1,recovered,True,3.324183625,
golden,90,seeds10,recovered,True,18.511168147,
golden,91,seeds1,recovered,True,14.802424756999999,
golden,91,seeds10,recovered,True,113.26072463,
golden,92,seeds1,recovered,True,2.5878878869999995,
golden,92,seeds10,recovered,True,8.947736928000001,
golden,93,seeds1,recovered,True,1.3170157099999997,
golden,93,seeds10,recovered,True,4.6728134,
golden,94,seeds1,recovered,True,1.2228078120000005,
golden,94,seeds10,recovered,True,3.397632803,
golden,95,seeds1,recovered,True,18.870126065,
golden,95,seeds10,recovered,True,114.42903154599998,
golden,96,seeds1,recovered,True,2.0086890120000005,
golden,96,seeds10,recovered,True,4.986662226,
golden,97,seeds1,recovered,True,14.492988201000003,
golden,97,seeds10,recovered,True,93.27091752800001,
golden,98,seeds1,recovered,True,1.5003955540000002,
golden,98,seeds10,recovered,True,2.5122565280000004,
golden,99,seeds1,recovered,True,2.057641666,
golden,99,seeds10,recovered,True,6.891580959000001,
golden,100,seeds1,recovered,True,5.148436996999999,
golden,100,seeds10,recovered,True,26.851896756000002,
golden,101,seeds1,recovered,True,2.7442000440000003,
golden,101,seeds10,recovered,True,10.447784105,
golden,102,seeds1,recovered,True,13.501762341,
golden,102,seeds10,recovered,True,98.22559610199997,
golden,103,seeds1,recovered,True,10.590874492,
golden,103,seeds10,recovered,True,72.25522111699999,
golden,104,seeds1,recovered,True,3.2025193169999997,
golden,104,seeds10,recovered,True,18.306465442,
golden,105,seeds1,recovered,True,1.3984408650000002,
golden,105,seeds10,recovered,True,3.6241957929999993,
golden,106,seeds1,recovered,True,16.471446766,
golden,106,seeds10,recovered,True,99.053734362,
golden,107,seeds1,recovered,True,21.460574332999997,
golden,107,seeds10,recovered,True,133.95468061699998,
golden,108,seeds1,recovered,True,10.771025187,
golden,108,seeds10,recovered,True,61.54156870899999,
golden,109,seeds1,recovered,True,2.852728569,
golden,109,seeds10,recovered,True,11.338879302,
golden,110,seeds1,recovered,True,11.648420870999999,
golden,110,seeds10,recovered,True,83.03276580699999,
golden,111,seeds1,recovered,True,14.696119035999999,
golden,111,seeds10,recovered,True,109.12084345300002,
golden,112,seeds1,recovered,True,5.991206002,
golden,112,seeds10,recovered,True,26.640015072,
golden,113,seeds1,recovered,True,13.72277954,
golden,113,seeds10,recovered,True,88.98505821799999,
golden,114,seeds1,recovered,True,1.7204818880000001,
golden,114,seeds10,recovered,True,3.673314286,
golden,115,seeds1,recovered,True,2.7683473569999997,
golden,115,seeds10,recovered,True,10.962021093,
golden,116,seeds1,recovered,True,7.367095431999999,
golden,116,seeds10,recovered,True,35.143412244000004,
golden,117,seeds1,recovered,True,2.099789948,
golden,117,seeds10,recovered,True,7.494990251000001,
golden,118,seeds1,recovered,True,10.490185633,
golden,118,seeds10,recovered,True,43.378938525,
golden,119,seeds1,recovered,True,3.358563461,
golden,119,seeds10,recovered,True,12.040368995,
golden,120,seeds1,recovered,True,23.907647471999994,
golden,120,seeds10,recovered,True,208.055906469,
golden,121,seeds1,recovered,True,11.691503243000003,
golden,121,seeds10,recovered,True,61.25559641700001,
golden,122,seeds1,recovered,True,3.3233901770000003,
golden,122,seeds10,recovered,True,21.622643990999997,
golden,123,seeds1,recovered,True,7.515174878999999,
golden,123,seeds10,recovered,True,32.746447702,
golden,124,seeds1,recovered,True,2.9470111319999996,
golden,124,seeds10,recovered,True,6.420292083999999,
golden,125,seeds1,recovered,True,8.606434605999999,
golden,125,seeds10,recovered,True,30.253442057000004,
golden,126,seeds1,recovered,True,14.23587721,
golden,126,seeds10,recovered,True,91.57760942299998,
golden,127,seeds1,recovered,True,19.344044144999998,
golden,127,seeds10,recovered,True,140.37170531400002,
golden,128,seeds1,recovered,True,14.450406489000002,
golden,128,seeds10,recovered,True,76.830219369,
golden,129,seeds1,recovered,True,3.4240144310000007,
golden,129,seeds10,recovered,True,30.692168702999993,
golden,130,seeds1,recovered,True,9.487537831000001,
golden,130,seeds10,recovered,True,58.802837332,
golden,131,seeds1,recovered,True,41.236539149999984,
golden,131,seeds10,recovered,True,336.905905493,
golden,132,seeds1,recovered,True,3.8085885509999997,
golden,132,seeds10,recovered,True,28.203184744999994,
golden,133,seeds1,recovered,True,1.4793905469999997,
golden,133,seeds10,recovered,True,3.3460416329999996,
golden,134,seeds1,recovered,True,8.741796096,
golden,134,seeds10,recovered,True,64.41030768700001,
golden,135,seeds1,recovered,True,39.006396736999996,
golden,135,seeds10,recovered,True,200.53602063300002,
golden,136,seeds1,recovered,True,1.51831172,
golden,136,seeds10,recovered,True,13.502470291,
golden,137,seeds1,recovered,True,6.195269081999999,
golden,137,seeds10,recovered,True,25.062885245,
golden,138,seeds1,recovered,True,7.4800913940000004,
golden,138,seeds10,recovered,True,40.52311791000001,
golden,139,seeds1,recovered,True,1.952625362,
golden,139,seeds10,recovered,True,6.813287124,
golden,140,seeds1,recovered,True,1.5157889339999997,
golden,140,seeds10,recovered,True,4.09633094,
golden,141,seeds1,recovered,True,4.6119985219999995,
golden,141,seeds10,recovered,True,34.202865952,
golden,142,seeds1,recovered,True,1.841961458,
golden,142,seeds10,recovered,True,5.816498696,
golden,143,seeds1,recovered,True,89.95246211600002,
golden,143,seeds10,recovered,True,597.990376698,
golden,144,seeds1,recovered,True,1.536946928,
golden,144,seeds10,recovered,True,2.8527556350000003,
golden,145,seeds1,recovered,True,2.393530782,
golden,145,seeds10,recovered,True,8.038334291000002,
golden,146,seeds1,recovered,True,13.178940514999997,
golden,146,seeds10,recovered,True,94.455127807,
golden,147,seeds1,recovered,True,5.510833448,
golden,147,seeds10,recovered,True,28.437829821,
golden,148,seeds1,recovered,True,1.378155639,
golden,148,seeds10,recovered,True,2.935429134,
golden,149,seeds1,recovered,True,17.635789595,
golden,149,seeds10,recovered,True,110.161693182,
golden,150,seeds1,recovered,True,10.644385532,
golden,150,seeds10,recovered,True,104.779228509,
golden,151,seeds1,recovered,True,7.928571018000001,
golden,151,seeds10,recovered,True,61.822406667,
golden,152,seeds1,recovered,True,17.666210113,
golden,152,seeds10,recovered,True,174.193781628,
golden,153,seeds1,recovered,True,9.561477597,
golden,153,seeds10,recovered,True,48.344216145,
golden,154,seeds1,recovered,True,33.118418258000005,
golden,154,seeds10,recovered,True,285.573001049,
golden,155,seeds1,recovered,True,3.233461147,
golden,155,seeds10,recovered,True,14.922536617000002,
golden,156,seeds1,recovered,True,6.9835543520000005,
golden,156,seeds10,recovered,True,70.82407919,
golden,157,seeds1,recovered,True,14.905406837000001,
golden,157,seeds10,recovered,True,108.05363349599999,
golden,158,seeds1,recovered,True,2.9006397039999996,
golden,158,seeds10,recovered,True,15.941841859000002,
golden,159,seeds1,recovered,True,7.517651524000001,
golden,159,seeds10,recovered,True,46.156148443,
golden,160,seeds1,recovered,True,3.7666941120000006,
golden,160,seeds10,recovered,True,16.008347476,
golden,161,seeds1,recovered,True,2.65941405,
golden,161,seeds10,recovered,True,12.147605055,
golden,162,seeds1,recovered,True,4.920513174,
golden,162,seeds10,recovered,True,36.787006875,
golden,163,seeds1,recovered,True,3.123805343000001,
golden,163,seeds10,recovered,True,17.731928676,
golden,164,seeds1,recovered,True,36.618190684,
golden,164,seeds10,recovered,True,239.655427589,
golden,165,seeds1,recovered,True,1.6223462119999996,
golden,165,seeds10,recovered,True,3.250022471,
golden,166,seeds1,recovered,True,2.1410970459999996,
golden,166,seeds10,recovered,True,5.954109729,
golden,167,seeds1,recovered,True,18.645543043,
golden,167,seeds10,recovered,True,155.120958074,
golden,168,seeds1,recovered,True,4.538676871,
golden,168,seeds10,recovered,True,23.68265597,
golden,169,seeds1,recovered,True,8.848451754,
golden,169,seeds10,recovered,True,66.201853411,
golden,170,seeds1,recovered,True,4.384985728999999,
golden,170,seeds10,recovered,True,15.104505708,
golden,171,seeds1,recovered,True,11.362212495,
golden,171,seeds10,recovered,True,85.519125996,
golden,172,seeds1,recovered,True,3.3444949799999995,
golden,172,seeds10,recovered,True,12.649975495,
golden,173,seeds1,recovered,True,5.2552748529999995,
golden,173,seeds10,recovered,True,33.943795407,
golden,174,seeds1,recovered,True,5.342115060999999,
golden,174,seeds10,recovered,True,37.41073402000001,
golden,175,seeds1,recovered,True,4.314185354999999,
golden,175,seeds10,recovered,True,25.744172998000003,
golden,176,seeds1,recovered,True,4.279652257999999,
golden,176,seeds10,recovered,True,22.354737611,
golden,177,seeds1,recovered,True,9.459489754,
golden,177,seeds10,recovered,True,65.574644584,
golden,178,seeds1,recovered,True,6.145767920000001,
golden,178,seeds10,recovered,True,41.565554044,
golden,179,seeds1,recovered,True,3.9466069260000003,
golden,179,seeds10,recovered,True,29.961875522,
golden,180,seeds1,recovered,True,2.6953176040000013,
golden,180,seeds10,recovered,True,12.525610333000001,
golden,181,seeds1,recovered,True,20.427127874,
golden,181,seeds10,recovered,True,149.62146816299997,
golden,182,seeds1,recovered,True,12.427962427,
golden,182,seeds10,recovered,True,92.334976818,
golden,183,seeds1,recovered,True,2.1337960580000006,
golden,183,seeds10,recovered,True,6.663186872000001,
golden,184,seeds1,recovered,True,3.7664803079999993,
golden,184,seeds10,recovered,True,22.013235603,
golden,185,seeds1,recovered,True,1.372718142,
golden,185,seeds10,recovered,True,3.2101061439999996,
golden,186,seeds1,recovered,True,17.498626521,
golden,186,seeds10,recovered,True,141.62334750000002,
golden,187,seeds1,recovered,True,4.170741215,
golden,187,seeds10,recovered,True,28.737541159,
golden,188,seeds1,recovered,True,1.124460914,
golden,188,seeds10,recovered,True,1.9543084179999997,
golden,189,seeds1,recovered,True,1.4837493979999996,
golden,189,seeds10,recovered,True,3.8414840360000007,
golden,190,seeds1,recovered,True,1.3459725369999997,
golden,190,seeds10,recovered,True,2.5761874650000003,
golden,191,seeds1,recovered,True,1.750375316,
golden,191,seeds10,recovered,True,4.045637018,
golden,192,seeds1,recovered,True,2.382277751,
golden,192,seeds10,recovered,True,7.659805478,
golden,193,seeds1,recovered,True,5.509147656,
golden,193,seeds10,recovered,True,24.404981164,
golden,194,seeds1,recovered,True,29.528627839,
golden,194,seeds10,recovered,True,253.99626216800002,
golden,195,seeds1,recovered,True,6.508178989,
golden,195,seeds10,recovered,True,33.99753033499999,
golden,196,seeds1,recovered,True,13.993969325999998,
golden,196,seeds10,recovered,True,94.627988593,
golden,197,seeds1,recovered,True,2.9866679450000007,
golden,197,seeds10,recovered,True,11.091848237,
golden,198,seeds1,recovered,True,14.109870054000002,
golden,198,seeds10,recovered,True,101.663120603,
golden,199,seeds1,recovered,True,9.421530859,
golden,199,seeds10,recovered,True,48.445071114,
golden,200,seeds1,recovered,True,7.316980917,
golden,200,seeds10,recovered,True,39.094895021000006,
golden,201,seeds1,recovered,True,23.132937073999997,
golden,201,seeds10,recovered,True,186.22664763299997,
golden,202,seeds1,recovered,True,11.495387233999999,
golden,202,seeds10,recovered,True,86.023670772,
golden,203,seeds1,recovered,True,1.1020547399999998,
golden,203,seeds10,recovered,True,1.9654866569999998,
golden,204,seeds1,recovered,True,4.410827346000001,
golden,204,seeds10,recovered,True,21.611257105,
golden,205,seeds1,recovered,True,8.871098005,
golden,205,seeds10,recovered,True,51.559933009999995,
golden,206,seeds1,recovered,True,1.2441294739999997,
golden,206,seeds10,recovered,True,2.2186686499999997,
golden,207,seeds1,recovered,True,9.518817617,
golden,207,seeds10,recovered,True,48.400824665,
golden,208,seeds1,recovered,True,4.2688366879999995,
golden,208,seeds10,recovered,True,28.430049417999996,
golden,209,seeds1,recovered,True,12.224329304000001,
golden,209,seeds10,recovered,True,64.35207358,
golden,210,seeds1,recovered,True,2.6368646609999997,
golden,210,seeds10,recovered,True,11.868994566,
golden,211,seeds1,recovered,True,0.9561207469999999,
golden,211,seeds10,recovered,True,1.84924329,
golden,212,seeds1,recovered,True,2.954804509,
golden,212,seeds10,recovered,True,13.695402003,
golden,213,seeds1,recovered,True,19.844656609999998,
golden,213,seeds10,recovered,True,127.67333677199998,
golden,214,seeds1,recovered,True,28.020761403,
golden,214,seeds10,recovered,True,149.944600608,
golden,215,seeds1,recovered,True,4.283738094,
golden,215,seeds10,recovered,True,21.607954102,
golden,216,seeds1,recovered,True,13.925242885,
golden,216,seeds10,recovered,True,77.62086609,
golden,217,seeds1,recovered,True,2.645611111,
golden,217,seeds10,recovered,True,14.574717562,
golden,218,seeds1,recovered,True,1.326490252,
golden,218,seeds10,recovered,True,2.5574037969999996,
golden,219,seeds1,recovered,True,6.270597926999999,
golden,219,seeds10,recovered,True,31.616628011,
golden,220,seeds1,recovered,True,10.498382126000001,
golden,220,seeds10,recovered,True,79.37491004099999,
golden,221,seeds1,recovered,True,5.994673625,
golden,221,seeds10,recovered,True,27.543270733,
golden,222,seeds1,recovered,True,1.378061233,
golden,222,seeds10,recovered,True,3.3913257669999997,
golden,223,seeds1,recovered,True,3.8649872159999994,
golden,223,seeds10,recovered,True,24.09073284,
golden,224,seeds1,recovered,True,1.711528307,
golden,224,seeds10,recovered,True,5.04559454,
golden,225,seeds1,recovered,True,1.073096021,
golden,225,seeds10,recovered,True,1.5636633770000001,
golden,226,seeds1,recovered,True,1.220709791,
golden,226,seeds10,recovered,True,2.4606725340000004,
golden,227,seeds1,recovered,True,0.9892805820000004,
golden,227,seeds10,recovered,True,1.721895812,
golden,228,seeds1,recovered,True,4.373359379000001,
golden,228,seeds10,recovered,True,41.150943917,
golden,229,seeds1,recovered,True,15.860024320999997,
golden,229,seeds10,recovered,True,137.09805478200002,
golden,230,seeds1,recovered,True,9.765739288,
golden,230,seeds10,recovered,True,48.729430087000004,
golden,231,seeds1,recovered,True,15.007396719,
golden,231,seeds10,recovered,True,146.12061663100002,
golden,232,seeds1,recovered,True,1.651718304,
golden,232,seeds10,recovered,True,5.186813743,
golden,233,seeds1,recovered,True,2.4958966530000004,
golden,233,seeds10,recovered,True,9.614934603999998,
golden,234,seeds1,recovered,True,1.6485803860000003,
golden,234,seeds10,recovered,True,5.126750545,
golden,235,seeds1,recovered,True,1.3028751399999998,
golden,235,seeds10,recovered,True,2.83884109,
golden,236,seeds1,recovered,True,1.4364771680000001,
golden,236,seeds10,recovered,True,4.46524672,
golden,237,seeds1,recovered,True,12.295884981,
golden,237,seeds10,recovered,True,92.285720162,
golden,238,seeds1,recovered,True,3.4425887720000006,
golden,238,seeds10,recovered,True,21.977495836000003,
golden,239,seeds1,recovered,True,21.399466648999997,
golden,239,seeds10,recovered,True,198.64051895199998,
golden,240,seeds1,recovered,True,1.683224622,
golden,240,seeds10,recovered,True,3.188974291,
golden,241,seeds1,recovered,True,2.218061744,
golden,241,seeds10,recovered,True,9.205695782,
golden,242,seeds1,recovered,True,5.773938038,
golden,242,seeds10,recovered,True,38.291613352,
golden,243,seeds1,recovered,True,4.136770601,
golden,243,seeds10,recovered,True,23.214930202999994,
golden,244,seeds1,recovered,True,12.379971502999998,
golden,244,seeds10,recovered,True,97.41565096300002,
golden,245,seeds1,recovered,True,14.611336546,
golden,245,seeds10,recovered,True,128.154712742,
golden,246,seeds1,recovered,True,4.604694501,
golden,246,seeds10,recovered,True,28.549489487000002,
golden,247,seeds1,recovered,True,3.9348810330000004,
golden,247,seeds10,recovered,True,27.753275094,
golden,248,seeds1,recovered,True,8.504933138,
golden,248,seeds10,recovered,True,56.60221322300001,
golden,249,seeds1,recovered,True,3.40348412,
golden,249,seeds10,recovered,True,11.126521302,
golden,250,seeds1,recovered,True,1.4459278110000002,
golden,250,seeds10,recovered,True,4.0360613690000005,
golden,251,seeds1,recovered,True,3.1062294589999997,
golden,251,seeds10,recovered,True,18.685062277,
golden,252,seeds1,recovered,True,1.3803841110000001,
golden,252,seeds10,recovered,True,5.822291538000001,
golden,253,seeds1,recovered,True,6.207810923,
golden,253,seeds10,recovered,True,33.659473649999995,
golden,254,seeds1,recovered,True,1.172239395,
golden,254,seeds10,recovered,True,2.6204835780000004,
golden,255,seeds1,recovered,True,3.6784335630000005,
golden,255,seeds10,recovered,True,23.183050148,
golden,256,seeds1,recovered,True,3.249980977,
golden,256,seeds10,recovered,True,16.774496013,
golden,257,seeds1,recovered,True,24.548845021,
golden,257,seeds10,recovered,True,257.91673051299995,
golden,258,seeds1,recovered,True,1.95614912,
golden,258,seeds10,recovered,True,8.680879689,
golden,259,seeds1,recovered,True,1.4617690169999995,
golden,259,seeds10,recovered,True,4.066004878,
golden,260,seeds1,recovered,True,3.3579754530000003,
golden,260,seeds10,recovered,True,14.876271444999999,
golden,261,seeds1,recovered,True,4.465627196,
golden,261,seeds10,recovered,True,27.029136058,
golden,262,seeds1,recovered,True,3.3186964800000003,
golden,262,seeds10,recovered,True,15.452247379999996,
golden,263,seeds1,recovered,True,1.637241644,
golden,263,seeds10,recovered,True,4.331676539000001,
golden,264,seeds1,recovered,True,2.367448157,
golden,264,seeds10,recovered,True,9.372529781,
golden,265,seeds1,recovered,True,1.824886181,
golden,265,seeds10,recovered,True,3.739641626,
golden,266,seeds1,recovered,True,3.624576049,
golden,266,seeds10,recovered,True,19.954865167999998,
golden,267,seeds1,recovered,True,0.9317702349999998,
golden,267,seeds10,recovered,True,1.1585974599999997,
golden,268,seeds1,recovered,True,12.835798972,
golden,268,seeds10,recovered,True,95.080103923,
golden,269,seeds1,recovered,True,2.2879464460000003,
golden,269,seeds10,recovered,True,9.410962326,
golden,270,seeds1,recovered,True,9.802064142999999,
golden,270,seeds10,recovered,True,67.431723259,
golden,271,seeds1,recovered,True,0.9698604519999997,
golden,271,seeds10,recovered,True,1.2339162570000002,
golden,272,seeds1,recovered,True,2.4632205799999998,
golden,272,seeds10,recovered,True,11.624765941,
golden,273,seeds1,recovered,True,5.913839083000001,
golden,273,seeds10,recovered,True,36.470036621,
golden,274,seeds1,recovered,True,2.896351986999999,
golden,274,seeds10,recovered,True,16.30277729,
golden,275,seeds1,recovered,True,6.084611329,
golden,275,seeds10,recovered,True,35.661256544000004,
golden,276,seeds1,recovered,True,3.451726068,
golden,276,seeds10,recovered,True,18.249348808,
golden,277,seeds1,recovered,True,6.851778209000002,
golden,277,seeds10,recovered,True,31.446041276,
golden,278,seeds1,recovered,True,3.035128372,
golden,278,seeds10,recovered,True,11.50167668,
golden,279,seeds1,recovered,True,4.073502345,
golden,279,seeds10,recovered,True,19.798265055999998,
golden,280,seeds1,recovered,True,2.70044769,
golden,280,seeds10,recovered,True,14.731060065,
golden,281,seeds1,recovered,True,1.87738967,
golden,281,seeds10,recovered,True,4.947617536999999,
golden,282,seeds1,recovered,True,1.9201088849999999,
golden,282,seeds10,recovered,True,8.207889811,
golden,283,seeds1,recovered,True,2.0003870609999996,
golden,283,seeds10,recovered,True,7.485710039000001,
golden,284,seeds1,recovered,True,5.904696865,
golden,284,seeds10,recovered,True,21.778885138,
golden,285,seeds1,recovered,True,10.415877294000001,
golden,285,seeds10,recovered,True,77.022228384,
golden,286,seeds1,recovered,True,10.437259129000001,
golden,286,seeds10,recovered,True,83.30958391200001,
golden,287,seeds1,recovered,True,3.1637467729999997,
golden,287,seeds10,recovered,True,22.35375043,
golden,288,seeds1,recovered,True,2.7301722379999998,
golden,288,seeds10,recovered,True,12.080605536,
golden,289,seeds1,recovered,True,17.711653806,
golden,289,seeds10,recovered,True,122.058346866,
golden,290,seeds1,recovered,True,8.485958432,
golden,290,seeds10,recovered,True,42.279650304,
golden,291,seeds1,recovered,True,1.313867145,
golden,291,seeds10,recovered,True,4.8748016619999985,
golden,292,seeds1,recovered,True,1.2524033340000003,
golden,292,seeds10,recovered,True,2.6865716080000004,
golden,293,seeds1,recovered,True,2.6707362249999997,
golden,293,seeds10,recovered,True,14.914837231,
golden,294,seeds1,recovered,True,1.3841667489999994,
golden,294,seeds10,recovered,True,3.3680199239999986,
golden,295,seeds1,recovered,True,13.774134581000002,
golden,295,seeds10,recovered,True,150.617782138,
golden,296,seeds1,recovered,True,7.117330085,
golden,296,seeds10,recovered,True,47.674029528999995,
golden,297,seeds1,recovered,True,15.994615945,
golden,297,seeds10,recovered,True,144.624644632,
golden,298,seeds1,recovered,True,2.138979492,
golden,298,seeds10,recovered,True,9.054712745,
golden,299,seeds1,recovered,True,1.476844138,
golden,299,seeds10,recovered,True,4.285168444999999,
golden,300,seeds1,recovered,True,3.6052382729999994,
golden,300,seeds10,recovered,True,17.941456397,
golden,301,seeds1,recovered,True,19.408127416000003,
golden,301,seeds10,recovered,True,105.259381497,
golden,302,seeds1,recovered,True,5.309406865,
golden,302,seeds10,recovered,True,31.710669423,
golden,303,seeds1,recovered,True,1.048883334,
golden,303,seeds10,recovered,True,1.8913443600000002,
golden,304,seeds1,recovered,True,6.912416463,
golden,304,seeds10,recovered,True,37.04097664300001,
golden,305,seeds1,recovered,True,4.895529954,
golden,305,seeds10,recovered,True,30.286647184000003,
golden,306,seeds1,recovered,True,2.1049716209999993,
golden,306,seeds10,recovered,True,7.963798917,
golden,307,seeds1,recovered,True,50.93335269600001,
golden,307,seeds10,recovered,True,473.423874318,
golden,308,seeds1,recovered,True,8.549532322000001,
golden,308,seeds10,recovered,True,75.78275806200001,
golden,309,seeds1,recovered,True,7.412815964,
golden,309,seeds10,recovered,True,53.742045346,
golden,310,seeds1,recovered,True,1.210203993,
golden,310,seeds10,recovered,True,2.3421279449999997,
golden,311,seeds1,recovered,True,2.5520994839999998,
golden,311,seeds10,recovered,True,10.317452388,
golden,312,seeds1,recovered,True,4.375398329,
golden,312,seeds10,recovered,True,29.87029196,
golden,313,seeds1,recovered,True,17.28904032,
golden,313,seeds10,recovered,True,148.64642678400003,
golden,314,seeds1,recovered,True,1.694798825,
golden,314,seeds10,recovered,True,5.366498237,
golden,315,seeds1,recovered,True,8.942331378,
golden,315,seeds10,recovered,True,49.50687915200001,
golden,316,seeds1,recovered,True,1.9602765290000006,
golden,316,seeds10,recovered,True,8.320107365,
golden,317,seeds1,recovered,True,3.823038035,
golden,317,seeds10,recovered,True,11.71536488,
golden,318,seeds1,recovered,True,11.692946096,
golden,318,seeds10,recovered,True,78.477877293,
golden,319,seeds1,recovered,True,4.851046551999999,
golden,319,seeds10,recovered,True,30.189316678,
golden,320,seeds1,recovered,True,8.18373903,
golden,320,seeds10,recovered,True,67.103720004,
golden,321,seeds1,recovered,True,1.3241292809999998,
golden,321,seeds10,recovered,True,3.851783168,
golden,322,seeds1,recovered,True,2.7784972199999998,
golden,322,seeds10,recovered,True,18.286301225,
golden,323,seeds1,recovered,True,1.090756543,
golden,323,seeds10,recovered,True,1.9306070760000003,
golden,324,seeds1,recovered,True,1.7088223919999994,
golden,324,seeds10,recovered,True,5.9868957069999995,
golden,325,seeds1,recovered,True,12.079194013999999,
golden,325,seeds10,recovered,True,69.092133431,
golden,326,seeds1,recovered,True,1.925250519,
golden,326,seeds10,recovered,True,3.826128559,
golden,327,seeds1,recovered,True,4.389059040999999,
golden,327,seeds10,recovered,True,18.959333263999994,
golden,328,seeds1,recovered,True,8.296160726,
golden,328,seeds10,recovered,True,58.971561521000005,
golden,329,seeds1,recovered,True,2.6867305860000004,
golden,329,seeds10,recovered,True,12.146336069,
golden,330,seeds1,recovered,True,1.365450225,
golden,330,seeds10,recovered,True,3.8959419950000003,
golden,331,seeds1,recovered,True,6.179347907,
golden,331,seeds10,recovered,True,36.86153028900001,
golden,332,seeds1,recovered,True,1.304963963,
golden,332,seeds10,recovered,True,3.1451090329999998,
golden,333,seeds1,recovered,True,1.4914319789999997,
golden,333,seeds10,recovered,True,4.7748761879999995,
golden,334,seeds1,recovered,True,3.562744798,
golden,334,seeds10,recovered,True,15.770944036000001,
golden,335,seeds1,recovered,True,3.2990459239999996,
golden,335,seeds10,recovered,True,13.366413521,
golden,336,seeds1,recovered,True,1.3339536449999998,
golden,336,seeds10,recovered,True,4.708780834,
golden,337,seeds1,recovered,True,21.874298408999998,
golden,337,seeds10,recovered,True,175.72507405599998,
golden,338,seeds1,recovered,True,1.9288375720000002,
golden,338,seeds10,recovered,True,8.133050863000001,
golden,339,seeds1,recovered,True,1.7950450179999997,
golden,339,seeds10,recovered,True,10.241906228000001,
golden,340,seeds1,recovered,True,2.1610987999999995,
golden,340,seeds10,recovered,True,8.237750554,
golden,341,seeds1,recovered,True,2.272602117,
golden,341,seeds10,recovered,True,8.393341441,
golden,342,seeds1,recovered,True,2.710260106,
golden,342,seeds10,recovered,True,8.246903928000002,
golden,343,seeds1,recovered,True,7.932899236000001,
golden,343,seeds10,recovered,True,62.823254240000004,
golden,344,seeds1,recovered,True,16.859702946000002,
golden,344,seeds10,recovered,True,118.30291440900001,
golden,345,seeds1,recovered,True,2.6600894979999996,
golden,345,seeds10,recovered,True,10.143476542999998,
golden,346,seeds1,recovered,True,2.672413834,
golden,346,seeds10,recovered,True,13.361491221000001,
golden,347,seeds1,recovered,True,2.4293821790000005,
golden,347,seeds10,recovered,True,8.285968691999999,
golden,348,seeds1,recovered,True,1.0876242390000002,
golden,348,seeds10,recovered,True,2.0486846549999997,
golden,349,seeds1,recovered,True,4.594297491,
golden,349,seeds10,recovered,True,26.875000829999998,
golden,350,seeds1,recovered,True,1.6093890469999996,
golden,350,seeds10,recovered,True,5.926771269,
golden,351,seeds1,recovered,True,1.7429826359999996,
golden,351,seeds10,recovered,True,7.288215129000001,
golden,352,seeds1,recovered,True,13.280328873999999,
golden,352,seeds10,recovered,True,91.51878850899999,
golden,353,seeds1,recovered,True,2.127373057,
golden,353,seeds10,recovered,True,5.5121625960000005,
golden,354,seeds1,recovered,True,5.255082565,
golden,354,seeds10,recovered,True,34.890393072,
golden,355,seeds1,recovered,True,4.6984309699999995,
golden,355,seeds10,recovered,True,25.157037128,
golden,356,seeds1,recovered,True,1.6845473309999996,
golden,356,seeds10,recovered,True,4.415105606,
golden,357,seeds1,recovered,True,7.6580195280000005,
golden,357,seeds10,recovered,True,33.269535081,
golden,358,seeds1,recovered,True,20.136699515,
golden,358,seeds10,recovered,True,162.83375390999998,
golden,359,seeds1,recovered,True,2.797193631,
golden,359,seeds10,recovered,True,16.609901179999998,
golden,360,seeds1,recovered,True,1.5500220279999999,
golden,360,seeds10,recovered,True,3.169522341,
golden,361,seeds1,recovered,True,2.7573464729999997,
golden,361,seeds10,recovered,True,11.519002523999998,
golden,362,seeds1,recovered,True,1.8038714589999998,
golden,362,seeds10,recovered,True,2.777494822,
golden,363,seeds1,recovered,True,2.426258846,
golden,363,seeds10,recovered,True,11.65354047,
golden,364,seeds1,recovered,True,10.349731132999999,
golden,364,seeds10,recovered,True,66.91903643700002,
golden,365,seeds1,recovered,True,6.294420764,
golden,365,seeds10,recovered,True,37.690139649,
golden,366,seeds1,recovered,True,1.6024428590000002,
golden,366,seeds10,recovered,True,2.9957214830000005,
golden,367,seeds1,recovered,True,3.688521107,
golden,367,seeds10,recovered,True,16.547646752000002,
golden,368,seeds1,recovered,True,2.006122204,
golden,368,seeds10,recovered,True,7.091619041000001,
golden,369,seeds1,recovered,True,1.2235782610000001,
golden,369,seeds10,recovered,True,2.375964132,
golden,370,seeds1,recovered,True,1.795222443,
golden,370,seeds10,recovered,True,5.7955666610000005,
golden,371,seeds1,recovered,True,3.236612255,
golden,371,seeds10,recovered,True,20.675052504,
golden,372,seeds1,recovered,True,60.353903917000004,
golden,372,seeds10,recovered,True,555.063713302,
golden,373,seeds1,recovered,True,4.879104075999999,
golden,373,seeds10,recovered,True,28.289896744000004,
golden,374,seeds1,recovered,True,10.748343044,
golden,374,seeds10,recovered,True,71.235433028,
golden,375,seeds1,recovered,True,3.516117617,
golden,375,seeds10,recovered,True,11.803597521,
golden,376,seeds1,recovered,True,2.1343596259999997,
golden,376,seeds10,recovered,True,7.394399624,
golden,377,seeds1,recovered,True,2.642648869,
golden,377,seeds10,recovered,True,11.783309692,
golden,378,seeds1,recovered,True,1.7588144029999997,
golden,378,seeds10,recovered,True,7.384219579,
golden,379,seeds1,recovered,True,1.23471501,
golden,379,seeds10,recovered,True,2.307579896,
golden,380,seeds1,recovered,True,4.639554316999999,
golden,380,seeds10,recovered,True,18.637989972,
golden,381,seeds1,recovered,True,6.637416428,
golden,381,seeds10,recovered,True,26.874049804000002,
golden,382,seeds1,recovered,True,1.7750614829999998,
golden,382,seeds10,recovered,True,3.8064662059999996,
golden,383,seeds1,recovered,True,1.938311595,
golden,383,seeds10,recovered,True,8.107845056,
golden,384,seeds1,recovered,True,2.7025884199999997,
golden,384,seeds10,recovered,True,14.339185136000001,
golden,385,seeds1,recovered,True,5.281837373,
golden,385,seeds10,recovered,True,25.993416718000002,
golden,386,seeds1,recovered,True,7.522180900000001,
golden,386,seeds10,recovered,True,44.541840994999994,
golden,387,seeds1,recovered,True,1.078298556,
golden,387,seeds10,recovered,True,1.693600582,
golden,388,seeds1,recovered,True,13.593908513999999,
golden,388,seeds10,recovered,True,93.016452283,
golden,389,seeds1,recovered,True,1.3617445530000003,
golden,389,seeds10,recovered,True,2.3309733080000004,
golden,390,seeds1,recovered,True,2.380787646,
golden,390,seeds10,recovered,True,13.910117113999998,
golden,391,seeds1,recovered,True,5.581458748,
golden,391,seeds10,recovered,True,36.92195164200001,
golden,392,seeds1,recovered,True,1.118459229,
golden,392,seeds10,recovered,True,1.4895118099999998,
golden,393,seeds1,recovered,True,4.010322272000002,
golden,393,seeds10,recovered,True,28.183481197,
golden,394,seeds1,recovered,True,1.887628619,
golden,394,seeds10,recovered,True,8.135844722999998,
golden,395,seeds1,recovered,True,1.221910175,
golden,395,seeds10,recovered,True,2.3514186039999996,
golden,396,seeds1,recovered,True,3.3138502389999998,
golden,396,seeds10,recovered,True,14.271213649999998,
golden,397,seeds1,recovered,True,2.136720404,
golden,397,seeds10,recovered,True,6.028945984,
golden,398,seeds1,recovered,True,1.0310853349999998,
golden,398,seeds10,recovered,True,2.464386064,
golden,399,seeds1,recovered,True,1.345201451,
golden,399,seeds10,recovered,True,1.6016640959999997,
golden,400,seeds1,recovered,True,15.855965159999997,
golden,400,seeds10,recovered,True,124.408690624,
golden,401,seeds1,recovered,True,18.971192522000003,
golden,401,seeds10,recovered,True,173.22329493200004,
golden,402,seeds1,recovered,True,1.530095478,
golden,402,seeds10,recovered,True,5.186509875999999,
golden,403,seeds1,recovered,True,46.19378906,
golden,403,seeds10,recovered,True,458.52574514500003,
golden,404,seeds1,recovered,True,3.062077016,
golden,404,seeds10,recovered,True,16.168241218,
golden,405,seeds1,recovered,True,3.770199817999999,
golden,405,seeds10,recovered,True,20.201624303,
golden,406,seeds1,recovered,True,7.52504489,
golden,406,seeds10,recovered,True,36.137395762000004,
golden,407,seeds1,recovered,True,6.572209701,
golden,407,seeds10,recovered,True,59.083735581999996,
golden,408,seeds1,recovered,True,3.940045369,
golden,408,seeds10,recovered,True,14.53926596,
golden,409,seeds1,recovered,True,1.5471274299999995,
golden,409,seeds10,recovered,True,4.751857376999999,
golden,410,seeds1,recovered,True,136.314771963,
golden,410,seeds10,recovered,True,1425.476443469,
golden,411,seeds1,recovered,True,22.30250829,
golden,411,seeds10,recovered,True,147.41592458799997,
golden,412,seeds1,recovered,True,2.8389411929999993,
golden,412,seeds10,recovered,True,9.659378803,
golden,413,seeds1,recovered,True,3.263509622,
golden,413,seeds10,recovered,True,25.961341901,
golden,414,seeds1,recovered,True,2.043771061,
golden,414,seeds10,recovered,True,7.1884737030000005,
golden,415,seeds1,recovered,True,2.0832784980000003,
golden,415,seeds10,recovered,True,12.839642169000001,
golden,416,seeds1,recovered,True,1.669948981,
golden,416,seeds10,recovered,True,3.771760218,
golden,417,seeds1,recovered,True,11.389169284,
golden,417,seeds10,recovered,True,97.28774428599999,
golden,418,seeds1,recovered,True,2.952095695,
golden,418,seeds10,recovered,True,9.389896120000001,
golden,419,seeds1,recovered,True,5.452176935000001,
golden,419,seeds10,recovered,True,27.699613760000002,
golden,420,seeds1,recovered,True,23.07926978,
golden,420,seeds10,recovered,True,187.70117122000002,
golden,421,seeds1,recovered,True,3.024411185,
golden,421,seeds10,recovered,True,15.400679465999998,
golden,422,seeds1,recovered,True,2.2734989829999996,
golden,422,seeds10,recovered,True,5.052085138000001,
golden,423,seeds1,recovered,True,34.290158899000005,
golden,423,seeds10,recovered,True,232.13977182099998,
golden,424,seeds1,recovered,True,2.252899866,
golden,424,seeds10,recovered,True,4.831653425000001,
golden,425,seeds1,recovered,True,8.976357479999999,
golden,425,seeds10,recovered,True,58.273018132000004,
golden,426,seeds1,recovered,True,4.419828976999999,
golden,426,seeds10,recovered,True,14.979507437,
golden,427,seeds1,recovered,True,12.366353735,
golden,427,seeds10,recovered,True,72.146349785,
golden,428,seeds1,recovered,True,6.505764191999999,
golden,428,seeds10,recovered,True,34.639249662,
golden,429,seeds1,recovered,True,1.6574358510000002,
golden,429,seeds10,recovered,True,4.167967817999999,
golden,430,seeds1,recovered,True,5.599365235,
golden,430,seeds10,recovered,True,27.924459640000002,
golden,431,seeds1,recovered,True,6.746046461000001,
golden,431,seeds10,recovered,True,34.064601015,
golden,432,seeds1,recovered,True,4.060921017,
golden,432,seeds10,recovered,True,19.108048258000004,
golden,433,seeds1,recovered,True,2.5392309269999993,
golden,433,seeds10,recovered,True,9.902620412000001,
golden,434,seeds1,recovered,True,11.009886981000001,
golden,434,seeds10,recovered,True,68.785904552,
golden,435,seeds1,recovered,True,2.855624863,
golden,435,seeds10,recovered,True,10.064907618000001,
golden,436,seeds1,recovered,True,3.823318115,
golden,436,seeds10,recovered,True,17.769381038,
golden,437,seeds1,recovered,True,1.2981755969999997,
golden,437,seeds10,recovered,True,2.969914397,
golden,438,seeds1,recovered,True,2.728781554,
golden,438,seeds10,recovered,True,7.672431171999998,
golden,439,seeds1,recovered,True,24.147675304,
golden,439,seeds10,recovered,True,182.57044606199997,
golden,440,seeds1,recovered,True,1.6698647819999999,
golden,440,seeds10,recovered,True,4.77725966,
golden,441,seeds1,recovered,True,2.658030165,
golden,441,seeds10,recovered,True,14.112065489,
golden,442,seeds1,recovered,True,15.253652563000003,
golden,442,seeds10,recovered,True,119.134114956,
golden,443,seeds1,recovered,True,8.821835887,
golden,443,seeds10,recovered,True,61.25892551199999,
golden,444,seeds1,recovered,True,17.02727687,
golden,444,seeds10,recovered,True,124.493372735,
golden,445,seeds1,recovered,True,8.488102483,
golden,445,seeds10,recovered,True,73.510510437,
golden,446,seeds1,recovered,True,15.137492495,
golden,446,seeds10,recovered,True,109.06382822100001,
golden,447,seeds1,recovered,True,1.418111546,
golden,447,seeds10,recovered,True,3.3263251070000006,
golden,448,seeds1,recovered,True,13.092424282,
golden,448,seeds10,recovered,True,109.860923233,
golden,449,seeds1,recovered,True,4.970107507,
golden,449,seeds10,recovered,True,39.705273592999994,
golden,450,seeds1,recovered,True,1.6169021879999996,
golden,450,seeds10,recovered,True,8.942837253,
golden,451,seeds1,recovered,True,3.7563703550000005,
golden,451,seeds10,recovered,True,17.235198558,
golden,452,seeds1,recovered,True,2.7793118789999998,
golden,452,seeds10,recovered,True,9.202824633,
golden,453,seeds1,recovered,True,29.734002606000004,
golden,453,seeds10,recovered,True,267.774355338,
golden,454,seeds1,recovered,True,17.989044536,
golden,454,seeds10,recovered,True,129.616572421,
golden,455,seeds1,recovered,True,2.2427729889999997,
golden,455,seeds10,recovered,True,7.574309521,
golden,456,seeds1,recovered,True,5.268369003,
golden,456,seeds10,recovered,True,42.067307725,
golden,457,seeds1,recovered,True,3.2105617209999995,
golden,457,seeds10,recovered,True,14.715609248,
golden,458,seeds1,recovered,True,2.6083985840000006,
golden,458,seeds10,recovered,True,7.072415439999999,
golden,459,seeds1,recovered,True,4.6654693279999995,
golden,459,seeds10,recovered,True,33.352131967999995,
golden,460,seeds1,recovered,True,1.5265438029999998,
golden,460,seeds10,recovered,True,3.2829358539999998,
golden,461,seeds1,recovered,True,7.122218331,
golden,461,seeds10,recovered,True,41.169117566,
golden,462,seeds1,recovered,True,18.145196634000005,
golden,462,seeds10,recovered,True,87.02897174700001,
golden,463,seeds1,recovered,True,14.902777185999996,
golden,463,seeds10,recovered,True,147.35168331699998,
golden,464,seeds1,recovered,True,10.096525713,
golden,464,seeds10,recovered,True,59.055520943,
golden,465,seeds1,recovered,True,4.897090766,
golden,465,seeds10,recovered,True,25.411259090999994,
golden,466,seeds1,recovered,True,5.836011587,
golden,466,seeds10,recovered,True,41.379006603,
golden,467,seeds1,recovered,True,1.0700818849999998,
golden,467,seeds10,recovered,True,2.0180974450000004,
golden,468,seeds1,recovered,True,1.620780943,
golden,468,seeds10,recovered,True,4.120217668,
golden,469,seeds1,recovered,True,2.347293629,
golden,469,seeds10,recovered,True,9.366523758,
golden,470,seeds1,recovered,True,2.1440982550000003,
golden,470,seeds10,recovered,True,5.721708077000001,
golden,471,seeds1,recovered,True,2.829647105,
golden,471,seeds10,recovered,True,16.406501701000003,
golden,472,seeds1,recovered,True,1.884974852,
golden,472,seeds10,recovered,True,4.9661701350000005,
golden,473,seeds1,recovered,True,4.258008457,
golden,473,seeds10,recovered,True,21.493626046,
golden,474,seeds1,recovered,True,9.397836134,
golden,474,seeds10,recovered,True,66.879908069,
golden,475,seeds1,recovered,True,2.1943827889999996,
golden,475,seeds10,recovered,True,16.861574877000002,
golden,476,seeds1,recovered,True,1.2813709960000002,
golden,476,seeds10,recovered,True,1.922468586,
golden,477,seeds1,recovered,True,5.529279794999999,
golden,477,seeds10,recovered,True,24.603402429,
golden,478,seeds1,recovered,True,1.7923937129999996,
golden,478,seeds10,recovered,True,4.4815031130000005,
golden,479,seeds1,recovered,True,3.150964171,
golden,479,seeds10,recovered,True,11.172315689000001,
golden,480,seeds1,recovered,True,4.310222856999999,
golden,480,seeds10,recovered,True,20.739716555,
golden,481,seeds1,recovered,True,4.218488655,
golden,481,seeds10,recovered,True,23.172922084999996,
golden,482,seeds1,recovered,True,2.9787567090000002,
golden,482,seeds10,recovered,True,11.855503614,
golden,483,seeds1,recovered,True,1.3534259210000001,
golden,483,seeds10,recovered,True,2.2186790829999996,
golden,484,seeds1,recovered,True,9.994036179999997,
golden,484,seeds10,recovered,True,80.23963559100001,
golden,485,seeds1,recovered,True,7.400543391999999,
golden,485,seeds10,recovered,True,37.070835832,
golden,486,seeds1,recovered,True,3.368073312,
golden,486,seeds10,recovered,True,14.359471924000001,
golden,487,seeds1,recovered,True,1.7230613020000003,
golden,487,seeds10,recovered,True,5.363002531999999,
golden,488,seeds1,recovered,True,2.008730924,
golden,488,seeds10,recovered,True,5.59778605,
golden,489,seeds1,recovered,True,4.1657333780000005,
golden,489,seeds10,recovered,True,18.476184785,
golden,490,seeds1,recovered,True,8.308433584000001,
golden,490,seeds10,recovered,True,47.866269079,
golden,491,seeds1,recovered,True,6.2079869819999995,
golden,491,seeds10,recovered,True,40.348943852,
golden,492,seeds1,recovered,True,2.9297837419999997,
golden,492,seeds10,recovered,True,20.121989686,
golden,493,seeds1,recovered,True,2.1523494789999997,
golden,493,seeds10,recovered,True,10.269416688,
golden,494,seeds1,recovered,True,1.9524868569999998,
golden,494,seeds10,recovered,True,6.875939473,
golden,495,seeds1,recovered,True,13.810529900999997,
golden,495,seeds10,recovered,True,131.82194810800002,
golden,496,seeds1,recovered,True,14.461871802,
golden,496,seeds10,recovered,True,128.191068396,
golden,497,seeds1,recovered,True,11.82304736,
golden,497,seeds10,recovered,True,99.624131764,
golden,498,seeds1,recovered,True,1.7430952699999995,
golden,498,seeds10,recovered,True,4.60871691,
golden,499,seeds1,recovered,True,6.136619104999999,
golden,499,seeds10,recovered,True,41.425640748,
golden,500,seeds1,recovered,True,2.3648329219999997,
golden,500,seeds10,recovered,True,8.904328389,
golden,501,seeds1,recovered,True,2.6497598449999997,
golden,501,seeds10,recovered,True,9.246688851999998,
golden,502,seeds1,recovered,True,1.7183912269999997,
golden,502,seeds10,recovered,True,4.050433867999999,
golden,503,seeds1,recovered,True,2.841048905,
golden,503,seeds10,recovered,True,12.487772087,
golden,504,seeds1,recovered,True,4.086498095,
golden,504,seeds10,recovered,True,22.451274904,
golden,505,seeds1,recovered,True,3.6450879109999996,
golden,505,seeds10,recovered,True,24.578356682999996,
golden,506,seeds1,recovered,True,4.879959122,
golden,506,seeds10,recovered,True,22.770886549,
golden,507,seeds1,recovered,True,7.432087127000001,
golden,507,seeds10,recovered,True,32.5362682,
golden,508,seeds1,recovered,True,1.5324701450000002,
golden,508,seeds10,recovered,True,4.157857742,
golden,509,seeds1,recovered,True,2.764795397,
golden,509,seeds10,recovered,True,15.225644323,
golden,510,seeds1,recovered,True,2.4590119489999998,
golden,510,seeds10,recovered,True,6.550332654,
golden,511,seeds1,recovered,True,3.418806749,
golden,511,seeds10,recovered,True,20.098026242999996,
golden,512,seeds1,recovered,True,1.2545438329999996,
golden,512,seeds10,recovered,True,3.5816002769999997,
golden,513,seeds1,recovered,True,2.776672112,
golden,513,seeds10,recovered,True,11.208274172000001,
golden,514,seeds1,recovered,True,4.414018218000001,
golden,514,seeds10,recovered,True,26.732127185,
golden,515,seeds1,recovered,True,2.591321724,
golden,515,seeds10,recovered,True,17.046417292999998,
golden,516,seeds1,recovered,True,7.953631421000001,
golden,516,seeds10,recovered,True,43.550927529,
golden,517,seeds1,recovered,True,2.319400014,
golden,517,seeds10,recovered,True,10.209360328,
golden,518,seeds1,recovered,True,6.990942640999998,
golden,518,seeds10,recovered,True,27.338855407,
golden,519,seeds1,recovered,True,2.005443156,
golden,519,seeds10,recovered,True,7.466845956,
golden,520,seeds1,recovered,True,2.0710854769999996,
golden,520,seeds10,recovered,True,8.593799443,
golden,521,seeds1,recovered,True,28.866828257999998,
golden,521,seeds10,recovered,True,247.6985712,
golden,522,seeds1,recovered,True,1.6613069219999996,
golden,522,seeds10,recovered,True,7.1306216870000005,
golden,523,seeds1,recovered,True,6.9233128289999994,
golden,523,seeds10,recovered,True,26.973068507999997,
golden,524,seeds1,recovered,True,4.616001515,
golden,524,seeds10,recovered,True,25.588966750000004,
golden,525,seeds1,recovered,True,2.283417485,
golden,525,seeds10,recovered,True,9.674998955000001,
golden,526,seeds1,recovered,True,1.264076934,
golden,526,seeds10,recovered,True,2.5476305619999997,
golden,527,seeds1,recovered,True,6.289757080000001,
golden,527,seeds10,recovered,True,35.210039355,
golden,528,seeds1,recovered,True,21.556672199999994,
golden,528,seeds10,recovered,True,184.94738378399998,
golden,529,seeds1,recovered,True,7.30658674,
golden,529,seeds10,recovered,True,38.172193852,
golden,530,seeds1,recovered,True,2.682235777,
golden,530,seeds10,recovered,True,11.833826820999999,
golden,531,seeds1,recovered,True,6.125474213999999,
golden,531,seeds10,recovered,True,39.426998432,
golden,532,seeds1,recovered,True,34.34747731,
golden,532,seeds10,recovered,True,290.97767211400003,
golden,533,seeds1,recovered,True,5.619347994,
golden,533,seeds10,recovered,True,39.058895981,
golden,534,seeds1,recovered,True,6.386051656999999,
golden,534,seeds10,recovered,True,45.973124088000006,
golden,535,seeds1,recovered,True,5.1729911799999995,
golden,535,seeds10,recovered,True,40.22383429799999,
golden,536,seeds1,recovered,True,7.522470620999999,
golden,536,seeds10,recovered,True,58.546348065000004,
golden,537,seeds1,recovered,True,1.8641227149999997,
golden,537,seeds10,recovered,True,6.269805152,
golden,538,seeds1,recovered,True,1.3063428009999996,
golden,538,seeds10,recovered,True,3.9953942059999994,
golden,539,seeds1,recovered,True,2.2980922799999997,
golden,539,seeds10,recovered,True,10.572126104999999,
golden,540,seeds1,recovered,True,3.369659907999999,
golden,540,seeds10,recovered,True,18.415889083,
golden,541,seeds1,recovered,True,20.701394,
golden,541,seeds10,recovered,True,172.35647181400003,
golden,542,seeds1,recovered,True,11.642532238,
golden,542,seeds10,recovered,True,95.37856794100001,
golden,543,seeds1,recovered,True,2.4027103249999997,
golden,543,seeds10,recovered,True,7.129478358000001,
golden,544,seeds1,recovered,True,3.5101116909999996,
golden,544,seeds10,recovered,True,19.517830347000004,
golden,545,seeds1,recovered,True,8.709303167999998,
golden,545,seeds10,recovered,True,51.77579343300001,
golden,546,seeds1,recovered,True,3.6810147699999995,
golden,546,seeds10,recovered,True,22.885956344999997,
golden,547,seeds1,recovered,True,11.219406178,
golden,547,seeds10,recovered,True,102.78004916400002,
golden,548,seeds1,recovered,True,2.01603481,
golden,548,seeds10,recovered,True,18.242625085,
golden,549,seeds1,recovered,True,8.932903377999999,
golden,549,seeds10,recovered,True,52.83028909,
golden,550,seeds1,recovered,True,2.5512487989999997,
golden,550,seeds10,recovered,True,13.494075231999998,
golden,551,seeds1,recovered,True,23.055055533999997,
golden,551,seeds10,recovered,True,171.877767735,
golden,552,seeds1,recovered,True,1.2460330680000005,
golden,552,seeds10,recovered,True,2.6211555690000004,
golden,553,seeds1,recovered,True,16.128012904000002,
golden,553,seeds10,recovered,True,131.4956412,
golden,554,seeds1,recovered,True,15.218969407,
golden,554,seeds10,recovered,True,149.169390373,
golden,555,seeds1,recovered,True,11.428139508000001,
golden,555,seeds10,recovered,True,67.46606200299999,
golden,556,seeds1,recovered,True,6.230514949000001,
golden,556,seeds10,recovered,True,37.608611612000004,
golden,557,seeds1,recovered,True,2.154410029,
golden,557,seeds10,recovered,True,9.804894497,
golden,558,seeds1,recovered,True,3.7667005529999997,
golden,558,seeds10,recovered,True,12.948710258999999,
golden,559,seeds1,recovered,True,24.097834197,
golden,559,seeds10,recovered,True,214.06323896000004,
golden,560,seeds1,recovered,True,2.515156062,
golden,560,seeds10,recovered,True,10.256493172999999,
golden,561,seeds1,recovered,True,51.756935668,
golden,561,seeds10,recovered,True,479.77604126600005,
golden,562,seeds1,recovered,True,2.934247279,
golden,562,seeds10,recovered,True,13.876516836,
golden,563,seeds1,recovered,True,9.985019012999999,
golden,563,seeds10,recovered,True,67.549409655,
golden,564,seeds1,recovered,True,37.87331927699999,
golden,564,seeds10,recovered,True,383.094928178,
golden,565,seeds1,recovered,True,18.586902275999996,
golden,565,seeds10,recovered,True,160.89326187499998,
golden,566,seeds1,recovered,True,9.456217107,
golden,566,seeds10,recovered,True,61.529593876,
golden,567,seeds1,recovered,True,19.332797315999997,
golden,567,seeds10,recovered,True,194.02308273199998,
golden,568,seeds1,recovered,True,6.559830761000001,
golden,568,seeds10,recovered,True,45.260059373000004,
golden,569,seeds1,recovered,True,7.475032016999998,
golden,569,seeds10,recovered,True,49.883365474,
golden,570,seeds1,recovered,True,3.4885065589999997,
golden,570,seeds10,recovered,True,19.212862047999998,
golden,571,seeds1,recovered,True,3.3816953430000005,
golden,571,seeds10,recovered,True,19.873327946000003,
golden,572,seeds1,recovered,True,18.453092075999997,
golden,572,seeds10,recovered,True,154.683053868,
golden,573,seeds1,recovered,True,20.015043933,
golden,573,seeds10,recovered,True,113.16886481,
golden,574,seeds1,recovered,True,9.192522280999999,
golden,574,seeds10,recovered,True,66.05108823399999,
golden,575,seeds1,recovered,True,81.481071696,
golden,575,seeds10,recovered,True,758.6106023740001,
golden,576,seeds1,recovered,True,6.701358478,
golden,576,seeds10,recovered,True,59.202550869,
golden,577,seeds1,recovered,True,2.2868345550000004,
golden,577,seeds10,recovered,True,10.479744164,
golden,578,seeds1,recovered,True,4.157723985,
golden,578,seeds10,recovered,True,17.795607733,
golden,579,seeds1,recovered,True,18.536221533,
golden,579,seeds10,recovered,True,99.03014125099999,
golden,580,seeds1,recovered,True,5.962503384000001,
golden,580,seeds10,recovered,True,31.633119882,
golden,581,seeds1,recovered,True,2.7343444979999996,
golden,581,seeds10,recovered,True,12.411345967000003,
golden,582,seeds1,recovered,True,4.143975990000001,
golden,582,seeds10,recovered,True,31.466607549000003,
golden,583,seeds1,recovered,True,48.640144993,
golden,583,seeds10,recovered,True,419.6367640440001,
golden,584,seeds1,recovered,True,1.510148515,
golden,584,seeds10,recovered,True,4.739706583,
golden,585,seeds1,recovered,True,2.352160133,
golden,585,seeds10,recovered,True,8.214847062999999,
golden,586,seeds1,recovered,True,3.351321135,
golden,586,seeds10,recovered,True,20.863669130999998,
golden,587,seeds1,recovered,True,6.660380626000001,
golden,587,seeds10,recovered,True,40.81716086499999,
golden,588,seeds1,recovered,True,3.4333696830000004,
golden,588,seeds10,recovered,True,19.695168681,
golden,589,seeds1,recovered,True,3.0083052909999997,
golden,589,seeds10,recovered,True,13.287079746,
golden,590,seeds1,not_recovered,True,77.542426256,
golden,590,seeds10,unknown,True,744.5323247970001,
golden,591,seeds1,recovered,True,1.4757150829999999,
golden,591,seeds10,recovered,True,5.3903038159999985,
golden,592,seeds1,recovered,True,1.7595254219999998,
golden,592,seeds10,recovered,True,4.134914774,
golden,593,seeds1,recovered,True,1.4332664099999999,
golden,593,seeds10,recovered,True,3.676144691,
golden,594,seeds1,recovered,True,15.933978726000001,
golden,594,seeds10,recovered,True,101.70750290599999,
golden,595,seeds1,recovered,True,12.665094099000001,
golden,595,seeds10,recovered,True,112.73332340299999,
golden,596,seeds1,recovered,True,67.878818268,
golden,596,seeds10,recovered,True,702.355082284,
golden,597,seeds1,recovered,True,8.016689719000002,
golden,597,seeds10,recovered,True,58.872197056,
golden,598,seeds1,recovered,True,12.000955213,
golden,598,seeds10,recovered,True,86.95424238000001,
golden,599,seeds1,recovered,True,9.682617397,
golden,599,seeds10,recovered,True,68.59148032499999,
golden,600,seeds1,recovered,True,3.3811886849999997,
golden,600,seeds10,recovered,True,13.830141990999998,
golden,601,seeds1,recovered,True,10.759145279,
golden,601,seeds10,recovered,True,63.219799091,
golden,602,seeds1,not_recovered,True,5.443380654,
golden,602,seeds10,recovered,True,38.790801298000005,
golden,603,seeds1,recovered,True,17.660569482,
golden,603,seeds10,recovered,True,121.27033197899999,
golden,604,seeds1,recovered,True,4.649369161,
golden,604,seeds10,recovered,True,30.832487499000006,
golden,605,seeds1,recovered,True,1.1585886799999998,
golden,605,seeds10,recovered,True,1.9645770069999997,
golden,606,seeds1,recovered,True,1.088867869,
golden,606,seeds10,recovered,True,1.5480677809999994,
golden,607,seeds1,recovered,True,57.67454694600001,
golden,607,seeds10,recovered,True,582.4258020279999,
golden,608,seeds1,recovered,True,7.725954772,
golden,608,seeds10,recovered,True,60.198821695999996,
golden,609,seeds1,recovered,True,10.821731135999999,
golden,609,seeds10,recovered,True,75.31716064999999,
golden,610,seeds1,recovered,True,3.702268012,
golden,610,seeds10,recovered,True,25.311868812000004,
golden,611,seeds1,recovered,True,6.883473338000001,
golden,611,seeds10,recovered,True,40.478076087,
golden,612,seeds1,recovered,True,48.174927354999994,
golden,612,seeds10,recovered,True,398.29394860700006,
golden,613,seeds1,recovered,True,7.718167940000001,
golden,613,seeds10,recovered,True,47.688066784,
golden,614,seeds1,recovered,True,13.324644461000002,
golden,614,seeds10,recovered,True,97.63878945100001,
golden,615,seeds1,recovered,True,5.667759517,
golden,615,seeds10,recovered,True,39.357281207,
golden,616,seeds1,recovered,True,14.190042661,
golden,616,seeds10,recovered,True,66.452558968,
golden,617,seeds1,recovered,True,4.268386655,
golden,617,seeds10,recovered,True,18.059862333999998,
golden,618,seeds1,recovered,True,17.945513659,
golden,618,seeds10,recovered,True,121.84116219100001,
golden,619,seeds1,recovered,True,18.899800024,
golden,619,seeds10,recovered,True,164.40982757299997,
golden,620,seeds1,recovered,True,67.434297817,
golden,620,seeds10,recovered,True,544.3380858520001,
golden,621,seeds1,recovered,True,23.096068227,
golden,621,seeds10,recovered,True,195.924405853,
golden,622,seeds1,recovered,True,70.54027905700002,
golden,622,seeds10,recovered,True,572.6546424839999,
golden,623,seeds1,recovered,True,17.604858598,
golden,623,seeds10,recovered,True,76.770210479,
golden,624,seeds1,recovered,True,1.262816248,
golden,624,seeds10,recovered,True,1.9924383879999996,
golden,625,seeds1,recovered,True,0.9419504599999999,
golden,625,seeds10,recovered,True,1.2132153680000002,
golden,626,seeds1,recovered,True,2.390474812,
golden,626,seeds10,recovered,True,9.167210697,
golden,627,seeds1,recovered,True,5.3824412,
golden,627,seeds10,recovered,True,29.759968004999998,
golden,628,seeds1,recovered,True,7.488555412999999,
golden,628,seeds10,recovered,True,37.238402181,
golden,629,seeds1,recovered,True,9.176518686000001,
golden,629,seeds10,recovered,True,65.675500481,
golden,630,seeds1,recovered,True,7.862717480000001,
golden,630,seeds10,recovered,True,48.304020906000005,
golden,631,seeds1,recovered,True,2.6650206499999998,
golden,631,seeds10,recovered,True,7.662455881,
golden,632,seeds1,recovered,True,16.968449159,
golden,632,seeds10,recovered,True,100.02971858500001,
golden,633,seeds1,recovered,True,8.174442299999999,
golden,633,seeds10,recovered,True,49.08367986,
golden,634,seeds1,recovered,True,17.850294985,
golden,634,seeds10,recovered,True,152.24650079,
golden,635,seeds1,recovered,True,27.343492576,
golden,635,seeds10,recovered,True,205.13142624500003,
golden,636,seeds1,recovered,True,16.093421677,
golden,636,seeds10,recovered,True,75.666302681,
golden,637,seeds1,recovered,True,1.9422409989999998,
golden,637,seeds10,recovered,True,4.811376601999999,
golden,638,seeds1,recovered,True,8.241105648,
golden,638,seeds10,recovered,True,75.10109263999999,
golden,639,seeds1,recovered,True,10.608476438000002,
golden,639,seeds10,recovered,True,88.17268451800001,
golden,640,seeds1,recovered,True,54.302714746999996,
golden,640,seeds10,recovered,True,342.234659165,
golden,641,seeds1,recovered,True,7.582481102999999,
golden,641,seeds10,recovered,True,46.334672537,
golden,642,seeds1,recovered,True,23.043264132,
golden,642,seeds10,recovered,True,196.90844474899998,
golden,643,seeds1,recovered,True,8.159030249999999,
golden,643,seeds10,recovered,True,49.017108705999995,
golden,644,seeds1,recovered,True,5.445030188,
golden,644,seeds10,recovered,True,39.818379769,
golden,645,seeds1,recovered,True,20.409126705000002,
golden,645,seeds10,recovered,True,137.242383413,
golden,646,seeds1,recovered,True,9.410389479000001,
golden,646,seeds10,recovered,True,55.025489573,
golden,647,seeds1,recovered,True,31.077628624999996,
golden,647,seeds10,recovered,True,227.34933873900002,
golden,648,seeds1,recovered,True,6.390970907000002,
golden,648,seeds10,recovered,True,27.219897369999998,
golden,649,seeds1,recovered,True,18.703130652,
golden,649,seeds10,recovered,True,140.880967121,
golden,650,seeds1,recovered,True,27.088030234000005,
golden,650,seeds10,recovered,True,205.26630481800004,
golden,651,seeds1,recovered,True,4.5721822759999995,
golden,651,seeds10,recovered,True,23.967813947,
golden,652,seeds1,recovered,True,4.52618346,
golden,652,seeds10,recovered,True,25.560284229000004,
golden,653,seeds1,recovered,True,2.4654115139999995,
golden,653,seeds10,recovered,True,8.425809641,
golden,654,seeds1,recovered,True,2.7167886249999995,
golden,654,seeds10,recovered,True,14.971468005000004,
golden,655,seeds1,recovered,True,2.0658953139999996,
golden,655,seeds10,recovered,True,6.122989897999999,
golden,656,seeds1,recovered,True,2.0997246969999996,
golden,656,seeds10,recovered,True,6.667775144,
golden,657,seeds1,recovered,True,3.7099801769999994,
golden,657,seeds10,recovered,True,18.032158899,
golden,658,seeds1,recovered,True,2.6334800759999997,
golden,658,seeds10,recovered,True,23.908507803000003,
golden,659,seeds1,recovered,True,2.119225488,
golden,659,seeds10,recovered,True,9.402712543,
golden,660,seeds1,recovered,True,1.8170327439999998,
golden,660,seeds10,recovered,True,3.8202116550000005,
golden,661,seeds1,recovered,True,17.629209676,
golden,661,seeds10,recovered,True,147.38168121799995,
golden,662,seeds1,recovered,True,7.463531651999999,
golden,662,seeds10,recovered,True,42.249221006,
golden,663,seeds1,recovered,True,3.8298952460000004,
golden,663,seeds10,recovered,True,19.812439635999997,
golden,664,seeds1,recovered,True,4.799052816,
golden,664,seeds10,recovered,True,28.839062664000004,
golden,665,seeds1,recovered,True,11.038045064000002,
golden,665,seeds10,recovered,True,45.91003523500001,
golden,666,seeds1,recovered,True,14.018147059999999,
golden,666,seeds10,recovered,True,109.14655839299999,
golden,667,seeds1,recovered,True,49.044293803,
golden,667,seeds10,recovered,True,408.66174582900004,
golden,668,seeds1,recovered,True,1.9755454849999996,
golden,668,seeds10,recovered,True,6.268184912000001,
golden,669,seeds1,recovered,True,1.6252358359999999,
golden,669,seeds10,recovered,True,16.414553359999996,
golden,670,seeds1,recovered,True,12.459635362,
golden,670,seeds10,recovered,True,60.617627752999994,
golden,671,seeds1,recovered,True,83.47240858699999,
golden,671,seeds10,recovered,True,550.9797929629999,
golden,672,seeds1,recovered,True,69.459192851,
golden,672,seeds10,recovered,True,571.819114616,
golden,673,seeds1,recovered,True,18.485979382,
golden,673,seeds10,recovered,True,101.462035662,
golden,674,seeds1,recovered,True,4.855961441000001,
golden,674,seeds10,recovered,True,31.814240997999995,
golden,675,seeds1,recovered,True,2.3723274190000003,
golden,675,seeds10,recovered,True,11.528216641999999,
golden,676,seeds1,recovered,True,2.035061337,
golden,676,seeds10,recovered,True,11.077005798,
golden,677,seeds1,recovered,True,17.402156985999998,
golden,677,seeds10,recovered,True,149.907435007,
golden,678,seeds1,recovered,True,5.1781624310000005,
golden,678,seeds10,recovered,True,35.434011434,
golden,679,seeds1,recovered,True,9.341767558999997,
golden,679,seeds10,recovered,True,54.051504711999996,
golden,680,seeds1,recovered,True,7.052342179999999,
golden,680,seeds10,recovered,True,41.39270080299999,
golden,681,seeds1,recovered,True,5.894850851,
golden,681,seeds10,recovered,True,27.054634766999996,
golden,682,seeds1,recovered,True,43.788637976,
golden,682,seeds10,recovered,True,390.625007383,
golden,683,seeds1,recovered,True,8.095020302000002,
golden,683,seeds10,recovered,True,34.931843264,
golden,684,seeds1,recovered,True,7.1223155910000004,
golden,684,seeds10,recovered,True,35.270363796000005,
golden,685,seeds1,recovered,True,9.531447899,
golden,685,seeds10,recovered,True,46.198379824999996,
golden,686,seeds1,recovered,True,3.985462914,
golden,686,seeds10,recovered,True,30.930357949000005,
golden,687,seeds1,recovered,True,2.2124719019999994,
golden,687,seeds10,recovered,True,11.701873602,
golden,688,seeds1,recovered,True,5.967407118000001,
golden,688,seeds10,recovered,True,28.294493793,
golden,689,seeds1,recovered,True,5.4574733449999995,
golden,689,seeds10,recovered,True,23.576172872,
golden,690,seeds1,recovered,True,5.826007881000001,
golden,690,seeds10,recovered,True,25.451288815,
golden,691,seeds1,recovered,True,2.6472115310000004,
golden,691,seeds10,recovered,True,11.324184112000001,
golden,692,seeds1,recovered,True,6.097820325000001,
golden,692,seeds10,recovered,True,42.288142428,
golden,693,seeds1,recovered,True,2.7645462829999996,
golden,693,seeds10,recovered,True,8.956081722999999,
golden,694,seeds1,recovered,True,3.2720750589999996,
golden,694,seeds10,recovered,True,14.540762646,
golden,695,seeds1,recovered,True,10.90664316,
golden,695,seeds10,recovered,True,72.512731228,
golden,696,seeds1,recovered,True,19.563875127,
golden,696,seeds10,recovered,True,138.103519146,
golden,697,seeds1,recovered,True,21.167855128999996,
golden,697,seeds10,recovered,True,124.373200239,
golden,698,seeds1,recovered,True,3.732522795,
golden,698,seeds10,recovered,True,13.127051803,
golden,699,seeds1,recovered,True,5.437391188,
golden,699,seeds10,recovered,True,45.691500105,
golden,700,seeds1,recovered,True,21.911782280999997,
golden,700,seeds10,recovered,True,230.48862280199998,
golden,701,seeds1,recovered,True,1.248603779,
golden,701,seeds10,recovered,True,2.149902659,
golden,702,seeds1,recovered,True,1.0777169899999999,
golden,702,seeds10,recovered,True,1.8493469460000003,
golden,703,seeds1,recovered,True,2.9343104700000002,
golden,703,seeds10,recovered,True,10.853880593000001,
golden,704,seeds1,recovered,True,1.4568974990000005,
golden,704,seeds10,recovered,True,2.4101858079999996,
golden,705,seeds1,recovered,True,11.613922624,
golden,705,seeds10,recovered,True,106.542927592,
golden,706,seeds1,recovered,True,53.909787441999995,
golden,706,seeds10,recovered,True,423.971167869,
golden,707,seeds1,recovered,True,1.225975487,
golden,707,seeds10,recovered,True,2.3290485280000004,
golden,708,seeds1,recovered,True,3.4877264379999993,
golden,708,seeds10,recovered,True,11.005874161000001,
golden,709,seeds1,recovered,True,108.866193002,
golden,709,seeds10,recovered,True,1093.763944202,
golden,710,seeds1,recovered,True,16.324206394999997,
golden,710,seeds10,recovered,True,135.78231414700002,
golden,711,seeds1,recovered,True,2.4910817300000003,
golden,711,seeds10,recovered,True,9.621242457000001,
golden,712,seeds1,recovered,True,2.6619930629999997,
golden,712,seeds10,recovered,True,10.548288351,
golden,713,seeds1,recovered,True,1.466260502,
golden,713,seeds10,recovered,True,3.548821902,
golden,714,seeds1,recovered,True,7.751336093,
golden,714,seeds10,recovered,True,49.11031860600001,
golden,715,seeds1,recovered,True,41.651435770000006,
golden,715,seeds10,recovered,True,378.603947009,
golden,716,seeds1,recovered,True,7.282200109,
golden,716,seeds10,recovered,True,40.075130476000005,
golden,717,seeds1,recovered,True,2.0554658740000002,
golden,717,seeds10,recovered,True,12.764160646999999,
golden,718,seeds1,recovered,True,2.5129355209999997,
golden,718,seeds10,recovered,True,20.183230155,
golden,719,seeds1,recovered,True,2.1251202879999997,
golden,719,seeds10,recovered,True,9.029455747,
golden,720,seeds1,recovered,True,21.531017007,
golden,720,seeds10,recovered,True,212.01849402300004,
golden,721,seeds1,recovered,True,4.114707769000001,
golden,721,seeds10,recovered,True,21.636793685,
golden,722,seeds1,recovered,True,4.154675711,
golden,722,seeds10,recovered,True,12.924822638000002,
golden,723,seeds1,recovered,True,26.969910382,
golden,723,seeds10,recovered,True,172.79118665299998,
golden,724,seeds1,recovered,True,11.416814631,
golden,724,seeds10,recovered,True,57.234061939,
golden,725,seeds1,recovered,True,72.22854248899999,
golden,725,seeds10,recovered,True,506.8275274660001,
golden,726,seeds1,recovered,True,2.451431982,
golden,726,seeds10,recovered,True,10.193643536999998,
golden,727,seeds1,recovered,True,2.0138913830000003,
golden,727,seeds10,recovered,True,6.646964951999999,
golden,728,seeds1,recovered,True,2.3194154989999998,
golden,728,seeds10,recovered,True,15.015631968999998,
golden,729,seeds1,recovered,True,2.549939582,
golden,729,seeds10,recovered,True,11.405523457999998,
golden,730,seeds1,recovered,True,8.961961759,
golden,730,seeds10,recovered,True,58.277646858,
golden,731,seeds1,recovered,True,1.7093457660000002,
golden,731,seeds10,recovered,True,6.7207365249999995,
golden,732,seeds1,recovered,True,2.975607814999999,
golden,732,seeds10,recovered,True,12.667704658000002,
golden,733,seeds1,recovered,True,23.459289901000002,
golden,733,seeds10,recovered,True,201.43803070899997,
golden,734,seeds1,recovered,True,10.26185543,
golden,734,seeds10,recovered,True,54.828779103,
golden,735,seeds1,recovered,True,37.934871686,
golden,735,seeds10,recovered,True,327.79724774600004,
golden,736,seeds1,recovered,True,11.205053647999998,
golden,736,seeds10,recovered,True,65.231368652,
golden,737,seeds1,recovered,True,40.066747167,
golden,737,seeds10,recovered,True,347.922747026,
golden,738,seeds1,recovered,True,2.3990400569999997,
golden,738,seeds10,recovered,True,8.580188727,
golden,739,seeds1,recovered,True,1.9702089740000002,
golden,739,seeds10,recovered,True,5.923847896,
golden,740,seeds1,recovered,True,56.301983447999994,
golden,740,seeds10,recovered,True,497.9475120949999,
golden,741,seeds1,recovered,True,13.024719985000004,
golden,741,seeds10,recovered,True,107.487126695,
golden,742,seeds1,recovered,True,5.4878763170000004,
golden,742,seeds10,recovered,True,43.66961072800001,
golden,743,seeds1,recovered,True,6.6249267970000005,
golden,743,seeds10,recovered,True,39.527730739999996,
golden,744,seeds1,recovered,True,26.236559583000002,
golden,744,seeds10,recovered,True,231.32626516499997,
golden,745,seeds1,recovered,True,2.2722909540000003,
golden,745,seeds10,recovered,True,8.004799492,
golden,746,seeds1,recovered,True,14.676560273,
golden,746,seeds10,recovered,True,114.237808084,
golden,747,seeds1,recovered,True,7.857421617,
golden,747,seeds10,recovered,True,65.23086230300001,
golden,748,seeds1,recovered,True,4.496445400000001,
golden,748,seeds10,recovered,True,31.465255900000002,
golden,749,seeds1,recovered,True,2.751424306,
golden,749,seeds10,recovered,True,11.120333607,
golden,750,seeds1,recovered,True,11.441681052,
golden,750,seeds10,recovered,True,126.094091954,
golden,751,seeds1,recovered,True,7.513550437999998,
golden,751,seeds10,recovered,True,59.069752490999996,
golden,752,seeds1,recovered,True,2.217293173,
golden,752,seeds10,recovered,True,6.695564807999999,
golden,753,seeds1,recovered,True,7.315154355000001,
golden,753,seeds10,recovered,True,55.314647907,
golden,754,seeds1,recovered,True,2.0089323329999997,
golden,754,seeds10,recovered,True,8.375166672999999,
golden,755,seeds1,recovered,True,2.423180094,
golden,755,seeds10,recovered,True,6.650920827,
golden,756,seeds1,recovered,True,11.337588379,
golden,756,seeds10,recovered,True,75.640517638,
golden,757,seeds1,recovered,True,109.32400899699999,
golden,757,seeds10,recovered,True,984.8565083450002,
golden,758,seeds1,recovered,True,2.4965435790000003,
golden,758,seeds10,recovered,True,10.746192405999997,
golden,759,seeds1,recovered,True,7.494286968999999,
golden,759,seeds10,recovered,True,51.112029697,
golden,760,seeds1,recovered,True,11.426678332,
golden,760,seeds10,recovered,True,72.796465662,
golden,761,seeds1,recovered,True,10.064142654999998,
golden,761,seeds10,recovered,True,96.55730822999999,
golden,762,seeds1,recovered,True,7.386088845,
golden,762,seeds10,recovered,True,44.313097684,
golden,763,seeds1,recovered,True,5.914226932,
golden,763,seeds10,recovered,True,37.307277877,
golden,764,seeds1,recovered,True,7.626147952,
golden,764,seeds10,recovered,True,74.91645989300001,
golden,765,seeds1,recovered,True,8.449353275,
golden,765,seeds10,recovered,True,72.581852584,
golden,766,seeds1,recovered,True,29.268853704000005,
golden,766,seeds10,recovered,True,269.9211437519999,
golden,767,seeds1,recovered,True,2.2671797689999997,
golden,767,seeds10,recovered,True,9.587886484,
golden,768,seeds1,recovered,True,183.60368138899997,
golden,768,seeds10,recovered,True,1411.983832846,
golden,769,seeds1,recovered,True,4.190800604,
golden,769,seeds10,recovered,True,17.071730814,
golden,770,seeds1,recovered,True,2.3151766789999995,
golden,770,seeds10,recovered,True,11.476816540000002,
golden,771,seeds1,recovered,True,17.358696107,
golden,771,seeds10,recovered,True,131.29091037700002,
golden,772,seeds1,recovered,True,31.547066958,
golden,772,seeds10,recovered,True,309.975931005,
golden,773,seeds1,recovered,True,15.940903018999999,
golden,773,seeds10,recovered,True,126.42784436099998,
golden,774,seeds1,recovered,True,6.515953157,
golden,774,seeds10,recovered,True,32.531495439,
golden,775,seeds1,recovered,True,9.738299872999999,
golden,775,seeds10,recovered,True,72.15265852600001,
golden,776,seeds1,recovered,True,3.0194469550000003,
golden,776,seeds10,recovered,True,11.301131537,
golden,777,seeds1,recovered,True,10.248294062000003,
golden,777,seeds10,recovered,True,54.350794882,
golden,778,seeds1,recovered,True,2.125936801,
golden,778,seeds10,recovered,True,7.534522725,
golden,779,seeds1,recovered,True,5.6595743679999995,
golden,779,seeds10,recovered,True,34.03025645599999,
golden,780,seeds1,recovered,True,36.490720074,
golden,780,seeds10,recovered,True,352.47783364500003,
golden,781,seeds1,recovered,True,1.8340408690000003,
golden,781,seeds10,recovered,True,6.249790791,
golden,782,seeds1,recovered,True,48.65604504400001,
golden,782,seeds10,recovered,True,432.5199877149999,
golden,783,seeds1,recovered,True,11.874683917999999,
golden,783,seeds10,recovered,True,108.19850809400003,
golden,784,seeds1,recovered,True,32.32277349,
golden,784,seeds10,recovered,True,297.52332585500005,
golden,785,seeds1,recovered,True,2.7100590569999996,
golden,785,seeds10,recovered,True,13.100812422,
golden,786,seeds1,recovered,True,1.792342305,
golden,786,seeds10,recovered,True,4.211758354,
golden,787,seeds1,recovered,True,1.4443153489999998,
golden,787,seeds10,recovered,True,2.7351613869999998,
golden,788,seeds1,recovered,True,11.66131716,
golden,788,seeds10,recovered,True,110.171180218,
golden,789,seeds1,recovered,True,56.402646261,
golden,789,seeds10,recovered,True,481.67158395300004,
golden,790,seeds1,recovered,True,16.002419870999997,
golden,790,seeds10,recovered,True,130.52971585100002,
golden,791,seeds1,recovered,True,3.709539276000001,
golden,791,seeds10,recovered,True,12.930423508,
golden,792,seeds1,recovered,True,10.363824131000001,
golden,792,seeds10,recovered,True,49.932500431,
golden,793,seeds1,recovered,True,10.101283122999998,
golden,793,seeds10,recovered,True,60.050180282,
golden,794,seeds1,recovered,True,15.220038218,
golden,794,seeds10,recovered,True,122.339354915,
golden,795,seeds1,recovered,True,1.4779217699999998,
golden,795,seeds10,recovered,True,5.297589882,
golden,796,seeds1,recovered,True,12.412994461,
golden,796,seeds10,recovered,True,107.70155216199998,
golden,797,seeds1,recovered,True,4.230658539999999,
golden,797,seeds10,recovered,True,28.272831161999996,
golden,798,seeds1,recovered,True,1.652489727,
golden,798,seeds10,recovered,True,4.338359639,
golden,799,seeds1,recovered,True,6.699154207000001,
golden,799,seeds10,recovered,True,28.473757514,
golden,800,seeds1,recovered,True,6.675497975000001,
golden,800,seeds10,recovered,True,36.93827058400001,
golden,801,seeds1,recovered,True,4.638832537999999,
golden,801,seeds10,recovered,True,32.598579017999995,
golden,802,seeds1,recovered,True,10.415491720999999,
golden,802,seeds10,recovered,True,82.635424895,
golden,803,seeds1,recovered,True,6.51365169,
golden,803,seeds10,recovered,True,38.08803355199999,
golden,804,seeds1,recovered,True,2.571993792,
golden,804,seeds10,recovered,True,10.972826051,
golden,805,seeds1,recovered,True,4.865307191,
golden,805,seeds10,recovered,True,31.797916,
golden,806,seeds1,recovered,True,12.817094618999999,
golden,806,seeds10,recovered,True,89.811072333,
golden,807,seeds1,recovered,True,14.734928024,
golden,807,seeds10,recovered,True,129.94166264100002,
golden,808,seeds1,recovered,True,22.281782316999998,
golden,808,seeds10,recovered,True,207.50925434199996,
golden,809,seeds1,recovered,True,38.599577097,
golden,809,seeds10,recovered,True,381.73114155100006,
golden,810,seeds1,recovered,True,2.6192884149999998,
golden,810,seeds10,recovered,True,9.453424369,
golden,811,seeds1,recovered,True,5.086635725999999,
golden,811,seeds10,recovered,True,35.241929201999994,
golden,812,seeds1,recovered,True,6.538223294,
golden,812,seeds10,recovered,True,44.33516705900001,
golden,813,seeds1,recovered,True,17.199958900000006,
golden,813,seeds10,recovered,True,160.32700732799998,
golden,814,seeds1,recovered,True,25.532418993,
golden,814,seeds10,recovered,True,223.76202629899998,
golden,815,seeds1,recovered,True,38.49627908,
golden,815,seeds10,recovered,True,292.63494016300007,
golden,816,seeds1,recovered,True,47.514059658,
golden,816,seeds10,recovered,True,383.050512394,
golden,817,seeds1,recovered,True,28.019649407,
golden,817,seeds10,recovered,True,268.62083243800004,
golden,818,seeds1,recovered,True,82.45806091400001,
golden,818,seeds10,recovered,True,704.889264599,
golden,819,seeds1,recovered,True,44.423300203,
golden,819,seeds10,recovered,True,441.1253362509999,
golden,820,seeds1,recovered,True,29.912337141000002,
golden,820,seeds10,recovered,True,290.418711137,
golden,821,seeds1,recovered,True,2.6460455969999996,
golden,821,seeds10,recovered,True,11.063024236999999,
golden,822,seeds1,recovered,True,41.06047100799999,
golden,822,seeds10,recovered,True,366.894972889,
golden,823,seeds1,recovered,True,21.718900583,
golden,823,seeds10,recovered,True,178.397122356,
golden,824,seeds1,recovered,True,182.632259142,
golden,824,seeds10,recovered,False,,
golden,825,seeds1,recovered,True,148.027791575,
golden,825,seeds10,recovered,False,,
golden,826,seeds1,recovered,True,9.603306039,
golden,826,seeds10,recovered,True,51.898452405,
golden,827,seeds1,recovered,True,57.73279847999999,
golden,827,seeds10,recovered,True,542.386563226,
golden,828,seeds1,recovered,True,7.879843215,
golden,828,seeds10,recovered,True,51.133231943,
golden,829,seeds1,recovered,True,38.826178755,
golden,829,seeds10,recovered,True,374.719117302,
golden,830,seeds1,recovered,True,133.512823627,
golden,830,seeds10,recovered,False,,
golden,831,seeds1,recovered,True,21.697516621,
golden,831,seeds10,recovered,True,212.44682507000002,
golden,832,seeds1,recovered,True,6.55236991,
golden,832,seeds10,recovered,True,37.458189807,
golden,833,seeds1,recovered,True,71.43469821,
golden,833,seeds10,recovered,True,631.788316288,
golden,834,seeds1,recovered,True,94.572120544,
golden,834,seeds10,recovered,True,942.0649565879999,
golden,835,seeds1,recovered,True,40.521755974,
golden,835,seeds10,recovered,True,394.010646708,
golden,836,seeds1,recovered,True,109.703587543,
golden,836,seeds10,recovered,True,1037.450121902,
golden,837,seeds1,recovered,True,52.138829320999996,
golden,837,seeds10,recovered,True,502.22191369999996,
golden,838,seeds1,recovered,True,39.35997012600001,
golden,838,seeds10,recovered,True,394.051564502,
golden,839,seeds1,recovered,True,17.507884689,
golden,839,seeds10,recovered,True,171.35025133200003,
golden,840,seeds1,recovered,True,38.88268682900001,
golden,840,seeds10,recovered,True,347.8522257589999,
golden,841,seeds1,recovered,True,50.539317192000006,
golden,841,seeds10,recovered,True,444.94245269699996,
golden,842,seeds1,recovered,True,37.434780239999995,
golden,842,seeds10,recovered,True,296.402300919,
golden,843,seeds1,recovered,True,10.158709583,
golden,843,seeds10,recovered,True,80.222424405,
golden,844,seeds1,recovered,True,63.19945692500001,
golden,844,seeds10,recovered,True,530.1303749650001,
golden,845,seeds1,recovered,True,11.480440004999998,
golden,845,seeds10,recovered,True,89.306953787,
golden,846,seeds1,recovered,True,71.143597542,
golden,846,seeds10,recovered,True,662.9838902600001,
golden,847,seeds1,recovered,True,9.941668369999999,
golden,847,seeds10,recovered,True,61.53232336400001,
golden,848,seeds1,recovered,True,15.958190756,
golden,848,seeds10,recovered,True,123.290230452,
golden,849,seeds1,recovered,True,9.921220604,
golden,849,seeds10,recovered,True,76.343890988,
golden,850,seeds1,not_recovered,True,66.609000237,
golden,850,seeds10,recovered,True,616.5822503659999,
golden,851,seeds1,recovered,True,74.065674783,
golden,851,seeds10,recovered,True,683.1840721870001,
golden,852,seeds1,recovered,True,215.354392281,
golden,852,seeds10,recovered,False,,
golden,853,seeds1,recovered,True,4.915737467,
golden,853,seeds10,recovered,True,32.391149353,
golden,854,seeds1,recovered,True,32.022238644,
golden,854,seeds10,recovered,True,270.557090453,
golden,855,seeds1,recovered,True,10.088827722,
golden,855,seeds10,recovered,True,84.78937616900001,
golden,856,seeds1,recovered,True,81.459003943,
golden,856,seeds10,recovered,True,664.4664657359999,
golden,857,seeds1,recovered,True,22.894410438999998,
golden,857,seeds10,recovered,True,118.797826361,
golden,858,seeds1,recovered,True,60.638703516999996,
golden,858,seeds10,recovered,True,618.08919628,
golden,859,seeds1,recovered,True,53.077992882000004,
golden,859,seeds10,recovered,True,480.436325051,
golden,860,seeds1,recovered,True,9.455331633,
golden,860,seeds10,recovered,True,44.042635672,
golden,861,seeds1,recovered,True,6.644744826999999,
golden,861,seeds10,recovered,True,40.00520889399999,
golden,862,seeds1,recovered,True,151.877050145,
golden,862,seeds10,recovered,True,868.5232753690001,
golden,863,seeds1,recovered,True,9.609241929,
golden,863,seeds10,recovered,True,48.383272436,
golden,864,seeds1,recovered,True,4.286624981,
golden,864,seeds10,recovered,True,15.192457370999998,
golden,865,seeds1,recovered,True,19.127276408999997,
golden,865,seeds10,recovered,True,95.034273858,
golden,866,seeds1,recovered,True,13.469950028,
golden,866,seeds10,recovered,True,49.133238981,
golden,867,seeds1,recovered,True,13.179599520000004,
golden,867,seeds10,recovered,True,122.63476356000001,
golden,868,seeds1,recovered,True,49.772749624999996,
golden,868,seeds10,recovered,True,414.6691722809999,
golden,869,seeds1,recovered,True,5.302065704,
golden,869,seeds10,recovered,True,32.876042977,
golden,870,seeds1,recovered,True,55.702347321,
golden,870,seeds10,recovered,True,484.879439773,
golden,871,seeds1,not_recovered,True,31.153476781999995,
golden,871,seeds10,unknown,True,295.268026232,
golden,872,seeds1,recovered,True,4.427969766,
golden,872,seeds10,recovered,True,30.332915647,
golden,873,seeds1,recovered,True,32.062079585000006,
golden,873,seeds10,recovered,True,224.64464865999997,
golden,874,seeds1,recovered,True,8.523989678999998,
golden,874,seeds10,recovered,True,64.099011165,
golden,875,seeds1,recovered,True,35.531363558,
golden,875,seeds10,recovered,True,300.197369072,
golden,876,seeds1,recovered,True,46.41781600599999,
golden,876,seeds10,recovered,True,451.4847105249999,
golden,877,seeds1,recovered,True,20.218491197,
golden,877,seeds10,recovered,True,162.09342518699998,
golden,878,seeds1,recovered,True,5.142072522000001,
golden,878,seeds10,recovered,True,38.99845834499999,
golden,879,seeds1,recovered,True,4.110174694000001,
golden,879,seeds10,recovered,True,26.885679142999997,
golden,880,seeds1,recovered,True,3.048661194,
golden,880,seeds10,recovered,True,16.112532129999998,
golden,881,seeds1,recovered,True,12.883069410000001,
golden,881,seeds10,recovered,True,99.80955528400003,
golden,882,seeds1,recovered,True,54.732329523999994,
golden,882,seeds10,recovered,True,438.20942869600003,
golden,883,seeds1,recovered,True,17.303018834000003,
golden,883,seeds10,recovered,True,131.32458651000002,
golden,884,seeds1,recovered,True,13.707303778000002,
golden,884,seeds10,recovered,True,119.27579490900001,
golden,885,seeds1,recovered,True,13.162201571999997,
golden,885,seeds10,recovered,True,86.561194407,
golden,886,seeds1,recovered,True,17.652898602,
golden,886,seeds10,recovered,True,138.576949009,
golden,887,seeds1,recovered,True,74.56859673299999,
golden,887,seeds10,recovered,True,787.6720927739999,
golden,888,seeds1,recovered,True,13.972403946,
golden,888,seeds10,recovered,True,115.732632622,
golden,889,seeds1,recovered,True,7.405247169,
golden,889,seeds10,recovered,True,38.875337418,
golden,890,seeds1,recovered,True,16.992714288000002,
golden,890,seeds10,recovered,True,122.668531809,
golden,891,seeds1,recovered,True,8.386581989,
golden,891,seeds10,recovered,True,58.62989979500001,
golden,892,seeds1,recovered,True,3.3477809879999993,
golden,892,seeds10,recovered,True,16.310512547000002,
golden,893,seeds1,recovered,True,9.939944890000003,
golden,893,seeds10,recovered,True,62.96848730400001,
golden,894,seeds1,recovered,True,9.917125476999999,
golden,894,seeds10,recovered,True,68.688760755,
golden,895,seeds1,recovered,True,3.8986428050000006,
golden,895,seeds10,recovered,True,21.311291646999997,
golden,896,seeds1,recovered,True,4.367588458,
golden,896,seeds10,recovered,True,32.370053264,
golden,897,seeds1,recovered,True,1.193207648,
golden,897,seeds10,recovered,True,2.2749927769999996,
golden,898,seeds1,recovered,True,4.894934128,
golden,898,seeds10,recovered,True,44.205834467,
golden,899,seeds1,recovered,True,8.748280628,
golden,899,seeds10,recovered,True,43.458603607,
golden,900,seeds1,recovered,True,1.298570887,
golden,900,seeds10,recovered,True,2.949955945,
golden,901,seeds1,recovered,True,5.888513058999999,
golden,901,seeds10,recovered,True,43.27009350799999,
golden,902,seeds1,recovered,True,7.334796192000001,
golden,902,seeds10,recovered,True,54.218788946999986,
golden,903,seeds1,recovered,True,5.199995576000001,
golden,903,seeds10,recovered,True,19.435093543999997,
golden,904,seeds1,recovered,True,6.208413274000001,
golden,904,seeds10,recovered,True,36.43468951,
golden,905,seeds1,recovered,True,26.850556556,
golden,905,seeds10,recovered,True,243.195051099,
golden,906,seeds1,recovered,True,1.2305318489999997,
golden,906,seeds10,recovered,True,2.069567158,
golden,907,seeds1,recovered,True,1.955811004,
golden,907,seeds10,recovered,True,4.804147435,
golden,908,seeds1,recovered,True,4.540988234,
golden,908,seeds10,recovered,True,36.430869367999996,
golden,909,seeds1,recovered,True,35.858990866,
golden,909,seeds10,recovered,True,300.492101932,
golden,910,seeds1,recovered,True,7.095201461999999,
golden,910,seeds10,recovered,True,71.594279997,
golden,911,seeds1,recovered,True,1.1083187329999997,
golden,911,seeds10,recovered,True,2.382601597,
golden,912,seeds1,unknown,True,26.947833785,
golden,912,seeds10,recovered,True,247.24535039399998,
golden,913,seeds1,recovered,True,15.918391945,
golden,913,seeds10,recovered,True,121.86082351200001,
golden,914,seeds1,recovered,True,3.0342344809999995,
golden,914,seeds10,recovered,True,9.721297229,
golden,915,seeds1,recovered,True,12.209208671000003,
golden,915,seeds10,recovered,True,110.44234837799999,
golden,916,seeds1,recovered,True,2.468773305,
golden,916,seeds10,recovered,True,9.002568122,
golden,917,seeds1,recovered,True,10.98766677,
golden,917,seeds10,recovered,True,81.277964322,
golden,918,seeds1,recovered,True,7.638943515999999,
golden,918,seeds10,recovered,True,53.859937499,
golden,919,seeds1,recovered,True,1.5198775810000003,
golden,919,seeds10,recovered,True,3.689673465,
golden,920,seeds1,recovered,True,2.338608044,
golden,920,seeds10,recovered,True,8.897462435000001,
golden,921,seeds1,recovered,True,8.693939021999999,
golden,921,seeds10,recovered,True,49.635957989000005,
golden,922,seeds1,recovered,True,30.384094575000002,
golden,922,seeds10,recovered,True,287.41880950499996,
golden,923,seeds1,recovered,True,1.9583340109999998,
golden,923,seeds10,recovered,True,6.1559133049999994,
golden,924,seeds1,recovered,True,40.734559069,
golden,924,seeds10,recovered,True,317.16437947,
golden,925,seeds1,recovered,True,3.188161545,
golden,925,seeds10,recovered,True,30.414183570000002,
golden,926,seeds1,recovered,True,3.68082625,
golden,926,seeds10,recovered,True,14.318002143000001,
golden,927,seeds1,recovered,True,3.397321292,
golden,927,seeds10,recovered,True,20.062329047,
golden,928,seeds1,recovered,True,2.1345422029999996,
golden,928,seeds10,recovered,True,9.069168280999998,
golden,929,seeds1,recovered,True,44.588188904999996,
golden,929,seeds10,recovered,True,413.09855719599994,
golden,930,seeds1,recovered,True,1.6321189839999997,
golden,930,seeds10,recovered,True,4.160543798999999,
golden,931,seeds1,recovered,True,22.132948538,
golden,931,seeds10,recovered,True,181.432657624,
golden,932,seeds1,recovered,True,3.994715371,
golden,932,seeds10,recovered,True,23.117528279,
golden,933,seeds1,recovered,True,8.17552423,
golden,933,seeds10,recovered,True,49.13796011100001,
golden,934,seeds1,recovered,True,7.813948454000001,
golden,934,seeds10,recovered,True,37.806198996999996,
golden,935,seeds1,recovered,True,3.303129941999999,
golden,935,seeds10,recovered,True,14.438450955,
golden,936,seeds1,recovered,True,3.9299418090000002,
golden,936,seeds10,recovered,True,15.530363372000004,
golden,937,seeds1,recovered,True,1.0066128369999996,
golden,937,seeds10,recovered,True,1.515377736,
golden,938,seeds1,recovered,True,3.3443622,
golden,938,seeds10,recovered,True,20.819421979000005,
golden,939,seeds1,recovered,True,1.5632622229999997,
golden,939,seeds10,recovered,True,3.7514124789999994,
golden,940,seeds1,recovered,True,1.088034461,
golden,940,seeds10,recovered,True,2.277143851,
golden,941,seeds1,recovered,True,1.121841092,
golden,941,seeds10,recovered,True,1.5403845040000004,
golden,942,seeds1,recovered,True,2.4410720580000005,
golden,942,seeds10,recovered,True,9.522208971999998,
golden,943,seeds1,recovered,True,2.7922381279999993,
golden,943,seeds10,recovered,True,11.204966637,
golden,944,seeds1,recovered,True,3.011809128,
golden,944,seeds10,recovered,True,14.624968642999999,
golden,945,seeds1,recovered,True,1.1660948380000002,
golden,945,seeds10,recovered,True,2.153788197,
golden,946,seeds1,recovered,True,2.4519038249999996,
golden,946,seeds10,recovered,True,9.174201473,
golden,947,seeds1,recovered,True,2.458946665,
golden,947,seeds10,recovered,True,7.361716706999999,
golden,948,seeds1,recovered,True,1.0446044650000001,
golden,948,seeds10,recovered,True,1.411481185,
golden,949,seeds1,recovered,True,1.1026413229999998,
golden,949,seeds10,recovered,True,1.7079867389999999,
golden,950,seeds1,recovered,True,1.421475692,
golden,950,seeds10,recovered,True,5.051358163,
golden,951,seeds1,recovered,True,2.601577572,
golden,951,seeds10,recovered,True,16.623426782,
golden,952,seeds1,recovered,True,11.399885989,
golden,952,seeds10,recovered,True,62.739561431,
golden,953,seeds1,recovered,True,1.2681987440000002,
golden,953,seeds10,recovered,True,2.740813985,
golden,954,seeds1,recovered,True,1.7462163780000002,
golden,954,seeds10,recovered,True,4.661060977,
golden,955,seeds1,recovered,True,2.733482826,
golden,955,seeds10,recovered,True,15.822769190999999,
golden,956,seeds1,recovered,True,9.817513089,
golden,956,seeds10,recovered,True,66.81232016199999,
golden,957,seeds1,recovered,True,1.000001363,
golden,957,seeds10,recovered,True,1.422883926,
golden,958,seeds1,recovered,True,0.9129064199999997,
golden,958,seeds10,recovered,True,1.161670473,
golden,959,seeds1,recovered,True,1.2732916079999999,
golden,959,seeds10,recovered,True,2.140240714,
golden,960,seeds1,recovered,True,1.819255609,
golden,960,seeds10,recovered,True,5.740228007999999,
golden,961,seeds1,recovered,True,2.138031608,
golden,961,seeds10,recovered,True,7.545969926,
golden,962,seeds1,recovered,True,1.303798448,
golden,962,seeds10,recovered,True,3.565954385,
golden,963,seeds1,recovered,True,3.220179249,
golden,963,seeds10,recovered,True,15.524829787000002,
golden,964,seeds1,recovered,True,12.290753538,
golden,964,seeds10,recovered,True,96.649434157,
golden,965,seeds1,recovered,True,1.4489521880000003,
golden,965,seeds10,recovered,True,3.297798483,
golden,966,seeds1,recovered,True,1.6961767759999997,
golden,966,seeds10,recovered,True,4.087736135999999,
golden,967,seeds1,recovered,True,2.6453174809999993,
golden,967,seeds10,recovered,True,7.985195716,
golden,968,seeds1,recovered,True,57.088391318999996,
golden,968,seeds10,recovered,True,482.25570020099997,
golden,969,seeds1,recovered,True,1.4982686470000002,
golden,969,seeds10,recovered,True,4.1586185570000005,
golden,970,seeds1,recovered,True,9.153369892000002,
golden,970,seeds10,recovered,True,68.892028163,
golden,971,seeds1,recovered,True,3.412210742000001,
golden,971,seeds10,recovered,True,15.426538118000002,
golden,972,seeds1,recovered,True,1.7118511140000003,
golden,972,seeds10,recovered,True,5.1860748050000005,
golden,973,seeds1,recovered,True,2.267570314,
golden,973,seeds10,recovered,True,11.110686520999998,
golden,974,seeds1,recovered,True,1.4674225129999998,
golden,974,seeds10,recovered,True,3.7457442729999997,
golden,975,seeds1,recovered,True,1.8962886699999997,
golden,975,seeds10,recovered,True,4.668258710999999,
golden,976,seeds1,recovered,True,2.336012899,
golden,976,seeds10,recovered,True,5.999102543999999,
golden,977,seeds1,recovered,True,1.12128525,
golden,977,seeds10,recovered,True,2.2664366109999996,
golden,978,seeds1,recovered,True,1.2407060950000004,
golden,978,seeds10,recovered,True,2.771800733,
golden,979,seeds1,recovered,True,0.9716925799999998,
golden,979,seeds10,recovered,True,1.3459781179999997,
golden,980,seeds1,recovered,True,1.1439997059999998,
golden,980,seeds10,recovered,True,2.093106995,
golden,981,seeds1,recovered,True,1.1533665099999997,
golden,981,seeds10,recovered,True,1.9091229319999998,
golden,982,seeds1,recovered,True,0.9598745020000001,
golden,982,seeds10,recovered,True,1.485151799,
golden,983,seeds1,recovered,True,1.4171914559999998,
golden,983,seeds10,recovered,True,2.8392501680000004,
golden,984,seeds1,recovered,True,1.3923642829999996,
golden,984,seeds10,recovered,True,2.959660398,
golden,985,seeds1,recovered,True,1.0601745239999998,
golden,985,seeds10,recovered,True,1.9164452149999995,
golden,986,seeds1,not_recovered,True,2.109138883,
golden,986,seeds10,not_recovered,True,7.842378396000001,
golden,987,seeds1,recovered,True,3.0959097070000006,
golden,987,seeds10,recovered,True,11.561741895,
golden,988,seeds1,recovered,True,1.3354928489999998,
golden,988,seeds10,recovered,True,4.173669854,
golden,989,seeds1,recovered,True,1.2617414549999997,
golden,989,seeds10,recovered,True,3.360573977,
golden,990,seeds1,recovered,True,2.2425282739999997,
golden,990,seeds10,recovered,True,8.450295712,
golden,991,seeds1,recovered,True,1.9317200429999994,
golden,991,seeds10,recovered,True,6.490042773999999,
golden,992,seeds1,recovered,True,3.5346185439999998,
golden,992,seeds10,recovered,True,13.336392165,
golden,993,seeds1,recovered,True,2.5131351909999995,
golden,993,seeds10,recovered,True,10.131798346,
golden,994,seeds1,recovered,True,2.470276724,
golden,994,seeds10,recovered,True,8.136556788,
golden,995,seeds1,recovered,True,6.174242722,
golden,995,seeds10,recovered,True,40.13378463,
golden,996,seeds1,recovered,True,2.781756111,
golden,996,seeds10,recovered,True,10.537375064999999,
golden,997,seeds1,recovered,True,3.9637109379999997,
golden,997,seeds10,recovered,True,18.026412842,
golden,998,seeds1,recovered,True,1.5763967209999996,
golden,998,seeds10,recovered,True,6.459704265000001,
golden,999,seeds1,recovered,True,1.1265258310000004,
golden,999,seeds10,recovered,True,2.9536795180000004,
golden,1000,seeds1,recovered,True,1.4278952390000001,
golden,1000,seeds10,recovered,True,3.639502986,
golden,1001,seeds1,recovered,True,0.8712239309999996,
golden,1001,seeds10,recovered,True,0.9500366949999999,
golden,1002,seeds1,recovered,True,1.0302301829999998,
golden,1002,seeds10,recovered,True,2.3452635419999996,
golden,1003,seeds1,recovered,True,2.098780959,
golden,1003,seeds10,recovered,True,6.064454893,
golden,1004,seeds1,recovered,True,1.2413846769999999,
golden,1004,seeds10,recovered,True,2.5457360719999995,
golden,1005,seeds1,recovered,True,0.9374293640000001,
golden,1005,seeds10,recovered,True,1.7686574190000002,
golden,1006,seeds1,recovered,True,1.062976378,
golden,1006,seeds10,recovered,True,1.5329900539999999,
golden,1007,seeds1,recovered,True,1.6993458460000004,
golden,1007,seeds10,recovered,True,7.097117996,
golden,1008,seeds1,recovered,True,2.6472173469999998,
golden,1008,seeds10,recovered,True,11.452604318999999,
golden,1009,seeds1,recovered,True,1.5192704579999998,
golden,1009,seeds10,recovered,True,3.9291846660000003,
golden,1010,seeds1,recovered,True,1.216377494,
golden,1010,seeds10,recovered,True,2.057710502,
golden,1011,seeds1,recovered,True,1.2412768130000003,
golden,1011,seeds10,recovered,True,2.578825696,
golden,1012,seeds1,recovered,True,1.253671744,
golden,1012,seeds10,recovered,True,3.0004339869999996,
golden,1013,seeds1,recovered,True,2.3656145229999996,
golden,1013,seeds10,recovered,True,7.588824562000001,
golden,1014,seeds1,recovered,True,4.094414895,
golden,1014,seeds10,recovered,True,16.641169759,
golden,1015,seeds1,recovered,True,3.9696486869999994,
golden,1015,seeds10,recovered,True,19.973902439999996,
golden,1016,seeds1,recovered,True,1.454349299,
golden,1016,seeds10,recovered,True,3.08309453,
golden,1017,seeds1,recovered,True,2.1658146260000004,
golden,1017,seeds10,recovered,True,9.231632042000001,
golden,1018,seeds1,recovered,True,5.498147756,
golden,1018,seeds10,recovered,True,37.765452826,
golden,1019,seeds1,recovered,True,2.4904899990000002,
golden,1019,seeds10,recovered,True,5.936181385,
golden,1020,seeds1,recovered,True,1.0991743839999997,
golden,1020,seeds10,recovered,True,3.5832412010000003,
golden,1021,seeds1,recovered,True,5.7675579489999995,
golden,1021,seeds10,recovered,True,42.492640101,
golden,1022,seeds1,recovered,True,3.847017118,
golden,1022,seeds10,recovered,True,17.538961861,
golden,1023,seeds1,recovered,True,4.374778627,
golden,1023,seeds10,recovered,True,21.678067757999997,
golden,1024,seeds1,recovered,True,23.057173826,
golden,1024,seeds10,recovered,True,189.763356747,
golden,1025,seeds1,recovered,True,37.367360742,
golden,1025,seeds10,recovered,True,303.132003105,
golden,1026,seeds1,recovered,True,8.062522595999999,
golden,1026,seeds10,recovered,True,68.605843621,
golden,1027,seeds1,recovered,True,5.640039578,
golden,1027,seeds10,recovered,True,31.415692572999994,
golden,1028,seeds1,recovered,True,54.669436112,
golden,1028,seeds10,recovered,True,540.0267105720001,
golden,1029,seeds1,recovered,True,33.725225004,
golden,1029,seeds10,recovered,True,297.79794672800006,
golden,1030,seeds1,recovered,True,12.884520654,
golden,1030,seeds10,recovered,True,89.34679212,
golden,1031,seeds1,recovered,True,17.760885798000004,
golden,1031,seeds10,recovered,True,130.01150619,
golden,1032,seeds1,recovered,True,7.208317024,
golden,1032,seeds10,recovered,True,47.770848316,
golden,1033,seeds1,recovered,True,25.669719665000002,
golden,1033,seeds10,unknown,True,144.648917004,
golden,1034,seeds1,recovered,True,19.418084909000005,
golden,1034,seeds10,recovered,True,148.351482352,
golden,1035,seeds1,recovered,True,4.281665954999999,
golden,1035,seeds10,recovered,True,21.117499012,
golden,1036,seeds1,recovered,True,15.545644153,
golden,1036,seeds10,recovered,True,108.10115576199999,
golden,1037,seeds1,recovered,True,4.700965745,
golden,1037,seeds10,recovered,True,24.866992581999998,
golden,1038,seeds1,recovered,True,2.8308318070000005,
golden,1038,seeds10,recovered,True,12.792780684,
golden,1039,seeds1,recovered,True,16.683590818000003,
golden,1039,seeds10,recovered,True,107.508986899,
golden,1040,seeds1,recovered,True,1.7687961219999997,
golden,1040,seeds10,recovered,True,5.848606414000001,
golden,1041,seeds1,recovered,True,2.6475769909999998,
golden,1041,seeds10,recovered,True,12.228672841000002,
golden,1042,seeds1,recovered,True,13.865382495,
golden,1042,seeds10,recovered,True,70.48646457199999,
golden,1043,seeds1,recovered,True,1.341030211,
golden,1043,seeds10,recovered,True,2.028342757,
golden,1044,seeds1,recovered,True,12.603360137,
golden,1044,seeds10,recovered,True,93.05881000100001,
golden,1045,seeds1,recovered,True,5.339553303000001,
golden,1045,seeds10,recovered,True,29.727899970999996,
golden,1046,seeds1,recovered,True,2.5204536400000004,
golden,1046,seeds10,recovered,True,11.314015806,
golden,1047,seeds1,recovered,True,2.0625107089999997,
golden,1047,seeds10,recovered,True,4.640281396000001,
golden,1048,seeds1,recovered,True,12.139648865999998,
golden,1048,seeds10,recovered,True,75.023537311,
golden,1049,seeds1,recovered,True,16.062581643999998,
golden,1049,seeds10,recovered,True,90.17901549900002,
golden,1050,seeds1,recovered,True,9.799444142000002,
golden,1050,seeds10,recovered,True,111.209014911,
golden,1051,seeds1,recovered,True,3.0732948749999993,
golden,1051,seeds10,recovered,True,9.794206085999999,
golden,1052,seeds1,recovered,True,7.095114509000002,
golden,1052,seeds10,recovered,True,43.449947348,
golden,1053,seeds1,recovered,True,2.026051264,
golden,1053,seeds10,recovered,True,5.584432031999999,
golden,1054,seeds1,recovered,True,1.028260551,
golden,1054,seeds10,recovered,True,1.639146574,
golden,1055,seeds1,recovered,True,2.9461984219999997,
golden,1055,seeds10,recovered,True,9.639118609,
golden,1056,seeds1,recovered,True,14.701210997,
golden,1056,seeds10,recovered,True,85.01726343000001,
golden,1057,seeds1,recovered,True,1.361874956,
golden,1057,seeds10,recovered,True,2.6770236790000004,
golden,1058,seeds1,recovered,True,3.217607493,
golden,1058,seeds10,recovered,True,16.385093898999997,
golden,1059,seeds1,recovered,True,2.2076889570000002,
golden,1059,seeds10,recovered,True,5.1687355109999995,
golden,1060,seeds1,recovered,True,4.267524664,
golden,1060,seeds10,recovered,True,24.788847481,
golden,1061,seeds1,recovered,True,6.810722735000001,
golden,1061,seeds10,recovered,True,38.421150265,
golden,1062,seeds1,recovered,True,26.655046493,
golden,1062,seeds10,recovered,True,221.69670107200002,
golden,1063,seeds1,recovered,True,10.349143757,
golden,1063,seeds10,recovered,True,58.109845495,
golden,1064,seeds1,recovered,True,9.531230108,
golden,1064,seeds10,recovered,True,42.87369501799999,
golden,1065,seeds1,recovered,True,4.638122335,
golden,1065,seeds10,recovered,True,21.888032991,
golden,1066,seeds1,recovered,True,12.585852676999998,
golden,1066,seeds10,recovered,True,96.42095287699999,
golden,1067,seeds1,recovered,True,4.222252566,
golden,1067,seeds10,recovered,True,9.969860430999997,
golden,1068,seeds1,recovered,True,1.8930996110000002,
golden,1068,seeds10,recovered,True,6.459491551000001,
golden,1069,seeds1,recovered,True,1.3458411149999998,
golden,1069,seeds10,recovered,True,1.470158542,
golden,1070,seeds1,recovered,True,2.336128478,
golden,1070,seeds10,recovered,True,6.760356432999999,
golden,1071,seeds1,recovered,True,4.8546853599999995,
golden,1071,seeds10,recovered,True,21.618151107000003,
golden,1072,seeds1,recovered,True,3.799381894,
golden,1072,seeds10,recovered,True,16.223775135,
golden,1073,seeds1,recovered,True,1.8740794200000002,
golden,1073,seeds10,recovered,True,7.712953488999999,
golden,1074,seeds1,recovered,True,1.3756460249999996,
golden,1074,seeds10,recovered,True,2.390996555,
golden,1075,seeds1,recovered,True,1.3991942779999997,
golden,1075,seeds10,recovered,True,1.682977459,
golden,1076,seeds1,recovered,True,5.521898791,
golden,1076,seeds10,recovered,True,31.258112949999997,
golden,1077,seeds1,recovered,True,1.9796011939999998,
golden,1077,seeds10,recovered,True,8.173732139999998,
golden,1078,seeds1,recovered,True,8.870833378,
golden,1078,seeds10,recovered,True,50.428294793,
golden,1079,seeds1,recovered,True,1.69580133,
golden,1079,seeds10,recovered,True,4.317558346,
golden,1080,seeds1,recovered,True,10.006625529,
golden,1080,seeds10,recovered,True,69.08232086999999,
golden,1081,seeds1,recovered,True,1.2941447799999999,
golden,1081,seeds10,recovered,True,2.5132868299999997,
golden,1082,seeds1,recovered,True,3.827450017,
golden,1082,seeds10,recovered,True,27.791645281000005,
golden,1083,seeds1,recovered,True,9.751486862,
golden,1083,seeds10,recovered,True,58.547008945,
golden,1084,seeds1,recovered,True,1.0976956370000002,
golden,1084,seeds10,recovered,True,1.4049742409999997,
golden,1085,seeds1,recovered,True,2.7859174959999993,
golden,1085,seeds10,recovered,True,7.512745685999998,
golden,1086,seeds1,recovered,True,1.7515956739999998,
golden,1086,seeds10,recovered,True,4.399044622000001,
golden,1087,seeds1,recovered,True,1.3969876359999998,
golden,1087,seeds10,recovered,True,3.125664638,
golden,1088,seeds1,recovered,True,1.1815933209999998,
golden,1088,seeds10,recovered,True,2.9010593979999997,
golden,1089,seeds1,recovered,True,9.475167135,
golden,1089,seeds10,recovered,True,56.729660789,
golden,1090,seeds1,recovered,True,9.56423367,
golden,1090,seeds10,recovered,True,52.193095721999995,
golden,1091,seeds1,recovered,True,1.2245954339999998,
golden,1091,seeds10,recovered,True,2.5241379630000003,
golden,1092,seeds1,recovered,True,8.543648598,
golden,1092,seeds10,recovered,True,64.51960299499999,
golden,1093,seeds1,recovered,True,6.026518285000002,
golden,1093,seeds10,recovered,True,32.885407111,
golden,1094,seeds1,recovered,True,7.684080213,
golden,1094,seeds10,recovered,True,38.88258403,
golden,1095,seeds1,recovered,True,7.499931167000001,
golden,1095,seeds10,recovered,True,44.222819966,
golden,1096,seeds1,recovered,True,13.222798505,
golden,1096,seeds10,recovered,True,107.05735657000001,
golden,1097,seeds1,recovered,True,3.8283353810000005,
golden,1097,seeds10,recovered,True,11.614110954000001,
golden,1098,seeds1,recovered,True,12.082784296,
golden,1098,seeds10,recovered,True,88.536869485,
golden,1099,seeds1,recovered,True,16.698260462999997,
golden,1099,seeds10,recovered,True,65.140075851,
golden,1100,seeds1,recovered,True,16.761907496,
golden,1100,seeds10,recovered,True,174.442034829,
golden,1101,seeds1,recovered,True,2.5560371010000003,
golden,1101,seeds10,recovered,True,10.995449090000001,
golden,1102,seeds1,recovered,True,2.8958941480000004,
golden,1102,seeds10,recovered,True,7.873262728000001,
golden,1103,seeds1,recovered,True,1.677862068,
golden,1103,seeds10,recovered,True,3.883372726,
golden,1104,seeds1,recovered,True,1.6383921740000003,
golden,1104,seeds10,recovered,True,4.726119846,
golden,1105,seeds1,recovered,True,2.1874247589999998,
golden,1105,seeds10,recovered,True,8.141491791,
golden,1106,seeds1,recovered,True,3.3642320340000005,
golden,1106,seeds10,recovered,True,16.880388902,
golden,1107,seeds1,recovered,True,2.2437167920000003,
golden,1107,seeds10,recovered,True,4.620911134999999,
golden,1108,seeds1,recovered,True,1.2085595160000002,
golden,1108,seeds10,recovered,True,1.6186608670000004,
golden,1109,seeds1,recovered,True,1.5292809859999998,
golden,1109,seeds10,recovered,True,3.884280984,
golden,1110,seeds1,recovered,True,12.140181787,
golden,1110,seeds10,recovered,True,130.53213869899997,
golden,1111,seeds1,recovered,True,1.604760553,
golden,1111,seeds10,recovered,True,4.652729969,
golden,1112,seeds1,recovered,True,1.0896802559999998,
golden,1112,seeds10,recovered,True,1.2650263439999998,
golden,1113,seeds1,recovered,True,1.218833864,
golden,1113,seeds10,recovered,True,2.150785932,
golden,1114,seeds1,recovered,True,14.068586828999997,
golden,1114,seeds10,recovered,True,120.78790063499997,
golden,1115,seeds1,recovered,True,3.399918998999999,
golden,1115,seeds10,recovered,True,14.920127276999999,
golden,1116,seeds1,recovered,True,1.269307058,
golden,1116,seeds10,recovered,True,2.2229945220000005,
golden,1117,seeds1,recovered,True,2.661573315,
golden,1117,seeds10,recovered,True,6.592744629000001,
golden,1118,seeds1,recovered,True,3.637299747000001,
golden,1118,seeds10,recovered,True,19.806155959,
golden,1119,seeds1,recovered,True,5.2940625930000005,
golden,1119,seeds10,recovered,True,33.140876742,
golden,1120,seeds1,recovered,True,6.609999694,
golden,1120,seeds10,recovered,True,41.617622913,
golden,1121,seeds1,recovered,True,4.180608481,
golden,1121,seeds10,recovered,True,15.642141212999999,
golden,1122,seeds1,recovered,True,1.231934843,
golden,1122,seeds10,recovered,True,3.357874796,
golden,1123,seeds1,recovered,True,7.077505614,
golden,1123,seeds10,recovered,True,45.908593679999996,
golden,1124,seeds1,recovered,True,3.3638315359999993,
golden,1124,seeds10,recovered,True,17.059890505000002,
golden,1125,seeds1,recovered,True,2.05958472,
golden,1125,seeds10,recovered,True,5.851102136,
golden,1126,seeds1,recovered,True,1.800510063,
golden,1126,seeds10,recovered,True,4.275362097,
golden,1127,seeds1,recovered,True,22.927755935,
golden,1127,seeds10,recovered,True,223.27629670399995,
golden,1128,seeds1,recovered,True,12.537346019999998,
golden,1128,seeds10,recovered,True,93.09925739499997,
golden,1129,seeds1,recovered,True,10.357067857999999,
golden,1129,seeds10,recovered,True,80.15637625400001,
golden,1130,seeds1,recovered,True,8.121167999999997,
golden,1130,seeds10,recovered,True,40.427690139,
golden,1131,seeds1,recovered,True,23.986603763000005,
golden,1131,seeds10,recovered,True,126.96937194899999,
golden,1132,seeds1,recovered,True,1.3572470289999998,
golden,1132,seeds10,recovered,True,3.7772386069999997,
golden,1133,seeds1,recovered,True,3.829775033,
golden,1133,seeds10,recovered,True,12.375644998000002,
golden,1134,seeds1,recovered,True,7.616228908000001,
golden,1134,seeds10,recovered,True,47.82390673399999,
golden,1135,seeds1,recovered,True,2.755677459,
golden,1135,seeds10,recovered,True,10.312861963,
golden,1136,seeds1,recovered,True,1.6019407860000001,
golden,1136,seeds10,recovered,True,4.887175296999999,
golden,1137,seeds1,recovered,True,5.630183931999999,
golden,1137,seeds10,recovered,True,20.533600329,
golden,1138,seeds1,recovered,True,2.6894636070000004,
golden,1138,seeds10,recovered,True,10.026554108,
golden,1139,seeds1,recovered,True,2.7268670459999997,
golden,1139,seeds10,recovered,True,14.708278866,
golden,1140,seeds1,recovered,True,2.237336664,
golden,1140,seeds10,recovered,True,7.719407858000001,
golden,1141,seeds1,recovered,True,1.356603168,
golden,1141,seeds10,recovered,True,4.072159429999999,
golden,1142,seeds1,recovered,True,1.410492504,
golden,1142,seeds10,recovered,True,2.721879344,
golden,1143,seeds1,recovered,True,7.571699978000001,
golden,1143,seeds10,recovered,True,49.725082552,
golden,1144,seeds1,recovered,True,1.226228447,
golden,1144,seeds10,recovered,True,2.5859840469999997,
golden,1145,seeds1,recovered,True,2.2583637579999998,
golden,1145,seeds10,recovered,True,7.069193199,
golden,1146,seeds1,recovered,True,9.746778202000002,
golden,1146,seeds10,recovered,True,57.942107562,
golden,1147,seeds1,recovered,True,1.3231775369999998,
golden,1147,seeds10,recovered,True,3.582910137,
golden,1148,seeds1,recovered,True,8.061247173000002,
golden,1148,seeds10,recovered,True,38.156105708,
golden,1149,seeds1,recovered,True,3.9198270039999996,
golden,1149,seeds10,recovered,True,18.784954268000003,
golden,1150,seeds1,recovered,True,37.69450673200001,
golden,1150,seeds10,recovered,True,376.758328667,
golden,1151,seeds1,recovered,True,1.8236656729999996,
golden,1151,seeds10,recovered,True,7.641682980000001,
golden,1152,seeds1,recovered,True,2.2618143059999998,
golden,1152,seeds10,recovered,True,8.215511883,
golden,1153,seeds1,recovered,True,1.5312985709999998,
golden,1153,seeds10,recovered,True,3.689117553,
golden,1154,seeds1,recovered,True,3.8860619009999997,
golden,1154,seeds10,recovered,True,22.892192942,
golden,1155,seeds1,recovered,True,7.458279505,
golden,1155,seeds10,recovered,True,49.757135382,
golden,1156,seeds1,recovered,True,4.404251601,
golden,1156,seeds10,recovered,True,27.073561426000005,
golden,1157,seeds1,recovered,True,1.570523553,
golden,1157,seeds10,recovered,True,3.519751308,
golden,1158,seeds1,recovered,True,15.578907304,
golden,1158,seeds10,recovered,True,101.339404163,
golden,1159,seeds1,recovered,True,2.4777811680000004,
golden,1159,seeds10,recovered,True,9.098311328,
golden,1160,seeds1,recovered,True,1.3155729220000003,
golden,1160,seeds10,recovered,True,2.052859755,
golden,1161,seeds1,recovered,True,1.1881237169999999,
golden,1161,seeds10,recovered,True,2.3080804529999996,
golden,1162,seeds1,recovered,True,1.22019839,
golden,1162,seeds10,recovered,True,2.064174806,
golden,1163,seeds1,recovered,True,2.825261131999999,
golden,1163,seeds10,recovered,True,14.638788884999997,
golden,1164,seeds1,recovered,True,2.7824916,
golden,1164,seeds10,recovered,True,7.183994752,
golden,1165,seeds1,recovered,True,2.395257101,
golden,1165,seeds10,recovered,True,11.779926387,
golden,1166,seeds1,recovered,True,1.2658739329999997,
golden,1166,seeds10,recovered,True,1.9394943229999997,
golden,1167,seeds1,recovered,True,1.3783591520000003,
golden,1167,seeds10,recovered,True,2.094004544,
golden,1168,seeds1,recovered,True,4.4578562690000005,
golden,1168,seeds10,recovered,True,14.816681294000002,
golden,1169,seeds1,recovered,True,2.735651254999999,
golden,1169,seeds10,recovered,True,8.063169448,
golden,1170,seeds1,recovered,True,3.6676707559999997,
golden,1170,seeds10,recovered,True,33.127378523000004,
golden,1171,seeds1,recovered,True,8.65792591,
golden,1171,seeds10,recovered,True,41.685152957,
golden,1172,seeds1,recovered,True,4.175633924999998,
golden,1172,seeds10,recovered,True,25.57106264,
golden,1173,seeds1,recovered,True,1.7876349069999997,
golden,1173,seeds10,recovered,True,4.309549411999999,
golden,1174,seeds1,recovered,True,2.898629059,
golden,1174,seeds10,recovered,True,9.252809312,
golden,1175,seeds1,recovered,True,2.1946299550000004,
golden,1175,seeds10,recovered,True,8.390171319,
golden,1176,seeds1,recovered,True,1.2986157659999995,
golden,1176,seeds10,recovered,True,3.0812009679999997,
golden,1177,seeds1,recovered,True,6.628451877,
golden,1177,seeds10,recovered,True,50.48316453999999,
golden,1178,seeds1,recovered,True,1.0272847609999998,
golden,1178,seeds10,recovered,True,1.615284226,
golden,1179,seeds1,recovered,True,14.702638726,
golden,1179,seeds10,recovered,True,81.926455197,
golden,1180,seeds1,recovered,True,7.388178701,
golden,1180,seeds10,recovered,True,23.177340914,
golden,1181,seeds1,recovered,True,1.4156631359999998,
golden,1181,seeds10,recovered,True,4.016043238,
golden,1182,seeds1,recovered,True,2.2720341590000004,
golden,1182,seeds10,recovered,True,8.919732647,
golden,1183,seeds1,recovered,True,1.41912034,
golden,1183,seeds10,recovered,True,3.7604003869999993,
golden,1184,seeds1,recovered,True,1.0344842829999998,
golden,1184,seeds10,recovered,True,1.568335102,
golden,1185,seeds1,recovered,True,1.582941622,
golden,1185,seeds10,recovered,True,3.4757683430000004,
golden,1186,seeds1,recovered,True,11.261830167,
golden,1186,seeds10,recovered,True,80.624838824,
golden,1187,seeds1,recovered,True,5.5685563810000005,
golden,1187,seeds10,recovered,True,31.304616215,
golden,1188,seeds1,recovered,True,1.8668912510000002,
golden,1188,seeds10,recovered,True,5.179819867000001,
golden,1189,seeds1,recovered,True,2.3238496839999994,
golden,1189,seeds10,recovered,True,6.156353728999999,
golden,1190,seeds1,recovered,True,2.288399155,
golden,1190,seeds10,recovered,True,12.904361294000001,
golden,1191,seeds1,recovered,True,0.9521506970000002,
golden,1191,seeds10,recovered,True,1.183678626,
golden,1192,seeds1,recovered,True,1.809712607,
golden,1192,seeds10,recovered,True,10.521111718,
golden,1193,seeds1,recovered,True,1.8268355189999999,
golden,1193,seeds10,recovered,True,5.162872846000001,
golden,1194,seeds1,recovered,True,1.9908671019999997,
golden,1194,seeds10,recovered,True,5.642088986000001,
golden,1195,seeds1,recovered,True,3.852802531,
golden,1195,seeds10,recovered,True,12.112379467,
golden,1196,seeds1,recovered,True,2.503672604,
golden,1196,seeds10,recovered,True,8.766916674,
golden,1197,seeds1,recovered,True,1.512749989,
golden,1197,seeds10,recovered,True,5.2284328449999995,
golden,1198,seeds1,recovered,True,1.3489417239999997,
golden,1198,seeds10,recovered,True,2.782471948,
golden,1199,seeds1,recovered,True,2.1674617819999997,
golden,1199,seeds10,recovered,True,9.139455665000002,
golden,1200,seeds1,recovered,True,2.4246795729999997,
golden,1200,seeds10,recovered,True,5.66114956,
golden,1201,seeds1,recovered,True,2.7528892469999997,
golden,1201,seeds10,recovered,True,9.218628528999998,
golden,1202,seeds1,recovered,True,1.024374871,
golden,1202,seeds10,recovered,True,1.4862933369999998,
golden,1203,seeds1,recovered,True,1.9816699620000002,
golden,1203,seeds10,recovered,True,7.655142499,
golden,1204,seeds1,recovered,True,1.028973567,
golden,1204,seeds10,recovered,True,1.429097047,
golden,1205,seeds1,recovered,True,1.166080173,
golden,1205,seeds10,recovered,True,1.690116947,
golden,1206,seeds1,recovered,True,5.333464798,
golden,1206,seeds10,recovered,True,27.582526200999997,
golden,1207,seeds1,recovered,True,1.001895824,
golden,1207,seeds10,recovered,True,1.7410122999999997,
golden,1208,seeds1,recovered,True,5.753764712000001,
golden,1208,seeds10,recovered,True,19.353676672000002,
golden,1209,seeds1,recovered,True,1.228727657,
golden,1209,seeds10,recovered,True,3.8813102760000002,
golden,1210,seeds1,recovered,True,4.059505152,
golden,1210,seeds10,recovered,True,20.902851594,
golden,1211,seeds1,recovered,True,6.602024171999998,
golden,1211,seeds10,recovered,True,32.557030131000005,
golden,1212,seeds1,recovered,True,4.022973026000001,
golden,1212,seeds10,recovered,True,16.127133357,
golden,1213,seeds1,recovered,True,4.697377475000001,
golden,1213,seeds10,recovered,True,18.032061661,
golden,1214,seeds1,recovered,True,7.253282852,
golden,1214,seeds10,recovered,True,55.68538106599999,
golden,1215,seeds1,recovered,True,3.5105660709999995,
golden,1215,seeds10,recovered,True,14.92867978,
golden,1216,seeds1,recovered,True,1.9513206740000002,
golden,1216,seeds10,recovered,True,11.803237516,
golden,1217,seeds1,recovered,True,1.825106737,
golden,1217,seeds10,recovered,True,4.495026076,
golden,1218,seeds1,recovered,True,2.7131028839999995,
golden,1218,seeds10,recovered,True,8.368898772,
golden,1219,seeds1,recovered,True,2.090836395,
golden,1219,seeds10,recovered,True,6.117341798,
golden,1220,seeds1,recovered,True,2.859620153,
golden,1220,seeds10,recovered,True,13.370229026,
golden,1221,seeds1,recovered,True,10.105520414,
golden,1221,seeds10,recovered,True,82.780312194,
golden,1222,seeds1,recovered,True,5.290499676,
golden,1222,seeds10,recovered,True,21.045329584,
golden,1223,seeds1,recovered,True,1.5396371659999997,
golden,1223,seeds10,recovered,True,3.8230763130000005,
golden,1224,seeds1,recovered,True,1.4512464059999999,
golden,1224,seeds10,recovered,True,3.8197146309999996,
golden,1225,seeds1,recovered,True,6.372572773999999,
golden,1225,seeds10,recovered,True,33.120002025000005,
golden,1226,seeds1,recovered,True,17.021744945000002,
golden,1226,seeds10,recovered,True,170.472800158,
golden,1227,seeds1,recovered,True,17.807344442,
golden,1227,seeds10,recovered,True,169.416875318,
golden,1228,seeds1,not_recovered,True,10.494908249000002,
golden,1228,seeds10,not_recovered,True,73.904900485,
golden,1229,seeds1,recovered,True,28.464734956999997,
golden,1229,seeds10,recovered,True,252.02164719099997,
golden,1230,seeds1,recovered,True,21.570434561999996,
golden,1230,seeds10,recovered,True,121.10513259499997,
golden,1231,seeds1,recovered,True,9.613891788999998,
golden,1231,seeds10,recovered,True,62.29902328600001,
golden,1232,seeds1,recovered,True,17.389233308999998,
golden,1232,seeds10,recovered,True,166.027148068,
golden,1233,seeds1,recovered,True,9.843597059,
golden,1233,seeds10,recovered,True,60.498436662,
golden,1234,seeds1,recovered,True,9.060957212000002,
golden,1234,seeds10,recovered,True,51.664556690999994,
golden,1235,seeds1,recovered,True,10.859345113,
golden,1235,seeds10,recovered,True,54.11564885,
golden,1236,seeds1,recovered,True,8.236093399000001,
golden,1236,seeds10,recovered,True,41.80210486600001,
golden,1237,seeds1,recovered,True,3.2816459029999994,
golden,1237,seeds10,recovered,True,16.236000311999998,
golden,1238,seeds1,recovered,True,48.16049912199999,
golden,1238,seeds10,recovered,True,397.6548543079999,
golden,1239,seeds1,recovered,True,10.99186534,
golden,1239,seeds10,recovered,True,79.001674478,
golden,1240,seeds1,recovered,True,51.645372773,
golden,1240,seeds10,recovered,True,424.651312797,
golden,1241,seeds1,recovered,True,8.639404675000002,
golden,1241,seeds10,recovered,True,53.19065826700001,
golden,1242,seeds1,recovered,True,1.1203387599999997,
golden,1242,seeds10,recovered,True,2.3823983569999996,
golden,1243,seeds1,recovered,True,1.383640653,
golden,1243,seeds10,recovered,True,2.3654040949999997,
golden,1244,seeds1,recovered,True,2.150861622,
golden,1244,seeds10,recovered,True,7.059475915,
golden,1245,seeds1,recovered,True,2.4122427830000004,
golden,1245,seeds10,recovered,True,11.320207592999997,
golden,1246,seeds1,recovered,True,1.4053624990000002,
golden,1246,seeds10,recovered,True,3.512474938,
golden,1247,seeds1,recovered,True,4.174589697,
golden,1247,seeds10,recovered,True,21.240602398,
golden,1248,seeds1,recovered,True,1.053562376,
golden,1248,seeds10,recovered,True,1.8436929609999997,
golden,1249,seeds1,recovered,True,1.1258039979999999,
golden,1249,seeds10,recovered,True,2.318267853,
golden,1250,seeds1,recovered,True,1.253271335,
golden,1250,seeds10,recovered,True,1.910034465,
golden,1251,seeds1,recovered,True,1.253369874,
golden,1251,seeds10,recovered,True,1.7642873399999999,
golden,1252,seeds1,recovered,True,2.4697281110000002,
golden,1252,seeds10,recovered,True,6.360395699,
golden,1253,seeds1,recovered,True,2.3278130999999993,
golden,1253,seeds10,recovered,True,7.0075332050000005,
golden,1254,seeds1,recovered,True,1.9672905730000003,
golden,1254,seeds10,recovered,True,4.507802282999999,
golden,1255,seeds1,recovered,True,0.9565397099999998,
golden,1255,seeds10,recovered,True,1.199844892,
golden,1256,seeds1,recovered,True,22.641995699,
golden,1256,seeds10,recovered,True,180.55306304799998,
golden,1257,seeds1,recovered,True,1.2650449049999999,
golden,1257,seeds10,recovered,True,2.4935274730000003,
golden,1258,seeds1,recovered,True,5.087173364000002,
golden,1258,seeds10,recovered,True,28.271727651000003,
golden,1259,seeds1,recovered,True,1.015612349,
golden,1259,seeds10,recovered,True,1.5584066749999999,
golden,1260,seeds1,recovered,True,2.933823391,
golden,1260,seeds10,recovered,True,9.804517344,
golden,1261,seeds1,recovered,True,3.213657144,
golden,1261,seeds10,recovered,True,25.578644712000006,
golden,1262,seeds1,recovered,True,12.129385226,
golden,1262,seeds10,recovered,True,68.90637389300001,
golden,1263,seeds1,recovered,True,15.756239036999997,
golden,1263,seeds10,recovered,True,118.34302793300002,
golden,1264,seeds1,recovered,True,53.81081876499999,
golden,1264,seeds10,recovered,True,435.14708746099996,
golden,1265,seeds1,recovered,True,1.80913851,
golden,1265,seeds10,recovered,True,5.355496841,
golden,1266,seeds1,recovered,True,1.294034103,
golden,1266,seeds10,recovered,True,3.277406931,
golden,1267,seeds1,recovered,True,1.8866134679999995,
golden,1267,seeds10,recovered,True,4.574096379,
golden,1268,seeds1,recovered,True,8.585848548,
golden,1268,seeds10,recovered,True,68.99283210799999,
golden,1269,seeds1,recovered,True,1.470821645,
golden,1269,seeds10,recovered,True,3.1094655309999997,
golden,1270,seeds1,recovered,True,1.6387584009999998,
golden,1270,seeds10,recovered,True,3.0107787330000004,
golden,1271,seeds1,recovered,True,2.630459211,
golden,1271,seeds10,recovered,True,14.142635152999997,
golden,1272,seeds1,recovered,True,7.584827437,
golden,1272,seeds10,recovered,True,40.250185919,
golden,1273,seeds1,recovered,True,3.4196152119999996,
golden,1273,seeds10,recovered,True,22.420663118999997,
golden,1274,seeds1,recovered,True,1.9747501730000003,
golden,1274,seeds10,recovered,True,5.82625015,
golden,1275,seeds1,recovered,True,2.426821135,
golden,1275,seeds10,recovered,True,7.447014279999999,
golden,1276,seeds1,recovered,True,2.376013839,
golden,1276,seeds10,recovered,True,6.8942199550000005,
golden,1277,seeds1,recovered,True,13.575225143999997,
golden,1277,seeds10,recovered,True,60.846099579,
golden,1278,seeds1,recovered,True,1.575881286,
golden,1278,seeds10,recovered,True,3.9500584950000013,
golden,1279,seeds1,recovered,True,1.318172321,
golden,1279,seeds10,recovered,True,2.831618411,
golden,1280,seeds1,recovered,True,1.449104175,
golden,1280,seeds10,recovered,True,3.9288374490000004,
golden,1281,seeds1,recovered,True,3.6760092570000005,
golden,1281,seeds10,recovered,True,18.522255607,
golden,1282,seeds1,recovered,True,1.9832719339999998,
golden,1282,seeds10,recovered,True,5.929817773,
golden,1283,seeds1,recovered,True,1.450430361,
golden,1283,seeds10,recovered,True,3.8190463669999994,
golden,1284,seeds1,recovered,True,3.6669803310000004,
golden,1284,seeds10,recovered,True,28.320261104999997,
golden,1285,seeds1,not_recovered,True,1.4964633239999996,
golden,1285,seeds10,not_recovered,True,4.545515444,
golden,1286,seeds1,recovered,True,1.351813294,
golden,1286,seeds10,recovered,True,2.8706144499999997,
golden,1287,seeds1,recovered,True,5.714943691999999,
golden,1287,seeds10,recovered,True,51.304130604,
golden,1288,seeds1,recovered,True,9.703826043,
golden,1288,seeds10,recovered,True,41.805056582000006,
golden,1289,seeds1,recovered,True,1.9485728639999997,
golden,1289,seeds10,recovered,True,8.654513705,
golden,1290,seeds1,recovered,True,1.3703343819999998,
golden,1290,seeds10,recovered,True,3.6075002599999997,
golden,1291,seeds1,recovered,True,1.443860718,
golden,1291,seeds10,recovered,True,2.8851471319999993,
golden,1292,seeds1,recovered,True,2.0186449069999997,
golden,1292,seeds10,recovered,True,4.665085180999999,
golden,1293,seeds1,recovered,True,1.7996066519999998,
golden,1293,seeds10,recovered,True,5.01703439,
golden,1294,seeds1,recovered,True,1.517138277,
golden,1294,seeds10,recovered,True,4.116952946,
golden,1295,seeds1,recovered,True,1.332039532,
golden,1295,seeds10,recovered,True,3.7368151460000005,
golden,1296,seeds1,recovered,True,1.693650182,
golden,1296,seeds10,recovered,True,4.269280509,
golden,1297,seeds1,recovered,True,1.9448866410000005,
golden,1297,seeds10,recovered,True,6.523198988000001,
golden,1298,seeds1,recovered,True,1.701577508,
golden,1298,seeds10,recovered,True,5.429661349,
golden,1299,seeds1,recovered,True,2.372630187,
golden,1299,seeds10,recovered,True,7.175156515,
golden,1300,seeds1,recovered,True,2.0435227220000005,
golden,1300,seeds10,recovered,True,6.888399510000001,
golden,1301,seeds1,recovered,True,1.156742425,
golden,1301,seeds10,recovered,True,3.2053524289999995,
golden,1302,seeds1,recovered,True,1.4250856509999998,
golden,1302,seeds10,recovered,True,2.6115322869999997,
golden,1303,seeds1,recovered,True,1.9991989499999998,
golden,1303,seeds10,recovered,True,14.128636090999997,
golden,1304,seeds1,recovered,True,18.570531728000002,
golden,1304,seeds10,recovered,True,124.82866577200001,
golden,1305,seeds1,recovered,True,1.9113640979999997,
golden,1305,seeds10,recovered,True,6.065205238000001,
golden,1306,seeds1,recovered,True,4.683862493,
golden,1306,seeds10,recovered,True,29.345856466999997,
golden,1307,seeds1,recovered,True,4.5114992009999995,
golden,1307,seeds10,recovered,True,23.849914250000005,
golden,1308,seeds1,recovered,True,4.3777880399999995,
golden,1308,seeds10,recovered,True,19.589881252999998,
golden,1309,seeds1,recovered,True,1.70827916,
golden,1309,seeds10,recovered,True,5.272838898,
golden,1310,seeds1,recovered,True,4.645717421999999,
golden,1310,seeds10,recovered,True,25.213165461000006,
golden,1311,seeds1,recovered,True,2.447827578,
golden,1311,seeds10,recovered,True,15.774039084000002,
golden,1312,seeds1,recovered,True,4.4264094919999994,
golden,1312,seeds10,recovered,True,19.137319131000005,
golden,1313,seeds1,recovered,True,15.305649150999997,
golden,1313,seeds10,recovered,True,103.27317314000001,
golden,1314,seeds1,not_recovered,True,9.636815060999998,
golden,1314,seeds10,recovered,True,61.27596866199999,
golden,1315,seeds1,recovered,True,3.4949911049999995,
golden,1315,seeds10,recovered,True,19.904325194000002,
golden,1316,seeds1,recovered,True,1.1895819229999995,
golden,1316,seeds10,recovered,True,1.782830581,
golden,1317,seeds1,recovered,True,2.637650784,
golden,1317,seeds10,recovered,True,13.252317925,
golden,1318,seeds1,recovered,True,12.977216194,
golden,1318,seeds10,recovered,True,102.416364668,
golden,1319,seeds1,recovered,True,2.1348067139999998,
golden,1319,seeds10,recovered,True,8.515904626,
golden,1320,seeds1,recovered,True,1.6565146739999996,
golden,1320,seeds10,recovered,True,4.954403633999999,
golden,1321,seeds1,recovered,True,1.044196512,
golden,1321,seeds10,recovered,True,1.5399301960000003,
golden,1322,seeds1,recovered,True,1.2269693530000003,
golden,1322,seeds10,recovered,True,1.898178912,
golden,1323,seeds1,recovered,True,6.338025609,
golden,1323,seeds10,recovered,True,33.61206545900001,
golden,1324,seeds1,recovered,True,4.629499845,
golden,1324,seeds10,recovered,True,24.009356793,
golden,1325,seeds1,recovered,True,10.380836951,
golden,1325,seeds10,recovered,True,59.847645519000004,
golden,1326,seeds1,recovered,True,1.36795716,
golden,1326,seeds10,recovered,True,3.7447098839999997,
golden,1327,seeds1,recovered,True,7.268250135000001,
golden,1327,seeds10,recovered,True,44.263898472,
golden,1328,seeds1,recovered,True,1.9570065479999998,
golden,1328,seeds10,recovered,True,7.955553904,
golden,1329,seeds1,recovered,True,1.106288918,
golden,1329,seeds10,recovered,True,1.497499339,
golden,1330,seeds1,recovered,True,6.007753019000001,
golden,1330,seeds10,recovered,True,47.45741620999999,
golden,1331,seeds1,recovered,True,4.008400669,
golden,1331,seeds10,recovered,True,22.250501317999998,
golden,1332,seeds1,recovered,True,1.218034435,
golden,1332,seeds10,recovered,True,1.7749357209999999,
golden,1333,seeds1,recovered,True,2.9998858220000004,
golden,1333,seeds10,recovered,True,11.021361599999997,
golden,1334,seeds1,recovered,True,3.660441553,
golden,1334,seeds10,recovered,True,16.568714646999997,
golden,1335,seeds1,recovered,True,1.6468344229999996,
golden,1335,seeds10,recovered,True,4.367084371000001,
golden,1336,seeds1,recovered,True,2.097452338,
golden,1336,seeds10,recovered,True,9.150790724,
golden,1337,seeds1,recovered,True,1.6921294859999996,
golden,1337,seeds10,recovered,True,2.9076412289999998,
golden,1338,seeds1,recovered,True,1.3400556129999999,
golden,1338,seeds10,recovered,True,2.625584968,
golden,1339,seeds1,recovered,True,3.6387396490000006,
golden,1339,seeds10,recovered,True,20.225569747999998,
golden,1340,seeds1,recovered,True,1.059968503,
golden,1340,seeds10,recovered,True,1.5668884339999998,
golden,1341,seeds1,recovered,True,0.9267054499999998,
golden,1341,seeds10,recovered,True,1.5323135369999996,
golden,1342,seeds1,recovered,True,0.784200259,
golden,1342,seeds10,recovered,True,1.0303716069999997,
golden,1343,seeds1,recovered,True,1.3825709329999998,
golden,1343,seeds10,recovered,True,2.5358832579999997,
golden,1344,seeds1,recovered,True,1.1733700360000001,
golden,1344,seeds10,recovered,True,2.616784017,
golden,1345,seeds1,recovered,True,1.0141885060000004,
golden,1345,seeds10,recovered,True,1.46632322,
golden,1346,seeds1,recovered,True,1.5575507929999994,
golden,1346,seeds10,recovered,True,3.3638910589999993,
golden,1347,seeds1,recovered,True,1.2429352019999997,
golden,1347,seeds10,recovered,True,2.5455571509999997,
golden,1348,seeds1,recovered,True,1.289945646,
golden,1348,seeds10,recovered,True,2.3109595989999994,
golden,1349,seeds1,recovered,True,3.297295978,
golden,1349,seeds10,recovered,True,16.04318232,
golden,1350,seeds1,recovered,True,7.294448730000001,
golden,1350,seeds10,recovered,True,54.21721887699999,
golden,1351,seeds1,recovered,True,55.720945959000005,
golden,1351,seeds10,recovered,True,447.74407169499995,
golden,1352,seeds1,recovered,True,3.5088354080000004,
golden,1352,seeds10,recovered,True,32.658531727,
golden,1353,seeds1,recovered,True,3.713953295,
golden,1353,seeds10,recovered,True,15.111289003999996,
golden,1354,seeds1,recovered,True,1.2473836399999998,
golden,1354,seeds10,recovered,True,1.4892723079999999,
golden,1355,seeds1,recovered,True,0.923847222,
golden,1355,seeds10,recovered,True,1.195082096,
golden,1356,seeds1,recovered,True,2.6190074379999997,
golden,1356,seeds10,recovered,True,11.603038707,
golden,1357,seeds1,recovered,True,1.3030800900000001,
golden,1357,seeds10,recovered,True,5.795017936,
golden,1358,seeds1,not_recovered,True,51.258163558,
golden,1358,seeds10,unknown,True,397.091864889,
golden,1359,seeds1,recovered,True,10.539415788,
golden,1359,seeds10,recovered,True,69.57857342,
golden,1360,seeds1,recovered,True,14.560037318,
golden,1360,seeds10,recovered,True,133.516231469,
golden,1361,seeds1,recovered,True,76.13295456700001,
golden,1361,seeds10,recovered,True,741.8936501459999,
golden,1362,seeds1,recovered,True,22.553044357999998,
golden,1362,seeds10,recovered,True,189.224693729,
golden,1363,seeds1,recovered,True,3.070150794,
golden,1363,seeds10,recovered,True,10.458972047,
golden,1364,seeds1,recovered,True,1.6318599710000001,
golden,1364,seeds10,recovered,True,9.958320756,
golden,1365,seeds1,recovered,True,68.74517350900001,
golden,1365,seeds10,recovered,True,466.9123346559999,
golden,1366,seeds1,recovered,True,2.638551392,
golden,1366,seeds10,recovered,True,18.397067705999998,
golden,1367,seeds1,recovered,True,2.6058842729999996,
golden,1367,seeds10,recovered,True,14.620070769999998,
golden,1368,seeds1,recovered,True,14.882566161000002,
golden,1368,seeds10,recovered,True,125.665039635,
golden,1369,seeds1,recovered,True,38.947508635000005,
golden,1369,seeds10,recovered,True,365.58030771299997,
golden,1370,seeds1,recovered,True,17.633389775,
golden,1370,seeds10,recovered,True,119.02949718400001,
golden,1371,seeds1,recovered,True,5.3161260299999995,
golden,1371,seeds10,recovered,True,23.029490326,
golden,1372,seeds1,recovered,True,14.480199215999999,
golden,1372,seeds10,recovered,True,89.00596323900001,
golden,1373,seeds1,recovered,True,0.923091562,
golden,1373,seeds10,recovered,True,1.357402393,
golden,1374,seeds1,recovered,True,17.435572943,
golden,1374,seeds10,recovered,True,141.90400623100004,
golden,1375,seeds1,recovered,True,3.257475711999999,
golden,1375,seeds10,recovered,True,14.780236169,
golden,1376,seeds1,recovered,True,2.263415382,
golden,1376,seeds10,recovered,True,9.190150567,
golden,1377,seeds1,not_recovered,True,17.991594681,
golden,1377,seeds10,unknown,True,168.51301253000003,
golden,1378,seeds1,recovered,True,11.480262976999999,
golden,1378,seeds10,recovered,True,57.20376221,
golden,1379,seeds1,recovered,True,7.0357754240000006,
golden,1379,seeds10,recovered,True,25.417880648,
golden,1380,seeds1,recovered,True,28.494854165000003,
golden,1380,seeds10,recovered,True,262.830082043,
golden,1381,seeds1,recovered,True,4.490062732,
golden,1381,seeds10,recovered,True,21.419846959,
golden,1382,seeds1,recovered,True,8.892919871,
golden,1382,seeds10,recovered,True,67.01195466700001,
golden,1383,seeds1,recovered,True,11.714493252,
golden,1383,seeds10,recovered,True,88.12824875300001,
golden,1384,seeds1,not_recovered,True,6.846497139,
golden,1384,seeds10,recovered,True,40.849125656000005,
golden,1385,seeds1,recovered,True,8.759911696,
golden,1385,seeds10,recovered,True,70.45150992,
golden,1386,seeds1,recovered,True,607.3462713449999,
golden,1386,seeds10,recovered,False,,
golden,1387,seeds1,recovered,True,63.6963588,
golden,1387,seeds10,recovered,True,392.980390202,
golden,1388,seeds1,recovered,True,5.991146721,
golden,1388,seeds10,recovered,True,19.271875358000003,
golden,1389,seeds1,recovered,True,21.703595648,
golden,1389,seeds10,recovered,True,179.904972028,
golden,1390,seeds1,recovered,True,7.627963524,
golden,1390,seeds10,recovered,True,54.565718491000005,
golden,1391,seeds1,recovered,True,2.9179261629999997,
golden,1391,seeds10,recovered,True,9.103030001,
golden,1392,seeds1,recovered,True,92.692322041,
golden,1392,seeds10,recovered,True,809.0029684749999,
golden,1393,seeds1,recovered,True,7.632164124000001,
golden,1393,seeds10,recovered,True,54.308651721000004,
golden,1394,seeds1,recovered,True,2.533214427,
golden,1394,seeds10,recovered,True,9.048204922,
golden,1395,seeds1,recovered,True,12.430315871999998,
golden,1395,seeds10,recovered,True,105.35415135000001,
golden,1396,seeds1,recovered,True,21.912453858999996,
golden,1396,seeds10,recovered,True,178.24105753400002,
golden,1397,seeds1,recovered,True,2.979152747,
golden,1397,seeds10,recovered,True,9.535014847,
golden,1398,seeds1,recovered,True,10.786755055,
golden,1398,seeds10,recovered,True,77.2654655,
golden,1399,seeds1,recovered,True,2.232998535,
golden,1399,seeds10,recovered,True,6.651439323,
golden,1400,seeds1,recovered,True,9.147786463,
golden,1400,seeds10,recovered,True,54.28063184999999,
golden,1401,seeds1,recovered,True,5.9405573899999995,
golden,1401,seeds10,recovered,True,40.023298162,
golden,1402,seeds1,recovered,True,22.222039545,
golden,1402,seeds10,recovered,True,153.171166344,
golden,1403,seeds1,recovered,True,11.554980608000001,
golden,1403,seeds10,recovered,True,85.49259137899998,
golden,1404,seeds1,recovered,True,49.423349519,
golden,1404,seeds10,recovered,True,513.189470316,
golden,1405,seeds1,recovered,True,44.80884171299999,
golden,1405,seeds10,recovered,True,372.880825652,
golden,1406,seeds1,recovered,True,13.681481217,
golden,1406,seeds10,recovered,True,100.81417387999998,
golden,1407,seeds1,recovered,True,4.299829861999999,
golden,1407,seeds10,recovered,True,19.075312245,
golden,1408,seeds1,recovered,True,15.198903108,
golden,1408,seeds10,recovered,True,105.07094248,
golden,1409,seeds1,recovered,True,128.393239594,
golden,1409,seeds10,recovered,True,1187.1541269519998,
golden,1410,seeds1,recovered,True,66.489162395,
golden,1410,seeds10,recovered,True,555.927720314,
golden,1411,seeds1,recovered,True,6.238811684,
golden,1411,seeds10,recovered,True,45.372840442999994,
golden,1412,seeds1,recovered,True,20.173021859000002,
golden,1412,seeds10,recovered,True,148.869734573,
golden,1413,seeds1,recovered,True,32.425474672,
golden,1413,seeds10,recovered,True,186.57426552799998,
golden,1414,seeds1,recovered,True,35.92503370200001,
golden,1414,seeds10,recovered,True,284.795136021,
golden,1415,seeds1,recovered,True,7.798104823000001,
golden,1415,seeds10,recovered,True,57.548942379,
golden,1416,seeds1,recovered,True,3.3285116610000003,
golden,1416,seeds10,recovered,True,10.987346732000002,
golden,1417,seeds1,recovered,True,1.5416689169999997,
golden,1417,seeds10,recovered,True,3.0682948679999997,
golden,1418,seeds1,recovered,True,6.185296919000001,
golden,1418,seeds10,recovered,True,51.499153615999994,
golden,1419,seeds1,recovered,True,50.428208692,
golden,1419,seeds10,recovered,True,515.2639920680001,
golden,1420,seeds1,recovered,True,7.483704435999999,
golden,1420,seeds10,recovered,True,59.128165738,
golden,1421,seeds1,recovered,True,4.2493285279999995,
golden,1421,seeds10,recovered,True,24.34817944,
golden,1422,seeds1,recovered,True,5.950006981,
golden,1422,seeds10,recovered,True,28.237086562000002,
golden,1423,seeds1,recovered,True,4.016872393000001,
golden,1423,seeds10,recovered,True,13.798944837000002,
golden,1424,seeds1,recovered,True,15.929450833,
golden,1424,seeds10,recovered,True,104.14550163300001,
golden,1425,seeds1,recovered,True,5.292638838,
golden,1425,seeds10,recovered,True,30.553011202,
golden,1426,seeds1,recovered,True,14.473496165,
golden,1426,seeds10,recovered,True,129.814933495,
golden,1427,seeds1,recovered,True,1.858125691,
golden,1427,seeds10,recovered,True,5.33167697,
golden,1428,seeds1,recovered,True,3.263847271,
golden,1428,seeds10,recovered,True,17.492650895999997,
golden,1429,seeds1,recovered,True,49.965709425,
golden,1429,seeds10,recovered,True,327.773780834,
golden,1430,seeds1,recovered,True,19.272313222999998,
golden,1430,seeds10,recovered,True,97.269454865,
golden,1431,seeds1,recovered,True,2.538370259,
golden,1431,seeds10,recovered,True,8.179011437,
golden,1432,seeds1,recovered,True,14.451051657,
golden,1432,seeds10,recovered,True,116.37033936099999,
golden,1433,seeds1,recovered,True,13.627818555,
golden,1433,seeds10,recovered,True,93.80665560999999,
golden,1434,seeds1,recovered,True,5.62314996,
golden,1434,seeds10,recovered,True,27.08304351,
golden,1435,seeds1,recovered,True,4.0454416040000005,
golden,1435,seeds10,recovered,True,24.426049361,
golden,1436,seeds1,recovered,True,8.912336326,
golden,1436,seeds10,recovered,True,70.12318976699999,
golden,1437,seeds1,recovered,True,4.710071282,
golden,1437,seeds10,recovered,True,20.1377895,
golden,1438,seeds1,recovered,True,4.482069352999999,
golden,1438,seeds10,recovered,True,30.149672088000006,
golden,1439,seeds1,recovered,True,8.909091669999999,
golden,1439,seeds10,recovered,True,56.798944645999995,
golden,1440,seeds1,recovered,True,4.733846139000001,
golden,1440,seeds10,recovered,True,25.861371076000005,
golden,1441,seeds1,recovered,True,11.67079649,
golden,1441,seeds10,recovered,True,108.28002287500001,
golden,1442,seeds1,recovered,True,8.503340979,
golden,1442,seeds10,recovered,True,56.90586309999999,
golden,1443,seeds1,recovered,True,11.620465276,
golden,1443,seeds10,recovered,True,83.27442238200001,
golden,1444,seeds1,recovered,True,19.870999247999997,
golden,1444,seeds10,recovered,True,130.48684589799998,
golden,1445,seeds1,recovered,True,21.326406372999998,
golden,1445,seeds10,recovered,True,139.084143782,
golden,1446,seeds1,recovered,True,8.783109945,
golden,1446,seeds10,recovered,True,65.949772498,
golden,1447,seeds1,recovered,True,8.70224629,
golden,1447,seeds10,recovered,True,56.599186598,
golden,1448,seeds1,recovered,True,3.62321558,
golden,1448,seeds10,recovered,True,28.698100520999994,
golden,1449,seeds1,recovered,True,1.9029030030000003,
golden,1449,seeds10,recovered,True,7.952467302,
golden,1450,seeds1,recovered,True,2.3149166009999997,
golden,1450,seeds10,recovered,True,10.572936078000001,
golden,1451,seeds1,recovered,True,32.45298699600001,
golden,1451,seeds10,recovered,True,259.235671202,
golden,1452,seeds1,recovered,True,8.609870831,
golden,1452,seeds10,recovered,True,39.394696514,
golden,1453,seeds1,recovered,True,82.019716794,
golden,1453,seeds10,recovered,True,693.853617461,
golden,1454,seeds1,recovered,True,46.777314747999995,
golden,1454,seeds10,recovered,True,456.9143316399999,
golden,1455,seeds1,recovered,True,8.608880956,
golden,1455,seeds10,recovered,True,52.58446730100001,
golden,1456,seeds1,recovered,True,13.122496357,
golden,1456,seeds10,recovered,True,109.19449894499999,
golden,1457,seeds1,recovered,True,1.286375649,
golden,1457,seeds10,recovered,True,1.8538333890000005,
golden,1458,seeds1,recovered,True,1.7827831529999996,
golden,1458,seeds10,recovered,True,4.278466181,
golden,1459,seeds1,recovered,True,7.39984392,
golden,1459,seeds10,recovered,True,56.03013419,
golden,1460,seeds1,recovered,True,8.767255132999999,
golden,1460,seeds10,recovered,True,36.167332376000005,
golden,1461,seeds1,recovered,True,7.228570561,
golden,1461,seeds10,recovered,True,36.639074273999995,
golden,1462,seeds1,recovered,True,24.927783247999997,
golden,1462,seeds10,recovered,True,229.63375731899998,
golden,1463,seeds1,recovered,True,13.973378561,
golden,1463,seeds10,recovered,True,144.341705697,
golden,1464,seeds1,recovered,True,10.493532968000002,
golden,1464,seeds10,recovered,True,61.104434086999994,
golden,1465,seeds1,recovered,True,14.953129726,
golden,1465,seeds10,recovered,True,125.82650890100001,
golden,1466,seeds1,recovered,True,12.590329981,
golden,1466,seeds10,recovered,True,71.707088662,
golden,1467,seeds1,recovered,True,32.570625125,
golden,1467,seeds10,recovered,True,250.550983744,
golden,1468,seeds1,recovered,True,3.7395407310000004,
golden,1468,seeds10,recovered,True,18.644009853000004,
golden,1469,seeds1,recovered,True,12.922392804000001,
golden,1469,seeds10,recovered,True,74.714428308,
golden,1470,seeds1,recovered,True,2.630489789,
golden,1470,seeds10,recovered,True,19.549710325,
golden,1471,seeds1,recovered,True,1.9512539230000003,
golden,1471,seeds10,recovered,True,8.827652395999998,
golden,1472,seeds1,recovered,True,5.75385831,
golden,1472,seeds10,recovered,True,54.98639010899999,
golden,1473,seeds1,recovered,True,11.102060218,
golden,1473,seeds10,recovered,True,81.57220272199999,
golden,1474,seeds1,recovered,True,2.380598221,
golden,1474,seeds10,recovered,True,9.731462065999999,
golden,1475,seeds1,not_recovered,True,7.830934293,
golden,1475,seeds10,not_recovered,True,40.842861917,
golden,1476,seeds1,recovered,True,2.436957068,
golden,1476,seeds10,recovered,True,6.795283163,
golden,1477,seeds1,recovered,True,5.622037887,
golden,1477,seeds10,recovered,True,47.453885428,
golden,1478,seeds1,recovered,True,46.539568098000004,
golden,1478,seeds10,recovered,True,362.058452792,
golden,1479,seeds1,recovered,True,3.162220221,
golden,1479,seeds10,recovered,True,10.62003696,
golden,1480,seeds1,recovered,True,16.145080225,
golden,1480,seeds10,recovered,True,123.957706422,
golden,1481,seeds1,recovered,True,6.308406387,
golden,1481,seeds10,recovered,True,33.039952582999994,
golden,1482,seeds1,recovered,True,3.21636605,
golden,1482,seeds10,recovered,True,7.415141086,
golden,1483,seeds1,recovered,True,32.633274505,
golden,1483,seeds10,recovered,True,294.287658855,
golden,1484,seeds1,recovered,True,16.821967215,
golden,1484,seeds10,recovered,True,101.968259335,
golden,1485,seeds1,recovered,True,4.602824802,
golden,1485,seeds10,recovered,True,21.972283409000003,
golden,1486,seeds1,recovered,True,6.451852701,
golden,1486,seeds10,recovered,True,44.04715282899999,
golden,1487,seeds1,recovered,True,3.8129268410000003,
golden,1487,seeds10,recovered,True,15.341298433999999,
golden,1488,seeds1,recovered,True,34.477432978,
golden,1488,seeds10,recovered,True,309.42104810699993,
golden,1489,seeds1,recovered,True,11.600008489,
golden,1489,seeds10,recovered,True,88.98684874199999,
golden,1490,seeds1,recovered,True,26.639588517,
golden,1490,seeds10,recovered,True,241.158400364,
golden,1491,seeds1,recovered,True,15.072968368999998,
golden,1491,seeds10,recovered,True,144.091988346,
golden,1492,seeds1,recovered,True,8.881467158,
golden,1492,seeds10,recovered,True,49.820157081999994,
golden,1493,seeds1,recovered,True,65.4520889,
golden,1493,seeds10,recovered,True,609.5276627439999,
golden,1494,seeds1,recovered,True,2.675698806,
golden,1494,seeds10,recovered,True,15.269608512000001,
golden,1495,seeds1,recovered,True,10.343518108000001,
golden,1495,seeds10,recovered,True,72.91589299599998,
golden,1496,seeds1,recovered,True,2.2212350400000003,
golden,1496,seeds10,recovered,True,6.5673158240000005,
golden,1497,seeds1,recovered,True,5.35809606,
golden,1497,seeds10,recovered,True,31.603828630000002,
golden,1498,seeds1,recovered,True,1.134413668,
golden,1498,seeds10,recovered,True,1.8995495779999998,
golden,1499,seeds1,recovered,True,1.628613822,
golden,1499,seeds10,recovered,True,4.971869508,
golden,1500,seeds1,recovered,True,4.730263278,
golden,1500,seeds10,recovered,True,29.870725399,
golden,1501,seeds1,recovered,True,8.697061161,
golden,1501,seeds10,recovered,True,69.004556896,
golden,1502,seeds1,recovered,True,10.096230651,
golden,1502,seeds10,recovered,True,81.541673783,
golden,1503,seeds1,recovered,True,132.149150321,
golden,1503,seeds10,recovered,False,,
golden,1504,seeds1,recovered,True,140.01685199000002,
golden,1504,seeds10,recovered,True,1186.200034164,
golden,1505,seeds1,recovered,True,3.957074791,
golden,1505,seeds10,recovered,True,19.03314618,
golden,1506,seeds1,recovered,True,2.3257239699999994,
golden,1506,seeds10,recovered,True,6.503187628,
golden,1507,seeds1,recovered,True,1.959662476,
golden,1507,seeds10,recovered,True,5.338599739,
golden,1508,seeds1,recovered,True,3.3261556530000007,
golden,1508,seeds10,recovered,True,20.479408461,
golden,1509,seeds1,recovered,True,40.470136073,
golden,1509,seeds10,recovered,True,310.299395444,
golden,1510,seeds1,recovered,True,4.9511245420000005,
golden,1510,seeds10,recovered,True,30.651544809,
golden,1511,seeds1,recovered,True,5.429969077999999,
golden,1511,seeds10,recovered,True,29.812077769,
golden,1512,seeds1,recovered,True,18.475527248,
golden,1512,seeds10,recovered,True,85.547433424,
golden,1513,seeds1,recovered,True,13.77820573,
golden,1513,seeds10,recovered,True,126.573441174,
golden,1514,seeds1,recovered,True,15.521049635999997,
golden,1514,seeds10,recovered,True,159.39483085300003,
golden,1515,seeds1,recovered,True,8.137710363000002,
golden,1515,seeds10,recovered,True,60.41070952899999,
golden,1516,seeds1,recovered,True,44.587875306,
golden,1516,seeds10,recovered,True,466.74691639499997,
golden,1517,seeds1,recovered,True,17.384817379999998,
golden,1517,seeds10,recovered,True,102.018831649,
golden,1518,seeds1,recovered,True,26.268854566,
golden,1518,seeds10,recovered,True,209.101286008,
golden,1519,seeds1,recovered,True,14.195459545999999,
golden,1519,seeds10,recovered,True,104.29184856500001,
golden,1520,seeds1,recovered,True,21.579107397,
golden,1520,seeds10,recovered,True,179.206712467,
golden,1521,seeds1,recovered,True,1.7115745,
golden,1521,seeds10,recovered,True,5.261167888999999,
golden,1522,seeds1,recovered,True,16.617492321,
golden,1522,seeds10,recovered,True,174.168816355,
golden,1523,seeds1,recovered,True,22.289054249,
golden,1523,seeds10,recovered,True,138.047676793,
golden,1524,seeds1,recovered,True,7.780830331999999,
golden,1524,seeds10,recovered,True,51.23569220199999,
golden,1525,seeds1,recovered,True,11.141288141,
golden,1525,seeds10,recovered,True,85.78357924,
golden,1526,seeds1,recovered,True,13.485802863,
golden,1526,seeds10,recovered,True,137.831663432,
golden,1527,seeds1,recovered,True,13.47984785,
golden,1527,seeds10,recovered,True,107.339791991,
golden,1528,seeds1,recovered,True,10.778994626,
golden,1528,seeds10,recovered,True,86.01389798899999,
golden,1529,seeds1,recovered,True,12.209575273999999,
golden,1529,seeds10,recovered,True,94.061384029,
golden,1530,seeds1,recovered,True,18.082501092999998,
golden,1530,seeds10,recovered,True,114.82553976299997,
golden,1531,seeds1,recovered,True,6.930059723000001,
golden,1531,seeds10,recovered,True,47.20693342199999,
golden,1532,seeds1,recovered,True,10.800200005999997,
golden,1532,seeds10,recovered,True,89.74055234,
golden,1533,seeds1,recovered,True,19.647113350999998,
golden,1533,seeds10,recovered,True,158.89177167600002,
golden,1534,seeds1,recovered,True,14.932276562999999,
golden,1534,seeds10,recovered,True,147.235323066,
golden,1535,seeds1,recovered,True,20.321820377,
golden,1535,seeds10,recovered,True,121.32909696899998,
golden,1536,seeds1,recovered,True,14.51003758,
golden,1536,seeds10,recovered,True,150.00699435599998,
golden,1537,seeds1,recovered,True,4.345191778999999,
golden,1537,seeds10,recovered,True,20.538887034000002,
golden,1538,seeds1,recovered,True,4.933495308000001,
golden,1538,seeds10,recovered,True,34.08706539999999,
golden,1539,seeds1,recovered,True,9.827741383,
golden,1539,seeds10,recovered,True,70.194205685,
golden,1540,seeds1,recovered,True,3.2195176549999998,
golden,1540,seeds10,recovered,True,15.691342747000004,
golden,1541,seeds1,recovered,True,2.655591077,
golden,1541,seeds10,recovered,True,18.382481025999997,
golden,1542,seeds1,recovered,True,3.258656397,
golden,1542,seeds10,recovered,True,24.493672901999997,
golden,1543,seeds1,recovered,True,3.052711578,
golden,1543,seeds10,recovered,True,19.017087996,
golden,1544,seeds1,recovered,True,8.232909867,
golden,1544,seeds10,recovered,True,50.604515135999996,
golden,1545,seeds1,recovered,True,37.217488187,
golden,1545,seeds10,recovered,True,273.939182967,
golden,1546,seeds1,recovered,True,52.639884016,
golden,1546,seeds10,recovered,True,541.434939052,
golden,1547,seeds1,recovered,True,130.515762007,
golden,1547,seeds10,recovered,True,955.605436049,
golden,1548,seeds1,recovered,True,17.535027767000003,
golden,1548,seeds10,recovered,True,118.83957515199998,
golden,1549,seeds1,recovered,True,2.05636497,
golden,1549,seeds10,recovered,True,8.786209428000001,
golden,1550,seeds1,recovered,True,14.010708378,
golden,1550,seeds10,recovered,True,86.823682776,
golden,1551,seeds1,recovered,True,3.703037726999999,
golden,1551,seeds10,recovered,True,16.329431946,
golden,1552,seeds1,recovered,True,5.000470591999999,
golden,1552,seeds10,recovered,True,24.540013034,
golden,1553,seeds1,not_recovered,True,5.467876683000001,
golden,1553,seeds10,unknown,True,35.462635296,
golden,1554,seeds1,recovered,True,9.841223057,
golden,1554,seeds10,recovered,True,35.08212692899999,
golden,1555,seeds1,recovered,True,2.5894501759999997,
golden,1555,seeds10,recovered,True,14.377850327,
golden,1556,seeds1,recovered,True,5.261858736000001,
golden,1556,seeds10,recovered,True,26.773367367999995,
golden,1557,seeds1,recovered,True,5.311375078,
golden,1557,seeds10,recovered,True,29.774793576999997,
golden,1558,seeds1,recovered,True,67.68619048900001,
golden,1558,seeds10,recovered,True,659.449806994,
golden,1559,seeds1,recovered,True,48.005516472,
golden,1559,seeds10,recovered,True,415.604208347,
golden,1560,seeds1,recovered,True,19.78276578,
golden,1560,seeds10,recovered,True,130.15238168399998,
golden,1561,seeds1,recovered,True,241.88654501700003,
golden,1561,seeds10,recovered,False,,
golden,1562,seeds1,recovered,True,22.727156434,
golden,1562,seeds10,recovered,True,135.32665934599999,
golden,1563,seeds1,recovered,True,20.760472339000003,
golden,1563,seeds10,recovered,True,146.866621582,
golden,1564,seeds1,recovered,True,20.441512799999998,
golden,1564,seeds10,recovered,True,150.096756785,
golden,1565,seeds1,recovered,True,10.444311751999999,
golden,1565,seeds10,recovered,True,49.98778231199999,
golden,1566,seeds1,recovered,True,6.451742824,
golden,1566,seeds10,recovered,True,47.306431028000006,
golden,1567,seeds1,recovered,True,73.168252496,
golden,1567,seeds10,recovered,True,694.087211635,
golden,1568,seeds1,not_recovered,True,35.976996138,
golden,1568,seeds10,recovered,True,327.376186256,
golden,1569,seeds1,recovered,True,9.956515781,
golden,1569,seeds10,recovered,True,75.638594655,
golden,1570,seeds1,recovered,True,19.110608083000002,
golden,1570,seeds10,recovered,True,178.619047891,
golden,1571,seeds1,recovered,True,3.4467096,
golden,1571,seeds10,recovered,True,14.874354633999998,
golden,1572,seeds1,recovered,True,2.83815875,
golden,1572,seeds10,recovered,True,7.80999169,
golden,1573,seeds1,recovered,True,3.235674199,
golden,1573,seeds10,recovered,True,11.044894438999998,
golden,1574,seeds1,recovered,True,8.600169041,
golden,1574,seeds10,recovered,True,46.968081951,
golden,1575,seeds1,recovered,True,5.492754874,
golden,1575,seeds10,recovered,True,33.668411793999994,
golden,1576,seeds1,recovered,True,7.6172117319999995,
golden,1576,seeds10,recovered,True,33.994090313,
golden,1577,seeds1,recovered,True,48.921433293999996,
golden,1577,seeds10,recovered,True,476.0273831349999,
golden,1578,seeds1,recovered,True,19.685574636,
golden,1578,seeds10,recovered,True,161.149804596,
golden,1579,seeds1,recovered,True,3.680775053,
golden,1579,seeds10,recovered,True,19.074461397999997,
golden,1580,seeds1,recovered,True,1.3442030409999997,
golden,1580,seeds10,recovered,True,2.4968686809999996,
golden,1581,seeds1,recovered,True,25.237573693999998,
golden,1581,seeds10,recovered,True,181.021363917,
golden,1582,seeds1,recovered,True,9.418824165,
golden,1582,seeds10,recovered,True,43.677003918000004,
golden,1583,seeds1,recovered,True,2.466831977,
golden,1583,seeds10,recovered,True,12.295375888,
golden,1584,seeds1,recovered,True,27.968365947,
golden,1584,seeds10,recovered,True,196.88579238699998,
golden,1585,seeds1,recovered,True,39.932640361000004,
golden,1585,seeds10,recovered,True,286.452938555,
golden,1586,seeds1,recovered,True,158.61452960000003,
golden,1586,seeds10,recovered,True,1425.0501913419998,
golden,1587,seeds1,recovered,True,20.233533617000003,
golden,1587,seeds10,recovered,True,109.15337030299997,
golden,1588,seeds1,recovered,True,4.754556213999999,
golden,1588,seeds10,recovered,True,31.082898493,
golden,1589,seeds1,recovered,True,5.1228679669999995,
golden,1589,seeds10,recovered,True,32.819605549,
golden,1590,seeds1,recovered,True,11.989471894000001,
golden,1590,seeds10,recovered,True,76.83940197199999,
golden,1591,seeds1,recovered,True,24.345776182999998,
golden,1591,seeds10,recovered,True,167.288563448,
golden,1592,seeds1,recovered,True,69.286089877,
golden,1592,seeds10,recovered,True,1143.2481506600002,
golden,1593,seeds1,recovered,True,9.376892901,
golden,1593,seeds10,recovered,True,48.862835976000014,
golden,1594,seeds1,recovered,True,1.515279378,
golden,1594,seeds10,recovered,True,4.338375246999999,
golden,1595,seeds1,recovered,True,2.121800896,
golden,1595,seeds10,recovered,True,6.283617927,
golden,1596,seeds1,recovered,True,1.3861073240000001,
golden,1596,seeds10,recovered,True,2.985955574,
golden,1597,seeds1,recovered,True,7.200647918,
golden,1597,seeds10,recovered,True,39.971515956000005,
golden,1598,seeds1,recovered,True,1.5482879489999999,
golden,1598,seeds10,recovered,True,3.8281801709999996,
golden,1599,seeds1,recovered,True,50.917686548999995,
golden,1599,seeds10,recovered,True,504.269398758,
golden,1600,seeds1,recovered,True,7.672077107000002,
golden,1600,seeds10,recovered,True,44.355024861000004,
golden,1601,seeds1,recovered,True,2.803768259,
golden,1601,seeds10,recovered,True,13.429854674000001,
golden,1602,seeds1,recovered,True,2.2396664869999996,
golden,1602,seeds10,recovered,True,7.277783692,
golden,1603,seeds1,recovered,True,3.7761635439999996,
golden,1603,seeds10,recovered,True,20.529063131999997,
golden,1604,seeds1,recovered,True,5.871947463,
golden,1604,seeds10,recovered,True,24.201612725000004,
golden,1605,seeds1,recovered,True,7.314224986000002,
golden,1605,seeds10,recovered,True,51.062173902000005,
golden,1606,seeds1,recovered,True,205.669264875,
golden,1606,seeds10,recovered,False,,
golden,1607,seeds1,recovered,True,19.369563685000003,
golden,1607,seeds10,recovered,True,160.321286593,
golden,1608,seeds1,recovered,True,3.680199121,
golden,1608,seeds10,recovered,True,19.767955371,
golden,1609,seeds1,recovered,True,6.6519071599999995,
golden,1609,seeds10,recovered,True,32.595181728,
golden,1610,seeds1,recovered,True,12.027962321,
golden,1610,seeds10,recovered,True,81.283368745,
golden,1611,seeds1,recovered,True,3.235761665,
golden,1611,seeds10,recovered,True,18.968189478,
golden,1612,seeds1,recovered,True,5.250214187,
golden,1612,seeds10,recovered,True,26.030692058000007,
golden,1613,seeds1,recovered,True,2.325292936,
golden,1613,seeds10,recovered,True,9.972148256999997,
golden,1614,seeds1,recovered,True,3.590458122,
golden,1614,seeds10,recovered,True,15.132186541000001,
golden,1615,seeds1,recovered,True,1.7673228559999996,
golden,1615,seeds10,recovered,True,6.1621194379999995,
golden,1616,seeds1,recovered,True,3.785725584,
golden,1616,seeds10,recovered,True,20.205858024999998,
golden,1617,seeds1,recovered,True,8.787508849999998,
golden,1617,seeds10,recovered,True,70.05571664200001,
golden,1618,seeds1,recovered,True,1.5166873509999999,
golden,1618,seeds10,recovered,True,4.136654678,
golden,1619,seeds1,recovered,True,1.327765688,
golden,1619,seeds10,recovered,True,2.7913116909999998,
golden,1620,seeds1,recovered,True,3.75309416,
golden,1620,seeds10,recovered,True,19.215452069999998,
golden,1621,seeds1,recovered,True,12.364582111,
golden,1621,seeds10,recovered,True,109.65279917700002,
golden,1622,seeds1,recovered,True,10.969149336999998,
golden,1622,seeds10,recovered,True,54.19790212599999,
golden,1623,seeds1,recovered,True,14.795335771,
golden,1623,seeds10,recovered,True,130.917670198,
golden,1624,seeds1,recovered,True,75.18855467900002,
golden,1624,seeds10,recovered,True,683.1620612760003,
golden,1625,seeds1,recovered,True,13.569152824,
golden,1625,seeds10,recovered,True,77.90009615400001,
golden,1626,seeds1,recovered,True,15.96594427,
golden,1626,seeds10,recovered,True,117.69129115700001,
golden,1627,seeds1,recovered,True,10.720719225000002,
golden,1627,seeds10,recovered,True,47.895218638,
golden,1628,seeds1,recovered,True,8.185543842000001,
golden,1628,seeds10,recovered,True,65.062452659,
golden,1629,seeds1,recovered,True,14.890854435000001,
golden,1629,seeds10,recovered,True,117.22261157599999,
golden,1630,seeds1,recovered,True,3.7489606599999994,
golden,1630,seeds10,recovered,True,15.026640207000002,
golden,1631,seeds1,recovered,True,4.354602935000001,
golden,1631,seeds10,recovered,True,18.252738167,
golden,1632,seeds1,recovered,True,4.975451512999999,
golden,1632,seeds10,recovered,True,22.182697513,
golden,1633,seeds1,recovered,True,1.6344156099999998,
golden,1633,seeds10,recovered,True,4.200113182999999,
golden,1634,seeds1,recovered,True,31.527465711000005,
golden,1634,seeds10,recovered,True,265.191336989,
golden,1635,seeds1,recovered,True,22.587223944,
golden,1635,seeds10,recovered,True,180.68845103700005,
golden,1636,seeds1,recovered,True,249.65723223199998,
golden,1636,seeds10,recovered,True,1219.3495894750001,
golden,1637,seeds1,recovered,True,36.232903715999996,
golden,1637,seeds10,recovered,True,318.82467197999995,
golden,1638,seeds1,recovered,True,134.483973626,
golden,1638,seeds10,recovered,True,533.992035057,
golden,1639,seeds1,recovered,True,31.882420623999995,
golden,1639,seeds10,recovered,True,260.5825615769999,
golden,1640,seeds1,recovered,True,22.368378524,
golden,1640,seeds10,recovered,True,92.103775981,
golden,1641,seeds1,recovered,True,1.9993161680000002,
golden,1641,seeds10,recovered,True,6.692936506000001,
golden,1642,seeds1,recovered,True,18.957389983,
golden,1642,seeds10,recovered,True,128.95849851900002,
golden,1643,seeds1,recovered,True,41.09239074999999,
golden,1643,seeds10,recovered,True,312.44034811200004,
golden,1644,seeds1,recovered,True,10.667214229,
golden,1644,seeds10,recovered,True,77.528902307,
golden,1645,seeds1,recovered,True,25.439643146999998,
golden,1645,seeds10,recovered,True,199.843392814,
golden,1646,seeds1,recovered,True,13.744020181000002,
golden,1646,seeds10,recovered,True,108.64139749499999,
golden,1647,seeds1,recovered,True,105.893776287,
golden,1647,seeds10,recovered,True,856.6340963499999,
golden,1648,seeds1,recovered,True,8.286861923,
golden,1648,seeds10,recovered,True,51.986080912000006,
golden,1649,seeds1,recovered,True,17.881563974000002,
golden,1649,seeds10,recovered,True,125.889295986,
golden,1650,seeds1,recovered,True,2.312470779,
golden,1650,seeds10,recovered,True,8.801286902,
golden,1651,seeds1,recovered,True,73.7526484,
golden,1651,seeds10,recovered,True,699.6058385509999,
golden,1652,seeds1,recovered,True,4.378901647999999,
golden,1652,seeds10,recovered,True,25.293359132,
golden,1653,seeds1,recovered,True,9.169143035,
golden,1653,seeds10,recovered,True,58.33985803800001,
golden,1654,seeds1,recovered,True,59.631840811,
golden,1654,seeds10,recovered,True,515.127079722,
golden,1655,seeds1,recovered,True,81.747165419,
golden,1655,seeds10,recovered,True,667.7516839599999,
golden,1656,seeds1,recovered,True,41.186726494,
golden,1656,seeds10,recovered,True,283.8574866260001,
golden,1657,seeds1,recovered,True,83.70558350499999,
golden,1657,seeds10,recovered,True,635.0384094200001,
golden,1658,seeds1,recovered,True,46.073394717999996,
golden,1658,seeds10,recovered,True,473.84573704299993,
golden,1659,seeds1,recovered,True,48.621100309999996,
golden,1659,seeds10,recovered,True,351.15932506699994,
golden,1660,seeds1,recovered,True,113.419507966,
golden,1660,seeds10,recovered,True,1048.453933434,
golden,1661,seeds1,recovered,True,70.183479713,
golden,1661,seeds10,recovered,True,584.3935288669999,
golden,1662,seeds1,recovered,True,27.940594461,
golden,1662,seeds10,recovered,True,177.539789884,
golden,1663,seeds1,recovered,True,1.5904330350000002,
golden,1663,seeds10,recovered,True,4.357629258,
golden,1664,seeds1,recovered,True,12.532549811000003,
golden,1664,seeds10,recovered,True,115.349544607,
golden,1665,seeds1,recovered,True,25.633650332999995,
golden,1665,seeds10,recovered,True,118.385470096,
golden,1666,seeds1,recovered,True,5.695686394999999,
golden,1666,seeds10,recovered,True,33.337885424999996,
golden,1667,seeds1,recovered,True,111.883492837,
golden,1667,seeds10,recovered,False,,
golden,1668,seeds1,recovered,True,54.853773992,
golden,1668,seeds10,recovered,True,486.0169388590001,
golden,1669,seeds1,recovered,True,2.0352929429999995,
golden,1669,seeds10,recovered,True,5.756980861000001,
golden,1670,seeds1,recovered,True,13.602985783999998,
golden,1670,seeds10,recovered,True,77.46377164200001,
golden,1671,seeds1,recovered,True,105.069567479,
golden,1671,seeds10,recovered,True,739.1984239819999,
golden,1672,seeds1,recovered,True,1.3650402679999998,
golden,1672,seeds10,recovered,True,3.3192760819999996,
golden,1673,seeds1,recovered,True,1.8928557169999998,
golden,1673,seeds10,recovered,True,5.008716399,
golden,1674,seeds1,recovered,True,25.264103979999994,
golden,1674,seeds10,recovered,True,135.35442443999997,
golden,1675,seeds1,recovered,True,6.956619313,
golden,1675,seeds10,recovered,True,59.416934655000006,
golden,1676,seeds1,recovered,True,1.0977166619999998,
golden,1676,seeds10,recovered,True,1.9607401109999998,
golden,1677,seeds1,recovered,True,41.530256846,
golden,1677,seeds10,recovered,True,321.435959958,
golden,1678,seeds1,recovered,True,21.521964672,
golden,1678,seeds10,recovered,True,153.716555413,
golden,1679,seeds1,recovered,True,14.145231634,
golden,1679,seeds10,recovered,True,101.147187834,
golden,1680,seeds1,recovered,True,12.909907802000001,
golden,1680,seeds10,recovered,True,72.52714213500002,
golden,1681,seeds1,recovered,True,15.379938923000001,
golden,1681,seeds10,recovered,True,129.300585759,
golden,1682,seeds1,recovered,True,80.353129522,
golden,1682,seeds10,recovered,True,659.2909892289999,
golden,1683,seeds1,recovered,True,57.30442347999999,
golden,1683,seeds10,recovered,True,480.13623244400003,
golden,1684,seeds1,recovered,True,5.093485383000001,
golden,1684,seeds10,recovered,True,22.522391589999998,
golden,1685,seeds1,recovered,True,10.535608687,
golden,1685,seeds10,recovered,True,86.34186012900001,
golden,1686,seeds1,recovered,True,8.84158445,
golden,1686,seeds10,recovered,True,66.658830365,
golden,1687,seeds1,recovered,True,176.361739181,
golden,1687,seeds10,recovered,True,1522.833053021,
golden,1688,seeds1,recovered,True,141.878209178,
golden,1688,seeds10,recovered,True,1509.7455113330002,
golden,1689,seeds1,recovered,True,81.173758374,
golden,1689,seeds10,recovered,True,705.5178362270001,
golden,1690,seeds1,recovered,True,174.930718755,
golden,1690,seeds10,recovered,True,1658.8527164900001,
golden,1691,seeds1,recovered,True,113.80893565,
golden,1691,seeds10,recovered,False,,
golden,1692,seeds1,recovered,True,16.560829222000002,
golden,1692,seeds10,recovered,True,125.898633495,
golden,1693,seeds1,recovered,True,74.62253033,
golden,1693,seeds10,recovered,True,731.096067424,
golden,1694,seeds1,recovered,True,168.220493705,
golden,1694,seeds10,recovered,False,,
golden,1695,seeds1,recovered,True,95.369518141,
golden,1695,seeds10,recovered,True,673.7384192460001,
golden,1696,seeds1,recovered,True,73.369694114,
golden,1696,seeds10,recovered,True,625.201208233,
golden,1697,seeds1,recovered,True,9.031974938,
golden,1697,seeds10,recovered,True,57.43780055599999,
golden,1698,seeds1,recovered,True,75.120995111,
golden,1698,seeds10,recovered,True,602.488658273,
golden,1699,seeds1,recovered,True,1.5737483829999999,
golden,1699,seeds10,recovered,True,5.350968687999999,
golden,1700,seeds1,recovered,True,1.253297409,
golden,1700,seeds10,recovered,True,3.8523668900000003,
golden,1701,seeds1,recovered,True,5.087078641,
golden,1701,seeds10,recovered,True,24.302011745999998,
golden,1702,seeds1,recovered,True,217.87940938699995,
golden,1702,seeds10,recovered,True,2029.076490559,
golden,1703,seeds1,recovered,True,17.4914913,
golden,1703,seeds10,recovered,True,194.02862288900002,
golden,1704,seeds1,recovered,True,34.568879187,
golden,1704,seeds10,recovered,True,288.50113109200004,
golden,1705,seeds1,recovered,True,40.004071524000004,
golden,1705,seeds10,recovered,True,282.874271355,
golden,1706,seeds1,recovered,True,9.873957525999998,
golden,1706,seeds10,recovered,True,72.680059707,
golden,1707,seeds1,recovered,True,106.98632028700001,
golden,1707,seeds10,recovered,True,689.152779971,
golden,1708,seeds1,recovered,True,1.5409061720000001,
golden,1708,seeds10,recovered,True,2.9638838809999997,
golden,1709,seeds1,recovered,True,2.384948852,
golden,1709,seeds10,recovered,True,14.968863723,
golden,1710,seeds1,recovered,True,1.013452681,
golden,1710,seeds10,recovered,True,1.5521325679999998,
golden,1711,seeds1,recovered,True,7.934252363000001,
golden,1711,seeds10,recovered,True,30.801602619,
golden,1712,seeds1,recovered,True,8.770894375,
golden,1712,seeds10,recovered,True,59.32044632499999,
golden,1713,seeds1,recovered,True,14.284505796999998,
golden,1713,seeds10,recovered,True,102.78176017200002,
golden,1714,seeds1,recovered,True,2.73054061,
golden,1714,seeds10,recovered,True,10.152356451000001,
golden,1715,seeds1,recovered,True,24.832175461,
golden,1715,seeds10,recovered,True,243.12429237100002,
golden,1716,seeds1,recovered,True,24.776290648,
golden,1716,seeds10,recovered,True,191.836407623,
golden,1717,seeds1,recovered,True,8.890335624,
golden,1717,seeds10,recovered,True,66.613940745,
golden,1718,seeds1,recovered,True,15.827646785000002,
golden,1718,seeds10,recovered,True,144.948790138,
golden,1719,seeds1,recovered,True,4.821396831,
golden,1719,seeds10,recovered,True,25.695555651000006,
golden,1720,seeds1,recovered,True,12.497180979,
golden,1720,seeds10,recovered,True,93.59696164799999,
golden,1721,seeds1,recovered,True,37.997514259,
golden,1721,seeds10,recovered,True,381.962632967,
golden,1722,seeds1,recovered,True,101.072553261,
golden,1722,seeds10,recovered,True,702.7226239470001,
golden,1723,seeds1,recovered,True,94.34572092799999,
golden,1723,seeds10,recovered,True,818.5723732199999,
golden,1724,seeds1,recovered,True,107.58066005900002,
golden,1724,seeds10,recovered,True,935.6487288449999,
golden,1725,seeds1,recovered,True,1.4813101339999994,
golden,1725,seeds10,recovered,True,2.774421628,
golden,1726,seeds1,recovered,True,1.1496178299999997,
golden,1726,seeds10,recovered,True,2.8344182399999993,
golden,1727,seeds1,recovered,True,1.5654361669999997,
golden,1727,seeds10,recovered,True,3.506475449,
golden,1728,seeds1,recovered,True,3.245029573,
golden,1728,seeds10,recovered,True,13.886911399999999,
golden,1729,seeds1,recovered,True,3.8121498950000006,
golden,1729,seeds10,recovered,True,26.017331093,
golden,1730,seeds1,recovered,True,8.388764418000001,
golden,1730,seeds10,recovered,True,54.152498446,
golden,1731,seeds1,recovered,True,4.921283272,
golden,1731,seeds10,recovered,True,26.05054433,
golden,1732,seeds1,recovered,True,17.567638439,
golden,1732,seeds10,recovered,True,121.624288509,
golden,1733,seeds1,recovered,True,1.242049367,
golden,1733,seeds10,recovered,True,2.4443411540000004,
golden,1734,seeds1,recovered,True,3.220397496,
golden,1734,seeds10,recovered,True,19.214148390000002,
golden,1735,seeds1,recovered,True,5.115623026,
golden,1735,seeds10,recovered,True,39.598244438,
golden,1736,seeds1,recovered,True,6.291449436,
golden,1736,seeds10,recovered,True,30.243677673999997,
golden,1737,seeds1,recovered,True,3.8705604859999996,
golden,1737,seeds10,recovered,True,15.161168054000001,
golden,1738,seeds1,recovered,True,6.241846252,
golden,1738,seeds10,recovered,True,30.480497560000003,
golden,1739,seeds1,recovered,True,2.1251553579999998,
golden,1739,seeds10,recovered,True,7.3116788239999995,
golden,1740,seeds1,recovered,True,2.106866915,
golden,1740,seeds10,recovered,True,8.286512356,
golden,1741,seeds1,recovered,True,4.068134203,
golden,1741,seeds10,recovered,True,24.270753462,
golden,1742,seeds1,recovered,True,6.4877612760000005,
golden,1742,seeds10,recovered,True,36.417098941999996,
golden,1743,seeds1,recovered,True,8.347568286000001,
golden,1743,seeds10,recovered,True,54.03349610699999,
golden,1744,seeds1,recovered,True,16.503578366,
golden,1744,seeds10,recovered,True,109.72215775699999,
golden,1745,seeds1,recovered,True,2.432086106,
golden,1745,seeds10,recovered,True,9.817997836,
golden,1746,seeds1,recovered,True,68.54064830800002,
golden,1746,seeds10,recovered,True,570.8134627899999,
golden,1747,seeds1,recovered,True,12.058572925,
golden,1747,seeds10,recovered,True,72.295233518,
golden,1748,seeds1,recovered,True,9.066240707,
golden,1748,seeds10,recovered,True,62.25421098799999,
golden,1749,seeds1,recovered,True,37.747746015,
golden,1749,seeds10,recovered,True,294.27694505600005,
golden,1750,seeds1,recovered,True,30.193100442000006,
golden,1750,seeds10,recovered,True,256.09477923799994,
golden,1751,seeds1,recovered,True,3.99966478,
golden,1751,seeds10,recovered,True,15.104258146,
golden,1752,seeds1,recovered,True,6.897260209000001,
golden,1752,seeds10,recovered,True,46.681821649,
golden,1753,seeds1,recovered,True,8.549145909,
golden,1753,seeds10,recovered,True,51.10780135900001,
golden,1754,seeds1,recovered,True,1.61860442,
golden,1754,seeds10,recovered,True,4.865000927999999,
golden,1755,seeds1,recovered,True,59.053670299,
golden,1755,seeds10,recovered,True,432.308249383,
golden,1756,seeds1,recovered,True,134.23940413900002,
golden,1756,seeds10,recovered,True,1590.4758434980001,
golden,1757,seeds1,recovered,True,18.588050419,
golden,1757,seeds10,recovered,True,127.014007416,
golden,1758,seeds1,recovered,True,36.552886647,
golden,1758,seeds10,recovered,True,279.46805316599995,
golden,1759,seeds1,recovered,True,4.469945908,
golden,1759,seeds10,recovered,True,26.619282699000003,
golden,1760,seeds1,recovered,True,14.220351597,
golden,1760,seeds10,recovered,True,129.765644822,
golden,1761,seeds1,recovered,True,7.901678234,
golden,1761,seeds10,recovered,True,57.48637347499999,
golden,1762,seeds1,recovered,True,34.844045091,
golden,1762,seeds10,recovered,True,271.280887665,
golden,1763,seeds1,recovered,True,101.62099367599998,
golden,1763,seeds10,recovered,True,789.3846452470001,
golden,1764,seeds1,recovered,True,48.88631071999999,
golden,1764,seeds10,recovered,True,438.998883217,
golden,1765,seeds1,recovered,True,4.53024835,
golden,1765,seeds10,recovered,True,22.147359349000002,
golden,1766,seeds1,recovered,True,8.194480173,
golden,1766,seeds10,recovered,True,37.991426709,
golden,1767,seeds1,recovered,True,6.804655385,
golden,1767,seeds10,recovered,True,27.518747027000003,
golden,1768,seeds1,recovered,True,27.053227363,
golden,1768,seeds10,recovered,True,200.43344211499996,
golden,1769,seeds1,recovered,True,1.6773773239999998,
golden,1769,seeds10,recovered,True,3.2947189550000004,
golden,1770,seeds1,recovered,True,1.9331544429999998,
golden,1770,seeds10,recovered,True,6.740178580000001,
golden,1771,seeds1,recovered,True,12.239093122,
golden,1771,seeds10,recovered,True,84.218027395,
golden,1772,seeds1,recovered,True,55.247955921999996,
golden,1772,seeds10,recovered,True,483.8078335739999,
golden,1773,seeds1,recovered,True,22.582810943000002,
golden,1773,seeds10,recovered,True,228.58586629599995,
golden,1774,seeds1,recovered,True,20.464373351,
golden,1774,seeds10,recovered,True,162.61192124000004,
golden,1775,seeds1,recovered,True,22.602992209,
golden,1775,seeds10,recovered,True,181.798835243,
golden,1776,seeds1,recovered,True,45.300016181000004,
golden,1776,seeds10,recovered,True,372.298011191,
golden,1777,seeds1,recovered,True,46.11314347199999,
golden,1777,seeds10,recovered,True,428.7001726479999,
golden,1778,seeds1,recovered,True,14.142423915999998,
golden,1778,seeds10,recovered,True,83.481046695,
golden,1779,seeds1,recovered,True,19.92700705,
golden,1779,seeds10,recovered,True,107.819492438,
golden,1780,seeds1,recovered,True,22.526798577999998,
golden,1780,seeds10,recovered,True,142.04445605900003,
golden,1781,seeds1,recovered,True,4.099760073000001,
golden,1781,seeds10,recovered,True,19.746963857999997,
golden,1782,seeds1,recovered,True,15.053581711,
golden,1782,seeds10,recovered,True,90.30528125599999,
golden,1783,seeds1,recovered,True,18.943201251000005,
golden,1783,seeds10,recovered,True,162.27126988900005,
golden,1784,seeds1,recovered,True,12.042934545,
golden,1784,seeds10,recovered,True,63.41205378600001,
golden,1785,seeds1,recovered,True,8.680341021,
golden,1785,seeds10,recovered,True,73.70946244599999,
golden,1786,seeds1,recovered,True,40.13040727800001,
golden,1786,seeds10,unknown,True,355.6723058189999,
golden,1787,seeds1,recovered,True,5.607042740999999,
golden,1787,seeds10,recovered,True,26.045979552999995,
golden,1788,seeds1,recovered,True,2.374619052,
golden,1788,seeds10,recovered,True,11.087426896,
golden,1789,seeds1,recovered,True,8.473829681000002,
golden,1789,seeds10,recovered,True,40.017456728,
golden,1790,seeds1,recovered,True,8.218071277,
golden,1790,seeds10,recovered,True,34.253847027,
golden,1791,seeds1,recovered,True,12.380365255999997,
golden,1791,seeds10,recovered,True,107.47771856700001,
golden,1792,seeds1,recovered,True,4.954719184,
golden,1792,seeds10,recovered,True,30.500059604,
golden,1793,seeds1,recovered,True,369.59625465299996,
golden,1793,seeds10,recovered,False,,
golden,1794,seeds1,recovered,True,4.8029404630000005,
golden,1794,seeds10,recovered,True,18.779161476,
golden,1795,seeds1,recovered,True,33.130937226,
golden,1795,seeds10,recovered,True,315.055544887,
golden,1796,seeds1,recovered,True,17.679233163000003,
golden,1796,seeds10,recovered,True,153.86811576300002,
golden,1797,seeds1,recovered,True,30.212712721999996,
golden,1797,seeds10,recovered,True,307.69133483400003,
golden,1798,seeds1,recovered,True,91.433880234,
golden,1798,seeds10,recovered,True,805.9207519160001,
golden,1799,seeds1,recovered,True,701.902964151,
golden,1799,seeds10,unknown,False,,
golden,1800,seeds1,recovered,True,93.410017348,
golden,1800,seeds10,recovered,True,743.9199655120001,
golden,1801,seeds1,recovered,True,126.65734185400001,
golden,1801,seeds10,recovered,True,985.651783785,
golden,1802,seeds1,recovered,True,10.850739904,
golden,1802,seeds10,recovered,True,74.492397945,
golden,1803,seeds1,recovered,True,3.2771385690000003,
golden,1803,seeds10,recovered,True,14.347508307,
golden,1804,seeds1,recovered,True,2.131792627,
golden,1804,seeds10,recovered,True,7.669805764999999,
golden,1805,seeds1,recovered,True,2.1535882429999997,
golden,1805,seeds10,recovered,True,9.049898216999999,
golden,1806,seeds1,recovered,True,30.401276523,
golden,1806,seeds10,recovered,True,207.58933990399998,
golden,1807,seeds1,recovered,True,9.533455146,
golden,1807,seeds10,recovered,True,66.61955801399999,
golden,1808,seeds1,recovered,True,15.823793940999998,
golden,1808,seeds10,recovered,True,133.31411709600002,
golden,1809,seeds1,recovered,True,24.553532860999997,
golden,1809,seeds10,recovered,True,161.26426544999998,
golden,1810,seeds1,recovered,True,7.003720819000001,
golden,1810,seeds10,recovered,True,54.928674935999986,
golden,1811,seeds1,recovered,True,10.705997790000001,
golden,1811,seeds10,recovered,True,72.654953028,
golden,1812,seeds1,recovered,True,12.508285428,
golden,1812,seeds10,recovered,True,77.355239332,
golden,1813,seeds1,recovered,True,1.940759219,
golden,1813,seeds10,recovered,True,4.265408321999999,
golden,1814,seeds1,recovered,True,5.551116390999999,
golden,1814,seeds10,recovered,True,33.186741843,
golden,1815,seeds1,recovered,True,5.1863242199999995,
golden,1815,seeds10,recovered,True,38.187509422000005,
golden,1816,seeds1,recovered,True,15.935438731999998,
golden,1816,seeds10,recovered,True,99.17178093,
golden,1817,seeds1,recovered,True,5.256300702999999,
golden,1817,seeds10,recovered,True,29.612364238999998,
golden,1818,seeds1,recovered,True,3.7498192550000002,
golden,1818,seeds10,recovered,True,18.098148826,
golden,1819,seeds1,recovered,True,1.7027102959999998,
golden,1819,seeds10,recovered,True,3.985388701999999,
golden,1820,seeds1,recovered,True,1.2536671900000003,
golden,1820,seeds10,recovered,True,4.017816825,
golden,1821,seeds1,recovered,True,21.497528524000003,
golden,1821,seeds10,recovered,True,169.03301724799996,
golden,1822,seeds1,recovered,True,6.821621671000001,
golden,1822,seeds10,recovered,True,37.170972027999994,
golden,1823,seeds1,recovered,True,509.481533233,
golden,1823,seeds10,unknown,False,,
golden,1824,seeds1,recovered,True,1.768291043,
golden,1824,seeds10,recovered,True,3.9130414960000004,
golden,1825,seeds1,recovered,True,1.659839006,
golden,1825,seeds10,recovered,True,4.265893312999999,
golden,1826,seeds1,recovered,True,1.8232346579999996,
golden,1826,seeds10,recovered,True,3.325936168,
golden,1827,seeds1,recovered,True,1.6783421180000002,
golden,1827,seeds10,recovered,True,2.8377529939999997,
golden,1828,seeds1,recovered,True,1.7472956419999996,
golden,1828,seeds10,recovered,True,4.770227799000001,
golden,1829,seeds1,recovered,True,1.3087939419999999,
golden,1829,seeds10,recovered,True,2.17836868,
golden,1830,seeds1,recovered,True,6.77916306,
golden,1830,seeds10,recovered,True,41.195498407,
golden,1831,seeds1,recovered,True,2.3085641900000002,
golden,1831,seeds10,recovered,True,8.392483060999998,
golden,1832,seeds1,recovered,True,3.4262172160000004,
golden,1832,seeds10,recovered,True,18.297100814,
golden,1833,seeds1,recovered,True,4.317731911,
golden,1833,seeds10,recovered,True,21.293112945,
golden,1834,seeds1,recovered,True,2.083365452,
golden,1834,seeds10,recovered,True,7.2865945499999984,
golden,1835,seeds1,recovered,True,2.8033117039999995,
golden,1835,seeds10,recovered,True,12.125623527000002,
golden,1836,seeds1,recovered,True,58.334429512999996,
golden,1836,seeds10,recovered,True,428.80522300300004,
golden,1837,seeds1,recovered,True,68.26873673300001,
golden,1837,seeds10,recovered,True,561.380246185,
golden,1838,seeds1,recovered,True,10.848442257999999,
golden,1838,seeds10,recovered,True,70.74157232200001,
golden,1839,seeds1,recovered,True,1.8685638210000004,
golden,1839,seeds10,recovered,True,5.020367975999999,
golden,1840,seeds1,recovered,True,1.7381064150000003,
golden,1840,seeds10,recovered,True,7.146848376000001,
golden,1841,seeds1,recovered,True,13.436975260999997,
golden,1841,seeds10,recovered,True,175.557929439,
golden,1842,seeds1,recovered,True,4.372680524,
golden,1842,seeds10,recovered,True,27.528629362999997,
golden,1843,seeds1,recovered,True,22.477542915999997,
golden,1843,seeds10,recovered,True,177.20047900199998,
golden,1844,seeds1,recovered,True,4.004274316,
golden,1844,seeds10,recovered,True,17.222287289,
golden,1845,seeds1,recovered,True,2.428992178,
golden,1845,seeds10,recovered,True,12.052787291999998,
golden,1846,seeds1,recovered,True,1.5039130010000001,
golden,1846,seeds10,recovered,True,3.693835885000001,
golden,1847,seeds1,recovered,True,1.5175850159999997,
golden,1847,seeds10,recovered,True,3.137004057,
golden,1848,seeds1,recovered,True,30.875085443999996,
golden,1848,seeds10,recovered,True,183.81555134499996,
golden,1849,seeds1,recovered,True,12.865627213,
golden,1849,seeds10,recovered,True,80.691927899,
golden,1850,seeds1,recovered,True,1.3748056130000001,
golden,1850,seeds10,recovered,True,3.436174855,
holdout,0,seeds1,no_ground_truth,True,1.420589034,0
holdout,0,seeds10,no_ground_truth,True,2.611773091,0
holdout,1,seeds1,no_ground_truth,True,6.697023646999999,6
holdout,1,seeds10,no_ground_truth,True,22.213791263,6
holdout,2,seeds1,no_ground_truth,True,1.7154050429999999,4
holdout,2,seeds10,no_ground_truth,True,4.056172262,4
holdout,3,seeds1,no_ground_truth,True,5.771598951,2
holdout,3,seeds10,no_ground_truth,True,34.196388216,2
holdout,4,seeds1,no_ground_truth,True,6.7629142,4
holdout,4,seeds10,no_ground_truth,True,34.622704505,4
holdout,5,seeds1,no_ground_truth,True,2.590616142,1
holdout,5,seeds10,no_ground_truth,True,10.183473231,1
holdout,6,seeds1,no_ground_truth,True,6.654605049999999,4
holdout,6,seeds10,no_ground_truth,True,26.621246303,4
holdout,7,seeds1,no_ground_truth,True,8.079871506,4
holdout,7,seeds10,no_ground_truth,True,43.589128265,4
holdout,8,seeds1,no_ground_truth,True,5.094850246,2
holdout,8,seeds10,no_ground_truth,True,18.797770342,2
holdout,9,seeds1,no_ground_truth,True,16.432052063999997,4
holdout,9,seeds10,no_ground_truth,True,79.944012913,4
holdout,10,seeds1,no_ground_truth,True,10.077256727999998,1
holdout,10,seeds10,no_ground_truth,True,35.79844172,1
holdout,11,seeds1,no_ground_truth,True,10.984517916999998,4
holdout,11,seeds10,no_ground_truth,True,41.283288823999996,4
holdout,12,seeds1,no_ground_truth,True,4.928859023,4
holdout,12,seeds10,no_ground_truth,True,19.198693651,4
holdout,13,seeds1,no_ground_truth,True,4.559228816,4
holdout,13,seeds10,no_ground_truth,True,19.364617911,4
holdout,14,seeds1,no_ground_truth,True,4.740733990999999,1
holdout,14,seeds10,no_ground_truth,True,15.599412067,1
holdout,15,seeds1,no_ground_truth,True,4.301526755,1
holdout,15,seeds10,no_ground_truth,True,15.923834618999999,1
holdout,16,seeds1,no_ground_truth,True,4.944924045,3
holdout,16,seeds10,no_ground_truth,True,17.146894718,3
holdout,17,seeds1,no_ground_truth,True,4.787763883,3
holdout,17,seeds10,no_ground_truth,True,17.03960593,3
holdout,18,seeds1,no_ground_truth,True,5.219842955000001,2
holdout,18,seeds10,no_ground_truth,True,17.282756959,2
holdout,19,seeds1,no_ground_truth,True,4.756303000000001,2
holdout,19,seeds10,no_ground_truth,True,12.905091559999999,2
holdout,20,seeds1,no_ground_truth,True,2.4478821170000002,2
holdout,20,seeds10,no_ground_truth,True,6.373402421,2
holdout,21,seeds1,no_ground_truth,True,2.903122719,4
holdout,21,seeds10,no_ground_truth,True,9.088574348,4
holdout,22,seeds1,no_ground_truth,True,2.3118822660000005,2
holdout,22,seeds10,no_ground_truth,True,6.645513219,2
holdout,23,seeds1,no_ground_truth,True,2.5087670789999996,2
holdout,23,seeds10,no_ground_truth,True,6.371820099,2
holdout,24,seeds1,no_ground_truth,True,2.2021930500000004,2
holdout,24,seeds10,no_ground_truth,True,6.701665859,2
holdout,25,seeds1,no_ground_truth,True,102.38865918100001,5
holdout,25,seeds10,no_ground_truth,True,781.726161603,5
holdout,26,seeds1,no_ground_truth,True,65.28290076100001,6
holdout,26,seeds10,no_ground_truth,True,428.00571749799997,6
holdout,27,seeds1,no_ground_truth,True,56.392425931000005,4
holdout,27,seeds10,no_ground_truth,True,321.40809771600004,4
holdout,28,seeds1,no_ground_truth,True,68.95182721,4
holdout,28,seeds10,no_ground_truth,True,534.7029235429999,4
holdout,29,seeds1,no_ground_truth,True,14.756472623999997,5
holdout,29,seeds10,no_ground_truth,True,62.336492158000006,5
holdout,30,seeds1,no_ground_truth,True,15.256028752000002,5
holdout,30,seeds10,no_ground_truth,True,62.55025044999999,5
holdout,31,seeds1,no_ground_truth,True,25.073857187,7
holdout,31,seeds10,no_ground_truth,True,148.470086363,7
holdout,32,seeds1,no_ground_truth,True,17.642612009,2
holdout,32,seeds10,no_ground_truth,True,97.689169556,2
holdout,33,seeds1,no_ground_truth,True,17.428605501,2
holdout,33,seeds10,no_ground_truth,True,96.006281357,2
holdout,34,seeds1,no_ground_truth,True,17.667820855000002,2
holdout,34,seeds10,no_ground_truth,True,96.47075867100001,2
holdout,35,seeds1,no_ground_truth,True,11.238607661,1
holdout,35,seeds10,no_ground_truth,True,63.823035524000005,1
holdout,36,seeds1,no_ground_truth,True,11.854241148,1
holdout,36,seeds10,no_ground_truth,True,63.451076740000005,1
holdout,37,seeds1,no_ground_truth,True,12.128009860999999,2
holdout,37,seeds10,no_ground_truth,True,67.59000316199999,2
holdout,38,seeds1,no_ground_truth,True,12.782889694,3
holdout,38,seeds10,no_ground_truth,True,84.326261999,3
holdout,39,seeds1,no_ground_truth,True,13.77829325,3
holdout,39,seeds10,no_ground_truth,True,81.80699107299999,3
holdout,40,seeds1,no_ground_truth,True,13.580679394,4
holdout,40,seeds10,no_ground_truth,True,83.856473914,4
holdout,41,seeds1,no_ground_truth,True,12.652289283,3
holdout,41,seeds10,no_ground_truth,True,73.03657178499999,3
holdout,42,seeds1,no_ground_truth,True,12.882937639,3
holdout,42,seeds10,no_ground_truth,True,70.91988124800001,3
holdout,43,seeds1,no_ground_truth,True,12.029363884999999,3
holdout,43,seeds10,no_ground_truth,True,72.839731865,3
holdout,44,seeds1,no_ground_truth,True,19.060343048,2
holdout,44,seeds10,no_ground_truth,True,112.932661821,2
holdout,45,seeds1,no_ground_truth,True,18.312691512999997,2
holdout,45,seeds10,no_ground_truth,True,113.813364333,2
holdout,46,seeds1,no_ground_truth,True,17.552536677,1
holdout,46,seeds10,no_ground_truth,True,94.510997774,1
holdout,47,seeds1,no_ground_truth,True,17.533503198000002,2
holdout,47,seeds10,no_ground_truth,True,98.40434575,2
holdout,48,seeds1,no_ground_truth,True,19.475662011000004,3
holdout,48,seeds10,no_ground_truth,True,108.516269902,3
holdout,49,seeds1,no_ground_truth,True,18.993859080999997,3
holdout,49,seeds10,no_ground_truth,True,110.118005568,3
holdout,50,seeds1,no_ground_truth,True,17.629309049,2
holdout,50,seeds10,no_ground_truth,True,95.538589959,2
holdout,51,seeds1,no_ground_truth,True,17.716824170000002,2
holdout,51,seeds10,no_ground_truth,True,95.523598379,2
holdout,52,seeds1,no_ground_truth,True,11.440108400999998,1
holdout,52,seeds10,no_ground_truth,True,63.837563071,1
holdout,53,seeds1,no_ground_truth,True,11.790777532000002,1
holdout,53,seeds10,no_ground_truth,True,63.21697781499999,1
holdout,54,seeds1,no_ground_truth,True,12.471288163000002,2
holdout,54,seeds10,no_ground_truth,True,67.381494854,2
holdout,55,seeds1,no_ground_truth,True,18.976110249999998,2
holdout,55,seeds10,no_ground_truth,True,112.396987676,2
holdout,56,seeds1,no_ground_truth,True,18.222825752000002,2
holdout,56,seeds10,no_ground_truth,True,112.71698200600001,2
holdout,57,seeds1,no_ground_truth,True,17.602127148999998,1
holdout,57,seeds10,no_ground_truth,True,93.318869651,1
holdout,58,seeds1,no_ground_truth,True,17.909337535000002,2
holdout,58,seeds10,no_ground_truth,True,96.922034752,2
holdout,59,seeds1,no_ground_truth,True,1.144083863,2
holdout,59,seeds10,no_ground_truth,True,2.06681965,2
holdout,60,seeds1,no_ground_truth,True,1.15330205,3
holdout,60,seeds10,no_ground_truth,True,2.0081597810000003,3
holdout,61,seeds1,no_ground_truth,True,1.1710868669999996,0
holdout,61,seeds10,no_ground_truth,True,2.7519227269999993,0
holdout,62,seeds1,no_ground_truth,True,1.205611931,1
holdout,62,seeds10,no_ground_truth,True,2.160272835,1
holdout,63,seeds1,no_ground_truth,True,1.0269484260000001,0
holdout,63,seeds10,no_ground_truth,True,1.844771493,0
holdout,64,seeds1,no_ground_truth,True,1.3707818049999996,5
holdout,64,seeds10,no_ground_truth,True,2.8683858239999998,5
holdout,65,seeds1,no_ground_truth,True,1.2643536359999996,5
holdout,65,seeds10,no_ground_truth,True,2.9837468949999995,5
holdout,66,seeds1,no_ground_truth,True,1.1573518590000003,3
holdout,66,seeds10,no_ground_truth,True,1.960959521,3
holdout,67,seeds1,no_ground_truth,True,1.1236448669999999,2
holdout,67,seeds10,no_ground_truth,True,1.9936982849999998,2
holdout,68,seeds1,no_ground_truth,True,46.452856522,6
holdout,68,seeds10,no_ground_truth,True,219.61343864799997,6
holdout,69,seeds1,no_ground_truth,True,52.37347657200001,5
holdout,69,seeds10,no_ground_truth,True,218.996196191,5
holdout,70,seeds1,no_ground_truth,True,13.695025338,3
holdout,70,seeds10,no_ground_truth,True,59.890905085000014,3
holdout,71,seeds1,no_ground_truth,True,10.201774755,4
holdout,71,seeds10,no_ground_truth,True,93.510336647,4
holdout,72,seeds1,no_ground_truth,True,3.8296383890000003,4
holdout,72,seeds10,no_ground_truth,True,17.892398206000003,4
holdout,73,seeds1,no_ground_truth,True,1.5807606889999994,2
holdout,73,seeds10,no_ground_truth,True,4.082775344,2
holdout,74,seeds1,no_ground_truth,True,3.0036787470000004,2
holdout,74,seeds10,no_ground_truth,True,9.08477806,2
holdout,75,seeds1,no_ground_truth,True,3.0739149370000005,2
holdout,75,seeds10,no_ground_truth,True,7.033576854,2
holdout,76,seeds1,no_ground_truth,True,101.02905821600001,3
holdout,76,seeds10,no_ground_truth,True,831.969097724,3
holdout,77,seeds1,no_ground_truth,True,50.739042669000014,8
holdout,77,seeds10,no_ground_truth,True,412.32761931999994,8
holdout,78,seeds1,no_ground_truth,True,1.3864979099999997,3
holdout,78,seeds10,no_ground_truth,True,2.8567455,3
holdout,79,seeds1,no_ground_truth,True,1.2547208999999997,0
holdout,79,seeds10,no_ground_truth,True,2.541831341,0
holdout,80,seeds1,no_ground_truth,True,1.383224073,3
holdout,80,seeds10,no_ground_truth,True,2.7729711870000004,3
holdout,81,seeds1,no_ground_truth,True,1.3800450559999997,2
holdout,81,seeds10,no_ground_truth,True,2.8217150589999997,2
holdout,82,seeds1,no_ground_truth,True,3.1302281819999997,3
holdout,82,seeds10,no_ground_truth,True,14.48962984,3
holdout,83,seeds1,no_ground_truth,True,3.243383832,4
holdout,83,seeds10,no_ground_truth,True,15.116904030999999,4
holdout,84,seeds1,no_ground_truth,True,3.233488601,2
holdout,84,seeds10,no_ground_truth,True,14.601733588000002,2
holdout,85,seeds1,no_ground_truth,True,3.289400103,2
holdout,85,seeds10,no_ground_truth,True,14.703219793999999,2
holdout,86,seeds1,no_ground_truth,True,14.891471805999998,3
holdout,86,seeds10,no_ground_truth,True,63.625446581000006,3
holdout,87,seeds1,no_ground_truth,True,11.049421118999998,4
holdout,87,seeds10,no_ground_truth,True,43.568563856,4
holdout,88,seeds1,no_ground_truth,True,12.035742024000001,3
holdout,88,seeds10,no_ground_truth,True,50.258887693,3
holdout,89,seeds1,no_ground_truth,True,12.210308692000002,2
holdout,89,seeds10,no_ground_truth,True,56.092486998,2
holdout,90,seeds1,no_ground_truth,True,15.907296882999997,5
holdout,90,seeds10,no_ground_truth,True,97.933314311,5
holdout,91,seeds1,no_ground_truth,True,9.786852331,2
holdout,91,seeds10,no_ground_truth,True,61.518995759000006,2
holdout,92,seeds1,no_ground_truth,True,8.198955327,2
holdout,92,seeds10,no_ground_truth,True,44.711691119,2
holdout,93,seeds1,no_ground_truth,True,2.6535010239999997,3
holdout,93,seeds10,no_ground_truth,True,10.383609648999998,3
holdout,94,seeds1,no_ground_truth,True,2.08097551,1
holdout,94,seeds10,no_ground_truth,True,5.630563859,1
holdout,95,seeds1,no_ground_truth,True,2.8789011120000003,4
holdout,95,seeds10,no_ground_truth,True,15.397879001,4
holdout,96,seeds1,no_ground_truth,True,1.8413335760000002,1
holdout,96,seeds10,no_ground_truth,True,3.9455469619999994,1
holdout,97,seeds1,no_ground_truth,True,7.004458939999999,7
holdout,97,seeds10,no_ground_truth,True,52.30550332899999,7
holdout,98,seeds1,no_ground_truth,True,3.954081006999999,4
holdout,98,seeds10,no_ground_truth,True,23.422449697999998,4
holdout,99,seeds1,no_ground_truth,True,2.0422408420000004,3
holdout,99,seeds10,no_ground_truth,True,6.1803367499999995,3
holdout,100,seeds1,no_ground_truth,True,3.6125222389999996,5
holdout,100,seeds10,no_ground_truth,True,17.144018413999998,5
holdout,101,seeds1,no_ground_truth,True,1.6286596970000002,4
holdout,101,seeds10,no_ground_truth,True,4.7627684519999995,4
holdout,102,seeds1,no_ground_truth,True,2.283649238,6
holdout,102,seeds10,no_ground_truth,True,9.701234855000001,6
holdout,103,seeds1,no_ground_truth,True,2.118486182,6
holdout,103,seeds10,no_ground_truth,True,9.563199347000001,6
holdout,104,seeds1,no_ground_truth,True,3.0797053599999993,5
holdout,104,seeds10,no_ground_truth,True,12.801754693000003,5
holdout,105,seeds1,no_ground_truth,True,9.215466272,7
holdout,105,seeds10,no_ground_truth,True,74.798683033,7
holdout,106,seeds1,no_ground_truth,True,9.222836849,7
holdout,106,seeds10,no_ground_truth,True,71.90606429899998,7
holdout,107,seeds1,no_ground_truth,True,1.8274692190000001,6
holdout,107,seeds10,no_ground_truth,True,6.695875630999998,6
holdout,108,seeds1,no_ground_truth,True,1.9044147449999995,6
holdout,108,seeds10,no_ground_truth,True,6.752090289000001,6
holdout,109,seeds1,no_ground_truth,True,3.799063712,7
holdout,109,seeds10,no_ground_truth,True,20.160481893,7
holdout,110,seeds1,no_ground_truth,True,1.8607727089999995,4
holdout,110,seeds10,no_ground_truth,True,5.657244509999998,4
holdout,111,seeds1,no_ground_truth,True,1.771760249,5
holdout,111,seeds10,no_ground_truth,True,5.559740311,5
holdout,112,seeds1,no_ground_truth,True,2.915597474,6
holdout,112,seeds10,no_ground_truth,True,14.528902096000001,6
holdout,113,seeds1,no_ground_truth,True,1.78417146,4
holdout,113,seeds10,no_ground_truth,True,6.235767869,4
holdout,114,seeds1,no_ground_truth,True,1.5765693489999997,4
holdout,114,seeds10,no_ground_truth,True,4.048867657000001,4
holdout,115,seeds1,no_ground_truth,True,1.810943018,4
holdout,115,seeds10,no_ground_truth,True,6.009228701,4
holdout,116,seeds1,no_ground_truth,True,6.9083112579999995,3
holdout,116,seeds10,no_ground_truth,True,31.864884922999998,3
holdout,117,seeds1,no_ground_truth,True,8.651302367000001,1
holdout,117,seeds10,no_ground_truth,True,42.557444118,1
holdout,118,seeds1,no_ground_truth,True,1.016963852,3
holdout,118,seeds10,no_ground_truth,True,1.7886688409999998,3
holdout,119,seeds1,no_ground_truth,True,6.284793605000001,3
holdout,119,seeds10,no_ground_truth,True,22.949495745,3
holdout,120,seeds1,no_ground_truth,True,1.3821949119999999,3
holdout,120,seeds10,no_ground_truth,True,2.919852742,3
holdout,121,seeds1,no_ground_truth,True,16.699092132,6
holdout,121,seeds10,no_ground_truth,True,134.78271034000002,6
holdout,122,seeds1,no_ground_truth,True,1.691028353,3
holdout,122,seeds10,no_ground_truth,True,4.335449907,3
holdout,123,seeds1,no_ground_truth,True,2.418201943,27
holdout,123,seeds10,no_ground_truth,True,11.993260569,19
holdout,124,seeds1,no_ground_truth,True,6.316787618,3
holdout,124,seeds10,no_ground_truth,True,22.618595071,3
holdout,125,seeds1,no_ground_truth,True,1.975667585,4
holdout,125,seeds10,no_ground_truth,True,4.471329859,4
holdout,126,seeds1,no_ground_truth,True,1.8531083979999998,3
holdout,126,seeds10,no_ground_truth,True,4.101421943,3
holdout,127,seeds1,no_ground_truth,True,1.228856706,4
holdout,127,seeds10,no_ground_truth,True,2.1871240629999997,4
holdout,128,seeds1,no_ground_truth,True,1.3095596909999998,5
holdout,128,seeds10,no_ground_truth,True,2.452152042,5
holdout,129,seeds1,no_ground_truth,True,6.923972485,8
holdout,129,seeds10,no_ground_truth,True,30.834527506999997,8
holdout,130,seeds1,no_ground_truth,True,1.8671141550000003,4
holdout,130,seeds10,no_ground_truth,True,5.371438132999999,4
holdout,131,seeds1,no_ground_truth,True,2.998480468,2
holdout,131,seeds10,no_ground_truth,True,10.484289017,2
holdout,132,seeds1,no_ground_truth,True,2.320079808,4
holdout,132,seeds10,no_ground_truth,True,8.491546386,4
holdout,133,seeds1,no_ground_truth,True,5.065007017,2
holdout,133,seeds10,no_ground_truth,True,18.834844544000003,2
holdout,134,seeds1,no_ground_truth,True,8.566860654,6
holdout,134,seeds10,no_ground_truth,True,41.124204803,6
holdout,135,seeds1,no_ground_truth,True,4.63396204,5
holdout,135,seeds10,no_ground_truth,True,24.958292587000003,5
holdout,136,seeds1,no_ground_truth,True,3.159729282,5
holdout,136,seeds10,no_ground_truth,True,19.760287192,5
holdout,137,seeds1,no_ground_truth,True,2.9957847769999995,4
holdout,137,seeds10,no_ground_truth,True,17.562986247000005,4
holdout,138,seeds1,no_ground_truth,True,4.393003025,4
holdout,138,seeds10,no_ground_truth,True,16.76162549,4
holdout,139,seeds1,no_ground_truth,True,1.5939585279999997,2
holdout,139,seeds10,no_ground_truth,True,3.2393606640000003,2
