index,reference_complete,direction,stage,reference_recovery,top1_correct,search_incomplete,capped,search_seconds,evaluation_seconds,cpu_seconds,peak_rss_mb,old_reference_recovery,old_top1_correct,recovery_change,archive,evaluation
0,True,R_to_P,complete,recovered,False,False,True,243.03004647116177,20.987693786155432,234.845042,4746.3359375,recovered,False,,/project/yunhengzou/coordinate_alignment/aam_benchmarks/golden_policy_full_20260907/0/cuts/aam.pkl.gz,/project/yunhengzou/coordinate_alignment/aam_benchmarks/golden_policy_full_20260907/0/evaluation.json
1,True,R_to_P,complete,recovered,False,False,True,9.786248974967748,1.0706935678608716,9.791421999999999,296.4453125,recovered,False,,/project/yunhengzou/coordinate_alignment/aam_benchmarks/golden_policy_full_20260907/1/cuts/aam.pkl.gz,/project/yunhengzou/coordinate_alignment/aam_benchmarks/golden_policy_full_20260907/1/evaluation.json
2,True,P_to_R,complete,recovered,True,False,True,3.81186859193258,0.4522888471838087,4.3749199999999995,155.9609375,recovered,True,,/project/yunhengzou/coordinate_alignment/aam_benchmarks/golden_policy_full_20260907/2/cuts/aam.pkl.gz,/project/yunhengzou/coordinate_alignment/aam_benchmarks/golden_policy_full_20260907/2/evaluation.json
3,True,R_to_P,complete,recovered,True,False,False,1.8174144108779728,0.12036391603760421,2.4222569999999997,135.5625,recovered,True,,/project/yunhengzou/coordinate_alignment/aam_benchmarks/golden_policy_full_20260907/3/cuts/aam.pkl.gz,/project/yunhengzou/coordinate_alignment/aam_benchmarks/golden_policy_full_20260907/3/evaluation.json
4,True,P_to_R,complete,recovered,True,False,True,4.805148164043203,0.9152237160596997,5.4389140000000005,201.296875,recovered,True,,/project/yunhengzou/coordinate_alignment/aam_benchmarks/golden_policy_full_20260907/4/cuts/aam.pkl.gz,/project/yunhengzou/coordinate_alignment/aam_benchmarks/golden_policy_full_20260907/4/evaluation.json
5,True,R_to_P,complete,recovered,False,False,True,1.8666874209884554,0.19041572394780815,2.589849,144.63671875,recovered,False,,/project/yunhengzou/coordinate_alignment/aam_benchmarks/golden_policy_full_20260907/5/cuts/aam.pkl.gz,/project/yunhengzou/coordinate_alignment/aam_benchmarks/golden_policy_full_20260907/5/evaluation.json
6,True,R_to_P,complete,recovered,True,False,False,0.3185115500818938,0.03952545206993818,1.259136,119.47265625,recovered,True,,/project/yunhengzou/coordinate_alignment/aam_benchmarks/golden_policy_full_20260907/6/cuts/aam.pkl.gz,/project/yunhengzou/coordinate_alignment/aam_benchmarks/golden_policy_full_20260907/6/evaluation.json
7,False,P_to_R,complete,unknown,,False,True,19.981323732994497,120.15623100101948,19.756300999999997,326.7109375,,,,/project/yunhengzou/coordinate_alignment/aam_benchmarks/golden_policy_full_20260907/7/cuts/aam.pkl.gz,/project/yunhengzou/coordinate_alignment/aam_benchmarks/golden_policy_full_20260907/7/evaluation.json
8,True,R_to_P,complete,recovered,False,False,True,3.0450649119447917,0.27560051600448787,3.637906,164.13671875,recovered,False,,/project/yunhengzou/coordinate_alignment/aam_benchmarks/golden_policy_full_20260907/8/cuts/aam.pkl.gz,/project/yunhengzou/coordinate_alignment/aam_benchmarks/golden_policy_full_20260907/8/evaluation.json
9,True,R_to_P,complete,recovered,False,False,True,3.607170720817521,0.23874671012163162,3.8046789999999997,164.04296875,recovered,False,,/project/yunhengzou/coordinate_alignment/aam_benchmarks/golden_policy_full_20260907/9/cuts/aam.pkl.gz,/project/yunhengzou/coordinate_alignment/aam_benchmarks/golden_policy_full_20260907/9/evaluation.json
10,True,R_to_P,complete,recovered,False,False,True,11.196553417947143,0.8683228432200849,10.979351000000001,223.7421875,recovered,False,,/project/yunhengzou/coordinate_alignment/aam_benchmarks/golden_policy_full_20260907/10/cuts/aam.pkl.gz,/project/yunhengzou/coordinate_alignment/aam_benchmarks/golden_policy_full_20260907/10/evaluation.json
11,True,R_to_P,complete,recovered,False,False,True,5.895249065943062,0.7403258900158107,6.1908829999999995,214.04296875,not_recovered,False,gained,/project/yunhengzou/coordinate_alignment/aam_benchmarks/golden_policy_full_20260907/11/cuts/aam.pkl.gz,/project/yunhengzou/coordinate_alignment/aam_benchmarks/golden_policy_full_20260907/11/evaluation.json
12,True,R_to_P,complete,recovered,False,False,True,14.482008093968034,1.1834608118515462,13.747201,318.59375,recovered,False,,/project/yunhengzou/coordinate_alignment/aam_benchmarks/golden_policy_full_20260907/12/cuts/aam.pkl.gz,/project/yunhengzou/coordinate_alignment/aam_benchmarks/golden_policy_full_20260907/12/evaluation.json
13,True,R_to_P,complete,recovered,True,False,True,2.510739433579147,0.17367969546467066,2.989524,141.875,recovered,True,,/project/yunhengzou/coordinate_alignment/aam_benchmarks/golden_policy_full_20260907/13/cuts/aam.pkl.gz,/project/yunhengzou/coordinate_alignment/aam_benchmarks/golden_policy_full_20260907/13/evaluation.json
14,True,R_to_P,complete,recovered,False,False,False,2.0577090056613088,0.1731966808438301,2.685516,148.4765625,recovered,False,,/project/yunhengzou/coordinate_alignment/aam_benchmarks/golden_policy_full_20260907/14/cuts/aam.pkl.gz,/project/yunhengzou/coordinate_alignment/aam_benchmarks/golden_policy_full_20260907/14/evaluation.json
15,True,R_to_P,complete,recovered,True,False,False,1.2963703689165413,0.13020229595713317,2.1710789999999998,132.7265625,recovered,True,,/project/yunhengzou/coordinate_alignment/aam_benchmarks/golden_policy_full_20260907/15/cuts/aam.pkl.gz,/project/yunhengzou/coordinate_alignment/aam_benchmarks/golden_policy_full_20260907/15/evaluation.json
16,True,P_to_R,complete,recovered,False,False,True,23.21585852280259,3.567136187106371,22.725400999999998,532.25390625,not_recovered,False,gained,/project/yunhengzou/coordinate_alignment/aam_benchmarks/golden_policy_full_20260907/16/cuts/aam.pkl.gz,/project/yunhengzou/coordinate_alignment/aam_benchmarks/golden_policy_full_20260907/16/evaluation.json
17,True,R_to_P,complete,recovered,False,False,True,104.5014619550202,9.567703504115343,94.829643,1985.30859375,recovered,False,,/project/yunhengzou/coordinate_alignment/aam_benchmarks/golden_policy_full_20260907/17/cuts/aam.pkl.gz,/project/yunhengzou/coordinate_alignment/aam_benchmarks/golden_policy_full_20260907/17/evaluation.json
18,True,R_to_P,complete,recovered,True,False,False,0.6377725899219513,0.07991363480687141,1.631927,127.5859375,recovered,True,,/project/yunhengzou/coordinate_alignment/aam_benchmarks/golden_policy_full_20260907/18/cuts/aam.pkl.gz,/project/yunhengzou/coordinate_alignment/aam_benchmarks/golden_policy_full_20260907/18/evaluation.json
19,True,R_to_P,complete,not_recovered,False,False,True,111.96999727748334,14.383197100833058,108.17448999999999,2239.390625,not_recovered,False,,/project/yunhengzou/coordinate_alignment/aam_benchmarks/golden_policy_full_20260907/19/cuts/aam.pkl.gz,/project/yunhengzou/coordinate_alignment/aam_benchmarks/golden_policy_full_20260907/19/evaluation.json
20,True,R_to_P,complete,recovered,False,False,True,11.093200653791428,1.076027481816709,10.825372,327.6015625,recovered,False,,/project/yunhengzou/coordinate_alignment/aam_benchmarks/golden_policy_full_20260907/20/cuts/aam.pkl.gz,/project/yunhengzou/coordinate_alignment/aam_benchmarks/golden_policy_full_20260907/20/evaluation.json
21,True,P_to_R,complete,recovered,False,False,True,4.070626934990287,0.7912554610520601,4.793316,191.203125,not_recovered,False,gained,/project/yunhengzou/coordinate_alignment/aam_benchmarks/golden_policy_full_20260907/21/cuts/aam.pkl.gz,/project/yunhengzou/coordinate_alignment/aam_benchmarks/golden_policy_full_20260907/21/evaluation.json
22,True,P_to_R,complete,recovered,False,False,False,4.661823840811849,0.5499026393517852,4.588709,153.7109375,recovered,False,,/project/yunhengzou/coordinate_alignment/aam_benchmarks/golden_policy_full_20260907/22/cuts/aam.pkl.gz,/project/yunhengzou/coordinate_alignment/aam_benchmarks/golden_policy_full_20260907/22/evaluation.json
23,True,P_to_R,complete,recovered,True,False,True,1.7808070722967386,0.18413302209228277,2.6552029999999998,147.9921875,recovered,True,,/project/yunhengzou/coordinate_alignment/aam_benchmarks/golden_policy_full_20260907/23/cuts/aam.pkl.gz,/project/yunhengzou/coordinate_alignment/aam_benchmarks/golden_policy_full_20260907/23/evaluation.json
24,True,R_to_P,complete,recovered,True,False,False,3.9627607790753245,0.4220434846356511,4.222827,153.94140625,recovered,True,,/project/yunhengzou/coordinate_alignment/aam_benchmarks/golden_policy_full_20260907/24/cuts/aam.pkl.gz,/project/yunhengzou/coordinate_alignment/aam_benchmarks/golden_policy_full_20260907/24/evaluation.json
25,True,R_to_P,complete,recovered,True,False,True,14.863010863307863,1.5665363329462707,15.022901,372.84765625,recovered,True,,/project/yunhengzou/coordinate_alignment/aam_benchmarks/golden_policy_full_20260907/25/cuts/aam.pkl.gz,/project/yunhengzou/coordinate_alignment/aam_benchmarks/golden_policy_full_20260907/25/evaluation.json
26,True,R_to_P,complete,recovered,False,False,True,4.703343464061618,0.5503950282000005,5.119008,176.67578125,recovered,False,,/project/yunhengzou/coordinate_alignment/aam_benchmarks/golden_policy_full_20260907/26/cuts/aam.pkl.gz,/project/yunhengzou/coordinate_alignment/aam_benchmarks/golden_policy_full_20260907/26/evaluation.json
27,True,R_to_P,complete,recovered,False,False,True,13.647194046061486,1.3757920558564365,13.840806,381.4921875,recovered,False,,/project/yunhengzou/coordinate_alignment/aam_benchmarks/golden_policy_full_20260907/27/cuts/aam.pkl.gz,/project/yunhengzou/coordinate_alignment/aam_benchmarks/golden_policy_full_20260907/27/evaluation.json
28,True,R_to_P,complete,recovered,False,False,True,2.257592933252454,0.23417105991393328,3.173113,157.8828125,recovered,False,,/project/yunhengzou/coordinate_alignment/aam_benchmarks/golden_policy_full_20260907/28/cuts/aam.pkl.gz,/project/yunhengzou/coordinate_alignment/aam_benchmarks/golden_policy_full_20260907/28/evaluation.json
29,True,P_to_R,complete,recovered,True,False,True,35.60871945274994,4.1710123722441494,35.686456,667.47265625,recovered,True,,/project/yunhengzou/coordinate_alignment/aam_benchmarks/golden_policy_full_20260907/29/cuts/aam.pkl.gz,/project/yunhengzou/coordinate_alignment/aam_benchmarks/golden_policy_full_20260907/29/evaluation.json
30,True,R_to_P,complete,recovered,False,False,True,12.570829796604812,1.3012232538312674,12.953104999999999,341.3203125,recovered,False,,/project/yunhengzou/coordinate_alignment/aam_benchmarks/golden_policy_full_20260907/30/cuts/aam.pkl.gz,/project/yunhengzou/coordinate_alignment/aam_benchmarks/golden_policy_full_20260907/30/evaluation.json
31,True,R_to_P,complete,recovered,True,False,False,2.128738917876035,0.22499346872791648,2.944621,147.16015625,recovered,True,,/project/yunhengzou/coordinate_alignment/aam_benchmarks/golden_policy_full_20260907/31/cuts/aam.pkl.gz,/project/yunhengzou/coordinate_alignment/aam_benchmarks/golden_policy_full_20260907/31/evaluation.json
32,True,P_to_R,complete,recovered,True,False,True,7.8988913567736745,1.5607112138532102,7.998709,220.3046875,recovered,True,,/project/yunhengzou/coordinate_alignment/aam_benchmarks/golden_policy_full_20260907/32/cuts/aam.pkl.gz,/project/yunhengzou/coordinate_alignment/aam_benchmarks/golden_policy_full_20260907/32/evaluation.json
33,True,R_to_P,complete,recovered,False,False,True,29.757799885235727,3.645701630972326,29.970386,739.609375,recovered,False,,/project/yunhengzou/coordinate_alignment/aam_benchmarks/golden_policy_full_20260907/33/cuts/aam.pkl.gz,/project/yunhengzou/coordinate_alignment/aam_benchmarks/golden_policy_full_20260907/33/evaluation.json
34,True,R_to_P,complete,recovered,True,False,True,8.337527835043147,0.9827530290931463,7.7419329999999995,241.68359375,recovered,True,,/project/yunhengzou/coordinate_alignment/aam_benchmarks/golden_policy_full_20260907/34/cuts/aam.pkl.gz,/project/yunhengzou/coordinate_alignment/aam_benchmarks/golden_policy_full_20260907/34/evaluation.json
35,True,R_to_P,complete,recovered,False,False,False,6.740489459130913,0.7601609779521823,6.989721,197.515625,recovered,False,,/project/yunhengzou/coordinate_alignment/aam_benchmarks/golden_policy_full_20260907/35/cuts/aam.pkl.gz,/project/yunhengzou/coordinate_alignment/aam_benchmarks/golden_policy_full_20260907/35/evaluation.json
36,True,P_to_R,complete,recovered,False,False,True,16.961946540046483,2.2816863488405943,17.063438,420.54296875,recovered,False,,/project/yunhengzou/coordinate_alignment/aam_benchmarks/golden_policy_full_20260907/36/cuts/aam.pkl.gz,/project/yunhengzou/coordinate_alignment/aam_benchmarks/golden_policy_full_20260907/36/evaluation.json
37,True,R_to_P,complete,recovered,True,False,True,8.462766354903579,0.7548514329828322,8.945231999999999,263.26953125,recovered,False,,/project/yunhengzou/coordinate_alignment/aam_benchmarks/golden_policy_full_20260907/37/cuts/aam.pkl.gz,/project/yunhengzou/coordinate_alignment/aam_benchmarks/golden_policy_full_20260907/37/evaluation.json
38,True,P_to_R,complete,recovered,True,False,True,0.9592131152749062,0.15035880776122212,1.9547659999999998,133.35546875,recovered,True,,/project/yunhengzou/coordinate_alignment/aam_benchmarks/golden_policy_full_20260907/38/cuts/aam.pkl.gz,/project/yunhengzou/coordinate_alignment/aam_benchmarks/golden_policy_full_20260907/38/evaluation.json
39,True,R_to_P,complete,recovered,False,False,True,40.56685057096183,4.8199055078439415,40.484761,877.609375,recovered,False,,/project/yunhengzou/coordinate_alignment/aam_benchmarks/golden_policy_full_20260907/39/cuts/aam.pkl.gz,/project/yunhengzou/coordinate_alignment/aam_benchmarks/golden_policy_full_20260907/39/evaluation.json
40,True,R_to_P,complete,recovered,True,False,True,6.947643342893571,0.6942950147204101,7.567149000000001,244.2890625,recovered,True,,/project/yunhengzou/coordinate_alignment/aam_benchmarks/golden_policy_full_20260907/40/cuts/aam.pkl.gz,/project/yunhengzou/coordinate_alignment/aam_benchmarks/golden_policy_full_20260907/40/evaluation.json
41,True,R_to_P,complete,recovered,True,False,True,11.634053618181497,0.9808898791670799,11.67032,302.01953125,recovered,True,,/project/yunhengzou/coordinate_alignment/aam_benchmarks/golden_policy_full_20260907/41/cuts/aam.pkl.gz,/project/yunhengzou/coordinate_alignment/aam_benchmarks/golden_policy_full_20260907/41/evaluation.json
42,True,R_to_P,complete,recovered,True,False,True,5.034872177056968,0.533103110268712,5.628457,202.91796875,recovered,True,,/project/yunhengzou/coordinate_alignment/aam_benchmarks/golden_policy_full_20260907/42/cuts/aam.pkl.gz,/project/yunhengzou/coordinate_alignment/aam_benchmarks/golden_policy_full_20260907/42/evaluation.json
43,True,R_to_P,complete,recovered,False,False,True,0.9753868011757731,0.11414152197539806,1.90585,131.98046875,recovered,False,,/project/yunhengzou/coordinate_alignment/aam_benchmarks/golden_policy_full_20260907/43/cuts/aam.pkl.gz,/project/yunhengzou/coordinate_alignment/aam_benchmarks/golden_policy_full_20260907/43/evaluation.json
44,True,R_to_P,complete,unknown,False,False,True,66.76832274580374,120.34233892802149,65.398467,1366.0,not_recovered,False,,/project/yunhengzou/coordinate_alignment/aam_benchmarks/golden_policy_full_20260907/44/cuts/aam.pkl.gz,/project/yunhengzou/coordinate_alignment/aam_benchmarks/golden_policy_full_20260907/44/evaluation.json
45,True,P_to_R,complete,recovered,False,False,True,2.931349210906774,0.8879403409082443,3.777338,170.01171875,not_recovered,False,gained,/project/yunhengzou/coordinate_alignment/aam_benchmarks/golden_policy_full_20260907/45/cuts/aam.pkl.gz,/project/yunhengzou/coordinate_alignment/aam_benchmarks/golden_policy_full_20260907/45/evaluation.json
46,True,R_to_P,complete,recovered,True,False,True,4.313536786939949,0.5622468232177198,5.083581000000001,197.2734375,recovered,True,,/project/yunhengzou/coordinate_alignment/aam_benchmarks/golden_policy_full_20260907/46/cuts/aam.pkl.gz,/project/yunhengzou/coordinate_alignment/aam_benchmarks/golden_policy_full_20260907/46/evaluation.json
47,True,R_to_P,complete,recovered,True,False,False,0.26683181431144476,0.021099180914461613,1.243098,120.3671875,recovered,True,,/project/yunhengzou/coordinate_alignment/aam_benchmarks/golden_policy_full_20260907/47/cuts/aam.pkl.gz,/project/yunhengzou/coordinate_alignment/aam_benchmarks/golden_policy_full_20260907/47/evaluation.json
48,True,R_to_P,complete,recovered,False,False,True,74.43080728221685,7.274311752058566,72.90441799999999,1446.85546875,recovered,False,,/project/yunhengzou/coordinate_alignment/aam_benchmarks/golden_policy_full_20260907/48/cuts/aam.pkl.gz,/project/yunhengzou/coordinate_alignment/aam_benchmarks/golden_policy_full_20260907/48/evaluation.json
49,True,R_to_P,complete,recovered,False,False,False,1.7039930238388479,0.15181232383474708,2.4917949999999998,138.109375,recovered,False,,/project/yunhengzou/coordinate_alignment/aam_benchmarks/golden_policy_full_20260907/49/cuts/aam.pkl.gz,/project/yunhengzou/coordinate_alignment/aam_benchmarks/golden_policy_full_20260907/49/evaluation.json
50,True,R_to_P,complete,recovered,False,False,False,0.5155068510212004,0.05144310416653752,1.502373,126.4765625,recovered,False,,/project/yunhengzou/coordinate_alignment/aam_benchmarks/golden_policy_full_20260907/50/cuts/aam.pkl.gz,/project/yunhengzou/coordinate_alignment/aam_benchmarks/golden_policy_full_20260907/50/evaluation.json
51,True,R_to_P,complete,recovered,False,False,False,0.8021793528459966,0.12862481689080596,1.777674,131.41796875,recovered,False,,/project/yunhengzou/coordinate_alignment/aam_benchmarks/golden_policy_full_20260907/51/cuts/aam.pkl.gz,/project/yunhengzou/coordinate_alignment/aam_benchmarks/golden_policy_full_20260907/51/evaluation.json
52,True,P_to_R,complete,recovered,True,False,True,1.6248697158880532,0.1374137131497264,2.449767,126.30859375,recovered,True,,/project/yunhengzou/coordinate_alignment/aam_benchmarks/golden_policy_full_20260907/52/cuts/aam.pkl.gz,/project/yunhengzou/coordinate_alignment/aam_benchmarks/golden_policy_full_20260907/52/evaluation.json
53,True,R_to_P,complete,recovered,True,False,True,4.5569845056161284,0.34489936009049416,5.280509,196.0,recovered,True,,/project/yunhengzou/coordinate_alignment/aam_benchmarks/golden_policy_full_20260907/53/cuts/aam.pkl.gz,/project/yunhengzou/coordinate_alignment/aam_benchmarks/golden_policy_full_20260907/53/evaluation.json
54,True,R_to_P,complete,recovered,True,False,False,1.494549841620028,0.17043271847069263,2.233506,127.61328125,recovered,True,,/project/yunhengzou/coordinate_alignment/aam_benchmarks/golden_policy_full_20260907/54/cuts/aam.pkl.gz,/project/yunhengzou/coordinate_alignment/aam_benchmarks/golden_policy_full_20260907/54/evaluation.json
55,True,R_to_P,complete,recovered,True,False,True,2.7782364916056395,0.32716786675155163,3.4600049999999998,142.390625,recovered,True,,/project/yunhengzou/coordinate_alignment/aam_benchmarks/golden_policy_full_20260907/55/cuts/aam.pkl.gz,/project/yunhengzou/coordinate_alignment/aam_benchmarks/golden_policy_full_20260907/55/evaluation.json
56,True,R_to_P,complete,recovered,True,False,True,21.00075293239206,2.197305222041905,20.973001999999997,499.05859375,recovered,True,,/project/yunhengzou/coordinate_alignment/aam_benchmarks/golden_policy_full_20260907/56/cuts/aam.pkl.gz,/project/yunhengzou/coordinate_alignment/aam_benchmarks/golden_policy_full_20260907/56/evaluation.json
57,True,R_to_P,complete,recovered,True,False,False,0.26071617379784584,0.03424518555402756,1.292783,119.90234375,recovered,True,,/project/yunhengzou/coordinate_alignment/aam_benchmarks/golden_policy_full_20260907/57/cuts/aam.pkl.gz,/project/yunhengzou/coordinate_alignment/aam_benchmarks/golden_policy_full_20260907/57/evaluation.json
58,True,P_to_R,complete,recovered,True,False,False,1.0467143673449755,0.12468662671744823,1.9676449999999999,125.796875,recovered,True,,/project/yunhengzou/coordinate_alignment/aam_benchmarks/golden_policy_full_20260907/58/cuts/aam.pkl.gz,/project/yunhengzou/coordinate_alignment/aam_benchmarks/golden_policy_full_20260907/58/evaluation.json
59,True,R_to_P,complete,recovered,True,False,False,0.8821986587718129,0.10988586489111185,1.830697,125.62890625,recovered,True,,/project/yunhengzou/coordinate_alignment/aam_benchmarks/golden_policy_full_20260907/59/cuts/aam.pkl.gz,/project/yunhengzou/coordinate_alignment/aam_benchmarks/golden_policy_full_20260907/59/evaluation.json
60,True,R_to_P,complete,recovered,True,False,False,0.33201568853110075,0.04442618694156408,1.3501269999999999,120.6875,recovered,True,,/project/yunhengzou/coordinate_alignment/aam_benchmarks/golden_policy_full_20260907/60/cuts/aam.pkl.gz,/project/yunhengzou/coordinate_alignment/aam_benchmarks/golden_policy_full_20260907/60/evaluation.json
61,True,R_to_P,complete,recovered,True,False,False,13.753619600087404,1.555073905736208,14.094973,294.375,recovered,True,,/project/yunhengzou/coordinate_alignment/aam_benchmarks/golden_policy_full_20260907/61/cuts/aam.pkl.gz,/project/yunhengzou/coordinate_alignment/aam_benchmarks/golden_policy_full_20260907/61/evaluation.json
62,True,R_to_P,complete,recovered,True,False,False,1.5909813456237316,0.16057694982737303,2.492497,130.37109375,recovered,True,,/project/yunhengzou/coordinate_alignment/aam_benchmarks/golden_policy_full_20260907/62/cuts/aam.pkl.gz,/project/yunhengzou/coordinate_alignment/aam_benchmarks/golden_policy_full_20260907/62/evaluation.json
63,True,P_to_R,complete,recovered,True,False,False,0.5463986387476325,0.06972232181578875,1.482934,121.62109375,recovered,True,,/project/yunhengzou/coordinate_alignment/aam_benchmarks/golden_policy_full_20260907/63/cuts/aam.pkl.gz,/project/yunhengzou/coordinate_alignment/aam_benchmarks/golden_policy_full_20260907/63/evaluation.json
64,True,R_to_P,complete,recovered,True,False,True,0.8246718919835985,0.09934255992993712,1.7704259999999998,129.95703125,recovered,True,,/project/yunhengzou/coordinate_alignment/aam_benchmarks/golden_policy_full_20260907/64/cuts/aam.pkl.gz,/project/yunhengzou/coordinate_alignment/aam_benchmarks/golden_policy_full_20260907/64/evaluation.json
65,True,P_to_R,complete,recovered,True,False,False,1.6063587660901248,0.14968518214300275,2.344759,128.796875,recovered,True,,/project/yunhengzou/coordinate_alignment/aam_benchmarks/golden_policy_full_20260907/65/cuts/aam.pkl.gz,/project/yunhengzou/coordinate_alignment/aam_benchmarks/golden_policy_full_20260907/65/evaluation.json
66,True,R_to_P,complete,recovered,False,False,True,163.56628639344126,15.360292771831155,158.298618,3237.86328125,recovered,False,,/project/yunhengzou/coordinate_alignment/aam_benchmarks/golden_policy_full_20260907/66/cuts/aam.pkl.gz,/project/yunhengzou/coordinate_alignment/aam_benchmarks/golden_policy_full_20260907/66/evaluation.json
67,True,R_to_P,complete,recovered,True,False,False,2.7662971208337694,0.26705089514143765,3.36214,144.125,recovered,True,,/project/yunhengzou/coordinate_alignment/aam_benchmarks/golden_policy_full_20260907/67/cuts/aam.pkl.gz,/project/yunhengzou/coordinate_alignment/aam_benchmarks/golden_policy_full_20260907/67/evaluation.json
68,True,R_to_P,complete,recovered,True,False,True,11.166027275845408,1.0745326459873468,11.412945,306.97265625,recovered,True,,/project/yunhengzou/coordinate_alignment/aam_benchmarks/golden_policy_full_20260907/68/cuts/aam.pkl.gz,/project/yunhengzou/coordinate_alignment/aam_benchmarks/golden_policy_full_20260907/68/evaluation.json
69,True,R_to_P,complete,recovered,False,False,True,9.931224331026897,1.1464165709912777,10.064835,270.8046875,recovered,False,,/project/yunhengzou/coordinate_alignment/aam_benchmarks/golden_policy_full_20260907/69/cuts/aam.pkl.gz,/project/yunhengzou/coordinate_alignment/aam_benchmarks/golden_policy_full_20260907/69/evaluation.json
70,True,R_to_P,complete,recovered,True,False,False,1.2747901189140975,0.0950079089961946,1.9875409999999998,126.9609375,recovered,True,,/project/yunhengzou/coordinate_alignment/aam_benchmarks/golden_policy_full_20260907/70/cuts/aam.pkl.gz,/project/yunhengzou/coordinate_alignment/aam_benchmarks/golden_policy_full_20260907/70/evaluation.json
71,True,R_to_P,complete,recovered,True,False,True,9.356153175001964,0.9793922770768404,9.393310000000001,239.1796875,recovered,True,,/project/yunhengzou/coordinate_alignment/aam_benchmarks/golden_policy_full_20260907/71/cuts/aam.pkl.gz,/project/yunhengzou/coordinate_alignment/aam_benchmarks/golden_policy_full_20260907/71/evaluation.json
72,True,R_to_P,complete,recovered,True,False,False,2.3297070011030883,0.1663416789378971,2.874207,132.0859375,recovered,True,,/project/yunhengzou/coordinate_alignment/aam_benchmarks/golden_policy_full_20260907/72/cuts/aam.pkl.gz,/project/yunhengzou/coordinate_alignment/aam_benchmarks/golden_policy_full_20260907/72/evaluation.json
73,True,P_to_R,complete,recovered,True,False,False,0.4269491389859468,0.04997153487056494,1.525551,120.5,recovered,True,,/project/yunhengzou/coordinate_alignment/aam_benchmarks/golden_policy_full_20260907/73/cuts/aam.pkl.gz,/project/yunhengzou/coordinate_alignment/aam_benchmarks/golden_policy_full_20260907/73/evaluation.json
74,True,P_to_R,complete,recovered,True,False,False,7.465854919049889,0.6512890129815787,7.308746999999999,161.625,recovered,True,,/project/yunhengzou/coordinate_alignment/aam_benchmarks/golden_policy_full_20260907/74/cuts/aam.pkl.gz,/project/yunhengzou/coordinate_alignment/aam_benchmarks/golden_policy_full_20260907/74/evaluation.json
75,True,R_to_P,complete,recovered,True,False,False,0.4370226371102035,0.04161758301779628,1.525312,119.97265625,recovered,True,,/project/yunhengzou/coordinate_alignment/aam_benchmarks/golden_policy_full_20260907/75/cuts/aam.pkl.gz,/project/yunhengzou/coordinate_alignment/aam_benchmarks/golden_policy_full_20260907/75/evaluation.json
76,True,P_to_R,complete,recovered,True,False,False,1.5017883107066154,0.14933959301561117,2.3711830000000003,128.00390625,recovered,True,,/project/yunhengzou/coordinate_alignment/aam_benchmarks/golden_policy_full_20260907/76/cuts/aam.pkl.gz,/project/yunhengzou/coordinate_alignment/aam_benchmarks/golden_policy_full_20260907/76/evaluation.json
77,True,R_to_P,complete,recovered,True,False,True,6.746965323574841,0.5994697529822588,6.890504,234.34375,recovered,True,,/project/yunhengzou/coordinate_alignment/aam_benchmarks/golden_policy_full_20260907/77/cuts/aam.pkl.gz,/project/yunhengzou/coordinate_alignment/aam_benchmarks/golden_policy_full_20260907/77/evaluation.json
78,True,R_to_P,complete,recovered,True,False,False,2.688060401007533,0.27379821334034204,3.426923,136.48046875,recovered,True,,/project/yunhengzou/coordinate_alignment/aam_benchmarks/golden_policy_full_20260907/78/cuts/aam.pkl.gz,/project/yunhengzou/coordinate_alignment/aam_benchmarks/golden_policy_full_20260907/78/evaluation.json
79,True,R_to_P,complete,recovered,True,False,True,5.240435927174985,0.6240118760615587,5.540779,201.36328125,recovered,True,,/project/yunhengzou/coordinate_alignment/aam_benchmarks/golden_policy_full_20260907/79/cuts/aam.pkl.gz,/project/yunhengzou/coordinate_alignment/aam_benchmarks/golden_policy_full_20260907/79/evaluation.json
80,True,R_to_P,complete,recovered,True,False,True,7.595631011761725,0.6483989721164107,7.592052,241.87890625,recovered,True,,/project/yunhengzou/coordinate_alignment/aam_benchmarks/golden_policy_full_20260907/80/cuts/aam.pkl.gz,/project/yunhengzou/coordinate_alignment/aam_benchmarks/golden_policy_full_20260907/80/evaluation.json
81,True,R_to_P,complete,recovered,True,False,False,2.321670419536531,0.22123295906931162,2.983508,131.37109375,recovered,True,,/project/yunhengzou/coordinate_alignment/aam_benchmarks/golden_policy_full_20260907/81/cuts/aam.pkl.gz,/project/yunhengzou/coordinate_alignment/aam_benchmarks/golden_policy_full_20260907/81/evaluation.json
82,True,P_to_R,complete,recovered,True,False,False,0.43267831578850746,0.03504612576216459,1.3352279999999999,119.3125,recovered,True,,/project/yunhengzou/coordinate_alignment/aam_benchmarks/golden_policy_full_20260907/82/cuts/aam.pkl.gz,/project/yunhengzou/coordinate_alignment/aam_benchmarks/golden_policy_full_20260907/82/evaluation.json
83,True,R_to_P,complete,recovered,False,False,True,4.828859084285796,0.1825182605534792,4.738243,145.1640625,recovered,False,,/project/yunhengzou/coordinate_alignment/aam_benchmarks/golden_policy_full_20260907/83/cuts/aam.pkl.gz,/project/yunhengzou/coordinate_alignment/aam_benchmarks/golden_policy_full_20260907/83/evaluation.json
84,True,R_to_P,complete,recovered,True,False,False,6.419434224255383,0.6096821688115597,6.488187,186.953125,recovered,True,,/project/yunhengzou/coordinate_alignment/aam_benchmarks/golden_policy_full_20260907/84/cuts/aam.pkl.gz,/project/yunhengzou/coordinate_alignment/aam_benchmarks/golden_policy_full_20260907/84/evaluation.json
85,True,P_to_R,complete,recovered,True,False,True,5.974372840486467,0.49038670025765896,5.862267,166.33984375,recovered,True,,/project/yunhengzou/coordinate_alignment/aam_benchmarks/golden_policy_full_20260907/85/cuts/aam.pkl.gz,/project/yunhengzou/coordinate_alignment/aam_benchmarks/golden_policy_full_20260907/85/evaluation.json
86,True,R_to_P,complete,recovered,True,False,True,3.6964020309969783,0.3279637433588505,4.392005,182.87109375,recovered,True,,/project/yunhengzou/coordinate_alignment/aam_benchmarks/golden_policy_full_20260907/86/cuts/aam.pkl.gz,/project/yunhengzou/coordinate_alignment/aam_benchmarks/golden_policy_full_20260907/86/evaluation.json
87,True,R_to_P,complete,recovered,True,False,True,2.4613620676100254,0.19465829338878393,3.135095,149.703125,recovered,True,,/project/yunhengzou/coordinate_alignment/aam_benchmarks/golden_policy_full_20260907/87/cuts/aam.pkl.gz,/project/yunhengzou/coordinate_alignment/aam_benchmarks/golden_policy_full_20260907/87/evaluation.json
88,True,P_to_R,complete,recovered,True,False,False,2.421910710632801,0.1803899398073554,2.8668660000000004,130.21875,recovered,True,,/project/yunhengzou/coordinate_alignment/aam_benchmarks/golden_policy_full_20260907/88/cuts/aam.pkl.gz,/project/yunhengzou/coordinate_alignment/aam_benchmarks/golden_policy_full_20260907/88/evaluation.json
89,True,R_to_P,complete,recovered,True,False,False,1.1479571526870131,0.15917731169611216,2.048924,131.32421875,recovered,True,,/project/yunhengzou/coordinate_alignment/aam_benchmarks/golden_policy_full_20260907/89/cuts/aam.pkl.gz,/project/yunhengzou/coordinate_alignment/aam_benchmarks/golden_policy_full_20260907/89/evaluation.json
90,True,R_to_P,complete,recovered,True,False,True,9.897981945425272,1.1033780202269554,10.109785,288.98828125,recovered,True,,/project/yunhengzou/coordinate_alignment/aam_benchmarks/golden_policy_full_20260907/90/cuts/aam.pkl.gz,/project/yunhengzou/coordinate_alignment/aam_benchmarks/golden_policy_full_20260907/90/evaluation.json
91,True,R_to_P,complete,recovered,True,False,True,7.135060971137136,0.6242656582035124,7.575738,210.74609375,recovered,True,,/project/yunhengzou/coordinate_alignment/aam_benchmarks/golden_policy_full_20260907/91/cuts/aam.pkl.gz,/project/yunhengzou/coordinate_alignment/aam_benchmarks/golden_policy_full_20260907/91/evaluation.json
92,True,R_to_P,complete,recovered,True,False,True,2.8568502911366522,0.278575133997947,3.786209,161.08984375,recovered,True,,/project/yunhengzou/coordinate_alignment/aam_benchmarks/golden_policy_full_20260907/92/cuts/aam.pkl.gz,/project/yunhengzou/coordinate_alignment/aam_benchmarks/golden_policy_full_20260907/92/evaluation.json
93,True,R_to_P,complete,recovered,True,False,True,1.4061070238240063,0.10489358101040125,2.313402,144.1328125,recovered,True,,/project/yunhengzou/coordinate_alignment/aam_benchmarks/golden_policy_full_20260907/93/cuts/aam.pkl.gz,/project/yunhengzou/coordinate_alignment/aam_benchmarks/golden_policy_full_20260907/93/evaluation.json
94,True,R_to_P,complete,recovered,True,False,False,0.3380075367167592,0.031010814011096954,1.45536,120.77734375,recovered,True,,/project/yunhengzou/coordinate_alignment/aam_benchmarks/golden_policy_full_20260907/94/cuts/aam.pkl.gz,/project/yunhengzou/coordinate_alignment/aam_benchmarks/golden_policy_full_20260907/94/evaluation.json
95,True,R_to_P,complete,recovered,True,False,True,5.339333190117031,0.3181565492413938,5.854539999999999,192.79296875,recovered,True,,/project/yunhengzou/coordinate_alignment/aam_benchmarks/golden_policy_full_20260907/95/cuts/aam.pkl.gz,/project/yunhengzou/coordinate_alignment/aam_benchmarks/golden_policy_full_20260907/95/evaluation.json
96,True,R_to_P,complete,recovered,True,False,False,1.0600591818802059,0.08009532280266285,2.0060119999999997,127.484375,recovered,True,,/project/yunhengzou/coordinate_alignment/aam_benchmarks/golden_policy_full_20260907/96/cuts/aam.pkl.gz,/project/yunhengzou/coordinate_alignment/aam_benchmarks/golden_policy_full_20260907/96/evaluation.json
97,True,R_to_P,complete,recovered,True,False,False,2.8194935410283506,0.2549455752596259,3.682139,149.56640625,recovered,True,,/project/yunhengzou/coordinate_alignment/aam_benchmarks/golden_policy_full_20260907/97/cuts/aam.pkl.gz,/project/yunhengzou/coordinate_alignment/aam_benchmarks/golden_policy_full_20260907/97/evaluation.json
98,True,R_to_P,complete,recovered,True,False,True,0.6037330999970436,0.06757323862984776,1.661735,129.40234375,recovered,True,,/project/yunhengzou/coordinate_alignment/aam_benchmarks/golden_policy_full_20260907/98/cuts/aam.pkl.gz,/project/yunhengzou/coordinate_alignment/aam_benchmarks/golden_policy_full_20260907/98/evaluation.json
99,True,R_to_P,complete,recovered,True,False,False,1.732542613055557,0.16558588901534677,2.653832,139.80859375,recovered,True,,/project/yunhengzou/coordinate_alignment/aam_benchmarks/golden_policy_full_20260907/99/cuts/aam.pkl.gz,/project/yunhengzou/coordinate_alignment/aam_benchmarks/golden_policy_full_20260907/99/evaluation.json
100,True,R_to_P,complete,recovered,True,False,False,3.2818849282339215,0.17853271681815386,3.3127929999999997,141.01171875,recovered,True,,/project/yunhengzou/coordinate_alignment/aam_benchmarks/golden_policy_full_20260907/100/cuts/aam.pkl.gz,/project/yunhengzou/coordinate_alignment/aam_benchmarks/golden_policy_full_20260907/100/evaluation.json
101,True,R_to_P,complete,recovered,True,False,False,1.5380850993096828,0.08033033646643162,2.1363559999999997,128.78125,recovered,True,,/project/yunhengzou/coordinate_alignment/aam_benchmarks/golden_policy_full_20260907/101/cuts/aam.pkl.gz,/project/yunhengzou/coordinate_alignment/aam_benchmarks/golden_policy_full_20260907/101/evaluation.json
102,True,R_to_P,complete,recovered,True,False,True,8.247894197702408,0.6069988831877708,7.8893070000000005,218.30078125,recovered,True,,/project/yunhengzou/coordinate_alignment/aam_benchmarks/golden_policy_full_20260907/102/cuts/aam.pkl.gz,/project/yunhengzou/coordinate_alignment/aam_benchmarks/golden_policy_full_20260907/102/evaluation.json
103,True,R_to_P,complete,recovered,True,False,True,6.7909625470638275,0.34197566844522953,6.731025,205.078125,recovered,True,,/project/yunhengzou/coordinate_alignment/aam_benchmarks/golden_policy_full_20260907/103/cuts/aam.pkl.gz,/project/yunhengzou/coordinate_alignment/aam_benchmarks/golden_policy_full_20260907/103/evaluation.json
104,True,R_to_P,complete,recovered,True,False,True,6.392482866533101,0.5209266031160951,6.57949,221.76171875,recovered,True,,/project/yunhengzou/coordinate_alignment/aam_benchmarks/golden_policy_full_20260907/104/cuts/aam.pkl.gz,/project/yunhengzou/coordinate_alignment/aam_benchmarks/golden_policy_full_20260907/104/evaluation.json
105,True,R_to_P,complete,recovered,True,False,True,1.5674969917163253,0.1232469966635108,2.281962,134.88671875,recovered,True,,/project/yunhengzou/coordinate_alignment/aam_benchmarks/golden_policy_full_20260907/105/cuts/aam.pkl.gz,/project/yunhengzou/coordinate_alignment/aam_benchmarks/golden_policy_full_20260907/105/evaluation.json
106,True,R_to_P,complete,recovered,True,False,True,11.496715312823653,0.83805819042027,11.330423,246.609375,recovered,True,,/project/yunhengzou/coordinate_alignment/aam_benchmarks/golden_policy_full_20260907/106/cuts/aam.pkl.gz,/project/yunhengzou/coordinate_alignment/aam_benchmarks/golden_policy_full_20260907/106/evaluation.json
107,True,R_to_P,complete,recovered,True,False,True,10.507040722295642,0.8806461011990905,10.133709,246.81640625,recovered,True,,/project/yunhengzou/coordinate_alignment/aam_benchmarks/golden_policy_full_20260907/107/cuts/aam.pkl.gz,/project/yunhengzou/coordinate_alignment/aam_benchmarks/golden_policy_full_20260907/107/evaluation.json
108,True,R_to_P,complete,recovered,True,False,True,13.998856409452856,1.0729108788073063,13.667082,297.57421875,recovered,True,,/project/yunhengzou/coordinate_alignment/aam_benchmarks/golden_policy_full_20260907/108/cuts/aam.pkl.gz,/project/yunhengzou/coordinate_alignment/aam_benchmarks/golden_policy_full_20260907/108/evaluation.json
109,True,R_to_P,complete,recovered,True,False,False,3.7110478477552533,0.2867587925866246,3.7542679999999997,152.40234375,recovered,True,,/project/yunhengzou/coordinate_alignment/aam_benchmarks/golden_policy_full_20260907/109/cuts/aam.pkl.gz,/project/yunhengzou/coordinate_alignment/aam_benchmarks/golden_policy_full_20260907/109/evaluation.json
110,True,R_to_P,complete,recovered,True,False,True,22.08004968240857,1.6183830983936787,20.952369,512.0859375,recovered,True,,/project/yunhengzou/coordinate_alignment/aam_benchmarks/golden_policy_full_20260907/110/cuts/aam.pkl.gz,/project/yunhengzou/coordinate_alignment/aam_benchmarks/golden_policy_full_20260907/110/evaluation.json
111,True,R_to_P,complete,recovered,True,False,True,13.697910651564598,1.1442540250718594,12.808329,341.1328125,recovered,True,,/project/yunhengzou/coordinate_alignment/aam_benchmarks/golden_policy_full_20260907/111/cuts/aam.pkl.gz,/project/yunhengzou/coordinate_alignment/aam_benchmarks/golden_policy_full_20260907/111/evaluation.json
112,True,R_to_P,complete,recovered,True,False,True,2.5256065572611988,0.22272121300920844,3.447408,152.6796875,recovered,True,,/project/yunhengzou/coordinate_alignment/aam_benchmarks/golden_policy_full_20260907/112/cuts/aam.pkl.gz,/project/yunhengzou/coordinate_alignment/aam_benchmarks/golden_policy_full_20260907/112/evaluation.json
113,True,R_to_P,complete,recovered,True,False,False,11.041660373099148,0.6442366989795119,9.55209,224.9296875,recovered,True,,/project/yunhengzou/coordinate_alignment/aam_benchmarks/golden_policy_full_20260907/113/cuts/aam.pkl.gz,/project/yunhengzou/coordinate_alignment/aam_benchmarks/golden_policy_full_20260907/113/evaluation.json
114,True,P_to_R,complete,recovered,True,False,False,0.7709966669790447,0.07773159700445831,1.687793,124.91015625,recovered,True,,/project/yunhengzou/coordinate_alignment/aam_benchmarks/golden_policy_full_20260907/114/cuts/aam.pkl.gz,/project/yunhengzou/coordinate_alignment/aam_benchmarks/golden_policy_full_20260907/114/evaluation.json
115,True,P_to_R,complete,recovered,True,False,True,5.953896692954004,1.2191536440514028,6.5949,220.5078125,recovered,True,,/project/yunhengzou/coordinate_alignment/aam_benchmarks/golden_policy_full_20260907/115/cuts/aam.pkl.gz,/project/yunhengzou/coordinate_alignment/aam_benchmarks/golden_policy_full_20260907/115/evaluation.json
116,True,R_to_P,complete,recovered,True,False,True,9.931987561983988,0.8649391550570726,9.829513,275.609375,recovered,True,,/project/yunhengzou/coordinate_alignment/aam_benchmarks/golden_policy_full_20260907/116/cuts/aam.pkl.gz,/project/yunhengzou/coordinate_alignment/aam_benchmarks/golden_policy_full_20260907/116/evaluation.json
117,True,P_to_R,complete,recovered,True,False,False,0.83350167889148,0.05101274303160608,1.7465160000000002,123.796875,recovered,True,,/project/yunhengzou/coordinate_alignment/aam_benchmarks/golden_policy_full_20260907/117/cuts/aam.pkl.gz,/project/yunhengzou/coordinate_alignment/aam_benchmarks/golden_policy_full_20260907/117/evaluation.json
118,True,R_to_P,complete,recovered,True,False,True,13.7592436701525,1.367664982099086,13.168917,289.8671875,recovered,True,,/project/yunhengzou/coordinate_alignment/aam_benchmarks/golden_policy_full_20260907/118/cuts/aam.pkl.gz,/project/yunhengzou/coordinate_alignment/aam_benchmarks/golden_policy_full_20260907/118/evaluation.json
119,True,R_to_P,complete,recovered,True,False,False,4.591745606856421,0.3850015541538596,4.365949,163.140625,recovered,True,,/project/yunhengzou/coordinate_alignment/aam_benchmarks/golden_policy_full_20260907/119/cuts/aam.pkl.gz,/project/yunhengzou/coordinate_alignment/aam_benchmarks/golden_policy_full_20260907/119/evaluation.json
120,True,R_to_P,complete,recovered,True,False,False,8.616389211965725,0.48044173093512654,8.551368,214.0234375,recovered,True,,/project/yunhengzou/coordinate_alignment/aam_benchmarks/golden_policy_full_20260907/120/cuts/aam.pkl.gz,/project/yunhengzou/coordinate_alignment/aam_benchmarks/golden_policy_full_20260907/120/evaluation.json
121,True,R_to_P,complete,recovered,True,False,True,19.36791811301373,1.5384361760225147,17.029392,392.32421875,recovered,True,,/project/yunhengzou/coordinate_alignment/aam_benchmarks/golden_policy_full_20260907/121/cuts/aam.pkl.gz,/project/yunhengzou/coordinate_alignment/aam_benchmarks/golden_policy_full_20260907/121/evaluation.json
122,True,R_to_P,complete,recovered,True,False,True,1.719020047225058,0.1374000133946538,2.4280399999999998,138.50390625,recovered,True,,/project/yunhengzou/coordinate_alignment/aam_benchmarks/golden_policy_full_20260907/122/cuts/aam.pkl.gz,/project/yunhengzou/coordinate_alignment/aam_benchmarks/golden_policy_full_20260907/122/evaluation.json
123,True,R_to_P,complete,recovered,False,False,True,11.777756115421653,1.2374117262661457,11.588702999999999,292.76953125,recovered,False,,/project/yunhengzou/coordinate_alignment/aam_benchmarks/golden_policy_full_20260907/123/cuts/aam.pkl.gz,/project/yunhengzou/coordinate_alignment/aam_benchmarks/golden_policy_full_20260907/123/evaluation.json
124,True,R_to_P,complete,recovered,False,False,True,5.547213970916346,66.17794937593862,5.241650999999999,192.65625,recovered,False,,/project/yunhengzou/coordinate_alignment/aam_benchmarks/golden_policy_full_20260907/124/cuts/aam.pkl.gz,/project/yunhengzou/coordinate_alignment/aam_benchmarks/golden_policy_full_20260907/124/evaluation.json
125,True,R_to_P,complete,recovered,True,False,True,7.915071859024465,0.6999380001798272,7.800874,221.8359375,recovered,True,,/project/yunhengzou/coordinate_alignment/aam_benchmarks/golden_policy_full_20260907/125/cuts/aam.pkl.gz,/project/yunhengzou/coordinate_alignment/aam_benchmarks/golden_policy_full_20260907/125/evaluation.json
126,True,R_to_P,complete,recovered,True,False,True,9.06312118191272,0.6924374189693481,8.137262,252.99609375,recovered,True,,/project/yunhengzou/coordinate_alignment/aam_benchmarks/golden_policy_full_20260907/126/cuts/aam.pkl.gz,/project/yunhengzou/coordinate_alignment/aam_benchmarks/golden_policy_full_20260907/126/evaluation.json
127,True,R_to_P,complete,recovered,True,False,True,6.138918182812631,0.33305514324456453,4.946801,178.328125,recovered,True,,/project/yunhengzou/coordinate_alignment/aam_benchmarks/golden_policy_full_20260907/127/cuts/aam.pkl.gz,/project/yunhengzou/coordinate_alignment/aam_benchmarks/golden_policy_full_20260907/127/evaluation.json
128,True,R_to_P,complete,recovered,True,False,False,13.067790039815009,0.9438456799834967,12.455031,256.45703125,recovered,True,,/project/yunhengzou/coordinate_alignment/aam_benchmarks/golden_policy_full_20260907/128/cuts/aam.pkl.gz,/project/yunhengzou/coordinate_alignment/aam_benchmarks/golden_policy_full_20260907/128/evaluation.json
129,True,R_to_P,complete,recovered,True,False,False,1.318443744443357,0.08094668481498957,1.952348,129.8125,recovered,True,,/project/yunhengzou/coordinate_alignment/aam_benchmarks/golden_policy_full_20260907/129/cuts/aam.pkl.gz,/project/yunhengzou/coordinate_alignment/aam_benchmarks/golden_policy_full_20260907/129/evaluation.json
130,True,P_to_R,complete,recovered,True,False,True,4.851108388975263,0.42517298460006714,5.436414,182.15625,not_recovered,False,gained,/project/yunhengzou/coordinate_alignment/aam_benchmarks/golden_policy_full_20260907/130/cuts/aam.pkl.gz,/project/yunhengzou/coordinate_alignment/aam_benchmarks/golden_policy_full_20260907/130/evaluation.json
131,True,R_to_P,complete,recovered,True,False,True,16.993020220892504,1.665620424086228,17.284398999999997,360.36328125,recovered,True,,/project/yunhengzou/coordinate_alignment/aam_benchmarks/golden_policy_full_20260907/131/cuts/aam.pkl.gz,/project/yunhengzou/coordinate_alignment/aam_benchmarks/golden_policy_full_20260907/131/evaluation.json
132,True,R_to_P,complete,recovered,True,False,True,4.8412267819512635,0.5429197258781642,4.801158,191.53125,recovered,True,,/project/yunhengzou/coordinate_alignment/aam_benchmarks/golden_policy_full_20260907/132/cuts/aam.pkl.gz,/project/yunhengzou/coordinate_alignment/aam_benchmarks/golden_policy_full_20260907/132/evaluation.json
133,True,R_to_P,complete,recovered,True,False,False,0.8000077230390161,0.0778044299222529,1.748213,129.7734375,recovered,True,,/project/yunhengzou/coordinate_alignment/aam_benchmarks/golden_policy_full_20260907/133/cuts/aam.pkl.gz,/project/yunhengzou/coordinate_alignment/aam_benchmarks/golden_policy_full_20260907/133/evaluation.json
134,True,P_to_R,complete,recovered,True,False,False,2.5776341250166297,0.2178180820774287,3.212452,136.29296875,recovered,True,,/project/yunhengzou/coordinate_alignment/aam_benchmarks/golden_policy_full_20260907/134/cuts/aam.pkl.gz,/project/yunhengzou/coordinate_alignment/aam_benchmarks/golden_policy_full_20260907/134/evaluation.json
135,True,R_to_P,complete,recovered,True,False,True,25.444526517065242,1.2372957039624453,25.787376,350.3671875,recovered,True,,/project/yunhengzou/coordinate_alignment/aam_benchmarks/golden_policy_full_20260907/135/cuts/aam.pkl.gz,/project/yunhengzou/coordinate_alignment/aam_benchmarks/golden_policy_full_20260907/135/evaluation.json
136,True,R_to_P,complete,recovered,True,False,False,0.9643472051247954,0.06660386198200285,1.848644,131.19140625,recovered,True,,/project/yunhengzou/coordinate_alignment/aam_benchmarks/golden_policy_full_20260907/136/cuts/aam.pkl.gz,/project/yunhengzou/coordinate_alignment/aam_benchmarks/golden_policy_full_20260907/136/evaluation.json
137,True,R_to_P,complete,recovered,True,False,True,3.934661609120667,0.2779552494175732,4.483426,178.6171875,recovered,True,,/project/yunhengzou/coordinate_alignment/aam_benchmarks/golden_policy_full_20260907/137/cuts/aam.pkl.gz,/project/yunhengzou/coordinate_alignment/aam_benchmarks/golden_policy_full_20260907/137/evaluation.json
138,True,R_to_P,complete,recovered,True,False,False,3.8530418621376157,0.35580608109012246,4.508799000000001,167.40234375,recovered,True,,/project/yunhengzou/coordinate_alignment/aam_benchmarks/golden_policy_full_20260907/138/cuts/aam.pkl.gz,/project/yunhengzou/coordinate_alignment/aam_benchmarks/golden_policy_full_20260907/138/evaluation.json
139,True,R_to_P,complete,recovered,False,False,False,1.412513222079724,0.11001876695081592,2.2313479999999997,134.890625,recovered,False,,/project/yunhengzou/coordinate_alignment/aam_benchmarks/golden_policy_full_20260907/139/cuts/aam.pkl.gz,/project/yunhengzou/coordinate_alignment/aam_benchmarks/golden_policy_full_20260907/139/evaluation.json
140,True,P_to_R,complete,recovered,True,False,True,1.1659628809429705,0.16775656770914793,2.083571,133.75390625,recovered,True,,/project/yunhengzou/coordinate_alignment/aam_benchmarks/golden_policy_full_20260907/140/cuts/aam.pkl.gz,/project/yunhengzou/coordinate_alignment/aam_benchmarks/golden_policy_full_20260907/140/evaluation.json
141,True,R_to_P,complete,recovered,True,False,True,4.376425875350833,0.29494108026847243,4.389043,178.0390625,recovered,True,,/project/yunhengzou/coordinate_alignment/aam_benchmarks/golden_policy_full_20260907/141/cuts/aam.pkl.gz,/project/yunhengzou/coordinate_alignment/aam_benchmarks/golden_policy_full_20260907/141/evaluation.json
142,True,R_to_P,complete,recovered,True,False,False,1.2709839730523527,0.12321878224611282,2.087915,134.92578125,recovered,True,,/project/yunhengzou/coordinate_alignment/aam_benchmarks/golden_policy_full_20260907/142/cuts/aam.pkl.gz,/project/yunhengzou/coordinate_alignment/aam_benchmarks/golden_policy_full_20260907/142/evaluation.json
143,True,R_to_P,complete,recovered,True,False,True,16.779528711922467,1.3394224410876632,16.706065,339.04296875,recovered,True,,/project/yunhengzou/coordinate_alignment/aam_benchmarks/golden_policy_full_20260907/143/cuts/aam.pkl.gz,/project/yunhengzou/coordinate_alignment/aam_benchmarks/golden_policy_full_20260907/143/evaluation.json
144,True,R_to_P,complete,recovered,True,False,False,0.4276002957485616,0.03438038798049092,1.4129180000000001,124.0234375,recovered,True,,/project/yunhengzou/coordinate_alignment/aam_benchmarks/golden_policy_full_20260907/144/cuts/aam.pkl.gz,/project/yunhengzou/coordinate_alignment/aam_benchmarks/golden_policy_full_20260907/144/evaluation.json
145,True,R_to_P,complete,recovered,True,False,False,1.6539671276696026,0.11807426530867815,2.411458,133.73046875,recovered,True,,/project/yunhengzou/coordinate_alignment/aam_benchmarks/golden_policy_full_20260907/145/cuts/aam.pkl.gz,/project/yunhengzou/coordinate_alignment/aam_benchmarks/golden_policy_full_20260907/145/evaluation.json
146,True,R_to_P,complete,recovered,True,False,True,57.95933741610497,4.65998372528702,56.485821,1207.73046875,recovered,True,,/project/yunhengzou/coordinate_alignment/aam_benchmarks/golden_policy_full_20260907/146/cuts/aam.pkl.gz,/project/yunhengzou/coordinate_alignment/aam_benchmarks/golden_policy_full_20260907/146/evaluation.json
147,True,R_to_P,complete,recovered,True,False,True,4.436942856758833,0.36283498629927635,4.639990999999999,175.23828125,recovered,True,,/project/yunhengzou/coordinate_alignment/aam_benchmarks/golden_policy_full_20260907/147/cuts/aam.pkl.gz,/project/yunhengzou/coordinate_alignment/aam_benchmarks/golden_policy_full_20260907/147/evaluation.json
148,True,R_to_P,complete,recovered,True,False,False,0.8012837609276175,0.06051453296095133,1.724033,124.49609375,recovered,True,,/project/yunhengzou/coordinate_alignment/aam_benchmarks/golden_policy_full_20260907/148/cuts/aam.pkl.gz,/project/yunhengzou/coordinate_alignment/aam_benchmarks/golden_policy_full_20260907/148/evaluation.json
149,True,R_to_P,complete,recovered,True,False,True,36.658645768649876,3.05392680503428,34.774212,735.47265625,recovered,True,,/project/yunhengzou/coordinate_alignment/aam_benchmarks/golden_policy_full_20260907/149/cuts/aam.pkl.gz,/project/yunhengzou/coordinate_alignment/aam_benchmarks/golden_policy_full_20260907/149/evaluation.json
150,True,R_to_P,complete,recovered,True,False,True,18.841135705821216,2.2509155021980405,18.166244,436.29296875,recovered,True,,/project/yunhengzou/coordinate_alignment/aam_benchmarks/golden_policy_full_20260907/150/cuts/aam.pkl.gz,/project/yunhengzou/coordinate_alignment/aam_benchmarks/golden_policy_full_20260907/150/evaluation.json
151,True,P_to_R,complete,recovered,False,False,True,19.583207468502223,2.7102730264887214,19.388837,431.109375,not_recovered,False,gained,/project/yunhengzou/coordinate_alignment/aam_benchmarks/golden_policy_full_20260907/151/cuts/aam.pkl.gz,/project/yunhengzou/coordinate_alignment/aam_benchmarks/golden_policy_full_20260907/151/evaluation.json
152,True,R_to_P,complete,recovered,True,False,True,62.481530650518835,5.280418341048062,59.718315000000004,1241.63671875,recovered,True,,/project/yunhengzou/coordinate_alignment/aam_benchmarks/golden_policy_full_20260907/152/cuts/aam.pkl.gz,/project/yunhengzou/coordinate_alignment/aam_benchmarks/golden_policy_full_20260907/152/evaluation.json
153,True,R_to_P,complete,recovered,False,False,True,15.100568251684308,1.444458699785173,14.329707,319.2421875,recovered,False,,/project/yunhengzou/coordinate_alignment/aam_benchmarks/golden_policy_full_20260907/153/cuts/aam.pkl.gz,/project/yunhengzou/coordinate_alignment/aam_benchmarks/golden_policy_full_20260907/153/evaluation.json
154,True,R_to_P,complete,recovered,True,False,True,22.046905614435673,1.5569016188383102,21.626937,511.80078125,recovered,True,,/project/yunhengzou/coordinate_alignment/aam_benchmarks/golden_policy_full_20260907/154/cuts/aam.pkl.gz,/project/yunhengzou/coordinate_alignment/aam_benchmarks/golden_policy_full_20260907/154/evaluation.json
155,True,R_to_P,complete,recovered,True,False,False,3.184993096627295,0.23843073472380638,3.6327109999999996,154.68359375,recovered,False,,/project/yunhengzou/coordinate_alignment/aam_benchmarks/golden_policy_full_20260907/155/cuts/aam.pkl.gz,/project/yunhengzou/coordinate_alignment/aam_benchmarks/golden_policy_full_20260907/155/evaluation.json
156,True,P_to_R,complete,recovered,True,False,True,22.658135237172246,3.0835991306230426,22.305638,536.796875,recovered,False,,/project/yunhengzou/coordinate_alignment/aam_benchmarks/golden_policy_full_20260907/156/cuts/aam.pkl.gz,/project/yunhengzou/coordinate_alignment/aam_benchmarks/golden_policy_full_20260907/156/evaluation.json
157,True,R_to_P,complete,recovered,True,False,True,19.38672337285243,1.6809277220163494,16.850491,343.25390625,recovered,True,,/project/yunhengzou/coordinate_alignment/aam_benchmarks/golden_policy_full_20260907/157/cuts/aam.pkl.gz,/project/yunhengzou/coordinate_alignment/aam_benchmarks/golden_policy_full_20260907/157/evaluation.json
158,True,R_to_P,complete,recovered,True,False,False,2.238436309620738,0.1543405530974269,2.835978,136.9765625,recovered,True,,/project/yunhengzou/coordinate_alignment/aam_benchmarks/golden_policy_full_20260907/158/cuts/aam.pkl.gz,/project/yunhengzou/coordinate_alignment/aam_benchmarks/golden_policy_full_20260907/158/evaluation.json
159,True,R_to_P,complete,recovered,True,False,False,2.940348766744137,0.1869489597156644,3.3613869999999997,150.09375,recovered,True,,/project/yunhengzou/coordinate_alignment/aam_benchmarks/golden_policy_full_20260907/159/cuts/aam.pkl.gz,/project/yunhengzou/coordinate_alignment/aam_benchmarks/golden_policy_full_20260907/159/evaluation.json
160,True,R_to_P,complete,recovered,True,False,True,4.548484219238162,0.32602464873343706,4.945609,191.33203125,recovered,True,,/project/yunhengzou/coordinate_alignment/aam_benchmarks/golden_policy_full_20260907/160/cuts/aam.pkl.gz,/project/yunhengzou/coordinate_alignment/aam_benchmarks/golden_policy_full_20260907/160/evaluation.json
161,True,P_to_R,complete,recovered,True,False,True,4.787467730231583,0.6972901578992605,5.309489999999999,206.83984375,recovered,True,,/project/yunhengzou/coordinate_alignment/aam_benchmarks/golden_policy_full_20260907/161/cuts/aam.pkl.gz,/project/yunhengzou/coordinate_alignment/aam_benchmarks/golden_policy_full_20260907/161/evaluation.json
162,True,R_to_P,complete,recovered,False,False,True,5.152608782052994,0.5019164774566889,5.430918,189.484375,recovered,False,,/project/yunhengzou/coordinate_alignment/aam_benchmarks/golden_policy_full_20260907/162/cuts/aam.pkl.gz,/project/yunhengzou/coordinate_alignment/aam_benchmarks/golden_policy_full_20260907/162/evaluation.json
163,True,R_to_P,complete,recovered,True,False,True,3.478668818017468,0.2628393869381398,4.106129,178.546875,recovered,True,,/project/yunhengzou/coordinate_alignment/aam_benchmarks/golden_policy_full_20260907/163/cuts/aam.pkl.gz,/project/yunhengzou/coordinate_alignment/aam_benchmarks/golden_policy_full_20260907/163/evaluation.json
164,True,R_to_P,complete,recovered,True,False,True,49.28678335994482,4.01978602190502,48.221320000000006,736.328125,recovered,True,,/project/yunhengzou/coordinate_alignment/aam_benchmarks/golden_policy_full_20260907/164/cuts/aam.pkl.gz,/project/yunhengzou/coordinate_alignment/aam_benchmarks/golden_policy_full_20260907/164/evaluation.json
165,True,R_to_P,complete,recovered,True,False,False,0.5757338926196098,0.04231620579957962,1.5648529999999998,125.08984375,recovered,True,,/project/yunhengzou/coordinate_alignment/aam_benchmarks/golden_policy_full_20260907/165/cuts/aam.pkl.gz,/project/yunhengzou/coordinate_alignment/aam_benchmarks/golden_policy_full_20260907/165/evaluation.json
166,True,P_to_R,complete,recovered,True,False,False,1.8729077177122235,0.16335943900048733,2.706718,142.609375,recovered,True,,/project/yunhengzou/coordinate_alignment/aam_benchmarks/golden_policy_full_20260907/166/cuts/aam.pkl.gz,/project/yunhengzou/coordinate_alignment/aam_benchmarks/golden_policy_full_20260907/166/evaluation.json
167,True,P_to_R,complete,recovered,False,False,True,71.06950723612681,6.1961791520006955,68.223988,1517.65625,not_recovered,False,gained,/project/yunhengzou/coordinate_alignment/aam_benchmarks/golden_policy_full_20260907/167/cuts/aam.pkl.gz,/project/yunhengzou/coordinate_alignment/aam_benchmarks/golden_policy_full_20260907/167/evaluation.json
168,True,R_to_P,complete,recovered,True,False,True,4.684160714037716,0.565376213286072,5.405285999999999,198.37890625,recovered,True,,/project/yunhengzou/coordinate_alignment/aam_benchmarks/golden_policy_full_20260907/168/cuts/aam.pkl.gz,/project/yunhengzou/coordinate_alignment/aam_benchmarks/golden_policy_full_20260907/168/evaluation.json
169,True,P_to_R,complete,recovered,False,False,True,16.678064262960106,1.787405543960631,16.436607,416.546875,recovered,False,,/project/yunhengzou/coordinate_alignment/aam_benchmarks/golden_policy_full_20260907/169/cuts/aam.pkl.gz,/project/yunhengzou/coordinate_alignment/aam_benchmarks/golden_policy_full_20260907/169/evaluation.json
170,True,P_to_R,complete,recovered,True,False,False,1.6772452308796346,0.13857971131801605,2.2166460000000003,130.33203125,recovered,True,,/project/yunhengzou/coordinate_alignment/aam_benchmarks/golden_policy_full_20260907/170/cuts/aam.pkl.gz,/project/yunhengzou/coordinate_alignment/aam_benchmarks/golden_policy_full_20260907/170/evaluation.json
171,True,R_to_P,complete,recovered,True,False,True,26.504152939654887,3.0688886269927025,26.552015,641.50390625,recovered,True,,/project/yunhengzou/coordinate_alignment/aam_benchmarks/golden_policy_full_20260907/171/cuts/aam.pkl.gz,/project/yunhengzou/coordinate_alignment/aam_benchmarks/golden_policy_full_20260907/171/evaluation.json
172,True,R_to_P,complete,recovered,True,False,True,2.424082246609032,0.1687748972326517,3.0863880000000004,144.8671875,recovered,True,,/project/yunhengzou/coordinate_alignment/aam_benchmarks/golden_policy_full_20260907/172/cuts/aam.pkl.gz,/project/yunhengzou/coordinate_alignment/aam_benchmarks/golden_policy_full_20260907/172/evaluation.json
173,True,R_to_P,complete,recovered,True,False,True,5.209461545571685,0.5035724760964513,5.777861000000001,207.78515625,recovered,True,,/project/yunhengzou/coordinate_alignment/aam_benchmarks/golden_policy_full_20260907/173/cuts/aam.pkl.gz,/project/yunhengzou/coordinate_alignment/aam_benchmarks/golden_policy_full_20260907/173/evaluation.json
174,True,R_to_P,complete,recovered,True,False,False,5.604773179627955,0.3477971572428942,5.891773,191.1796875,recovered,True,,/project/yunhengzou/coordinate_alignment/aam_benchmarks/golden_policy_full_20260907/174/cuts/aam.pkl.gz,/project/yunhengzou/coordinate_alignment/aam_benchmarks/golden_policy_full_20260907/174/evaluation.json
175,True,R_to_P,complete,recovered,True,False,True,8.401065754937008,1.0884441412054002,9.055907000000001,277.04296875,recovered,True,,/project/yunhengzou/coordinate_alignment/aam_benchmarks/golden_policy_full_20260907/175/cuts/aam.pkl.gz,/project/yunhengzou/coordinate_alignment/aam_benchmarks/golden_policy_full_20260907/175/evaluation.json
176,True,R_to_P,complete,recovered,True,False,True,5.993006355827674,0.6578093660064042,6.58535,231.13671875,recovered,True,,/project/yunhengzou/coordinate_alignment/aam_benchmarks/golden_policy_full_20260907/176/cuts/aam.pkl.gz,/project/yunhengzou/coordinate_alignment/aam_benchmarks/golden_policy_full_20260907/176/evaluation.json
177,True,P_to_R,complete,recovered,True,False,True,22.457528047962114,2.838877212954685,22.396932999999997,526.4765625,recovered,True,,/project/yunhengzou/coordinate_alignment/aam_benchmarks/golden_policy_full_20260907/177/cuts/aam.pkl.gz,/project/yunhengzou/coordinate_alignment/aam_benchmarks/golden_policy_full_20260907/177/evaluation.json
178,True,R_to_P,complete,recovered,True,False,True,14.509579174919054,1.4379946149419993,14.56644,372.05078125,recovered,True,,/project/yunhengzou/coordinate_alignment/aam_benchmarks/golden_policy_full_20260907/178/cuts/aam.pkl.gz,/project/yunhengzou/coordinate_alignment/aam_benchmarks/golden_policy_full_20260907/178/evaluation.json
179,True,R_to_P,complete,recovered,True,False,False,2.8042213739827275,0.18210640083998442,3.3902319999999997,146.44140625,recovered,True,,/project/yunhengzou/coordinate_alignment/aam_benchmarks/golden_policy_full_20260907/179/cuts/aam.pkl.gz,/project/yunhengzou/coordinate_alignment/aam_benchmarks/golden_policy_full_20260907/179/evaluation.json
180,True,R_to_P,complete,recovered,True,False,False,0.9060486047528684,0.0562387122772634,1.8350149999999998,127.078125,recovered,True,,/project/yunhengzou/coordinate_alignment/aam_benchmarks/golden_policy_full_20260907/180/cuts/aam.pkl.gz,/project/yunhengzou/coordinate_alignment/aam_benchmarks/golden_policy_full_20260907/180/evaluation.json
181,True,R_to_P,complete,recovered,True,False,True,50.83819241193123,5.7886377279646695,50.553476,1049.73828125,recovered,False,,/project/yunhengzou/coordinate_alignment/aam_benchmarks/golden_policy_full_20260907/181/cuts/aam.pkl.gz,/project/yunhengzou/coordinate_alignment/aam_benchmarks/golden_policy_full_20260907/181/evaluation.json
182,True,P_to_R,complete,recovered,True,False,True,14.570820912020281,2.7769921869039536,14.764826,390.4921875,recovered,True,,/project/yunhengzou/coordinate_alignment/aam_benchmarks/golden_policy_full_20260907/182/cuts/aam.pkl.gz,/project/yunhengzou/coordinate_alignment/aam_benchmarks/golden_policy_full_20260907/182/evaluation.json
183,True,R_to_P,complete,recovered,True,False,False,2.172986544901505,0.1384208300150931,2.69248,140.2109375,recovered,True,,/project/yunhengzou/coordinate_alignment/aam_benchmarks/golden_policy_full_20260907/183/cuts/aam.pkl.gz,/project/yunhengzou/coordinate_alignment/aam_benchmarks/golden_policy_full_20260907/183/evaluation.json
184,True,R_to_P,complete,recovered,False,False,True,6.710683521814644,0.7480916520580649,7.271307,246.63671875,recovered,False,,/project/yunhengzou/coordinate_alignment/aam_benchmarks/golden_policy_full_20260907/184/cuts/aam.pkl.gz,/project/yunhengzou/coordinate_alignment/aam_benchmarks/golden_policy_full_20260907/184/evaluation.json
185,True,P_to_R,complete,recovered,True,False,False,0.8541950380895287,0.0933176891412586,1.88141,128.42578125,recovered,True,,/project/yunhengzou/coordinate_alignment/aam_benchmarks/golden_policy_full_20260907/185/cuts/aam.pkl.gz,/project/yunhengzou/coordinate_alignment/aam_benchmarks/golden_policy_full_20260907/185/evaluation.json
186,True,R_to_P,complete,recovered,True,False,True,50.83951092977077,5.870259000919759,50.03168,1045.9765625,recovered,False,,/project/yunhengzou/coordinate_alignment/aam_benchmarks/golden_policy_full_20260907/186/cuts/aam.pkl.gz,/project/yunhengzou/coordinate_alignment/aam_benchmarks/golden_policy_full_20260907/186/evaluation.json
187,True,R_to_P,complete,recovered,True,False,True,10.180547073483467,1.1697491817176342,10.690406,304.15625,recovered,True,,/project/yunhengzou/coordinate_alignment/aam_benchmarks/golden_policy_full_20260907/187/cuts/aam.pkl.gz,/project/yunhengzou/coordinate_alignment/aam_benchmarks/golden_policy_full_20260907/187/evaluation.json
188,True,R_to_P,complete,recovered,True,False,False,0.4257805421948433,0.03957781940698624,1.369901,123.75390625,recovered,True,,/project/yunhengzou/coordinate_alignment/aam_benchmarks/golden_policy_full_20260907/188/cuts/aam.pkl.gz,/project/yunhengzou/coordinate_alignment/aam_benchmarks/golden_policy_full_20260907/188/evaluation.json
189,True,R_to_P,complete,recovered,True,False,False,0.7795684272423387,0.0448636319488287,1.618852,124.671875,recovered,True,,/project/yunhengzou/coordinate_alignment/aam_benchmarks/golden_policy_full_20260907/189/cuts/aam.pkl.gz,/project/yunhengzou/coordinate_alignment/aam_benchmarks/golden_policy_full_20260907/189/evaluation.json
190,True,R_to_P,complete,recovered,True,False,False,0.6209312006831169,0.04131828807294369,1.4549889999999999,123.37890625,recovered,True,,/project/yunhengzou/coordinate_alignment/aam_benchmarks/golden_policy_full_20260907/190/cuts/aam.pkl.gz,/project/yunhengzou/coordinate_alignment/aam_benchmarks/golden_policy_full_20260907/190/evaluation.json
191,True,P_to_R,complete,recovered,True,False,False,0.6764288824051619,0.06935169734060764,1.664517,125.02734375,recovered,True,,/project/yunhengzou/coordinate_alignment/aam_benchmarks/golden_policy_full_20260907/191/cuts/aam.pkl.gz,/project/yunhengzou/coordinate_alignment/aam_benchmarks/golden_policy_full_20260907/191/evaluation.json
192,True,R_to_P,complete,recovered,True,False,False,1.699303375557065,0.11088164988905191,2.363309,136.3671875,recovered,True,,/project/yunhengzou/coordinate_alignment/aam_benchmarks/golden_policy_full_20260907/192/cuts/aam.pkl.gz,/project/yunhengzou/coordinate_alignment/aam_benchmarks/golden_policy_full_20260907/192/evaluation.json
193,True,R_to_P,complete,recovered,True,False,False,1.2264513308182359,0.08331839786842465,2.0123230000000003,130.3125,recovered,True,,/project/yunhengzou/coordinate_alignment/aam_benchmarks/golden_policy_full_20260907/193/cuts/aam.pkl.gz,/project/yunhengzou/coordinate_alignment/aam_benchmarks/golden_policy_full_20260907/193/evaluation.json
194,True,R_to_P,complete,recovered,False,False,True,120.06065856711939,15.381004620809108,118.576893,2206.8359375,recovered,False,,/project/yunhengzou/coordinate_alignment/aam_benchmarks/golden_policy_full_20260907/194/cuts/aam.pkl.gz,/project/yunhengzou/coordinate_alignment/aam_benchmarks/golden_policy_full_20260907/194/evaluation.json
195,True,R_to_P,complete,recovered,True,False,True,5.675785626750439,0.2445538081228733,6.014638,166.0078125,recovered,True,,/project/yunhengzou/coordinate_alignment/aam_benchmarks/golden_policy_full_20260907/195/cuts/aam.pkl.gz,/project/yunhengzou/coordinate_alignment/aam_benchmarks/golden_policy_full_20260907/195/evaluation.json
196,True,R_to_P,complete,recovered,True,False,True,16.265542211011052,1.631260905880481,15.810115,367.671875,recovered,True,,/project/yunhengzou/coordinate_alignment/aam_benchmarks/golden_policy_full_20260907/196/cuts/aam.pkl.gz,/project/yunhengzou/coordinate_alignment/aam_benchmarks/golden_policy_full_20260907/196/evaluation.json
197,True,R_to_P,complete,recovered,False,False,False,2.1352793923579156,0.15982980700209737,2.919399,149.0078125,recovered,False,,/project/yunhengzou/coordinate_alignment/aam_benchmarks/golden_policy_full_20260907/197/cuts/aam.pkl.gz,/project/yunhengzou/coordinate_alignment/aam_benchmarks/golden_policy_full_20260907/197/evaluation.json
198,True,R_to_P,complete,recovered,True,False,True,25.371825414244086,2.0463845976628363,24.190949,517.41796875,recovered,True,,/project/yunhengzou/coordinate_alignment/aam_benchmarks/golden_policy_full_20260907/198/cuts/aam.pkl.gz,/project/yunhengzou/coordinate_alignment/aam_benchmarks/golden_policy_full_20260907/198/evaluation.json
199,True,R_to_P,complete,recovered,True,False,True,17.059644075110555,1.6923455968499184,16.983037,403.8828125,recovered,True,,/project/yunhengzou/coordinate_alignment/aam_benchmarks/golden_policy_full_20260907/199/cuts/aam.pkl.gz,/project/yunhengzou/coordinate_alignment/aam_benchmarks/golden_policy_full_20260907/199/evaluation.json
200,True,R_to_P,complete,recovered,True,False,True,3.40240124380216,0.28688697097823024,3.9947749999999997,177.51953125,recovered,True,,/project/yunhengzou/coordinate_alignment/aam_benchmarks/golden_policy_full_20260907/200/cuts/aam.pkl.gz,/project/yunhengzou/coordinate_alignment/aam_benchmarks/golden_policy_full_20260907/200/evaluation.json
201,True,R_to_P,complete,recovered,True,False,True,26.43942922586575,3.084736139047891,26.433148000000003,562.03515625,recovered,True,,/project/yunhengzou/coordinate_alignment/aam_benchmarks/golden_policy_full_20260907/201/cuts/aam.pkl.gz,/project/yunhengzou/coordinate_alignment/aam_benchmarks/golden_policy_full_20260907/201/evaluation.json
202,True,R_to_P,complete,recovered,False,False,True,29.126231398899108,2.9212339371442795,29.015786,700.0625,not_recovered,False,gained,/project/yunhengzou/coordinate_alignment/aam_benchmarks/golden_policy_full_20260907/202/cuts/aam.pkl.gz,/project/yunhengzou/coordinate_alignment/aam_benchmarks/golden_policy_full_20260907/202/evaluation.json
203,True,R_to_P,complete,recovered,True,False,False,0.35052112955600023,0.032259032130241394,1.3315329999999999,120.41015625,recovered,True,,/project/yunhengzou/coordinate_alignment/aam_benchmarks/golden_policy_full_20260907/203/cuts/aam.pkl.gz,/project/yunhengzou/coordinate_alignment/aam_benchmarks/golden_policy_full_20260907/203/evaluation.json
204,True,R_to_P,complete,recovered,True,False,True,6.058865875005722,0.4639642033725977,6.6418479999999995,208.5546875,recovered,True,,/project/yunhengzou/coordinate_alignment/aam_benchmarks/golden_policy_full_20260907/204/cuts/aam.pkl.gz,/project/yunhengzou/coordinate_alignment/aam_benchmarks/golden_policy_full_20260907/204/evaluation.json
205,True,R_to_P,complete,recovered,True,False,False,8.974335866980255,0.6898816274479032,9.205743,245.9765625,recovered,True,,/project/yunhengzou/coordinate_alignment/aam_benchmarks/golden_policy_full_20260907/205/cuts/aam.pkl.gz,/project/yunhengzou/coordinate_alignment/aam_benchmarks/golden_policy_full_20260907/205/evaluation.json
206,True,R_to_P,complete,recovered,True,False,False,0.5563195003196597,0.03765203058719635,1.46364,120.76953125,recovered,True,,/project/yunhengzou/coordinate_alignment/aam_benchmarks/golden_policy_full_20260907/206/cuts/aam.pkl.gz,/project/yunhengzou/coordinate_alignment/aam_benchmarks/golden_policy_full_20260907/206/evaluation.json
207,True,R_to_P,complete,recovered,True,False,True,13.529500899836421,1.3583587519824505,13.878188999999999,340.33984375,recovered,True,,/project/yunhengzou/coordinate_alignment/aam_benchmarks/golden_policy_full_20260907/207/cuts/aam.pkl.gz,/project/yunhengzou/coordinate_alignment/aam_benchmarks/golden_policy_full_20260907/207/evaluation.json
208,True,R_to_P,complete,recovered,True,False,False,2.651190103031695,0.18513195402920246,3.26031,143.15234375,recovered,True,,/project/yunhengzou/coordinate_alignment/aam_benchmarks/golden_policy_full_20260907/208/cuts/aam.pkl.gz,/project/yunhengzou/coordinate_alignment/aam_benchmarks/golden_policy_full_20260907/208/evaluation.json
209,True,R_to_P,complete,recovered,True,False,True,17.805742288008332,1.571017277892679,17.114479000000003,389.8203125,recovered,True,,/project/yunhengzou/coordinate_alignment/aam_benchmarks/golden_policy_full_20260907/209/cuts/aam.pkl.gz,/project/yunhengzou/coordinate_alignment/aam_benchmarks/golden_policy_full_20260907/209/evaluation.json
210,True,R_to_P,complete,recovered,True,False,True,3.46193131711334,0.36278027296066284,4.287049,185.640625,recovered,True,,/project/yunhengzou/coordinate_alignment/aam_benchmarks/golden_policy_full_20260907/210/cuts/aam.pkl.gz,/project/yunhengzou/coordinate_alignment/aam_benchmarks/golden_policy_full_20260907/210/evaluation.json
211,True,R_to_P,complete,recovered,True,False,False,0.32604909990914166,0.023128440836444497,1.297407,123.8359375,recovered,True,,/project/yunhengzou/coordinate_alignment/aam_benchmarks/golden_policy_full_20260907/211/cuts/aam.pkl.gz,/project/yunhengzou/coordinate_alignment/aam_benchmarks/golden_policy_full_20260907/211/evaluation.json
212,True,R_to_P,complete,recovered,True,False,False,2.2680368579458445,0.15300835599191487,2.69549,138.88671875,recovered,True,,/project/yunhengzou/coordinate_alignment/aam_benchmarks/golden_policy_full_20260907/212/cuts/aam.pkl.gz,/project/yunhengzou/coordinate_alignment/aam_benchmarks/golden_policy_full_20260907/212/evaluation.json
213,True,R_to_P,complete,recovered,True,False,True,19.338067087344825,2.4148656874895096,19.346133000000002,479.08203125,recovered,True,,/project/yunhengzou/coordinate_alignment/aam_benchmarks/golden_policy_full_20260907/213/cuts/aam.pkl.gz,/project/yunhengzou/coordinate_alignment/aam_benchmarks/golden_policy_full_20260907/213/evaluation.json
214,True,R_to_P,complete,recovered,True,False,True,21.378980930894613,1.4932129913941026,21.592568,398.98828125,recovered,True,,/project/yunhengzou/coordinate_alignment/aam_benchmarks/golden_policy_full_20260907/214/cuts/aam.pkl.gz,/project/yunhengzou/coordinate_alignment/aam_benchmarks/golden_policy_full_20260907/214/evaluation.json
215,True,R_to_P,complete,recovered,True,False,True,8.225280334241688,1.0880560586228967,8.496647,237.23046875,recovered,True,,/project/yunhengzou/coordinate_alignment/aam_benchmarks/golden_policy_full_20260907/215/cuts/aam.pkl.gz,/project/yunhengzou/coordinate_alignment/aam_benchmarks/golden_policy_full_20260907/215/evaluation.json
216,True,R_to_P,complete,recovered,True,False,True,18.029354232363403,1.260834390297532,18.120523,404.73828125,recovered,True,,/project/yunhengzou/coordinate_alignment/aam_benchmarks/golden_policy_full_20260907/216/cuts/aam.pkl.gz,/project/yunhengzou/coordinate_alignment/aam_benchmarks/golden_policy_full_20260907/216/evaluation.json
217,True,R_to_P,complete,recovered,True,False,True,1.8523259703069925,0.25587530340999365,2.67345,147.02734375,recovered,True,,/project/yunhengzou/coordinate_alignment/aam_benchmarks/golden_policy_full_20260907/217/cuts/aam.pkl.gz,/project/yunhengzou/coordinate_alignment/aam_benchmarks/golden_policy_full_20260907/217/evaluation.json
218,True,R_to_P,complete,recovered,True,False,False,0.29611322470009327,0.054625400342047215,1.254318,121.35546875,recovered,True,,/project/yunhengzou/coordinate_alignment/aam_benchmarks/golden_policy_full_20260907/218/cuts/aam.pkl.gz,/project/yunhengzou/coordinate_alignment/aam_benchmarks/golden_policy_full_20260907/218/evaluation.json
219,True,R_to_P,complete,recovered,True,False,True,11.748327028006315,0.9784060581587255,11.669917,296.07421875,recovered,True,,/project/yunhengzou/coordinate_alignment/aam_benchmarks/golden_policy_full_20260907/219/cuts/aam.pkl.gz,/project/yunhengzou/coordinate_alignment/aam_benchmarks/golden_policy_full_20260907/219/evaluation.json
220,True,P_to_R,complete,recovered,True,False,True,3.4309028971474618,0.26691615395247936,3.601358,135.34765625,recovered,True,,/project/yunhengzou/coordinate_alignment/aam_benchmarks/golden_policy_full_20260907/220/cuts/aam.pkl.gz,/project/yunhengzou/coordinate_alignment/aam_benchmarks/golden_policy_full_20260907/220/evaluation.json
221,True,R_to_P,complete,recovered,True,False,True,3.225521155167371,0.24416372878476977,3.69787,156.75,recovered,True,,/project/yunhengzou/coordinate_alignment/aam_benchmarks/golden_policy_full_20260907/221/cuts/aam.pkl.gz,/project/yunhengzou/coordinate_alignment/aam_benchmarks/golden_policy_full_20260907/221/evaluation.json
222,True,P_to_R,complete,recovered,True,False,False,0.5703089442104101,0.05659099109470844,1.460305,123.5859375,recovered,True,,/project/yunhengzou/coordinate_alignment/aam_benchmarks/golden_policy_full_20260907/222/cuts/aam.pkl.gz,/project/yunhengzou/coordinate_alignment/aam_benchmarks/golden_policy_full_20260907/222/evaluation.json
223,True,R_to_P,complete,recovered,True,False,True,4.038746123667806,0.4259517570026219,4.424377,186.55859375,recovered,True,,/project/yunhengzou/coordinate_alignment/aam_benchmarks/golden_policy_full_20260907/223/cuts/aam.pkl.gz,/project/yunhengzou/coordinate_alignment/aam_benchmarks/golden_policy_full_20260907/223/evaluation.json
224,True,R_to_P,complete,recovered,True,False,False,1.0049830870702863,0.09806656977161765,1.7805769999999999,129.85546875,recovered,True,,/project/yunhengzou/coordinate_alignment/aam_benchmarks/golden_policy_full_20260907/224/cuts/aam.pkl.gz,/project/yunhengzou/coordinate_alignment/aam_benchmarks/golden_policy_full_20260907/224/evaluation.json
225,True,R_to_P,complete,recovered,True,False,False,0.2802800019271672,0.01659339014440775,1.1649539999999998,119.63671875,recovered,True,,/project/yunhengzou/coordinate_alignment/aam_benchmarks/golden_policy_full_20260907/225/cuts/aam.pkl.gz,/project/yunhengzou/coordinate_alignment/aam_benchmarks/golden_policy_full_20260907/225/evaluation.json
226,True,R_to_P,complete,recovered,True,False,False,0.2843203148804605,0.024083453230559826,1.326008,121.7890625,recovered,True,,/project/yunhengzou/coordinate_alignment/aam_benchmarks/golden_policy_full_20260907/226/cuts/aam.pkl.gz,/project/yunhengzou/coordinate_alignment/aam_benchmarks/golden_policy_full_20260907/226/evaluation.json
227,True,R_to_P,complete,recovered,True,False,False,0.41287448024377227,0.03487196424975991,1.2746439999999999,121.015625,recovered,True,,/project/yunhengzou/coordinate_alignment/aam_benchmarks/golden_policy_full_20260907/227/cuts/aam.pkl.gz,/project/yunhengzou/coordinate_alignment/aam_benchmarks/golden_policy_full_20260907/227/evaluation.json
228,True,R_to_P,complete,recovered,True,False,True,5.008981930091977,0.31581933703273535,4.063995,170.1328125,recovered,True,,/project/yunhengzou/coordinate_alignment/aam_benchmarks/golden_policy_full_20260907/228/cuts/aam.pkl.gz,/project/yunhengzou/coordinate_alignment/aam_benchmarks/golden_policy_full_20260907/228/evaluation.json
229,True,R_to_P,complete,recovered,True,False,True,17.339333660900593,1.375760167837143,17.274233,424.09375,recovered,True,,/project/yunhengzou/coordinate_alignment/aam_benchmarks/golden_policy_full_20260907/229/cuts/aam.pkl.gz,/project/yunhengzou/coordinate_alignment/aam_benchmarks/golden_policy_full_20260907/229/evaluation.json
230,True,R_to_P,complete,recovered,True,False,True,14.35062857484445,1.3922502370551229,14.157051000000001,340.19921875,recovered,True,,/project/yunhengzou/coordinate_alignment/aam_benchmarks/golden_policy_full_20260907/230/cuts/aam.pkl.gz,/project/yunhengzou/coordinate_alignment/aam_benchmarks/golden_policy_full_20260907/230/evaluation.json
231,True,R_to_P,complete,recovered,True,False,True,14.691383298952132,1.2577117700129747,13.261560999999999,362.19921875,recovered,True,,/project/yunhengzou/coordinate_alignment/aam_benchmarks/golden_policy_full_20260907/231/cuts/aam.pkl.gz,/project/yunhengzou/coordinate_alignment/aam_benchmarks/golden_policy_full_20260907/231/evaluation.json
232,True,R_to_P,complete,recovered,True,False,False,1.5408691521734,0.08486173488199711,2.11909,135.765625,recovered,True,,/project/yunhengzou/coordinate_alignment/aam_benchmarks/golden_policy_full_20260907/232/cuts/aam.pkl.gz,/project/yunhengzou/coordinate_alignment/aam_benchmarks/golden_policy_full_20260907/232/evaluation.json
233,True,R_to_P,complete,recovered,True,False,True,3.573346266988665,0.2982208449393511,3.1468119999999997,155.54296875,recovered,True,,/project/yunhengzou/coordinate_alignment/aam_benchmarks/golden_policy_full_20260907/233/cuts/aam.pkl.gz,/project/yunhengzou/coordinate_alignment/aam_benchmarks/golden_policy_full_20260907/233/evaluation.json
234,True,R_to_P,complete,recovered,True,False,False,1.325387409888208,0.11716380622237921,2.238578,139.27734375,recovered,True,,/project/yunhengzou/coordinate_alignment/aam_benchmarks/golden_policy_full_20260907/234/cuts/aam.pkl.gz,/project/yunhengzou/coordinate_alignment/aam_benchmarks/golden_policy_full_20260907/234/evaluation.json
235,True,R_to_P,complete,recovered,True,False,False,0.9988748938776553,0.05620930716395378,1.794843,125.15625,recovered,True,,/project/yunhengzou/coordinate_alignment/aam_benchmarks/golden_policy_full_20260907/235/cuts/aam.pkl.gz,/project/yunhengzou/coordinate_alignment/aam_benchmarks/golden_policy_full_20260907/235/evaluation.json
236,True,R_to_P,complete,recovered,False,False,False,1.3065538322553039,0.11963560245931149,2.197394,138.3046875,recovered,False,,/project/yunhengzou/coordinate_alignment/aam_benchmarks/golden_policy_full_20260907/236/cuts/aam.pkl.gz,/project/yunhengzou/coordinate_alignment/aam_benchmarks/golden_policy_full_20260907/236/evaluation.json
237,True,R_to_P,complete,recovered,True,False,True,8.886510253883898,0.8838943103328347,9.283043,268.8046875,recovered,True,,/project/yunhengzou/coordinate_alignment/aam_benchmarks/golden_policy_full_20260907/237/cuts/aam.pkl.gz,/project/yunhengzou/coordinate_alignment/aam_benchmarks/golden_policy_full_20260907/237/evaluation.json
238,True,R_to_P,complete,recovered,True,False,False,3.7987287221476436,0.44909411016851664,4.595809,185.1015625,recovered,False,,/project/yunhengzou/coordinate_alignment/aam_benchmarks/golden_policy_full_20260907/238/cuts/aam.pkl.gz,/project/yunhengzou/coordinate_alignment/aam_benchmarks/golden_policy_full_20260907/238/evaluation.json
239,True,R_to_P,complete,recovered,True,False,True,19.338022217154503,1.7093092147260904,19.612527,473.671875,recovered,True,,/project/yunhengzou/coordinate_alignment/aam_benchmarks/golden_policy_full_20260907/239/cuts/aam.pkl.gz,/project/yunhengzou/coordinate_alignment/aam_benchmarks/golden_policy_full_20260907/239/evaluation.json
240,True,R_to_P,complete,recovered,True,False,False,0.6566344825550914,0.0700968224555254,1.626839,125.05859375,recovered,True,,/project/yunhengzou/coordinate_alignment/aam_benchmarks/golden_policy_full_20260907/240/cuts/aam.pkl.gz,/project/yunhengzou/coordinate_alignment/aam_benchmarks/golden_policy_full_20260907/240/evaluation.json
241,True,R_to_P,complete,recovered,True,False,False,2.025549842044711,0.15415821969509125,2.798822,144.94921875,recovered,True,,/project/yunhengzou/coordinate_alignment/aam_benchmarks/golden_policy_full_20260907/241/cuts/aam.pkl.gz,/project/yunhengzou/coordinate_alignment/aam_benchmarks/golden_policy_full_20260907/241/evaluation.json
242,True,R_to_P,complete,recovered,True,False,True,2.1400845730677247,0.2502057505771518,2.966983,151.484375,recovered,True,,/project/yunhengzou/coordinate_alignment/aam_benchmarks/golden_policy_full_20260907/242/cuts/aam.pkl.gz,/project/yunhengzou/coordinate_alignment/aam_benchmarks/golden_policy_full_20260907/242/evaluation.json
243,True,R_to_P,complete,recovered,True,False,True,3.1589499041438103,0.40957631822675467,3.7945110000000004,171.12109375,recovered,True,,/project/yunhengzou/coordinate_alignment/aam_benchmarks/golden_policy_full_20260907/243/cuts/aam.pkl.gz,/project/yunhengzou/coordinate_alignment/aam_benchmarks/golden_policy_full_20260907/243/evaluation.json
244,True,R_to_P,complete,recovered,True,False,True,12.878922451287508,1.5489443559199572,13.118812,333.7421875,recovered,True,,/project/yunhengzou/coordinate_alignment/aam_benchmarks/golden_policy_full_20260907/244/cuts/aam.pkl.gz,/project/yunhengzou/coordinate_alignment/aam_benchmarks/golden_policy_full_20260907/244/evaluation.json
245,True,R_to_P,complete,recovered,True,False,True,27.630161055363715,2.787144756875932,26.886763000000002,651.87890625,recovered,True,,/project/yunhengzou/coordinate_alignment/aam_benchmarks/golden_policy_full_20260907/245/cuts/aam.pkl.gz,/project/yunhengzou/coordinate_alignment/aam_benchmarks/golden_policy_full_20260907/245/evaluation.json
246,True,R_to_P,complete,recovered,False,False,False,5.101965348934755,0.5547812001314014,5.528650000000001,183.46484375,recovered,False,,/project/yunhengzou/coordinate_alignment/aam_benchmarks/golden_policy_full_20260907/246/cuts/aam.pkl.gz,/project/yunhengzou/coordinate_alignment/aam_benchmarks/golden_policy_full_20260907/246/evaluation.json
247,True,R_to_P,complete,recovered,True,False,True,3.2674863021820784,0.46385257225483656,3.982827,168.2421875,recovered,True,,/project/yunhengzou/coordinate_alignment/aam_benchmarks/golden_policy_full_20260907/247/cuts/aam.pkl.gz,/project/yunhengzou/coordinate_alignment/aam_benchmarks/golden_policy_full_20260907/247/evaluation.json
248,True,R_to_P,complete,recovered,True,False,True,10.509053529705852,0.9819936873391271,10.961107,287.4296875,recovered,True,,/project/yunhengzou/coordinate_alignment/aam_benchmarks/golden_policy_full_20260907/248/cuts/aam.pkl.gz,/project/yunhengzou/coordinate_alignment/aam_benchmarks/golden_policy_full_20260907/248/evaluation.json
249,True,R_to_P,complete,recovered,True,False,False,1.683421601075679,0.11276832967996597,2.455448,134.60546875,recovered,True,,/project/yunhengzou/coordinate_alignment/aam_benchmarks/golden_policy_full_20260907/249/cuts/aam.pkl.gz,/project/yunhengzou/coordinate_alignment/aam_benchmarks/golden_policy_full_20260907/249/evaluation.json
250,True,R_to_P,complete,recovered,True,False,False,0.4677937529049814,0.03468835819512606,1.559679,125.03125,recovered,True,,/project/yunhengzou/coordinate_alignment/aam_benchmarks/golden_policy_full_20260907/250/cuts/aam.pkl.gz,/project/yunhengzou/coordinate_alignment/aam_benchmarks/golden_policy_full_20260907/250/evaluation.json
251,True,R_to_P,complete,recovered,True,False,False,5.5151023250073195,0.48270336096175015,6.090078,214.015625,recovered,True,,/project/yunhengzou/coordinate_alignment/aam_benchmarks/golden_policy_full_20260907/251/cuts/aam.pkl.gz,/project/yunhengzou/coordinate_alignment/aam_benchmarks/golden_policy_full_20260907/251/evaluation.json
252,True,R_to_P,complete,recovered,True,False,True,1.4506604969501495,0.10033129691146314,2.431221,146.78515625,recovered,True,,/project/yunhengzou/coordinate_alignment/aam_benchmarks/golden_policy_full_20260907/252/cuts/aam.pkl.gz,/project/yunhengzou/coordinate_alignment/aam_benchmarks/golden_policy_full_20260907/252/evaluation.json
253,True,R_to_P,complete,recovered,True,False,True,17.090312594082206,2.4749981430359185,17.491805,421.90625,recovered,True,,/project/yunhengzou/coordinate_alignment/aam_benchmarks/golden_policy_full_20260907/253/cuts/aam.pkl.gz,/project/yunhengzou/coordinate_alignment/aam_benchmarks/golden_policy_full_20260907/253/evaluation.json
254,True,R_to_P,complete,recovered,True,False,False,0.3746197090949863,0.04006346990354359,1.513844,124.2734375,recovered,True,,/project/yunhengzou/coordinate_alignment/aam_benchmarks/golden_policy_full_20260907/254/cuts/aam.pkl.gz,/project/yunhengzou/coordinate_alignment/aam_benchmarks/golden_policy_full_20260907/254/evaluation.json
255,True,R_to_P,complete,recovered,True,False,True,8.01541886664927,0.6762767704203725,8.587616,271.59375,recovered,True,,/project/yunhengzou/coordinate_alignment/aam_benchmarks/golden_policy_full_20260907/255/cuts/aam.pkl.gz,/project/yunhengzou/coordinate_alignment/aam_benchmarks/golden_policy_full_20260907/255/evaluation.json
256,True,R_to_P,complete,recovered,True,False,False,4.676071767695248,0.35499410703778267,5.164872999999999,190.1640625,recovered,True,,/project/yunhengzou/coordinate_alignment/aam_benchmarks/golden_policy_full_20260907/256/cuts/aam.pkl.gz,/project/yunhengzou/coordinate_alignment/aam_benchmarks/golden_policy_full_20260907/256/evaluation.json
257,True,R_to_P,complete,recovered,True,False,True,27.477668162435293,2.3363545164465904,27.292713,640.2734375,recovered,True,,/project/yunhengzou/coordinate_alignment/aam_benchmarks/golden_policy_full_20260907/257/cuts/aam.pkl.gz,/project/yunhengzou/coordinate_alignment/aam_benchmarks/golden_policy_full_20260907/257/evaluation.json
258,True,R_to_P,complete,recovered,True,False,False,2.150968217290938,0.1323864320293069,2.8283300000000002,141.51953125,recovered,True,,/project/yunhengzou/coordinate_alignment/aam_benchmarks/golden_policy_full_20260907/258/cuts/aam.pkl.gz,/project/yunhengzou/coordinate_alignment/aam_benchmarks/golden_policy_full_20260907/258/evaluation.json
259,True,R_to_P,complete,recovered,True,False,False,0.9410719820298254,0.07323074899613857,1.849384,130.76171875,recovered,True,,/project/yunhengzou/coordinate_alignment/aam_benchmarks/golden_policy_full_20260907/259/cuts/aam.pkl.gz,/project/yunhengzou/coordinate_alignment/aam_benchmarks/golden_policy_full_20260907/259/evaluation.json
260,True,R_to_P,complete,recovered,True,False,True,4.327686225995421,0.494102886877954,5.169671,193.671875,recovered,True,,/project/yunhengzou/coordinate_alignment/aam_benchmarks/golden_policy_full_20260907/260/cuts/aam.pkl.gz,/project/yunhengzou/coordinate_alignment/aam_benchmarks/golden_policy_full_20260907/260/evaluation.json
261,True,R_to_P,complete,recovered,True,False,True,11.160976652987301,1.4873546250164509,11.848619,311.3203125,recovered,True,,/project/yunhengzou/coordinate_alignment/aam_benchmarks/golden_policy_full_20260907/261/cuts/aam.pkl.gz,/project/yunhengzou/coordinate_alignment/aam_benchmarks/golden_policy_full_20260907/261/evaluation.json
262,True,R_to_P,complete,recovered,True,False,True,3.002621104940772,0.2247952779289335,3.725665,158.125,recovered,True,,/project/yunhengzou/coordinate_alignment/aam_benchmarks/golden_policy_full_20260907/262/cuts/aam.pkl.gz,/project/yunhengzou/coordinate_alignment/aam_benchmarks/golden_policy_full_20260907/262/evaluation.json
263,True,P_to_R,complete,recovered,True,False,False,0.9242036279756576,0.09781713713891804,1.94063,129.99609375,recovered,True,,/project/yunhengzou/coordinate_alignment/aam_benchmarks/golden_policy_full_20260907/263/cuts/aam.pkl.gz,/project/yunhengzou/coordinate_alignment/aam_benchmarks/golden_policy_full_20260907/263/evaluation.json
264,True,R_to_P,complete,recovered,False,False,False,2.0920972730964422,0.19987015589140356,2.893196,149.109375,recovered,True,,/project/yunhengzou/coordinate_alignment/aam_benchmarks/golden_policy_full_20260907/264/cuts/aam.pkl.gz,/project/yunhengzou/coordinate_alignment/aam_benchmarks/golden_policy_full_20260907/264/evaluation.json
265,True,R_to_P,complete,recovered,True,False,False,0.8402337948791683,0.05027201399207115,1.856433,126.86328125,recovered,True,,/project/yunhengzou/coordinate_alignment/aam_benchmarks/golden_policy_full_20260907/265/cuts/aam.pkl.gz,/project/yunhengzou/coordinate_alignment/aam_benchmarks/golden_policy_full_20260907/265/evaluation.json
266,True,R_to_P,complete,recovered,True,False,True,5.866721637547016,0.7357549834996462,6.64531,224.37890625,recovered,True,,/project/yunhengzou/coordinate_alignment/aam_benchmarks/golden_policy_full_20260907/266/cuts/aam.pkl.gz,/project/yunhengzou/coordinate_alignment/aam_benchmarks/golden_policy_full_20260907/266/evaluation.json
267,True,R_to_P,complete,recovered,True,False,False,0.11892506573349237,0.012879607267677784,1.166487,118.2109375,recovered,True,,/project/yunhengzou/coordinate_alignment/aam_benchmarks/golden_policy_full_20260907/267/cuts/aam.pkl.gz,/project/yunhengzou/coordinate_alignment/aam_benchmarks/golden_policy_full_20260907/267/evaluation.json
268,True,R_to_P,complete,recovered,False,False,True,43.710106844082475,3.942274235188961,43.195570000000004,1044.203125,not_recovered,False,gained,/project/yunhengzou/coordinate_alignment/aam_benchmarks/golden_policy_full_20260907/268/cuts/aam.pkl.gz,/project/yunhengzou/coordinate_alignment/aam_benchmarks/golden_policy_full_20260907/268/evaluation.json
269,True,R_to_P,complete,recovered,True,False,True,2.189935172908008,0.21004752349108458,2.986473,154.44921875,recovered,True,,/project/yunhengzou/coordinate_alignment/aam_benchmarks/golden_policy_full_20260907/269/cuts/aam.pkl.gz,/project/yunhengzou/coordinate_alignment/aam_benchmarks/golden_policy_full_20260907/269/evaluation.json
270,True,R_to_P,complete,recovered,True,False,True,4.65167255140841,0.5359315043315291,5.243736,188.43359375,recovered,True,,/project/yunhengzou/coordinate_alignment/aam_benchmarks/golden_policy_full_20260907/270/cuts/aam.pkl.gz,/project/yunhengzou/coordinate_alignment/aam_benchmarks/golden_policy_full_20260907/270/evaluation.json
271,True,P_to_R,complete,recovered,True,False,False,0.10742836212739348,0.009847680106759071,1.060983,118.9921875,recovered,True,,/project/yunhengzou/coordinate_alignment/aam_benchmarks/golden_policy_full_20260907/271/cuts/aam.pkl.gz,/project/yunhengzou/coordinate_alignment/aam_benchmarks/golden_policy_full_20260907/271/evaluation.json
272,True,R_to_P,complete,recovered,True,False,True,3.3229843387380242,0.32454632921144366,4.141742,179.6796875,recovered,True,,/project/yunhengzou/coordinate_alignment/aam_benchmarks/golden_policy_full_20260907/272/cuts/aam.pkl.gz,/project/yunhengzou/coordinate_alignment/aam_benchmarks/golden_policy_full_20260907/272/evaluation.json
273,True,R_to_P,complete,recovered,True,False,True,13.928897558245808,1.1717200549319386,14.53862,386.875,recovered,True,,/project/yunhengzou/coordinate_alignment/aam_benchmarks/golden_policy_full_20260907/273/cuts/aam.pkl.gz,/project/yunhengzou/coordinate_alignment/aam_benchmarks/golden_policy_full_20260907/273/evaluation.json
274,True,R_to_P,complete,recovered,True,False,False,1.7463597180321813,0.15707679092884064,2.584199,140.30859375,recovered,True,,/project/yunhengzou/coordinate_alignment/aam_benchmarks/golden_policy_full_20260907/274/cuts/aam.pkl.gz,/project/yunhengzou/coordinate_alignment/aam_benchmarks/golden_policy_full_20260907/274/evaluation.json
275,True,R_to_P,complete,recovered,True,False,False,2.8091502878814936,0.16009555291384459,3.6116449999999998,143.90625,recovered,True,,/project/yunhengzou/coordinate_alignment/aam_benchmarks/golden_policy_full_20260907/275/cuts/aam.pkl.gz,/project/yunhengzou/coordinate_alignment/aam_benchmarks/golden_policy_full_20260907/275/evaluation.json
276,True,P_to_R,complete,recovered,False,False,False,5.015581304207444,0.929801416117698,5.775584,202.484375,recovered,False,,/project/yunhengzou/coordinate_alignment/aam_benchmarks/golden_policy_full_20260907/276/cuts/aam.pkl.gz,/project/yunhengzou/coordinate_alignment/aam_benchmarks/golden_policy_full_20260907/276/evaluation.json
277,True,R_to_P,complete,recovered,True,False,True,7.567914332263172,0.7721577417105436,8.25964,253.43359375,recovered,True,,/project/yunhengzou/coordinate_alignment/aam_benchmarks/golden_policy_full_20260907/277/cuts/aam.pkl.gz,/project/yunhengzou/coordinate_alignment/aam_benchmarks/golden_policy_full_20260907/277/evaluation.json
278,True,R_to_P,complete,recovered,True,False,True,4.630009242333472,0.5264051798731089,5.503247,197.26953125,recovered,True,,/project/yunhengzou/coordinate_alignment/aam_benchmarks/golden_policy_full_20260907/278/cuts/aam.pkl.gz,/project/yunhengzou/coordinate_alignment/aam_benchmarks/golden_policy_full_20260907/278/evaluation.json
279,True,R_to_P,complete,recovered,True,False,False,4.540512635372579,0.3411831231787801,5.208609999999999,175.328125,recovered,True,,/project/yunhengzou/coordinate_alignment/aam_benchmarks/golden_policy_full_20260907/279/cuts/aam.pkl.gz,/project/yunhengzou/coordinate_alignment/aam_benchmarks/golden_policy_full_20260907/279/evaluation.json
280,True,R_to_P,complete,recovered,True,False,True,3.9168917490169406,0.3668881421908736,4.691333,178.875,recovered,True,,/project/yunhengzou/coordinate_alignment/aam_benchmarks/golden_policy_full_20260907/280/cuts/aam.pkl.gz,/project/yunhengzou/coordinate_alignment/aam_benchmarks/golden_policy_full_20260907/280/evaluation.json
281,True,R_to_P,complete,recovered,True,False,False,1.5619337763637304,0.1100130071863532,2.414631,133.97265625,recovered,True,,/project/yunhengzou/coordinate_alignment/aam_benchmarks/golden_policy_full_20260907/281/cuts/aam.pkl.gz,/project/yunhengzou/coordinate_alignment/aam_benchmarks/golden_policy_full_20260907/281/evaluation.json
282,True,R_to_P,complete,recovered,True,False,True,3.3565162250306457,0.43409862392582,4.110415,166.69140625,recovered,True,,/project/yunhengzou/coordinate_alignment/aam_benchmarks/golden_policy_full_20260907/282/cuts/aam.pkl.gz,/project/yunhengzou/coordinate_alignment/aam_benchmarks/golden_policy_full_20260907/282/evaluation.json
283,True,R_to_P,complete,recovered,True,False,False,1.6466172570362687,0.13577923900447786,2.462928,135.796875,recovered,True,,/project/yunhengzou/coordinate_alignment/aam_benchmarks/golden_policy_full_20260907/283/cuts/aam.pkl.gz,/project/yunhengzou/coordinate_alignment/aam_benchmarks/golden_policy_full_20260907/283/evaluation.json
284,True,R_to_P,complete,recovered,True,False,True,5.468564908020198,0.5399920931085944,6.050633,191.453125,recovered,True,,/project/yunhengzou/coordinate_alignment/aam_benchmarks/golden_policy_full_20260907/284/cuts/aam.pkl.gz,/project/yunhengzou/coordinate_alignment/aam_benchmarks/golden_policy_full_20260907/284/evaluation.json
285,True,R_to_P,complete,recovered,True,False,True,33.929543015081435,3.1397479560691863,33.943556,751.35546875,recovered,True,,/project/yunhengzou/coordinate_alignment/aam_benchmarks/golden_policy_full_20260907/285/cuts/aam.pkl.gz,/project/yunhengzou/coordinate_alignment/aam_benchmarks/golden_policy_full_20260907/285/evaluation.json
286,True,R_to_P,complete,recovered,True,False,True,11.719240062171593,1.345322331879288,11.395747,297.984375,recovered,True,,/project/yunhengzou/coordinate_alignment/aam_benchmarks/golden_policy_full_20260907/286/cuts/aam.pkl.gz,/project/yunhengzou/coordinate_alignment/aam_benchmarks/golden_policy_full_20260907/286/evaluation.json
287,True,R_to_P,complete,recovered,True,False,False,1.845889036078006,0.1599360730033368,2.693692,135.1640625,recovered,True,,/project/yunhengzou/coordinate_alignment/aam_benchmarks/golden_policy_full_20260907/287/cuts/aam.pkl.gz,/project/yunhengzou/coordinate_alignment/aam_benchmarks/golden_policy_full_20260907/287/evaluation.json
288,True,R_to_P,complete,recovered,True,False,True,4.970750280190259,0.6531746829859912,5.669163,197.546875,recovered,True,,/project/yunhengzou/coordinate_alignment/aam_benchmarks/golden_policy_full_20260907/288/cuts/aam.pkl.gz,/project/yunhengzou/coordinate_alignment/aam_benchmarks/golden_policy_full_20260907/288/evaluation.json
289,True,R_to_P,complete,recovered,True,False,True,26.8819496370852,2.691888206638396,27.089199,497.91015625,recovered,True,,/project/yunhengzou/coordinate_alignment/aam_benchmarks/golden_policy_full_20260907/289/cuts/aam.pkl.gz,/project/yunhengzou/coordinate_alignment/aam_benchmarks/golden_policy_full_20260907/289/evaluation.json
290,True,R_to_P,complete,recovered,True,False,False,6.590231574140489,0.4232264799065888,7.122917,191.81640625,recovered,True,,/project/yunhengzou/coordinate_alignment/aam_benchmarks/golden_policy_full_20260907/290/cuts/aam.pkl.gz,/project/yunhengzou/coordinate_alignment/aam_benchmarks/golden_policy_full_20260907/290/evaluation.json
291,True,R_to_P,complete,recovered,True,False,False,0.6221090103499591,0.039311551954597235,1.6619419999999998,129.375,recovered,True,,/project/yunhengzou/coordinate_alignment/aam_benchmarks/golden_policy_full_20260907/291/cuts/aam.pkl.gz,/project/yunhengzou/coordinate_alignment/aam_benchmarks/golden_policy_full_20260907/291/evaluation.json
292,True,R_to_P,complete,recovered,True,False,False,0.7389310081489384,0.0598166910931468,1.592522,124.16015625,recovered,True,,/project/yunhengzou/coordinate_alignment/aam_benchmarks/golden_policy_full_20260907/292/cuts/aam.pkl.gz,/project/yunhengzou/coordinate_alignment/aam_benchmarks/golden_policy_full_20260907/292/evaluation.json
293,True,R_to_P,complete,recovered,True,False,True,2.355113350087777,0.24184450809843838,3.171583,164.109375,recovered,True,,/project/yunhengzou/coordinate_alignment/aam_benchmarks/golden_policy_full_20260907/293/cuts/aam.pkl.gz,/project/yunhengzou/coordinate_alignment/aam_benchmarks/golden_policy_full_20260907/293/evaluation.json
294,True,R_to_P,complete,recovered,True,False,False,0.9229509860742837,0.08251430583186448,1.770931,130.5625,recovered,True,,/project/yunhengzou/coordinate_alignment/aam_benchmarks/golden_policy_full_20260907/294/cuts/aam.pkl.gz,/project/yunhengzou/coordinate_alignment/aam_benchmarks/golden_policy_full_20260907/294/evaluation.json
295,True,R_to_P,complete,recovered,True,False,True,63.56529484922066,4.678226699121296,58.762993,1217.84765625,recovered,True,,/project/yunhengzou/coordinate_alignment/aam_benchmarks/golden_policy_full_20260907/295/cuts/aam.pkl.gz,/project/yunhengzou/coordinate_alignment/aam_benchmarks/golden_policy_full_20260907/295/evaluation.json
296,True,R_to_P,complete,recovered,True,False,True,15.271518993889913,1.5574882731307298,14.373455,358.484375,recovered,True,,/project/yunhengzou/coordinate_alignment/aam_benchmarks/golden_policy_full_20260907/296/cuts/aam.pkl.gz,/project/yunhengzou/coordinate_alignment/aam_benchmarks/golden_policy_full_20260907/296/evaluation.json
297,True,R_to_P,complete,recovered,False,False,True,21.95795658417046,2.3237219005823135,21.367335,483.625,recovered,False,,/project/yunhengzou/coordinate_alignment/aam_benchmarks/golden_policy_full_20260907/297/cuts/aam.pkl.gz,/project/yunhengzou/coordinate_alignment/aam_benchmarks/golden_policy_full_20260907/297/evaluation.json
298,True,R_to_P,complete,recovered,True,False,False,1.9277163678780198,0.26417619991116226,2.742584,146.82421875,recovered,True,,/project/yunhengzou/coordinate_alignment/aam_benchmarks/golden_policy_full_20260907/298/cuts/aam.pkl.gz,/project/yunhengzou/coordinate_alignment/aam_benchmarks/golden_policy_full_20260907/298/evaluation.json
299,True,R_to_P,complete,recovered,True,False,False,0.5883439620956779,0.07094814255833626,1.4528789999999998,126.69921875,recovered,True,,/project/yunhengzou/coordinate_alignment/aam_benchmarks/golden_policy_full_20260907/299/cuts/aam.pkl.gz,/project/yunhengzou/coordinate_alignment/aam_benchmarks/golden_policy_full_20260907/299/evaluation.json
300,True,R_to_P,complete,recovered,True,False,True,5.194182225503027,0.7007397646084428,5.877498,215.4921875,recovered,True,,/project/yunhengzou/coordinate_alignment/aam_benchmarks/golden_policy_full_20260907/300/cuts/aam.pkl.gz,/project/yunhengzou/coordinate_alignment/aam_benchmarks/golden_policy_full_20260907/300/evaluation.json
301,True,R_to_P,complete,recovered,True,False,False,11.601176674477756,0.9352126996964216,12.012076,278.5546875,recovered,True,,/project/yunhengzou/coordinate_alignment/aam_benchmarks/golden_policy_full_20260907/301/cuts/aam.pkl.gz,/project/yunhengzou/coordinate_alignment/aam_benchmarks/golden_policy_full_20260907/301/evaluation.json
302,True,R_to_P,complete,recovered,True,False,False,8.324003891088068,0.556815552059561,7.404285,206.43359375,recovered,True,,/project/yunhengzou/coordinate_alignment/aam_benchmarks/golden_policy_full_20260907/302/cuts/aam.pkl.gz,/project/yunhengzou/coordinate_alignment/aam_benchmarks/golden_policy_full_20260907/302/evaluation.json
303,True,R_to_P,complete,recovered,True,False,False,0.20075878500938416,0.03039833903312683,1.111939,120.75,recovered,True,,/project/yunhengzou/coordinate_alignment/aam_benchmarks/golden_policy_full_20260907/303/cuts/aam.pkl.gz,/project/yunhengzou/coordinate_alignment/aam_benchmarks/golden_policy_full_20260907/303/evaluation.json
304,True,R_to_P,complete,recovered,True,False,False,1.4949279827997088,0.10795999132096767,2.30951,141.859375,recovered,True,,/project/yunhengzou/coordinate_alignment/aam_benchmarks/golden_policy_full_20260907/304/cuts/aam.pkl.gz,/project/yunhengzou/coordinate_alignment/aam_benchmarks/golden_policy_full_20260907/304/evaluation.json
305,True,R_to_P,complete,recovered,True,False,True,9.793320245109499,0.9001610870473087,9.236335,275.73046875,recovered,True,,/project/yunhengzou/coordinate_alignment/aam_benchmarks/golden_policy_full_20260907/305/cuts/aam.pkl.gz,/project/yunhengzou/coordinate_alignment/aam_benchmarks/golden_policy_full_20260907/305/evaluation.json
306,True,R_to_P,complete,recovered,True,False,True,1.935938373208046,0.1849307338707149,2.7940359999999997,149.8515625,recovered,True,,/project/yunhengzou/coordinate_alignment/aam_benchmarks/golden_policy_full_20260907/306/cuts/aam.pkl.gz,/project/yunhengzou/coordinate_alignment/aam_benchmarks/golden_policy_full_20260907/306/evaluation.json
307,True,R_to_P,complete,recovered,True,False,True,23.116061185952276,1.7768224659375846,21.531708000000002,419.94140625,recovered,True,,/project/yunhengzou/coordinate_alignment/aam_benchmarks/golden_policy_full_20260907/307/cuts/aam.pkl.gz,/project/yunhengzou/coordinate_alignment/aam_benchmarks/golden_policy_full_20260907/307/evaluation.json
308,True,R_to_P,complete,recovered,True,False,True,13.764576849993318,0.8564696800895035,14.035397,381.5625,recovered,True,,/project/yunhengzou/coordinate_alignment/aam_benchmarks/golden_policy_full_20260907/308/cuts/aam.pkl.gz,/project/yunhengzou/coordinate_alignment/aam_benchmarks/golden_policy_full_20260907/308/evaluation.json
309,True,P_to_R,complete,recovered,True,False,True,31.06876708799973,4.152117523364723,30.637653,699.078125,recovered,True,,/project/yunhengzou/coordinate_alignment/aam_benchmarks/golden_policy_full_20260907/309/cuts/aam.pkl.gz,/project/yunhengzou/coordinate_alignment/aam_benchmarks/golden_policy_full_20260907/309/evaluation.json
310,True,R_to_P,complete,recovered,True,False,False,0.5416019959375262,0.022251954302191734,1.3135,121.44140625,recovered,True,,/project/yunhengzou/coordinate_alignment/aam_benchmarks/golden_policy_full_20260907/310/cuts/aam.pkl.gz,/project/yunhengzou/coordinate_alignment/aam_benchmarks/golden_policy_full_20260907/310/evaluation.json
311,True,R_to_P,complete,recovered,True,False,False,2.211411340162158,0.09706891793757677,2.516744,136.97265625,recovered,True,,/project/yunhengzou/coordinate_alignment/aam_benchmarks/golden_policy_full_20260907/311/cuts/aam.pkl.gz,/project/yunhengzou/coordinate_alignment/aam_benchmarks/golden_policy_full_20260907/311/evaluation.json
312,True,R_to_P,complete,recovered,True,False,True,2.875834890175611,0.18958225520327687,3.468999,149.875,recovered,True,,/project/yunhengzou/coordinate_alignment/aam_benchmarks/golden_policy_full_20260907/312/cuts/aam.pkl.gz,/project/yunhengzou/coordinate_alignment/aam_benchmarks/golden_policy_full_20260907/312/evaluation.json
313,True,R_to_P,complete,recovered,True,False,True,42.34008255507797,4.406661775428802,42.090301999999994,1008.68359375,recovered,True,,/project/yunhengzou/coordinate_alignment/aam_benchmarks/golden_policy_full_20260907/313/cuts/aam.pkl.gz,/project/yunhengzou/coordinate_alignment/aam_benchmarks/golden_policy_full_20260907/313/evaluation.json
314,True,R_to_P,complete,recovered,True,False,True,2.995866928715259,0.2143071899190545,3.3902,155.9453125,recovered,True,,/project/yunhengzou/coordinate_alignment/aam_benchmarks/golden_policy_full_20260907/314/cuts/aam.pkl.gz,/project/yunhengzou/coordinate_alignment/aam_benchmarks/golden_policy_full_20260907/314/evaluation.json
315,True,R_to_P,complete,recovered,True,False,False,4.6107643861323595,0.226337525062263,4.022344,152.34765625,recovered,True,,/project/yunhengzou/coordinate_alignment/aam_benchmarks/golden_policy_full_20260907/315/cuts/aam.pkl.gz,/project/yunhengzou/coordinate_alignment/aam_benchmarks/golden_policy_full_20260907/315/evaluation.json
316,True,R_to_P,complete,recovered,True,False,False,2.1915123159997165,0.14255379419773817,2.506633,136.83203125,recovered,True,,/project/yunhengzou/coordinate_alignment/aam_benchmarks/golden_policy_full_20260907/316/cuts/aam.pkl.gz,/project/yunhengzou/coordinate_alignment/aam_benchmarks/golden_policy_full_20260907/316/evaluation.json
317,True,R_to_P,complete,recovered,True,False,True,2.257764187641442,0.18967199604958296,2.99082,154.9296875,recovered,True,,/project/yunhengzou/coordinate_alignment/aam_benchmarks/golden_policy_full_20260907/317/cuts/aam.pkl.gz,/project/yunhengzou/coordinate_alignment/aam_benchmarks/golden_policy_full_20260907/317/evaluation.json
318,True,R_to_P,complete,recovered,True,False,True,11.608772564213723,0.8895215936936438,10.575527000000001,281.09375,recovered,True,,/project/yunhengzou/coordinate_alignment/aam_benchmarks/golden_policy_full_20260907/318/cuts/aam.pkl.gz,/project/yunhengzou/coordinate_alignment/aam_benchmarks/golden_policy_full_20260907/318/evaluation.json
319,True,R_to_P,complete,recovered,True,False,True,7.064579740166664,0.5456793857738376,6.330341,204.41015625,recovered,True,,/project/yunhengzou/coordinate_alignment/aam_benchmarks/golden_policy_full_20260907/319/cuts/aam.pkl.gz,/project/yunhengzou/coordinate_alignment/aam_benchmarks/golden_policy_full_20260907/319/evaluation.json
320,True,R_to_P,complete,recovered,True,False,True,5.38283621892333,0.46339183021336794,6.1283199999999995,213.66796875,recovered,True,,/project/yunhengzou/coordinate_alignment/aam_benchmarks/golden_policy_full_20260907/320/cuts/aam.pkl.gz,/project/yunhengzou/coordinate_alignment/aam_benchmarks/golden_policy_full_20260907/320/evaluation.json
321,True,R_to_P,complete,recovered,False,False,False,0.9066528016701341,0.14886572770774364,1.7967980000000001,132.17578125,recovered,False,,/project/yunhengzou/coordinate_alignment/aam_benchmarks/golden_policy_full_20260907/321/cuts/aam.pkl.gz,/project/yunhengzou/coordinate_alignment/aam_benchmarks/golden_policy_full_20260907/321/evaluation.json
322,True,R_to_P,complete,recovered,True,False,True,7.718602770008147,0.6257014498114586,7.337145,245.47265625,recovered,True,,/project/yunhengzou/coordinate_alignment/aam_benchmarks/golden_policy_full_20260907/322/cuts/aam.pkl.gz,/project/yunhengzou/coordinate_alignment/aam_benchmarks/golden_policy_full_20260907/322/evaluation.json
323,True,R_to_P,complete,recovered,True,False,False,0.34333349019289017,0.02356020826846361,1.3892520000000002,120.1328125,recovered,True,,/project/yunhengzou/coordinate_alignment/aam_benchmarks/golden_policy_full_20260907/323/cuts/aam.pkl.gz,/project/yunhengzou/coordinate_alignment/aam_benchmarks/golden_policy_full_20260907/323/evaluation.json
324,True,R_to_P,complete,recovered,True,False,False,0.9995252159424126,0.04983094707131386,1.8053129999999997,127.1875,recovered,True,,/project/yunhengzou/coordinate_alignment/aam_benchmarks/golden_policy_full_20260907/324/cuts/aam.pkl.gz,/project/yunhengzou/coordinate_alignment/aam_benchmarks/golden_policy_full_20260907/324/evaluation.json
325,True,R_to_P,complete,recovered,True,False,True,10.542197131551802,0.8608841933310032,10.084833,299.234375,recovered,True,,/project/yunhengzou/coordinate_alignment/aam_benchmarks/golden_policy_full_20260907/325/cuts/aam.pkl.gz,/project/yunhengzou/coordinate_alignment/aam_benchmarks/golden_policy_full_20260907/325/evaluation.json
326,True,R_to_P,complete,recovered,True,False,False,0.7086748983711004,0.06910660210996866,1.5580439999999998,125.85546875,recovered,True,,/project/yunhengzou/coordinate_alignment/aam_benchmarks/golden_policy_full_20260907/326/cuts/aam.pkl.gz,/project/yunhengzou/coordinate_alignment/aam_benchmarks/golden_policy_full_20260907/326/evaluation.json
327,True,R_to_P,complete,recovered,True,False,False,4.010821294039488,0.38990331441164017,4.705596,171.0234375,recovered,True,,/project/yunhengzou/coordinate_alignment/aam_benchmarks/golden_policy_full_20260907/327/cuts/aam.pkl.gz,/project/yunhengzou/coordinate_alignment/aam_benchmarks/golden_policy_full_20260907/327/evaluation.json
328,True,R_to_P,complete,recovered,True,False,True,6.278194714337587,0.459207147359848,5.883372,203.671875,recovered,True,,/project/yunhengzou/coordinate_alignment/aam_benchmarks/golden_policy_full_20260907/328/cuts/aam.pkl.gz,/project/yunhengzou/coordinate_alignment/aam_benchmarks/golden_policy_full_20260907/328/evaluation.json
329,True,R_to_P,complete,recovered,True,False,True,5.983996638096869,0.49004070460796356,5.435544,193.6171875,recovered,True,,/project/yunhengzou/coordinate_alignment/aam_benchmarks/golden_policy_full_20260907/329/cuts/aam.pkl.gz,/project/yunhengzou/coordinate_alignment/aam_benchmarks/golden_policy_full_20260907/329/evaluation.json
330,True,R_to_P,complete,recovered,True,False,False,1.1592269560787827,0.113151416182518,1.906604,132.8984375,recovered,True,,/project/yunhengzou/coordinate_alignment/aam_benchmarks/golden_policy_full_20260907/330/cuts/aam.pkl.gz,/project/yunhengzou/coordinate_alignment/aam_benchmarks/golden_policy_full_20260907/330/evaluation.json
331,True,R_to_P,complete,recovered,True,False,True,22.590358193963766,2.4081456349231303,22.468307,544.30078125,recovered,True,,/project/yunhengzou/coordinate_alignment/aam_benchmarks/golden_policy_full_20260907/331/cuts/aam.pkl.gz,/project/yunhengzou/coordinate_alignment/aam_benchmarks/golden_policy_full_20260907/331/evaluation.json
332,True,R_to_P,complete,recovered,True,False,False,1.22028976585716,0.13813814707100391,2.011309,131.2421875,recovered,True,,/project/yunhengzou/coordinate_alignment/aam_benchmarks/golden_policy_full_20260907/332/cuts/aam.pkl.gz,/project/yunhengzou/coordinate_alignment/aam_benchmarks/golden_policy_full_20260907/332/evaluation.json
333,True,R_to_P,complete,recovered,True,False,False,0.5871965219266713,0.04673795006237924,1.414386,126.61328125,recovered,True,,/project/yunhengzou/coordinate_alignment/aam_benchmarks/golden_policy_full_20260907/333/cuts/aam.pkl.gz,/project/yunhengzou/coordinate_alignment/aam_benchmarks/golden_policy_full_20260907/333/evaluation.json
334,True,R_to_P,complete,recovered,True,False,True,6.511839503888041,0.6311047140043229,6.576295999999999,232.30859375,recovered,True,,/project/yunhengzou/coordinate_alignment/aam_benchmarks/golden_policy_full_20260907/334/cuts/aam.pkl.gz,/project/yunhengzou/coordinate_alignment/aam_benchmarks/golden_policy_full_20260907/334/evaluation.json
335,True,R_to_P,complete,recovered,True,False,True,1.5542866128962487,0.1652348330244422,2.364131,145.17578125,recovered,True,,/project/yunhengzou/coordinate_alignment/aam_benchmarks/golden_policy_full_20260907/335/cuts/aam.pkl.gz,/project/yunhengzou/coordinate_alignment/aam_benchmarks/golden_policy_full_20260907/335/evaluation.json
336,True,R_to_P,complete,recovered,True,False,False,0.750484507996589,0.05489884805865586,1.6298819999999998,132.17578125,recovered,True,,/project/yunhengzou/coordinate_alignment/aam_benchmarks/golden_policy_full_20260907/336/cuts/aam.pkl.gz,/project/yunhengzou/coordinate_alignment/aam_benchmarks/golden_policy_full_20260907/336/evaluation.json
337,True,R_to_P,complete,recovered,True,False,True,26.04551285901107,2.6973270198795944,26.455671,646.265625,recovered,True,,/project/yunhengzou/coordinate_alignment/aam_benchmarks/golden_policy_full_20260907/337/cuts/aam.pkl.gz,/project/yunhengzou/coordinate_alignment/aam_benchmarks/golden_policy_full_20260907/337/evaluation.json
338,True,R_to_P,complete,recovered,True,False,False,0.6509113656356931,0.05275881756097078,1.6062699999999999,127.89453125,recovered,True,,/project/yunhengzou/coordinate_alignment/aam_benchmarks/golden_policy_full_20260907/338/cuts/aam.pkl.gz,/project/yunhengzou/coordinate_alignment/aam_benchmarks/golden_policy_full_20260907/338/evaluation.json
339,True,R_to_P,complete,recovered,True,False,True,2.576718494296074,0.2293381355702877,3.4495899999999997,172.09765625,recovered,True,,/project/yunhengzou/coordinate_alignment/aam_benchmarks/golden_policy_full_20260907/339/cuts/aam.pkl.gz,/project/yunhengzou/coordinate_alignment/aam_benchmarks/golden_policy_full_20260907/339/evaluation.json
340,True,R_to_P,complete,recovered,True,False,False,1.2075597615912557,0.15817937720566988,2.131024,134.71875,recovered,True,,/project/yunhengzou/coordinate_alignment/aam_benchmarks/golden_policy_full_20260907/340/cuts/aam.pkl.gz,/project/yunhengzou/coordinate_alignment/aam_benchmarks/golden_policy_full_20260907/340/evaluation.json
341,True,R_to_P,complete,recovered,True,False,True,1.2183615136891603,0.10967729892581701,2.089328,135.69140625,recovered,True,,/project/yunhengzou/coordinate_alignment/aam_benchmarks/golden_policy_full_20260907/341/cuts/aam.pkl.gz,/project/yunhengzou/coordinate_alignment/aam_benchmarks/golden_policy_full_20260907/341/evaluation.json
342,True,R_to_P,complete,recovered,True,False,True,2.673995627090335,0.2019740529358387,3.1172269999999997,152.94140625,recovered,True,,/project/yunhengzou/coordinate_alignment/aam_benchmarks/golden_policy_full_20260907/342/cuts/aam.pkl.gz,/project/yunhengzou/coordinate_alignment/aam_benchmarks/golden_policy_full_20260907/342/evaluation.json
343,True,R_to_P,complete,recovered,True,False,True,11.604732860811055,1.4858350781723857,12.198398,317.68359375,recovered,True,,/project/yunhengzou/coordinate_alignment/aam_benchmarks/golden_policy_full_20260907/343/cuts/aam.pkl.gz,/project/yunhengzou/coordinate_alignment/aam_benchmarks/golden_policy_full_20260907/343/evaluation.json
344,True,R_to_P,complete,recovered,True,False,True,30.49443031195551,2.686569414101541,30.60689,685.24609375,recovered,True,,/project/yunhengzou/coordinate_alignment/aam_benchmarks/golden_policy_full_20260907/344/cuts/aam.pkl.gz,/project/yunhengzou/coordinate_alignment/aam_benchmarks/golden_policy_full_20260907/344/evaluation.json
345,True,R_to_P,complete,recovered,True,False,False,1.895511363632977,0.15052941348403692,2.740624,143.34375,recovered,True,,/project/yunhengzou/coordinate_alignment/aam_benchmarks/golden_policy_full_20260907/345/cuts/aam.pkl.gz,/project/yunhengzou/coordinate_alignment/aam_benchmarks/golden_policy_full_20260907/345/evaluation.json
346,True,R_to_P,complete,recovered,True,False,True,3.594480102881789,0.4683519536629319,4.336483,189.203125,recovered,True,,/project/yunhengzou/coordinate_alignment/aam_benchmarks/golden_policy_full_20260907/346/cuts/aam.pkl.gz,/project/yunhengzou/coordinate_alignment/aam_benchmarks/golden_policy_full_20260907/346/evaluation.json
347,True,R_to_P,complete,recovered,True,False,False,1.2922882726415992,0.08611506037414074,1.961146,129.265625,recovered,True,,/project/yunhengzou/coordinate_alignment/aam_benchmarks/golden_policy_full_20260907/347/cuts/aam.pkl.gz,/project/yunhengzou/coordinate_alignment/aam_benchmarks/golden_policy_full_20260907/347/evaluation.json
348,True,R_to_P,complete,recovered,True,False,False,0.37502182205207646,0.04381685494445264,1.30393,124.28125,recovered,True,,/project/yunhengzou/coordinate_alignment/aam_benchmarks/golden_policy_full_20260907/348/cuts/aam.pkl.gz,/project/yunhengzou/coordinate_alignment/aam_benchmarks/golden_policy_full_20260907/348/evaluation.json
349,True,R_to_P,complete,recovered,True,False,False,2.092974085127935,0.17572686006315053,2.9636690000000003,148.7734375,recovered,True,,/project/yunhengzou/coordinate_alignment/aam_benchmarks/golden_policy_full_20260907/349/cuts/aam.pkl.gz,/project/yunhengzou/coordinate_alignment/aam_benchmarks/golden_policy_full_20260907/349/evaluation.json
350,True,R_to_P,complete,recovered,True,False,True,0.6577301060315222,0.05649230699054897,1.609794,128.76171875,recovered,True,,/project/yunhengzou/coordinate_alignment/aam_benchmarks/golden_policy_full_20260907/350/cuts/aam.pkl.gz,/project/yunhengzou/coordinate_alignment/aam_benchmarks/golden_policy_full_20260907/350/evaluation.json
351,True,R_to_P,complete,recovered,False,False,True,1.7935927864164114,0.19435136672109365,2.637917,153.82421875,recovered,False,,/project/yunhengzou/coordinate_alignment/aam_benchmarks/golden_policy_full_20260907/351/cuts/aam.pkl.gz,/project/yunhengzou/coordinate_alignment/aam_benchmarks/golden_policy_full_20260907/351/evaluation.json
352,True,R_to_P,complete,recovered,True,False,True,29.9465475929901,2.5895249973982573,28.765104,719.06640625,recovered,True,,/project/yunhengzou/coordinate_alignment/aam_benchmarks/golden_policy_full_20260907/352/cuts/aam.pkl.gz,/project/yunhengzou/coordinate_alignment/aam_benchmarks/golden_policy_full_20260907/352/evaluation.json
353,True,R_to_P,complete,recovered,True,False,False,1.150100656785071,0.11665862984955311,2.0345709999999997,134.515625,recovered,True,,/project/yunhengzou/coordinate_alignment/aam_benchmarks/golden_policy_full_20260907/353/cuts/aam.pkl.gz,/project/yunhengzou/coordinate_alignment/aam_benchmarks/golden_policy_full_20260907/353/evaluation.json
354,True,R_to_P,complete,recovered,True,False,True,11.364110700786114,1.2621592357754707,11.872548,338.765625,recovered,True,,/project/yunhengzou/coordinate_alignment/aam_benchmarks/golden_policy_full_20260907/354/cuts/aam.pkl.gz,/project/yunhengzou/coordinate_alignment/aam_benchmarks/golden_policy_full_20260907/354/evaluation.json
355,True,R_to_P,complete,recovered,True,False,True,3.140251647680998,0.2697432190179825,3.816576,166.75,recovered,True,,/project/yunhengzou/coordinate_alignment/aam_benchmarks/golden_policy_full_20260907/355/cuts/aam.pkl.gz,/project/yunhengzou/coordinate_alignment/aam_benchmarks/golden_policy_full_20260907/355/evaluation.json
356,True,R_to_P,complete,recovered,True,False,True,0.5145822213962674,0.014657867141067982,1.393596,118.5,recovered,True,,/project/yunhengzou/coordinate_alignment/aam_benchmarks/golden_policy_full_20260907/356/cuts/aam.pkl.gz,/project/yunhengzou/coordinate_alignment/aam_benchmarks/golden_policy_full_20260907/356/evaluation.json
357,True,R_to_P,complete,recovered,False,False,True,11.069573560729623,1.354011912830174,11.118974000000001,286.3046875,recovered,False,,/project/yunhengzou/coordinate_alignment/aam_benchmarks/golden_policy_full_20260907/357/cuts/aam.pkl.gz,/project/yunhengzou/coordinate_alignment/aam_benchmarks/golden_policy_full_20260907/357/evaluation.json
358,True,R_to_P,complete,recovered,True,False,True,16.706461813300848,1.4785525249317288,16.551052000000002,418.6015625,recovered,True,,/project/yunhengzou/coordinate_alignment/aam_benchmarks/golden_policy_full_20260907/358/cuts/aam.pkl.gz,/project/yunhengzou/coordinate_alignment/aam_benchmarks/golden_policy_full_20260907/358/evaluation.json
359,True,R_to_P,complete,recovered,True,False,True,6.123621449805796,0.6436668550595641,6.752237,239.01171875,recovered,True,,/project/yunhengzou/coordinate_alignment/aam_benchmarks/golden_policy_full_20260907/359/cuts/aam.pkl.gz,/project/yunhengzou/coordinate_alignment/aam_benchmarks/golden_policy_full_20260907/359/evaluation.json
360,True,R_to_P,complete,recovered,True,False,False,0.7337269587442279,0.043412502855062485,1.554598,125.10546875,recovered,True,,/project/yunhengzou/coordinate_alignment/aam_benchmarks/golden_policy_full_20260907/360/cuts/aam.pkl.gz,/project/yunhengzou/coordinate_alignment/aam_benchmarks/golden_policy_full_20260907/360/evaluation.json
361,True,R_to_P,complete,recovered,True,False,False,1.875896635465324,0.20168525632470846,2.659936,143.1953125,recovered,True,,/project/yunhengzou/coordinate_alignment/aam_benchmarks/golden_policy_full_20260907/361/cuts/aam.pkl.gz,/project/yunhengzou/coordinate_alignment/aam_benchmarks/golden_policy_full_20260907/361/evaluation.json
362,True,R_to_P,complete,recovered,True,False,False,1.2241593832150102,0.12485481332987547,2.0816679999999996,134.87890625,recovered,True,,/project/yunhengzou/coordinate_alignment/aam_benchmarks/golden_policy_full_20260907/362/cuts/aam.pkl.gz,/project/yunhengzou/coordinate_alignment/aam_benchmarks/golden_policy_full_20260907/362/evaluation.json
363,True,R_to_P,complete,recovered,True,False,True,2.020397676154971,0.18412754777818918,2.797357,148.82421875,recovered,True,,/project/yunhengzou/coordinate_alignment/aam_benchmarks/golden_policy_full_20260907/363/cuts/aam.pkl.gz,/project/yunhengzou/coordinate_alignment/aam_benchmarks/golden_policy_full_20260907/363/evaluation.json
364,True,R_to_P,complete,recovered,True,False,True,4.2269873498007655,0.4593711169436574,4.960527,193.64453125,recovered,True,,/project/yunhengzou/coordinate_alignment/aam_benchmarks/golden_policy_full_20260907/364/cuts/aam.pkl.gz,/project/yunhengzou/coordinate_alignment/aam_benchmarks/golden_policy_full_20260907/364/evaluation.json
365,True,R_to_P,complete,recovered,True,False,True,11.593749111983925,1.37210100190714,11.883488,321.6953125,recovered,True,,/project/yunhengzou/coordinate_alignment/aam_benchmarks/golden_policy_full_20260907/365/cuts/aam.pkl.gz,/project/yunhengzou/coordinate_alignment/aam_benchmarks/golden_policy_full_20260907/365/evaluation.json
366,True,R_to_P,complete,recovered,True,False,False,1.18669622996822,0.07579580834135413,1.95261,132.14453125,recovered,True,,/project/yunhengzou/coordinate_alignment/aam_benchmarks/golden_policy_full_20260907/366/cuts/aam.pkl.gz,/project/yunhengzou/coordinate_alignment/aam_benchmarks/golden_policy_full_20260907/366/evaluation.json
367,True,R_to_P,complete,recovered,True,False,False,0.7697390932589769,0.053035351913422346,1.609499,126.75390625,recovered,True,,/project/yunhengzou/coordinate_alignment/aam_benchmarks/golden_policy_full_20260907/367/cuts/aam.pkl.gz,/project/yunhengzou/coordinate_alignment/aam_benchmarks/golden_policy_full_20260907/367/evaluation.json
368,True,R_to_P,complete,recovered,True,False,True,3.26395330298692,0.34950135834515095,4.001748,174.3671875,recovered,True,,/project/yunhengzou/coordinate_alignment/aam_benchmarks/golden_policy_full_20260907/368/cuts/aam.pkl.gz,/project/yunhengzou/coordinate_alignment/aam_benchmarks/golden_policy_full_20260907/368/evaluation.json
369,True,R_to_P,complete,recovered,True,False,False,0.4944271142594516,0.04255571495741606,1.3714790000000001,124.87109375,recovered,True,,/project/yunhengzou/coordinate_alignment/aam_benchmarks/golden_policy_full_20260907/369/cuts/aam.pkl.gz,/project/yunhengzou/coordinate_alignment/aam_benchmarks/golden_policy_full_20260907/369/evaluation.json
370,True,R_to_P,complete,recovered,True,False,False,0.5534925679676235,0.07665871968492866,1.466247,125.421875,recovered,True,,/project/yunhengzou/coordinate_alignment/aam_benchmarks/golden_policy_full_20260907/370/cuts/aam.pkl.gz,/project/yunhengzou/coordinate_alignment/aam_benchmarks/golden_policy_full_20260907/370/evaluation.json
371,True,R_to_P,complete,recovered,True,False,False,5.689590601949021,0.5528915789909661,6.4724770000000005,212.921875,recovered,True,,/project/yunhengzou/coordinate_alignment/aam_benchmarks/golden_policy_full_20260907/371/cuts/aam.pkl.gz,/project/yunhengzou/coordinate_alignment/aam_benchmarks/golden_policy_full_20260907/371/evaluation.json
372,True,R_to_P,complete,recovered,True,False,True,260.2496121749282,21.90885832812637,241.634623,4773.140625,recovered,True,,/project/yunhengzou/coordinate_alignment/aam_benchmarks/golden_policy_full_20260907/372/cuts/aam.pkl.gz,/project/yunhengzou/coordinate_alignment/aam_benchmarks/golden_policy_full_20260907/372/evaluation.json
373,True,R_to_P,complete,recovered,True,False,False,4.620717445155606,0.47501763491891325,5.375181,179.0859375,recovered,True,,/project/yunhengzou/coordinate_alignment/aam_benchmarks/golden_policy_full_20260907/373/cuts/aam.pkl.gz,/project/yunhengzou/coordinate_alignment/aam_benchmarks/golden_policy_full_20260907/373/evaluation.json
374,True,R_to_P,complete,recovered,True,False,True,9.874404425965622,1.1376600561197847,10.560815999999999,281.73046875,recovered,True,,/project/yunhengzou/coordinate_alignment/aam_benchmarks/golden_policy_full_20260907/374/cuts/aam.pkl.gz,/project/yunhengzou/coordinate_alignment/aam_benchmarks/golden_policy_full_20260907/374/evaluation.json
375,True,R_to_P,complete,recovered,True,False,True,4.885250119492412,0.5620906259864569,5.6195390000000005,205.5078125,recovered,True,,/project/yunhengzou/coordinate_alignment/aam_benchmarks/golden_policy_full_20260907/375/cuts/aam.pkl.gz,/project/yunhengzou/coordinate_alignment/aam_benchmarks/golden_policy_full_20260907/375/evaluation.json
376,True,R_to_P,complete,recovered,True,False,False,1.0266870753839612,0.06814517639577389,2.00374,126.55078125,recovered,True,,/project/yunhengzou/coordinate_alignment/aam_benchmarks/golden_policy_full_20260907/376/cuts/aam.pkl.gz,/project/yunhengzou/coordinate_alignment/aam_benchmarks/golden_policy_full_20260907/376/evaluation.json
377,True,R_to_P,complete,recovered,True,False,False,1.548181609250605,0.10956364963203669,2.4350699999999996,132.984375,recovered,True,,/project/yunhengzou/coordinate_alignment/aam_benchmarks/golden_policy_full_20260907/377/cuts/aam.pkl.gz,/project/yunhengzou/coordinate_alignment/aam_benchmarks/golden_policy_full_20260907/377/evaluation.json
378,True,R_to_P,complete,recovered,False,False,False,0.6701720608398318,0.06239037401974201,1.7468829999999997,128.72265625,recovered,False,,/project/yunhengzou/coordinate_alignment/aam_benchmarks/golden_policy_full_20260907/378/cuts/aam.pkl.gz,/project/yunhengzou/coordinate_alignment/aam_benchmarks/golden_policy_full_20260907/378/evaluation.json
379,True,R_to_P,complete,recovered,True,False,False,0.27650730963796377,0.035512679256498814,1.357389,119.41015625,recovered,True,,/project/yunhengzou/coordinate_alignment/aam_benchmarks/golden_policy_full_20260907/379/cuts/aam.pkl.gz,/project/yunhengzou/coordinate_alignment/aam_benchmarks/golden_policy_full_20260907/379/evaluation.json
380,True,R_to_P,complete,recovered,True,False,False,3.374474473996088,0.24189386004582047,4.079446,159.08203125,recovered,True,,/project/yunhengzou/coordinate_alignment/aam_benchmarks/golden_policy_full_20260907/380/cuts/aam.pkl.gz,/project/yunhengzou/coordinate_alignment/aam_benchmarks/golden_policy_full_20260907/380/evaluation.json
381,True,R_to_P,complete,recovered,False,False,True,7.2646802759263664,0.6456874979194254,7.582072999999999,212.1015625,recovered,False,,/project/yunhengzou/coordinate_alignment/aam_benchmarks/golden_policy_full_20260907/381/cuts/aam.pkl.gz,/project/yunhengzou/coordinate_alignment/aam_benchmarks/golden_policy_full_20260907/381/evaluation.json
382,True,P_to_R,complete,recovered,True,False,False,0.8804627298377454,0.09182745404541492,1.8895859999999998,125.8828125,recovered,True,,/project/yunhengzou/coordinate_alignment/aam_benchmarks/golden_policy_full_20260907/382/cuts/aam.pkl.gz,/project/yunhengzou/coordinate_alignment/aam_benchmarks/golden_policy_full_20260907/382/evaluation.json
383,True,P_to_R,complete,recovered,True,False,True,1.5948825785890222,0.22262138221412897,2.488842,143.04296875,recovered,True,,/project/yunhengzou/coordinate_alignment/aam_benchmarks/golden_policy_full_20260907/383/cuts/aam.pkl.gz,/project/yunhengzou/coordinate_alignment/aam_benchmarks/golden_policy_full_20260907/383/evaluation.json
384,True,R_to_P,complete,recovered,True,False,True,2.623122688382864,0.2471932377666235,3.4410149999999997,159.515625,recovered,True,,/project/yunhengzou/coordinate_alignment/aam_benchmarks/golden_policy_full_20260907/384/cuts/aam.pkl.gz,/project/yunhengzou/coordinate_alignment/aam_benchmarks/golden_policy_full_20260907/384/evaluation.json
385,True,R_to_P,complete,recovered,True,False,True,2.923856941051781,0.27278009708970785,3.721986,163.46875,recovered,True,,/project/yunhengzou/coordinate_alignment/aam_benchmarks/golden_policy_full_20260907/385/cuts/aam.pkl.gz,/project/yunhengzou/coordinate_alignment/aam_benchmarks/golden_policy_full_20260907/385/evaluation.json
386,True,R_to_P,complete,recovered,False,False,False,1.9122900757938623,0.22602813038975,2.7310830000000004,145.98046875,recovered,False,,/project/yunhengzou/coordinate_alignment/aam_benchmarks/golden_policy_full_20260907/386/cuts/aam.pkl.gz,/project/yunhengzou/coordinate_alignment/aam_benchmarks/golden_policy_full_20260907/386/evaluation.json
387,True,R_to_P,complete,recovered,True,False,False,0.22697012219578028,0.030928023159503937,1.298163,120.40625,recovered,True,,/project/yunhengzou/coordinate_alignment/aam_benchmarks/golden_policy_full_20260907/387/cuts/aam.pkl.gz,/project/yunhengzou/coordinate_alignment/aam_benchmarks/golden_policy_full_20260907/387/evaluation.json
388,True,R_to_P,complete,recovered,False,False,False,3.4175136210396886,0.34656867757439613,3.992344,159.57421875,recovered,False,,/project/yunhengzou/coordinate_alignment/aam_benchmarks/golden_policy_full_20260907/388/cuts/aam.pkl.gz,/project/yunhengzou/coordinate_alignment/aam_benchmarks/golden_policy_full_20260907/388/evaluation.json
389,True,R_to_P,complete,recovered,True,False,False,0.29155085794627666,0.018602740950882435,1.252926,120.2890625,recovered,True,,/project/yunhengzou/coordinate_alignment/aam_benchmarks/golden_policy_full_20260907/389/cuts/aam.pkl.gz,/project/yunhengzou/coordinate_alignment/aam_benchmarks/golden_policy_full_20260907/389/evaluation.json
390,True,R_to_P,complete,recovered,False,False,False,2.0708082523196936,0.13109948579221964,2.9305749999999997,155.56640625,recovered,False,,/project/yunhengzou/coordinate_alignment/aam_benchmarks/golden_policy_full_20260907/390/cuts/aam.pkl.gz,/project/yunhengzou/coordinate_alignment/aam_benchmarks/golden_policy_full_20260907/390/evaluation.json
391,True,P_to_R,complete,recovered,True,False,True,22.760119510814548,2.4585417015478015,21.071547,530.14453125,recovered,True,,/project/yunhengzou/coordinate_alignment/aam_benchmarks/golden_policy_full_20260907/391/cuts/aam.pkl.gz,/project/yunhengzou/coordinate_alignment/aam_benchmarks/golden_policy_full_20260907/391/evaluation.json
392,True,R_to_P,complete,recovered,True,False,False,0.17135033756494522,0.01325999666005373,1.256038,118.50390625,recovered,True,,/project/yunhengzou/coordinate_alignment/aam_benchmarks/golden_policy_full_20260907/392/cuts/aam.pkl.gz,/project/yunhengzou/coordinate_alignment/aam_benchmarks/golden_policy_full_20260907/392/evaluation.json
393,True,R_to_P,complete,recovered,True,False,True,8.348196038976312,0.8360525909811258,7.3715910000000004,222.28515625,recovered,True,,/project/yunhengzou/coordinate_alignment/aam_benchmarks/golden_policy_full_20260907/393/cuts/aam.pkl.gz,/project/yunhengzou/coordinate_alignment/aam_benchmarks/golden_policy_full_20260907/393/evaluation.json
394,True,R_to_P,complete,recovered,False,False,True,4.258936800062656,0.5130374655127525,4.618224,185.2265625,recovered,False,,/project/yunhengzou/coordinate_alignment/aam_benchmarks/golden_policy_full_20260907/394/cuts/aam.pkl.gz,/project/yunhengzou/coordinate_alignment/aam_benchmarks/golden_policy_full_20260907/394/evaluation.json
395,True,R_to_P,complete,recovered,True,False,False,0.6868355944752693,0.04601003788411617,1.503048,125.26953125,recovered,True,,/project/yunhengzou/coordinate_alignment/aam_benchmarks/golden_policy_full_20260907/395/cuts/aam.pkl.gz,/project/yunhengzou/coordinate_alignment/aam_benchmarks/golden_policy_full_20260907/395/evaluation.json
396,True,R_to_P,complete,recovered,True,False,True,6.248795630410314,0.8507215017452836,6.802357,224.015625,recovered,True,,/project/yunhengzou/coordinate_alignment/aam_benchmarks/golden_policy_full_20260907/396/cuts/aam.pkl.gz,/project/yunhengzou/coordinate_alignment/aam_benchmarks/golden_policy_full_20260907/396/evaluation.json
397,True,R_to_P,complete,recovered,True,False,False,1.1959937438368797,0.12557121738791466,2.151555,134.84765625,recovered,True,,/project/yunhengzou/coordinate_alignment/aam_benchmarks/golden_policy_full_20260907/397/cuts/aam.pkl.gz,/project/yunhengzou/coordinate_alignment/aam_benchmarks/golden_policy_full_20260907/397/evaluation.json
398,True,R_to_P,complete,recovered,True,False,False,0.513499615015462,0.0343848851043731,1.541629,122.13671875,recovered,True,,/project/yunhengzou/coordinate_alignment/aam_benchmarks/golden_policy_full_20260907/398/cuts/aam.pkl.gz,/project/yunhengzou/coordinate_alignment/aam_benchmarks/golden_policy_full_20260907/398/evaluation.json
399,True,R_to_P,complete,recovered,True,False,False,0.604934967122972,0.045772576006129384,1.585543,121.64453125,recovered,True,,/project/yunhengzou/coordinate_alignment/aam_benchmarks/golden_policy_full_20260907/399/cuts/aam.pkl.gz,/project/yunhengzou/coordinate_alignment/aam_benchmarks/golden_policy_full_20260907/399/evaluation.json
400,True,R_to_P,complete,recovered,False,False,True,37.1716494881548,4.094402141869068,36.966620000000006,836.671875,recovered,True,,/project/yunhengzou/coordinate_alignment/aam_benchmarks/golden_policy_full_20260907/400/cuts/aam.pkl.gz,/project/yunhengzou/coordinate_alignment/aam_benchmarks/golden_policy_full_20260907/400/evaluation.json
401,True,R_to_P,complete,recovered,False,False,True,45.462480548769236,4.343925147783011,44.909816,1051.6875,recovered,False,,/project/yunhengzou/coordinate_alignment/aam_benchmarks/golden_policy_full_20260907/401/cuts/aam.pkl.gz,/project/yunhengzou/coordinate_alignment/aam_benchmarks/golden_policy_full_20260907/401/evaluation.json
402,True,R_to_P,complete,recovered,True,False,False,0.7520662359893322,0.05048834998160601,1.7106270000000001,131.484375,recovered,True,,/project/yunhengzou/coordinate_alignment/aam_benchmarks/golden_policy_full_20260907/402/cuts/aam.pkl.gz,/project/yunhengzou/coordinate_alignment/aam_benchmarks/golden_policy_full_20260907/402/evaluation.json
403,True,R_to_P,complete,recovered,True,False,True,137.90218368917704,16.501149486750364,132.847255,2635.5234375,recovered,True,,/project/yunhengzou/coordinate_alignment/aam_benchmarks/golden_policy_full_20260907/403/cuts/aam.pkl.gz,/project/yunhengzou/coordinate_alignment/aam_benchmarks/golden_policy_full_20260907/403/evaluation.json
404,True,R_to_P,complete,recovered,True,False,False,0.8346547838300467,0.04762511560693383,1.7871190000000001,126.49609375,recovered,True,,/project/yunhengzou/coordinate_alignment/aam_benchmarks/golden_policy_full_20260907/404/cuts/aam.pkl.gz,/project/yunhengzou/coordinate_alignment/aam_benchmarks/golden_policy_full_20260907/404/evaluation.json
405,True,P_to_R,complete,recovered,True,False,True,8.300789372064173,0.9403622271493077,8.660917000000001,260.12109375,recovered,True,,/project/yunhengzou/coordinate_alignment/aam_benchmarks/golden_policy_full_20260907/405/cuts/aam.pkl.gz,/project/yunhengzou/coordinate_alignment/aam_benchmarks/golden_policy_full_20260907/405/evaluation.json
406,True,R_to_P,complete,recovered,True,False,True,2.65590597782284,0.18950936570763588,3.14215,147.51953125,recovered,True,,/project/yunhengzou/coordinate_alignment/aam_benchmarks/golden_policy_full_20260907/406/cuts/aam.pkl.gz,/project/yunhengzou/coordinate_alignment/aam_benchmarks/golden_policy_full_20260907/406/evaluation.json
407,True,R_to_P,complete,recovered,True,False,True,10.276420213282108,1.2022272478789091,10.584298,286.1484375,recovered,True,,/project/yunhengzou/coordinate_alignment/aam_benchmarks/golden_policy_full_20260907/407/cuts/aam.pkl.gz,/project/yunhengzou/coordinate_alignment/aam_benchmarks/golden_policy_full_20260907/407/evaluation.json
408,True,P_to_R,complete,recovered,True,False,True,3.8737741969525814,0.3752727499231696,4.435322,181.44140625,recovered,True,,/project/yunhengzou/coordinate_alignment/aam_benchmarks/golden_policy_full_20260907/408/cuts/aam.pkl.gz,/project/yunhengzou/coordinate_alignment/aam_benchmarks/golden_policy_full_20260907/408/evaluation.json
409,True,P_to_R,complete,recovered,True,False,False,0.6516703949309886,0.1277086460031569,1.593766,126.80078125,recovered,True,,/project/yunhengzou/coordinate_alignment/aam_benchmarks/golden_policy_full_20260907/409/cuts/aam.pkl.gz,/project/yunhengzou/coordinate_alignment/aam_benchmarks/golden_policy_full_20260907/409/evaluation.json
410,True,R_to_P,complete,recovered,,True,True,,0.0932553568854928,,,recovered,False,,/project/yunhengzou/coordinate_alignment/aam_benchmarks/golden_policy_full_20260907/410/cuts,/project/yunhengzou/coordinate_alignment/aam_benchmarks/golden_policy_full_20260907/410/evaluation.json
411,True,P_to_R,complete,recovered,False,False,True,41.856807297095656,4.200720609165728,40.353329,913.4296875,not_recovered,False,gained,/project/yunhengzou/coordinate_alignment/aam_benchmarks/golden_policy_full_20260907/411/cuts/aam.pkl.gz,/project/yunhengzou/coordinate_alignment/aam_benchmarks/golden_policy_full_20260907/411/evaluation.json
412,True,P_to_R,complete,recovered,True,False,True,2.550976793980226,0.10716357408091426,2.940337,127.8828125,recovered,True,,/project/yunhengzou/coordinate_alignment/aam_benchmarks/golden_policy_full_20260907/412/cuts/aam.pkl.gz,/project/yunhengzou/coordinate_alignment/aam_benchmarks/golden_policy_full_20260907/412/evaluation.json
413,True,R_to_P,complete,recovered,True,False,True,5.091245570220053,0.5125837232917547,5.498152,203.390625,recovered,True,,/project/yunhengzou/coordinate_alignment/aam_benchmarks/golden_policy_full_20260907/413/cuts/aam.pkl.gz,/project/yunhengzou/coordinate_alignment/aam_benchmarks/golden_policy_full_20260907/413/evaluation.json
414,True,R_to_P,complete,recovered,True,False,False,1.1307282941415906,0.08598600514233112,1.893209,131.5,recovered,True,,/project/yunhengzou/coordinate_alignment/aam_benchmarks/golden_policy_full_20260907/414/cuts/aam.pkl.gz,/project/yunhengzou/coordinate_alignment/aam_benchmarks/golden_policy_full_20260907/414/evaluation.json
415,True,R_to_P,complete,recovered,True,False,True,1.3234616108238697,0.16876993607729673,1.9944920000000002,132.41796875,recovered,True,,/project/yunhengzou/coordinate_alignment/aam_benchmarks/golden_policy_full_20260907/415/cuts/aam.pkl.gz,/project/yunhengzou/coordinate_alignment/aam_benchmarks/golden_policy_full_20260907/415/evaluation.json
416,True,R_to_P,complete,recovered,True,False,False,0.7491750069893897,0.09413889097049832,1.489722,124.453125,recovered,True,,/project/yunhengzou/coordinate_alignment/aam_benchmarks/golden_policy_full_20260907/416/cuts/aam.pkl.gz,/project/yunhengzou/coordinate_alignment/aam_benchmarks/golden_policy_full_20260907/416/evaluation.json
417,True,R_to_P,complete,recovered,True,False,True,31.212418070994318,4.594776154030114,30.784212,681.07421875,recovered,True,,/project/yunhengzou/coordinate_alignment/aam_benchmarks/golden_policy_full_20260907/417/cuts/aam.pkl.gz,/project/yunhengzou/coordinate_alignment/aam_benchmarks/golden_policy_full_20260907/417/evaluation.json
418,True,R_to_P,complete,recovered,True,False,False,1.9512666463851929,0.14265993237495422,2.5520709999999998,129.93359375,recovered,True,,/project/yunhengzou/coordinate_alignment/aam_benchmarks/golden_policy_full_20260907/418/cuts/aam.pkl.gz,/project/yunhengzou/coordinate_alignment/aam_benchmarks/golden_policy_full_20260907/418/evaluation.json
419,True,R_to_P,complete,recovered,True,False,True,3.5387936579063535,0.28035430517047644,3.918223,171.35546875,recovered,True,,/project/yunhengzou/coordinate_alignment/aam_benchmarks/golden_policy_full_20260907/419/cuts/aam.pkl.gz,/project/yunhengzou/coordinate_alignment/aam_benchmarks/golden_policy_full_20260907/419/evaluation.json
420,True,R_to_P,complete,recovered,True,False,True,10.477373360656202,0.7688615787774324,11.041619,285.09375,recovered,True,,/project/yunhengzou/coordinate_alignment/aam_benchmarks/golden_policy_full_20260907/420/cuts/aam.pkl.gz,/project/yunhengzou/coordinate_alignment/aam_benchmarks/golden_policy_full_20260907/420/evaluation.json
421,True,P_to_R,complete,recovered,True,False,True,6.0488411327824,1.4256085865199566,6.683942,237.29296875,recovered,True,,/project/yunhengzou/coordinate_alignment/aam_benchmarks/golden_policy_full_20260907/421/cuts/aam.pkl.gz,/project/yunhengzou/coordinate_alignment/aam_benchmarks/golden_policy_full_20260907/421/evaluation.json
422,True,R_to_P,complete,recovered,True,False,False,0.551995406858623,0.11091317515820265,1.4750809999999999,124.08203125,recovered,True,,/project/yunhengzou/coordinate_alignment/aam_benchmarks/golden_policy_full_20260907/422/cuts/aam.pkl.gz,/project/yunhengzou/coordinate_alignment/aam_benchmarks/golden_policy_full_20260907/422/evaluation.json
423,True,R_to_P,complete,recovered,True,False,True,65.42753290012479,4.821255553979427,62.938004,1243.12109375,recovered,True,,/project/yunhengzou/coordinate_alignment/aam_benchmarks/golden_policy_full_20260907/423/cuts/aam.pkl.gz,/project/yunhengzou/coordinate_alignment/aam_benchmarks/golden_policy_full_20260907/423/evaluation.json
424,True,R_to_P,complete,recovered,True,False,False,1.3565605899784714,0.11432904005050659,1.886539,124.96484375,recovered,True,,/project/yunhengzou/coordinate_alignment/aam_benchmarks/golden_policy_full_20260907/424/cuts/aam.pkl.gz,/project/yunhengzou/coordinate_alignment/aam_benchmarks/golden_policy_full_20260907/424/evaluation.json
425,True,R_to_P,complete,recovered,True,False,True,12.42817621701397,1.2738635689020157,12.882857000000001,356.5078125,recovered,True,,/project/yunhengzou/coordinate_alignment/aam_benchmarks/golden_policy_full_20260907/425/cuts/aam.pkl.gz,/project/yunhengzou/coordinate_alignment/aam_benchmarks/golden_policy_full_20260907/425/evaluation.json
426,True,R_to_P,complete,recovered,True,False,False,2.8894029017537832,0.17850780300796032,3.2848930000000003,148.6171875,recovered,True,,/project/yunhengzou/coordinate_alignment/aam_benchmarks/golden_policy_full_20260907/426/cuts/aam.pkl.gz,/project/yunhengzou/coordinate_alignment/aam_benchmarks/golden_policy_full_20260907/426/evaluation.json
427,True,R_to_P,complete,recovered,True,False,True,6.206814761972055,0.6209560129791498,6.749091,208.3515625,recovered,True,,/project/yunhengzou/coordinate_alignment/aam_benchmarks/golden_policy_full_20260907/427/cuts/aam.pkl.gz,/project/yunhengzou/coordinate_alignment/aam_benchmarks/golden_policy_full_20260907/427/evaluation.json
428,True,R_to_P,complete,recovered,True,False,True,4.887709244852886,0.5246867160312831,5.367491,193.58984375,recovered,True,,/project/yunhengzou/coordinate_alignment/aam_benchmarks/golden_policy_full_20260907/428/cuts/aam.pkl.gz,/project/yunhengzou/coordinate_alignment/aam_benchmarks/golden_policy_full_20260907/428/evaluation.json
429,True,P_to_R,complete,recovered,True,False,True,0.9122377829626203,0.12033711560070515,1.8657080000000001,131.64453125,recovered,True,,/project/yunhengzou/coordinate_alignment/aam_benchmarks/golden_policy_full_20260907/429/cuts/aam.pkl.gz,/project/yunhengzou/coordinate_alignment/aam_benchmarks/golden_policy_full_20260907/429/evaluation.json
430,True,R_to_P,complete,recovered,True,False,False,3.901192164979875,0.26227843668311834,4.595631999999999,163.92578125,recovered,True,,/project/yunhengzou/coordinate_alignment/aam_benchmarks/golden_policy_full_20260907/430/cuts/aam.pkl.gz,/project/yunhengzou/coordinate_alignment/aam_benchmarks/golden_policy_full_20260907/430/evaluation.json
431,True,R_to_P,complete,recovered,True,False,False,4.6273026913404465,0.45602534990757704,5.245031,160.09375,recovered,True,,/project/yunhengzou/coordinate_alignment/aam_benchmarks/golden_policy_full_20260907/431/cuts/aam.pkl.gz,/project/yunhengzou/coordinate_alignment/aam_benchmarks/golden_policy_full_20260907/431/evaluation.json
432,True,R_to_P,complete,recovered,True,False,True,3.7235213154926896,0.3027207376435399,4.530889999999999,172.92578125,recovered,True,,/project/yunhengzou/coordinate_alignment/aam_benchmarks/golden_policy_full_20260907/432/cuts/aam.pkl.gz,/project/yunhengzou/coordinate_alignment/aam_benchmarks/golden_policy_full_20260907/432/evaluation.json
433,True,P_to_R,complete,recovered,True,False,False,1.4148073913529515,0.13272994197905064,2.277109,129.0234375,recovered,True,,/project/yunhengzou/coordinate_alignment/aam_benchmarks/golden_policy_full_20260907/433/cuts/aam.pkl.gz,/project/yunhengzou/coordinate_alignment/aam_benchmarks/golden_policy_full_20260907/433/evaluation.json
434,True,R_to_P,complete,recovered,True,False,True,10.075219018384814,1.5999172050505877,10.544469,293.53125,recovered,True,,/project/yunhengzou/coordinate_alignment/aam_benchmarks/golden_policy_full_20260907/434/cuts/aam.pkl.gz,/project/yunhengzou/coordinate_alignment/aam_benchmarks/golden_policy_full_20260907/434/evaluation.json
435,True,P_to_R,complete,recovered,True,False,False,1.4899021042510867,0.18065703473985195,2.2470100000000004,127.62890625,recovered,True,,/project/yunhengzou/coordinate_alignment/aam_benchmarks/golden_policy_full_20260907/435/cuts/aam.pkl.gz,/project/yunhengzou/coordinate_alignment/aam_benchmarks/golden_policy_full_20260907/435/evaluation.json
436,True,R_to_P,complete,recovered,True,False,True,4.953330903314054,0.34251607675105333,5.328031,186.83203125,recovered,True,,/project/yunhengzou/coordinate_alignment/aam_benchmarks/golden_policy_full_20260907/436/cuts/aam.pkl.gz,/project/yunhengzou/coordinate_alignment/aam_benchmarks/golden_policy_full_20260907/436/evaluation.json
437,True,P_to_R,complete,recovered,True,False,False,0.43890992272645235,0.0643063560128212,1.7064,120.5625,recovered,True,,/project/yunhengzou/coordinate_alignment/aam_benchmarks/golden_policy_full_20260907/437/cuts/aam.pkl.gz,/project/yunhengzou/coordinate_alignment/aam_benchmarks/golden_policy_full_20260907/437/evaluation.json
438,True,R_to_P,complete,recovered,True,False,False,1.7808178635314107,0.1302819661796093,2.683455,129.2578125,recovered,True,,/project/yunhengzou/coordinate_alignment/aam_benchmarks/golden_policy_full_20260907/438/cuts/aam.pkl.gz,/project/yunhengzou/coordinate_alignment/aam_benchmarks/golden_policy_full_20260907/438/evaluation.json
439,True,R_to_P,complete,recovered,True,False,True,18.420369279570878,2.2523445561528206,18.658163,422.76953125,recovered,True,,/project/yunhengzou/coordinate_alignment/aam_benchmarks/golden_policy_full_20260907/439/cuts/aam.pkl.gz,/project/yunhengzou/coordinate_alignment/aam_benchmarks/golden_policy_full_20260907/439/evaluation.json
440,True,R_to_P,complete,recovered,True,False,False,0.5499980794265866,0.03884453605860472,1.5508,124.578125,recovered,True,,/project/yunhengzou/coordinate_alignment/aam_benchmarks/golden_policy_full_20260907/440/cuts/aam.pkl.gz,/project/yunhengzou/coordinate_alignment/aam_benchmarks/golden_policy_full_20260907/440/evaluation.json
441,True,P_to_R,complete,recovered,True,False,True,3.307881945744157,0.5276692030020058,4.100523,164.73046875,recovered,True,,/project/yunhengzou/coordinate_alignment/aam_benchmarks/golden_policy_full_20260907/441/cuts/aam.pkl.gz,/project/yunhengzou/coordinate_alignment/aam_benchmarks/golden_policy_full_20260907/441/evaluation.json
442,True,R_to_P,complete,recovered,True,False,True,37.49280461203307,4.174763766117394,36.68525,810.33984375,recovered,True,,/project/yunhengzou/coordinate_alignment/aam_benchmarks/golden_policy_full_20260907/442/cuts/aam.pkl.gz,/project/yunhengzou/coordinate_alignment/aam_benchmarks/golden_policy_full_20260907/442/evaluation.json
443,True,R_to_P,complete,recovered,False,False,True,12.908413036959246,1.3433244319166988,13.395334,364.78125,recovered,False,,/project/yunhengzou/coordinate_alignment/aam_benchmarks/golden_policy_full_20260907/443/cuts/aam.pkl.gz,/project/yunhengzou/coordinate_alignment/aam_benchmarks/golden_policy_full_20260907/443/evaluation.json
444,True,R_to_P,complete,recovered,True,False,True,50.80509477481246,4.525662147440016,49.567326,1109.5703125,recovered,True,,/project/yunhengzou/coordinate_alignment/aam_benchmarks/golden_policy_full_20260907/444/cuts/aam.pkl.gz,/project/yunhengzou/coordinate_alignment/aam_benchmarks/golden_policy_full_20260907/444/evaluation.json
445,True,P_to_R,complete,recovered,True,False,True,31.036536595784128,3.472875576466322,30.055014,776.84765625,recovered,True,,/project/yunhengzou/coordinate_alignment/aam_benchmarks/golden_policy_full_20260907/445/cuts/aam.pkl.gz,/project/yunhengzou/coordinate_alignment/aam_benchmarks/golden_policy_full_20260907/445/evaluation.json
446,True,P_to_R,complete,recovered,False,False,True,50.12314191181213,10.524363624863327,48.819769,1024.44140625,recovered,False,,/project/yunhengzou/coordinate_alignment/aam_benchmarks/golden_policy_full_20260907/446/cuts/aam.pkl.gz,/project/yunhengzou/coordinate_alignment/aam_benchmarks/golden_policy_full_20260907/446/evaluation.json
447,True,R_to_P,complete,recovered,False,False,False,0.6389636229723692,0.049836413003504276,1.548888,125.99609375,recovered,False,,/project/yunhengzou/coordinate_alignment/aam_benchmarks/golden_policy_full_20260907/447/cuts/aam.pkl.gz,/project/yunhengzou/coordinate_alignment/aam_benchmarks/golden_policy_full_20260907/447/evaluation.json
448,True,R_to_P,complete,recovered,True,False,True,37.20060126297176,3.400442664977163,36.335482,725.57421875,recovered,True,,/project/yunhengzou/coordinate_alignment/aam_benchmarks/golden_policy_full_20260907/448/cuts/aam.pkl.gz,/project/yunhengzou/coordinate_alignment/aam_benchmarks/golden_policy_full_20260907/448/evaluation.json
449,True,R_to_P,complete,recovered,True,False,True,20.798675226047635,2.9052998004481196,20.928974,528.47265625,recovered,True,,/project/yunhengzou/coordinate_alignment/aam_benchmarks/golden_policy_full_20260907/449/cuts/aam.pkl.gz,/project/yunhengzou/coordinate_alignment/aam_benchmarks/golden_policy_full_20260907/449/evaluation.json
450,True,P_to_R,complete,recovered,True,False,True,4.6218378292396665,0.5329072996973991,5.377069,214.80859375,recovered,True,,/project/yunhengzou/coordinate_alignment/aam_benchmarks/golden_policy_full_20260907/450/cuts/aam.pkl.gz,/project/yunhengzou/coordinate_alignment/aam_benchmarks/golden_policy_full_20260907/450/evaluation.json
451,True,R_to_P,complete,recovered,True,False,True,2.7365881875157356,0.21874782256782055,3.463123,157.80859375,recovered,True,,/project/yunhengzou/coordinate_alignment/aam_benchmarks/golden_policy_full_20260907/451/cuts/aam.pkl.gz,/project/yunhengzou/coordinate_alignment/aam_benchmarks/golden_policy_full_20260907/451/evaluation.json
452,True,R_to_P,complete,recovered,True,False,False,1.030638474971056,0.09796326141804457,2.0838889999999997,129.296875,recovered,True,,/project/yunhengzou/coordinate_alignment/aam_benchmarks/golden_policy_full_20260907/452/cuts/aam.pkl.gz,/project/yunhengzou/coordinate_alignment/aam_benchmarks/golden_policy_full_20260907/452/evaluation.json
453,True,R_to_P,complete,recovered,True,False,True,21.63525806972757,1.834242859389633,21.341701,466.48046875,recovered,True,,/project/yunhengzou/coordinate_alignment/aam_benchmarks/golden_policy_full_20260907/453/cuts/aam.pkl.gz,/project/yunhengzou/coordinate_alignment/aam_benchmarks/golden_policy_full_20260907/453/evaluation.json
454,True,R_to_P,complete,recovered,True,False,True,14.742711255326867,1.529151369817555,14.629107,373.5703125,recovered,True,,/project/yunhengzou/coordinate_alignment/aam_benchmarks/golden_policy_full_20260907/454/cuts/aam.pkl.gz,/project/yunhengzou/coordinate_alignment/aam_benchmarks/golden_policy_full_20260907/454/evaluation.json
455,True,R_to_P,complete,recovered,True,False,False,0.5700521490070969,0.06033758679404855,1.483677,123.84765625,recovered,True,,/project/yunhengzou/coordinate_alignment/aam_benchmarks/golden_policy_full_20260907/455/cuts/aam.pkl.gz,/project/yunhengzou/coordinate_alignment/aam_benchmarks/golden_policy_full_20260907/455/evaluation.json
456,True,R_to_P,complete,recovered,True,False,True,10.144156599184498,0.8441217499785125,9.798896,286.65625,recovered,True,,/project/yunhengzou/coordinate_alignment/aam_benchmarks/golden_policy_full_20260907/456/cuts/aam.pkl.gz,/project/yunhengzou/coordinate_alignment/aam_benchmarks/golden_policy_full_20260907/456/evaluation.json
457,True,R_to_P,complete,recovered,False,False,True,6.855874340981245,0.6805489070247859,7.3352260000000005,248.20703125,recovered,False,,/project/yunhengzou/coordinate_alignment/aam_benchmarks/golden_policy_full_20260907/457/cuts/aam.pkl.gz,/project/yunhengzou/coordinate_alignment/aam_benchmarks/golden_policy_full_20260907/457/evaluation.json
458,True,R_to_P,complete,recovered,True,False,False,0.8592887716367841,0.07388912094756961,1.700526,128.67578125,recovered,True,,/project/yunhengzou/coordinate_alignment/aam_benchmarks/golden_policy_full_20260907/458/cuts/aam.pkl.gz,/project/yunhengzou/coordinate_alignment/aam_benchmarks/golden_policy_full_20260907/458/evaluation.json
459,True,P_to_R,complete,recovered,True,False,True,17.393522765953094,2.193436284083873,17.770361,437.078125,recovered,True,,/project/yunhengzou/coordinate_alignment/aam_benchmarks/golden_policy_full_20260907/459/cuts/aam.pkl.gz,/project/yunhengzou/coordinate_alignment/aam_benchmarks/golden_policy_full_20260907/459/evaluation.json
460,True,P_to_R,complete,recovered,True,False,False,0.40128398407250643,0.048070523887872696,1.3470769999999999,121.078125,recovered,True,,/project/yunhengzou/coordinate_alignment/aam_benchmarks/golden_policy_full_20260907/460/cuts/aam.pkl.gz,/project/yunhengzou/coordinate_alignment/aam_benchmarks/golden_policy_full_20260907/460/evaluation.json
461,True,R_to_P,complete,recovered,True,False,True,10.283124652691185,1.0066224057227373,10.789264,306.6953125,recovered,True,,/project/yunhengzou/coordinate_alignment/aam_benchmarks/golden_policy_full_20260907/461/cuts/aam.pkl.gz,/project/yunhengzou/coordinate_alignment/aam_benchmarks/golden_policy_full_20260907/461/evaluation.json
462,True,R_to_P,complete,recovered,True,False,True,8.02003241609782,0.7668397203087807,8.562367,255.9296875,recovered,True,,/project/yunhengzou/coordinate_alignment/aam_benchmarks/golden_policy_full_20260907/462/cuts/aam.pkl.gz,/project/yunhengzou/coordinate_alignment/aam_benchmarks/golden_policy_full_20260907/462/evaluation.json
463,True,R_to_P,complete,recovered,True,False,True,7.187019654549658,0.6094284141436219,7.686023,217.625,recovered,True,,/project/yunhengzou/coordinate_alignment/aam_benchmarks/golden_policy_full_20260907/463/cuts/aam.pkl.gz,/project/yunhengzou/coordinate_alignment/aam_benchmarks/golden_policy_full_20260907/463/evaluation.json
464,True,P_to_R,complete,recovered,True,False,True,30.184538745321333,3.332749812863767,29.712107,673.23046875,recovered,True,,/project/yunhengzou/coordinate_alignment/aam_benchmarks/golden_policy_full_20260907/464/cuts/aam.pkl.gz,/project/yunhengzou/coordinate_alignment/aam_benchmarks/golden_policy_full_20260907/464/evaluation.json
465,True,P_to_R,complete,recovered,True,False,True,10.275628560921177,1.6938404978718609,10.96167,313.1484375,recovered,True,,/project/yunhengzou/coordinate_alignment/aam_benchmarks/golden_policy_full_20260907/465/cuts/aam.pkl.gz,/project/yunhengzou/coordinate_alignment/aam_benchmarks/golden_policy_full_20260907/465/evaluation.json
466,True,P_to_R,complete,recovered,True,False,True,20.73593162302859,2.2497478688601404,20.655047,533.96875,recovered,True,,/project/yunhengzou/coordinate_alignment/aam_benchmarks/golden_policy_full_20260907/466/cuts/aam.pkl.gz,/project/yunhengzou/coordinate_alignment/aam_benchmarks/golden_policy_full_20260907/466/evaluation.json
467,True,P_to_R,complete,recovered,True,False,False,0.2833515959791839,0.03175196493975818,1.3143500000000001,119.98828125,recovered,True,,/project/yunhengzou/coordinate_alignment/aam_benchmarks/golden_policy_full_20260907/467/cuts/aam.pkl.gz,/project/yunhengzou/coordinate_alignment/aam_benchmarks/golden_policy_full_20260907/467/evaluation.json
468,True,P_to_R,complete,recovered,True,False,False,0.6065667420625687,0.0566557077690959,1.4014939999999998,123.234375,recovered,True,,/project/yunhengzou/coordinate_alignment/aam_benchmarks/golden_policy_full_20260907/468/cuts/aam.pkl.gz,/project/yunhengzou/coordinate_alignment/aam_benchmarks/golden_policy_full_20260907/468/evaluation.json
469,True,R_to_P,complete,recovered,True,False,False,1.6975812036544085,0.15892132092267275,2.312393,130.44140625,recovered,True,,/project/yunhengzou/coordinate_alignment/aam_benchmarks/golden_policy_full_20260907/469/cuts/aam.pkl.gz,/project/yunhengzou/coordinate_alignment/aam_benchmarks/golden_policy_full_20260907/469/evaluation.json
470,True,R_to_P,complete,recovered,True,False,False,1.0571727715432644,0.1633474314585328,1.769994,128.49609375,recovered,True,,/project/yunhengzou/coordinate_alignment/aam_benchmarks/golden_policy_full_20260907/470/cuts/aam.pkl.gz,/project/yunhengzou/coordinate_alignment/aam_benchmarks/golden_policy_full_20260907/470/evaluation.json
471,True,P_to_R,complete,recovered,True,False,False,1.474961553234607,0.2473359927535057,2.239564,133.05859375,recovered,True,,/project/yunhengzou/coordinate_alignment/aam_benchmarks/golden_policy_full_20260907/471/cuts/aam.pkl.gz,/project/yunhengzou/coordinate_alignment/aam_benchmarks/golden_policy_full_20260907/471/evaluation.json
472,True,R_to_P,complete,recovered,True,False,False,0.905591475777328,0.09880870627239347,1.7582540000000002,124.8203125,recovered,True,,/project/yunhengzou/coordinate_alignment/aam_benchmarks/golden_policy_full_20260907/472/cuts/aam.pkl.gz,/project/yunhengzou/coordinate_alignment/aam_benchmarks/golden_policy_full_20260907/472/evaluation.json
473,True,R_to_P,complete,recovered,True,False,True,6.529529691673815,0.7326016630977392,7.179768999999999,229.9375,recovered,True,,/project/yunhengzou/coordinate_alignment/aam_benchmarks/golden_policy_full_20260907/473/cuts/aam.pkl.gz,/project/yunhengzou/coordinate_alignment/aam_benchmarks/golden_policy_full_20260907/473/evaluation.json
474,True,R_to_P,complete,recovered,True,False,True,4.19907218310982,0.4478312199935317,4.953284,195.97265625,recovered,True,,/project/yunhengzou/coordinate_alignment/aam_benchmarks/golden_policy_full_20260907/474/cuts/aam.pkl.gz,/project/yunhengzou/coordinate_alignment/aam_benchmarks/golden_policy_full_20260907/474/evaluation.json
475,True,P_to_R,complete,recovered,True,False,True,1.8606654587201774,0.19583898782730103,2.768934,152.3203125,recovered,True,,/project/yunhengzou/coordinate_alignment/aam_benchmarks/golden_policy_full_20260907/475/cuts/aam.pkl.gz,/project/yunhengzou/coordinate_alignment/aam_benchmarks/golden_policy_full_20260907/475/evaluation.json
476,True,R_to_P,complete,recovered,True,False,False,0.21499502938240767,0.034075869247317314,1.069539,120.24609375,recovered,True,,/project/yunhengzou/coordinate_alignment/aam_benchmarks/golden_policy_full_20260907/476/cuts/aam.pkl.gz,/project/yunhengzou/coordinate_alignment/aam_benchmarks/golden_policy_full_20260907/476/evaluation.json
477,True,R_to_P,complete,recovered,True,False,True,8.66697853198275,0.4646948459558189,6.647683,190.5859375,recovered,True,,/project/yunhengzou/coordinate_alignment/aam_benchmarks/golden_policy_full_20260907/477/cuts/aam.pkl.gz,/project/yunhengzou/coordinate_alignment/aam_benchmarks/golden_policy_full_20260907/477/evaluation.json
478,True,P_to_R,complete,recovered,True,False,True,1.5514949329663068,0.18010416091419756,2.361994,135.26171875,recovered,True,,/project/yunhengzou/coordinate_alignment/aam_benchmarks/golden_policy_full_20260907/478/cuts/aam.pkl.gz,/project/yunhengzou/coordinate_alignment/aam_benchmarks/golden_policy_full_20260907/478/evaluation.json
479,True,R_to_P,complete,recovered,True,False,True,1.318702794611454,0.17469906993210316,2.0987739999999997,135.859375,recovered,True,,/project/yunhengzou/coordinate_alignment/aam_benchmarks/golden_policy_full_20260907/479/cuts/aam.pkl.gz,/project/yunhengzou/coordinate_alignment/aam_benchmarks/golden_policy_full_20260907/479/evaluation.json
480,True,P_to_R,complete,recovered,False,False,True,6.714610087685287,0.47337843105196953,7.272729,247.51171875,recovered,False,,/project/yunhengzou/coordinate_alignment/aam_benchmarks/golden_policy_full_20260907/480/cuts/aam.pkl.gz,/project/yunhengzou/coordinate_alignment/aam_benchmarks/golden_policy_full_20260907/480/evaluation.json
481,True,R_to_P,complete,recovered,True,False,False,1.8881483001168817,0.31475236010737717,2.680405,140.1015625,recovered,True,,/project/yunhengzou/coordinate_alignment/aam_benchmarks/golden_policy_full_20260907/481/cuts/aam.pkl.gz,/project/yunhengzou/coordinate_alignment/aam_benchmarks/golden_policy_full_20260907/481/evaluation.json
482,True,R_to_P,complete,recovered,True,False,True,6.006583661772311,0.6660483945161104,6.908121,241.70703125,recovered,True,,/project/yunhengzou/coordinate_alignment/aam_benchmarks/golden_policy_full_20260907/482/cuts/aam.pkl.gz,/project/yunhengzou/coordinate_alignment/aam_benchmarks/golden_policy_full_20260907/482/evaluation.json
483,True,R_to_P,complete,recovered,False,False,False,0.3109304648824036,0.04661942459642887,1.4320400000000002,121.09765625,recovered,False,,/project/yunhengzou/coordinate_alignment/aam_benchmarks/golden_policy_full_20260907/483/cuts/aam.pkl.gz,/project/yunhengzou/coordinate_alignment/aam_benchmarks/golden_policy_full_20260907/483/evaluation.json
484,True,R_to_P,complete,recovered,True,False,True,3.3603572389110923,0.34286773297935724,3.96741,164.2890625,recovered,True,,/project/yunhengzou/coordinate_alignment/aam_benchmarks/golden_policy_full_20260907/484/cuts/aam.pkl.gz,/project/yunhengzou/coordinate_alignment/aam_benchmarks/golden_policy_full_20260907/484/evaluation.json
485,True,R_to_P,complete,recovered,True,False,True,7.295271913520992,0.26470090355724096,8.079930000000001,228.75,recovered,True,,/project/yunhengzou/coordinate_alignment/aam_benchmarks/golden_policy_full_20260907/485/cuts/aam.pkl.gz,/project/yunhengzou/coordinate_alignment/aam_benchmarks/golden_policy_full_20260907/485/evaluation.json
486,True,R_to_P,complete,recovered,True,False,True,4.373742798343301,0.320736532099545,5.202065,196.3828125,recovered,True,,/project/yunhengzou/coordinate_alignment/aam_benchmarks/golden_policy_full_20260907/486/cuts/aam.pkl.gz,/project/yunhengzou/coordinate_alignment/aam_benchmarks/golden_policy_full_20260907/486/evaluation.json
487,True,P_to_R,complete,recovered,True,False,False,1.4694494451396167,0.4308029320091009,2.101793,131.5,recovered,True,,/project/yunhengzou/coordinate_alignment/aam_benchmarks/golden_policy_full_20260907/487/cuts/aam.pkl.gz,/project/yunhengzou/coordinate_alignment/aam_benchmarks/golden_policy_full_20260907/487/evaluation.json
488,True,R_to_P,complete,recovered,True,False,False,1.1499952380545437,0.07620566012337804,1.816618,127.09375,recovered,True,,/project/yunhengzou/coordinate_alignment/aam_benchmarks/golden_policy_full_20260907/488/cuts/aam.pkl.gz,/project/yunhengzou/coordinate_alignment/aam_benchmarks/golden_policy_full_20260907/488/evaluation.json
489,True,R_to_P,complete,recovered,True,False,True,2.975273862015456,0.43314001988619566,3.51766,171.3671875,recovered,True,,/project/yunhengzou/coordinate_alignment/aam_benchmarks/golden_policy_full_20260907/489/cuts/aam.pkl.gz,/project/yunhengzou/coordinate_alignment/aam_benchmarks/golden_policy_full_20260907/489/evaluation.json
490,True,P_to_R,complete,recovered,True,False,True,22.021035995334387,2.7276168847456574,22.060118,546.66015625,recovered,True,,/project/yunhengzou/coordinate_alignment/aam_benchmarks/golden_policy_full_20260907/490/cuts/aam.pkl.gz,/project/yunhengzou/coordinate_alignment/aam_benchmarks/golden_policy_full_20260907/490/evaluation.json
491,True,R_to_P,complete,recovered,True,False,False,4.592654763022438,0.6094315578229725,5.029665,180.828125,recovered,True,,/project/yunhengzou/coordinate_alignment/aam_benchmarks/golden_policy_full_20260907/491/cuts/aam.pkl.gz,/project/yunhengzou/coordinate_alignment/aam_benchmarks/golden_policy_full_20260907/491/evaluation.json
492,True,R_to_P,complete,recovered,True,False,True,4.412872546119615,0.3222235180437565,4.836264,185.4453125,recovered,True,,/project/yunhengzou/coordinate_alignment/aam_benchmarks/golden_policy_full_20260907/492/cuts/aam.pkl.gz,/project/yunhengzou/coordinate_alignment/aam_benchmarks/golden_policy_full_20260907/492/evaluation.json
493,True,R_to_P,complete,recovered,True,False,True,2.2448092186823487,0.1837345054373145,2.828008,145.125,recovered,True,,/project/yunhengzou/coordinate_alignment/aam_benchmarks/golden_policy_full_20260907/493/cuts/aam.pkl.gz,/project/yunhengzou/coordinate_alignment/aam_benchmarks/golden_policy_full_20260907/493/evaluation.json
494,True,P_to_R,complete,recovered,False,False,True,1.6771317832171917,0.20685560163110495,2.3584199999999997,142.94921875,recovered,False,,/project/yunhengzou/coordinate_alignment/aam_benchmarks/golden_policy_full_20260907/494/cuts/aam.pkl.gz,/project/yunhengzou/coordinate_alignment/aam_benchmarks/golden_policy_full_20260907/494/evaluation.json
495,True,R_to_P,complete,recovered,True,False,True,52.13442784920335,4.871495988219976,48.748809,1057.69921875,recovered,True,,/project/yunhengzou/coordinate_alignment/aam_benchmarks/golden_policy_full_20260907/495/cuts/aam.pkl.gz,/project/yunhengzou/coordinate_alignment/aam_benchmarks/golden_policy_full_20260907/495/evaluation.json
496,True,P_to_R,complete,recovered,True,False,True,24.654171401634812,2.287246889434755,24.475736,518.9921875,recovered,True,,/project/yunhengzou/coordinate_alignment/aam_benchmarks/golden_policy_full_20260907/496/cuts/aam.pkl.gz,/project/yunhengzou/coordinate_alignment/aam_benchmarks/golden_policy_full_20260907/496/evaluation.json
497,True,R_to_P,complete,recovered,True,False,True,22.15144515200518,1.9141077410895377,20.935397,441.140625,recovered,True,,/project/yunhengzou/coordinate_alignment/aam_benchmarks/golden_policy_full_20260907/497/cuts/aam.pkl.gz,/project/yunhengzou/coordinate_alignment/aam_benchmarks/golden_policy_full_20260907/497/evaluation.json
498,True,P_to_R,complete,recovered,True,False,False,0.758874234976247,0.06345970695838332,1.586311,126.12890625,recovered,True,,/project/yunhengzou/coordinate_alignment/aam_benchmarks/golden_policy_full_20260907/498/cuts/aam.pkl.gz,/project/yunhengzou/coordinate_alignment/aam_benchmarks/golden_policy_full_20260907/498/evaluation.json
499,True,R_to_P,complete,recovered,True,False,True,11.518166788853705,1.4440336609259248,12.029307,306.54296875,recovered,True,,/project/yunhengzou/coordinate_alignment/aam_benchmarks/golden_policy_full_20260907/499/cuts/aam.pkl.gz,/project/yunhengzou/coordinate_alignment/aam_benchmarks/golden_policy_full_20260907/499/evaluation.json
500,True,R_to_P,complete,recovered,True,False,False,1.6292327549308538,0.1973638329654932,2.661692,144.8671875,recovered,True,,/project/yunhengzou/coordinate_alignment/aam_benchmarks/golden_policy_full_20260907/500/cuts/aam.pkl.gz,/project/yunhengzou/coordinate_alignment/aam_benchmarks/golden_policy_full_20260907/500/evaluation.json
501,True,R_to_P,complete,recovered,True,False,True,3.399487583898008,0.4753302102908492,4.312347,181.84375,recovered,True,,/project/yunhengzou/coordinate_alignment/aam_benchmarks/golden_policy_full_20260907/501/cuts/aam.pkl.gz,/project/yunhengzou/coordinate_alignment/aam_benchmarks/golden_policy_full_20260907/501/evaluation.json
502,True,R_to_P,complete,recovered,True,False,False,0.7842460661195219,0.0969494809396565,1.880101,128.59375,recovered,True,,/project/yunhengzou/coordinate_alignment/aam_benchmarks/golden_policy_full_20260907/502/cuts/aam.pkl.gz,/project/yunhengzou/coordinate_alignment/aam_benchmarks/golden_policy_full_20260907/502/evaluation.json
503,True,R_to_P,complete,recovered,True,False,True,5.107025772333145,0.33614771626889706,5.495485,219.80859375,recovered,True,,/project/yunhengzou/coordinate_alignment/aam_benchmarks/golden_policy_full_20260907/503/cuts/aam.pkl.gz,/project/yunhengzou/coordinate_alignment/aam_benchmarks/golden_policy_full_20260907/503/evaluation.json
504,True,R_to_P,complete,recovered,True,False,True,7.682785263285041,0.7034112745895982,8.154913,289.3125,recovered,True,,/project/yunhengzou/coordinate_alignment/aam_benchmarks/golden_policy_full_20260907/504/cuts/aam.pkl.gz,/project/yunhengzou/coordinate_alignment/aam_benchmarks/golden_policy_full_20260907/504/evaluation.json
505,True,R_to_P,complete,recovered,True,False,True,1.384535470046103,0.11485610716044903,2.066008,136.28125,recovered,True,,/project/yunhengzou/coordinate_alignment/aam_benchmarks/golden_policy_full_20260907/505/cuts/aam.pkl.gz,/project/yunhengzou/coordinate_alignment/aam_benchmarks/golden_policy_full_20260907/505/evaluation.json
506,True,R_to_P,complete,recovered,True,False,True,3.7678791284561157,0.29951965250074863,4.315583999999999,173.2265625,recovered,True,,/project/yunhengzou/coordinate_alignment/aam_benchmarks/golden_policy_full_20260907/506/cuts/aam.pkl.gz,/project/yunhengzou/coordinate_alignment/aam_benchmarks/golden_policy_full_20260907/506/evaluation.json
507,True,R_to_P,complete,recovered,True,False,False,4.342172656906769,0.3452424050774425,4.998405,154.2265625,recovered,True,,/project/yunhengzou/coordinate_alignment/aam_benchmarks/golden_policy_full_20260907/507/cuts/aam.pkl.gz,/project/yunhengzou/coordinate_alignment/aam_benchmarks/golden_policy_full_20260907/507/evaluation.json
508,True,R_to_P,complete,recovered,True,False,False,0.5646903130691499,0.07408011518418789,1.452284,124.32421875,recovered,True,,/project/yunhengzou/coordinate_alignment/aam_benchmarks/golden_policy_full_20260907/508/cuts/aam.pkl.gz,/project/yunhengzou/coordinate_alignment/aam_benchmarks/golden_policy_full_20260907/508/evaluation.json
509,True,R_to_P,complete,recovered,True,False,True,2.816930972971022,0.2564129331149161,3.5806229999999997,174.3984375,recovered,True,,/project/yunhengzou/coordinate_alignment/aam_benchmarks/golden_policy_full_20260907/509/cuts/aam.pkl.gz,/project/yunhengzou/coordinate_alignment/aam_benchmarks/golden_policy_full_20260907/509/evaluation.json
510,True,P_to_R,complete,recovered,True,False,False,0.8450261354446411,0.14698252361267805,1.690621,128.703125,recovered,True,,/project/yunhengzou/coordinate_alignment/aam_benchmarks/golden_policy_full_20260907/510/cuts/aam.pkl.gz,/project/yunhengzou/coordinate_alignment/aam_benchmarks/golden_policy_full_20260907/510/evaluation.json
511,True,P_to_R,complete,recovered,False,False,True,6.388256766833365,0.9110087193548679,6.877082000000001,237.94140625,recovered,True,,/project/yunhengzou/coordinate_alignment/aam_benchmarks/golden_policy_full_20260907/511/cuts/aam.pkl.gz,/project/yunhengzou/coordinate_alignment/aam_benchmarks/golden_policy_full_20260907/511/evaluation.json
512,True,R_to_P,complete,recovered,True,False,False,0.37563262693583965,0.03335440997034311,1.3382159999999999,123.6484375,recovered,True,,/project/yunhengzou/coordinate_alignment/aam_benchmarks/golden_policy_full_20260907/512/cuts/aam.pkl.gz,/project/yunhengzou/coordinate_alignment/aam_benchmarks/golden_policy_full_20260907/512/evaluation.json
513,True,R_to_P,complete,recovered,True,False,False,2.7457620445638895,0.2705624494701624,3.537752,161.34765625,recovered,True,,/project/yunhengzou/coordinate_alignment/aam_benchmarks/golden_policy_full_20260907/513/cuts/aam.pkl.gz,/project/yunhengzou/coordinate_alignment/aam_benchmarks/golden_policy_full_20260907/513/evaluation.json
514,True,P_to_R,complete,recovered,True,False,True,4.49339599115774,0.5318219703622162,5.41755,200.82421875,recovered,True,,/project/yunhengzou/coordinate_alignment/aam_benchmarks/golden_policy_full_20260907/514/cuts/aam.pkl.gz,/project/yunhengzou/coordinate_alignment/aam_benchmarks/golden_policy_full_20260907/514/evaluation.json
515,True,P_to_R,complete,recovered,True,False,True,4.354150624014437,0.5548381358385086,5.056769,193.75,recovered,True,,/project/yunhengzou/coordinate_alignment/aam_benchmarks/golden_policy_full_20260907/515/cuts/aam.pkl.gz,/project/yunhengzou/coordinate_alignment/aam_benchmarks/golden_policy_full_20260907/515/evaluation.json
516,True,R_to_P,complete,recovered,True,False,False,5.7262079431675375,0.5423249453306198,6.165003,200.18359375,recovered,True,,/project/yunhengzou/coordinate_alignment/aam_benchmarks/golden_policy_full_20260907/516/cuts/aam.pkl.gz,/project/yunhengzou/coordinate_alignment/aam_benchmarks/golden_policy_full_20260907/516/evaluation.json
517,True,P_to_R,complete,recovered,True,False,True,2.273001088295132,0.36544837104156613,3.208731,156.421875,recovered,True,,/project/yunhengzou/coordinate_alignment/aam_benchmarks/golden_policy_full_20260907/517/cuts/aam.pkl.gz,/project/yunhengzou/coordinate_alignment/aam_benchmarks/golden_policy_full_20260907/517/evaluation.json
518,True,R_to_P,complete,recovered,True,False,True,2.8676222674548626,0.2804576950147748,3.669316,159.5703125,recovered,True,,/project/yunhengzou/coordinate_alignment/aam_benchmarks/golden_policy_full_20260907/518/cuts/aam.pkl.gz,/project/yunhengzou/coordinate_alignment/aam_benchmarks/golden_policy_full_20260907/518/evaluation.json
519,True,R_to_P,complete,recovered,True,False,False,1.0895551480352879,0.09406655002385378,1.96521,127.53515625,recovered,True,,/project/yunhengzou/coordinate_alignment/aam_benchmarks/golden_policy_full_20260907/519/cuts/aam.pkl.gz,/project/yunhengzou/coordinate_alignment/aam_benchmarks/golden_policy_full_20260907/519/evaluation.json
520,True,R_to_P,complete,recovered,True,False,True,2.6147719668224454,0.2513778945431113,3.559801,163.41015625,recovered,True,,/project/yunhengzou/coordinate_alignment/aam_benchmarks/golden_policy_full_20260907/520/cuts/aam.pkl.gz,/project/yunhengzou/coordinate_alignment/aam_benchmarks/golden_policy_full_20260907/520/evaluation.json
521,True,P_to_R,complete,recovered,True,False,True,83.99681367212906,7.716269360855222,81.845394,1666.12890625,recovered,True,,/project/yunhengzou/coordinate_alignment/aam_benchmarks/golden_policy_full_20260907/521/cuts/aam.pkl.gz,/project/yunhengzou/coordinate_alignment/aam_benchmarks/golden_policy_full_20260907/521/evaluation.json
522,True,R_to_P,complete,recovered,True,False,False,0.8627366200089455,0.0873919720761478,1.887043,130.08984375,recovered,True,,/project/yunhengzou/coordinate_alignment/aam_benchmarks/golden_policy_full_20260907/522/cuts/aam.pkl.gz,/project/yunhengzou/coordinate_alignment/aam_benchmarks/golden_policy_full_20260907/522/evaluation.json
523,True,R_to_P,complete,recovered,True,False,True,11.646465444937348,1.1085972229484469,11.787806,354.21484375,recovered,True,,/project/yunhengzou/coordinate_alignment/aam_benchmarks/golden_policy_full_20260907/523/cuts/aam.pkl.gz,/project/yunhengzou/coordinate_alignment/aam_benchmarks/golden_policy_full_20260907/523/evaluation.json
524,True,P_to_R,complete,recovered,True,False,True,9.730125440983102,1.0691127288155258,9.798517,309.9921875,recovered,True,,/project/yunhengzou/coordinate_alignment/aam_benchmarks/golden_policy_full_20260907/524/cuts/aam.pkl.gz,/project/yunhengzou/coordinate_alignment/aam_benchmarks/golden_policy_full_20260907/524/evaluation.json
525,True,R_to_P,complete,recovered,True,False,False,0.6252349251881242,0.09693400468677282,1.730293,123.75,recovered,True,,/project/yunhengzou/coordinate_alignment/aam_benchmarks/golden_policy_full_20260907/525/cuts/aam.pkl.gz,/project/yunhengzou/coordinate_alignment/aam_benchmarks/golden_policy_full_20260907/525/evaluation.json
526,True,R_to_P,complete,recovered,True,False,False,0.5301357479766011,0.06113333348184824,1.6988,126.59765625,recovered,True,,/project/yunhengzou/coordinate_alignment/aam_benchmarks/golden_policy_full_20260907/526/cuts/aam.pkl.gz,/project/yunhengzou/coordinate_alignment/aam_benchmarks/golden_policy_full_20260907/526/evaluation.json
527,True,R_to_P,complete,recovered,True,False,False,1.9022868569009006,0.20898814592510462,2.754585,134.48046875,recovered,True,,/project/yunhengzou/coordinate_alignment/aam_benchmarks/golden_policy_full_20260907/527/cuts/aam.pkl.gz,/project/yunhengzou/coordinate_alignment/aam_benchmarks/golden_policy_full_20260907/527/evaluation.json
528,True,R_to_P,complete,recovered,True,False,True,13.561448194086552,0.9358627079054713,13.444205,352.078125,recovered,True,,/project/yunhengzou/coordinate_alignment/aam_benchmarks/golden_policy_full_20260907/528/cuts/aam.pkl.gz,/project/yunhengzou/coordinate_alignment/aam_benchmarks/golden_policy_full_20260907/528/evaluation.json
529,True,R_to_P,complete,recovered,True,False,True,10.136428721016273,0.9651696849614382,10.395702,274.9453125,recovered,True,,/project/yunhengzou/coordinate_alignment/aam_benchmarks/golden_policy_full_20260907/529/cuts/aam.pkl.gz,/project/yunhengzou/coordinate_alignment/aam_benchmarks/golden_policy_full_20260907/529/evaluation.json
530,True,R_to_P,complete,recovered,True,False,True,3.9308560006320477,0.6586561547592282,4.689364,185.65625,recovered,True,,/project/yunhengzou/coordinate_alignment/aam_benchmarks/golden_policy_full_20260907/530/cuts/aam.pkl.gz,/project/yunhengzou/coordinate_alignment/aam_benchmarks/golden_policy_full_20260907/530/evaluation.json
531,True,R_to_P,complete,recovered,True,False,True,23.01094417925924,2.525342157110572,22.897896000000003,591.421875,recovered,True,,/project/yunhengzou/coordinate_alignment/aam_benchmarks/golden_policy_full_20260907/531/cuts/aam.pkl.gz,/project/yunhengzou/coordinate_alignment/aam_benchmarks/golden_policy_full_20260907/531/evaluation.json
532,True,R_to_P,complete,recovered,False,False,True,67.69046392291784,6.652323768474162,66.339334,1362.328125,recovered,False,,/project/yunhengzou/coordinate_alignment/aam_benchmarks/golden_policy_full_20260907/532/cuts/aam.pkl.gz,/project/yunhengzou/coordinate_alignment/aam_benchmarks/golden_policy_full_20260907/532/evaluation.json
533,True,R_to_P,complete,recovered,False,False,True,6.026570945046842,0.6830725949257612,6.659707,219.37890625,recovered,False,,/project/yunhengzou/coordinate_alignment/aam_benchmarks/golden_policy_full_20260907/533/cuts/aam.pkl.gz,/project/yunhengzou/coordinate_alignment/aam_benchmarks/golden_policy_full_20260907/533/evaluation.json
534,True,R_to_P,complete,recovered,False,False,True,10.54981608595699,1.1953158983960748,11.007247,311.703125,recovered,False,,/project/yunhengzou/coordinate_alignment/aam_benchmarks/golden_policy_full_20260907/534/cuts/aam.pkl.gz,/project/yunhengzou/coordinate_alignment/aam_benchmarks/golden_policy_full_20260907/534/evaluation.json
535,True,R_to_P,complete,recovered,False,False,True,2.7012664256617427,0.28558113519102335,3.55452,158.08984375,recovered,False,,/project/yunhengzou/coordinate_alignment/aam_benchmarks/golden_policy_full_20260907/535/cuts/aam.pkl.gz,/project/yunhengzou/coordinate_alignment/aam_benchmarks/golden_policy_full_20260907/535/evaluation.json
536,True,R_to_P,complete,recovered,True,False,True,9.262043345021084,1.040318065090105,9.229396,271.4296875,recovered,True,,/project/yunhengzou/coordinate_alignment/aam_benchmarks/golden_policy_full_20260907/536/cuts/aam.pkl.gz,/project/yunhengzou/coordinate_alignment/aam_benchmarks/golden_policy_full_20260907/536/evaluation.json
537,True,R_to_P,complete,recovered,True,False,True,2.032686896622181,0.2152326162904501,2.939201,154.46484375,recovered,True,,/project/yunhengzou/coordinate_alignment/aam_benchmarks/golden_policy_full_20260907/537/cuts/aam.pkl.gz,/project/yunhengzou/coordinate_alignment/aam_benchmarks/golden_policy_full_20260907/537/evaluation.json
538,True,R_to_P,complete,recovered,True,False,True,0.4236893989145756,0.03759900201112032,1.45641,125.578125,recovered,True,,/project/yunhengzou/coordinate_alignment/aam_benchmarks/golden_policy_full_20260907/538/cuts/aam.pkl.gz,/project/yunhengzou/coordinate_alignment/aam_benchmarks/golden_policy_full_20260907/538/evaluation.json
539,True,R_to_P,complete,recovered,True,False,True,2.910142128355801,0.28552936762571335,3.635775,164.2890625,recovered,True,,/project/yunhengzou/coordinate_alignment/aam_benchmarks/golden_policy_full_20260907/539/cuts/aam.pkl.gz,/project/yunhengzou/coordinate_alignment/aam_benchmarks/golden_policy_full_20260907/539/evaluation.json
540,True,P_to_R,complete,recovered,True,False,True,7.182676175609231,0.9800508008338511,7.700296000000001,251.15625,recovered,True,,/project/yunhengzou/coordinate_alignment/aam_benchmarks/golden_policy_full_20260907/540/cuts/aam.pkl.gz,/project/yunhengzou/coordinate_alignment/aam_benchmarks/golden_policy_full_20260907/540/evaluation.json
541,True,R_to_P,complete,recovered,True,False,True,31.462609860114753,3.630127588286996,31.373998,698.26171875,recovered,True,,/project/yunhengzou/coordinate_alignment/aam_benchmarks/golden_policy_full_20260907/541/cuts/aam.pkl.gz,/project/yunhengzou/coordinate_alignment/aam_benchmarks/golden_policy_full_20260907/541/evaluation.json
542,True,R_to_P,complete,recovered,False,False,True,31.635988594032824,3.6487983339466155,31.953094,766.3359375,not_recovered,False,gained,/project/yunhengzou/coordinate_alignment/aam_benchmarks/golden_policy_full_20260907/542/cuts/aam.pkl.gz,/project/yunhengzou/coordinate_alignment/aam_benchmarks/golden_policy_full_20260907/542/evaluation.json
543,True,R_to_P,complete,recovered,True,False,False,1.3555188551545143,0.0979645038023591,2.103655,131.26171875,recovered,True,,/project/yunhengzou/coordinate_alignment/aam_benchmarks/golden_policy_full_20260907/543/cuts/aam.pkl.gz,/project/yunhengzou/coordinate_alignment/aam_benchmarks/golden_policy_full_20260907/543/evaluation.json
544,True,R_to_P,complete,recovered,True,False,True,2.333737009204924,0.13174705673009157,2.93067,139.82421875,recovered,True,,/project/yunhengzou/coordinate_alignment/aam_benchmarks/golden_policy_full_20260907/544/cuts/aam.pkl.gz,/project/yunhengzou/coordinate_alignment/aam_benchmarks/golden_policy_full_20260907/544/evaluation.json
545,True,P_to_R,complete,recovered,True,False,True,1.8978890934959054,0.16656306106597185,2.676023,136.1015625,recovered,True,,/project/yunhengzou/coordinate_alignment/aam_benchmarks/golden_policy_full_20260907/545/cuts/aam.pkl.gz,/project/yunhengzou/coordinate_alignment/aam_benchmarks/golden_policy_full_20260907/545/evaluation.json
546,True,R_to_P,complete,recovered,True,False,True,5.997528176056221,0.7245713979937136,6.418761,218.6171875,recovered,True,,/project/yunhengzou/coordinate_alignment/aam_benchmarks/golden_policy_full_20260907/546/cuts/aam.pkl.gz,/project/yunhengzou/coordinate_alignment/aam_benchmarks/golden_policy_full_20260907/546/evaluation.json
547,True,R_to_P,complete,recovered,True,False,True,38.264130568131804,3.5650193709880114,37.378426,791.64453125,recovered,True,,/project/yunhengzou/coordinate_alignment/aam_benchmarks/golden_policy_full_20260907/547/cuts/aam.pkl.gz,/project/yunhengzou/coordinate_alignment/aam_benchmarks/golden_policy_full_20260907/547/evaluation.json
548,True,R_to_P,complete,recovered,True,False,True,7.426768830046058,0.9587753971572965,7.905648,273.5625,recovered,True,,/project/yunhengzou/coordinate_alignment/aam_benchmarks/golden_policy_full_20260907/548/cuts/aam.pkl.gz,/project/yunhengzou/coordinate_alignment/aam_benchmarks/golden_policy_full_20260907/548/evaluation.json
549,True,P_to_R,complete,recovered,True,False,True,17.12706940015778,1.605857839109376,14.209116,308.171875,recovered,True,,/project/yunhengzou/coordinate_alignment/aam_benchmarks/golden_policy_full_20260907/549/cuts/aam.pkl.gz,/project/yunhengzou/coordinate_alignment/aam_benchmarks/golden_policy_full_20260907/549/evaluation.json
550,True,P_to_R,complete,recovered,True,False,True,2.935241160914302,0.564965832978487,3.6905080000000003,172.5625,recovered,True,,/project/yunhengzou/coordinate_alignment/aam_benchmarks/golden_policy_full_20260907/550/cuts/aam.pkl.gz,/project/yunhengzou/coordinate_alignment/aam_benchmarks/golden_policy_full_20260907/550/evaluation.json
551,True,R_to_P,complete,recovered,True,False,True,91.80335581395775,7.9187069945037365,89.591977,1913.67578125,recovered,True,,/project/yunhengzou/coordinate_alignment/aam_benchmarks/golden_policy_full_20260907/551/cuts/aam.pkl.gz,/project/yunhengzou/coordinate_alignment/aam_benchmarks/golden_policy_full_20260907/551/evaluation.json
552,True,R_to_P,complete,recovered,True,False,False,0.3310135779902339,0.02303360588848591,1.174273,121.1015625,recovered,True,,/project/yunhengzou/coordinate_alignment/aam_benchmarks/golden_policy_full_20260907/552/cuts/aam.pkl.gz,/project/yunhengzou/coordinate_alignment/aam_benchmarks/golden_policy_full_20260907/552/evaluation.json
553,True,R_to_P,complete,recovered,False,False,True,43.73497850447893,4.796453395858407,42.854773,977.89453125,recovered,True,,/project/yunhengzou/coordinate_alignment/aam_benchmarks/golden_policy_full_20260907/553/cuts/aam.pkl.gz,/project/yunhengzou/coordinate_alignment/aam_benchmarks/golden_policy_full_20260907/553/evaluation.json
554,True,R_to_P,complete,recovered,True,False,True,46.521921407431364,5.248009419068694,46.052609,1005.5234375,recovered,True,,/project/yunhengzou/coordinate_alignment/aam_benchmarks/golden_policy_full_20260907/554/cuts/aam.pkl.gz,/project/yunhengzou/coordinate_alignment/aam_benchmarks/golden_policy_full_20260907/554/evaluation.json
555,True,R_to_P,complete,recovered,True,False,True,18.152390607632697,2.383320932276547,18.479141,454.20703125,recovered,True,,/project/yunhengzou/coordinate_alignment/aam_benchmarks/golden_policy_full_20260907/555/cuts/aam.pkl.gz,/project/yunhengzou/coordinate_alignment/aam_benchmarks/golden_policy_full_20260907/555/evaluation.json
556,True,R_to_P,complete,recovered,True,False,True,15.46264783386141,1.8864739267155528,15.822701,382.68359375,recovered,True,,/project/yunhengzou/coordinate_alignment/aam_benchmarks/golden_policy_full_20260907/556/cuts/aam.pkl.gz,/project/yunhengzou/coordinate_alignment/aam_benchmarks/golden_policy_full_20260907/556/evaluation.json
557,True,R_to_P,complete,recovered,True,False,True,4.534776207059622,0.5830692546442151,5.2708520000000005,209.49609375,recovered,True,,/project/yunhengzou/coordinate_alignment/aam_benchmarks/golden_policy_full_20260907/557/cuts/aam.pkl.gz,/project/yunhengzou/coordinate_alignment/aam_benchmarks/golden_policy_full_20260907/557/evaluation.json
558,True,R_to_P,complete,recovered,True,False,True,2.366187074687332,0.25889294780790806,3.170065,155.984375,recovered,True,,/project/yunhengzou/coordinate_alignment/aam_benchmarks/golden_policy_full_20260907/558/cuts/aam.pkl.gz,/project/yunhengzou/coordinate_alignment/aam_benchmarks/golden_policy_full_20260907/558/evaluation.json
559,True,R_to_P,complete,recovered,True,False,True,40.907769213896245,3.9761692732572556,40.461168,881.80078125,recovered,True,,/project/yunhengzou/coordinate_alignment/aam_benchmarks/golden_policy_full_20260907/559/cuts/aam.pkl.gz,/project/yunhengzou/coordinate_alignment/aam_benchmarks/golden_policy_full_20260907/559/evaluation.json
560,True,R_to_P,complete,recovered,True,False,False,1.248771701939404,0.15467611933127046,2.091066,137.89453125,recovered,True,,/project/yunhengzou/coordinate_alignment/aam_benchmarks/golden_policy_full_20260907/560/cuts/aam.pkl.gz,/project/yunhengzou/coordinate_alignment/aam_benchmarks/golden_policy_full_20260907/560/evaluation.json
561,True,R_to_P,complete,recovered,True,False,True,122.25440809410065,13.445356735959649,120.38270200000001,2200.43359375,recovered,True,,/project/yunhengzou/coordinate_alignment/aam_benchmarks/golden_policy_full_20260907/561/cuts/aam.pkl.gz,/project/yunhengzou/coordinate_alignment/aam_benchmarks/golden_policy_full_20260907/561/evaluation.json
562,True,R_to_P,complete,recovered,True,False,False,3.056530449539423,0.23073394037783146,3.7353709999999998,157.828125,recovered,True,,/project/yunhengzou/coordinate_alignment/aam_benchmarks/golden_policy_full_20260907/562/cuts/aam.pkl.gz,/project/yunhengzou/coordinate_alignment/aam_benchmarks/golden_policy_full_20260907/562/evaluation.json
563,True,R_to_P,complete,recovered,True,False,True,23.098690996179357,2.9689056819770485,22.731346,502.734375,recovered,True,,/project/yunhengzou/coordinate_alignment/aam_benchmarks/golden_policy_full_20260907/563/cuts/aam.pkl.gz,/project/yunhengzou/coordinate_alignment/aam_benchmarks/golden_policy_full_20260907/563/evaluation.json
564,True,R_to_P,complete,recovered,False,False,True,29.456148475874215,2.7279853890649974,28.997280999999997,652.265625,recovered,False,,/project/yunhengzou/coordinate_alignment/aam_benchmarks/golden_policy_full_20260907/564/cuts/aam.pkl.gz,/project/yunhengzou/coordinate_alignment/aam_benchmarks/golden_policy_full_20260907/564/evaluation.json
565,True,R_to_P,complete,recovered,False,False,False,5.468255782965571,0.5821006842888892,6.033285,188.84375,recovered,False,,/project/yunhengzou/coordinate_alignment/aam_benchmarks/golden_policy_full_20260907/565/cuts/aam.pkl.gz,/project/yunhengzou/coordinate_alignment/aam_benchmarks/golden_policy_full_20260907/565/evaluation.json
566,True,R_to_P,complete,recovered,False,False,True,19.024280899204314,2.1634401930496097,19.464893999999997,477.21875,recovered,False,,/project/yunhengzou/coordinate_alignment/aam_benchmarks/golden_policy_full_20260907/566/cuts/aam.pkl.gz,/project/yunhengzou/coordinate_alignment/aam_benchmarks/golden_policy_full_20260907/566/evaluation.json
567,True,R_to_P,complete,recovered,True,False,True,27.76886293804273,3.708045412786305,27.764515000000003,654.765625,recovered,True,,/project/yunhengzou/coordinate_alignment/aam_benchmarks/golden_policy_full_20260907/567/cuts/aam.pkl.gz,/project/yunhengzou/coordinate_alignment/aam_benchmarks/golden_policy_full_20260907/567/evaluation.json
568,True,R_to_P,complete,recovered,True,False,True,4.4338664130773395,0.4636188358999789,4.882806,197.44921875,recovered,True,,/project/yunhengzou/coordinate_alignment/aam_benchmarks/golden_policy_full_20260907/568/cuts/aam.pkl.gz,/project/yunhengzou/coordinate_alignment/aam_benchmarks/golden_policy_full_20260907/568/evaluation.json
569,True,R_to_P,complete,recovered,True,False,True,4.429555631941184,0.2627854298334569,4.694192999999999,158.421875,recovered,True,,/project/yunhengzou/coordinate_alignment/aam_benchmarks/golden_policy_full_20260907/569/cuts/aam.pkl.gz,/project/yunhengzou/coordinate_alignment/aam_benchmarks/golden_policy_full_20260907/569/evaluation.json
570,True,R_to_P,complete,recovered,False,False,True,10.395983796566725,1.4611888714134693,10.774534,290.4453125,recovered,False,,/project/yunhengzou/coordinate_alignment/aam_benchmarks/golden_policy_full_20260907/570/cuts/aam.pkl.gz,/project/yunhengzou/coordinate_alignment/aam_benchmarks/golden_policy_full_20260907/570/evaluation.json
571,True,R_to_P,complete,recovered,True,False,True,5.425943473819643,0.5840871352702379,6.014812,210.671875,recovered,True,,/project/yunhengzou/coordinate_alignment/aam_benchmarks/golden_policy_full_20260907/571/cuts/aam.pkl.gz,/project/yunhengzou/coordinate_alignment/aam_benchmarks/golden_policy_full_20260907/571/evaluation.json
572,True,R_to_P,complete,recovered,False,False,True,18.59242195216939,1.5448661032132804,18.99372,481.36328125,recovered,False,,/project/yunhengzou/coordinate_alignment/aam_benchmarks/golden_policy_full_20260907/572/cuts/aam.pkl.gz,/project/yunhengzou/coordinate_alignment/aam_benchmarks/golden_policy_full_20260907/572/evaluation.json
573,True,R_to_P,complete,recovered,True,False,True,27.68451964110136,4.555525563890114,27.854836000000002,590.4921875,recovered,True,,/project/yunhengzou/coordinate_alignment/aam_benchmarks/golden_policy_full_20260907/573/cuts/aam.pkl.gz,/project/yunhengzou/coordinate_alignment/aam_benchmarks/golden_policy_full_20260907/573/evaluation.json
574,True,R_to_P,complete,recovered,False,False,False,2.633304363116622,0.226668352028355,3.5066610000000003,150.1640625,recovered,False,,/project/yunhengzou/coordinate_alignment/aam_benchmarks/golden_policy_full_20260907/574/cuts/aam.pkl.gz,/project/yunhengzou/coordinate_alignment/aam_benchmarks/golden_policy_full_20260907/574/evaluation.json
575,True,R_to_P,complete,recovered,True,False,True,71.95964906690642,5.4615066181868315,71.994208,1674.91015625,recovered,True,,/project/yunhengzou/coordinate_alignment/aam_benchmarks/golden_policy_full_20260907/575/cuts/aam.pkl.gz,/project/yunhengzou/coordinate_alignment/aam_benchmarks/golden_policy_full_20260907/575/evaluation.json
576,True,R_to_P,complete,not_recovered,False,False,True,11.538008288480341,2.4785620365291834,12.020633,330.9609375,not_recovered,False,,/project/yunhengzou/coordinate_alignment/aam_benchmarks/golden_policy_full_20260907/576/cuts/aam.pkl.gz,/project/yunhengzou/coordinate_alignment/aam_benchmarks/golden_policy_full_20260907/576/evaluation.json
577,True,R_to_P,complete,recovered,True,False,False,0.9084786735475063,0.07914310228079557,1.9805899999999999,132.38671875,recovered,True,,/project/yunhengzou/coordinate_alignment/aam_benchmarks/golden_policy_full_20260907/577/cuts/aam.pkl.gz,/project/yunhengzou/coordinate_alignment/aam_benchmarks/golden_policy_full_20260907/577/evaluation.json
578,True,R_to_P,complete,recovered,True,False,True,4.752295368351042,0.4533122256398201,5.3357790000000005,193.51171875,recovered,True,,/project/yunhengzou/coordinate_alignment/aam_benchmarks/golden_policy_full_20260907/578/cuts/aam.pkl.gz,/project/yunhengzou/coordinate_alignment/aam_benchmarks/golden_policy_full_20260907/578/evaluation.json
579,True,R_to_P,complete,recovered,True,False,True,6.24565660674125,0.5470083341933787,6.685866,201.6015625,recovered,True,,/project/yunhengzou/coordinate_alignment/aam_benchmarks/golden_policy_full_20260907/579/cuts/aam.pkl.gz,/project/yunhengzou/coordinate_alignment/aam_benchmarks/golden_policy_full_20260907/579/evaluation.json
580,True,R_to_P,complete,recovered,True,False,True,7.898544164840132,1.7480424167588353,8.404679999999999,266.13671875,recovered,True,,/project/yunhengzou/coordinate_alignment/aam_benchmarks/golden_policy_full_20260907/580/cuts/aam.pkl.gz,/project/yunhengzou/coordinate_alignment/aam_benchmarks/golden_policy_full_20260907/580/evaluation.json
581,True,R_to_P,complete,recovered,True,False,False,1.7451676530763507,0.16613726504147053,2.549788,140.41015625,recovered,True,,/project/yunhengzou/coordinate_alignment/aam_benchmarks/golden_policy_full_20260907/581/cuts/aam.pkl.gz,/project/yunhengzou/coordinate_alignment/aam_benchmarks/golden_policy_full_20260907/581/evaluation.json
582,True,R_to_P,complete,recovered,True,False,False,1.7891352232545614,0.276416695676744,2.7881370000000003,145.609375,recovered,True,,/project/yunhengzou/coordinate_alignment/aam_benchmarks/golden_policy_full_20260907/582/cuts/aam.pkl.gz,/project/yunhengzou/coordinate_alignment/aam_benchmarks/golden_policy_full_20260907/582/evaluation.json
583,True,R_to_P,complete,recovered,False,False,True,104.09575777500868,10.803556519560516,102.30207300000001,2045.4453125,recovered,False,,/project/yunhengzou/coordinate_alignment/aam_benchmarks/golden_policy_full_20260907/583/cuts/aam.pkl.gz,/project/yunhengzou/coordinate_alignment/aam_benchmarks/golden_policy_full_20260907/583/evaluation.json
584,True,P_to_R,complete,recovered,True,False,False,0.8766927234828472,0.12813806720077991,1.829998,132.875,recovered,True,,/project/yunhengzou/coordinate_alignment/aam_benchmarks/golden_policy_full_20260907/584/cuts/aam.pkl.gz,/project/yunhengzou/coordinate_alignment/aam_benchmarks/golden_policy_full_20260907/584/evaluation.json
585,True,R_to_P,complete,recovered,True,False,False,1.5683168768882751,0.1644865982234478,2.549869,137.140625,recovered,True,,/project/yunhengzou/coordinate_alignment/aam_benchmarks/golden_policy_full_20260907/585/cuts/aam.pkl.gz,/project/yunhengzou/coordinate_alignment/aam_benchmarks/golden_policy_full_20260907/585/evaluation.json
586,True,R_to_P,complete,recovered,True,False,True,3.655712296254933,0.5407833615317941,4.067827,175.0546875,recovered,True,,/project/yunhengzou/coordinate_alignment/aam_benchmarks/golden_policy_full_20260907/586/cuts/aam.pkl.gz,/project/yunhengzou/coordinate_alignment/aam_benchmarks/golden_policy_full_20260907/586/evaluation.json
587,True,R_to_P,complete,recovered,False,False,True,7.639930794946849,0.9693761756643653,8.32348,267.81640625,recovered,False,,/project/yunhengzou/coordinate_alignment/aam_benchmarks/golden_policy_full_20260907/587/cuts/aam.pkl.gz,/project/yunhengzou/coordinate_alignment/aam_benchmarks/golden_policy_full_20260907/587/evaluation.json
588,True,R_to_P,complete,recovered,False,False,True,4.365433707134798,0.5822459901683033,5.093376,196.81640625,recovered,False,,/project/yunhengzou/coordinate_alignment/aam_benchmarks/golden_policy_full_20260907/588/cuts/aam.pkl.gz,/project/yunhengzou/coordinate_alignment/aam_benchmarks/golden_policy_full_20260907/588/evaluation.json
589,True,R_to_P,complete,recovered,True,False,True,4.902601271867752,0.5122683644294739,5.360433,196.88671875,recovered,True,,/project/yunhengzou/coordinate_alignment/aam_benchmarks/golden_policy_full_20260907/589/cuts/aam.pkl.gz,/project/yunhengzou/coordinate_alignment/aam_benchmarks/golden_policy_full_20260907/589/evaluation.json
590,True,R_to_P,complete,not_recovered,False,False,True,220.29296342097223,29.115899502299726,214.955447,4364.48828125,not_recovered,False,,/project/yunhengzou/coordinate_alignment/aam_benchmarks/golden_policy_full_20260907/590/cuts/aam.pkl.gz,/project/yunhengzou/coordinate_alignment/aam_benchmarks/golden_policy_full_20260907/590/evaluation.json
591,True,R_to_P,complete,recovered,True,False,False,0.7017079298384488,0.06951224897056818,2.184767,130.65625,recovered,True,,/project/yunhengzou/coordinate_alignment/aam_benchmarks/golden_policy_full_20260907/591/cuts/aam.pkl.gz,/project/yunhengzou/coordinate_alignment/aam_benchmarks/golden_policy_full_20260907/591/evaluation.json
592,True,R_to_P,complete,recovered,True,False,False,0.6412126701325178,0.04783151485025883,2.078915,125.0,recovered,True,,/project/yunhengzou/coordinate_alignment/aam_benchmarks/golden_policy_full_20260907/592/cuts/aam.pkl.gz,/project/yunhengzou/coordinate_alignment/aam_benchmarks/golden_policy_full_20260907/592/evaluation.json
593,True,R_to_P,complete,recovered,True,False,False,0.8698869082145393,0.07513217814266682,2.338009,132.23828125,recovered,True,,/project/yunhengzou/coordinate_alignment/aam_benchmarks/golden_policy_full_20260907/593/cuts/aam.pkl.gz,/project/yunhengzou/coordinate_alignment/aam_benchmarks/golden_policy_full_20260907/593/evaluation.json
594,True,R_to_P,complete,recovered,True,False,True,38.099802296608686,4.095798737369478,37.719705000000005,827.1015625,recovered,True,,/project/yunhengzou/coordinate_alignment/aam_benchmarks/golden_policy_full_20260907/594/cuts/aam.pkl.gz,/project/yunhengzou/coordinate_alignment/aam_benchmarks/golden_policy_full_20260907/594/evaluation.json
595,True,P_to_R,complete,recovered,True,False,True,34.683680690824986,3.4732529167085886,34.389258000000005,854.9921875,recovered,True,,/project/yunhengzou/coordinate_alignment/aam_benchmarks/golden_policy_full_20260907/595/cuts/aam.pkl.gz,/project/yunhengzou/coordinate_alignment/aam_benchmarks/golden_policy_full_20260907/595/evaluation.json
596,True,R_to_P,complete,recovered,True,False,True,153.83364576706663,11.50337002100423,151.13484,2874.8515625,recovered,True,,/project/yunhengzou/coordinate_alignment/aam_benchmarks/golden_policy_full_20260907/596/cuts/aam.pkl.gz,/project/yunhengzou/coordinate_alignment/aam_benchmarks/golden_policy_full_20260907/596/evaluation.json
597,True,R_to_P,complete,recovered,True,False,True,11.175030544167385,1.1888096660841256,11.709133999999999,317.4140625,recovered,True,,/project/yunhengzou/coordinate_alignment/aam_benchmarks/golden_policy_full_20260907/597/cuts/aam.pkl.gz,/project/yunhengzou/coordinate_alignment/aam_benchmarks/golden_policy_full_20260907/597/evaluation.json
598,True,R_to_P,complete,recovered,False,False,True,31.31486612907611,4.6397804180160165,30.863262,694.2578125,recovered,False,,/project/yunhengzou/coordinate_alignment/aam_benchmarks/golden_policy_full_20260907/598/cuts/aam.pkl.gz,/project/yunhengzou/coordinate_alignment/aam_benchmarks/golden_policy_full_20260907/598/evaluation.json
599,True,R_to_P,complete,recovered,False,False,True,17.360380914993584,1.8199070412665606,17.791157000000002,449.12109375,recovered,False,,/project/yunhengzou/coordinate_alignment/aam_benchmarks/golden_policy_full_20260907/599/cuts/aam.pkl.gz,/project/yunhengzou/coordinate_alignment/aam_benchmarks/golden_policy_full_20260907/599/evaluation.json
600,True,R_to_P,complete,recovered,True,False,False,2.344863150268793,0.249342723749578,3.141527,160.65234375,recovered,True,,/project/yunhengzou/coordinate_alignment/aam_benchmarks/golden_policy_full_20260907/600/cuts/aam.pkl.gz,/project/yunhengzou/coordinate_alignment/aam_benchmarks/golden_policy_full_20260907/600/evaluation.json
601,True,P_to_R,complete,recovered,False,False,True,30.442950796335936,4.328506533056498,30.193753,705.109375,recovered,False,,/project/yunhengzou/coordinate_alignment/aam_benchmarks/golden_policy_full_20260907/601/cuts/aam.pkl.gz,/project/yunhengzou/coordinate_alignment/aam_benchmarks/golden_policy_full_20260907/601/evaluation.json
602,True,R_to_P,complete,not_recovered,False,False,True,5.388819909654558,1.795466377865523,5.866912999999999,210.9921875,not_recovered,False,,/project/yunhengzou/coordinate_alignment/aam_benchmarks/golden_policy_full_20260907/602/cuts/aam.pkl.gz,/project/yunhengzou/coordinate_alignment/aam_benchmarks/golden_policy_full_20260907/602/evaluation.json
603,True,R_to_P,complete,not_recovered,False,False,True,30.540385944303125,6.876614490989596,30.115254,676.07421875,not_recovered,False,,/project/yunhengzou/coordinate_alignment/aam_benchmarks/golden_policy_full_20260907/603/cuts/aam.pkl.gz,/project/yunhengzou/coordinate_alignment/aam_benchmarks/golden_policy_full_20260907/603/evaluation.json
604,True,R_to_P,complete,recovered,True,False,True,8.241937465034425,1.3607772188261151,8.547747,259.1171875,recovered,True,,/project/yunhengzou/coordinate_alignment/aam_benchmarks/golden_policy_full_20260907/604/cuts/aam.pkl.gz,/project/yunhengzou/coordinate_alignment/aam_benchmarks/golden_policy_full_20260907/604/evaluation.json
605,True,R_to_P,complete,recovered,False,False,False,0.3546477381605655,0.02721546310931444,1.3730369999999998,121.46484375,recovered,False,,/project/yunhengzou/coordinate_alignment/aam_benchmarks/golden_policy_full_20260907/605/cuts/aam.pkl.gz,/project/yunhengzou/coordinate_alignment/aam_benchmarks/golden_policy_full_20260907/605/evaluation.json
606,True,R_to_P,complete,recovered,True,False,False,0.2137975839432329,0.01766957901418209,1.15224,119.3359375,recovered,True,,/project/yunhengzou/coordinate_alignment/aam_benchmarks/golden_policy_full_20260907/606/cuts/aam.pkl.gz,/project/yunhengzou/coordinate_alignment/aam_benchmarks/golden_policy_full_20260907/606/evaluation.json
607,True,R_to_P,complete,recovered,True,False,True,170.32411573990248,17.50382404588163,166.52656100000002,3278.05078125,recovered,True,,/project/yunhengzou/coordinate_alignment/aam_benchmarks/golden_policy_full_20260907/607/cuts/aam.pkl.gz,/project/yunhengzou/coordinate_alignment/aam_benchmarks/golden_policy_full_20260907/607/evaluation.json
608,True,R_to_P,complete,recovered,True,False,True,2.303070681169629,0.19965343736112118,3.1087209999999996,148.75390625,recovered,True,,/project/yunhengzou/coordinate_alignment/aam_benchmarks/golden_policy_full_20260907/608/cuts/aam.pkl.gz,/project/yunhengzou/coordinate_alignment/aam_benchmarks/golden_policy_full_20260907/608/evaluation.json
609,True,R_to_P,complete,recovered,True,False,True,7.1417160872370005,0.7729825172573328,7.74204,245.93359375,recovered,True,,/project/yunhengzou/coordinate_alignment/aam_benchmarks/golden_policy_full_20260907/609/cuts/aam.pkl.gz,/project/yunhengzou/coordinate_alignment/aam_benchmarks/golden_policy_full_20260907/609/evaluation.json
610,True,R_to_P,complete,recovered,False,False,True,5.955701241269708,0.9454129319638014,6.659288,229.0546875,recovered,False,,/project/yunhengzou/coordinate_alignment/aam_benchmarks/golden_policy_full_20260907/610/cuts/aam.pkl.gz,/project/yunhengzou/coordinate_alignment/aam_benchmarks/golden_policy_full_20260907/610/evaluation.json
611,True,R_to_P,complete,recovered,False,False,True,10.535888595040888,1.358039468061179,10.920973,274.8046875,recovered,False,,/project/yunhengzou/coordinate_alignment/aam_benchmarks/golden_policy_full_20260907/611/cuts/aam.pkl.gz,/project/yunhengzou/coordinate_alignment/aam_benchmarks/golden_policy_full_20260907/611/evaluation.json
612,True,R_to_P,complete,recovered,True,False,True,72.20825880486518,6.120244261808693,70.308983,1403.05078125,recovered,True,,/project/yunhengzou/coordinate_alignment/aam_benchmarks/golden_policy_full_20260907/612/cuts/aam.pkl.gz,/project/yunhengzou/coordinate_alignment/aam_benchmarks/golden_policy_full_20260907/612/evaluation.json
613,True,R_to_P,complete,recovered,True,False,False,11.990534644573927,1.7514752820134163,12.458654,297.30859375,recovered,True,,/project/yunhengzou/coordinate_alignment/aam_benchmarks/golden_policy_full_20260907/613/cuts/aam.pkl.gz,/project/yunhengzou/coordinate_alignment/aam_benchmarks/golden_policy_full_20260907/613/evaluation.json
614,True,R_to_P,complete,recovered,True,False,True,13.042215218767524,1.4724501399323344,13.553357,298.15625,recovered,True,,/project/yunhengzou/coordinate_alignment/aam_benchmarks/golden_policy_full_20260907/614/cuts/aam.pkl.gz,/project/yunhengzou/coordinate_alignment/aam_benchmarks/golden_policy_full_20260907/614/evaluation.json
615,True,R_to_P,complete,recovered,True,False,True,9.998577113961801,0.8821541320066899,10.473476,300.76953125,recovered,True,,/project/yunhengzou/coordinate_alignment/aam_benchmarks/golden_policy_full_20260907/615/cuts/aam.pkl.gz,/project/yunhengzou/coordinate_alignment/aam_benchmarks/golden_policy_full_20260907/615/evaluation.json
616,True,R_to_P,complete,recovered,True,False,True,15.815309893339872,1.4676428968086839,16.390117,333.41015625,recovered,True,,/project/yunhengzou/coordinate_alignment/aam_benchmarks/golden_policy_full_20260907/616/cuts/aam.pkl.gz,/project/yunhengzou/coordinate_alignment/aam_benchmarks/golden_policy_full_20260907/616/evaluation.json
617,True,R_to_P,complete,recovered,True,False,False,3.0832229303196073,0.22640274092555046,3.752113,153.78125,recovered,True,,/project/yunhengzou/coordinate_alignment/aam_benchmarks/golden_policy_full_20260907/617/cuts/aam.pkl.gz,/project/yunhengzou/coordinate_alignment/aam_benchmarks/golden_policy_full_20260907/617/evaluation.json
618,True,R_to_P,complete,recovered,True,False,True,35.37123930128291,3.012367540039122,35.546121,728.41015625,recovered,True,,/project/yunhengzou/coordinate_alignment/aam_benchmarks/golden_policy_full_20260907/618/cuts/aam.pkl.gz,/project/yunhengzou/coordinate_alignment/aam_benchmarks/golden_policy_full_20260907/618/evaluation.json
619,True,R_to_P,complete,recovered,True,False,True,57.18017329601571,4.578328931005672,56.103746,1195.73828125,recovered,True,,/project/yunhengzou/coordinate_alignment/aam_benchmarks/golden_policy_full_20260907/619/cuts/aam.pkl.gz,/project/yunhengzou/coordinate_alignment/aam_benchmarks/golden_policy_full_20260907/619/evaluation.json
620,True,R_to_P,complete,recovered,True,False,True,93.74081704393029,11.662356344051659,91.999492,1764.98828125,recovered,True,,/project/yunhengzou/coordinate_alignment/aam_benchmarks/golden_policy_full_20260907/620/cuts/aam.pkl.gz,/project/yunhengzou/coordinate_alignment/aam_benchmarks/golden_policy_full_20260907/620/evaluation.json
621,True,R_to_P,complete,recovered,True,False,True,49.442397746257484,4.722313865087926,47.620592,1006.64453125,recovered,True,,/project/yunhengzou/coordinate_alignment/aam_benchmarks/golden_policy_full_20260907/621/cuts/aam.pkl.gz,/project/yunhengzou/coordinate_alignment/aam_benchmarks/golden_policy_full_20260907/621/evaluation.json
622,True,R_to_P,complete,recovered,True,False,True,117.47877592034638,10.299359800294042,113.935861,2235.90625,recovered,True,,/project/yunhengzou/coordinate_alignment/aam_benchmarks/golden_policy_full_20260907/622/cuts/aam.pkl.gz,/project/yunhengzou/coordinate_alignment/aam_benchmarks/golden_policy_full_20260907/622/evaluation.json
623,True,P_to_R,complete,recovered,True,False,True,13.200972645077854,1.2923929661046714,13.593733,296.41796875,recovered,True,,/project/yunhengzou/coordinate_alignment/aam_benchmarks/golden_policy_full_20260907/623/cuts/aam.pkl.gz,/project/yunhengzou/coordinate_alignment/aam_benchmarks/golden_policy_full_20260907/623/evaluation.json
624,True,R_to_P,complete,recovered,False,False,False,0.39335812348872423,0.04801668971776962,1.344494,124.921875,recovered,False,,/project/yunhengzou/coordinate_alignment/aam_benchmarks/golden_policy_full_20260907/624/cuts/aam.pkl.gz,/project/yunhengzou/coordinate_alignment/aam_benchmarks/golden_policy_full_20260907/624/evaluation.json
625,True,R_to_P,complete,recovered,True,False,False,0.10036615002900362,0.015455366112291813,1.17334,118.3046875,recovered,True,,/project/yunhengzou/coordinate_alignment/aam_benchmarks/golden_policy_full_20260907/625/cuts/aam.pkl.gz,/project/yunhengzou/coordinate_alignment/aam_benchmarks/golden_policy_full_20260907/625/evaluation.json
626,True,P_to_R,complete,recovered,True,False,False,1.8324765106663108,0.1525264303199947,2.640512,138.92578125,recovered,True,,/project/yunhengzou/coordinate_alignment/aam_benchmarks/golden_policy_full_20260907/626/cuts/aam.pkl.gz,/project/yunhengzou/coordinate_alignment/aam_benchmarks/golden_policy_full_20260907/626/evaluation.json
627,True,R_to_P,complete,recovered,True,False,False,5.648138356395066,0.5970662501640618,6.345864000000001,203.125,recovered,True,,/project/yunhengzou/coordinate_alignment/aam_benchmarks/golden_policy_full_20260907/627/cuts/aam.pkl.gz,/project/yunhengzou/coordinate_alignment/aam_benchmarks/golden_policy_full_20260907/627/evaluation.json
628,True,P_to_R,complete,recovered,True,False,False,4.568972481414676,0.32102902326732874,5.357416000000001,171.48046875,recovered,True,,/project/yunhengzou/coordinate_alignment/aam_benchmarks/golden_policy_full_20260907/628/cuts/aam.pkl.gz,/project/yunhengzou/coordinate_alignment/aam_benchmarks/golden_policy_full_20260907/628/evaluation.json
629,True,R_to_P,complete,recovered,False,False,True,15.979530329117551,1.5299213079269975,16.248094,354.80859375,recovered,False,,/project/yunhengzou/coordinate_alignment/aam_benchmarks/golden_policy_full_20260907/629/cuts/aam.pkl.gz,/project/yunhengzou/coordinate_alignment/aam_benchmarks/golden_policy_full_20260907/629/evaluation.json
630,True,P_to_R,complete,recovered,False,False,True,14.858658447861671,3.7600464448332787,14.738823,338.62109375,recovered,True,,/project/yunhengzou/coordinate_alignment/aam_benchmarks/golden_policy_full_20260907/630/cuts/aam.pkl.gz,/project/yunhengzou/coordinate_alignment/aam_benchmarks/golden_policy_full_20260907/630/evaluation.json
631,True,P_to_R,complete,recovered,True,False,False,1.4160095592960715,0.1065299641340971,2.2159419999999996,132.2890625,recovered,True,,/project/yunhengzou/coordinate_alignment/aam_benchmarks/golden_policy_full_20260907/631/cuts/aam.pkl.gz,/project/yunhengzou/coordinate_alignment/aam_benchmarks/golden_policy_full_20260907/631/evaluation.json
632,True,R_to_P,complete,recovered,True,False,True,18.045501104556024,1.8431033324450254,17.988191,387.5078125,recovered,True,,/project/yunhengzou/coordinate_alignment/aam_benchmarks/golden_policy_full_20260907/632/cuts/aam.pkl.gz,/project/yunhengzou/coordinate_alignment/aam_benchmarks/golden_policy_full_20260907/632/evaluation.json
633,True,P_to_R,complete,recovered,True,False,False,7.515100718475878,0.46671860851347446,7.618827,169.54296875,recovered,True,,/project/yunhengzou/coordinate_alignment/aam_benchmarks/golden_policy_full_20260907/633/cuts/aam.pkl.gz,/project/yunhengzou/coordinate_alignment/aam_benchmarks/golden_policy_full_20260907/633/evaluation.json
634,True,R_to_P,complete,recovered,True,False,True,16.688113615848124,0.9237536899745464,16.657045999999998,308.49609375,recovered,True,,/project/yunhengzou/coordinate_alignment/aam_benchmarks/golden_policy_full_20260907/634/cuts/aam.pkl.gz,/project/yunhengzou/coordinate_alignment/aam_benchmarks/golden_policy_full_20260907/634/evaluation.json
635,True,R_to_P,complete,recovered,True,False,True,7.327766467817128,0.24734891764819622,7.740626,170.6328125,recovered,True,,/project/yunhengzou/coordinate_alignment/aam_benchmarks/golden_policy_full_20260907/635/cuts/aam.pkl.gz,/project/yunhengzou/coordinate_alignment/aam_benchmarks/golden_policy_full_20260907/635/evaluation.json
636,True,R_to_P,complete,recovered,True,False,True,17.344954842701554,1.297426467295736,17.060003,321.46875,recovered,True,,/project/yunhengzou/coordinate_alignment/aam_benchmarks/golden_policy_full_20260907/636/cuts/aam.pkl.gz,/project/yunhengzou/coordinate_alignment/aam_benchmarks/golden_policy_full_20260907/636/evaluation.json
637,True,P_to_R,complete,recovered,True,False,False,0.844577853102237,0.100414730142802,1.574574,126.06640625,recovered,True,,/project/yunhengzou/coordinate_alignment/aam_benchmarks/golden_policy_full_20260907/637/cuts/aam.pkl.gz,/project/yunhengzou/coordinate_alignment/aam_benchmarks/golden_policy_full_20260907/637/evaluation.json
638,True,R_to_P,complete,recovered,True,False,True,8.963769236579537,0.9001739858649671,9.311094,280.1171875,recovered,True,,/project/yunhengzou/coordinate_alignment/aam_benchmarks/golden_policy_full_20260907/638/cuts/aam.pkl.gz,/project/yunhengzou/coordinate_alignment/aam_benchmarks/golden_policy_full_20260907/638/evaluation.json
639,True,R_to_P,complete,recovered,True,False,True,30.857078863307834,3.564955377019942,30.643394,711.97265625,recovered,True,,/project/yunhengzou/coordinate_alignment/aam_benchmarks/golden_policy_full_20260907/639/cuts/aam.pkl.gz,/project/yunhengzou/coordinate_alignment/aam_benchmarks/golden_policy_full_20260907/639/evaluation.json
640,True,R_to_P,complete,recovered,True,False,True,16.237499698996544,1.7094111582264304,16.749601,358.9921875,recovered,True,,/project/yunhengzou/coordinate_alignment/aam_benchmarks/golden_policy_full_20260907/640/cuts/aam.pkl.gz,/project/yunhengzou/coordinate_alignment/aam_benchmarks/golden_policy_full_20260907/640/evaluation.json
641,True,R_to_P,complete,recovered,True,False,True,11.283116546925157,1.1042978563345969,11.918059999999999,324.34765625,recovered,True,,/project/yunhengzou/coordinate_alignment/aam_benchmarks/golden_policy_full_20260907/641/cuts/aam.pkl.gz,/project/yunhengzou/coordinate_alignment/aam_benchmarks/golden_policy_full_20260907/641/evaluation.json
642,True,R_to_P,complete,recovered,True,False,True,82.37040449399501,7.44745926419273,80.719909,1660.78125,recovered,True,,/project/yunhengzou/coordinate_alignment/aam_benchmarks/golden_policy_full_20260907/642/cuts/aam.pkl.gz,/project/yunhengzou/coordinate_alignment/aam_benchmarks/golden_policy_full_20260907/642/evaluation.json
643,True,R_to_P,complete,recovered,True,False,False,2.4457770977169275,0.13091992307454348,2.87042,137.87109375,recovered,True,,/project/yunhengzou/coordinate_alignment/aam_benchmarks/golden_policy_full_20260907/643/cuts/aam.pkl.gz,/project/yunhengzou/coordinate_alignment/aam_benchmarks/golden_policy_full_20260907/643/evaluation.json
644,True,R_to_P,complete,recovered,True,False,True,9.735897470964119,0.987684597959742,10.80152,295.05859375,recovered,True,,/project/yunhengzou/coordinate_alignment/aam_benchmarks/golden_policy_full_20260907/644/cuts/aam.pkl.gz,/project/yunhengzou/coordinate_alignment/aam_benchmarks/golden_policy_full_20260907/644/evaluation.json
645,True,P_to_R,complete,recovered,True,False,True,86.63232552167028,8.336456390097737,84.20785599999999,1804.4375,recovered,True,,/project/yunhengzou/coordinate_alignment/aam_benchmarks/golden_policy_full_20260907/645/cuts/aam.pkl.gz,/project/yunhengzou/coordinate_alignment/aam_benchmarks/golden_policy_full_20260907/645/evaluation.json
646,True,R_to_P,complete,recovered,True,False,True,8.64017777191475,0.9106609942391515,9.017987,240.1328125,recovered,True,,/project/yunhengzou/coordinate_alignment/aam_benchmarks/golden_policy_full_20260907/646/cuts/aam.pkl.gz,/project/yunhengzou/coordinate_alignment/aam_benchmarks/golden_policy_full_20260907/646/evaluation.json
647,True,R_to_P,complete,recovered,True,False,True,20.13123997207731,1.2817912809550762,20.193557,515.6328125,recovered,True,,/project/yunhengzou/coordinate_alignment/aam_benchmarks/golden_policy_full_20260907/647/cuts/aam.pkl.gz,/project/yunhengzou/coordinate_alignment/aam_benchmarks/golden_policy_full_20260907/647/evaluation.json
648,True,P_to_R,complete,recovered,True,False,True,2.7295716907829046,0.11394712422043085,3.72828,135.87890625,recovered,True,,/project/yunhengzou/coordinate_alignment/aam_benchmarks/golden_policy_full_20260907/648/cuts/aam.pkl.gz,/project/yunhengzou/coordinate_alignment/aam_benchmarks/golden_policy_full_20260907/648/evaluation.json
649,True,R_to_P,complete,recovered,True,False,True,16.35369225870818,1.3984641628339887,16.855524,360.78125,recovered,True,,/project/yunhengzou/coordinate_alignment/aam_benchmarks/golden_policy_full_20260907/649/cuts/aam.pkl.gz,/project/yunhengzou/coordinate_alignment/aam_benchmarks/golden_policy_full_20260907/649/evaluation.json
650,True,R_to_P,complete,recovered,True,False,True,48.29956405237317,4.5832422859966755,47.014374,1046.98046875,recovered,True,,/project/yunhengzou/coordinate_alignment/aam_benchmarks/golden_policy_full_20260907/650/cuts/aam.pkl.gz,/project/yunhengzou/coordinate_alignment/aam_benchmarks/golden_policy_full_20260907/650/evaluation.json
651,True,R_to_P,complete,recovered,True,False,True,9.003630175953731,1.6071901619434357,9.514643,264.05859375,recovered,True,,/project/yunhengzou/coordinate_alignment/aam_benchmarks/golden_policy_full_20260907/651/cuts/aam.pkl.gz,/project/yunhengzou/coordinate_alignment/aam_benchmarks/golden_policy_full_20260907/651/evaluation.json
652,True,R_to_P,complete,recovered,True,False,True,5.23776065511629,0.5022433451376855,5.739821,203.96875,recovered,True,,/project/yunhengzou/coordinate_alignment/aam_benchmarks/golden_policy_full_20260907/652/cuts/aam.pkl.gz,/project/yunhengzou/coordinate_alignment/aam_benchmarks/golden_policy_full_20260907/652/evaluation.json
653,True,R_to_P,complete,recovered,True,False,True,2.498198847286403,0.34137848392128944,3.0807459999999995,150.80078125,recovered,True,,/project/yunhengzou/coordinate_alignment/aam_benchmarks/golden_policy_full_20260907/653/cuts/aam.pkl.gz,/project/yunhengzou/coordinate_alignment/aam_benchmarks/golden_policy_full_20260907/653/evaluation.json
654,True,R_to_P,complete,recovered,False,False,False,2.06430668476969,0.1348387934267521,2.580561,140.54296875,recovered,False,,/project/yunhengzou/coordinate_alignment/aam_benchmarks/golden_policy_full_20260907/654/cuts/aam.pkl.gz,/project/yunhengzou/coordinate_alignment/aam_benchmarks/golden_policy_full_20260907/654/evaluation.json
655,True,P_to_R,complete,recovered,True,False,False,1.0061483280733228,0.10434161871671677,1.8041800000000001,132.59375,recovered,True,,/project/yunhengzou/coordinate_alignment/aam_benchmarks/golden_policy_full_20260907/655/cuts/aam.pkl.gz,/project/yunhengzou/coordinate_alignment/aam_benchmarks/golden_policy_full_20260907/655/evaluation.json
656,True,P_to_R,complete,recovered,False,False,True,2.2103214897215366,0.29612324200570583,2.8991890000000002,152.51171875,recovered,False,,/project/yunhengzou/coordinate_alignment/aam_benchmarks/golden_policy_full_20260907/656/cuts/aam.pkl.gz,/project/yunhengzou/coordinate_alignment/aam_benchmarks/golden_policy_full_20260907/656/evaluation.json
657,True,R_to_P,complete,recovered,True,False,True,4.106038078200072,0.45707058999687433,4.840069,187.2734375,recovered,True,,/project/yunhengzou/coordinate_alignment/aam_benchmarks/golden_policy_full_20260907/657/cuts/aam.pkl.gz,/project/yunhengzou/coordinate_alignment/aam_benchmarks/golden_policy_full_20260907/657/evaluation.json
658,True,R_to_P,complete,recovered,True,False,True,2.817995041143149,0.22050526598468423,3.2982929999999997,166.51953125,recovered,True,,/project/yunhengzou/coordinate_alignment/aam_benchmarks/golden_policy_full_20260907/658/cuts/aam.pkl.gz,/project/yunhengzou/coordinate_alignment/aam_benchmarks/golden_policy_full_20260907/658/evaluation.json
659,True,R_to_P,complete,recovered,True,False,False,0.7337119337171316,0.06187492096796632,1.63554,125.90234375,recovered,True,,/project/yunhengzou/coordinate_alignment/aam_benchmarks/golden_policy_full_20260907/659/cuts/aam.pkl.gz,/project/yunhengzou/coordinate_alignment/aam_benchmarks/golden_policy_full_20260907/659/evaluation.json
660,True,R_to_P,complete,recovered,True,False,False,0.8060108770150691,0.09083479386754334,1.64486,124.58984375,recovered,True,,/project/yunhengzou/coordinate_alignment/aam_benchmarks/golden_policy_full_20260907/660/cuts/aam.pkl.gz,/project/yunhengzou/coordinate_alignment/aam_benchmarks/golden_policy_full_20260907/660/evaluation.json
661,True,R_to_P,complete,recovered,True,False,True,3.170035633025691,0.3532161461189389,3.960352,170.46875,recovered,True,,/project/yunhengzou/coordinate_alignment/aam_benchmarks/golden_policy_full_20260907/661/cuts/aam.pkl.gz,/project/yunhengzou/coordinate_alignment/aam_benchmarks/golden_policy_full_20260907/661/evaluation.json
662,True,R_to_P,complete,recovered,True,False,True,15.134579041041434,1.2829679360147566,15.346530000000001,403.546875,recovered,True,,/project/yunhengzou/coordinate_alignment/aam_benchmarks/golden_policy_full_20260907/662/cuts/aam.pkl.gz,/project/yunhengzou/coordinate_alignment/aam_benchmarks/golden_policy_full_20260907/662/evaluation.json
663,True,R_to_P,complete,recovered,True,False,True,5.715797512792051,0.5614900272339582,6.300416,201.68359375,recovered,True,,/project/yunhengzou/coordinate_alignment/aam_benchmarks/golden_policy_full_20260907/663/cuts/aam.pkl.gz,/project/yunhengzou/coordinate_alignment/aam_benchmarks/golden_policy_full_20260907/663/evaluation.json
664,True,R_to_P,complete,recovered,True,False,True,3.83882525190711,0.3279853109270334,4.56242,174.46484375,recovered,True,,/project/yunhengzou/coordinate_alignment/aam_benchmarks/golden_policy_full_20260907/664/cuts/aam.pkl.gz,/project/yunhengzou/coordinate_alignment/aam_benchmarks/golden_policy_full_20260907/664/evaluation.json
665,True,R_to_P,complete,recovered,True,False,True,18.327660868875682,1.3342424426227808,17.970829,407.43359375,recovered,True,,/project/yunhengzou/coordinate_alignment/aam_benchmarks/golden_policy_full_20260907/665/cuts/aam.pkl.gz,/project/yunhengzou/coordinate_alignment/aam_benchmarks/golden_policy_full_20260907/665/evaluation.json
666,True,R_to_P,complete,recovered,True,False,True,19.29805284086615,2.3243912332691252,18.45736,383.54296875,recovered,True,,/project/yunhengzou/coordinate_alignment/aam_benchmarks/golden_policy_full_20260907/666/cuts/aam.pkl.gz,/project/yunhengzou/coordinate_alignment/aam_benchmarks/golden_policy_full_20260907/666/evaluation.json
667,True,R_to_P,complete,recovered,False,False,True,106.5007647331804,8.382367916405201,101.851224,2146.31640625,recovered,True,,/project/yunhengzou/coordinate_alignment/aam_benchmarks/golden_policy_full_20260907/667/cuts/aam.pkl.gz,/project/yunhengzou/coordinate_alignment/aam_benchmarks/golden_policy_full_20260907/667/evaluation.json
668,True,R_to_P,complete,recovered,True,False,True,1.5924706170335412,0.21366066951304674,2.3868,139.80078125,recovered,True,,/project/yunhengzou/coordinate_alignment/aam_benchmarks/golden_policy_full_20260907/668/cuts/aam.pkl.gz,/project/yunhengzou/coordinate_alignment/aam_benchmarks/golden_policy_full_20260907/668/evaluation.json
669,True,R_to_P,complete,recovered,True,False,False,1.1027610329911113,0.0569736585021019,1.912872,128.39453125,recovered,True,,/project/yunhengzou/coordinate_alignment/aam_benchmarks/golden_policy_full_20260907/669/cuts/aam.pkl.gz,/project/yunhengzou/coordinate_alignment/aam_benchmarks/golden_policy_full_20260907/669/evaluation.json
670,True,R_to_P,complete,recovered,True,False,True,10.544754452072084,0.8822042485699058,10.881155999999999,277.6484375,recovered,True,,/project/yunhengzou/coordinate_alignment/aam_benchmarks/golden_policy_full_20260907/670/cuts/aam.pkl.gz,/project/yunhengzou/coordinate_alignment/aam_benchmarks/golden_policy_full_20260907/670/evaluation.json
671,True,R_to_P,complete,recovered,True,False,True,27.0782588054426,1.5278473068028688,26.406194,374.796875,recovered,True,,/project/yunhengzou/coordinate_alignment/aam_benchmarks/golden_policy_full_20260907/671/cuts/aam.pkl.gz,/project/yunhengzou/coordinate_alignment/aam_benchmarks/golden_policy_full_20260907/671/evaluation.json
672,True,R_to_P,complete,recovered,True,False,True,239.36418507411145,15.645326344063506,229.708456,4195.0625,recovered,True,,/project/yunhengzou/coordinate_alignment/aam_benchmarks/golden_policy_full_20260907/672/cuts/aam.pkl.gz,/project/yunhengzou/coordinate_alignment/aam_benchmarks/golden_policy_full_20260907/672/evaluation.json
673,True,R_to_P,complete,recovered,True,False,True,15.176552099874243,1.265472934115678,15.528488999999999,252.3671875,recovered,True,,/project/yunhengzou/coordinate_alignment/aam_benchmarks/golden_policy_full_20260907/673/cuts/aam.pkl.gz,/project/yunhengzou/coordinate_alignment/aam_benchmarks/golden_policy_full_20260907/673/evaluation.json
674,True,R_to_P,complete,recovered,False,False,False,4.662098985165358,0.28641175106167793,4.9433370000000005,156.80078125,recovered,False,,/project/yunhengzou/coordinate_alignment/aam_benchmarks/golden_policy_full_20260907/674/cuts/aam.pkl.gz,/project/yunhengzou/coordinate_alignment/aam_benchmarks/golden_policy_full_20260907/674/evaluation.json
675,True,P_to_R,complete,recovered,True,False,True,2.6604775916785,0.21279457304626703,3.22006,145.734375,recovered,True,,/project/yunhengzou/coordinate_alignment/aam_benchmarks/golden_policy_full_20260907/675/cuts/aam.pkl.gz,/project/yunhengzou/coordinate_alignment/aam_benchmarks/golden_policy_full_20260907/675/evaluation.json
676,True,R_to_P,complete,recovered,True,False,True,3.365747674368322,0.32086755614727736,3.785784,170.84765625,recovered,True,,/project/yunhengzou/coordinate_alignment/aam_benchmarks/golden_policy_full_20260907/676/cuts/aam.pkl.gz,/project/yunhengzou/coordinate_alignment/aam_benchmarks/golden_policy_full_20260907/676/evaluation.json
677,True,R_to_P,complete,recovered,True,False,True,83.02226016577333,7.722726424224675,80.151615,1747.70703125,recovered,True,,/project/yunhengzou/coordinate_alignment/aam_benchmarks/golden_policy_full_20260907/677/cuts/aam.pkl.gz,/project/yunhengzou/coordinate_alignment/aam_benchmarks/golden_policy_full_20260907/677/evaluation.json
678,True,R_to_P,complete,recovered,True,False,False,2.4708972689695656,0.12454629223793745,2.6421339999999995,138.71484375,recovered,True,,/project/yunhengzou/coordinate_alignment/aam_benchmarks/golden_policy_full_20260907/678/cuts/aam.pkl.gz,/project/yunhengzou/coordinate_alignment/aam_benchmarks/golden_policy_full_20260907/678/evaluation.json
679,True,R_to_P,complete,recovered,True,False,False,11.240217292914167,0.9756425840314478,11.959791,282.78515625,recovered,True,,/project/yunhengzou/coordinate_alignment/aam_benchmarks/golden_policy_full_20260907/679/cuts/aam.pkl.gz,/project/yunhengzou/coordinate_alignment/aam_benchmarks/golden_policy_full_20260907/679/evaluation.json
680,True,R_to_P,complete,recovered,True,False,False,7.743883458897471,1.0064681838266551,7.187253,207.90625,recovered,True,,/project/yunhengzou/coordinate_alignment/aam_benchmarks/golden_policy_full_20260907/680/cuts/aam.pkl.gz,/project/yunhengzou/coordinate_alignment/aam_benchmarks/golden_policy_full_20260907/680/evaluation.json
681,True,R_to_P,complete,recovered,True,False,True,6.250050920061767,0.4875975176692009,6.61601,198.1015625,recovered,True,,/project/yunhengzou/coordinate_alignment/aam_benchmarks/golden_policy_full_20260907/681/cuts/aam.pkl.gz,/project/yunhengzou/coordinate_alignment/aam_benchmarks/golden_policy_full_20260907/681/evaluation.json
682,True,P_to_R,complete,recovered,True,False,True,133.95306647988036,19.4337263291236,130.15935100000002,2418.7265625,recovered,True,,/project/yunhengzou/coordinate_alignment/aam_benchmarks/golden_policy_full_20260907/682/cuts/aam.pkl.gz,/project/yunhengzou/coordinate_alignment/aam_benchmarks/golden_policy_full_20260907/682/evaluation.json
683,True,R_to_P,complete,recovered,True,False,False,5.940670423908159,0.2795995569322258,5.874364,166.96484375,recovered,True,,/project/yunhengzou/coordinate_alignment/aam_benchmarks/golden_policy_full_20260907/683/cuts/aam.pkl.gz,/project/yunhengzou/coordinate_alignment/aam_benchmarks/golden_policy_full_20260907/683/evaluation.json
684,True,R_to_P,complete,recovered,True,False,False,7.16061205137521,0.3527484070509672,7.330318999999999,197.88671875,recovered,True,,/project/yunhengzou/coordinate_alignment/aam_benchmarks/golden_policy_full_20260907/684/cuts/aam.pkl.gz,/project/yunhengzou/coordinate_alignment/aam_benchmarks/golden_policy_full_20260907/684/evaluation.json
685,True,R_to_P,complete,recovered,False,False,True,11.163637620396912,1.2661364674568176,11.014584,292.30078125,recovered,False,,/project/yunhengzou/coordinate_alignment/aam_benchmarks/golden_policy_full_20260907/685/cuts/aam.pkl.gz,/project/yunhengzou/coordinate_alignment/aam_benchmarks/golden_policy_full_20260907/685/evaluation.json
686,True,R_to_P,complete,recovered,True,False,True,9.684254283085465,1.0678735235705972,8.998401999999999,264.5546875,recovered,True,,/project/yunhengzou/coordinate_alignment/aam_benchmarks/golden_policy_full_20260907/686/cuts/aam.pkl.gz,/project/yunhengzou/coordinate_alignment/aam_benchmarks/golden_policy_full_20260907/686/evaluation.json
687,True,R_to_P,complete,recovered,False,False,True,3.77823506295681,0.31187553331255913,4.070557,173.734375,recovered,False,,/project/yunhengzou/coordinate_alignment/aam_benchmarks/golden_policy_full_20260907/687/cuts/aam.pkl.gz,/project/yunhengzou/coordinate_alignment/aam_benchmarks/golden_policy_full_20260907/687/evaluation.json
688,True,R_to_P,complete,recovered,True,False,True,6.572733035311103,0.4400237575173378,6.022847,190.98828125,recovered,True,,/project/yunhengzou/coordinate_alignment/aam_benchmarks/golden_policy_full_20260907/688/cuts/aam.pkl.gz,/project/yunhengzou/coordinate_alignment/aam_benchmarks/golden_policy_full_20260907/688/evaluation.json
689,True,R_to_P,complete,recovered,True,False,False,4.274921770207584,0.27769679948687553,4.331771000000001,143.4609375,recovered,True,,/project/yunhengzou/coordinate_alignment/aam_benchmarks/golden_policy_full_20260907/689/cuts/aam.pkl.gz,/project/yunhengzou/coordinate_alignment/aam_benchmarks/golden_policy_full_20260907/689/evaluation.json
690,True,R_to_P,complete,recovered,True,False,False,4.843865665607154,0.29923470690846443,4.939436,163.62890625,recovered,True,,/project/yunhengzou/coordinate_alignment/aam_benchmarks/golden_policy_full_20260907/690/cuts/aam.pkl.gz,/project/yunhengzou/coordinate_alignment/aam_benchmarks/golden_policy_full_20260907/690/evaluation.json
691,True,R_to_P,complete,recovered,True,False,True,5.403624688275158,0.8601582832634449,4.629012,168.2109375,recovered,True,,/project/yunhengzou/coordinate_alignment/aam_benchmarks/golden_policy_full_20260907/691/cuts/aam.pkl.gz,/project/yunhengzou/coordinate_alignment/aam_benchmarks/golden_policy_full_20260907/691/evaluation.json
692,True,R_to_P,complete,recovered,True,False,True,19.413516379892826,3.2522111609578133,18.901462000000002,403.82421875,recovered,True,,/project/yunhengzou/coordinate_alignment/aam_benchmarks/golden_policy_full_20260907/692/cuts/aam.pkl.gz,/project/yunhengzou/coordinate_alignment/aam_benchmarks/golden_policy_full_20260907/692/evaluation.json
693,True,P_to_R,complete,recovered,True,False,True,2.236100727925077,0.16376333311200142,2.507122,135.640625,recovered,True,,/project/yunhengzou/coordinate_alignment/aam_benchmarks/golden_policy_full_20260907/693/cuts/aam.pkl.gz,/project/yunhengzou/coordinate_alignment/aam_benchmarks/golden_policy_full_20260907/693/evaluation.json
694,True,R_to_P,complete,recovered,True,False,True,1.7840164711233228,0.10798792401328683,2.0590379999999997,131.37109375,recovered,True,,/project/yunhengzou/coordinate_alignment/aam_benchmarks/golden_policy_full_20260907/694/cuts/aam.pkl.gz,/project/yunhengzou/coordinate_alignment/aam_benchmarks/golden_policy_full_20260907/694/evaluation.json
695,True,R_to_P,complete,recovered,True,False,True,28.19412051094696,2.4860356589779258,27.917323,648.40625,recovered,True,,/project/yunhengzou/coordinate_alignment/aam_benchmarks/golden_policy_full_20260907/695/cuts/aam.pkl.gz,/project/yunhengzou/coordinate_alignment/aam_benchmarks/golden_policy_full_20260907/695/evaluation.json
696,True,R_to_P,complete,recovered,True,False,True,56.000013560056686,4.201148628257215,55.608135000000004,1110.859375,recovered,True,,/project/yunhengzou/coordinate_alignment/aam_benchmarks/golden_policy_full_20260907/696/cuts/aam.pkl.gz,/project/yunhengzou/coordinate_alignment/aam_benchmarks/golden_policy_full_20260907/696/evaluation.json
697,True,R_to_P,complete,recovered,True,False,True,27.871271688956767,2.699656399898231,27.805495,505.73828125,recovered,True,,/project/yunhengzou/coordinate_alignment/aam_benchmarks/golden_policy_full_20260907/697/cuts/aam.pkl.gz,/project/yunhengzou/coordinate_alignment/aam_benchmarks/golden_policy_full_20260907/697/evaluation.json
698,True,R_to_P,complete,recovered,True,False,False,0.6831161575391889,0.061919122003018856,1.589976,126.0,recovered,True,,/project/yunhengzou/coordinate_alignment/aam_benchmarks/golden_policy_full_20260907/698/cuts/aam.pkl.gz,/project/yunhengzou/coordinate_alignment/aam_benchmarks/golden_policy_full_20260907/698/evaluation.json
699,True,R_to_P,complete,recovered,True,False,False,2.2126363702118397,0.14483788423240185,2.7865830000000003,138.1875,recovered,True,,/project/yunhengzou/coordinate_alignment/aam_benchmarks/golden_policy_full_20260907/699/cuts/aam.pkl.gz,/project/yunhengzou/coordinate_alignment/aam_benchmarks/golden_policy_full_20260907/699/evaluation.json
700,True,R_to_P,complete,recovered,True,False,True,5.864343169145286,0.5594785697758198,6.357601,206.10546875,recovered,True,,/project/yunhengzou/coordinate_alignment/aam_benchmarks/golden_policy_full_20260907/700/cuts/aam.pkl.gz,/project/yunhengzou/coordinate_alignment/aam_benchmarks/golden_policy_full_20260907/700/evaluation.json
701,True,R_to_P,complete,recovered,False,False,False,0.3431975438725203,0.040870682103559375,1.3605969999999998,121.3359375,recovered,False,,/project/yunhengzou/coordinate_alignment/aam_benchmarks/golden_policy_full_20260907/701/cuts/aam.pkl.gz,/project/yunhengzou/coordinate_alignment/aam_benchmarks/golden_policy_full_20260907/701/evaluation.json
702,True,P_to_R,complete,recovered,True,False,False,0.41006774292327464,0.04797632806003094,1.222583,120.0546875,recovered,True,,/project/yunhengzou/coordinate_alignment/aam_benchmarks/golden_policy_full_20260907/702/cuts/aam.pkl.gz,/project/yunhengzou/coordinate_alignment/aam_benchmarks/golden_policy_full_20260907/702/evaluation.json
703,True,R_to_P,complete,recovered,True,False,False,1.2602508878335357,0.08271577768027782,1.8482239999999999,128.86328125,recovered,True,,/project/yunhengzou/coordinate_alignment/aam_benchmarks/golden_policy_full_20260907/703/cuts/aam.pkl.gz,/project/yunhengzou/coordinate_alignment/aam_benchmarks/golden_policy_full_20260907/703/evaluation.json
704,True,R_to_P,complete,recovered,True,False,False,0.8728193426504731,0.04618048947304487,1.4368569999999998,120.41015625,recovered,True,,/project/yunhengzou/coordinate_alignment/aam_benchmarks/golden_policy_full_20260907/704/cuts/aam.pkl.gz,/project/yunhengzou/coordinate_alignment/aam_benchmarks/golden_policy_full_20260907/704/evaluation.json
705,True,R_to_P,complete,recovered,True,False,False,3.2350385040044785,0.2310471311211586,3.646806,152.28125,recovered,True,,/project/yunhengzou/coordinate_alignment/aam_benchmarks/golden_policy_full_20260907/705/cuts/aam.pkl.gz,/project/yunhengzou/coordinate_alignment/aam_benchmarks/golden_policy_full_20260907/705/evaluation.json
706,True,R_to_P,complete,recovered,True,False,True,40.75033549591899,3.4291810244321823,40.783338,749.5859375,recovered,True,,/project/yunhengzou/coordinate_alignment/aam_benchmarks/golden_policy_full_20260907/706/cuts/aam.pkl.gz,/project/yunhengzou/coordinate_alignment/aam_benchmarks/golden_policy_full_20260907/706/evaluation.json
707,True,R_to_P,complete,recovered,True,False,False,0.2442386131733656,0.03594415448606014,1.32803,119.8671875,recovered,True,,/project/yunhengzou/coordinate_alignment/aam_benchmarks/golden_policy_full_20260907/707/cuts/aam.pkl.gz,/project/yunhengzou/coordinate_alignment/aam_benchmarks/golden_policy_full_20260907/707/evaluation.json
708,True,R_to_P,complete,recovered,True,False,True,2.0139611084014177,0.15164176188409328,2.2603229999999996,138.11328125,recovered,True,,/project/yunhengzou/coordinate_alignment/aam_benchmarks/golden_policy_full_20260907/708/cuts/aam.pkl.gz,/project/yunhengzou/coordinate_alignment/aam_benchmarks/golden_policy_full_20260907/708/evaluation.json
709,True,R_to_P,complete,recovered,True,False,True,71.72563916025683,5.430615297984332,70.404448,1296.73828125,recovered,True,,/project/yunhengzou/coordinate_alignment/aam_benchmarks/golden_policy_full_20260907/709/cuts/aam.pkl.gz,/project/yunhengzou/coordinate_alignment/aam_benchmarks/golden_policy_full_20260907/709/evaluation.json
710,True,R_to_P,complete,recovered,True,False,True,18.161263803951442,1.9617630299180746,17.907801,428.54296875,recovered,True,,/project/yunhengzou/coordinate_alignment/aam_benchmarks/golden_policy_full_20260907/710/cuts/aam.pkl.gz,/project/yunhengzou/coordinate_alignment/aam_benchmarks/golden_policy_full_20260907/710/evaluation.json
711,True,R_to_P,complete,recovered,True,False,True,2.511636087205261,0.271651198156178,3.558167,157.16015625,recovered,True,,/project/yunhengzou/coordinate_alignment/aam_benchmarks/golden_policy_full_20260907/711/cuts/aam.pkl.gz,/project/yunhengzou/coordinate_alignment/aam_benchmarks/golden_policy_full_20260907/711/evaluation.json
712,True,R_to_P,complete,recovered,True,False,True,3.5293060389813036,0.24093076307326555,3.41653,163.0078125,recovered,True,,/project/yunhengzou/coordinate_alignment/aam_benchmarks/golden_policy_full_20260907/712/cuts/aam.pkl.gz,/project/yunhengzou/coordinate_alignment/aam_benchmarks/golden_policy_full_20260907/712/evaluation.json
713,False,P_to_R,complete,recovered,,False,False,0.37056819000281394,0.04889976605772972,1.426875,121.1171875,,,,/project/yunhengzou/coordinate_alignment/aam_benchmarks/golden_policy_full_20260907/713/cuts/aam.pkl.gz,/project/yunhengzou/coordinate_alignment/aam_benchmarks/golden_policy_full_20260907/713/evaluation.json
714,True,R_to_P,complete,recovered,True,False,True,6.121378753101453,0.6262024519965053,7.017726000000001,205.25390625,recovered,True,,/project/yunhengzou/coordinate_alignment/aam_benchmarks/golden_policy_full_20260907/714/cuts/aam.pkl.gz,/project/yunhengzou/coordinate_alignment/aam_benchmarks/golden_policy_full_20260907/714/evaluation.json
715,True,R_to_P,complete,recovered,True,False,True,12.2644416783005,0.9262820649892092,12.913556,305.8515625,recovered,True,,/project/yunhengzou/coordinate_alignment/aam_benchmarks/golden_policy_full_20260907/715/cuts/aam.pkl.gz,/project/yunhengzou/coordinate_alignment/aam_benchmarks/golden_policy_full_20260907/715/evaluation.json
716,True,R_to_P,complete,recovered,True,False,True,12.47474718093872,1.5283203180879354,13.103057,385.65234375,recovered,True,,/project/yunhengzou/coordinate_alignment/aam_benchmarks/golden_policy_full_20260907/716/cuts/aam.pkl.gz,/project/yunhengzou/coordinate_alignment/aam_benchmarks/golden_policy_full_20260907/716/evaluation.json
717,True,R_to_P,complete,recovered,True,False,False,0.5783637249842286,0.051626699045300484,1.614298,126.0625,recovered,True,,/project/yunhengzou/coordinate_alignment/aam_benchmarks/golden_policy_full_20260907/717/cuts/aam.pkl.gz,/project/yunhengzou/coordinate_alignment/aam_benchmarks/golden_policy_full_20260907/717/evaluation.json
718,True,R_to_P,complete,recovered,True,False,False,1.3637527250684798,0.08625554293394089,1.807668,129.12890625,recovered,True,,/project/yunhengzou/coordinate_alignment/aam_benchmarks/golden_policy_full_20260907/718/cuts/aam.pkl.gz,/project/yunhengzou/coordinate_alignment/aam_benchmarks/golden_policy_full_20260907/718/evaluation.json
719,True,P_to_R,complete,recovered,True,False,False,0.5691535230726004,0.08526133559644222,1.4567,124.99609375,recovered,True,,/project/yunhengzou/coordinate_alignment/aam_benchmarks/golden_policy_full_20260907/719/cuts/aam.pkl.gz,/project/yunhengzou/coordinate_alignment/aam_benchmarks/golden_policy_full_20260907/719/evaluation.json
720,True,R_to_P,complete,recovered,True,False,False,6.274015570990741,1.014618950895965,7.025771,203.2109375,recovered,True,,/project/yunhengzou/coordinate_alignment/aam_benchmarks/golden_policy_full_20260907/720/cuts/aam.pkl.gz,/project/yunhengzou/coordinate_alignment/aam_benchmarks/golden_policy_full_20260907/720/evaluation.json
721,True,R_to_P,complete,recovered,True,False,True,5.724347066134214,0.5600951439701021,6.237941999999999,202.015625,recovered,True,,/project/yunhengzou/coordinate_alignment/aam_benchmarks/golden_policy_full_20260907/721/cuts/aam.pkl.gz,/project/yunhengzou/coordinate_alignment/aam_benchmarks/golden_policy_full_20260907/721/evaluation.json
722,True,R_to_P,complete,recovered,True,False,False,2.4843551563099027,0.20590944541618228,3.053923,135.10546875,recovered,True,,/project/yunhengzou/coordinate_alignment/aam_benchmarks/golden_policy_full_20260907/722/cuts/aam.pkl.gz,/project/yunhengzou/coordinate_alignment/aam_benchmarks/golden_policy_full_20260907/722/evaluation.json
723,True,R_to_P,complete,recovered,True,False,True,20.366445012856275,1.8130390332080424,20.381435,465.50390625,recovered,True,,/project/yunhengzou/coordinate_alignment/aam_benchmarks/golden_policy_full_20260907/723/cuts/aam.pkl.gz,/project/yunhengzou/coordinate_alignment/aam_benchmarks/golden_policy_full_20260907/723/evaluation.json
724,True,R_to_P,complete,recovered,True,False,True,7.466735194902867,0.7727757301181555,7.945955,204.1015625,recovered,True,,/project/yunhengzou/coordinate_alignment/aam_benchmarks/golden_policy_full_20260907/724/cuts/aam.pkl.gz,/project/yunhengzou/coordinate_alignment/aam_benchmarks/golden_policy_full_20260907/724/evaluation.json
725,True,R_to_P,complete,recovered,True,False,True,28.51568368799053,1.7563987988978624,27.607163,585.90234375,recovered,True,,/project/yunhengzou/coordinate_alignment/aam_benchmarks/golden_policy_full_20260907/725/cuts/aam.pkl.gz,/project/yunhengzou/coordinate_alignment/aam_benchmarks/golden_policy_full_20260907/725/evaluation.json
726,True,R_to_P,complete,recovered,True,False,True,2.2456374471075833,0.17493172106333077,2.879007,148.3828125,recovered,True,,/project/yunhengzou/coordinate_alignment/aam_benchmarks/golden_policy_full_20260907/726/cuts/aam.pkl.gz,/project/yunhengzou/coordinate_alignment/aam_benchmarks/golden_policy_full_20260907/726/evaluation.json
727,True,R_to_P,complete,recovered,True,False,False,1.0809668079018593,0.08234801981598139,1.9217239999999998,127.62109375,recovered,True,,/project/yunhengzou/coordinate_alignment/aam_benchmarks/golden_policy_full_20260907/727/cuts/aam.pkl.gz,/project/yunhengzou/coordinate_alignment/aam_benchmarks/golden_policy_full_20260907/727/evaluation.json
728,True,R_to_P,complete,recovered,True,False,True,5.1447040950879455,0.5219077048823237,5.754493999999999,222.484375,recovered,True,,/project/yunhengzou/coordinate_alignment/aam_benchmarks/golden_policy_full_20260907/728/cuts/aam.pkl.gz,/project/yunhengzou/coordinate_alignment/aam_benchmarks/golden_policy_full_20260907/728/evaluation.json
729,True,R_to_P,complete,recovered,True,False,True,2.0892983968369663,0.23473095428198576,2.899982,154.8984375,recovered,True,,/project/yunhengzou/coordinate_alignment/aam_benchmarks/golden_policy_full_20260907/729/cuts/aam.pkl.gz,/project/yunhengzou/coordinate_alignment/aam_benchmarks/golden_policy_full_20260907/729/evaluation.json
730,True,R_to_P,complete,recovered,True,False,True,16.822945771738887,1.3854702385142446,16.922297,420.51953125,recovered,True,,/project/yunhengzou/coordinate_alignment/aam_benchmarks/golden_policy_full_20260907/730/cuts/aam.pkl.gz,/project/yunhengzou/coordinate_alignment/aam_benchmarks/golden_policy_full_20260907/730/evaluation.json
731,True,P_to_R,complete,recovered,True,False,True,1.327575109899044,0.15152331721037626,2.071069,132.89453125,recovered,True,,/project/yunhengzou/coordinate_alignment/aam_benchmarks/golden_policy_full_20260907/731/cuts/aam.pkl.gz,/project/yunhengzou/coordinate_alignment/aam_benchmarks/golden_policy_full_20260907/731/evaluation.json
732,True,R_to_P,complete,recovered,True,False,True,2.328781785443425,0.24946792144328356,2.9628520000000003,157.18359375,recovered,True,,/project/yunhengzou/coordinate_alignment/aam_benchmarks/golden_policy_full_20260907/732/cuts/aam.pkl.gz,/project/yunhengzou/coordinate_alignment/aam_benchmarks/golden_policy_full_20260907/732/evaluation.json
733,True,R_to_P,complete,recovered,True,False,True,46.12346449494362,4.676426948979497,44.257982,901.140625,recovered,True,,/project/yunhengzou/coordinate_alignment/aam_benchmarks/golden_policy_full_20260907/733/cuts/aam.pkl.gz,/project/yunhengzou/coordinate_alignment/aam_benchmarks/golden_policy_full_20260907/733/evaluation.json
734,True,R_to_P,complete,recovered,True,False,True,3.771225554868579,0.1318300359416753,3.8532800000000003,137.77734375,recovered,True,,/project/yunhengzou/coordinate_alignment/aam_benchmarks/golden_policy_full_20260907/734/cuts/aam.pkl.gz,/project/yunhengzou/coordinate_alignment/aam_benchmarks/golden_policy_full_20260907/734/evaluation.json
735,True,R_to_P,complete,recovered,True,False,True,43.67792623396963,6.7836347706615925,42.579732,856.77734375,recovered,True,,/project/yunhengzou/coordinate_alignment/aam_benchmarks/golden_policy_full_20260907/735/cuts/aam.pkl.gz,/project/yunhengzou/coordinate_alignment/aam_benchmarks/golden_policy_full_20260907/735/evaluation.json
736,True,R_to_P,complete,recovered,True,False,True,8.180412482470274,0.825126233510673,8.074902999999999,225.8671875,recovered,True,,/project/yunhengzou/coordinate_alignment/aam_benchmarks/golden_policy_full_20260907/736/cuts/aam.pkl.gz,/project/yunhengzou/coordinate_alignment/aam_benchmarks/golden_policy_full_20260907/736/evaluation.json
737,True,R_to_P,complete,not_recovered,False,False,True,118.10000245831907,17.461071177385747,114.005146,2273.609375,recovered,False,lost,/project/yunhengzou/coordinate_alignment/aam_benchmarks/golden_policy_full_20260907/737/cuts/aam.pkl.gz,/project/yunhengzou/coordinate_alignment/aam_benchmarks/golden_policy_full_20260907/737/evaluation.json
738,True,P_to_R,complete,recovered,True,False,True,2.731455657631159,0.3490616288036108,3.3422129999999997,156.9375,recovered,True,,/project/yunhengzou/coordinate_alignment/aam_benchmarks/golden_policy_full_20260907/738/cuts/aam.pkl.gz,/project/yunhengzou/coordinate_alignment/aam_benchmarks/golden_policy_full_20260907/738/evaluation.json
739,True,R_to_P,complete,recovered,True,False,True,0.9967432888224721,0.11180403642356396,2.150853,131.125,recovered,True,,/project/yunhengzou/coordinate_alignment/aam_benchmarks/golden_policy_full_20260907/739/cuts/aam.pkl.gz,/project/yunhengzou/coordinate_alignment/aam_benchmarks/golden_policy_full_20260907/739/evaluation.json
740,True,R_to_P,complete,recovered,True,False,True,191.05596755165607,20.053871359676123,182.654543,3657.5234375,recovered,True,,/project/yunhengzou/coordinate_alignment/aam_benchmarks/golden_policy_full_20260907/740/cuts/aam.pkl.gz,/project/yunhengzou/coordinate_alignment/aam_benchmarks/golden_policy_full_20260907/740/evaluation.json
741,True,R_to_P,complete,recovered,False,False,True,21.33386640716344,2.401313168928027,21.143125,494.9375,recovered,False,,/project/yunhengzou/coordinate_alignment/aam_benchmarks/golden_policy_full_20260907/741/cuts/aam.pkl.gz,/project/yunhengzou/coordinate_alignment/aam_benchmarks/golden_policy_full_20260907/741/evaluation.json
742,True,P_to_R,complete,recovered,True,False,True,21.54541418608278,2.9100875607691705,20.599233,529.19921875,recovered,True,,/project/yunhengzou/coordinate_alignment/aam_benchmarks/golden_policy_full_20260907/742/cuts/aam.pkl.gz,/project/yunhengzou/coordinate_alignment/aam_benchmarks/golden_policy_full_20260907/742/evaluation.json
743,True,R_to_P,complete,recovered,True,False,True,20.929120882879943,2.766055648215115,20.0719,485.015625,recovered,True,,/project/yunhengzou/coordinate_alignment/aam_benchmarks/golden_policy_full_20260907/743/cuts/aam.pkl.gz,/project/yunhengzou/coordinate_alignment/aam_benchmarks/golden_policy_full_20260907/743/evaluation.json
744,True,R_to_P,complete,recovered,True,False,True,83.17921150987968,8.22049919096753,80.05453200000001,1601.58984375,not_recovered,False,gained,/project/yunhengzou/coordinate_alignment/aam_benchmarks/golden_policy_full_20260907/744/cuts/aam.pkl.gz,/project/yunhengzou/coordinate_alignment/aam_benchmarks/golden_policy_full_20260907/744/evaluation.json
745,True,P_to_R,complete,recovered,True,False,True,2.5372465029358864,0.41740128491073847,3.090181,148.265625,not_recovered,False,gained,/project/yunhengzou/coordinate_alignment/aam_benchmarks/golden_policy_full_20260907/745/cuts/aam.pkl.gz,/project/yunhengzou/coordinate_alignment/aam_benchmarks/golden_policy_full_20260907/745/evaluation.json
746,True,R_to_P,complete,recovered,False,False,True,42.1544850000646,4.68203840800561,40.726357,899.20703125,recovered,False,,/project/yunhengzou/coordinate_alignment/aam_benchmarks/golden_policy_full_20260907/746/cuts/aam.pkl.gz,/project/yunhengzou/coordinate_alignment/aam_benchmarks/golden_policy_full_20260907/746/evaluation.json
747,True,R_to_P,complete,recovered,True,False,True,37.9093341040425,3.9718308891169727,36.455828,892.671875,recovered,True,,/project/yunhengzou/coordinate_alignment/aam_benchmarks/golden_policy_full_20260907/747/cuts/aam.pkl.gz,/project/yunhengzou/coordinate_alignment/aam_benchmarks/golden_policy_full_20260907/747/evaluation.json
748,True,R_to_P,complete,recovered,True,False,True,2.586080387234688,0.2053760141134262,3.157464,149.76953125,recovered,True,,/project/yunhengzou/coordinate_alignment/aam_benchmarks/golden_policy_full_20260907/748/cuts/aam.pkl.gz,/project/yunhengzou/coordinate_alignment/aam_benchmarks/golden_policy_full_20260907/748/evaluation.json
749,True,R_to_P,complete,recovered,False,False,False,2.2287418665364385,0.2183190956711769,2.820752,145.75390625,not_recovered,False,gained,/project/yunhengzou/coordinate_alignment/aam_benchmarks/golden_policy_full_20260907/749/cuts/aam.pkl.gz,/project/yunhengzou/coordinate_alignment/aam_benchmarks/golden_policy_full_20260907/749/evaluation.json
750,True,P_to_R,complete,recovered,True,False,True,42.07339213974774,4.276269199326634,40.109938,874.953125,recovered,True,,/project/yunhengzou/coordinate_alignment/aam_benchmarks/golden_policy_full_20260907/750/cuts/aam.pkl.gz,/project/yunhengzou/coordinate_alignment/aam_benchmarks/golden_policy_full_20260907/750/evaluation.json
751,True,R_to_P,complete,recovered,True,False,True,4.962374399416149,0.5571947665885091,5.441249,202.48828125,recovered,True,,/project/yunhengzou/coordinate_alignment/aam_benchmarks/golden_policy_full_20260907/751/cuts/aam.pkl.gz,/project/yunhengzou/coordinate_alignment/aam_benchmarks/golden_policy_full_20260907/751/evaluation.json
752,True,R_to_P,complete,recovered,True,False,False,0.9558959472924471,0.08524218387901783,1.825356,130.25390625,recovered,True,,/project/yunhengzou/coordinate_alignment/aam_benchmarks/golden_policy_full_20260907/752/cuts/aam.pkl.gz,/project/yunhengzou/coordinate_alignment/aam_benchmarks/golden_policy_full_20260907/752/evaluation.json
753,True,P_to_R,complete,recovered,True,False,True,22.77140444610268,2.7375153498724103,22.378658,551.8984375,recovered,True,,/project/yunhengzou/coordinate_alignment/aam_benchmarks/golden_policy_full_20260907/753/cuts/aam.pkl.gz,/project/yunhengzou/coordinate_alignment/aam_benchmarks/golden_policy_full_20260907/753/evaluation.json
754,True,R_to_P,complete,recovered,True,False,False,1.2968038069084287,0.10219625104218721,2.016363,133.5625,recovered,True,,/project/yunhengzou/coordinate_alignment/aam_benchmarks/golden_policy_full_20260907/754/cuts/aam.pkl.gz,/project/yunhengzou/coordinate_alignment/aam_benchmarks/golden_policy_full_20260907/754/evaluation.json
755,True,P_to_R,complete,recovered,True,False,False,1.0728999944403768,0.09175695572048426,1.76748,126.55859375,recovered,True,,/project/yunhengzou/coordinate_alignment/aam_benchmarks/golden_policy_full_20260907/755/cuts/aam.pkl.gz,/project/yunhengzou/coordinate_alignment/aam_benchmarks/golden_policy_full_20260907/755/evaluation.json
756,True,R_to_P,complete,recovered,True,False,True,20.662076209671795,2.599524537101388,20.331090999999997,492.4140625,recovered,True,,/project/yunhengzou/coordinate_alignment/aam_benchmarks/golden_policy_full_20260907/756/cuts/aam.pkl.gz,/project/yunhengzou/coordinate_alignment/aam_benchmarks/golden_policy_full_20260907/756/evaluation.json
757,True,R_to_P,complete,recovered,True,False,True,261.9606716330163,21.765187790151685,250.789102,5385.1875,recovered,True,,/project/yunhengzou/coordinate_alignment/aam_benchmarks/golden_policy_full_20260907/757/cuts/aam.pkl.gz,/project/yunhengzou/coordinate_alignment/aam_benchmarks/golden_policy_full_20260907/757/evaluation.json
758,True,R_to_P,complete,recovered,True,False,True,1.4098949893377721,0.10993044916540384,2.074191,132.5625,recovered,True,,/project/yunhengzou/coordinate_alignment/aam_benchmarks/golden_policy_full_20260907/758/cuts/aam.pkl.gz,/project/yunhengzou/coordinate_alignment/aam_benchmarks/golden_policy_full_20260907/758/evaluation.json
759,True,R_to_P,complete,recovered,True,False,True,10.036302869208157,1.120348397642374,9.785883,290.74609375,recovered,True,,/project/yunhengzou/coordinate_alignment/aam_benchmarks/golden_policy_full_20260907/759/cuts/aam.pkl.gz,/project/yunhengzou/coordinate_alignment/aam_benchmarks/golden_policy_full_20260907/759/evaluation.json
760,True,R_to_P,complete,recovered,True,False,True,18.99945902498439,2.0404652459546924,18.256197999999998,393.51953125,recovered,True,,/project/yunhengzou/coordinate_alignment/aam_benchmarks/golden_policy_full_20260907/760/cuts/aam.pkl.gz,/project/yunhengzou/coordinate_alignment/aam_benchmarks/golden_policy_full_20260907/760/evaluation.json
761,True,R_to_P,complete,recovered,True,False,True,3.9377840189263225,0.31011744774878025,4.252099,176.0546875,recovered,True,,/project/yunhengzou/coordinate_alignment/aam_benchmarks/golden_policy_full_20260907/761/cuts/aam.pkl.gz,/project/yunhengzou/coordinate_alignment/aam_benchmarks/golden_policy_full_20260907/761/evaluation.json
762,True,R_to_P,complete,recovered,True,False,True,12.610316053964198,1.9075315902009606,12.057635,346.4765625,recovered,True,,/project/yunhengzou/coordinate_alignment/aam_benchmarks/golden_policy_full_20260907/762/cuts/aam.pkl.gz,/project/yunhengzou/coordinate_alignment/aam_benchmarks/golden_policy_full_20260907/762/evaluation.json
763,True,R_to_P,complete,recovered,True,False,True,6.1236174907535315,0.8020120952278376,6.538460000000001,220.26953125,recovered,True,,/project/yunhengzou/coordinate_alignment/aam_benchmarks/golden_policy_full_20260907/763/cuts/aam.pkl.gz,/project/yunhengzou/coordinate_alignment/aam_benchmarks/golden_policy_full_20260907/763/evaluation.json
764,True,R_to_P,complete,recovered,True,False,True,23.84276891220361,2.9026160165667534,23.76726,610.30078125,recovered,True,,/project/yunhengzou/coordinate_alignment/aam_benchmarks/golden_policy_full_20260907/764/cuts/aam.pkl.gz,/project/yunhengzou/coordinate_alignment/aam_benchmarks/golden_policy_full_20260907/764/evaluation.json
765,True,R_to_P,complete,recovered,True,False,True,27.21655524522066,2.151159471832216,27.151086,656.37109375,recovered,True,,/project/yunhengzou/coordinate_alignment/aam_benchmarks/golden_policy_full_20260907/765/cuts/aam.pkl.gz,/project/yunhengzou/coordinate_alignment/aam_benchmarks/golden_policy_full_20260907/765/evaluation.json
766,True,R_to_P,complete,recovered,True,False,True,71.86708264099434,6.160735311917961,69.547467,1658.421875,recovered,True,,/project/yunhengzou/coordinate_alignment/aam_benchmarks/golden_policy_full_20260907/766/cuts/aam.pkl.gz,/project/yunhengzou/coordinate_alignment/aam_benchmarks/golden_policy_full_20260907/766/evaluation.json
767,True,R_to_P,complete,recovered,False,False,True,2.715000446885824,0.3581034131348133,3.655596,165.41796875,recovered,False,,/project/yunhengzou/coordinate_alignment/aam_benchmarks/golden_policy_full_20260907/767/cuts/aam.pkl.gz,/project/yunhengzou/coordinate_alignment/aam_benchmarks/golden_policy_full_20260907/767/evaluation.json
768,True,R_to_P,complete,recovered,True,False,True,277.7333516487852,35.62821619398892,270.568857,4544.91796875,recovered,True,,/project/yunhengzou/coordinate_alignment/aam_benchmarks/golden_policy_full_20260907/768/cuts/aam.pkl.gz,/project/yunhengzou/coordinate_alignment/aam_benchmarks/golden_policy_full_20260907/768/evaluation.json
769,True,R_to_P,complete,recovered,True,False,False,3.6546012121252716,0.24413848598487675,4.241938,158.89453125,recovered,True,,/project/yunhengzou/coordinate_alignment/aam_benchmarks/golden_policy_full_20260907/769/cuts/aam.pkl.gz,/project/yunhengzou/coordinate_alignment/aam_benchmarks/golden_policy_full_20260907/769/evaluation.json
770,True,P_to_R,complete,recovered,True,False,True,3.519889947026968,0.8201328231953084,4.165925,183.7109375,recovered,True,,/project/yunhengzou/coordinate_alignment/aam_benchmarks/golden_policy_full_20260907/770/cuts/aam.pkl.gz,/project/yunhengzou/coordinate_alignment/aam_benchmarks/golden_policy_full_20260907/770/evaluation.json
771,True,P_to_R,complete,recovered,True,False,True,45.45710770203732,4.272187730995938,44.570943,1013.0546875,recovered,True,,/project/yunhengzou/coordinate_alignment/aam_benchmarks/golden_policy_full_20260907/771/cuts/aam.pkl.gz,/project/yunhengzou/coordinate_alignment/aam_benchmarks/golden_policy_full_20260907/771/evaluation.json
772,True,R_to_P,complete,recovered,True,False,True,64.40711349621415,7.529447020962834,62.077259,1261.265625,recovered,True,,/project/yunhengzou/coordinate_alignment/aam_benchmarks/golden_policy_full_20260907/772/cuts/aam.pkl.gz,/project/yunhengzou/coordinate_alignment/aam_benchmarks/golden_policy_full_20260907/772/evaluation.json
773,True,R_to_P,complete,recovered,False,False,True,17.77326698601246,2.312045088969171,17.377854,421.71875,recovered,False,,/project/yunhengzou/coordinate_alignment/aam_benchmarks/golden_policy_full_20260907/773/cuts/aam.pkl.gz,/project/yunhengzou/coordinate_alignment/aam_benchmarks/golden_policy_full_20260907/773/evaluation.json
774,True,R_to_P,complete,recovered,True,False,True,4.583778210915625,0.44077852088958025,5.118077,186.19921875,recovered,True,,/project/yunhengzou/coordinate_alignment/aam_benchmarks/golden_policy_full_20260907/774/cuts/aam.pkl.gz,/project/yunhengzou/coordinate_alignment/aam_benchmarks/golden_policy_full_20260907/774/evaluation.json
775,True,P_to_R,complete,not_recovered,False,False,True,30.643800599034876,6.64114520419389,29.892656000000002,644.12890625,recovered,False,lost,/project/yunhengzou/coordinate_alignment/aam_benchmarks/golden_policy_full_20260907/775/cuts/aam.pkl.gz,/project/yunhengzou/coordinate_alignment/aam_benchmarks/golden_policy_full_20260907/775/evaluation.json
776,True,R_to_P,complete,recovered,True,False,True,3.905575682874769,0.3538735159672797,4.429893,179.84375,recovered,True,,/project/yunhengzou/coordinate_alignment/aam_benchmarks/golden_policy_full_20260907/776/cuts/aam.pkl.gz,/project/yunhengzou/coordinate_alignment/aam_benchmarks/golden_policy_full_20260907/776/evaluation.json
777,True,R_to_P,complete,recovered,True,False,True,25.590312688611448,2.195600688457489,25.091517999999997,590.24609375,recovered,True,,/project/yunhengzou/coordinate_alignment/aam_benchmarks/golden_policy_full_20260907/777/cuts/aam.pkl.gz,/project/yunhengzou/coordinate_alignment/aam_benchmarks/golden_policy_full_20260907/777/evaluation.json
778,True,R_to_P,complete,recovered,True,False,False,1.1722278986126184,0.0936482660472393,2.111673,128.90625,recovered,True,,/project/yunhengzou/coordinate_alignment/aam_benchmarks/golden_policy_full_20260907/778/cuts/aam.pkl.gz,/project/yunhengzou/coordinate_alignment/aam_benchmarks/golden_policy_full_20260907/778/evaluation.json
779,True,R_to_P,complete,recovered,True,False,True,4.491396090947092,0.4893388079944998,5.165885,193.609375,recovered,True,,/project/yunhengzou/coordinate_alignment/aam_benchmarks/golden_policy_full_20260907/779/cuts/aam.pkl.gz,/project/yunhengzou/coordinate_alignment/aam_benchmarks/golden_policy_full_20260907/779/evaluation.json
780,True,P_to_R,complete,not_recovered,False,False,True,110.30520781711675,19.736653075087816,105.913758,2098.26953125,recovered,True,lost,/project/yunhengzou/coordinate_alignment/aam_benchmarks/golden_policy_full_20260907/780/cuts/aam.pkl.gz,/project/yunhengzou/coordinate_alignment/aam_benchmarks/golden_policy_full_20260907/780/evaluation.json
781,True,R_to_P,complete,recovered,True,False,False,0.5634749429300427,0.05892836209386587,1.4527839999999999,124.625,recovered,True,,/project/yunhengzou/coordinate_alignment/aam_benchmarks/golden_policy_full_20260907/781/cuts/aam.pkl.gz,/project/yunhengzou/coordinate_alignment/aam_benchmarks/golden_policy_full_20260907/781/evaluation.json
782,True,R_to_P,complete,recovered,True,False,True,5.768892348743975,0.5022394806146622,6.476877,192.3671875,recovered,True,,/project/yunhengzou/coordinate_alignment/aam_benchmarks/golden_policy_full_20260907/782/cuts/aam.pkl.gz,/project/yunhengzou/coordinate_alignment/aam_benchmarks/golden_policy_full_20260907/782/evaluation.json
783,True,R_to_P,complete,recovered,True,False,True,15.977408166974783,2.0192245533689857,15.946619,384.66015625,recovered,True,,/project/yunhengzou/coordinate_alignment/aam_benchmarks/golden_policy_full_20260907/783/cuts/aam.pkl.gz,/project/yunhengzou/coordinate_alignment/aam_benchmarks/golden_policy_full_20260907/783/evaluation.json
784,True,R_to_P,complete,recovered,True,False,True,85.84479626175016,9.886498953215778,83.443165,1788.7890625,recovered,True,,/project/yunhengzou/coordinate_alignment/aam_benchmarks/golden_policy_full_20260907/784/cuts/aam.pkl.gz,/project/yunhengzou/coordinate_alignment/aam_benchmarks/golden_policy_full_20260907/784/evaluation.json
785,True,R_to_P,complete,recovered,True,False,False,2.0777741079218686,0.15729237883351743,2.701906,139.5,recovered,True,,/project/yunhengzou/coordinate_alignment/aam_benchmarks/golden_policy_full_20260907/785/cuts/aam.pkl.gz,/project/yunhengzou/coordinate_alignment/aam_benchmarks/golden_policy_full_20260907/785/evaluation.json
786,True,R_to_P,complete,recovered,True,False,False,0.7853771140798926,0.052648783661425114,1.637751,124.78125,recovered,True,,/project/yunhengzou/coordinate_alignment/aam_benchmarks/golden_policy_full_20260907/786/cuts/aam.pkl.gz,/project/yunhengzou/coordinate_alignment/aam_benchmarks/golden_policy_full_20260907/786/evaluation.json
787,True,R_to_P,complete,recovered,True,False,False,0.6393062397837639,0.03386420290917158,1.4905819999999999,121.89453125,recovered,True,,/project/yunhengzou/coordinate_alignment/aam_benchmarks/golden_policy_full_20260907/787/cuts/aam.pkl.gz,/project/yunhengzou/coordinate_alignment/aam_benchmarks/golden_policy_full_20260907/787/evaluation.json
788,True,R_to_P,complete,recovered,True,False,False,2.298672545235604,0.16890403674915433,2.9055280000000003,141.05859375,recovered,True,,/project/yunhengzou/coordinate_alignment/aam_benchmarks/golden_policy_full_20260907/788/cuts/aam.pkl.gz,/project/yunhengzou/coordinate_alignment/aam_benchmarks/golden_policy_full_20260907/788/evaluation.json
789,True,R_to_P,complete,recovered,True,False,True,69.79469691496342,6.952753864694387,67.82212200000001,1392.4609375,recovered,True,,/project/yunhengzou/coordinate_alignment/aam_benchmarks/golden_policy_full_20260907/789/cuts/aam.pkl.gz,/project/yunhengzou/coordinate_alignment/aam_benchmarks/golden_policy_full_20260907/789/evaluation.json
790,True,P_to_R,complete,recovered,True,False,True,56.89187421835959,6.1962502412498,56.065622000000005,1204.0234375,recovered,True,,/project/yunhengzou/coordinate_alignment/aam_benchmarks/golden_policy_full_20260907/790/cuts/aam.pkl.gz,/project/yunhengzou/coordinate_alignment/aam_benchmarks/golden_policy_full_20260907/790/evaluation.json
791,True,R_to_P,complete,recovered,True,False,True,2.5230172611773014,0.2713166568428278,3.672159,149.2421875,recovered,True,,/project/yunhengzou/coordinate_alignment/aam_benchmarks/golden_policy_full_20260907/791/cuts/aam.pkl.gz,/project/yunhengzou/coordinate_alignment/aam_benchmarks/golden_policy_full_20260907/791/evaluation.json
792,True,R_to_P,complete,recovered,True,False,True,10.941284680739045,1.090789888985455,11.529619,317.734375,recovered,True,,/project/yunhengzou/coordinate_alignment/aam_benchmarks/golden_policy_full_20260907/792/cuts/aam.pkl.gz,/project/yunhengzou/coordinate_alignment/aam_benchmarks/golden_policy_full_20260907/792/evaluation.json
793,True,R_to_P,complete,recovered,True,False,True,30.45255253929645,4.246406990103424,30.408164,707.4453125,recovered,True,,/project/yunhengzou/coordinate_alignment/aam_benchmarks/golden_policy_full_20260907/793/cuts/aam.pkl.gz,/project/yunhengzou/coordinate_alignment/aam_benchmarks/golden_policy_full_20260907/793/evaluation.json
794,True,R_to_P,complete,recovered,True,False,False,2.5894805872812867,0.34008639212697744,3.469338,153.40625,recovered,True,,/project/yunhengzou/coordinate_alignment/aam_benchmarks/golden_policy_full_20260907/794/cuts/aam.pkl.gz,/project/yunhengzou/coordinate_alignment/aam_benchmarks/golden_policy_full_20260907/794/evaluation.json
795,True,R_to_P,complete,recovered,True,False,False,0.6218680096790195,0.05322666186839342,1.706072,126.48828125,recovered,True,,/project/yunhengzou/coordinate_alignment/aam_benchmarks/golden_policy_full_20260907/795/cuts/aam.pkl.gz,/project/yunhengzou/coordinate_alignment/aam_benchmarks/golden_policy_full_20260907/795/evaluation.json
796,True,R_to_P,complete,recovered,True,False,True,29.951481964904815,3.225316337775439,29.673502,706.49609375,recovered,True,,/project/yunhengzou/coordinate_alignment/aam_benchmarks/golden_policy_full_20260907/796/cuts/aam.pkl.gz,/project/yunhengzou/coordinate_alignment/aam_benchmarks/golden_policy_full_20260907/796/evaluation.json
797,True,P_to_R,complete,recovered,True,False,True,10.617780760396272,1.2805296750739217,11.101434000000001,329.0,recovered,True,,/project/yunhengzou/coordinate_alignment/aam_benchmarks/golden_policy_full_20260907/797/cuts/aam.pkl.gz,/project/yunhengzou/coordinate_alignment/aam_benchmarks/golden_policy_full_20260907/797/evaluation.json
798,True,R_to_P,complete,recovered,True,False,False,0.8074670429341495,0.07386144017800689,1.834843,128.4140625,recovered,True,,/project/yunhengzou/coordinate_alignment/aam_benchmarks/golden_policy_full_20260907/798/cuts/aam.pkl.gz,/project/yunhengzou/coordinate_alignment/aam_benchmarks/golden_policy_full_20260907/798/evaluation.json
799,True,R_to_P,complete,recovered,False,False,True,3.065194121096283,0.29397832974791527,4.062336,179.375,recovered,False,,/project/yunhengzou/coordinate_alignment/aam_benchmarks/golden_policy_full_20260907/799/cuts/aam.pkl.gz,/project/yunhengzou/coordinate_alignment/aam_benchmarks/golden_policy_full_20260907/799/evaluation.json
800,True,R_to_P,complete,recovered,True,False,False,4.184102117083967,0.36010145698674023,4.836988,167.6328125,recovered,True,,/project/yunhengzou/coordinate_alignment/aam_benchmarks/golden_policy_full_20260907/800/cuts/aam.pkl.gz,/project/yunhengzou/coordinate_alignment/aam_benchmarks/golden_policy_full_20260907/800/evaluation.json
801,True,R_to_P,complete,recovered,True,False,True,5.040265775052831,0.8525045870337635,5.558249,200.546875,recovered,True,,/project/yunhengzou/coordinate_alignment/aam_benchmarks/golden_policy_full_20260907/801/cuts/aam.pkl.gz,/project/yunhengzou/coordinate_alignment/aam_benchmarks/golden_policy_full_20260907/801/evaluation.json
802,True,R_to_P,complete,recovered,True,False,True,43.77084796410054,4.9460331548471,43.059002,914.375,recovered,True,,/project/yunhengzou/coordinate_alignment/aam_benchmarks/golden_policy_full_20260907/802/cuts/aam.pkl.gz,/project/yunhengzou/coordinate_alignment/aam_benchmarks/golden_policy_full_20260907/802/evaluation.json
803,True,R_to_P,complete,recovered,True,False,False,2.137346097268164,0.21766697987914085,2.967067,150.65234375,recovered,True,,/project/yunhengzou/coordinate_alignment/aam_benchmarks/golden_policy_full_20260907/803/cuts/aam.pkl.gz,/project/yunhengzou/coordinate_alignment/aam_benchmarks/golden_policy_full_20260907/803/evaluation.json
804,True,R_to_P,complete,recovered,True,False,True,2.757386714220047,0.30734501499682665,3.6747789999999996,154.40234375,recovered,True,,/project/yunhengzou/coordinate_alignment/aam_benchmarks/golden_policy_full_20260907/804/cuts/aam.pkl.gz,/project/yunhengzou/coordinate_alignment/aam_benchmarks/golden_policy_full_20260907/804/evaluation.json
805,True,R_to_P,complete,recovered,True,False,True,3.852948640473187,0.5820460394024849,4.8349150000000005,190.64453125,recovered,True,,/project/yunhengzou/coordinate_alignment/aam_benchmarks/golden_policy_full_20260907/805/cuts/aam.pkl.gz,/project/yunhengzou/coordinate_alignment/aam_benchmarks/golden_policy_full_20260907/805/evaluation.json
806,True,R_to_P,complete,recovered,False,False,True,42.58522611670196,4.048163113184273,41.673632,871.75390625,recovered,False,,/project/yunhengzou/coordinate_alignment/aam_benchmarks/golden_policy_full_20260907/806/cuts/aam.pkl.gz,/project/yunhengzou/coordinate_alignment/aam_benchmarks/golden_policy_full_20260907/806/evaluation.json
807,True,R_to_P,complete,recovered,True,False,True,33.27870454196818,2.757855670992285,33.1511,801.28125,recovered,True,,/project/yunhengzou/coordinate_alignment/aam_benchmarks/golden_policy_full_20260907/807/cuts/aam.pkl.gz,/project/yunhengzou/coordinate_alignment/aam_benchmarks/golden_policy_full_20260907/807/evaluation.json
808,True,R_to_P,complete,recovered,True,False,True,33.76982601196505,4.147768299095333,33.482715,717.09765625,recovered,True,,/project/yunhengzou/coordinate_alignment/aam_benchmarks/golden_policy_full_20260907/808/cuts/aam.pkl.gz,/project/yunhengzou/coordinate_alignment/aam_benchmarks/golden_policy_full_20260907/808/evaluation.json
809,True,R_to_P,complete,recovered,True,False,True,11.681924416683614,0.9560005189850926,12.252046,318.3125,recovered,True,,/project/yunhengzou/coordinate_alignment/aam_benchmarks/golden_policy_full_20260907/809/cuts/aam.pkl.gz,/project/yunhengzou/coordinate_alignment/aam_benchmarks/golden_policy_full_20260907/809/evaluation.json
810,True,R_to_P,complete,recovered,True,False,True,1.5582918310537934,0.1575479842722416,2.560564,139.78125,recovered,True,,/project/yunhengzou/coordinate_alignment/aam_benchmarks/golden_policy_full_20260907/810/cuts/aam.pkl.gz,/project/yunhengzou/coordinate_alignment/aam_benchmarks/golden_policy_full_20260907/810/evaluation.json
811,True,R_to_P,complete,recovered,True,False,True,9.073824242688715,1.1852689757943153,9.687024,279.078125,recovered,True,,/project/yunhengzou/coordinate_alignment/aam_benchmarks/golden_policy_full_20260907/811/cuts/aam.pkl.gz,/project/yunhengzou/coordinate_alignment/aam_benchmarks/golden_policy_full_20260907/811/evaluation.json
812,True,R_to_P,complete,recovered,True,False,True,4.916441627778113,0.6393994763493538,6.044238,211.45703125,recovered,True,,/project/yunhengzou/coordinate_alignment/aam_benchmarks/golden_policy_full_20260907/812/cuts/aam.pkl.gz,/project/yunhengzou/coordinate_alignment/aam_benchmarks/golden_policy_full_20260907/812/evaluation.json
813,True,R_to_P,complete,recovered,True,False,True,31.510198602452874,3.334034539759159,31.20629,706.41015625,recovered,True,,/project/yunhengzou/coordinate_alignment/aam_benchmarks/golden_policy_full_20260907/813/cuts/aam.pkl.gz,/project/yunhengzou/coordinate_alignment/aam_benchmarks/golden_policy_full_20260907/813/evaluation.json
814,True,R_to_P,complete,recovered,True,False,True,27.591084516141564,4.008997605647892,27.81796,630.6171875,recovered,True,,/project/yunhengzou/coordinate_alignment/aam_benchmarks/golden_policy_full_20260907/814/cuts/aam.pkl.gz,/project/yunhengzou/coordinate_alignment/aam_benchmarks/golden_policy_full_20260907/814/evaluation.json
815,True,R_to_P,complete,recovered,False,False,True,59.31164832506329,6.1312871323898435,58.344227,1259.83984375,recovered,False,,/project/yunhengzou/coordinate_alignment/aam_benchmarks/golden_policy_full_20260907/815/cuts/aam.pkl.gz,/project/yunhengzou/coordinate_alignment/aam_benchmarks/golden_policy_full_20260907/815/evaluation.json
816,True,R_to_P,complete,recovered,True,False,True,101.23972930479795,11.73460239265114,98.38036199999999,2025.26953125,recovered,True,,/project/yunhengzou/coordinate_alignment/aam_benchmarks/golden_policy_full_20260907/816/cuts/aam.pkl.gz,/project/yunhengzou/coordinate_alignment/aam_benchmarks/golden_policy_full_20260907/816/evaluation.json
817,True,R_to_P,complete,recovered,True,False,True,3.6831083996221423,0.11656307894736528,4.527607000000001,135.2578125,recovered,True,,/project/yunhengzou/coordinate_alignment/aam_benchmarks/golden_policy_full_20260907/817/cuts/aam.pkl.gz,/project/yunhengzou/coordinate_alignment/aam_benchmarks/golden_policy_full_20260907/817/evaluation.json
818,True,P_to_R,complete,recovered,True,False,True,275.53070091828704,23.60270994901657,258.086979,4910.578125,recovered,True,,/project/yunhengzou/coordinate_alignment/aam_benchmarks/golden_policy_full_20260907/818/cuts/aam.pkl.gz,/project/yunhengzou/coordinate_alignment/aam_benchmarks/golden_policy_full_20260907/818/evaluation.json
819,True,R_to_P,complete,recovered,True,False,True,28.70608200505376,2.14288891479373,29.061954,620.40234375,recovered,True,,/project/yunhengzou/coordinate_alignment/aam_benchmarks/golden_policy_full_20260907/819/cuts/aam.pkl.gz,/project/yunhengzou/coordinate_alignment/aam_benchmarks/golden_policy_full_20260907/819/evaluation.json
820,True,P_to_R,complete,recovered,True,False,True,49.53671075310558,7.934960477985442,49.140565,1019.99609375,recovered,True,,/project/yunhengzou/coordinate_alignment/aam_benchmarks/golden_policy_full_20260907/820/cuts/aam.pkl.gz,/project/yunhengzou/coordinate_alignment/aam_benchmarks/golden_policy_full_20260907/820/evaluation.json
821,True,R_to_P,complete,recovered,True,False,False,1.2438032133504748,0.1268914407119155,2.225113,127.046875,recovered,True,,/project/yunhengzou/coordinate_alignment/aam_benchmarks/golden_policy_full_20260907/821/cuts/aam.pkl.gz,/project/yunhengzou/coordinate_alignment/aam_benchmarks/golden_policy_full_20260907/821/evaluation.json
822,True,R_to_P,complete,recovered,True,False,True,100.22854239586741,10.414135618135333,98.22427800000001,1880.1484375,recovered,True,,/project/yunhengzou/coordinate_alignment/aam_benchmarks/golden_policy_full_20260907/822/cuts/aam.pkl.gz,/project/yunhengzou/coordinate_alignment/aam_benchmarks/golden_policy_full_20260907/822/evaluation.json
823,True,R_to_P,complete,recovered,False,False,True,35.742867598775774,4.186389514245093,35.249461,745.7109375,recovered,False,,/project/yunhengzou/coordinate_alignment/aam_benchmarks/golden_policy_full_20260907/823/cuts/aam.pkl.gz,/project/yunhengzou/coordinate_alignment/aam_benchmarks/golden_policy_full_20260907/823/evaluation.json
824,True,R_to_P,complete,recovered,,True,,,1.6834431739989668,,,recovered,True,,/project/yunhengzou/coordinate_alignment/aam_benchmarks/golden_policy_full_20260907/824/cuts,/project/yunhengzou/coordinate_alignment/aam_benchmarks/golden_policy_full_20260907/824/evaluation.json
825,True,P_to_R,complete,recovered,,True,,,4.861500075086951,,,recovered,True,,/project/yunhengzou/coordinate_alignment/aam_benchmarks/golden_policy_full_20260907/825/cuts,/project/yunhengzou/coordinate_alignment/aam_benchmarks/golden_policy_full_20260907/825/evaluation.json
826,True,P_to_R,complete,recovered,True,False,True,16.5508039239794,3.1136414180509746,16.644445,437.88671875,recovered,True,,/project/yunhengzou/coordinate_alignment/aam_benchmarks/golden_policy_full_20260907/826/cuts/aam.pkl.gz,/project/yunhengzou/coordinate_alignment/aam_benchmarks/golden_policy_full_20260907/826/evaluation.json
827,True,R_to_P,complete,recovered,True,False,True,88.38567488268018,13.179090636782348,85.762761,1717.90625,recovered,True,,/project/yunhengzou/coordinate_alignment/aam_benchmarks/golden_policy_full_20260907/827/cuts/aam.pkl.gz,/project/yunhengzou/coordinate_alignment/aam_benchmarks/golden_policy_full_20260907/827/evaluation.json
828,True,R_to_P,complete,recovered,True,False,True,14.896761099807918,1.9273089887574315,15.417611,377.56640625,recovered,True,,/project/yunhengzou/coordinate_alignment/aam_benchmarks/golden_policy_full_20260907/828/cuts/aam.pkl.gz,/project/yunhengzou/coordinate_alignment/aam_benchmarks/golden_policy_full_20260907/828/evaluation.json
829,True,R_to_P,complete,recovered,False,False,True,98.22457455378026,12.527136497199535,95.19416100000001,1986.86328125,recovered,False,,/project/yunhengzou/coordinate_alignment/aam_benchmarks/golden_policy_full_20260907/829/cuts/aam.pkl.gz,/project/yunhengzou/coordinate_alignment/aam_benchmarks/golden_policy_full_20260907/829/evaluation.json
830,True,R_to_P,complete,recovered,True,False,True,264.88235304597765,20.135910276789218,259.074739,5071.05859375,recovered,True,,/project/yunhengzou/coordinate_alignment/aam_benchmarks/golden_policy_full_20260907/830/cuts/aam.pkl.gz,/project/yunhengzou/coordinate_alignment/aam_benchmarks/golden_policy_full_20260907/830/evaluation.json
831,True,R_to_P,complete,recovered,False,False,True,55.2341396198608,5.581088314764202,54.642517000000005,1214.07421875,recovered,False,,/project/yunhengzou/coordinate_alignment/aam_benchmarks/golden_policy_full_20260907/831/cuts/aam.pkl.gz,/project/yunhengzou/coordinate_alignment/aam_benchmarks/golden_policy_full_20260907/831/evaluation.json
832,True,R_to_P,complete,recovered,True,False,True,8.144585559144616,1.65049969824031,8.698688,265.1796875,recovered,True,,/project/yunhengzou/coordinate_alignment/aam_benchmarks/golden_policy_full_20260907/832/cuts/aam.pkl.gz,/project/yunhengzou/coordinate_alignment/aam_benchmarks/golden_policy_full_20260907/832/evaluation.json
833,True,R_to_P,complete,not_recovered,False,False,True,185.59255517297424,20.951178189832717,172.265527,3648.96875,not_recovered,False,,/project/yunhengzou/coordinate_alignment/aam_benchmarks/golden_policy_full_20260907/833/cuts/aam.pkl.gz,/project/yunhengzou/coordinate_alignment/aam_benchmarks/golden_policy_full_20260907/833/evaluation.json
834,True,P_to_R,complete,recovered,,True,,,7.892840584972873,,,recovered,True,,/project/yunhengzou/coordinate_alignment/aam_benchmarks/golden_policy_full_20260907/834/cuts,/project/yunhengzou/coordinate_alignment/aam_benchmarks/golden_policy_full_20260907/834/evaluation.json
835,True,P_to_R,complete,recovered,True,False,True,111.53128682076931,13.190393996890634,108.20642,2133.421875,recovered,True,,/project/yunhengzou/coordinate_alignment/aam_benchmarks/golden_policy_full_20260907/835/cuts/aam.pkl.gz,/project/yunhengzou/coordinate_alignment/aam_benchmarks/golden_policy_full_20260907/835/evaluation.json
836,True,R_to_P,complete,recovered,True,False,True,84.16822136286646,7.842691200785339,81.91652599999999,1615.16015625,recovered,True,,/project/yunhengzou/coordinate_alignment/aam_benchmarks/golden_policy_full_20260907/836/cuts/aam.pkl.gz,/project/yunhengzou/coordinate_alignment/aam_benchmarks/golden_policy_full_20260907/836/evaluation.json
837,True,R_to_P,complete,recovered,True,False,True,66.52192040812224,6.178526788018644,65.470888,1323.18359375,recovered,True,,/project/yunhengzou/coordinate_alignment/aam_benchmarks/golden_policy_full_20260907/837/cuts/aam.pkl.gz,/project/yunhengzou/coordinate_alignment/aam_benchmarks/golden_policy_full_20260907/837/evaluation.json
838,True,R_to_P,complete,recovered,True,False,True,71.66540159657598,6.306908408179879,70.18731799999999,1508.171875,recovered,True,,/project/yunhengzou/coordinate_alignment/aam_benchmarks/golden_policy_full_20260907/838/cuts/aam.pkl.gz,/project/yunhengzou/coordinate_alignment/aam_benchmarks/golden_policy_full_20260907/838/evaluation.json
839,True,P_to_R,complete,recovered,True,False,True,72.0241001341492,8.31374676618725,70.569567,1424.8515625,recovered,True,,/project/yunhengzou/coordinate_alignment/aam_benchmarks/golden_policy_full_20260907/839/cuts/aam.pkl.gz,/project/yunhengzou/coordinate_alignment/aam_benchmarks/golden_policy_full_20260907/839/evaluation.json
840,True,R_to_P,complete,recovered,False,False,True,70.8692366713658,7.858659124933183,67.690978,1376.9765625,recovered,False,,/project/yunhengzou/coordinate_alignment/aam_benchmarks/golden_policy_full_20260907/840/cuts/aam.pkl.gz,/project/yunhengzou/coordinate_alignment/aam_benchmarks/golden_policy_full_20260907/840/evaluation.json
841,True,R_to_P,complete,recovered,False,False,True,88.96109749097377,9.217237912118435,87.96916900000001,1742.05078125,recovered,False,,/project/yunhengzou/coordinate_alignment/aam_benchmarks/golden_policy_full_20260907/841/cuts/aam.pkl.gz,/project/yunhengzou/coordinate_alignment/aam_benchmarks/golden_policy_full_20260907/841/evaluation.json
842,True,R_to_P,complete,recovered,True,False,True,68.8123890911229,4.091160459909588,60.22913,1121.84765625,recovered,True,,/project/yunhengzou/coordinate_alignment/aam_benchmarks/golden_policy_full_20260907/842/cuts/aam.pkl.gz,/project/yunhengzou/coordinate_alignment/aam_benchmarks/golden_policy_full_20260907/842/evaluation.json
843,True,R_to_P,complete,recovered,True,False,True,22.339929522946477,2.3372714980505407,20.464802000000002,475.29296875,recovered,True,,/project/yunhengzou/coordinate_alignment/aam_benchmarks/golden_policy_full_20260907/843/cuts/aam.pkl.gz,/project/yunhengzou/coordinate_alignment/aam_benchmarks/golden_policy_full_20260907/843/evaluation.json
844,True,P_to_R,complete,recovered,True,False,True,207.7573368300218,26.977274832781404,186.8329,3738.16796875,recovered,True,,/project/yunhengzou/coordinate_alignment/aam_benchmarks/golden_policy_full_20260907/844/cuts/aam.pkl.gz,/project/yunhengzou/coordinate_alignment/aam_benchmarks/golden_policy_full_20260907/844/evaluation.json
845,True,R_to_P,complete,not_recovered,False,False,True,32.22677418217063,5.144266098970547,28.216431999999998,666.4921875,not_recovered,False,,/project/yunhengzou/coordinate_alignment/aam_benchmarks/golden_policy_full_20260907/845/cuts/aam.pkl.gz,/project/yunhengzou/coordinate_alignment/aam_benchmarks/golden_policy_full_20260907/845/evaluation.json
846,True,R_to_P,complete,not_recovered,False,False,True,294.3709037480876,40.6106016470585,276.33847399999996,5378.48828125,recovered,False,lost,/project/yunhengzou/coordinate_alignment/aam_benchmarks/golden_policy_full_20260907/846/cuts/aam.pkl.gz,/project/yunhengzou/coordinate_alignment/aam_benchmarks/golden_policy_full_20260907/846/evaluation.json
847,True,R_to_P,complete,recovered,True,False,True,20.186377928126603,1.6677393848076463,16.249257,407.34765625,recovered,False,,/project/yunhengzou/coordinate_alignment/aam_benchmarks/golden_policy_full_20260907/847/cuts/aam.pkl.gz,/project/yunhengzou/coordinate_alignment/aam_benchmarks/golden_policy_full_20260907/847/evaluation.json
848,True,R_to_P,complete,recovered,True,False,True,29.283474198076874,4.246232907753438,24.107846,500.984375,recovered,True,,/project/yunhengzou/coordinate_alignment/aam_benchmarks/golden_policy_full_20260907/848/cuts/aam.pkl.gz,/project/yunhengzou/coordinate_alignment/aam_benchmarks/golden_policy_full_20260907/848/evaluation.json
849,True,R_to_P,complete,recovered,True,False,True,20.730975651182234,2.0184336942620575,16.464703999999998,396.55859375,recovered,True,,/project/yunhengzou/coordinate_alignment/aam_benchmarks/golden_policy_full_20260907/849/cuts/aam.pkl.gz,/project/yunhengzou/coordinate_alignment/aam_benchmarks/golden_policy_full_20260907/849/evaluation.json
850,True,P_to_R,complete,not_recovered,False,False,True,148.63151230523363,32.51452862424776,134.64475900000002,2408.0234375,recovered,False,lost,/project/yunhengzou/coordinate_alignment/aam_benchmarks/golden_policy_full_20260907/850/cuts/aam.pkl.gz,/project/yunhengzou/coordinate_alignment/aam_benchmarks/golden_policy_full_20260907/850/evaluation.json
851,True,P_to_R,complete,recovered,False,False,True,263.31472356710583,23.419811935164034,243.067382,4553.62109375,recovered,False,,/project/yunhengzou/coordinate_alignment/aam_benchmarks/golden_policy_full_20260907/851/cuts/aam.pkl.gz,/project/yunhengzou/coordinate_alignment/aam_benchmarks/golden_policy_full_20260907/851/evaluation.json
852,True,R_to_P,complete,recovered,,True,,,4.761556155979633,,,recovered,True,,/project/yunhengzou/coordinate_alignment/aam_benchmarks/golden_policy_full_20260907/852/cuts,/project/yunhengzou/coordinate_alignment/aam_benchmarks/golden_policy_full_20260907/852/evaluation.json
853,True,P_to_R,complete,recovered,False,False,True,17.492306718137115,2.7023160071112216,13.939959,376.09375,not_recovered,False,gained,/project/yunhengzou/coordinate_alignment/aam_benchmarks/golden_policy_full_20260907/853/cuts/aam.pkl.gz,/project/yunhengzou/coordinate_alignment/aam_benchmarks/golden_policy_full_20260907/853/evaluation.json
854,True,R_to_P,complete,recovered,True,False,True,121.52170465933159,11.709327855147421,105.76289299999999,1994.4765625,recovered,True,,/project/yunhengzou/coordinate_alignment/aam_benchmarks/golden_policy_full_20260907/854/cuts/aam.pkl.gz,/project/yunhengzou/coordinate_alignment/aam_benchmarks/golden_policy_full_20260907/854/evaluation.json
855,True,R_to_P,complete,recovered,True,False,True,13.796083659864962,1.4770785109139979,11.668935000000001,309.4375,recovered,True,,/project/yunhengzou/coordinate_alignment/aam_benchmarks/golden_policy_full_20260907/855/cuts/aam.pkl.gz,/project/yunhengzou/coordinate_alignment/aam_benchmarks/golden_policy_full_20260907/855/evaluation.json
856,True,R_to_P,complete,recovered,False,False,True,138.80028721597046,11.25256382720545,123.995281,2495.91015625,recovered,False,,/project/yunhengzou/coordinate_alignment/aam_benchmarks/golden_policy_full_20260907/856/cuts/aam.pkl.gz,/project/yunhengzou/coordinate_alignment/aam_benchmarks/golden_policy_full_20260907/856/evaluation.json
857,True,R_to_P,complete,recovered,True,False,True,41.120087665040046,3.922553926240653,35.989017999999994,712.37109375,recovered,True,,/project/yunhengzou/coordinate_alignment/aam_benchmarks/golden_policy_full_20260907/857/cuts/aam.pkl.gz,/project/yunhengzou/coordinate_alignment/aam_benchmarks/golden_policy_full_20260907/857/evaluation.json
858,True,R_to_P,complete,recovered,True,False,True,60.3059215862304,4.776335812173784,53.107854,1083.68359375,recovered,True,,/project/yunhengzou/coordinate_alignment/aam_benchmarks/golden_policy_full_20260907/858/cuts/aam.pkl.gz,/project/yunhengzou/coordinate_alignment/aam_benchmarks/golden_policy_full_20260907/858/evaluation.json
859,True,R_to_P,complete,recovered,True,False,True,24.661585516296327,1.9981189221143723,22.018824,519.5390625,recovered,True,,/project/yunhengzou/coordinate_alignment/aam_benchmarks/golden_policy_full_20260907/859/cuts/aam.pkl.gz,/project/yunhengzou/coordinate_alignment/aam_benchmarks/golden_policy_full_20260907/859/evaluation.json
860,True,R_to_P,complete,recovered,True,False,False,2.402878040447831,0.1089824941009283,2.635807,132.07421875,recovered,True,,/project/yunhengzou/coordinate_alignment/aam_benchmarks/golden_policy_full_20260907/860/cuts/aam.pkl.gz,/project/yunhengzou/coordinate_alignment/aam_benchmarks/golden_policy_full_20260907/860/evaluation.json
861,True,R_to_P,complete,recovered,True,False,True,13.602860003709793,1.7836918672546744,11.940287,312.27734375,recovered,True,,/project/yunhengzou/coordinate_alignment/aam_benchmarks/golden_policy_full_20260907/861/cuts/aam.pkl.gz,/project/yunhengzou/coordinate_alignment/aam_benchmarks/golden_policy_full_20260907/861/evaluation.json
862,True,R_to_P,complete,recovered,,True,,,0.032004357082769275,,,recovered,True,,/project/yunhengzou/coordinate_alignment/aam_benchmarks/golden_policy_full_20260907/862/cuts,/project/yunhengzou/coordinate_alignment/aam_benchmarks/golden_policy_full_20260907/862/evaluation.json
863,True,R_to_P,complete,recovered,True,False,False,10.420044932514429,0.3090002443641424,8.386458999999999,165.16015625,recovered,True,,/project/yunhengzou/coordinate_alignment/aam_benchmarks/golden_policy_full_20260907/863/cuts/aam.pkl.gz,/project/yunhengzou/coordinate_alignment/aam_benchmarks/golden_policy_full_20260907/863/evaluation.json
864,True,R_to_P,complete,recovered,True,False,True,5.455924502573907,0.22607761155813932,4.876659,178.01171875,recovered,True,,/project/yunhengzou/coordinate_alignment/aam_benchmarks/golden_policy_full_20260907/864/cuts/aam.pkl.gz,/project/yunhengzou/coordinate_alignment/aam_benchmarks/golden_policy_full_20260907/864/evaluation.json
865,True,R_to_P,complete,unknown,False,False,True,42.54228198993951,120.26742927730083,38.060894,805.09765625,not_recovered,False,,/project/yunhengzou/coordinate_alignment/aam_benchmarks/golden_policy_full_20260907/865/cuts/aam.pkl.gz,/project/yunhengzou/coordinate_alignment/aam_benchmarks/golden_policy_full_20260907/865/evaluation.json
866,True,R_to_P,complete,recovered,True,False,True,21.85463298857212,1.4855888495221734,17.915515,368.7265625,recovered,True,,/project/yunhengzou/coordinate_alignment/aam_benchmarks/golden_policy_full_20260907/866/cuts/aam.pkl.gz,/project/yunhengzou/coordinate_alignment/aam_benchmarks/golden_policy_full_20260907/866/evaluation.json
867,True,R_to_P,complete,not_recovered,False,False,True,24.036184061318636,4.618847963400185,21.067218,522.12890625,not_recovered,False,,/project/yunhengzou/coordinate_alignment/aam_benchmarks/golden_policy_full_20260907/867/cuts/aam.pkl.gz,/project/yunhengzou/coordinate_alignment/aam_benchmarks/golden_policy_full_20260907/867/evaluation.json
868,True,R_to_P,complete,recovered,True,False,True,69.9048194848001,6.613451708108187,64.468368,1360.23046875,recovered,True,,/project/yunhengzou/coordinate_alignment/aam_benchmarks/golden_policy_full_20260907/868/cuts/aam.pkl.gz,/project/yunhengzou/coordinate_alignment/aam_benchmarks/golden_policy_full_20260907/868/evaluation.json
869,True,R_to_P,complete,recovered,True,False,True,4.204127237899229,0.4373737210407853,4.290149,151.828125,recovered,True,,/project/yunhengzou/coordinate_alignment/aam_benchmarks/golden_policy_full_20260907/869/cuts/aam.pkl.gz,/project/yunhengzou/coordinate_alignment/aam_benchmarks/golden_policy_full_20260907/869/evaluation.json
870,True,P_to_R,complete,recovered,True,False,True,139.01191204390489,17.371279807994142,122.86537200000001,2250.84375,recovered,True,,/project/yunhengzou/coordinate_alignment/aam_benchmarks/golden_policy_full_20260907/870/cuts/aam.pkl.gz,/project/yunhengzou/coordinate_alignment/aam_benchmarks/golden_policy_full_20260907/870/evaluation.json
871,True,R_to_P,complete,not_recovered,False,False,True,86.05696288775653,14.159786059055477,74.72031299999999,1592.98046875,not_recovered,False,,/project/yunhengzou/coordinate_alignment/aam_benchmarks/golden_policy_full_20260907/871/cuts/aam.pkl.gz,/project/yunhengzou/coordinate_alignment/aam_benchmarks/golden_policy_full_20260907/871/evaluation.json
872,True,P_to_R,complete,recovered,True,False,True,17.99894672539085,1.9394507994875312,16.103002,400.7109375,recovered,True,,/project/yunhengzou/coordinate_alignment/aam_benchmarks/golden_policy_full_20260907/872/cuts/aam.pkl.gz,/project/yunhengzou/coordinate_alignment/aam_benchmarks/golden_policy_full_20260907/872/evaluation.json
873,True,R_to_P,complete,recovered,True,False,True,82.83819119888358,7.998945807106793,71.253077,1463.54296875,recovered,True,,/project/yunhengzou/coordinate_alignment/aam_benchmarks/golden_policy_full_20260907/873/cuts/aam.pkl.gz,/project/yunhengzou/coordinate_alignment/aam_benchmarks/golden_policy_full_20260907/873/evaluation.json
874,True,P_to_R,complete,recovered,True,False,True,33.17000320996158,5.660207364941016,26.57417,590.265625,recovered,True,,/project/yunhengzou/coordinate_alignment/aam_benchmarks/golden_policy_full_20260907/874/cuts/aam.pkl.gz,/project/yunhengzou/coordinate_alignment/aam_benchmarks/golden_policy_full_20260907/874/evaluation.json
875,True,R_to_P,complete,recovered,True,False,True,76.2570695229806,5.587914525996894,66.34403,1458.98828125,recovered,True,,/project/yunhengzou/coordinate_alignment/aam_benchmarks/golden_policy_full_20260907/875/cuts/aam.pkl.gz,/project/yunhengzou/coordinate_alignment/aam_benchmarks/golden_policy_full_20260907/875/evaluation.json
876,True,R_to_P,complete,recovered,True,False,True,30.31244552996941,2.2724980008788407,24.135409,477.45703125,recovered,True,,/project/yunhengzou/coordinate_alignment/aam_benchmarks/golden_policy_full_20260907/876/cuts/aam.pkl.gz,/project/yunhengzou/coordinate_alignment/aam_benchmarks/golden_policy_full_20260907/876/evaluation.json
877,True,R_to_P,complete,recovered,True,False,True,27.20475830999203,2.7594487119931728,21.712259,456.265625,recovered,True,,/project/yunhengzou/coordinate_alignment/aam_benchmarks/golden_policy_full_20260907/877/cuts/aam.pkl.gz,/project/yunhengzou/coordinate_alignment/aam_benchmarks/golden_policy_full_20260907/877/evaluation.json
878,True,R_to_P,complete,recovered,True,False,True,17.69011498009786,1.4506877260282636,14.968008,411.2890625,recovered,False,,/project/yunhengzou/coordinate_alignment/aam_benchmarks/golden_policy_full_20260907/878/cuts/aam.pkl.gz,/project/yunhengzou/coordinate_alignment/aam_benchmarks/golden_policy_full_20260907/878/evaluation.json
879,True,R_to_P,complete,recovered,True,False,True,8.518253425136209,0.7337893517687917,7.7988170000000006,221.38671875,recovered,True,,/project/yunhengzou/coordinate_alignment/aam_benchmarks/golden_policy_full_20260907/879/cuts/aam.pkl.gz,/project/yunhengzou/coordinate_alignment/aam_benchmarks/golden_policy_full_20260907/879/evaluation.json
880,True,R_to_P,complete,recovered,True,False,True,6.600990762002766,0.35443089343607426,4.919625,170.61328125,recovered,True,,/project/yunhengzou/coordinate_alignment/aam_benchmarks/golden_policy_full_20260907/880/cuts/aam.pkl.gz,/project/yunhengzou/coordinate_alignment/aam_benchmarks/golden_policy_full_20260907/880/evaluation.json
881,True,R_to_P,complete,recovered,True,False,True,14.256125185638666,0.9816596480086446,12.769497,339.09765625,recovered,True,,/project/yunhengzou/coordinate_alignment/aam_benchmarks/golden_policy_full_20260907/881/cuts/aam.pkl.gz,/project/yunhengzou/coordinate_alignment/aam_benchmarks/golden_policy_full_20260907/881/evaluation.json
882,True,R_to_P,complete,recovered,True,False,True,97.1470196088776,7.7017265520989895,86.64351599999999,1724.2109375,recovered,True,,/project/yunhengzou/coordinate_alignment/aam_benchmarks/golden_policy_full_20260907/882/cuts/aam.pkl.gz,/project/yunhengzou/coordinate_alignment/aam_benchmarks/golden_policy_full_20260907/882/evaluation.json
883,True,R_to_P,complete,recovered,True,False,True,49.70383900892921,4.620680334046483,41.773563,890.79296875,recovered,True,,/project/yunhengzou/coordinate_alignment/aam_benchmarks/golden_policy_full_20260907/883/cuts/aam.pkl.gz,/project/yunhengzou/coordinate_alignment/aam_benchmarks/golden_policy_full_20260907/883/evaluation.json
884,True,R_to_P,complete,recovered,True,False,False,5.064962021075189,0.12481485516764224,3.5381810000000002,131.0078125,recovered,True,,/project/yunhengzou/coordinate_alignment/aam_benchmarks/golden_policy_full_20260907/884/cuts/aam.pkl.gz,/project/yunhengzou/coordinate_alignment/aam_benchmarks/golden_policy_full_20260907/884/evaluation.json
885,True,R_to_P,complete,recovered,True,False,True,10.171223262092099,0.7898287139832973,6.8061929999999995,196.9453125,recovered,True,,/project/yunhengzou/coordinate_alignment/aam_benchmarks/golden_policy_full_20260907/885/cuts/aam.pkl.gz,/project/yunhengzou/coordinate_alignment/aam_benchmarks/golden_policy_full_20260907/885/evaluation.json
886,True,R_to_P,complete,recovered,True,False,True,35.960985905025154,3.2013469259254634,25.580732,539.33984375,recovered,True,,/project/yunhengzou/coordinate_alignment/aam_benchmarks/golden_policy_full_20260907/886/cuts/aam.pkl.gz,/project/yunhengzou/coordinate_alignment/aam_benchmarks/golden_policy_full_20260907/886/evaluation.json
887,True,P_to_R,complete,recovered,False,False,True,241.91549133509398,18.841417382005602,231.89477300000001,4186.50390625,recovered,False,,/project/yunhengzou/coordinate_alignment/aam_benchmarks/golden_policy_full_20260907/887/cuts/aam.pkl.gz,/project/yunhengzou/coordinate_alignment/aam_benchmarks/golden_policy_full_20260907/887/evaluation.json
888,True,R_to_P,complete,recovered,True,False,True,26.922792367171496,2.0294919502921402,19.842424,458.3125,recovered,True,,/project/yunhengzou/coordinate_alignment/aam_benchmarks/golden_policy_full_20260907/888/cuts/aam.pkl.gz,/project/yunhengzou/coordinate_alignment/aam_benchmarks/golden_policy_full_20260907/888/evaluation.json
889,True,R_to_P,complete,recovered,False,False,True,21.289082190021873,1.808990300167352,13.910893999999999,314.78515625,recovered,False,,/project/yunhengzou/coordinate_alignment/aam_benchmarks/golden_policy_full_20260907/889/cuts/aam.pkl.gz,/project/yunhengzou/coordinate_alignment/aam_benchmarks/golden_policy_full_20260907/889/evaluation.json
890,True,R_to_P,complete,recovered,True,False,True,19.38748295418918,0.9917940413579345,13.282751000000001,299.19921875,recovered,True,,/project/yunhengzou/coordinate_alignment/aam_benchmarks/golden_policy_full_20260907/890/cuts/aam.pkl.gz,/project/yunhengzou/coordinate_alignment/aam_benchmarks/golden_policy_full_20260907/890/evaluation.json
891,True,P_to_R,complete,recovered,True,False,True,36.568721905350685,4.2791666286066175,28.361887,652.34375,recovered,True,,/project/yunhengzou/coordinate_alignment/aam_benchmarks/golden_policy_full_20260907/891/cuts/aam.pkl.gz,/project/yunhengzou/coordinate_alignment/aam_benchmarks/golden_policy_full_20260907/891/evaluation.json
892,True,R_to_P,complete,recovered,True,False,False,4.285851527936757,0.1055205063894391,3.106417,136.40234375,recovered,True,,/project/yunhengzou/coordinate_alignment/aam_benchmarks/golden_policy_full_20260907/892/cuts/aam.pkl.gz,/project/yunhengzou/coordinate_alignment/aam_benchmarks/golden_policy_full_20260907/892/evaluation.json
893,True,P_to_R,complete,recovered,True,False,True,34.01516486797482,3.5583986500278115,27.143131,631.73046875,recovered,True,,/project/yunhengzou/coordinate_alignment/aam_benchmarks/golden_policy_full_20260907/893/cuts/aam.pkl.gz,/project/yunhengzou/coordinate_alignment/aam_benchmarks/golden_policy_full_20260907/893/evaluation.json
894,True,R_to_P,complete,recovered,True,False,True,8.8910404574126,0.5079111289232969,5.323999000000001,181.5859375,recovered,True,,/project/yunhengzou/coordinate_alignment/aam_benchmarks/golden_policy_full_20260907/894/cuts/aam.pkl.gz,/project/yunhengzou/coordinate_alignment/aam_benchmarks/golden_policy_full_20260907/894/evaluation.json
895,True,R_to_P,complete,recovered,True,False,False,5.199859040789306,0.1903636334463954,3.094842,135.39453125,recovered,True,,/project/yunhengzou/coordinate_alignment/aam_benchmarks/golden_policy_full_20260907/895/cuts/aam.pkl.gz,/project/yunhengzou/coordinate_alignment/aam_benchmarks/golden_policy_full_20260907/895/evaluation.json
896,True,R_to_P,complete,recovered,True,False,True,21.125487569719553,1.8438491513952613,16.881155,412.65234375,recovered,True,,/project/yunhengzou/coordinate_alignment/aam_benchmarks/golden_policy_full_20260907/896/cuts/aam.pkl.gz,/project/yunhengzou/coordinate_alignment/aam_benchmarks/golden_policy_full_20260907/896/evaluation.json
897,True,R_to_P,complete,recovered,True,False,False,0.39598082564771175,0.03810039348900318,1.7930350000000002,121.19140625,recovered,True,,/project/yunhengzou/coordinate_alignment/aam_benchmarks/golden_policy_full_20260907/897/cuts/aam.pkl.gz,/project/yunhengzou/coordinate_alignment/aam_benchmarks/golden_policy_full_20260907/897/evaluation.json
898,True,R_to_P,complete,recovered,True,False,True,15.56867188308388,1.2702319007366896,12.790309,357.203125,recovered,True,,/project/yunhengzou/coordinate_alignment/aam_benchmarks/golden_policy_full_20260907/898/cuts/aam.pkl.gz,/project/yunhengzou/coordinate_alignment/aam_benchmarks/golden_policy_full_20260907/898/evaluation.json
899,True,R_to_P,complete,recovered,True,False,True,14.34249128587544,1.0326750911772251,9.993306,247.1875,recovered,True,,/project/yunhengzou/coordinate_alignment/aam_benchmarks/golden_policy_full_20260907/899/cuts/aam.pkl.gz,/project/yunhengzou/coordinate_alignment/aam_benchmarks/golden_policy_full_20260907/899/evaluation.json
900,True,R_to_P,complete,recovered,True,False,False,2.416976227425039,0.039364841766655445,2.056504,120.6640625,recovered,False,,/project/yunhengzou/coordinate_alignment/aam_benchmarks/golden_policy_full_20260907/900/cuts/aam.pkl.gz,/project/yunhengzou/coordinate_alignment/aam_benchmarks/golden_policy_full_20260907/900/evaluation.json
901,True,R_to_P,complete,recovered,True,False,True,11.88810877688229,0.6483209086582065,8.009105,245.37890625,recovered,True,,/project/yunhengzou/coordinate_alignment/aam_benchmarks/golden_policy_full_20260907/901/cuts/aam.pkl.gz,/project/yunhengzou/coordinate_alignment/aam_benchmarks/golden_policy_full_20260907/901/evaluation.json
902,True,R_to_P,complete,recovered,True,False,True,10.62793116364628,0.5391345275565982,6.510586,174.6953125,recovered,True,,/project/yunhengzou/coordinate_alignment/aam_benchmarks/golden_policy_full_20260907/902/cuts/aam.pkl.gz,/project/yunhengzou/coordinate_alignment/aam_benchmarks/golden_policy_full_20260907/902/evaluation.json
903,True,R_to_P,complete,recovered,True,False,True,13.978356752544641,1.0124434307217598,10.661988000000001,276.390625,recovered,True,,/project/yunhengzou/coordinate_alignment/aam_benchmarks/golden_policy_full_20260907/903/cuts/aam.pkl.gz,/project/yunhengzou/coordinate_alignment/aam_benchmarks/golden_policy_full_20260907/903/evaluation.json
904,True,R_to_P,complete,recovered,True,False,True,18.341509368270636,1.3956041540950537,13.771389,337.15234375,recovered,True,,/project/yunhengzou/coordinate_alignment/aam_benchmarks/golden_policy_full_20260907/904/cuts/aam.pkl.gz,/project/yunhengzou/coordinate_alignment/aam_benchmarks/golden_policy_full_20260907/904/evaluation.json
905,True,P_to_R,complete,recovered,True,False,True,65.26663216669112,8.421256609261036,58.365497000000005,1138.3046875,unknown,False,,/project/yunhengzou/coordinate_alignment/aam_benchmarks/golden_policy_full_20260907/905/cuts/aam.pkl.gz,/project/yunhengzou/coordinate_alignment/aam_benchmarks/golden_policy_full_20260907/905/evaluation.json
906,True,R_to_P,complete,recovered,True,False,False,2.5844722259789705,0.03394424915313721,2.000153,120.54296875,recovered,True,,/project/yunhengzou/coordinate_alignment/aam_benchmarks/golden_policy_full_20260907/906/cuts/aam.pkl.gz,/project/yunhengzou/coordinate_alignment/aam_benchmarks/golden_policy_full_20260907/906/evaluation.json
907,True,R_to_P,complete,recovered,False,False,True,3.864887362346053,0.15920823253691196,3.211792,141.05078125,recovered,False,,/project/yunhengzou/coordinate_alignment/aam_benchmarks/golden_policy_full_20260907/907/cuts/aam.pkl.gz,/project/yunhengzou/coordinate_alignment/aam_benchmarks/golden_policy_full_20260907/907/evaluation.json
908,True,P_to_R,complete,recovered,True,False,True,11.273839232511818,0.937515776604414,7.05006,224.4921875,recovered,True,,/project/yunhengzou/coordinate_alignment/aam_benchmarks/golden_policy_full_20260907/908/cuts/aam.pkl.gz,/project/yunhengzou/coordinate_alignment/aam_benchmarks/golden_policy_full_20260907/908/evaluation.json
909,True,R_to_P,complete,recovered,True,False,True,102.09514491818845,9.383031118661165,94.43233099999999,1862.5078125,recovered,True,,/project/yunhengzou/coordinate_alignment/aam_benchmarks/golden_policy_full_20260907/909/cuts/aam.pkl.gz,/project/yunhengzou/coordinate_alignment/aam_benchmarks/golden_policy_full_20260907/909/evaluation.json
910,True,R_to_P,complete,recovered,True,False,True,19.120801341021433,1.6295544570311904,19.438615000000002,509.31640625,recovered,True,,/project/yunhengzou/coordinate_alignment/aam_benchmarks/golden_policy_full_20260907/910/cuts/aam.pkl.gz,/project/yunhengzou/coordinate_alignment/aam_benchmarks/golden_policy_full_20260907/910/evaluation.json
911,True,R_to_P,complete,recovered,True,False,False,0.45672128489241004,0.04909456102177501,1.433005,125.9765625,recovered,True,,/project/yunhengzou/coordinate_alignment/aam_benchmarks/golden_policy_full_20260907/911/cuts/aam.pkl.gz,/project/yunhengzou/coordinate_alignment/aam_benchmarks/golden_policy_full_20260907/911/evaluation.json
912,True,R_to_P,complete,recovered,False,False,True,73.83813600288704,7.498020742088556,72.78732,1499.4765625,recovered,False,,/project/yunhengzou/coordinate_alignment/aam_benchmarks/golden_policy_full_20260907/912/cuts/aam.pkl.gz,/project/yunhengzou/coordinate_alignment/aam_benchmarks/golden_policy_full_20260907/912/evaluation.json
913,True,R_to_P,complete,recovered,True,False,True,59.44202494388446,6.426911083981395,58.190445999999994,1270.39453125,recovered,True,,/project/yunhengzou/coordinate_alignment/aam_benchmarks/golden_policy_full_20260907/913/cuts/aam.pkl.gz,/project/yunhengzou/coordinate_alignment/aam_benchmarks/golden_policy_full_20260907/913/evaluation.json
914,True,R_to_P,complete,recovered,False,False,False,1.8691146501805633,0.1351074210833758,2.7005850000000002,133.23046875,recovered,False,,/project/yunhengzou/coordinate_alignment/aam_benchmarks/golden_policy_full_20260907/914/cuts/aam.pkl.gz,/project/yunhengzou/coordinate_alignment/aam_benchmarks/golden_policy_full_20260907/914/evaluation.json
915,True,R_to_P,complete,recovered,False,False,True,28.695474804844707,3.0466488657984883,28.872437,674.8984375,recovered,True,,/project/yunhengzou/coordinate_alignment/aam_benchmarks/golden_policy_full_20260907/915/cuts/aam.pkl.gz,/project/yunhengzou/coordinate_alignment/aam_benchmarks/golden_policy_full_20260907/915/evaluation.json
916,True,R_to_P,complete,recovered,True,False,True,1.1728771249763668,0.11727333790622652,2.061372,133.52734375,recovered,True,,/project/yunhengzou/coordinate_alignment/aam_benchmarks/golden_policy_full_20260907/916/cuts/aam.pkl.gz,/project/yunhengzou/coordinate_alignment/aam_benchmarks/golden_policy_full_20260907/916/evaluation.json
917,True,R_to_P,complete,recovered,True,False,True,12.150421953992918,1.6379368060734123,12.741686000000001,342.5546875,recovered,True,,/project/yunhengzou/coordinate_alignment/aam_benchmarks/golden_policy_full_20260907/917/cuts/aam.pkl.gz,/project/yunhengzou/coordinate_alignment/aam_benchmarks/golden_policy_full_20260907/917/evaluation.json
918,True,R_to_P,complete,recovered,False,False,True,13.980783539125696,1.5536864099558443,14.329647999999999,364.2421875,recovered,False,,/project/yunhengzou/coordinate_alignment/aam_benchmarks/golden_policy_full_20260907/918/cuts/aam.pkl.gz,/project/yunhengzou/coordinate_alignment/aam_benchmarks/golden_policy_full_20260907/918/evaluation.json
919,True,R_to_P,complete,recovered,True,False,False,0.32279973989352584,0.02777443383820355,1.290602,120.9921875,recovered,True,,/project/yunhengzou/coordinate_alignment/aam_benchmarks/golden_policy_full_20260907/919/cuts/aam.pkl.gz,/project/yunhengzou/coordinate_alignment/aam_benchmarks/golden_policy_full_20260907/919/evaluation.json
920,True,R_to_P,complete,recovered,True,False,False,1.174012382980436,0.10495490510948002,1.97418,132.31640625,recovered,True,,/project/yunhengzou/coordinate_alignment/aam_benchmarks/golden_policy_full_20260907/920/cuts/aam.pkl.gz,/project/yunhengzou/coordinate_alignment/aam_benchmarks/golden_policy_full_20260907/920/evaluation.json
921,True,R_to_P,complete,recovered,True,False,True,9.761486876057461,0.850058238953352,10.253508,278.3984375,recovered,True,,/project/yunhengzou/coordinate_alignment/aam_benchmarks/golden_policy_full_20260907/921/cuts/aam.pkl.gz,/project/yunhengzou/coordinate_alignment/aam_benchmarks/golden_policy_full_20260907/921/evaluation.json
922,True,R_to_P,complete,recovered,True,False,True,142.10900776693597,17.044862502021715,140.025172,2692.03125,recovered,True,,/project/yunhengzou/coordinate_alignment/aam_benchmarks/golden_policy_full_20260907/922/cuts/aam.pkl.gz,/project/yunhengzou/coordinate_alignment/aam_benchmarks/golden_policy_full_20260907/922/evaluation.json
923,True,R_to_P,complete,recovered,True,False,False,0.6111124611925334,0.03974137199111283,1.498008,127.41015625,recovered,True,,/project/yunhengzou/coordinate_alignment/aam_benchmarks/golden_policy_full_20260907/923/cuts/aam.pkl.gz,/project/yunhengzou/coordinate_alignment/aam_benchmarks/golden_policy_full_20260907/923/evaluation.json
924,True,R_to_P,complete,recovered,True,False,True,89.90063843131065,7.682617140002549,85.125245,1730.1171875,recovered,True,,/project/yunhengzou/coordinate_alignment/aam_benchmarks/golden_policy_full_20260907/924/cuts/aam.pkl.gz,/project/yunhengzou/coordinate_alignment/aam_benchmarks/golden_policy_full_20260907/924/evaluation.json
925,True,R_to_P,complete,recovered,True,False,True,16.77052088547498,1.2409805208444595,14.54577,377.9921875,recovered,True,,/project/yunhengzou/coordinate_alignment/aam_benchmarks/golden_policy_full_20260907/925/cuts/aam.pkl.gz,/project/yunhengzou/coordinate_alignment/aam_benchmarks/golden_policy_full_20260907/925/evaluation.json
926,True,R_to_P,complete,recovered,True,False,False,4.6576127698645,0.1568320095539093,3.9008160000000003,133.6796875,recovered,True,,/project/yunhengzou/coordinate_alignment/aam_benchmarks/golden_policy_full_20260907/926/cuts/aam.pkl.gz,/project/yunhengzou/coordinate_alignment/aam_benchmarks/golden_policy_full_20260907/926/evaluation.json
927,True,R_to_P,complete,recovered,True,False,True,6.273922339081764,0.6579494662582874,6.217765,203.453125,recovered,True,,/project/yunhengzou/coordinate_alignment/aam_benchmarks/golden_policy_full_20260907/927/cuts/aam.pkl.gz,/project/yunhengzou/coordinate_alignment/aam_benchmarks/golden_policy_full_20260907/927/evaluation.json
928,True,R_to_P,complete,recovered,True,False,False,2.2450746558606625,0.12187459133565426,2.830016,132.51171875,recovered,True,,/project/yunhengzou/coordinate_alignment/aam_benchmarks/golden_policy_full_20260907/928/cuts/aam.pkl.gz,/project/yunhengzou/coordinate_alignment/aam_benchmarks/golden_policy_full_20260907/928/evaluation.json
929,True,R_to_P,complete,recovered,False,False,True,202.84360547270626,20.936270995996892,193.962472,3555.4609375,not_recovered,False,gained,/project/yunhengzou/coordinate_alignment/aam_benchmarks/golden_policy_full_20260907/929/cuts/aam.pkl.gz,/project/yunhengzou/coordinate_alignment/aam_benchmarks/golden_policy_full_20260907/929/evaluation.json
930,True,R_to_P,complete,recovered,False,False,False,1.8088090540841222,0.13220939598977566,2.545446,124.6875,recovered,False,,/project/yunhengzou/coordinate_alignment/aam_benchmarks/golden_policy_full_20260907/930/cuts/aam.pkl.gz,/project/yunhengzou/coordinate_alignment/aam_benchmarks/golden_policy_full_20260907/930/evaluation.json
931,True,R_to_P,complete,recovered,True,False,True,67.3151734136045,7.131521258503199,62.455028000000006,1347.9921875,recovered,True,,/project/yunhengzou/coordinate_alignment/aam_benchmarks/golden_policy_full_20260907/931/cuts/aam.pkl.gz,/project/yunhengzou/coordinate_alignment/aam_benchmarks/golden_policy_full_20260907/931/evaluation.json
932,True,R_to_P,complete,recovered,True,False,False,4.355091878212988,0.14159563649445772,3.737745,141.5390625,recovered,True,,/project/yunhengzou/coordinate_alignment/aam_benchmarks/golden_policy_full_20260907/932/cuts/aam.pkl.gz,/project/yunhengzou/coordinate_alignment/aam_benchmarks/golden_policy_full_20260907/932/evaluation.json
933,True,R_to_P,complete,recovered,True,False,True,11.536078074947,0.826416346244514,9.03486,244.09765625,recovered,True,,/project/yunhengzou/coordinate_alignment/aam_benchmarks/golden_policy_full_20260907/933/cuts/aam.pkl.gz,/project/yunhengzou/coordinate_alignment/aam_benchmarks/golden_policy_full_20260907/933/evaluation.json
934,True,R_to_P,complete,recovered,True,False,False,13.351559298112988,0.8760688845068216,10.262193000000002,247.21484375,recovered,True,,/project/yunhengzou/coordinate_alignment/aam_benchmarks/golden_policy_full_20260907/934/cuts/aam.pkl.gz,/project/yunhengzou/coordinate_alignment/aam_benchmarks/golden_policy_full_20260907/934/evaluation.json
935,True,R_to_P,complete,recovered,False,False,False,5.757858826778829,0.30638748966157436,4.871201,157.390625,recovered,True,,/project/yunhengzou/coordinate_alignment/aam_benchmarks/golden_policy_full_20260907/935/cuts/aam.pkl.gz,/project/yunhengzou/coordinate_alignment/aam_benchmarks/golden_policy_full_20260907/935/evaluation.json
936,True,R_to_P,complete,recovered,True,False,False,7.0508463298901916,0.3405724409967661,5.785619,172.6328125,recovered,True,,/project/yunhengzou/coordinate_alignment/aam_benchmarks/golden_policy_full_20260907/936/cuts/aam.pkl.gz,/project/yunhengzou/coordinate_alignment/aam_benchmarks/golden_policy_full_20260907/936/evaluation.json
937,True,P_to_R,complete,recovered,True,False,False,0.47175760474056005,0.07681121863424778,1.9754209999999999,119.28515625,recovered,True,,/project/yunhengzou/coordinate_alignment/aam_benchmarks/golden_policy_full_20260907/937/cuts/aam.pkl.gz,/project/yunhengzou/coordinate_alignment/aam_benchmarks/golden_policy_full_20260907/937/evaluation.json
938,True,R_to_P,complete,recovered,True,False,True,8.424807249568403,0.6624531308189034,7.27018,215.41796875,recovered,True,,/project/yunhengzou/coordinate_alignment/aam_benchmarks/golden_policy_full_20260907/938/cuts/aam.pkl.gz,/project/yunhengzou/coordinate_alignment/aam_benchmarks/golden_policy_full_20260907/938/evaluation.json
939,True,R_to_P,complete,recovered,True,False,False,2.6800252068787813,0.2549759494140744,2.766471,131.42578125,recovered,True,,/project/yunhengzou/coordinate_alignment/aam_benchmarks/golden_policy_full_20260907/939/cuts/aam.pkl.gz,/project/yunhengzou/coordinate_alignment/aam_benchmarks/golden_policy_full_20260907/939/evaluation.json
940,True,R_to_P,complete,recovered,True,False,False,1.64534452278167,0.19797637406736612,2.1449510000000003,124.68359375,recovered,True,,/project/yunhengzou/coordinate_alignment/aam_benchmarks/golden_policy_full_20260907/940/cuts/aam.pkl.gz,/project/yunhengzou/coordinate_alignment/aam_benchmarks/golden_policy_full_20260907/940/evaluation.json
941,True,R_to_P,complete,recovered,True,False,False,0.8288779025897384,0.18132790364325047,1.836742,119.25390625,recovered,True,,/project/yunhengzou/coordinate_alignment/aam_benchmarks/golden_policy_full_20260907/941/cuts/aam.pkl.gz,/project/yunhengzou/coordinate_alignment/aam_benchmarks/golden_policy_full_20260907/941/evaluation.json
942,True,R_to_P,complete,recovered,True,False,False,5.926603510975838,0.6016936404630542,5.116364,172.9375,recovered,True,,/project/yunhengzou/coordinate_alignment/aam_benchmarks/golden_policy_full_20260907/942/cuts/aam.pkl.gz,/project/yunhengzou/coordinate_alignment/aam_benchmarks/golden_policy_full_20260907/942/evaluation.json
943,True,R_to_P,complete,recovered,True,False,False,5.96119533944875,0.2688847193494439,4.59738,158.71484375,recovered,True,,/project/yunhengzou/coordinate_alignment/aam_benchmarks/golden_policy_full_20260907/943/cuts/aam.pkl.gz,/project/yunhengzou/coordinate_alignment/aam_benchmarks/golden_policy_full_20260907/943/evaluation.json
944,True,R_to_P,complete,recovered,True,False,False,4.43050957378,0.1645458284765482,3.281604,133.109375,recovered,True,,/project/yunhengzou/coordinate_alignment/aam_benchmarks/golden_policy_full_20260907/944/cuts/aam.pkl.gz,/project/yunhengzou/coordinate_alignment/aam_benchmarks/golden_policy_full_20260907/944/evaluation.json
945,True,R_to_P,complete,recovered,True,False,False,1.5103612961247563,0.14257775712758303,2.101527,124.3046875,recovered,True,,/project/yunhengzou/coordinate_alignment/aam_benchmarks/golden_policy_full_20260907/945/cuts/aam.pkl.gz,/project/yunhengzou/coordinate_alignment/aam_benchmarks/golden_policy_full_20260907/945/evaluation.json
946,True,R_to_P,complete,recovered,True,False,True,5.062857578508556,0.3065637247636914,4.217979,158.95703125,recovered,True,,/project/yunhengzou/coordinate_alignment/aam_benchmarks/golden_policy_full_20260907/946/cuts/aam.pkl.gz,/project/yunhengzou/coordinate_alignment/aam_benchmarks/golden_policy_full_20260907/946/evaluation.json
947,True,R_to_P,complete,recovered,True,False,True,3.5089596956968307,0.24223254341632128,3.284446,138.98046875,recovered,True,,/project/yunhengzou/coordinate_alignment/aam_benchmarks/golden_policy_full_20260907/947/cuts/aam.pkl.gz,/project/yunhengzou/coordinate_alignment/aam_benchmarks/golden_policy_full_20260907/947/evaluation.json
948,True,R_to_P,complete,recovered,True,False,False,1.034610316157341,0.1668736431747675,1.910769,119.55078125,recovered,True,,/project/yunhengzou/coordinate_alignment/aam_benchmarks/golden_policy_full_20260907/948/cuts/aam.pkl.gz,/project/yunhengzou/coordinate_alignment/aam_benchmarks/golden_policy_full_20260907/948/evaluation.json
949,True,R_to_P,complete,recovered,True,False,False,1.33933284599334,0.09465727023780346,2.016823,120.95703125,recovered,True,,/project/yunhengzou/coordinate_alignment/aam_benchmarks/golden_policy_full_20260907/949/cuts/aam.pkl.gz,/project/yunhengzou/coordinate_alignment/aam_benchmarks/golden_policy_full_20260907/949/evaluation.json
950,True,P_to_R,complete,recovered,True,False,True,3.277538471855223,0.23662527091801167,3.132988,137.76171875,recovered,True,,/project/yunhengzou/coordinate_alignment/aam_benchmarks/golden_policy_full_20260907/950/cuts/aam.pkl.gz,/project/yunhengzou/coordinate_alignment/aam_benchmarks/golden_policy_full_20260907/950/evaluation.json
951,True,R_to_P,complete,recovered,True,False,True,8.1681171907112,0.8632877534255385,7.502618,238.265625,recovered,True,,/project/yunhengzou/coordinate_alignment/aam_benchmarks/golden_policy_full_20260907/951/cuts/aam.pkl.gz,/project/yunhengzou/coordinate_alignment/aam_benchmarks/golden_policy_full_20260907/951/evaluation.json
952,True,P_to_R,complete,recovered,True,False,True,13.394836142659187,1.843700016848743,10.245026,260.6640625,recovered,True,,/project/yunhengzou/coordinate_alignment/aam_benchmarks/golden_policy_full_20260907/952/cuts/aam.pkl.gz,/project/yunhengzou/coordinate_alignment/aam_benchmarks/golden_policy_full_20260907/952/evaluation.json
953,True,R_to_P,complete,recovered,True,False,False,0.9755845703184605,0.03393904399126768,2.315212,125.171875,recovered,True,,/project/yunhengzou/coordinate_alignment/aam_benchmarks/golden_policy_full_20260907/953/cuts/aam.pkl.gz,/project/yunhengzou/coordinate_alignment/aam_benchmarks/golden_policy_full_20260907/953/evaluation.json
954,True,P_to_R,complete,recovered,True,False,False,1.860753033310175,0.0695166252553463,2.650885,126.9765625,recovered,True,,/project/yunhengzou/coordinate_alignment/aam_benchmarks/golden_policy_full_20260907/954/cuts/aam.pkl.gz,/project/yunhengzou/coordinate_alignment/aam_benchmarks/golden_policy_full_20260907/954/evaluation.json
955,True,R_to_P,complete,recovered,True,False,True,7.478629739955068,0.5308529054746032,5.931232,208.5859375,recovered,True,,/project/yunhengzou/coordinate_alignment/aam_benchmarks/golden_policy_full_20260907/955/cuts/aam.pkl.gz,/project/yunhengzou/coordinate_alignment/aam_benchmarks/golden_policy_full_20260907/955/evaluation.json
956,True,R_to_P,complete,recovered,True,False,True,23.154667736962438,2.299925473984331,17.941594,432.98828125,recovered,True,,/project/yunhengzou/coordinate_alignment/aam_benchmarks/golden_policy_full_20260907/956/cuts/aam.pkl.gz,/project/yunhengzou/coordinate_alignment/aam_benchmarks/golden_policy_full_20260907/956/evaluation.json
957,True,R_to_P,complete,recovered,True,False,False,2.3333724099211395,0.02412183489650488,1.7366359999999998,119.62109375,recovered,True,,/project/yunhengzou/coordinate_alignment/aam_benchmarks/golden_policy_full_20260907/957/cuts/aam.pkl.gz,/project/yunhengzou/coordinate_alignment/aam_benchmarks/golden_policy_full_20260907/957/evaluation.json
958,True,R_to_P,complete,recovered,True,False,False,2.631928877905011,0.020864807069301605,1.623846,118.52734375,recovered,True,,/project/yunhengzou/coordinate_alignment/aam_benchmarks/golden_policy_full_20260907/958/cuts/aam.pkl.gz,/project/yunhengzou/coordinate_alignment/aam_benchmarks/golden_policy_full_20260907/958/evaluation.json
959,True,P_to_R,complete,recovered,True,False,False,0.8950794818811119,0.053353572031483054,1.941288,126.0546875,recovered,True,,/project/yunhengzou/coordinate_alignment/aam_benchmarks/golden_policy_full_20260907/959/cuts/aam.pkl.gz,/project/yunhengzou/coordinate_alignment/aam_benchmarks/golden_policy_full_20260907/959/evaluation.json
960,True,R_to_P,complete,recovered,True,False,False,1.7385879447683692,0.17145128501579165,2.651763,138.92578125,recovered,True,,/project/yunhengzou/coordinate_alignment/aam_benchmarks/golden_policy_full_20260907/960/cuts/aam.pkl.gz,/project/yunhengzou/coordinate_alignment/aam_benchmarks/golden_policy_full_20260907/960/evaluation.json
961,True,R_to_P,complete,recovered,True,False,False,1.5243158303201199,0.1044084313325584,2.3400049999999997,132.0390625,recovered,True,,/project/yunhengzou/coordinate_alignment/aam_benchmarks/golden_policy_full_20260907/961/cuts/aam.pkl.gz,/project/yunhengzou/coordinate_alignment/aam_benchmarks/golden_policy_full_20260907/961/evaluation.json
962,True,R_to_P,complete,recovered,False,False,False,0.69007393787615,0.049506139010190964,1.554865,126.47265625,recovered,False,,/project/yunhengzou/coordinate_alignment/aam_benchmarks/golden_policy_full_20260907/962/cuts/aam.pkl.gz,/project/yunhengzou/coordinate_alignment/aam_benchmarks/golden_policy_full_20260907/962/evaluation.json
963,True,R_to_P,complete,recovered,True,False,True,5.68491976801306,0.7208520031999797,6.5248539999999995,215.484375,recovered,True,,/project/yunhengzou/coordinate_alignment/aam_benchmarks/golden_policy_full_20260907/963/cuts/aam.pkl.gz,/project/yunhengzou/coordinate_alignment/aam_benchmarks/golden_policy_full_20260907/963/evaluation.json
964,True,R_to_P,complete,not_recovered,False,False,True,33.59242838388309,6.949453966924921,33.799448000000005,776.16796875,not_recovered,False,,/project/yunhengzou/coordinate_alignment/aam_benchmarks/golden_policy_full_20260907/964/cuts/aam.pkl.gz,/project/yunhengzou/coordinate_alignment/aam_benchmarks/golden_policy_full_20260907/964/evaluation.json
965,True,R_to_P,complete,recovered,True,False,False,0.858277372084558,0.06493883789516985,1.819081,126.73828125,recovered,True,,/project/yunhengzou/coordinate_alignment/aam_benchmarks/golden_policy_full_20260907/965/cuts/aam.pkl.gz,/project/yunhengzou/coordinate_alignment/aam_benchmarks/golden_policy_full_20260907/965/evaluation.json
966,True,R_to_P,complete,recovered,True,False,False,0.8748573521152139,0.056927105877548456,1.871346,127.99609375,recovered,True,,/project/yunhengzou/coordinate_alignment/aam_benchmarks/golden_policy_full_20260907/966/cuts/aam.pkl.gz,/project/yunhengzou/coordinate_alignment/aam_benchmarks/golden_policy_full_20260907/966/evaluation.json
967,True,R_to_P,complete,recovered,True,False,False,1.2945858428720385,0.09603791916742921,2.112679,132.9140625,recovered,True,,/project/yunhengzou/coordinate_alignment/aam_benchmarks/golden_policy_full_20260907/967/cuts/aam.pkl.gz,/project/yunhengzou/coordinate_alignment/aam_benchmarks/golden_policy_full_20260907/967/evaluation.json
968,True,R_to_P,complete,recovered,True,False,True,183.4668987269979,18.60511616501026,177.63266099999998,3284.1015625,recovered,True,,/project/yunhengzou/coordinate_alignment/aam_benchmarks/golden_policy_full_20260907/968/cuts/aam.pkl.gz,/project/yunhengzou/coordinate_alignment/aam_benchmarks/golden_policy_full_20260907/968/evaluation.json
969,True,R_to_P,complete,recovered,True,False,False,0.5947629590518773,0.029878997011110187,1.7527089999999999,124.6171875,recovered,True,,/project/yunhengzou/coordinate_alignment/aam_benchmarks/golden_policy_full_20260907/969/cuts/aam.pkl.gz,/project/yunhengzou/coordinate_alignment/aam_benchmarks/golden_policy_full_20260907/969/evaluation.json
970,True,R_to_P,complete,recovered,True,False,True,10.483760206028819,0.9652098910883069,9.094142,246.1640625,recovered,True,,/project/yunhengzou/coordinate_alignment/aam_benchmarks/golden_policy_full_20260907/970/cuts/aam.pkl.gz,/project/yunhengzou/coordinate_alignment/aam_benchmarks/golden_policy_full_20260907/970/evaluation.json
971,True,P_to_R,complete,recovered,True,False,True,6.126556871924549,0.40466478909365833,5.609291,200.69921875,recovered,True,,/project/yunhengzou/coordinate_alignment/aam_benchmarks/golden_policy_full_20260907/971/cuts/aam.pkl.gz,/project/yunhengzou/coordinate_alignment/aam_benchmarks/golden_policy_full_20260907/971/evaluation.json
972,True,R_to_P,complete,recovered,True,False,True,2.4475069316104054,0.1567889917641878,3.107884,155.4140625,recovered,True,,/project/yunhengzou/coordinate_alignment/aam_benchmarks/golden_policy_full_20260907/972/cuts/aam.pkl.gz,/project/yunhengzou/coordinate_alignment/aam_benchmarks/golden_policy_full_20260907/972/evaluation.json
973,True,R_to_P,complete,recovered,True,False,True,3.392962215002626,0.24178017396479845,3.548181,159.6796875,recovered,True,,/project/yunhengzou/coordinate_alignment/aam_benchmarks/golden_policy_full_20260907/973/cuts/aam.pkl.gz,/project/yunhengzou/coordinate_alignment/aam_benchmarks/golden_policy_full_20260907/973/evaluation.json
974,True,P_to_R,complete,recovered,True,False,True,1.192993389442563,0.10080939065665007,2.202807,129.50390625,recovered,True,,/project/yunhengzou/coordinate_alignment/aam_benchmarks/golden_policy_full_20260907/974/cuts/aam.pkl.gz,/project/yunhengzou/coordinate_alignment/aam_benchmarks/golden_policy_full_20260907/974/evaluation.json
975,True,P_to_R,complete,recovered,True,False,True,1.2864561574533582,0.13026176299899817,2.300947,130.5546875,recovered,True,,/project/yunhengzou/coordinate_alignment/aam_benchmarks/golden_policy_full_20260907/975/cuts/aam.pkl.gz,/project/yunhengzou/coordinate_alignment/aam_benchmarks/golden_policy_full_20260907/975/evaluation.json
976,True,R_to_P,complete,recovered,True,False,True,2.742026012390852,0.2644654465839267,3.738422,169.79296875,recovered,True,,/project/yunhengzou/coordinate_alignment/aam_benchmarks/golden_policy_full_20260907/976/cuts/aam.pkl.gz,/project/yunhengzou/coordinate_alignment/aam_benchmarks/golden_policy_full_20260907/976/evaluation.json
977,True,R_to_P,complete,recovered,True,False,False,0.5647809486836195,0.02905789203941822,1.672162,123.58984375,recovered,True,,/project/yunhengzou/coordinate_alignment/aam_benchmarks/golden_policy_full_20260907/977/cuts/aam.pkl.gz,/project/yunhengzou/coordinate_alignment/aam_benchmarks/golden_policy_full_20260907/977/evaluation.json
978,True,P_to_R,complete,recovered,True,False,False,0.49414827302098274,0.054319570772349834,1.734745,124.4765625,recovered,True,,/project/yunhengzou/coordinate_alignment/aam_benchmarks/golden_policy_full_20260907/978/cuts/aam.pkl.gz,/project/yunhengzou/coordinate_alignment/aam_benchmarks/golden_policy_full_20260907/978/evaluation.json
979,True,R_to_P,complete,recovered,True,False,False,0.25734995771199465,0.014702781103551388,1.481712,120.53125,recovered,True,,/project/yunhengzou/coordinate_alignment/aam_benchmarks/golden_policy_full_20260907/979/cuts/aam.pkl.gz,/project/yunhengzou/coordinate_alignment/aam_benchmarks/golden_policy_full_20260907/979/evaluation.json
980,True,R_to_P,complete,recovered,True,False,False,0.34192960895597935,0.027248840779066086,1.5750659999999999,121.3828125,recovered,True,,/project/yunhengzou/coordinate_alignment/aam_benchmarks/golden_policy_full_20260907/980/cuts/aam.pkl.gz,/project/yunhengzou/coordinate_alignment/aam_benchmarks/golden_policy_full_20260907/980/evaluation.json
981,True,R_to_P,complete,recovered,True,False,False,0.43083693366497755,0.03129011578857899,1.668349,124.2578125,recovered,True,,/project/yunhengzou/coordinate_alignment/aam_benchmarks/golden_policy_full_20260907/981/cuts/aam.pkl.gz,/project/yunhengzou/coordinate_alignment/aam_benchmarks/golden_policy_full_20260907/981/evaluation.json
982,True,R_to_P,complete,recovered,True,False,False,0.2673547873273492,0.010686788707971573,1.523424,119.4375,recovered,True,,/project/yunhengzou/coordinate_alignment/aam_benchmarks/golden_policy_full_20260907/982/cuts/aam.pkl.gz,/project/yunhengzou/coordinate_alignment/aam_benchmarks/golden_policy_full_20260907/982/evaluation.json
983,True,R_to_P,complete,recovered,True,False,False,0.6621582554653287,0.040516688488423824,1.810908,125.48828125,recovered,True,,/project/yunhengzou/coordinate_alignment/aam_benchmarks/golden_policy_full_20260907/983/cuts/aam.pkl.gz,/project/yunhengzou/coordinate_alignment/aam_benchmarks/golden_policy_full_20260907/983/evaluation.json
984,True,R_to_P,complete,recovered,True,False,True,1.3213765742257237,0.10932713653892279,2.3672139999999997,138.8671875,recovered,True,,/project/yunhengzou/coordinate_alignment/aam_benchmarks/golden_policy_full_20260907/984/cuts/aam.pkl.gz,/project/yunhengzou/coordinate_alignment/aam_benchmarks/golden_policy_full_20260907/984/evaluation.json
985,True,R_to_P,complete,recovered,True,False,False,0.3771321149542928,0.017228995449841022,1.553764,119.78515625,recovered,True,,/project/yunhengzou/coordinate_alignment/aam_benchmarks/golden_policy_full_20260907/985/cuts/aam.pkl.gz,/project/yunhengzou/coordinate_alignment/aam_benchmarks/golden_policy_full_20260907/985/evaluation.json
986,True,R_to_P,complete,not_recovered,False,False,True,4.633484096266329,0.4915915234014392,4.436392,179.56640625,not_recovered,False,,/project/yunhengzou/coordinate_alignment/aam_benchmarks/golden_policy_full_20260907/986/cuts/aam.pkl.gz,/project/yunhengzou/coordinate_alignment/aam_benchmarks/golden_policy_full_20260907/986/evaluation.json
987,True,R_to_P,complete,recovered,True,False,True,3.221010373905301,0.24509101826697588,3.821612,166.42578125,recovered,True,,/project/yunhengzou/coordinate_alignment/aam_benchmarks/golden_policy_full_20260907/987/cuts/aam.pkl.gz,/project/yunhengzou/coordinate_alignment/aam_benchmarks/golden_policy_full_20260907/987/evaluation.json
988,True,P_to_R,complete,recovered,True,False,True,1.4878164660185575,0.15975507628172636,2.372193,137.5703125,recovered,True,,/project/yunhengzou/coordinate_alignment/aam_benchmarks/golden_policy_full_20260907/988/cuts/aam.pkl.gz,/project/yunhengzou/coordinate_alignment/aam_benchmarks/golden_policy_full_20260907/988/evaluation.json
989,True,R_to_P,complete,recovered,True,False,False,1.0131041519343853,0.09674124233424664,2.08417,133.78125,recovered,True,,/project/yunhengzou/coordinate_alignment/aam_benchmarks/golden_policy_full_20260907/989/cuts/aam.pkl.gz,/project/yunhengzou/coordinate_alignment/aam_benchmarks/golden_policy_full_20260907/989/evaluation.json
990,True,P_to_R,complete,recovered,True,False,True,4.333378234878182,0.28336143866181374,4.259519,173.921875,recovered,True,,/project/yunhengzou/coordinate_alignment/aam_benchmarks/golden_policy_full_20260907/990/cuts/aam.pkl.gz,/project/yunhengzou/coordinate_alignment/aam_benchmarks/golden_policy_full_20260907/990/evaluation.json
991,True,P_to_R,complete,recovered,True,False,True,1.7909582131542265,0.2637683760840446,2.674497,149.9140625,recovered,True,,/project/yunhengzou/coordinate_alignment/aam_benchmarks/golden_policy_full_20260907/991/cuts/aam.pkl.gz,/project/yunhengzou/coordinate_alignment/aam_benchmarks/golden_policy_full_20260907/991/evaluation.json
992,True,P_to_R,complete,recovered,False,False,False,1.7491326280869544,0.158990697003901,2.675214,136.7421875,recovered,False,,/project/yunhengzou/coordinate_alignment/aam_benchmarks/golden_policy_full_20260907/992/cuts/aam.pkl.gz,/project/yunhengzou/coordinate_alignment/aam_benchmarks/golden_policy_full_20260907/992/evaluation.json
993,True,R_to_P,complete,recovered,True,False,False,1.9787889472208917,0.16159291192889214,2.897833,143.0546875,recovered,True,,/project/yunhengzou/coordinate_alignment/aam_benchmarks/golden_policy_full_20260907/993/cuts/aam.pkl.gz,/project/yunhengzou/coordinate_alignment/aam_benchmarks/golden_policy_full_20260907/993/evaluation.json
994,True,P_to_R,complete,recovered,True,False,False,1.4755102470517159,0.143405816052109,2.389451,134.67578125,recovered,True,,/project/yunhengzou/coordinate_alignment/aam_benchmarks/golden_policy_full_20260907/994/cuts/aam.pkl.gz,/project/yunhengzou/coordinate_alignment/aam_benchmarks/golden_policy_full_20260907/994/evaluation.json
995,True,R_to_P,complete,recovered,True,False,False,6.979186341864988,0.8532890339847654,7.841006,242.3515625,recovered,True,,/project/yunhengzou/coordinate_alignment/aam_benchmarks/golden_policy_full_20260907/995/cuts/aam.pkl.gz,/project/yunhengzou/coordinate_alignment/aam_benchmarks/golden_policy_full_20260907/995/evaluation.json
996,True,R_to_P,complete,recovered,True,False,False,1.8098044751677662,0.14844243694096804,2.732809,140.16015625,recovered,True,,/project/yunhengzou/coordinate_alignment/aam_benchmarks/golden_policy_full_20260907/996/cuts/aam.pkl.gz,/project/yunhengzou/coordinate_alignment/aam_benchmarks/golden_policy_full_20260907/996/evaluation.json
997,True,R_to_P,complete,recovered,True,False,False,2.8401746740564704,0.23201464605517685,3.653953,154.05078125,recovered,True,,/project/yunhengzou/coordinate_alignment/aam_benchmarks/golden_policy_full_20260907/997/cuts/aam.pkl.gz,/project/yunhengzou/coordinate_alignment/aam_benchmarks/golden_policy_full_20260907/997/evaluation.json
998,True,R_to_P,complete,recovered,True,False,False,1.2749034462030977,0.15769245312549174,2.146942,136.47265625,recovered,True,,/project/yunhengzou/coordinate_alignment/aam_benchmarks/golden_policy_full_20260907/998/cuts/aam.pkl.gz,/project/yunhengzou/coordinate_alignment/aam_benchmarks/golden_policy_full_20260907/998/evaluation.json
999,True,R_to_P,complete,recovered,True,False,False,0.8764347983524203,0.05920039117336273,1.9742849999999998,129.84375,recovered,True,,/project/yunhengzou/coordinate_alignment/aam_benchmarks/golden_policy_full_20260907/999/cuts/aam.pkl.gz,/project/yunhengzou/coordinate_alignment/aam_benchmarks/golden_policy_full_20260907/999/evaluation.json
1000,True,P_to_R,complete,recovered,True,False,False,0.9069916168227792,0.13270051591098309,2.053496,132.05859375,recovered,True,,/project/yunhengzou/coordinate_alignment/aam_benchmarks/golden_policy_full_20260907/1000/cuts/aam.pkl.gz,/project/yunhengzou/coordinate_alignment/aam_benchmarks/golden_policy_full_20260907/1000/evaluation.json
1001,True,R_to_P,complete,recovered,True,False,False,0.0662522790953517,0.003371788188815117,1.115056,117.296875,recovered,True,,/project/yunhengzou/coordinate_alignment/aam_benchmarks/golden_policy_full_20260907/1001/cuts/aam.pkl.gz,/project/yunhengzou/coordinate_alignment/aam_benchmarks/golden_policy_full_20260907/1001/evaluation.json
1002,True,R_to_P,complete,recovered,True,False,False,0.4084310559555888,0.028915543109178543,1.42728,124.56640625,recovered,True,,/project/yunhengzou/coordinate_alignment/aam_benchmarks/golden_policy_full_20260907/1002/cuts/aam.pkl.gz,/project/yunhengzou/coordinate_alignment/aam_benchmarks/golden_policy_full_20260907/1002/evaluation.json
1003,True,R_to_P,complete,recovered,False,False,False,0.965911035425961,0.08882144279778004,1.923073,130.09765625,recovered,False,,/project/yunhengzou/coordinate_alignment/aam_benchmarks/golden_policy_full_20260907/1003/cuts/aam.pkl.gz,/project/yunhengzou/coordinate_alignment/aam_benchmarks/golden_policy_full_20260907/1003/evaluation.json
1004,True,P_to_R,complete,recovered,True,False,False,0.6705448850989342,0.04538256675004959,1.623553,126.01953125,recovered,True,,/project/yunhengzou/coordinate_alignment/aam_benchmarks/golden_policy_full_20260907/1004/cuts/aam.pkl.gz,/project/yunhengzou/coordinate_alignment/aam_benchmarks/golden_policy_full_20260907/1004/evaluation.json
1005,True,P_to_R,complete,recovered,True,False,False,0.21222114004194736,0.023948646150529385,1.222948,119.5390625,recovered,True,,/project/yunhengzou/coordinate_alignment/aam_benchmarks/golden_policy_full_20260907/1005/cuts/aam.pkl.gz,/project/yunhengzou/coordinate_alignment/aam_benchmarks/golden_policy_full_20260907/1005/evaluation.json
1006,True,R_to_P,complete,recovered,True,False,False,0.2208484138827771,0.015093693044036627,1.241025,119.11328125,recovered,True,,/project/yunhengzou/coordinate_alignment/aam_benchmarks/golden_policy_full_20260907/1006/cuts/aam.pkl.gz,/project/yunhengzou/coordinate_alignment/aam_benchmarks/golden_policy_full_20260907/1006/evaluation.json
1007,True,R_to_P,complete,recovered,True,False,False,0.8068641840945929,0.13357827602885664,1.782699,130.1328125,recovered,True,,/project/yunhengzou/coordinate_alignment/aam_benchmarks/golden_policy_full_20260907/1007/cuts/aam.pkl.gz,/project/yunhengzou/coordinate_alignment/aam_benchmarks/golden_policy_full_20260907/1007/evaluation.json
1008,True,R_to_P,complete,recovered,True,False,False,1.381449542939663,0.12013294198550284,2.275976,136.2578125,recovered,True,,/project/yunhengzou/coordinate_alignment/aam_benchmarks/golden_policy_full_20260907/1008/cuts/aam.pkl.gz,/project/yunhengzou/coordinate_alignment/aam_benchmarks/golden_policy_full_20260907/1008/evaluation.json
1009,True,R_to_P,complete,recovered,True,False,False,0.5019298030529171,0.07271509990096092,1.509229,125.28125,recovered,True,,/project/yunhengzou/coordinate_alignment/aam_benchmarks/golden_policy_full_20260907/1009/cuts/aam.pkl.gz,/project/yunhengzou/coordinate_alignment/aam_benchmarks/golden_policy_full_20260907/1009/evaluation.json
1010,True,R_to_P,complete,recovered,True,False,False,0.17080741887912154,0.0120693389326334,1.2052180000000001,119.0546875,recovered,True,,/project/yunhengzou/coordinate_alignment/aam_benchmarks/golden_policy_full_20260907/1010/cuts/aam.pkl.gz,/project/yunhengzou/coordinate_alignment/aam_benchmarks/golden_policy_full_20260907/1010/evaluation.json
1011,True,P_to_R,complete,recovered,True,False,False,0.7530265529640019,0.07577798399142921,1.7585350000000002,130.14453125,recovered,False,,/project/yunhengzou/coordinate_alignment/aam_benchmarks/golden_policy_full_20260907/1011/cuts/aam.pkl.gz,/project/yunhengzou/coordinate_alignment/aam_benchmarks/golden_policy_full_20260907/1011/evaluation.json
1012,True,R_to_P,complete,recovered,False,False,False,0.7929568521212786,0.08133770595304668,1.747239,130.58984375,recovered,False,,/project/yunhengzou/coordinate_alignment/aam_benchmarks/golden_policy_full_20260907/1012/cuts/aam.pkl.gz,/project/yunhengzou/coordinate_alignment/aam_benchmarks/golden_policy_full_20260907/1012/evaluation.json
1013,True,R_to_P,complete,recovered,True,False,False,0.9673986039124429,0.11581359105184674,1.9437969999999998,131.17578125,recovered,True,,/project/yunhengzou/coordinate_alignment/aam_benchmarks/golden_policy_full_20260907/1013/cuts/aam.pkl.gz,/project/yunhengzou/coordinate_alignment/aam_benchmarks/golden_policy_full_20260907/1013/evaluation.json
1014,True,R_to_P,complete,recovered,True,False,True,5.338886395096779,0.5749177720863372,6.038022,216.1171875,recovered,True,,/project/yunhengzou/coordinate_alignment/aam_benchmarks/golden_policy_full_20260907/1014/cuts/aam.pkl.gz,/project/yunhengzou/coordinate_alignment/aam_benchmarks/golden_policy_full_20260907/1014/evaluation.json
1015,True,R_to_P,complete,recovered,True,False,True,1.9978332030586898,0.16182609694078565,2.8583809999999996,153.484375,recovered,True,,/project/yunhengzou/coordinate_alignment/aam_benchmarks/golden_policy_full_20260907/1015/cuts/aam.pkl.gz,/project/yunhengzou/coordinate_alignment/aam_benchmarks/golden_policy_full_20260907/1015/evaluation.json
1016,True,R_to_P,complete,recovered,True,False,False,0.5343938700389117,0.03857875382527709,1.692275,124.609375,recovered,True,,/project/yunhengzou/coordinate_alignment/aam_benchmarks/golden_policy_full_20260907/1016/cuts/aam.pkl.gz,/project/yunhengzou/coordinate_alignment/aam_benchmarks/golden_policy_full_20260907/1016/evaluation.json
1017,True,R_to_P,complete,recovered,True,False,True,3.462651442969218,0.5707735188771039,4.339903,185.08203125,recovered,True,,/project/yunhengzou/coordinate_alignment/aam_benchmarks/golden_policy_full_20260907/1017/cuts/aam.pkl.gz,/project/yunhengzou/coordinate_alignment/aam_benchmarks/golden_policy_full_20260907/1017/evaluation.json
1018,True,R_to_P,complete,recovered,True,False,True,10.7275561215356,1.0156159969046712,10.193423000000001,292.30078125,recovered,True,,/project/yunhengzou/coordinate_alignment/aam_benchmarks/golden_policy_full_20260907/1018/cuts/aam.pkl.gz,/project/yunhengzou/coordinate_alignment/aam_benchmarks/golden_policy_full_20260907/1018/evaluation.json
1019,True,P_to_R,complete,recovered,True,False,False,1.2776778908446431,0.08518626354634762,1.8971619999999998,125.296875,recovered,True,,/project/yunhengzou/coordinate_alignment/aam_benchmarks/golden_policy_full_20260907/1019/cuts/aam.pkl.gz,/project/yunhengzou/coordinate_alignment/aam_benchmarks/golden_policy_full_20260907/1019/evaluation.json
1020,True,R_to_P,complete,recovered,True,False,False,1.3117722813040018,0.0774993421509862,2.071271,134.2734375,recovered,True,,/project/yunhengzou/coordinate_alignment/aam_benchmarks/golden_policy_full_20260907/1020/cuts/aam.pkl.gz,/project/yunhengzou/coordinate_alignment/aam_benchmarks/golden_policy_full_20260907/1020/evaluation.json
1021,True,R_to_P,complete,recovered,False,False,True,7.853914760053158,0.8856671629473567,8.182641,264.98828125,recovered,False,,/project/yunhengzou/coordinate_alignment/aam_benchmarks/golden_policy_full_20260907/1021/cuts/aam.pkl.gz,/project/yunhengzou/coordinate_alignment/aam_benchmarks/golden_policy_full_20260907/1021/evaluation.json
1022,True,R_to_P,complete,recovered,False,False,True,4.1329783936962485,0.37086606584489346,4.752484,187.890625,recovered,False,,/project/yunhengzou/coordinate_alignment/aam_benchmarks/golden_policy_full_20260907/1022/cuts/aam.pkl.gz,/project/yunhengzou/coordinate_alignment/aam_benchmarks/golden_policy_full_20260907/1022/evaluation.json
1023,True,R_to_P,complete,recovered,True,False,True,2.981777939014137,0.2982985218986869,3.52342,159.62109375,recovered,True,,/project/yunhengzou/coordinate_alignment/aam_benchmarks/golden_policy_full_20260907/1023/cuts/aam.pkl.gz,/project/yunhengzou/coordinate_alignment/aam_benchmarks/golden_policy_full_20260907/1023/evaluation.json
1024,True,R_to_P,complete,recovered,False,False,True,70.46154087595642,7.3322854889556766,68.231418,1421.921875,recovered,False,,/project/yunhengzou/coordinate_alignment/aam_benchmarks/golden_policy_full_20260907/1024/cuts/aam.pkl.gz,/project/yunhengzou/coordinate_alignment/aam_benchmarks/golden_policy_full_20260907/1024/evaluation.json
1025,True,R_to_P,complete,recovered,True,False,True,9.470547907985747,0.7218741541728377,8.789074,216.109375,recovered,True,,/project/yunhengzou/coordinate_alignment/aam_benchmarks/golden_policy_full_20260907/1025/cuts/aam.pkl.gz,/project/yunhengzou/coordinate_alignment/aam_benchmarks/golden_policy_full_20260907/1025/evaluation.json
1026,True,R_to_P,complete,recovered,True,False,True,2.84379506111145,0.18087229318916798,3.208841,146.2734375,recovered,True,,/project/yunhengzou/coordinate_alignment/aam_benchmarks/golden_policy_full_20260907/1026/cuts/aam.pkl.gz,/project/yunhengzou/coordinate_alignment/aam_benchmarks/golden_policy_full_20260907/1026/evaluation.json
1027,True,R_to_P,complete,recovered,True,False,True,4.101993259973824,0.6475360430777073,4.800621,183.578125,recovered,True,,/project/yunhengzou/coordinate_alignment/aam_benchmarks/golden_policy_full_20260907/1027/cuts/aam.pkl.gz,/project/yunhengzou/coordinate_alignment/aam_benchmarks/golden_policy_full_20260907/1027/evaluation.json
1028,True,R_to_P,complete,recovered,False,False,True,101.24660138878971,9.946934805251658,98.218858,1968.10546875,recovered,False,,/project/yunhengzou/coordinate_alignment/aam_benchmarks/golden_policy_full_20260907/1028/cuts/aam.pkl.gz,/project/yunhengzou/coordinate_alignment/aam_benchmarks/golden_policy_full_20260907/1028/evaluation.json
1029,True,P_to_R,complete,recovered,True,False,True,80.97658862080425,9.163870882242918,78.881264,1705.31640625,recovered,True,,/project/yunhengzou/coordinate_alignment/aam_benchmarks/golden_policy_full_20260907/1029/cuts/aam.pkl.gz,/project/yunhengzou/coordinate_alignment/aam_benchmarks/golden_policy_full_20260907/1029/evaluation.json
1030,True,R_to_P,complete,recovered,False,False,True,27.004411339759827,3.368584606796503,25.971181,581.65234375,recovered,False,,/project/yunhengzou/coordinate_alignment/aam_benchmarks/golden_policy_full_20260907/1030/cuts/aam.pkl.gz,/project/yunhengzou/coordinate_alignment/aam_benchmarks/golden_policy_full_20260907/1030/evaluation.json
1031,True,P_to_R,complete,recovered,False,False,True,13.801183768548071,1.4719126280397177,13.277249,351.640625,not_recovered,False,gained,/project/yunhengzou/coordinate_alignment/aam_benchmarks/golden_policy_full_20260907/1031/cuts/aam.pkl.gz,/project/yunhengzou/coordinate_alignment/aam_benchmarks/golden_policy_full_20260907/1031/evaluation.json
1032,True,R_to_P,complete,recovered,False,False,True,15.661004302091897,2.0102947000414133,15.058727,382.85546875,recovered,False,,/project/yunhengzou/coordinate_alignment/aam_benchmarks/golden_policy_full_20260907/1032/cuts/aam.pkl.gz,/project/yunhengzou/coordinate_alignment/aam_benchmarks/golden_policy_full_20260907/1032/evaluation.json
1033,True,R_to_P,complete,unknown,False,False,True,33.13069594744593,120.594641267322,32.736245,625.0,unknown,False,,/project/yunhengzou/coordinate_alignment/aam_benchmarks/golden_policy_full_20260907/1033/cuts/aam.pkl.gz,/project/yunhengzou/coordinate_alignment/aam_benchmarks/golden_policy_full_20260907/1033/evaluation.json
1034,True,R_to_P,complete,recovered,False,False,True,18.900903658941388,2.118788819760084,18.159343,461.93359375,not_recovered,False,gained,/project/yunhengzou/coordinate_alignment/aam_benchmarks/golden_policy_full_20260907/1034/cuts/aam.pkl.gz,/project/yunhengzou/coordinate_alignment/aam_benchmarks/golden_policy_full_20260907/1034/evaluation.json
1035,True,R_to_P,complete,recovered,False,False,False,4.408055674284697,0.45760216750204563,4.335908,160.84765625,recovered,False,,/project/yunhengzou/coordinate_alignment/aam_benchmarks/golden_policy_full_20260907/1035/cuts/aam.pkl.gz,/project/yunhengzou/coordinate_alignment/aam_benchmarks/golden_policy_full_20260907/1035/evaluation.json
1036,True,R_to_P,complete,recovered,False,False,True,20.354493099963292,1.5721462741494179,20.22756,367.34765625,recovered,False,,/project/yunhengzou/coordinate_alignment/aam_benchmarks/golden_policy_full_20260907/1036/cuts/aam.pkl.gz,/project/yunhengzou/coordinate_alignment/aam_benchmarks/golden_policy_full_20260907/1036/evaluation.json
1037,True,P_to_R,complete,recovered,True,False,True,13.133402674458921,1.4109926130622625,12.831405,355.8828125,recovered,True,,/project/yunhengzou/coordinate_alignment/aam_benchmarks/golden_policy_full_20260907/1037/cuts/aam.pkl.gz,/project/yunhengzou/coordinate_alignment/aam_benchmarks/golden_policy_full_20260907/1037/evaluation.json
1038,True,P_to_R,complete,recovered,True,False,True,2.8694726610556245,0.5838289868552238,3.6169320000000003,163.48828125,recovered,True,,/project/yunhengzou/coordinate_alignment/aam_benchmarks/golden_policy_full_20260907/1038/cuts/aam.pkl.gz,/project/yunhengzou/coordinate_alignment/aam_benchmarks/golden_policy_full_20260907/1038/evaluation.json
1039,True,P_to_R,complete,recovered,True,False,True,12.323554917238653,3.558683356270194,11.571636,277.453125,recovered,True,,/project/yunhengzou/coordinate_alignment/aam_benchmarks/golden_policy_full_20260907/1039/cuts/aam.pkl.gz,/project/yunhengzou/coordinate_alignment/aam_benchmarks/golden_policy_full_20260907/1039/evaluation.json
1040,True,R_to_P,complete,recovered,True,False,True,2.2557713836431503,0.26647689938545227,2.577631,138.1328125,recovered,True,,/project/yunhengzou/coordinate_alignment/aam_benchmarks/golden_policy_full_20260907/1040/cuts/aam.pkl.gz,/project/yunhengzou/coordinate_alignment/aam_benchmarks/golden_policy_full_20260907/1040/evaluation.json
1041,True,P_to_R,complete,recovered,True,False,False,2.625264648348093,0.2143827062100172,2.874276,135.421875,recovered,True,,/project/yunhengzou/coordinate_alignment/aam_benchmarks/golden_policy_full_20260907/1041/cuts/aam.pkl.gz,/project/yunhengzou/coordinate_alignment/aam_benchmarks/golden_policy_full_20260907/1041/evaluation.json
1042,True,P_to_R,complete,recovered,True,False,True,10.273924801498652,1.402453614398837,9.609459,221.57421875,recovered,True,,/project/yunhengzou/coordinate_alignment/aam_benchmarks/golden_policy_full_20260907/1042/cuts/aam.pkl.gz,/project/yunhengzou/coordinate_alignment/aam_benchmarks/golden_policy_full_20260907/1042/evaluation.json
1043,True,R_to_P,complete,recovered,True,False,False,0.5975974919274449,0.05225243512541056,1.423063,120.98046875,recovered,True,,/project/yunhengzou/coordinate_alignment/aam_benchmarks/golden_policy_full_20260907/1043/cuts/aam.pkl.gz,/project/yunhengzou/coordinate_alignment/aam_benchmarks/golden_policy_full_20260907/1043/evaluation.json
1044,True,P_to_R,complete,recovered,True,False,True,15.666399277746677,3.8939425460994244,15.097125,305.484375,recovered,True,,/project/yunhengzou/coordinate_alignment/aam_benchmarks/golden_policy_full_20260907/1044/cuts/aam.pkl.gz,/project/yunhengzou/coordinate_alignment/aam_benchmarks/golden_policy_full_20260907/1044/evaluation.json
1045,True,P_to_R,complete,recovered,False,False,True,8.70174921490252,1.5340887643396854,8.360116000000001,210.9140625,recovered,True,,/project/yunhengzou/coordinate_alignment/aam_benchmarks/golden_policy_full_20260907/1045/cuts/aam.pkl.gz,/project/yunhengzou/coordinate_alignment/aam_benchmarks/golden_policy_full_20260907/1045/evaluation.json
1046,True,P_to_R,complete,recovered,True,False,True,3.5939806289970875,0.47118555498309433,4.224248,175.49609375,recovered,True,,/project/yunhengzou/coordinate_alignment/aam_benchmarks/golden_policy_full_20260907/1046/cuts/aam.pkl.gz,/project/yunhengzou/coordinate_alignment/aam_benchmarks/golden_policy_full_20260907/1046/evaluation.json
1047,True,P_to_R,complete,recovered,True,False,True,2.0505952443927526,0.22760145738720894,2.77861,149.46875,recovered,True,,/project/yunhengzou/coordinate_alignment/aam_benchmarks/golden_policy_full_20260907/1047/cuts/aam.pkl.gz,/project/yunhengzou/coordinate_alignment/aam_benchmarks/golden_policy_full_20260907/1047/evaluation.json
1048,True,P_to_R,complete,recovered,True,False,True,44.13540146313608,4.943983479402959,42.587186,969.41796875,recovered,True,,/project/yunhengzou/coordinate_alignment/aam_benchmarks/golden_policy_full_20260907/1048/cuts/aam.pkl.gz,/project/yunhengzou/coordinate_alignment/aam_benchmarks/golden_policy_full_20260907/1048/evaluation.json
1049,True,P_to_R,complete,recovered,True,False,True,57.82627375423908,4.767020459286869,55.420680000000004,1170.6015625,recovered,True,,/project/yunhengzou/coordinate_alignment/aam_benchmarks/golden_policy_full_20260907/1049/cuts/aam.pkl.gz,/project/yunhengzou/coordinate_alignment/aam_benchmarks/golden_policy_full_20260907/1049/evaluation.json
1050,True,P_to_R,complete,recovered,True,False,True,45.47489662282169,4.156593041494489,43.54105,968.7265625,recovered,True,,/project/yunhengzou/coordinate_alignment/aam_benchmarks/golden_policy_full_20260907/1050/cuts/aam.pkl.gz,/project/yunhengzou/coordinate_alignment/aam_benchmarks/golden_policy_full_20260907/1050/evaluation.json
1051,True,P_to_R,complete,recovered,True,False,False,2.202077453956008,0.14632697496563196,2.6609860000000003,131.17578125,recovered,True,,/project/yunhengzou/coordinate_alignment/aam_benchmarks/golden_policy_full_20260907/1051/cuts/aam.pkl.gz,/project/yunhengzou/coordinate_alignment/aam_benchmarks/golden_policy_full_20260907/1051/evaluation.json
1052,True,P_to_R,complete,recovered,True,False,True,23.58419538475573,2.947008142247796,22.211835,465.51171875,recovered,True,,/project/yunhengzou/coordinate_alignment/aam_benchmarks/golden_policy_full_20260907/1052/cuts/aam.pkl.gz,/project/yunhengzou/coordinate_alignment/aam_benchmarks/golden_policy_full_20260907/1052/evaluation.json
1053,True,P_to_R,complete,recovered,True,False,True,2.0613368060439825,0.1830308036878705,2.615599,141.81640625,recovered,True,,/project/yunhengzou/coordinate_alignment/aam_benchmarks/golden_policy_full_20260907/1053/cuts/aam.pkl.gz,/project/yunhengzou/coordinate_alignment/aam_benchmarks/golden_policy_full_20260907/1053/evaluation.json
1054,True,P_to_R,complete,recovered,True,False,False,0.25770737789571285,0.05186757259070873,1.267615,119.625,recovered,True,,/project/yunhengzou/coordinate_alignment/aam_benchmarks/golden_policy_full_20260907/1054/cuts/aam.pkl.gz,/project/yunhengzou/coordinate_alignment/aam_benchmarks/golden_policy_full_20260907/1054/evaluation.json
1055,True,P_to_R,complete,recovered,True,False,False,2.2460069255903363,0.17269219364970922,2.6061140000000003,130.6328125,recovered,True,,/project/yunhengzou/coordinate_alignment/aam_benchmarks/golden_policy_full_20260907/1055/cuts/aam.pkl.gz,/project/yunhengzou/coordinate_alignment/aam_benchmarks/golden_policy_full_20260907/1055/evaluation.json
1056,True,P_to_R,complete,recovered,True,False,True,16.83955568354577,1.6210888233035803,14.955897,285.5546875,recovered,True,,/project/yunhengzou/coordinate_alignment/aam_benchmarks/golden_policy_full_20260907/1056/cuts/aam.pkl.gz,/project/yunhengzou/coordinate_alignment/aam_benchmarks/golden_policy_full_20260907/1056/evaluation.json
1057,True,P_to_R,complete,recovered,True,False,True,0.7570362603291869,0.08083262108266354,1.779603,127.140625,recovered,True,,/project/yunhengzou/coordinate_alignment/aam_benchmarks/golden_policy_full_20260907/1057/cuts/aam.pkl.gz,/project/yunhengzou/coordinate_alignment/aam_benchmarks/golden_policy_full_20260907/1057/evaluation.json
1058,True,P_to_R,complete,recovered,True,False,False,2.308523850515485,0.18115350417792797,2.670112,132.125,recovered,True,,/project/yunhengzou/coordinate_alignment/aam_benchmarks/golden_policy_full_20260907/1058/cuts/aam.pkl.gz,/project/yunhengzou/coordinate_alignment/aam_benchmarks/golden_policy_full_20260907/1058/evaluation.json
1059,True,P_to_R,complete,recovered,True,False,False,1.6262281583622098,0.09500349499285221,2.145608,127.5390625,recovered,True,,/project/yunhengzou/coordinate_alignment/aam_benchmarks/golden_policy_full_20260907/1059/cuts/aam.pkl.gz,/project/yunhengzou/coordinate_alignment/aam_benchmarks/golden_policy_full_20260907/1059/evaluation.json
1060,True,P_to_R,complete,recovered,True,False,True,10.442315210588276,1.131405558437109,10.218297,279.046875,recovered,True,,/project/yunhengzou/coordinate_alignment/aam_benchmarks/golden_policy_full_20260907/1060/cuts/aam.pkl.gz,/project/yunhengzou/coordinate_alignment/aam_benchmarks/golden_policy_full_20260907/1060/evaluation.json
1061,True,P_to_R,complete,recovered,True,False,True,18.391087736934423,2.3614663910120726,18.134463,432.015625,recovered,True,,/project/yunhengzou/coordinate_alignment/aam_benchmarks/golden_policy_full_20260907/1061/cuts/aam.pkl.gz,/project/yunhengzou/coordinate_alignment/aam_benchmarks/golden_policy_full_20260907/1061/evaluation.json
1062,True,P_to_R,complete,recovered,True,False,True,116.73524755053222,10.852663225494325,111.686948,2187.96875,recovered,True,,/project/yunhengzou/coordinate_alignment/aam_benchmarks/golden_policy_full_20260907/1062/cuts/aam.pkl.gz,/project/yunhengzou/coordinate_alignment/aam_benchmarks/golden_policy_full_20260907/1062/evaluation.json
1063,True,P_to_R,complete,recovered,True,False,True,20.31830359995365,1.8104827022179961,20.322094,511.09375,recovered,True,,/project/yunhengzou/coordinate_alignment/aam_benchmarks/golden_policy_full_20260907/1063/cuts/aam.pkl.gz,/project/yunhengzou/coordinate_alignment/aam_benchmarks/golden_policy_full_20260907/1063/evaluation.json
1064,True,P_to_R,complete,recovered,True,False,True,17.52843509800732,1.5084274904802442,16.496759,389.88671875,recovered,True,,/project/yunhengzou/coordinate_alignment/aam_benchmarks/golden_policy_full_20260907/1064/cuts/aam.pkl.gz,/project/yunhengzou/coordinate_alignment/aam_benchmarks/golden_policy_full_20260907/1064/evaluation.json
1065,True,P_to_R,complete,recovered,True,False,True,5.800464080879465,0.6063889521174133,6.613087,223.96484375,recovered,True,,/project/yunhengzou/coordinate_alignment/aam_benchmarks/golden_policy_full_20260907/1065/cuts/aam.pkl.gz,/project/yunhengzou/coordinate_alignment/aam_benchmarks/golden_policy_full_20260907/1065/evaluation.json
1066,True,P_to_R,complete,recovered,True,False,True,55.8890044670552,5.044431446120143,54.272332999999996,1144.7890625,recovered,True,,/project/yunhengzou/coordinate_alignment/aam_benchmarks/golden_policy_full_20260907/1066/cuts/aam.pkl.gz,/project/yunhengzou/coordinate_alignment/aam_benchmarks/golden_policy_full_20260907/1066/evaluation.json
1067,True,P_to_R,complete,recovered,True,False,True,2.562765533104539,0.18204150721430779,2.710115,134.95703125,recovered,True,,/project/yunhengzou/coordinate_alignment/aam_benchmarks/golden_policy_full_20260907/1067/cuts/aam.pkl.gz,/project/yunhengzou/coordinate_alignment/aam_benchmarks/golden_policy_full_20260907/1067/evaluation.json
1068,True,P_to_R,complete,recovered,True,False,True,1.7431250242516398,0.19782991614192724,2.6881139999999997,143.19140625,recovered,True,,/project/yunhengzou/coordinate_alignment/aam_benchmarks/golden_policy_full_20260907/1068/cuts/aam.pkl.gz,/project/yunhengzou/coordinate_alignment/aam_benchmarks/golden_policy_full_20260907/1068/evaluation.json
1069,True,R_to_P,complete,recovered,True,False,False,0.476100105792284,0.02445615455508232,1.421089,119.5703125,recovered,True,,/project/yunhengzou/coordinate_alignment/aam_benchmarks/golden_policy_full_20260907/1069/cuts/aam.pkl.gz,/project/yunhengzou/coordinate_alignment/aam_benchmarks/golden_policy_full_20260907/1069/evaluation.json
1070,True,P_to_R,complete,recovered,True,False,True,2.2740067951381207,0.22417377214878798,3.0631530000000002,152.3046875,recovered,True,,/project/yunhengzou/coordinate_alignment/aam_benchmarks/golden_policy_full_20260907/1070/cuts/aam.pkl.gz,/project/yunhengzou/coordinate_alignment/aam_benchmarks/golden_policy_full_20260907/1070/evaluation.json
1071,True,P_to_R,complete,recovered,False,False,False,2.9440748360939324,0.5494225178845227,3.5667850000000003,149.6953125,recovered,False,,/project/yunhengzou/coordinate_alignment/aam_benchmarks/golden_policy_full_20260907/1071/cuts/aam.pkl.gz,/project/yunhengzou/coordinate_alignment/aam_benchmarks/golden_policy_full_20260907/1071/evaluation.json
1072,True,P_to_R,complete,recovered,False,False,False,1.9707139204256237,0.19162584887817502,2.718748,137.00390625,recovered,True,,/project/yunhengzou/coordinate_alignment/aam_benchmarks/golden_policy_full_20260907/1072/cuts/aam.pkl.gz,/project/yunhengzou/coordinate_alignment/aam_benchmarks/golden_policy_full_20260907/1072/evaluation.json
1073,True,P_to_R,complete,recovered,True,False,True,3.023835110012442,0.2617057026363909,3.773024,172.11328125,recovered,True,,/project/yunhengzou/coordinate_alignment/aam_benchmarks/golden_policy_full_20260907/1073/cuts/aam.pkl.gz,/project/yunhengzou/coordinate_alignment/aam_benchmarks/golden_policy_full_20260907/1073/evaluation.json
1074,True,P_to_R,complete,recovered,True,False,False,0.46242276299744844,0.048175408970564604,1.512208,123.7734375,recovered,True,,/project/yunhengzou/coordinate_alignment/aam_benchmarks/golden_policy_full_20260907/1074/cuts/aam.pkl.gz,/project/yunhengzou/coordinate_alignment/aam_benchmarks/golden_policy_full_20260907/1074/evaluation.json
1075,True,P_to_R,complete,recovered,True,False,False,0.2965276096947491,0.04297344898805022,1.403543,120.5078125,recovered,True,,/project/yunhengzou/coordinate_alignment/aam_benchmarks/golden_policy_full_20260907/1075/cuts/aam.pkl.gz,/project/yunhengzou/coordinate_alignment/aam_benchmarks/golden_policy_full_20260907/1075/evaluation.json
1076,True,R_to_P,complete,recovered,True,False,False,0.7898171371780336,0.07319585885852575,1.7537749999999999,125.48046875,recovered,True,,/project/yunhengzou/coordinate_alignment/aam_benchmarks/golden_policy_full_20260907/1076/cuts/aam.pkl.gz,/project/yunhengzou/coordinate_alignment/aam_benchmarks/golden_policy_full_20260907/1076/evaluation.json
1077,True,P_to_R,complete,recovered,True,False,True,2.12759978370741,0.19225116912275553,2.988987,151.0390625,recovered,True,,/project/yunhengzou/coordinate_alignment/aam_benchmarks/golden_policy_full_20260907/1077/cuts/aam.pkl.gz,/project/yunhengzou/coordinate_alignment/aam_benchmarks/golden_policy_full_20260907/1077/evaluation.json
1078,True,P_to_R,complete,recovered,True,False,True,33.28140688408166,2.9286720491945744,31.933918000000002,807.60546875,recovered,True,,/project/yunhengzou/coordinate_alignment/aam_benchmarks/golden_policy_full_20260907/1078/cuts/aam.pkl.gz,/project/yunhengzou/coordinate_alignment/aam_benchmarks/golden_policy_full_20260907/1078/evaluation.json
1079,True,P_to_R,complete,recovered,True,False,False,0.4575384436175227,0.03786861430853605,1.353636,120.359375,recovered,True,,/project/yunhengzou/coordinate_alignment/aam_benchmarks/golden_policy_full_20260907/1079/cuts/aam.pkl.gz,/project/yunhengzou/coordinate_alignment/aam_benchmarks/golden_policy_full_20260907/1079/evaluation.json
1080,True,P_to_R,complete,recovered,True,False,True,8.300265938974917,0.9742129752412438,8.641281999999999,252.76171875,recovered,True,,/project/yunhengzou/coordinate_alignment/aam_benchmarks/golden_policy_full_20260907/1080/cuts/aam.pkl.gz,/project/yunhengzou/coordinate_alignment/aam_benchmarks/golden_policy_full_20260907/1080/evaluation.json
1081,True,P_to_R,complete,recovered,True,False,False,0.3301127627491951,0.02836571726948023,1.405366,120.453125,recovered,True,,/project/yunhengzou/coordinate_alignment/aam_benchmarks/golden_policy_full_20260907/1081/cuts/aam.pkl.gz,/project/yunhengzou/coordinate_alignment/aam_benchmarks/golden_policy_full_20260907/1081/evaluation.json
1082,True,P_to_R,complete,recovered,True,False,True,6.053959443233907,0.7110350653529167,6.639408,224.703125,recovered,True,,/project/yunhengzou/coordinate_alignment/aam_benchmarks/golden_policy_full_20260907/1082/cuts/aam.pkl.gz,/project/yunhengzou/coordinate_alignment/aam_benchmarks/golden_policy_full_20260907/1082/evaluation.json
1083,True,P_to_R,complete,recovered,True,False,True,13.560900286771357,2.2004321478307247,13.745166,307.76171875,not_recovered,False,gained,/project/yunhengzou/coordinate_alignment/aam_benchmarks/golden_policy_full_20260907/1083/cuts/aam.pkl.gz,/project/yunhengzou/coordinate_alignment/aam_benchmarks/golden_policy_full_20260907/1083/evaluation.json
1084,True,P_to_R,complete,recovered,True,False,False,0.2634671265259385,0.015864490531384945,1.379546,118.90625,recovered,True,,/project/yunhengzou/coordinate_alignment/aam_benchmarks/golden_policy_full_20260907/1084/cuts/aam.pkl.gz,/project/yunhengzou/coordinate_alignment/aam_benchmarks/golden_policy_full_20260907/1084/evaluation.json
1085,True,P_to_R,complete,recovered,True,False,False,1.0985268726944923,0.1186462389305234,2.06899,127.37890625,recovered,True,,/project/yunhengzou/coordinate_alignment/aam_benchmarks/golden_policy_full_20260907/1085/cuts/aam.pkl.gz,/project/yunhengzou/coordinate_alignment/aam_benchmarks/golden_policy_full_20260907/1085/evaluation.json
1086,True,P_to_R,complete,recovered,True,False,False,1.1019867612048984,0.1207040473818779,1.9443190000000001,128.55078125,recovered,True,,/project/yunhengzou/coordinate_alignment/aam_benchmarks/golden_policy_full_20260907/1086/cuts/aam.pkl.gz,/project/yunhengzou/coordinate_alignment/aam_benchmarks/golden_policy_full_20260907/1086/evaluation.json
1087,True,P_to_R,complete,recovered,False,False,True,0.5219613062217832,0.08119955565780401,1.633678,121.48046875,recovered,False,,/project/yunhengzou/coordinate_alignment/aam_benchmarks/golden_policy_full_20260907/1087/cuts/aam.pkl.gz,/project/yunhengzou/coordinate_alignment/aam_benchmarks/golden_policy_full_20260907/1087/evaluation.json
1088,True,P_to_R,complete,recovered,True,False,True,0.7401138171553612,0.11187824048101902,1.781262,130.5625,recovered,True,,/project/yunhengzou/coordinate_alignment/aam_benchmarks/golden_policy_full_20260907/1088/cuts/aam.pkl.gz,/project/yunhengzou/coordinate_alignment/aam_benchmarks/golden_policy_full_20260907/1088/evaluation.json
1089,True,P_to_R,complete,recovered,True,False,True,7.3104400504380465,0.872286350466311,7.605228,232.421875,recovered,True,,/project/yunhengzou/coordinate_alignment/aam_benchmarks/golden_policy_full_20260907/1089/cuts/aam.pkl.gz,/project/yunhengzou/coordinate_alignment/aam_benchmarks/golden_policy_full_20260907/1089/evaluation.json
1090,True,R_to_P,complete,recovered,True,False,False,3.1404081638902426,0.22997660748660564,3.700596,148.4296875,recovered,True,,/project/yunhengzou/coordinate_alignment/aam_benchmarks/golden_policy_full_20260907/1090/cuts/aam.pkl.gz,/project/yunhengzou/coordinate_alignment/aam_benchmarks/golden_policy_full_20260907/1090/evaluation.json
1091,True,P_to_R,complete,recovered,True,False,True,0.7156151961535215,0.09695416688919067,1.7716129999999999,127.9921875,recovered,True,,/project/yunhengzou/coordinate_alignment/aam_benchmarks/golden_policy_full_20260907/1091/cuts/aam.pkl.gz,/project/yunhengzou/coordinate_alignment/aam_benchmarks/golden_policy_full_20260907/1091/evaluation.json
1092,True,P_to_R,complete,recovered,True,False,True,29.2722003669478,3.097252615960315,29.080393,635.4921875,recovered,True,,/project/yunhengzou/coordinate_alignment/aam_benchmarks/golden_policy_full_20260907/1092/cuts/aam.pkl.gz,/project/yunhengzou/coordinate_alignment/aam_benchmarks/golden_policy_full_20260907/1092/evaluation.json
1093,True,P_to_R,complete,recovered,True,False,False,1.7083680571522564,0.4706452861428261,2.5832179999999996,139.1015625,recovered,True,,/project/yunhengzou/coordinate_alignment/aam_benchmarks/golden_policy_full_20260907/1093/cuts/aam.pkl.gz,/project/yunhengzou/coordinate_alignment/aam_benchmarks/golden_policy_full_20260907/1093/evaluation.json
1094,True,P_to_R,complete,recovered,True,False,True,19.436432007001713,2.3246770079713315,19.22022,497.9296875,recovered,True,,/project/yunhengzou/coordinate_alignment/aam_benchmarks/golden_policy_full_20260907/1094/cuts/aam.pkl.gz,/project/yunhengzou/coordinate_alignment/aam_benchmarks/golden_policy_full_20260907/1094/evaluation.json
1095,True,P_to_R,complete,recovered,True,False,True,18.250453079119325,2.472167734056711,18.130973,428.33984375,recovered,True,,/project/yunhengzou/coordinate_alignment/aam_benchmarks/golden_policy_full_20260907/1095/cuts/aam.pkl.gz,/project/yunhengzou/coordinate_alignment/aam_benchmarks/golden_policy_full_20260907/1095/evaluation.json
1096,True,P_to_R,complete,recovered,True,False,True,53.10420964495279,6.532388278050348,52.56263,1145.37109375,recovered,True,,/project/yunhengzou/coordinate_alignment/aam_benchmarks/golden_policy_full_20260907/1096/cuts/aam.pkl.gz,/project/yunhengzou/coordinate_alignment/aam_benchmarks/golden_policy_full_20260907/1096/evaluation.json
1097,True,P_to_R,complete,recovered,True,False,False,1.8320246511138976,0.15898246807046235,2.637603,132.484375,recovered,True,,/project/yunhengzou/coordinate_alignment/aam_benchmarks/golden_policy_full_20260907/1097/cuts/aam.pkl.gz,/project/yunhengzou/coordinate_alignment/aam_benchmarks/golden_policy_full_20260907/1097/evaluation.json
1098,True,P_to_R,complete,recovered,True,False,True,34.73821093700826,3.6787909499835223,34.277993,740.5859375,recovered,True,,/project/yunhengzou/coordinate_alignment/aam_benchmarks/golden_policy_full_20260907/1098/cuts/aam.pkl.gz,/project/yunhengzou/coordinate_alignment/aam_benchmarks/golden_policy_full_20260907/1098/evaluation.json
1099,True,P_to_R,complete,recovered,True,False,True,32.476311929058284,3.7195496261119843,32.143772999999996,697.64453125,recovered,True,,/project/yunhengzou/coordinate_alignment/aam_benchmarks/golden_policy_full_20260907/1099/cuts/aam.pkl.gz,/project/yunhengzou/coordinate_alignment/aam_benchmarks/golden_policy_full_20260907/1099/evaluation.json
1100,True,P_to_R,complete,recovered,True,False,True,44.710540717002004,6.342859554104507,43.711955,929.7578125,recovered,True,,/project/yunhengzou/coordinate_alignment/aam_benchmarks/golden_policy_full_20260907/1100/cuts/aam.pkl.gz,/project/yunhengzou/coordinate_alignment/aam_benchmarks/golden_policy_full_20260907/1100/evaluation.json
1101,True,P_to_R,complete,recovered,True,False,True,4.3942500851117074,0.6376966640818864,5.124356,195.93359375,recovered,True,,/project/yunhengzou/coordinate_alignment/aam_benchmarks/golden_policy_full_20260907/1101/cuts/aam.pkl.gz,/project/yunhengzou/coordinate_alignment/aam_benchmarks/golden_policy_full_20260907/1101/evaluation.json
1102,True,P_to_R,complete,recovered,True,False,False,1.790377660188824,0.15384085103869438,2.4910870000000003,130.91015625,recovered,True,,/project/yunhengzou/coordinate_alignment/aam_benchmarks/golden_policy_full_20260907/1102/cuts/aam.pkl.gz,/project/yunhengzou/coordinate_alignment/aam_benchmarks/golden_policy_full_20260907/1102/evaluation.json
1103,True,P_to_R,complete,recovered,True,False,False,1.0394166451878846,0.10398102598264813,1.988753,127.77734375,recovered,True,,/project/yunhengzou/coordinate_alignment/aam_benchmarks/golden_policy_full_20260907/1103/cuts/aam.pkl.gz,/project/yunhengzou/coordinate_alignment/aam_benchmarks/golden_policy_full_20260907/1103/evaluation.json
1104,True,P_to_R,complete,recovered,True,False,True,0.9797925241291523,0.09071279806084931,1.882859,127.8046875,recovered,True,,/project/yunhengzou/coordinate_alignment/aam_benchmarks/golden_policy_full_20260907/1104/cuts/aam.pkl.gz,/project/yunhengzou/coordinate_alignment/aam_benchmarks/golden_policy_full_20260907/1104/evaluation.json
1105,True,P_to_R,complete,recovered,True,False,True,3.0242365691810846,0.24388837441802025,3.536462,155.82421875,recovered,True,,/project/yunhengzou/coordinate_alignment/aam_benchmarks/golden_policy_full_20260907/1105/cuts/aam.pkl.gz,/project/yunhengzou/coordinate_alignment/aam_benchmarks/golden_policy_full_20260907/1105/evaluation.json
1106,True,P_to_R,complete,recovered,True,False,True,5.515194449573755,0.5781512847170234,6.369419000000001,218.21875,recovered,True,,/project/yunhengzou/coordinate_alignment/aam_benchmarks/golden_policy_full_20260907/1106/cuts/aam.pkl.gz,/project/yunhengzou/coordinate_alignment/aam_benchmarks/golden_policy_full_20260907/1106/evaluation.json
1107,True,P_to_R,complete,recovered,True,False,True,2.7772950306534767,0.2733475985005498,3.086535,147.33984375,recovered,True,,/project/yunhengzou/coordinate_alignment/aam_benchmarks/golden_policy_full_20260907/1107/cuts/aam.pkl.gz,/project/yunhengzou/coordinate_alignment/aam_benchmarks/golden_policy_full_20260907/1107/evaluation.json
1108,True,P_to_R,complete,recovered,True,False,False,0.34086430352181196,0.021272811107337475,1.363895,119.19921875,recovered,True,,/project/yunhengzou/coordinate_alignment/aam_benchmarks/golden_policy_full_20260907/1108/cuts/aam.pkl.gz,/project/yunhengzou/coordinate_alignment/aam_benchmarks/golden_policy_full_20260907/1108/evaluation.json
1109,True,P_to_R,complete,recovered,True,False,False,1.1730580450966954,0.12873754184693098,1.983516,128.17578125,recovered,True,,/project/yunhengzou/coordinate_alignment/aam_benchmarks/golden_policy_full_20260907/1109/cuts/aam.pkl.gz,/project/yunhengzou/coordinate_alignment/aam_benchmarks/golden_policy_full_20260907/1109/evaluation.json
1110,True,P_to_R,complete,recovered,True,False,True,37.33088767994195,3.0202659144997597,35.933335,900.62890625,recovered,True,,/project/yunhengzou/coordinate_alignment/aam_benchmarks/golden_policy_full_20260907/1110/cuts/aam.pkl.gz,/project/yunhengzou/coordinate_alignment/aam_benchmarks/golden_policy_full_20260907/1110/evaluation.json
1111,True,P_to_R,complete,recovered,False,False,True,1.2272344660013914,0.18996537290513515,2.094217,132.50390625,recovered,False,,/project/yunhengzou/coordinate_alignment/aam_benchmarks/golden_policy_full_20260907/1111/cuts/aam.pkl.gz,/project/yunhengzou/coordinate_alignment/aam_benchmarks/golden_policy_full_20260907/1111/evaluation.json
1112,True,P_to_R,complete,recovered,False,False,False,0.377422334626317,0.30372838769108057,1.3402720000000001,119.80859375,recovered,False,,/project/yunhengzou/coordinate_alignment/aam_benchmarks/golden_policy_full_20260907/1112/cuts/aam.pkl.gz,/project/yunhengzou/coordinate_alignment/aam_benchmarks/golden_policy_full_20260907/1112/evaluation.json
1113,True,P_to_R,complete,recovered,True,False,False,0.6314777201041579,0.05338210612535477,1.648418,125.91015625,recovered,True,,/project/yunhengzou/coordinate_alignment/aam_benchmarks/golden_policy_full_20260907/1113/cuts/aam.pkl.gz,/project/yunhengzou/coordinate_alignment/aam_benchmarks/golden_policy_full_20260907/1113/evaluation.json
1114,True,P_to_R,complete,recovered,True,False,True,61.79442619904876,5.717255387455225,60.197459,1253.66796875,recovered,True,,/project/yunhengzou/coordinate_alignment/aam_benchmarks/golden_policy_full_20260907/1114/cuts/aam.pkl.gz,/project/yunhengzou/coordinate_alignment/aam_benchmarks/golden_policy_full_20260907/1114/evaluation.json
1115,True,P_to_R,complete,recovered,True,False,True,2.0908264936879277,0.1528425170108676,2.8626919999999996,144.98046875,recovered,True,,/project/yunhengzou/coordinate_alignment/aam_benchmarks/golden_policy_full_20260907/1115/cuts/aam.pkl.gz,/project/yunhengzou/coordinate_alignment/aam_benchmarks/golden_policy_full_20260907/1115/evaluation.json
1116,True,P_to_R,complete,recovered,True,False,False,0.6460060141980648,0.06238993722945452,1.72942,126.23046875,recovered,True,,/project/yunhengzou/coordinate_alignment/aam_benchmarks/golden_policy_full_20260907/1116/cuts/aam.pkl.gz,/project/yunhengzou/coordinate_alignment/aam_benchmarks/golden_policy_full_20260907/1116/evaluation.json
1117,True,P_to_R,complete,recovered,True,False,True,1.8496758760884404,0.0567270228639245,2.493006,126.1796875,recovered,True,,/project/yunhengzou/coordinate_alignment/aam_benchmarks/golden_policy_full_20260907/1117/cuts/aam.pkl.gz,/project/yunhengzou/coordinate_alignment/aam_benchmarks/golden_policy_full_20260907/1117/evaluation.json
1118,True,P_to_R,complete,recovered,False,False,True,6.340303619392216,7.244076190516353,6.738009,223.88671875,recovered,False,,/project/yunhengzou/coordinate_alignment/aam_benchmarks/golden_policy_full_20260907/1118/cuts/aam.pkl.gz,/project/yunhengzou/coordinate_alignment/aam_benchmarks/golden_policy_full_20260907/1118/evaluation.json
1119,True,P_to_R,complete,recovered,True,False,True,7.5826481487601995,1.2577873901464045,7.948288000000001,247.0703125,recovered,True,,/project/yunhengzou/coordinate_alignment/aam_benchmarks/golden_policy_full_20260907/1119/cuts/aam.pkl.gz,/project/yunhengzou/coordinate_alignment/aam_benchmarks/golden_policy_full_20260907/1119/evaluation.json
1120,True,P_to_R,complete,recovered,True,False,True,17.364777789916843,2.955443329177797,16.91712,406.87109375,recovered,True,,/project/yunhengzou/coordinate_alignment/aam_benchmarks/golden_policy_full_20260907/1120/cuts/aam.pkl.gz,/project/yunhengzou/coordinate_alignment/aam_benchmarks/golden_policy_full_20260907/1120/evaluation.json
1121,True,P_to_R,complete,recovered,True,False,True,5.172839385922998,0.9061292978003621,5.0607560000000005,180.59765625,recovered,True,,/project/yunhengzou/coordinate_alignment/aam_benchmarks/golden_policy_full_20260907/1121/cuts/aam.pkl.gz,/project/yunhengzou/coordinate_alignment/aam_benchmarks/golden_policy_full_20260907/1121/evaluation.json
1122,True,P_to_R,complete,recovered,True,False,False,1.2030260171741247,0.11299662292003632,2.080748,136.1484375,recovered,True,,/project/yunhengzou/coordinate_alignment/aam_benchmarks/golden_policy_full_20260907/1122/cuts/aam.pkl.gz,/project/yunhengzou/coordinate_alignment/aam_benchmarks/golden_policy_full_20260907/1122/evaluation.json
1123,True,P_to_R,complete,recovered,True,False,False,7.312488872092217,0.6895307791419327,7.42399,188.8046875,recovered,True,,/project/yunhengzou/coordinate_alignment/aam_benchmarks/golden_policy_full_20260907/1123/cuts/aam.pkl.gz,/project/yunhengzou/coordinate_alignment/aam_benchmarks/golden_policy_full_20260907/1123/evaluation.json
1124,True,P_to_R,complete,recovered,True,False,True,3.4171225260943174,0.36658523976802826,4.021777,167.14453125,recovered,True,,/project/yunhengzou/coordinate_alignment/aam_benchmarks/golden_policy_full_20260907/1124/cuts/aam.pkl.gz,/project/yunhengzou/coordinate_alignment/aam_benchmarks/golden_policy_full_20260907/1124/evaluation.json
1125,True,P_to_R,complete,recovered,True,False,False,1.1313520609401166,0.1106169712729752,1.9876630000000002,129.05859375,recovered,True,,/project/yunhengzou/coordinate_alignment/aam_benchmarks/golden_policy_full_20260907/1125/cuts/aam.pkl.gz,/project/yunhengzou/coordinate_alignment/aam_benchmarks/golden_policy_full_20260907/1125/evaluation.json
1126,True,P_to_R,complete,recovered,True,False,False,1.2020366271026433,0.19272716017439961,2.0552330000000003,132.25390625,recovered,True,,/project/yunhengzou/coordinate_alignment/aam_benchmarks/golden_policy_full_20260907/1126/cuts/aam.pkl.gz,/project/yunhengzou/coordinate_alignment/aam_benchmarks/golden_policy_full_20260907/1126/evaluation.json
1127,True,P_to_R,complete,recovered,True,False,True,93.9907584390603,8.229474002029747,90.681137,1891.3984375,recovered,True,,/project/yunhengzou/coordinate_alignment/aam_benchmarks/golden_policy_full_20260907/1127/cuts/aam.pkl.gz,/project/yunhengzou/coordinate_alignment/aam_benchmarks/golden_policy_full_20260907/1127/evaluation.json
1128,True,P_to_R,complete,recovered,True,False,True,42.500917138997465,2.974763192003593,41.670358,949.71484375,recovered,True,,/project/yunhengzou/coordinate_alignment/aam_benchmarks/golden_policy_full_20260907/1128/cuts/aam.pkl.gz,/project/yunhengzou/coordinate_alignment/aam_benchmarks/golden_policy_full_20260907/1128/evaluation.json
1129,True,P_to_R,complete,recovered,False,False,True,42.95567451417446,3.9697181060910225,42.019714,963.67578125,recovered,False,,/project/yunhengzou/coordinate_alignment/aam_benchmarks/golden_policy_full_20260907/1129/cuts/aam.pkl.gz,/project/yunhengzou/coordinate_alignment/aam_benchmarks/golden_policy_full_20260907/1129/evaluation.json
1130,True,P_to_R,complete,recovered,True,False,True,17.07041105395183,1.981778355780989,17.321519,474.77734375,recovered,True,,/project/yunhengzou/coordinate_alignment/aam_benchmarks/golden_policy_full_20260907/1130/cuts/aam.pkl.gz,/project/yunhengzou/coordinate_alignment/aam_benchmarks/golden_policy_full_20260907/1130/evaluation.json
1131,True,P_to_R,complete,recovered,True,False,True,73.84078350709751,10.349216658622026,71.32343999999999,1396.609375,recovered,True,,/project/yunhengzou/coordinate_alignment/aam_benchmarks/golden_policy_full_20260907/1131/cuts/aam.pkl.gz,/project/yunhengzou/coordinate_alignment/aam_benchmarks/golden_policy_full_20260907/1131/evaluation.json
1132,True,P_to_R,complete,recovered,True,False,True,2.425607390701771,0.1524786101654172,2.61822,147.76171875,recovered,False,,/project/yunhengzou/coordinate_alignment/aam_benchmarks/golden_policy_full_20260907/1132/cuts/aam.pkl.gz,/project/yunhengzou/coordinate_alignment/aam_benchmarks/golden_policy_full_20260907/1132/evaluation.json
1133,True,P_to_R,complete,recovered,True,False,False,3.3220867915078998,0.18016659375280142,3.698569,143.140625,recovered,True,,/project/yunhengzou/coordinate_alignment/aam_benchmarks/golden_policy_full_20260907/1133/cuts/aam.pkl.gz,/project/yunhengzou/coordinate_alignment/aam_benchmarks/golden_policy_full_20260907/1133/evaluation.json
1134,True,P_to_R,complete,recovered,True,False,True,16.833290062844753,2.3719300143420696,17.106346000000002,417.3125,recovered,True,,/project/yunhengzou/coordinate_alignment/aam_benchmarks/golden_policy_full_20260907/1134/cuts/aam.pkl.gz,/project/yunhengzou/coordinate_alignment/aam_benchmarks/golden_policy_full_20260907/1134/evaluation.json
1135,True,P_to_R,complete,recovered,True,False,True,5.1938608549535275,0.8286094469949603,5.904848,203.5,recovered,True,,/project/yunhengzou/coordinate_alignment/aam_benchmarks/golden_policy_full_20260907/1135/cuts/aam.pkl.gz,/project/yunhengzou/coordinate_alignment/aam_benchmarks/golden_policy_full_20260907/1135/evaluation.json
1136,True,P_to_R,complete,recovered,True,False,False,0.721738369204104,0.04706629738211632,1.568095,123.48828125,recovered,True,,/project/yunhengzou/coordinate_alignment/aam_benchmarks/golden_policy_full_20260907/1136/cuts/aam.pkl.gz,/project/yunhengzou/coordinate_alignment/aam_benchmarks/golden_policy_full_20260907/1136/evaluation.json
1137,True,P_to_R,complete,recovered,True,False,True,7.683954358100891,0.8544469773769379,8.149047,241.47265625,recovered,True,,/project/yunhengzou/coordinate_alignment/aam_benchmarks/golden_policy_full_20260907/1137/cuts/aam.pkl.gz,/project/yunhengzou/coordinate_alignment/aam_benchmarks/golden_policy_full_20260907/1137/evaluation.json
1138,True,P_to_R,complete,recovered,True,False,True,3.638747103512287,0.6102758040651679,4.262849999999999,173.70703125,recovered,True,,/project/yunhengzou/coordinate_alignment/aam_benchmarks/golden_policy_full_20260907/1138/cuts/aam.pkl.gz,/project/yunhengzou/coordinate_alignment/aam_benchmarks/golden_policy_full_20260907/1138/evaluation.json
1139,True,P_to_R,complete,recovered,True,False,True,3.888513064943254,0.4852750280406326,4.652488999999999,182.6015625,recovered,True,,/project/yunhengzou/coordinate_alignment/aam_benchmarks/golden_policy_full_20260907/1139/cuts/aam.pkl.gz,/project/yunhengzou/coordinate_alignment/aam_benchmarks/golden_policy_full_20260907/1139/evaluation.json
1140,True,P_to_R,complete,recovered,True,False,True,1.4953803578391671,0.14757599867880344,2.414047,143.30078125,recovered,True,,/project/yunhengzou/coordinate_alignment/aam_benchmarks/golden_policy_full_20260907/1140/cuts/aam.pkl.gz,/project/yunhengzou/coordinate_alignment/aam_benchmarks/golden_policy_full_20260907/1140/evaluation.json
1141,True,P_to_R,complete,recovered,True,False,False,1.924015861004591,0.13803171552717686,2.12626,135.39453125,recovered,True,,/project/yunhengzou/coordinate_alignment/aam_benchmarks/golden_policy_full_20260907/1141/cuts/aam.pkl.gz,/project/yunhengzou/coordinate_alignment/aam_benchmarks/golden_policy_full_20260907/1141/evaluation.json
1142,False,P_to_R,complete,recovered,,False,True,1.0678518703207374,0.05652143619954586,1.8733739999999999,130.078125,,,,/project/yunhengzou/coordinate_alignment/aam_benchmarks/golden_policy_full_20260907/1142/cuts/aam.pkl.gz,/project/yunhengzou/coordinate_alignment/aam_benchmarks/golden_policy_full_20260907/1142/evaluation.json
1143,True,P_to_R,complete,recovered,True,False,True,14.736426384188235,3.1339247738942504,15.081314,370.00390625,recovered,True,,/project/yunhengzou/coordinate_alignment/aam_benchmarks/golden_policy_full_20260907/1143/cuts/aam.pkl.gz,/project/yunhengzou/coordinate_alignment/aam_benchmarks/golden_policy_full_20260907/1143/evaluation.json
1144,False,P_to_R,complete,recovered,,False,False,0.44820792879909277,0.02705638948827982,1.421853,121.33984375,,,,/project/yunhengzou/coordinate_alignment/aam_benchmarks/golden_policy_full_20260907/1144/cuts/aam.pkl.gz,/project/yunhengzou/coordinate_alignment/aam_benchmarks/golden_policy_full_20260907/1144/evaluation.json
1145,True,P_to_R,complete,recovered,True,False,False,1.7954690847545862,0.13606481719762087,2.4645799999999998,134.03125,recovered,True,,/project/yunhengzou/coordinate_alignment/aam_benchmarks/golden_policy_full_20260907/1145/cuts/aam.pkl.gz,/project/yunhengzou/coordinate_alignment/aam_benchmarks/golden_policy_full_20260907/1145/evaluation.json
1146,False,P_to_R,complete,recovered,,False,True,31.628588010556996,3.415777614340186,30.872072000000003,675.859375,,,,/project/yunhengzou/coordinate_alignment/aam_benchmarks/golden_policy_full_20260907/1146/cuts/aam.pkl.gz,/project/yunhengzou/coordinate_alignment/aam_benchmarks/golden_policy_full_20260907/1146/evaluation.json
1147,True,P_to_R,complete,recovered,True,False,False,0.7853257730603218,0.03663728106766939,1.387653,120.8984375,recovered,False,,/project/yunhengzou/coordinate_alignment/aam_benchmarks/golden_policy_full_20260907/1147/cuts/aam.pkl.gz,/project/yunhengzou/coordinate_alignment/aam_benchmarks/golden_policy_full_20260907/1147/evaluation.json
1148,True,P_to_R,complete,recovered,True,False,True,12.49927158281207,2.874449959024787,12.016079,250.953125,recovered,True,,/project/yunhengzou/coordinate_alignment/aam_benchmarks/golden_policy_full_20260907/1148/cuts/aam.pkl.gz,/project/yunhengzou/coordinate_alignment/aam_benchmarks/golden_policy_full_20260907/1148/evaluation.json
1149,True,P_to_R,complete,recovered,True,False,True,10.027924495749176,1.2940457300283015,10.692557,325.25,recovered,True,,/project/yunhengzou/coordinate_alignment/aam_benchmarks/golden_policy_full_20260907/1149/cuts/aam.pkl.gz,/project/yunhengzou/coordinate_alignment/aam_benchmarks/golden_policy_full_20260907/1149/evaluation.json
1150,True,P_to_R,complete,recovered,True,False,True,168.31126166321337,12.797792820259929,161.268191,3405.18359375,recovered,True,,/project/yunhengzou/coordinate_alignment/aam_benchmarks/golden_policy_full_20260907/1150/cuts/aam.pkl.gz,/project/yunhengzou/coordinate_alignment/aam_benchmarks/golden_policy_full_20260907/1150/evaluation.json
1151,False,P_to_R,complete,recovered,,False,True,3.3647378268651664,0.46044465294107795,4.157084,173.75390625,,,,/project/yunhengzou/coordinate_alignment/aam_benchmarks/golden_policy_full_20260907/1151/cuts/aam.pkl.gz,/project/yunhengzou/coordinate_alignment/aam_benchmarks/golden_policy_full_20260907/1151/evaluation.json
1152,False,P_to_R,complete,recovered,,False,True,3.571203227620572,0.324721650686115,4.440066,179.93359375,,,,/project/yunhengzou/coordinate_alignment/aam_benchmarks/golden_policy_full_20260907/1152/cuts/aam.pkl.gz,/project/yunhengzou/coordinate_alignment/aam_benchmarks/golden_policy_full_20260907/1152/evaluation.json
1153,False,P_to_R,complete,recovered,,False,False,0.7556388271041214,0.05496052885428071,1.8089359999999999,128.85546875,,,,/project/yunhengzou/coordinate_alignment/aam_benchmarks/golden_policy_full_20260907/1153/cuts/aam.pkl.gz,/project/yunhengzou/coordinate_alignment/aam_benchmarks/golden_policy_full_20260907/1153/evaluation.json
1154,True,P_to_R,complete,recovered,True,False,True,8.699484165292233,1.3928177910856903,9.183752,264.60546875,recovered,True,,/project/yunhengzou/coordinate_alignment/aam_benchmarks/golden_policy_full_20260907/1154/cuts/aam.pkl.gz,/project/yunhengzou/coordinate_alignment/aam_benchmarks/golden_policy_full_20260907/1154/evaluation.json
1155,False,P_to_R,complete,recovered,,False,True,31.23567762505263,4.163548604119569,30.732212999999998,696.94921875,,,,/project/yunhengzou/coordinate_alignment/aam_benchmarks/golden_policy_full_20260907/1155/cuts/aam.pkl.gz,/project/yunhengzou/coordinate_alignment/aam_benchmarks/golden_policy_full_20260907/1155/evaluation.json
1156,True,P_to_R,complete,recovered,True,False,True,14.303091519046575,1.8624511919915676,14.66359,398.66015625,recovered,True,,/project/yunhengzou/coordinate_alignment/aam_benchmarks/golden_policy_full_20260907/1156/cuts/aam.pkl.gz,/project/yunhengzou/coordinate_alignment/aam_benchmarks/golden_policy_full_20260907/1156/evaluation.json
1157,False,P_to_R,complete,recovered,,False,False,1.2019899422302842,0.057360418140888214,1.908164,126.453125,,,,/project/yunhengzou/coordinate_alignment/aam_benchmarks/golden_policy_full_20260907/1157/cuts/aam.pkl.gz,/project/yunhengzou/coordinate_alignment/aam_benchmarks/golden_policy_full_20260907/1157/evaluation.json
1158,True,P_to_R,complete,recovered,True,False,True,41.58184494357556,5.0803978350013494,41.11037,885.58984375,recovered,True,,/project/yunhengzou/coordinate_alignment/aam_benchmarks/golden_policy_full_20260907/1158/cuts/aam.pkl.gz,/project/yunhengzou/coordinate_alignment/aam_benchmarks/golden_policy_full_20260907/1158/evaluation.json
1159,False,P_to_R,complete,recovered,,False,False,1.0634669987484813,0.07997987139970064,1.990284,125.16015625,,,,/project/yunhengzou/coordinate_alignment/aam_benchmarks/golden_policy_full_20260907/1159/cuts/aam.pkl.gz,/project/yunhengzou/coordinate_alignment/aam_benchmarks/golden_policy_full_20260907/1159/evaluation.json
1160,False,P_to_R,complete,recovered,,False,False,0.3367205346003175,0.026315001770853996,1.4001540000000001,120.046875,,,,/project/yunhengzou/coordinate_alignment/aam_benchmarks/golden_policy_full_20260907/1160/cuts/aam.pkl.gz,/project/yunhengzou/coordinate_alignment/aam_benchmarks/golden_policy_full_20260907/1160/evaluation.json
1161,False,R_to_P,complete,recovered,,False,False,0.5617857938632369,0.06064845249056816,1.622364,127.515625,,,,/project/yunhengzou/coordinate_alignment/aam_benchmarks/golden_policy_full_20260907/1161/cuts/aam.pkl.gz,/project/yunhengzou/coordinate_alignment/aam_benchmarks/golden_policy_full_20260907/1161/evaluation.json
1162,False,R_to_P,complete,recovered,,False,False,0.32989317923784256,0.04635774902999401,1.401009,119.71484375,,,,/project/yunhengzou/coordinate_alignment/aam_benchmarks/golden_policy_full_20260907/1162/cuts/aam.pkl.gz,/project/yunhengzou/coordinate_alignment/aam_benchmarks/golden_policy_full_20260907/1162/evaluation.json
1163,True,P_to_R,complete,recovered,True,False,True,7.338618529960513,0.9700530227273703,7.854036000000001,252.02734375,recovered,True,,/project/yunhengzou/coordinate_alignment/aam_benchmarks/golden_policy_full_20260907/1163/cuts/aam.pkl.gz,/project/yunhengzou/coordinate_alignment/aam_benchmarks/golden_policy_full_20260907/1163/evaluation.json
1164,True,P_to_R,complete,recovered,True,False,True,4.391497844830155,0.6740695470944047,4.762728999999999,183.43359375,recovered,True,,/project/yunhengzou/coordinate_alignment/aam_benchmarks/golden_policy_full_20260907/1164/cuts/aam.pkl.gz,/project/yunhengzou/coordinate_alignment/aam_benchmarks/golden_policy_full_20260907/1164/evaluation.json
1165,True,P_to_R,complete,recovered,True,False,True,1.5416962737217546,0.1420898362994194,2.4223030000000003,144.140625,recovered,True,,/project/yunhengzou/coordinate_alignment/aam_benchmarks/golden_policy_full_20260907/1165/cuts/aam.pkl.gz,/project/yunhengzou/coordinate_alignment/aam_benchmarks/golden_policy_full_20260907/1165/evaluation.json
1166,False,R_to_P,complete,recovered,,False,False,0.24658239912241697,0.031237524934113026,1.414238,119.48046875,,,,/project/yunhengzou/coordinate_alignment/aam_benchmarks/golden_policy_full_20260907/1166/cuts/aam.pkl.gz,/project/yunhengzou/coordinate_alignment/aam_benchmarks/golden_policy_full_20260907/1166/evaluation.json
1167,False,R_to_P,complete,recovered,,False,False,0.3754689274355769,0.028548434376716614,1.5067730000000001,120.00390625,,,,/project/yunhengzou/coordinate_alignment/aam_benchmarks/golden_policy_full_20260907/1167/cuts/aam.pkl.gz,/project/yunhengzou/coordinate_alignment/aam_benchmarks/golden_policy_full_20260907/1167/evaluation.json
1168,True,P_to_R,complete,recovered,True,False,False,3.2221900830045342,0.22555645741522312,3.7848900000000003,147.30078125,recovered,True,,/project/yunhengzou/coordinate_alignment/aam_benchmarks/golden_policy_full_20260907/1168/cuts/aam.pkl.gz,/project/yunhengzou/coordinate_alignment/aam_benchmarks/golden_policy_full_20260907/1168/evaluation.json
1169,False,R_to_P,complete,recovered,,False,False,1.6811149017885327,0.10028998646885157,2.4460759999999997,128.98828125,,,,/project/yunhengzou/coordinate_alignment/aam_benchmarks/golden_policy_full_20260907/1169/cuts/aam.pkl.gz,/project/yunhengzou/coordinate_alignment/aam_benchmarks/golden_policy_full_20260907/1169/evaluation.json
1170,False,R_to_P,complete,recovered,,False,True,2.218056454323232,0.20081342197954655,2.891617,146.25390625,,,,/project/yunhengzou/coordinate_alignment/aam_benchmarks/golden_policy_full_20260907/1170/cuts/aam.pkl.gz,/project/yunhengzou/coordinate_alignment/aam_benchmarks/golden_policy_full_20260907/1170/evaluation.json
1171,False,P_to_R,complete,recovered,,False,True,26.579758669249713,2.2144373059272766,25.933675,593.9296875,,,,/project/yunhengzou/coordinate_alignment/aam_benchmarks/golden_policy_full_20260907/1171/cuts/aam.pkl.gz,/project/yunhengzou/coordinate_alignment/aam_benchmarks/golden_policy_full_20260907/1171/evaluation.json
1172,True,P_to_R,complete,recovered,False,False,True,1.8171380143612623,0.2508382285013795,2.554181,136.84765625,not_recovered,False,gained,/project/yunhengzou/coordinate_alignment/aam_benchmarks/golden_policy_full_20260907/1172/cuts/aam.pkl.gz,/project/yunhengzou/coordinate_alignment/aam_benchmarks/golden_policy_full_20260907/1172/evaluation.json
1173,False,R_to_P,complete,recovered,,False,False,0.7314302241429687,0.08266055770218372,1.831609,128.0,,,,/project/yunhengzou/coordinate_alignment/aam_benchmarks/golden_policy_full_20260907/1173/cuts/aam.pkl.gz,/project/yunhengzou/coordinate_alignment/aam_benchmarks/golden_policy_full_20260907/1173/evaluation.json
1174,False,R_to_P,complete,recovered,,False,False,1.314301892183721,0.3068735897541046,2.152769,135.45703125,,,,/project/yunhengzou/coordinate_alignment/aam_benchmarks/golden_policy_full_20260907/1174/cuts/aam.pkl.gz,/project/yunhengzou/coordinate_alignment/aam_benchmarks/golden_policy_full_20260907/1174/evaluation.json
1175,False,R_to_P,complete,recovered,,False,True,4.352801672182977,0.31602475233376026,3.756601,171.93359375,,,,/project/yunhengzou/coordinate_alignment/aam_benchmarks/golden_policy_full_20260907/1175/cuts/aam.pkl.gz,/project/yunhengzou/coordinate_alignment/aam_benchmarks/golden_policy_full_20260907/1175/evaluation.json
1176,True,P_to_R,complete,recovered,True,False,True,0.8361503621563315,0.14248669520020485,1.791152,129.65234375,recovered,True,,/project/yunhengzou/coordinate_alignment/aam_benchmarks/golden_policy_full_20260907/1176/cuts/aam.pkl.gz,/project/yunhengzou/coordinate_alignment/aam_benchmarks/golden_policy_full_20260907/1176/evaluation.json
1177,False,R_to_P,complete,recovered,,False,False,1.3803155003115535,0.4477581065148115,2.368484,134.0859375,,,,/project/yunhengzou/coordinate_alignment/aam_benchmarks/golden_policy_full_20260907/1177/cuts/aam.pkl.gz,/project/yunhengzou/coordinate_alignment/aam_benchmarks/golden_policy_full_20260907/1177/evaluation.json
1178,False,R_to_P,complete,recovered,,False,False,0.17659486830234528,0.021162995137274265,1.172891,119.16796875,,,,/project/yunhengzou/coordinate_alignment/aam_benchmarks/golden_policy_full_20260907/1178/cuts/aam.pkl.gz,/project/yunhengzou/coordinate_alignment/aam_benchmarks/golden_policy_full_20260907/1178/evaluation.json
1179,True,P_to_R,complete,recovered,True,False,True,51.963139368919656,4.652122852858156,50.15095,1070.28125,recovered,True,,/project/yunhengzou/coordinate_alignment/aam_benchmarks/golden_policy_full_20260907/1179/cuts/aam.pkl.gz,/project/yunhengzou/coordinate_alignment/aam_benchmarks/golden_policy_full_20260907/1179/evaluation.json
1180,True,R_to_P,complete,recovered,True,False,False,4.906189685920253,0.3597832729574293,5.348819,155.703125,recovered,True,,/project/yunhengzou/coordinate_alignment/aam_benchmarks/golden_policy_full_20260907/1180/cuts/aam.pkl.gz,/project/yunhengzou/coordinate_alignment/aam_benchmarks/golden_policy_full_20260907/1180/evaluation.json
1181,True,P_to_R,complete,recovered,True,False,False,1.0325895589776337,0.12457354390062392,1.888033,130.7265625,recovered,True,,/project/yunhengzou/coordinate_alignment/aam_benchmarks/golden_policy_full_20260907/1181/cuts/aam.pkl.gz,/project/yunhengzou/coordinate_alignment/aam_benchmarks/golden_policy_full_20260907/1181/evaluation.json
1182,False,R_to_P,complete,recovered,,False,True,2.0660559949465096,0.1374994560610503,2.96345,161.60546875,,,,/project/yunhengzou/coordinate_alignment/aam_benchmarks/golden_policy_full_20260907/1182/cuts/aam.pkl.gz,/project/yunhengzou/coordinate_alignment/aam_benchmarks/golden_policy_full_20260907/1182/evaluation.json
1183,False,R_to_P,complete,recovered,,False,False,0.9303768209647387,0.06521555106155574,1.7317259999999999,124.00390625,,,,/project/yunhengzou/coordinate_alignment/aam_benchmarks/golden_policy_full_20260907/1183/cuts/aam.pkl.gz,/project/yunhengzou/coordinate_alignment/aam_benchmarks/golden_policy_full_20260907/1183/evaluation.json
1184,False,R_to_P,complete,recovered,,False,False,0.19112130207940936,0.018777003046125174,1.2235770000000001,118.96484375,,,,/project/yunhengzou/coordinate_alignment/aam_benchmarks/golden_policy_full_20260907/1184/cuts/aam.pkl.gz,/project/yunhengzou/coordinate_alignment/aam_benchmarks/golden_policy_full_20260907/1184/evaluation.json
1185,True,P_to_R,complete,recovered,True,False,True,1.1593591338023543,0.13077487610280514,2.128882,134.796875,recovered,True,,/project/yunhengzou/coordinate_alignment/aam_benchmarks/golden_policy_full_20260907/1185/cuts/aam.pkl.gz,/project/yunhengzou/coordinate_alignment/aam_benchmarks/golden_policy_full_20260907/1185/evaluation.json
1186,True,R_to_P,complete,recovered,True,False,True,7.461944938637316,1.1215551495552063,7.731827,223.8046875,recovered,True,,/project/yunhengzou/coordinate_alignment/aam_benchmarks/golden_policy_full_20260907/1186/cuts/aam.pkl.gz,/project/yunhengzou/coordinate_alignment/aam_benchmarks/golden_policy_full_20260907/1186/evaluation.json
1187,True,P_to_R,complete,recovered,True,False,True,18.627815317362547,2.067761638201773,18.598385,491.6328125,recovered,True,,/project/yunhengzou/coordinate_alignment/aam_benchmarks/golden_policy_full_20260907/1187/cuts/aam.pkl.gz,/project/yunhengzou/coordinate_alignment/aam_benchmarks/golden_policy_full_20260907/1187/evaluation.json
1188,False,R_to_P,complete,recovered,,False,False,0.6926952851936221,0.14929783903062344,1.7438629999999997,126.76953125,,,,/project/yunhengzou/coordinate_alignment/aam_benchmarks/golden_policy_full_20260907/1188/cuts/aam.pkl.gz,/project/yunhengzou/coordinate_alignment/aam_benchmarks/golden_policy_full_20260907/1188/evaluation.json
1189,True,P_to_R,complete,recovered,True,False,False,1.620453042909503,0.1231899606063962,2.255261,130.77734375,recovered,True,,/project/yunhengzou/coordinate_alignment/aam_benchmarks/golden_policy_full_20260907/1189/cuts/aam.pkl.gz,/project/yunhengzou/coordinate_alignment/aam_benchmarks/golden_policy_full_20260907/1189/evaluation.json
1190,True,P_to_R,complete,recovered,True,False,True,4.7663168190047145,0.6727857673540711,5.332688,194.0234375,recovered,True,,/project/yunhengzou/coordinate_alignment/aam_benchmarks/golden_policy_full_20260907/1190/cuts/aam.pkl.gz,/project/yunhengzou/coordinate_alignment/aam_benchmarks/golden_policy_full_20260907/1190/evaluation.json
1191,False,R_to_P,complete,recovered,,False,False,0.3247408512979746,0.021219932474195957,1.249956,118.375,,,,/project/yunhengzou/coordinate_alignment/aam_benchmarks/golden_policy_full_20260907/1191/cuts/aam.pkl.gz,/project/yunhengzou/coordinate_alignment/aam_benchmarks/golden_policy_full_20260907/1191/evaluation.json
1192,False,R_to_P,complete,recovered,,False,True,1.6604821132496,0.1517414841800928,2.5472270000000004,138.97265625,,,,/project/yunhengzou/coordinate_alignment/aam_benchmarks/golden_policy_full_20260907/1192/cuts/aam.pkl.gz,/project/yunhengzou/coordinate_alignment/aam_benchmarks/golden_policy_full_20260907/1192/evaluation.json
1193,True,P_to_R,complete,recovered,True,False,False,1.5189975053071976,0.10213265009224415,2.107785,129.05859375,recovered,True,,/project/yunhengzou/coordinate_alignment/aam_benchmarks/golden_policy_full_20260907/1193/cuts/aam.pkl.gz,/project/yunhengzou/coordinate_alignment/aam_benchmarks/golden_policy_full_20260907/1193/evaluation.json
1194,True,R_to_P,complete,recovered,True,False,False,1.3514265716075897,0.13615641463547945,1.969456,128.91015625,recovered,True,,/project/yunhengzou/coordinate_alignment/aam_benchmarks/golden_policy_full_20260907/1194/cuts/aam.pkl.gz,/project/yunhengzou/coordinate_alignment/aam_benchmarks/golden_policy_full_20260907/1194/evaluation.json
1195,False,R_to_P,complete,recovered,,False,False,3.290480598807335,0.43583344854414463,3.818116,148.2421875,,,,/project/yunhengzou/coordinate_alignment/aam_benchmarks/golden_policy_full_20260907/1195/cuts/aam.pkl.gz,/project/yunhengzou/coordinate_alignment/aam_benchmarks/golden_policy_full_20260907/1195/evaluation.json
1196,True,P_to_R,complete,recovered,True,False,False,2.4313992960378528,0.3581613367423415,3.138775,155.05078125,recovered,True,,/project/yunhengzou/coordinate_alignment/aam_benchmarks/golden_policy_full_20260907/1196/cuts/aam.pkl.gz,/project/yunhengzou/coordinate_alignment/aam_benchmarks/golden_policy_full_20260907/1196/evaluation.json
1197,False,R_to_P,complete,recovered,,False,True,0.8264331165701151,0.10744084697216749,1.788257,128.65234375,,,,/project/yunhengzou/coordinate_alignment/aam_benchmarks/golden_policy_full_20260907/1197/cuts/aam.pkl.gz,/project/yunhengzou/coordinate_alignment/aam_benchmarks/golden_policy_full_20260907/1197/evaluation.json
1198,False,R_to_P,complete,recovered,,False,False,0.5483715673908591,0.0821888092905283,1.4868350000000001,124.6171875,,,,/project/yunhengzou/coordinate_alignment/aam_benchmarks/golden_policy_full_20260907/1198/cuts/aam.pkl.gz,/project/yunhengzou/coordinate_alignment/aam_benchmarks/golden_policy_full_20260907/1198/evaluation.json
1199,False,R_to_P,complete,recovered,,False,True,1.7576025361195207,0.17748078890144825,2.650661,149.03125,,,,/project/yunhengzou/coordinate_alignment/aam_benchmarks/golden_policy_full_20260907/1199/cuts/aam.pkl.gz,/project/yunhengzou/coordinate_alignment/aam_benchmarks/golden_policy_full_20260907/1199/evaluation.json
1200,False,R_to_P,complete,recovered,,False,False,1.4437468135729432,0.07906512822955847,2.2079779999999998,125.421875,,,,/project/yunhengzou/coordinate_alignment/aam_benchmarks/golden_policy_full_20260907/1200/cuts/aam.pkl.gz,/project/yunhengzou/coordinate_alignment/aam_benchmarks/golden_policy_full_20260907/1200/evaluation.json
1201,False,P_to_R,complete,recovered,,False,True,4.046995396725833,0.3582435557618737,4.8020130000000005,187.82421875,,,,/project/yunhengzou/coordinate_alignment/aam_benchmarks/golden_policy_full_20260907/1201/cuts/aam.pkl.gz,/project/yunhengzou/coordinate_alignment/aam_benchmarks/golden_policy_full_20260907/1201/evaluation.json
1202,False,P_to_R,complete,recovered,,False,False,0.3383695902302861,0.055892099626362324,1.340786,120.7265625,,,,/project/yunhengzou/coordinate_alignment/aam_benchmarks/golden_policy_full_20260907/1202/cuts/aam.pkl.gz,/project/yunhengzou/coordinate_alignment/aam_benchmarks/golden_policy_full_20260907/1202/evaluation.json
1203,False,R_to_P,complete,recovered,,False,False,0.7968577463179827,0.18211092986166477,1.6504489999999998,124.765625,,,,/project/yunhengzou/coordinate_alignment/aam_benchmarks/golden_policy_full_20260907/1203/cuts/aam.pkl.gz,/project/yunhengzou/coordinate_alignment/aam_benchmarks/golden_policy_full_20260907/1203/evaluation.json
1204,False,R_to_P,complete,recovered,,False,False,0.1509956568479538,0.02576847467571497,1.137589,118.39453125,,,,/project/yunhengzou/coordinate_alignment/aam_benchmarks/golden_policy_full_20260907/1204/cuts/aam.pkl.gz,/project/yunhengzou/coordinate_alignment/aam_benchmarks/golden_policy_full_20260907/1204/evaluation.json
1205,False,P_to_R,complete,recovered,,False,False,0.14633505884557962,0.03302300628274679,1.1235469999999999,119.0234375,,,,/project/yunhengzou/coordinate_alignment/aam_benchmarks/golden_policy_full_20260907/1205/cuts/aam.pkl.gz,/project/yunhengzou/coordinate_alignment/aam_benchmarks/golden_policy_full_20260907/1205/evaluation.json
1206,True,P_to_R,complete,recovered,False,False,False,4.202462018467486,0.46631473395973444,4.659898,165.6640625,recovered,False,,/project/yunhengzou/coordinate_alignment/aam_benchmarks/golden_policy_full_20260907/1206/cuts/aam.pkl.gz,/project/yunhengzou/coordinate_alignment/aam_benchmarks/golden_policy_full_20260907/1206/evaluation.json
1207,True,R_to_P,complete,recovered,True,False,False,0.2615557415410876,0.03621236886829138,1.4183759999999999,120.53125,recovered,True,,/project/yunhengzou/coordinate_alignment/aam_benchmarks/golden_policy_full_20260907/1207/cuts/aam.pkl.gz,/project/yunhengzou/coordinate_alignment/aam_benchmarks/golden_policy_full_20260907/1207/evaluation.json
1208,True,P_to_R,complete,recovered,True,False,False,0.8147587785497308,0.11907164193689823,1.720327,126.16015625,recovered,True,,/project/yunhengzou/coordinate_alignment/aam_benchmarks/golden_policy_full_20260907/1208/cuts/aam.pkl.gz,/project/yunhengzou/coordinate_alignment/aam_benchmarks/golden_policy_full_20260907/1208/evaluation.json
1209,False,P_to_R,complete,recovered,,False,False,1.6309342021122575,0.0682777389883995,1.810682,127.4296875,,,,/project/yunhengzou/coordinate_alignment/aam_benchmarks/golden_policy_full_20260907/1209/cuts/aam.pkl.gz,/project/yunhengzou/coordinate_alignment/aam_benchmarks/golden_policy_full_20260907/1209/evaluation.json
1210,True,P_to_R,complete,recovered,True,False,True,5.721696629188955,0.5283607365563512,5.678413,183.94140625,recovered,True,,/project/yunhengzou/coordinate_alignment/aam_benchmarks/golden_policy_full_20260907/1210/cuts/aam.pkl.gz,/project/yunhengzou/coordinate_alignment/aam_benchmarks/golden_policy_full_20260907/1210/evaluation.json
1211,True,P_to_R,complete,recovered,True,False,True,9.17814221791923,1.0481399381533265,9.391458,264.34765625,recovered,True,,/project/yunhengzou/coordinate_alignment/aam_benchmarks/golden_policy_full_20260907/1211/cuts/aam.pkl.gz,/project/yunhengzou/coordinate_alignment/aam_benchmarks/golden_policy_full_20260907/1211/evaluation.json
1212,True,R_to_P,complete,recovered,True,False,True,7.224999962374568,1.0121314376592636,7.666775,232.83984375,recovered,True,,/project/yunhengzou/coordinate_alignment/aam_benchmarks/golden_policy_full_20260907/1212/cuts/aam.pkl.gz,/project/yunhengzou/coordinate_alignment/aam_benchmarks/golden_policy_full_20260907/1212/evaluation.json
1213,True,P_to_R,complete,recovered,True,False,True,2.498026566579938,0.16577882692217827,3.21432,133.82421875,recovered,True,,/project/yunhengzou/coordinate_alignment/aam_benchmarks/golden_policy_full_20260907/1213/cuts/aam.pkl.gz,/project/yunhengzou/coordinate_alignment/aam_benchmarks/golden_policy_full_20260907/1213/evaluation.json
1214,False,P_to_R,complete,recovered,,False,True,30.3517397379037,3.283031296916306,29.789302,653.62109375,,,,/project/yunhengzou/coordinate_alignment/aam_benchmarks/golden_policy_full_20260907/1214/cuts/aam.pkl.gz,/project/yunhengzou/coordinate_alignment/aam_benchmarks/golden_policy_full_20260907/1214/evaluation.json
1215,True,P_to_R,complete,recovered,False,False,True,8.304891450330615,0.788070997223258,7.173035,236.94140625,recovered,False,,/project/yunhengzou/coordinate_alignment/aam_benchmarks/golden_policy_full_20260907/1215/cuts/aam.pkl.gz,/project/yunhengzou/coordinate_alignment/aam_benchmarks/golden_policy_full_20260907/1215/evaluation.json
1216,False,R_to_P,complete,recovered,,False,True,3.081554936245084,0.23417645879089832,3.6211909999999996,170.2578125,,,,/project/yunhengzou/coordinate_alignment/aam_benchmarks/golden_policy_full_20260907/1216/cuts/aam.pkl.gz,/project/yunhengzou/coordinate_alignment/aam_benchmarks/golden_policy_full_20260907/1216/evaluation.json
1217,False,R_to_P,complete,recovered,,False,True,2.367340410128236,0.23172954469919205,2.93011,150.02734375,,,,/project/yunhengzou/coordinate_alignment/aam_benchmarks/golden_policy_full_20260907/1217/cuts/aam.pkl.gz,/project/yunhengzou/coordinate_alignment/aam_benchmarks/golden_policy_full_20260907/1217/evaluation.json
1218,True,R_to_P,complete,recovered,True,False,False,1.693208727054298,0.10374987102113664,2.334628,129.03515625,recovered,True,,/project/yunhengzou/coordinate_alignment/aam_benchmarks/golden_policy_full_20260907/1218/cuts/aam.pkl.gz,/project/yunhengzou/coordinate_alignment/aam_benchmarks/golden_policy_full_20260907/1218/evaluation.json
1219,False,R_to_P,complete,recovered,,False,True,1.5034083975479007,0.1551482966169715,2.2028950000000003,135.2421875,,,,/project/yunhengzou/coordinate_alignment/aam_benchmarks/golden_policy_full_20260907/1219/cuts/aam.pkl.gz,/project/yunhengzou/coordinate_alignment/aam_benchmarks/golden_policy_full_20260907/1219/evaluation.json
1220,False,R_to_P,complete,recovered,,False,False,1.123159415088594,0.1342131169512868,1.959221,127.62890625,,,,/project/yunhengzou/coordinate_alignment/aam_benchmarks/golden_policy_full_20260907/1220/cuts/aam.pkl.gz,/project/yunhengzou/coordinate_alignment/aam_benchmarks/golden_policy_full_20260907/1220/evaluation.json
1221,True,P_to_R,complete,recovered,True,False,True,25.975650923792273,3.0591207949910313,25.846902,606.63671875,recovered,True,,/project/yunhengzou/coordinate_alignment/aam_benchmarks/golden_policy_full_20260907/1221/cuts/aam.pkl.gz,/project/yunhengzou/coordinate_alignment/aam_benchmarks/golden_policy_full_20260907/1221/evaluation.json
1222,True,R_to_P,complete,recovered,True,False,True,3.0161138772964478,0.5592850791290402,3.60629,158.71484375,recovered,True,,/project/yunhengzou/coordinate_alignment/aam_benchmarks/golden_policy_full_20260907/1222/cuts/aam.pkl.gz,/project/yunhengzou/coordinate_alignment/aam_benchmarks/golden_policy_full_20260907/1222/evaluation.json
1223,False,R_to_P,complete,recovered,,False,True,1.056982608512044,0.11205514427274466,1.868574,127.59765625,,,,/project/yunhengzou/coordinate_alignment/aam_benchmarks/golden_policy_full_20260907/1223/cuts/aam.pkl.gz,/project/yunhengzou/coordinate_alignment/aam_benchmarks/golden_policy_full_20260907/1223/evaluation.json
1224,True,P_to_R,complete,recovered,True,False,False,0.6164139676839113,0.12065329868346453,1.5927829999999998,125.59765625,recovered,True,,/project/yunhengzou/coordinate_alignment/aam_benchmarks/golden_policy_full_20260907/1224/cuts/aam.pkl.gz,/project/yunhengzou/coordinate_alignment/aam_benchmarks/golden_policy_full_20260907/1224/evaluation.json
1225,False,R_to_P,complete,recovered,,False,True,17.71402259450406,1.650120527483523,15.698051000000001,385.9453125,,,,/project/yunhengzou/coordinate_alignment/aam_benchmarks/golden_policy_full_20260907/1225/cuts/aam.pkl.gz,/project/yunhengzou/coordinate_alignment/aam_benchmarks/golden_policy_full_20260907/1225/evaluation.json
1226,True,P_to_R,complete,recovered,True,False,True,61.69973507523537,10.76649004407227,58.852383,1214.875,recovered,True,,/project/yunhengzou/coordinate_alignment/aam_benchmarks/golden_policy_full_20260907/1226/cuts/aam.pkl.gz,/project/yunhengzou/coordinate_alignment/aam_benchmarks/golden_policy_full_20260907/1226/evaluation.json
1227,True,P_to_R,complete,recovered,True,False,True,49.91200624592602,6.162146687507629,48.439085,1046.41796875,not_recovered,False,gained,/project/yunhengzou/coordinate_alignment/aam_benchmarks/golden_policy_full_20260907/1227/cuts/aam.pkl.gz,/project/yunhengzou/coordinate_alignment/aam_benchmarks/golden_policy_full_20260907/1227/evaluation.json
1228,True,P_to_R,complete,not_recovered,False,False,True,26.40968321636319,4.983898972161114,25.880621,625.16015625,not_recovered,False,,/project/yunhengzou/coordinate_alignment/aam_benchmarks/golden_policy_full_20260907/1228/cuts/aam.pkl.gz,/project/yunhengzou/coordinate_alignment/aam_benchmarks/golden_policy_full_20260907/1228/evaluation.json
1229,True,P_to_R,complete,recovered,True,False,True,72.30710390023887,8.023134650662541,69.531,1550.22265625,recovered,True,,/project/yunhengzou/coordinate_alignment/aam_benchmarks/golden_policy_full_20260907/1229/cuts/aam.pkl.gz,/project/yunhengzou/coordinate_alignment/aam_benchmarks/golden_policy_full_20260907/1229/evaluation.json
1230,True,P_to_R,complete,not_recovered,False,False,True,48.821644842624664,7.913028423674405,48.131082,1075.07421875,recovered,False,lost,/project/yunhengzou/coordinate_alignment/aam_benchmarks/golden_policy_full_20260907/1230/cuts/aam.pkl.gz,/project/yunhengzou/coordinate_alignment/aam_benchmarks/golden_policy_full_20260907/1230/evaluation.json
1231,True,P_to_R,complete,recovered,True,False,False,7.239548206329346,0.48132194112986326,6.994964,189.27734375,recovered,True,,/project/yunhengzou/coordinate_alignment/aam_benchmarks/golden_policy_full_20260907/1231/cuts/aam.pkl.gz,/project/yunhengzou/coordinate_alignment/aam_benchmarks/golden_policy_full_20260907/1231/evaluation.json
1232,True,P_to_R,complete,recovered,False,False,True,51.533729523420334,7.414066683501005,49.398819,917.28125,recovered,True,,/project/yunhengzou/coordinate_alignment/aam_benchmarks/golden_policy_full_20260907/1232/cuts/aam.pkl.gz,/project/yunhengzou/coordinate_alignment/aam_benchmarks/golden_policy_full_20260907/1232/evaluation.json
1233,True,R_to_P,complete,recovered,True,False,True,13.452789220027626,2.075137603096664,12.311199,279.60546875,recovered,True,,/project/yunhengzou/coordinate_alignment/aam_benchmarks/golden_policy_full_20260907/1233/cuts/aam.pkl.gz,/project/yunhengzou/coordinate_alignment/aam_benchmarks/golden_policy_full_20260907/1233/evaluation.json
1234,True,P_to_R,complete,recovered,True,False,True,28.420248865149915,2.9483191100880504,28.026643,585.7109375,recovered,True,,/project/yunhengzou/coordinate_alignment/aam_benchmarks/golden_policy_full_20260907/1234/cuts/aam.pkl.gz,/project/yunhengzou/coordinate_alignment/aam_benchmarks/golden_policy_full_20260907/1234/evaluation.json
1235,True,R_to_P,complete,recovered,True,False,True,10.049408294260502,0.7286654720082879,9.298673,224.640625,recovered,True,,/project/yunhengzou/coordinate_alignment/aam_benchmarks/golden_policy_full_20260907/1235/cuts/aam.pkl.gz,/project/yunhengzou/coordinate_alignment/aam_benchmarks/golden_policy_full_20260907/1235/evaluation.json
1236,True,P_to_R,complete,recovered,True,False,True,12.68030557106249,1.088436366058886,11.290176,316.859375,recovered,True,,/project/yunhengzou/coordinate_alignment/aam_benchmarks/golden_policy_full_20260907/1236/cuts/aam.pkl.gz,/project/yunhengzou/coordinate_alignment/aam_benchmarks/golden_policy_full_20260907/1236/evaluation.json
1237,False,R_to_P,complete,recovered,,False,True,4.728493788978085,0.11079758103005588,3.238875,129.71875,,,,/project/yunhengzou/coordinate_alignment/aam_benchmarks/golden_policy_full_20260907/1237/cuts/aam.pkl.gz,/project/yunhengzou/coordinate_alignment/aam_benchmarks/golden_policy_full_20260907/1237/evaluation.json
1238,True,P_to_R,complete,recovered,True,False,True,204.3570187210571,18.983879999956116,197.429395,3958.3515625,recovered,True,,/project/yunhengzou/coordinate_alignment/aam_benchmarks/golden_policy_full_20260907/1238/cuts/aam.pkl.gz,/project/yunhengzou/coordinate_alignment/aam_benchmarks/golden_policy_full_20260907/1238/evaluation.json
1239,True,P_to_R,complete,recovered,True,False,True,47.42101073008962,4.640939853154123,46.432314,1017.578125,recovered,True,,/project/yunhengzou/coordinate_alignment/aam_benchmarks/golden_policy_full_20260907/1239/cuts/aam.pkl.gz,/project/yunhengzou/coordinate_alignment/aam_benchmarks/golden_policy_full_20260907/1239/evaluation.json
1240,True,P_to_R,complete,recovered,True,False,True,193.28415590408258,12.154948289040476,186.71755299999998,3673.875,recovered,True,,/project/yunhengzou/coordinate_alignment/aam_benchmarks/golden_policy_full_20260907/1240/cuts/aam.pkl.gz,/project/yunhengzou/coordinate_alignment/aam_benchmarks/golden_policy_full_20260907/1240/evaluation.json
1241,True,P_to_R,complete,recovered,True,False,True,27.958144515985623,3.6645397511310875,27.187216,626.42578125,recovered,True,,/project/yunhengzou/coordinate_alignment/aam_benchmarks/golden_policy_full_20260907/1241/cuts/aam.pkl.gz,/project/yunhengzou/coordinate_alignment/aam_benchmarks/golden_policy_full_20260907/1241/evaluation.json
1242,False,R_to_P,complete,recovered,,False,False,0.3203649378847331,0.03333208989351988,1.389873,121.09375,,,,/project/yunhengzou/coordinate_alignment/aam_benchmarks/golden_policy_full_20260907/1242/cuts/aam.pkl.gz,/project/yunhengzou/coordinate_alignment/aam_benchmarks/golden_policy_full_20260907/1242/evaluation.json
1243,False,R_to_P,complete,recovered,,False,False,0.4591442169621587,0.04346552584320307,1.510779,121.671875,,,,/project/yunhengzou/coordinate_alignment/aam_benchmarks/golden_policy_full_20260907/1243/cuts/aam.pkl.gz,/project/yunhengzou/coordinate_alignment/aam_benchmarks/golden_policy_full_20260907/1243/evaluation.json
1244,True,P_to_R,complete,recovered,True,False,True,4.510189555119723,0.32104609603993595,4.41894,187.44921875,recovered,True,,/project/yunhengzou/coordinate_alignment/aam_benchmarks/golden_policy_full_20260907/1244/cuts/aam.pkl.gz,/project/yunhengzou/coordinate_alignment/aam_benchmarks/golden_policy_full_20260907/1244/evaluation.json
1245,False,R_to_P,complete,recovered,,False,False,0.6756630220916122,0.06424837582744658,1.491484,123.546875,,,,/project/yunhengzou/coordinate_alignment/aam_benchmarks/golden_policy_full_20260907/1245/cuts/aam.pkl.gz,/project/yunhengzou/coordinate_alignment/aam_benchmarks/golden_policy_full_20260907/1245/evaluation.json
1246,True,R_to_P,complete,recovered,True,False,False,1.1101707860361785,0.07972032600082457,1.8257839999999999,124.734375,recovered,True,,/project/yunhengzou/coordinate_alignment/aam_benchmarks/golden_policy_full_20260907/1246/cuts/aam.pkl.gz,/project/yunhengzou/coordinate_alignment/aam_benchmarks/golden_policy_full_20260907/1246/evaluation.json
1247,False,R_to_P,complete,recovered,,False,True,5.554205875145271,1.4562352201901376,4.900514,179.47265625,,,,/project/yunhengzou/coordinate_alignment/aam_benchmarks/golden_policy_full_20260907/1247/cuts/aam.pkl.gz,/project/yunhengzou/coordinate_alignment/aam_benchmarks/golden_policy_full_20260907/1247/evaluation.json
1248,False,R_to_P,complete,recovered,,False,False,0.1951758163049817,0.03035911452025175,1.1732,119.40625,,,,/project/yunhengzou/coordinate_alignment/aam_benchmarks/golden_policy_full_20260907/1248/cuts/aam.pkl.gz,/project/yunhengzou/coordinate_alignment/aam_benchmarks/golden_policy_full_20260907/1248/evaluation.json
1249,False,P_to_R,complete,recovered,,False,False,0.28873772895894945,0.041285193990916014,1.306636,119.56640625,,,,/project/yunhengzou/coordinate_alignment/aam_benchmarks/golden_policy_full_20260907/1249/cuts/aam.pkl.gz,/project/yunhengzou/coordinate_alignment/aam_benchmarks/golden_policy_full_20260907/1249/evaluation.json
1250,False,R_to_P,complete,recovered,,False,False,0.334910592995584,0.041009509935975075,1.289837,120.4375,,,,/project/yunhengzou/coordinate_alignment/aam_benchmarks/golden_policy_full_20260907/1250/cuts/aam.pkl.gz,/project/yunhengzou/coordinate_alignment/aam_benchmarks/golden_policy_full_20260907/1250/evaluation.json
1251,False,P_to_R,complete,recovered,,False,False,0.32987475860863924,0.05871248338371515,1.260124,120.05859375,,,,/project/yunhengzou/coordinate_alignment/aam_benchmarks/golden_policy_full_20260907/1251/cuts/aam.pkl.gz,/project/yunhengzou/coordinate_alignment/aam_benchmarks/golden_policy_full_20260907/1251/evaluation.json
1252,True,P_to_R,complete,recovered,True,False,True,1.6473486917093396,0.15728886611759663,2.5457359999999998,142.80078125,recovered,True,,/project/yunhengzou/coordinate_alignment/aam_benchmarks/golden_policy_full_20260907/1252/cuts/aam.pkl.gz,/project/yunhengzou/coordinate_alignment/aam_benchmarks/golden_policy_full_20260907/1252/evaluation.json
1253,True,R_to_P,complete,recovered,True,False,False,1.1725594699382782,0.1189433429390192,2.142339,127.66796875,recovered,True,,/project/yunhengzou/coordinate_alignment/aam_benchmarks/golden_policy_full_20260907/1253/cuts/aam.pkl.gz,/project/yunhengzou/coordinate_alignment/aam_benchmarks/golden_policy_full_20260907/1253/evaluation.json
1254,False,R_to_P,complete,recovered,,False,False,1.025453700684011,0.0681764530017972,1.896089,126.61328125,,,,/project/yunhengzou/coordinate_alignment/aam_benchmarks/golden_policy_full_20260907/1254/cuts/aam.pkl.gz,/project/yunhengzou/coordinate_alignment/aam_benchmarks/golden_policy_full_20260907/1254/evaluation.json
1255,False,R_to_P,complete,recovered,,False,False,0.15299537172541022,0.017724893987178802,1.238365,116.95703125,,,,/project/yunhengzou/coordinate_alignment/aam_benchmarks/golden_policy_full_20260907/1255/cuts/aam.pkl.gz,/project/yunhengzou/coordinate_alignment/aam_benchmarks/golden_policy_full_20260907/1255/evaluation.json
1256,False,P_to_R,complete,recovered,,False,True,27.435489982366562,3.5825000004842877,27.167151999999998,597.38671875,,,,/project/yunhengzou/coordinate_alignment/aam_benchmarks/golden_policy_full_20260907/1256/cuts/aam.pkl.gz,/project/yunhengzou/coordinate_alignment/aam_benchmarks/golden_policy_full_20260907/1256/evaluation.json
1257,False,R_to_P,complete,recovered,,False,False,0.7559054531157017,0.07788294833153486,1.764688,128.87890625,,,,/project/yunhengzou/coordinate_alignment/aam_benchmarks/golden_policy_full_20260907/1257/cuts/aam.pkl.gz,/project/yunhengzou/coordinate_alignment/aam_benchmarks/golden_policy_full_20260907/1257/evaluation.json
1258,True,P_to_R,complete,recovered,True,False,True,13.040548000484705,1.3509318390861154,12.951621999999999,346.5,recovered,True,,/project/yunhengzou/coordinate_alignment/aam_benchmarks/golden_policy_full_20260907/1258/cuts/aam.pkl.gz,/project/yunhengzou/coordinate_alignment/aam_benchmarks/golden_policy_full_20260907/1258/evaluation.json
1259,False,R_to_P,complete,recovered,,False,False,0.25326382368803024,0.019228137098252773,1.305229,118.93359375,,,,/project/yunhengzou/coordinate_alignment/aam_benchmarks/golden_policy_full_20260907/1259/cuts/aam.pkl.gz,/project/yunhengzou/coordinate_alignment/aam_benchmarks/golden_policy_full_20260907/1259/evaluation.json
1260,True,P_to_R,complete,recovered,True,False,True,3.1438772780820727,0.2903451342135668,3.785044,171.9296875,recovered,True,,/project/yunhengzou/coordinate_alignment/aam_benchmarks/golden_policy_full_20260907/1260/cuts/aam.pkl.gz,/project/yunhengzou/coordinate_alignment/aam_benchmarks/golden_policy_full_20260907/1260/evaluation.json
1261,False,P_to_R,complete,recovered,,False,True,12.540910470299423,1.3113820431753993,12.550006999999999,351.5546875,,,,/project/yunhengzou/coordinate_alignment/aam_benchmarks/golden_policy_full_20260907/1261/cuts/aam.pkl.gz,/project/yunhengzou/coordinate_alignment/aam_benchmarks/golden_policy_full_20260907/1261/evaluation.json
1262,True,R_to_P,complete,recovered,True,False,False,18.202507248148322,2.15742102637887,18.178273,365.14453125,recovered,True,,/project/yunhengzou/coordinate_alignment/aam_benchmarks/golden_policy_full_20260907/1262/cuts/aam.pkl.gz,/project/yunhengzou/coordinate_alignment/aam_benchmarks/golden_policy_full_20260907/1262/evaluation.json
1263,True,R_to_P,complete,recovered,True,False,False,9.58188692573458,0.8380267368629575,9.673869,225.3515625,recovered,True,,/project/yunhengzou/coordinate_alignment/aam_benchmarks/golden_policy_full_20260907/1263/cuts/aam.pkl.gz,/project/yunhengzou/coordinate_alignment/aam_benchmarks/golden_policy_full_20260907/1263/evaluation.json
1264,False,R_to_P,complete,recovered,,False,True,60.59002132434398,16.309403885155916,59.527952,998.47265625,,,,/project/yunhengzou/coordinate_alignment/aam_benchmarks/golden_policy_full_20260907/1264/cuts/aam.pkl.gz,/project/yunhengzou/coordinate_alignment/aam_benchmarks/golden_policy_full_20260907/1264/evaluation.json
1265,False,R_to_P,complete,recovered,,False,True,1.5423658462241292,0.2797130960971117,2.384125,138.796875,,,,/project/yunhengzou/coordinate_alignment/aam_benchmarks/golden_policy_full_20260907/1265/cuts/aam.pkl.gz,/project/yunhengzou/coordinate_alignment/aam_benchmarks/golden_policy_full_20260907/1265/evaluation.json
1266,True,P_to_R,complete,recovered,True,False,False,0.14864643849432468,0.014784486033022404,1.28024,118.6171875,recovered,True,,/project/yunhengzou/coordinate_alignment/aam_benchmarks/golden_policy_full_20260907/1266/cuts/aam.pkl.gz,/project/yunhengzou/coordinate_alignment/aam_benchmarks/golden_policy_full_20260907/1266/evaluation.json
1267,True,P_to_R,complete,recovered,True,False,False,0.6366129778325558,0.06805622857064009,1.769091,124.984375,recovered,True,,/project/yunhengzou/coordinate_alignment/aam_benchmarks/golden_policy_full_20260907/1267/cuts/aam.pkl.gz,/project/yunhengzou/coordinate_alignment/aam_benchmarks/golden_policy_full_20260907/1267/evaluation.json
1268,True,P_to_R,complete,recovered,True,False,True,27.4462903579697,2.6766857320908457,26.687448,645.015625,recovered,True,,/project/yunhengzou/coordinate_alignment/aam_benchmarks/golden_policy_full_20260907/1268/cuts/aam.pkl.gz,/project/yunhengzou/coordinate_alignment/aam_benchmarks/golden_policy_full_20260907/1268/evaluation.json
1269,True,R_to_P,complete,recovered,True,False,False,0.9019625319633633,0.06191738904453814,1.7648,124.30078125,recovered,True,,/project/yunhengzou/coordinate_alignment/aam_benchmarks/golden_policy_full_20260907/1269/cuts/aam.pkl.gz,/project/yunhengzou/coordinate_alignment/aam_benchmarks/golden_policy_full_20260907/1269/evaluation.json
1270,False,R_to_P,complete,recovered,,False,False,0.8717727120965719,0.0417690621688962,1.67899,125.02734375,,,,/project/yunhengzou/coordinate_alignment/aam_benchmarks/golden_policy_full_20260907/1270/cuts/aam.pkl.gz,/project/yunhengzou/coordinate_alignment/aam_benchmarks/golden_policy_full_20260907/1270/evaluation.json
1271,True,P_to_R,complete,recovered,True,False,False,0.6760754529386759,0.0513503672555089,1.4800939999999998,123.91796875,recovered,True,,/project/yunhengzou/coordinate_alignment/aam_benchmarks/golden_policy_full_20260907/1271/cuts/aam.pkl.gz,/project/yunhengzou/coordinate_alignment/aam_benchmarks/golden_policy_full_20260907/1271/evaluation.json
1272,True,P_to_R,complete,recovered,True,False,True,19.846027676016092,2.5298320963047445,19.785904,501.0234375,recovered,True,,/project/yunhengzou/coordinate_alignment/aam_benchmarks/golden_policy_full_20260907/1272/cuts/aam.pkl.gz,/project/yunhengzou/coordinate_alignment/aam_benchmarks/golden_policy_full_20260907/1272/evaluation.json
1273,True,P_to_R,complete,recovered,True,False,True,3.8973414059728384,0.30493148183450103,4.6075029999999995,186.109375,recovered,True,,/project/yunhengzou/coordinate_alignment/aam_benchmarks/golden_policy_full_20260907/1273/cuts/aam.pkl.gz,/project/yunhengzou/coordinate_alignment/aam_benchmarks/golden_policy_full_20260907/1273/evaluation.json
1274,True,R_to_P,complete,recovered,True,False,False,0.9965966269373894,0.08046647487208247,1.9139749999999998,125.671875,recovered,True,,/project/yunhengzou/coordinate_alignment/aam_benchmarks/golden_policy_full_20260907/1274/cuts/aam.pkl.gz,/project/yunhengzou/coordinate_alignment/aam_benchmarks/golden_policy_full_20260907/1274/evaluation.json
1275,True,P_to_R,complete,recovered,True,False,False,1.7057384392246604,0.15624244045466185,2.7053819999999997,134.59375,recovered,True,,/project/yunhengzou/coordinate_alignment/aam_benchmarks/golden_policy_full_20260907/1275/cuts/aam.pkl.gz,/project/yunhengzou/coordinate_alignment/aam_benchmarks/golden_policy_full_20260907/1275/evaluation.json
1276,False,R_to_P,complete,recovered,,False,False,1.3581982292234898,0.06673607509583235,2.1901949999999997,127.8515625,,,,/project/yunhengzou/coordinate_alignment/aam_benchmarks/golden_policy_full_20260907/1276/cuts/aam.pkl.gz,/project/yunhengzou/coordinate_alignment/aam_benchmarks/golden_policy_full_20260907/1276/evaluation.json
1277,True,P_to_R,complete,recovered,True,False,True,32.92961263190955,3.834932306781411,32.840703000000005,729.41796875,recovered,True,,/project/yunhengzou/coordinate_alignment/aam_benchmarks/golden_policy_full_20260907/1277/cuts/aam.pkl.gz,/project/yunhengzou/coordinate_alignment/aam_benchmarks/golden_policy_full_20260907/1277/evaluation.json
1278,True,R_to_P,complete,recovered,True,False,True,1.242888204753399,0.1600826969370246,2.242004,135.05078125,recovered,True,,/project/yunhengzou/coordinate_alignment/aam_benchmarks/golden_policy_full_20260907/1278/cuts/aam.pkl.gz,/project/yunhengzou/coordinate_alignment/aam_benchmarks/golden_policy_full_20260907/1278/evaluation.json
1279,True,P_to_R,complete,recovered,True,False,False,0.522543877363205,0.07885565515607595,1.627602,125.51171875,recovered,True,,/project/yunhengzou/coordinate_alignment/aam_benchmarks/golden_policy_full_20260907/1279/cuts/aam.pkl.gz,/project/yunhengzou/coordinate_alignment/aam_benchmarks/golden_policy_full_20260907/1279/evaluation.json
1280,False,R_to_P,complete,recovered,,False,True,0.941604245454073,0.08195537608116865,1.99316,128.265625,,,,/project/yunhengzou/coordinate_alignment/aam_benchmarks/golden_policy_full_20260907/1280/cuts/aam.pkl.gz,/project/yunhengzou/coordinate_alignment/aam_benchmarks/golden_policy_full_20260907/1280/evaluation.json
1281,False,R_to_P,complete,recovered,,False,True,6.418846881017089,0.9847089918330312,7.15814,228.796875,,,,/project/yunhengzou/coordinate_alignment/aam_benchmarks/golden_policy_full_20260907/1281/cuts/aam.pkl.gz,/project/yunhengzou/coordinate_alignment/aam_benchmarks/golden_policy_full_20260907/1281/evaluation.json
1282,True,P_to_R,complete,recovered,True,False,False,0.7063424726948142,0.06114799715578556,1.6063839999999998,124.39453125,recovered,True,,/project/yunhengzou/coordinate_alignment/aam_benchmarks/golden_policy_full_20260907/1282/cuts/aam.pkl.gz,/project/yunhengzou/coordinate_alignment/aam_benchmarks/golden_policy_full_20260907/1282/evaluation.json
1283,True,P_to_R,complete,recovered,True,False,True,1.1037942245602608,0.18177214823663235,2.0783829999999996,134.5234375,recovered,True,,/project/yunhengzou/coordinate_alignment/aam_benchmarks/golden_policy_full_20260907/1283/cuts/aam.pkl.gz,/project/yunhengzou/coordinate_alignment/aam_benchmarks/golden_policy_full_20260907/1283/evaluation.json
1284,False,R_to_P,complete,recovered,,False,True,4.468345899134874,0.4570711562409997,5.202374,188.2734375,,,,/project/yunhengzou/coordinate_alignment/aam_benchmarks/golden_policy_full_20260907/1284/cuts/aam.pkl.gz,/project/yunhengzou/coordinate_alignment/aam_benchmarks/golden_policy_full_20260907/1284/evaluation.json
1285,True,P_to_R,complete,not_recovered,False,False,True,0.9169149370864034,0.19967660959810019,1.794735,132.125,not_recovered,False,,/project/yunhengzou/coordinate_alignment/aam_benchmarks/golden_policy_full_20260907/1285/cuts/aam.pkl.gz,/project/yunhengzou/coordinate_alignment/aam_benchmarks/golden_policy_full_20260907/1285/evaluation.json
1286,False,P_to_R,complete,recovered,,False,False,0.30965290032327175,0.026928681880235672,1.3213469999999998,119.40625,,,,/project/yunhengzou/coordinate_alignment/aam_benchmarks/golden_policy_full_20260907/1286/cuts/aam.pkl.gz,/project/yunhengzou/coordinate_alignment/aam_benchmarks/golden_policy_full_20260907/1286/evaluation.json
1287,True,P_to_R,complete,recovered,True,False,True,25.395288328640163,2.3366138227283955,25.158905,622.53125,recovered,True,,/project/yunhengzou/coordinate_alignment/aam_benchmarks/golden_policy_full_20260907/1287/cuts/aam.pkl.gz,/project/yunhengzou/coordinate_alignment/aam_benchmarks/golden_policy_full_20260907/1287/evaluation.json
1288,True,P_to_R,complete,recovered,True,False,True,9.920030589215457,1.2141043161973357,10.271448999999999,267.81640625,recovered,True,,/project/yunhengzou/coordinate_alignment/aam_benchmarks/golden_policy_full_20260907/1288/cuts/aam.pkl.gz,/project/yunhengzou/coordinate_alignment/aam_benchmarks/golden_policy_full_20260907/1288/evaluation.json
1289,True,P_to_R,complete,recovered,True,False,True,1.1120370933786035,0.13031136989593506,2.085408,131.39453125,recovered,True,,/project/yunhengzou/coordinate_alignment/aam_benchmarks/golden_policy_full_20260907/1289/cuts/aam.pkl.gz,/project/yunhengzou/coordinate_alignment/aam_benchmarks/golden_policy_full_20260907/1289/evaluation.json
1290,True,R_to_P,complete,recovered,True,False,False,0.790373669937253,0.053054939955472946,1.607693,120.94140625,recovered,True,,/project/yunhengzou/coordinate_alignment/aam_benchmarks/golden_policy_full_20260907/1290/cuts/aam.pkl.gz,/project/yunhengzou/coordinate_alignment/aam_benchmarks/golden_policy_full_20260907/1290/evaluation.json
1291,False,R_to_P,complete,recovered,,False,False,0.45710414089262486,0.043748061172664165,1.41864,120.890625,,,,/project/yunhengzou/coordinate_alignment/aam_benchmarks/golden_policy_full_20260907/1291/cuts/aam.pkl.gz,/project/yunhengzou/coordinate_alignment/aam_benchmarks/golden_policy_full_20260907/1291/evaluation.json
1292,False,R_to_P,complete,recovered,,False,False,0.6243466939777136,0.04390906170010567,1.585763,123.09375,,,,/project/yunhengzou/coordinate_alignment/aam_benchmarks/golden_policy_full_20260907/1292/cuts/aam.pkl.gz,/project/yunhengzou/coordinate_alignment/aam_benchmarks/golden_policy_full_20260907/1292/evaluation.json
1293,True,P_to_R,complete,recovered,True,False,False,0.8054330693557858,0.07101926859468222,1.690574,125.8984375,recovered,True,,/project/yunhengzou/coordinate_alignment/aam_benchmarks/golden_policy_full_20260907/1293/cuts/aam.pkl.gz,/project/yunhengzou/coordinate_alignment/aam_benchmarks/golden_policy_full_20260907/1293/evaluation.json
1294,True,P_to_R,complete,recovered,True,False,False,0.9397937031462789,0.1216743066906929,1.9614369999999999,129.5,recovered,True,,/project/yunhengzou/coordinate_alignment/aam_benchmarks/golden_policy_full_20260907/1294/cuts/aam.pkl.gz,/project/yunhengzou/coordinate_alignment/aam_benchmarks/golden_policy_full_20260907/1294/evaluation.json
1295,False,R_to_P,complete,recovered,,False,False,0.6398263117298484,0.030106499791145325,1.5953380000000001,120.33984375,,,,/project/yunhengzou/coordinate_alignment/aam_benchmarks/golden_policy_full_20260907/1295/cuts/aam.pkl.gz,/project/yunhengzou/coordinate_alignment/aam_benchmarks/golden_policy_full_20260907/1295/evaluation.json
1296,True,R_to_P,complete,recovered,True,False,False,0.7352321902289987,0.04066436272114515,1.6962969999999997,120.49609375,recovered,True,,/project/yunhengzou/coordinate_alignment/aam_benchmarks/golden_policy_full_20260907/1296/cuts/aam.pkl.gz,/project/yunhengzou/coordinate_alignment/aam_benchmarks/golden_policy_full_20260907/1296/evaluation.json
1297,False,R_to_P,complete,recovered,,False,False,1.319478543009609,0.04989351984113455,2.07524,124.1015625,,,,/project/yunhengzou/coordinate_alignment/aam_benchmarks/golden_policy_full_20260907/1297/cuts/aam.pkl.gz,/project/yunhengzou/coordinate_alignment/aam_benchmarks/golden_policy_full_20260907/1297/evaluation.json
1298,True,P_to_R,complete,recovered,True,False,False,0.9074325410183519,0.08478296198882163,1.776089,124.94140625,recovered,True,,/project/yunhengzou/coordinate_alignment/aam_benchmarks/golden_policy_full_20260907/1298/cuts/aam.pkl.gz,/project/yunhengzou/coordinate_alignment/aam_benchmarks/golden_policy_full_20260907/1298/evaluation.json
1299,True,P_to_R,complete,recovered,True,False,True,1.5219928689766675,0.17227157414890826,2.332461,133.484375,recovered,True,,/project/yunhengzou/coordinate_alignment/aam_benchmarks/golden_policy_full_20260907/1299/cuts/aam.pkl.gz,/project/yunhengzou/coordinate_alignment/aam_benchmarks/golden_policy_full_20260907/1299/evaluation.json
1300,False,R_to_P,complete,recovered,,False,True,2.979647730011493,0.29444690700620413,3.7175960000000003,159.1171875,,,,/project/yunhengzou/coordinate_alignment/aam_benchmarks/golden_policy_full_20260907/1300/cuts/aam.pkl.gz,/project/yunhengzou/coordinate_alignment/aam_benchmarks/golden_policy_full_20260907/1300/evaluation.json
1301,False,R_to_P,complete,recovered,,False,True,0.8308449499309063,0.09050325793214142,1.8037429999999999,130.3203125,,,,/project/yunhengzou/coordinate_alignment/aam_benchmarks/golden_policy_full_20260907/1301/cuts/aam.pkl.gz,/project/yunhengzou/coordinate_alignment/aam_benchmarks/golden_policy_full_20260907/1301/evaluation.json
1302,True,R_to_P,complete,recovered,True,False,False,0.4790441272780299,0.05151137197390199,1.35076,120.26953125,recovered,True,,/project/yunhengzou/coordinate_alignment/aam_benchmarks/golden_policy_full_20260907/1302/cuts/aam.pkl.gz,/project/yunhengzou/coordinate_alignment/aam_benchmarks/golden_policy_full_20260907/1302/evaluation.json
1303,False,R_to_P,complete,recovered,,False,True,1.4327615671791136,0.13857143092900515,2.258994,143.16796875,,,,/project/yunhengzou/coordinate_alignment/aam_benchmarks/golden_policy_full_20260907/1303/cuts/aam.pkl.gz,/project/yunhengzou/coordinate_alignment/aam_benchmarks/golden_policy_full_20260907/1303/evaluation.json
1304,True,P_to_R,complete,recovered,True,False,True,38.06165074603632,5.207775924820453,37.533587000000004,802.11328125,recovered,True,,/project/yunhengzou/coordinate_alignment/aam_benchmarks/golden_policy_full_20260907/1304/cuts/aam.pkl.gz,/project/yunhengzou/coordinate_alignment/aam_benchmarks/golden_policy_full_20260907/1304/evaluation.json
1305,True,P_to_R,complete,recovered,True,False,False,1.0007859119214118,0.16249881498515606,1.78687,128.59375,recovered,True,,/project/yunhengzou/coordinate_alignment/aam_benchmarks/golden_policy_full_20260907/1305/cuts/aam.pkl.gz,/project/yunhengzou/coordinate_alignment/aam_benchmarks/golden_policy_full_20260907/1305/evaluation.json
1306,True,P_to_R,complete,recovered,True,False,True,14.242933101020753,1.9370689550414681,14.337882,400.51171875,recovered,True,,/project/yunhengzou/coordinate_alignment/aam_benchmarks/golden_policy_full_20260907/1306/cuts/aam.pkl.gz,/project/yunhengzou/coordinate_alignment/aam_benchmarks/golden_policy_full_20260907/1306/evaluation.json
1307,True,P_to_R,complete,recovered,True,False,True,8.347312380094081,1.3656926061958075,8.984759,269.16015625,recovered,True,,/project/yunhengzou/coordinate_alignment/aam_benchmarks/golden_policy_full_20260907/1307/cuts/aam.pkl.gz,/project/yunhengzou/coordinate_alignment/aam_benchmarks/golden_policy_full_20260907/1307/evaluation.json
1308,True,P_to_R,complete,recovered,True,False,True,8.31866391794756,0.581948499660939,7.320771000000001,235.06640625,recovered,True,,/project/yunhengzou/coordinate_alignment/aam_benchmarks/golden_policy_full_20260907/1308/cuts/aam.pkl.gz,/project/yunhengzou/coordinate_alignment/aam_benchmarks/golden_policy_full_20260907/1308/evaluation.json
1309,False,R_to_P,complete,recovered,,False,True,1.3324430463835597,0.17513978201895952,2.204443,137.34765625,,,,/project/yunhengzou/coordinate_alignment/aam_benchmarks/golden_policy_full_20260907/1309/cuts/aam.pkl.gz,/project/yunhengzou/coordinate_alignment/aam_benchmarks/golden_policy_full_20260907/1309/evaluation.json
1310,True,P_to_R,complete,recovered,True,False,True,9.976884426083416,1.5178995123133063,10.430662,320.58203125,recovered,True,,/project/yunhengzou/coordinate_alignment/aam_benchmarks/golden_policy_full_20260907/1310/cuts/aam.pkl.gz,/project/yunhengzou/coordinate_alignment/aam_benchmarks/golden_policy_full_20260907/1310/evaluation.json
1311,True,P_to_R,complete,recovered,True,False,True,2.274737562984228,0.3054159260354936,3.068485,156.78125,recovered,True,,/project/yunhengzou/coordinate_alignment/aam_benchmarks/golden_policy_full_20260907/1311/cuts/aam.pkl.gz,/project/yunhengzou/coordinate_alignment/aam_benchmarks/golden_policy_full_20260907/1311/evaluation.json
1312,True,P_to_R,complete,recovered,True,False,True,8.60662201512605,1.090661940164864,9.224245,303.28125,not_recovered,False,gained,/project/yunhengzou/coordinate_alignment/aam_benchmarks/golden_policy_full_20260907/1312/cuts/aam.pkl.gz,/project/yunhengzou/coordinate_alignment/aam_benchmarks/golden_policy_full_20260907/1312/evaluation.json
1313,False,R_to_P,complete,unknown,,False,True,7.657178961671889,120.30199178028852,8.437343,241.48046875,,,,/project/yunhengzou/coordinate_alignment/aam_benchmarks/golden_policy_full_20260907/1313/cuts/aam.pkl.gz,/project/yunhengzou/coordinate_alignment/aam_benchmarks/golden_policy_full_20260907/1313/evaluation.json
1314,True,P_to_R,complete,not_recovered,False,False,True,25.766805165447295,6.849031833931804,26.074036999999997,583.1796875,not_recovered,False,,/project/yunhengzou/coordinate_alignment/aam_benchmarks/golden_policy_full_20260907/1314/cuts/aam.pkl.gz,/project/yunhengzou/coordinate_alignment/aam_benchmarks/golden_policy_full_20260907/1314/evaluation.json
1315,True,P_to_R,complete,recovered,True,False,True,6.7062973738648,1.0598631470929831,7.474536,239.8203125,recovered,True,,/project/yunhengzou/coordinate_alignment/aam_benchmarks/golden_policy_full_20260907/1315/cuts/aam.pkl.gz,/project/yunhengzou/coordinate_alignment/aam_benchmarks/golden_policy_full_20260907/1315/evaluation.json
1316,True,P_to_R,complete,recovered,True,False,False,0.23949835915118456,0.050258892588317394,1.134319,119.96484375,recovered,True,,/project/yunhengzou/coordinate_alignment/aam_benchmarks/golden_policy_full_20260907/1316/cuts/aam.pkl.gz,/project/yunhengzou/coordinate_alignment/aam_benchmarks/golden_policy_full_20260907/1316/evaluation.json
1317,True,P_to_R,complete,recovered,True,False,True,3.5391246881335974,0.6631413483992219,4.290424000000001,184.77734375,recovered,True,,/project/yunhengzou/coordinate_alignment/aam_benchmarks/golden_policy_full_20260907/1317/cuts/aam.pkl.gz,/project/yunhengzou/coordinate_alignment/aam_benchmarks/golden_policy_full_20260907/1317/evaluation.json
1318,True,P_to_R,complete,recovered,True,False,True,22.546695517376065,4.2251264322549105,22.800591,548.4609375,recovered,True,,/project/yunhengzou/coordinate_alignment/aam_benchmarks/golden_policy_full_20260907/1318/cuts/aam.pkl.gz,/project/yunhengzou/coordinate_alignment/aam_benchmarks/golden_policy_full_20260907/1318/evaluation.json
1319,True,P_to_R,complete,recovered,False,False,True,2.2534548121038824,0.3627634870354086,3.0083349999999998,153.87109375,recovered,False,,/project/yunhengzou/coordinate_alignment/aam_benchmarks/golden_policy_full_20260907/1319/cuts/aam.pkl.gz,/project/yunhengzou/coordinate_alignment/aam_benchmarks/golden_policy_full_20260907/1319/evaluation.json
1320,True,P_to_R,complete,recovered,True,False,False,1.466016223654151,0.10822486784309149,2.135838,133.66015625,recovered,True,,/project/yunhengzou/coordinate_alignment/aam_benchmarks/golden_policy_full_20260907/1320/cuts/aam.pkl.gz,/project/yunhengzou/coordinate_alignment/aam_benchmarks/golden_policy_full_20260907/1320/evaluation.json
1321,True,P_to_R,complete,recovered,True,False,False,0.17574808094650507,0.016945178620517254,1.103888,119.52734375,recovered,True,,/project/yunhengzou/coordinate_alignment/aam_benchmarks/golden_policy_full_20260907/1321/cuts/aam.pkl.gz,/project/yunhengzou/coordinate_alignment/aam_benchmarks/golden_policy_full_20260907/1321/evaluation.json
1322,True,P_to_R,complete,recovered,True,False,False,0.25967472046613693,0.022929197177290916,1.224487,119.953125,recovered,True,,/project/yunhengzou/coordinate_alignment/aam_benchmarks/golden_policy_full_20260907/1322/cuts/aam.pkl.gz,/project/yunhengzou/coordinate_alignment/aam_benchmarks/golden_policy_full_20260907/1322/evaluation.json
1323,True,P_to_R,complete,recovered,True,False,True,15.110457974486053,1.5297992266714573,15.703745999999999,398.83984375,recovered,True,,/project/yunhengzou/coordinate_alignment/aam_benchmarks/golden_policy_full_20260907/1323/cuts/aam.pkl.gz,/project/yunhengzou/coordinate_alignment/aam_benchmarks/golden_policy_full_20260907/1323/evaluation.json
1324,False,R_to_P,complete,recovered,,False,True,8.937727383337915,1.3833758672699332,9.627714000000001,295.9453125,,,,/project/yunhengzou/coordinate_alignment/aam_benchmarks/golden_policy_full_20260907/1324/cuts/aam.pkl.gz,/project/yunhengzou/coordinate_alignment/aam_benchmarks/golden_policy_full_20260907/1324/evaluation.json
1325,True,P_to_R,complete,recovered,True,False,True,20.887234257534146,3.1493512140586972,21.282094999999998,476.76953125,recovered,True,,/project/yunhengzou/coordinate_alignment/aam_benchmarks/golden_policy_full_20260907/1325/cuts/aam.pkl.gz,/project/yunhengzou/coordinate_alignment/aam_benchmarks/golden_policy_full_20260907/1325/evaluation.json
1326,True,P_to_R,complete,recovered,False,False,True,1.2241544928401709,0.4164278730750084,2.0986029999999998,136.890625,recovered,False,,/project/yunhengzou/coordinate_alignment/aam_benchmarks/golden_policy_full_20260907/1326/cuts/aam.pkl.gz,/project/yunhengzou/coordinate_alignment/aam_benchmarks/golden_policy_full_20260907/1326/evaluation.json
1327,True,R_to_P,complete,recovered,False,False,True,5.867471866309643,1.1602890836074948,6.629662,205.34375,recovered,False,,/project/yunhengzou/coordinate_alignment/aam_benchmarks/golden_policy_full_20260907/1327/cuts/aam.pkl.gz,/project/yunhengzou/coordinate_alignment/aam_benchmarks/golden_policy_full_20260907/1327/evaluation.json
1328,True,P_to_R,complete,recovered,True,False,True,3.1912553030997515,0.4855016656219959,3.946688,180.0390625,recovered,True,,/project/yunhengzou/coordinate_alignment/aam_benchmarks/golden_policy_full_20260907/1328/cuts/aam.pkl.gz,/project/yunhengzou/coordinate_alignment/aam_benchmarks/golden_policy_full_20260907/1328/evaluation.json
1329,False,R_to_P,complete,recovered,,False,False,0.22211225237697363,0.011184405535459518,1.209357,118.75390625,,,,/project/yunhengzou/coordinate_alignment/aam_benchmarks/golden_policy_full_20260907/1329/cuts/aam.pkl.gz,/project/yunhengzou/coordinate_alignment/aam_benchmarks/golden_policy_full_20260907/1329/evaluation.json
1330,True,P_to_R,complete,recovered,True,False,True,20.261650666594505,2.6892918813973665,19.150089,515.28125,recovered,True,,/project/yunhengzou/coordinate_alignment/aam_benchmarks/golden_policy_full_20260907/1330/cuts/aam.pkl.gz,/project/yunhengzou/coordinate_alignment/aam_benchmarks/golden_policy_full_20260907/1330/evaluation.json
1331,True,P_to_R,complete,recovered,True,False,True,6.619260486215353,0.7802639426663518,7.266882,243.4375,recovered,True,,/project/yunhengzou/coordinate_alignment/aam_benchmarks/golden_policy_full_20260907/1331/cuts/aam.pkl.gz,/project/yunhengzou/coordinate_alignment/aam_benchmarks/golden_policy_full_20260907/1331/evaluation.json
1332,False,R_to_P,complete,recovered,,False,False,0.35613431595265865,0.01668467652052641,1.28562,118.55078125,,,,/project/yunhengzou/coordinate_alignment/aam_benchmarks/golden_policy_full_20260907/1332/cuts/aam.pkl.gz,/project/yunhengzou/coordinate_alignment/aam_benchmarks/golden_policy_full_20260907/1332/evaluation.json
1333,True,P_to_R,complete,recovered,True,False,True,4.2937303595244884,0.8906651176512241,5.007334,199.171875,recovered,True,,/project/yunhengzou/coordinate_alignment/aam_benchmarks/golden_policy_full_20260907/1333/cuts/aam.pkl.gz,/project/yunhengzou/coordinate_alignment/aam_benchmarks/golden_policy_full_20260907/1333/evaluation.json
1334,False,R_to_P,complete,recovered,,False,False,1.0211812825873494,0.10351474396884441,1.855562,129.77734375,,,,/project/yunhengzou/coordinate_alignment/aam_benchmarks/golden_policy_full_20260907/1334/cuts/aam.pkl.gz,/project/yunhengzou/coordinate_alignment/aam_benchmarks/golden_policy_full_20260907/1334/evaluation.json
1335,True,P_to_R,complete,recovered,True,False,False,0.49025225453078747,0.07683842815458775,1.39312,125.86328125,recovered,True,,/project/yunhengzou/coordinate_alignment/aam_benchmarks/golden_policy_full_20260907/1335/cuts/aam.pkl.gz,/project/yunhengzou/coordinate_alignment/aam_benchmarks/golden_policy_full_20260907/1335/evaluation.json
1336,True,P_to_R,complete,recovered,True,False,True,3.4164465656504035,0.37686278484761715,4.100884,178.140625,recovered,True,,/project/yunhengzou/coordinate_alignment/aam_benchmarks/golden_policy_full_20260907/1336/cuts/aam.pkl.gz,/project/yunhengzou/coordinate_alignment/aam_benchmarks/golden_policy_full_20260907/1336/evaluation.json
1337,True,P_to_R,complete,recovered,True,False,False,0.6031105751171708,0.03793081874027848,1.49052,120.5,recovered,True,,/project/yunhengzou/coordinate_alignment/aam_benchmarks/golden_policy_full_20260907/1337/cuts/aam.pkl.gz,/project/yunhengzou/coordinate_alignment/aam_benchmarks/golden_policy_full_20260907/1337/evaluation.json
1338,True,P_to_R,complete,recovered,True,False,False,0.9591545220464468,0.06652405299246311,1.714179,126.08203125,recovered,True,,/project/yunhengzou/coordinate_alignment/aam_benchmarks/golden_policy_full_20260907/1338/cuts/aam.pkl.gz,/project/yunhengzou/coordinate_alignment/aam_benchmarks/golden_policy_full_20260907/1338/evaluation.json
1339,True,P_to_R,complete,recovered,True,False,True,2.108973416965455,0.3469786043278873,2.863348,144.0234375,recovered,True,,/project/yunhengzou/coordinate_alignment/aam_benchmarks/golden_policy_full_20260907/1339/cuts/aam.pkl.gz,/project/yunhengzou/coordinate_alignment/aam_benchmarks/golden_policy_full_20260907/1339/evaluation.json
1340,True,P_to_R,complete,recovered,True,False,False,0.30666425498202443,0.01692360220476985,1.263206,119.265625,recovered,True,,/project/yunhengzou/coordinate_alignment/aam_benchmarks/golden_policy_full_20260907/1340/cuts/aam.pkl.gz,/project/yunhengzou/coordinate_alignment/aam_benchmarks/golden_policy_full_20260907/1340/evaluation.json
1341,True,P_to_R,complete,recovered,True,False,False,0.28658156283199787,0.014647088013589382,1.243638,119.671875,recovered,True,,/project/yunhengzou/coordinate_alignment/aam_benchmarks/golden_policy_full_20260907/1341/cuts/aam.pkl.gz,/project/yunhengzou/coordinate_alignment/aam_benchmarks/golden_policy_full_20260907/1341/evaluation.json
1342,True,R_to_P,complete,recovered,True,False,False,0.08376024290919304,0.006932388991117477,1.124277,117.484375,recovered,True,,/project/yunhengzou/coordinate_alignment/aam_benchmarks/golden_policy_full_20260907/1342/cuts/aam.pkl.gz,/project/yunhengzou/coordinate_alignment/aam_benchmarks/golden_policy_full_20260907/1342/evaluation.json
1343,True,P_to_R,complete,recovered,True,False,False,0.37220718432217836,0.038294265046715736,1.3790809999999998,121.0078125,recovered,True,,/project/yunhengzou/coordinate_alignment/aam_benchmarks/golden_policy_full_20260907/1343/cuts/aam.pkl.gz,/project/yunhengzou/coordinate_alignment/aam_benchmarks/golden_policy_full_20260907/1343/evaluation.json
1344,True,P_to_R,complete,recovered,True,False,False,0.8052616091445088,0.07147619407624006,1.815823,134.4921875,recovered,True,,/project/yunhengzou/coordinate_alignment/aam_benchmarks/golden_policy_full_20260907/1344/cuts/aam.pkl.gz,/project/yunhengzou/coordinate_alignment/aam_benchmarks/golden_policy_full_20260907/1344/evaluation.json
1345,True,P_to_R,complete,recovered,True,False,False,0.15088379383087158,0.012718355283141136,1.178558,119.05078125,recovered,True,,/project/yunhengzou/coordinate_alignment/aam_benchmarks/golden_policy_full_20260907/1345/cuts/aam.pkl.gz,/project/yunhengzou/coordinate_alignment/aam_benchmarks/golden_policy_full_20260907/1345/evaluation.json
1346,False,R_to_P,complete,recovered,,False,False,0.429530780762434,0.0494255181401968,1.328745,121.609375,,,,/project/yunhengzou/coordinate_alignment/aam_benchmarks/golden_policy_full_20260907/1346/cuts/aam.pkl.gz,/project/yunhengzou/coordinate_alignment/aam_benchmarks/golden_policy_full_20260907/1346/evaluation.json
1347,True,P_to_R,complete,recovered,True,False,False,0.4016417535021901,0.047891851514577866,1.285367,124.5703125,recovered,True,,/project/yunhengzou/coordinate_alignment/aam_benchmarks/golden_policy_full_20260907/1347/cuts/aam.pkl.gz,/project/yunhengzou/coordinate_alignment/aam_benchmarks/golden_policy_full_20260907/1347/evaluation.json
1348,True,R_to_P,complete,recovered,True,False,False,0.36923304945230484,0.038491993211209774,1.2927899999999999,121.6171875,recovered,True,,/project/yunhengzou/coordinate_alignment/aam_benchmarks/golden_policy_full_20260907/1348/cuts/aam.pkl.gz,/project/yunhengzou/coordinate_alignment/aam_benchmarks/golden_policy_full_20260907/1348/evaluation.json
1349,True,P_to_R,complete,recovered,True,False,False,1.0728061040863395,0.13173063937574625,1.9620069999999998,128.9453125,recovered,True,,/project/yunhengzou/coordinate_alignment/aam_benchmarks/golden_policy_full_20260907/1349/cuts/aam.pkl.gz,/project/yunhengzou/coordinate_alignment/aam_benchmarks/golden_policy_full_20260907/1349/evaluation.json
1350,False,R_to_P,complete,recovered,,False,True,5.982535575050861,0.6163548459298909,6.436839,199.2890625,,,,/project/yunhengzou/coordinate_alignment/aam_benchmarks/golden_policy_full_20260907/1350/cuts/aam.pkl.gz,/project/yunhengzou/coordinate_alignment/aam_benchmarks/golden_policy_full_20260907/1350/evaluation.json
1351,True,P_to_R,complete,unknown,False,False,True,133.8089588249568,120.56199445202947,128.475833,2209.2109375,unknown,False,,/project/yunhengzou/coordinate_alignment/aam_benchmarks/golden_policy_full_20260907/1351/cuts/aam.pkl.gz,/project/yunhengzou/coordinate_alignment/aam_benchmarks/golden_policy_full_20260907/1351/evaluation.json
1352,True,P_to_R,complete,recovered,False,False,True,9.989074910990894,1.4523732559755445,10.4105,302.62890625,recovered,False,,/project/yunhengzou/coordinate_alignment/aam_benchmarks/golden_policy_full_20260907/1352/cuts/aam.pkl.gz,/project/yunhengzou/coordinate_alignment/aam_benchmarks/golden_policy_full_20260907/1352/evaluation.json
1353,True,R_to_P,complete,recovered,False,False,True,5.584867344936356,0.5392042680177838,6.088248999999999,204.89453125,recovered,False,,/project/yunhengzou/coordinate_alignment/aam_benchmarks/golden_policy_full_20260907/1353/cuts/aam.pkl.gz,/project/yunhengzou/coordinate_alignment/aam_benchmarks/golden_policy_full_20260907/1353/evaluation.json
1354,False,R_to_P,complete,recovered,,False,False,0.2434774129651487,0.022196232806891203,1.203834,119.0234375,,,,/project/yunhengzou/coordinate_alignment/aam_benchmarks/golden_policy_full_20260907/1354/cuts/aam.pkl.gz,/project/yunhengzou/coordinate_alignment/aam_benchmarks/golden_policy_full_20260907/1354/evaluation.json
1355,True,R_to_P,complete,recovered,True,False,False,0.38847174192778766,0.0114749891217798,1.172479,118.765625,recovered,True,,/project/yunhengzou/coordinate_alignment/aam_benchmarks/golden_policy_full_20260907/1355/cuts/aam.pkl.gz,/project/yunhengzou/coordinate_alignment/aam_benchmarks/golden_policy_full_20260907/1355/evaluation.json
1356,True,R_to_P,complete,recovered,False,False,False,2.2350322399288416,0.23400373198091984,3.071324,152.83984375,recovered,False,,/project/yunhengzou/coordinate_alignment/aam_benchmarks/golden_policy_full_20260907/1356/cuts/aam.pkl.gz,/project/yunhengzou/coordinate_alignment/aam_benchmarks/golden_policy_full_20260907/1356/evaluation.json
1357,True,R_to_P,complete,recovered,False,False,False,0.352110767737031,0.017210718244314194,1.227387,125.234375,recovered,False,,/project/yunhengzou/coordinate_alignment/aam_benchmarks/golden_policy_full_20260907/1357/cuts/aam.pkl.gz,/project/yunhengzou/coordinate_alignment/aam_benchmarks/golden_policy_full_20260907/1357/evaluation.json
1358,False,R_to_P,complete,unknown,,False,True,156.54066137899645,120.26706747105345,149.746895,2791.71875,,,,/project/yunhengzou/coordinate_alignment/aam_benchmarks/golden_policy_full_20260907/1358/cuts/aam.pkl.gz,/project/yunhengzou/coordinate_alignment/aam_benchmarks/golden_policy_full_20260907/1358/evaluation.json
1359,True,P_to_R,complete,recovered,True,False,True,20.21839081705548,1.450975795974955,19.535128,417.171875,recovered,True,,/project/yunhengzou/coordinate_alignment/aam_benchmarks/golden_policy_full_20260907/1359/cuts/aam.pkl.gz,/project/yunhengzou/coordinate_alignment/aam_benchmarks/golden_policy_full_20260907/1359/evaluation.json
1360,True,P_to_R,complete,recovered,True,False,True,66.45573942200281,6.632767350180075,65.066404,1367.9765625,recovered,True,,/project/yunhengzou/coordinate_alignment/aam_benchmarks/golden_policy_full_20260907/1360/cuts/aam.pkl.gz,/project/yunhengzou/coordinate_alignment/aam_benchmarks/golden_policy_full_20260907/1360/evaluation.json
1361,True,P_to_R,complete,recovered,True,False,True,284.6717401209753,26.35562751116231,268.828136,4722.8984375,recovered,True,,/project/yunhengzou/coordinate_alignment/aam_benchmarks/golden_policy_full_20260907/1361/cuts/aam.pkl.gz,/project/yunhengzou/coordinate_alignment/aam_benchmarks/golden_policy_full_20260907/1361/evaluation.json
1362,True,P_to_R,complete,recovered,True,False,True,75.10090506495908,9.620271001942456,71.836967,1417.1328125,recovered,True,,/project/yunhengzou/coordinate_alignment/aam_benchmarks/golden_policy_full_20260907/1362/cuts/aam.pkl.gz,/project/yunhengzou/coordinate_alignment/aam_benchmarks/golden_policy_full_20260907/1362/evaluation.json
1363,True,P_to_R,complete,recovered,True,False,True,5.072422751924023,0.544666132889688,5.548047,204.00390625,recovered,True,,/project/yunhengzou/coordinate_alignment/aam_benchmarks/golden_policy_full_20260907/1363/cuts/aam.pkl.gz,/project/yunhengzou/coordinate_alignment/aam_benchmarks/golden_policy_full_20260907/1363/evaluation.json
1364,True,P_to_R,complete,recovered,True,False,True,2.648013058118522,0.3024411592632532,3.563245,166.2734375,recovered,True,,/project/yunhengzou/coordinate_alignment/aam_benchmarks/golden_policy_full_20260907/1364/cuts/aam.pkl.gz,/project/yunhengzou/coordinate_alignment/aam_benchmarks/golden_policy_full_20260907/1364/evaluation.json
1365,True,R_to_P,complete,recovered,False,False,True,106.04287387058139,11.218360571190715,103.68546500000001,2027.05859375,recovered,False,,/project/yunhengzou/coordinate_alignment/aam_benchmarks/golden_policy_full_20260907/1365/cuts/aam.pkl.gz,/project/yunhengzou/coordinate_alignment/aam_benchmarks/golden_policy_full_20260907/1365/evaluation.json
1366,True,P_to_R,complete,recovered,True,False,True,5.159486470744014,0.6416424661874771,5.977897,211.84375,recovered,True,,/project/yunhengzou/coordinate_alignment/aam_benchmarks/golden_policy_full_20260907/1366/cuts/aam.pkl.gz,/project/yunhengzou/coordinate_alignment/aam_benchmarks/golden_policy_full_20260907/1366/evaluation.json
1367,True,R_to_P,complete,recovered,True,False,False,1.8081687670201063,0.2126327445730567,2.6701010000000003,148.640625,recovered,True,,/project/yunhengzou/coordinate_alignment/aam_benchmarks/golden_policy_full_20260907/1367/cuts/aam.pkl.gz,/project/yunhengzou/coordinate_alignment/aam_benchmarks/golden_policy_full_20260907/1367/evaluation.json
1368,True,R_to_P,complete,recovered,True,False,True,2.9299242105334997,0.1801390266045928,3.692592,155.0859375,recovered,True,,/project/yunhengzou/coordinate_alignment/aam_benchmarks/golden_policy_full_20260907/1368/cuts/aam.pkl.gz,/project/yunhengzou/coordinate_alignment/aam_benchmarks/golden_policy_full_20260907/1368/evaluation.json
1369,True,P_to_R,complete,recovered,True,False,True,180.2613212838769,14.720604469999671,172.318989,3582.35546875,recovered,True,,/project/yunhengzou/coordinate_alignment/aam_benchmarks/golden_policy_full_20260907/1369/cuts/aam.pkl.gz,/project/yunhengzou/coordinate_alignment/aam_benchmarks/golden_policy_full_20260907/1369/evaluation.json
1370,True,P_to_R,complete,recovered,True,False,True,19.39465851057321,3.070293717086315,20.102593,345.4765625,not_recovered,False,gained,/project/yunhengzou/coordinate_alignment/aam_benchmarks/golden_policy_full_20260907/1370/cuts/aam.pkl.gz,/project/yunhengzou/coordinate_alignment/aam_benchmarks/golden_policy_full_20260907/1370/evaluation.json
1371,True,R_to_P,complete,recovered,True,False,True,13.169478631578386,1.704265366308391,13.131771,322.2734375,not_recovered,False,gained,/project/yunhengzou/coordinate_alignment/aam_benchmarks/golden_policy_full_20260907/1371/cuts/aam.pkl.gz,/project/yunhengzou/coordinate_alignment/aam_benchmarks/golden_policy_full_20260907/1371/evaluation.json
1372,True,R_to_P,complete,recovered,True,False,True,47.077331556007266,5.296841860283166,44.612814,928.4609375,recovered,True,,/project/yunhengzou/coordinate_alignment/aam_benchmarks/golden_policy_full_20260907/1372/cuts/aam.pkl.gz,/project/yunhengzou/coordinate_alignment/aam_benchmarks/golden_policy_full_20260907/1372/evaluation.json
1373,True,P_to_R,complete,recovered,True,False,False,0.12039470626041293,0.017430563922971487,1.100196,118.86328125,recovered,True,,/project/yunhengzou/coordinate_alignment/aam_benchmarks/golden_policy_full_20260907/1373/cuts/aam.pkl.gz,/project/yunhengzou/coordinate_alignment/aam_benchmarks/golden_policy_full_20260907/1373/evaluation.json
1374,False,R_to_P,complete,recovered,,False,True,17.24817245826125,3.8562008650042117,17.382634,408.59375,,,,/project/yunhengzou/coordinate_alignment/aam_benchmarks/golden_policy_full_20260907/1374/cuts/aam.pkl.gz,/project/yunhengzou/coordinate_alignment/aam_benchmarks/golden_policy_full_20260907/1374/evaluation.json
1375,True,P_to_R,complete,recovered,True,False,True,2.985264399088919,0.3705477607436478,3.5522069999999997,167.32421875,recovered,True,,/project/yunhengzou/coordinate_alignment/aam_benchmarks/golden_policy_full_20260907/1375/cuts/aam.pkl.gz,/project/yunhengzou/coordinate_alignment/aam_benchmarks/golden_policy_full_20260907/1375/evaluation.json
1376,True,P_to_R,complete,recovered,True,False,True,2.6322213034145534,0.5134851899929345,3.283379,159.28125,recovered,True,,/project/yunhengzou/coordinate_alignment/aam_benchmarks/golden_policy_full_20260907/1376/cuts/aam.pkl.gz,/project/yunhengzou/coordinate_alignment/aam_benchmarks/golden_policy_full_20260907/1376/evaluation.json
1377,False,P_to_R,complete,recovered,,False,True,47.69239154085517,6.420533285010606,46.120407,1021.328125,,,,/project/yunhengzou/coordinate_alignment/aam_benchmarks/golden_policy_full_20260907/1377/cuts/aam.pkl.gz,/project/yunhengzou/coordinate_alignment/aam_benchmarks/golden_policy_full_20260907/1377/evaluation.json
1378,True,R_to_P,complete,recovered,True,False,True,14.787594643887132,1.1324516399763525,14.568487,303.33984375,recovered,True,,/project/yunhengzou/coordinate_alignment/aam_benchmarks/golden_policy_full_20260907/1378/cuts/aam.pkl.gz,/project/yunhengzou/coordinate_alignment/aam_benchmarks/golden_policy_full_20260907/1378/evaluation.json
1379,True,P_to_R,complete,recovered,True,False,True,6.042225627228618,0.7950826743617654,6.443765999999999,219.6015625,recovered,True,,/project/yunhengzou/coordinate_alignment/aam_benchmarks/golden_policy_full_20260907/1379/cuts/aam.pkl.gz,/project/yunhengzou/coordinate_alignment/aam_benchmarks/golden_policy_full_20260907/1379/evaluation.json
1380,True,P_to_R,complete,not_recovered,False,False,True,134.4806415354833,20.371773902326822,130.179834,2432.87109375,recovered,False,lost,/project/yunhengzou/coordinate_alignment/aam_benchmarks/golden_policy_full_20260907/1380/cuts/aam.pkl.gz,/project/yunhengzou/coordinate_alignment/aam_benchmarks/golden_policy_full_20260907/1380/evaluation.json
1381,True,P_to_R,complete,recovered,True,False,False,2.2889025704935193,0.22848891001194715,3.125911,140.6484375,recovered,True,,/project/yunhengzou/coordinate_alignment/aam_benchmarks/golden_policy_full_20260907/1381/cuts/aam.pkl.gz,/project/yunhengzou/coordinate_alignment/aam_benchmarks/golden_policy_full_20260907/1381/evaluation.json
1382,True,R_to_P,complete,recovered,False,False,True,36.46816093381494,4.139884309843183,35.719472,794.46875,recovered,False,,/project/yunhengzou/coordinate_alignment/aam_benchmarks/golden_policy_full_20260907/1382/cuts/aam.pkl.gz,/project/yunhengzou/coordinate_alignment/aam_benchmarks/golden_policy_full_20260907/1382/evaluation.json
1383,True,P_to_R,complete,recovered,True,False,True,28.288663111627102,4.3539634412154555,27.095348,642.18359375,recovered,True,,/project/yunhengzou/coordinate_alignment/aam_benchmarks/golden_policy_full_20260907/1383/cuts/aam.pkl.gz,/project/yunhengzou/coordinate_alignment/aam_benchmarks/golden_policy_full_20260907/1383/evaluation.json
1384,True,R_to_P,complete,recovered,True,False,True,6.739331813529134,0.744359090924263,7.392311,242.99609375,not_recovered,False,gained,/project/yunhengzou/coordinate_alignment/aam_benchmarks/golden_policy_full_20260907/1384/cuts/aam.pkl.gz,/project/yunhengzou/coordinate_alignment/aam_benchmarks/golden_policy_full_20260907/1384/evaluation.json
1385,True,P_to_R,complete,recovered,True,False,False,3.079858605749905,0.721658505499363,3.922086,146.9609375,recovered,True,,/project/yunhengzou/coordinate_alignment/aam_benchmarks/golden_policy_full_20260907/1385/cuts/aam.pkl.gz,/project/yunhengzou/coordinate_alignment/aam_benchmarks/golden_policy_full_20260907/1385/evaluation.json
1386,True,P_to_R,complete,recovered,,True,False,,0.023101458325982094,,,recovered,True,,/project/yunhengzou/coordinate_alignment/aam_benchmarks/golden_policy_full_20260907/1386/cuts,/project/yunhengzou/coordinate_alignment/aam_benchmarks/golden_policy_full_20260907/1386/evaluation.json
1387,True,P_to_R,complete,recovered,True,False,True,133.09619776159525,10.133196916431189,130.438272,1970.55859375,not_recovered,False,gained,/project/yunhengzou/coordinate_alignment/aam_benchmarks/golden_policy_full_20260907/1387/cuts/aam.pkl.gz,/project/yunhengzou/coordinate_alignment/aam_benchmarks/golden_policy_full_20260907/1387/evaluation.json
1388,True,P_to_R,complete,recovered,True,False,True,4.705218623392284,0.5346870310604572,5.228231,181.6953125,recovered,True,,/project/yunhengzou/coordinate_alignment/aam_benchmarks/golden_policy_full_20260907/1388/cuts/aam.pkl.gz,/project/yunhengzou/coordinate_alignment/aam_benchmarks/golden_policy_full_20260907/1388/evaluation.json
1389,True,P_to_R,complete,recovered,True,False,True,75.46519403811544,5.789731244556606,72.674408,1650.3125,recovered,True,,/project/yunhengzou/coordinate_alignment/aam_benchmarks/golden_policy_full_20260907/1389/cuts/aam.pkl.gz,/project/yunhengzou/coordinate_alignment/aam_benchmarks/golden_policy_full_20260907/1389/evaluation.json
1390,True,P_to_R,complete,recovered,True,False,True,21.569696011953056,2.017185566946864,20.158540000000002,529.66015625,recovered,True,,/project/yunhengzou/coordinate_alignment/aam_benchmarks/golden_policy_full_20260907/1390/cuts/aam.pkl.gz,/project/yunhengzou/coordinate_alignment/aam_benchmarks/golden_policy_full_20260907/1390/evaluation.json
1391,True,P_to_R,complete,recovered,True,False,True,5.873105036094785,0.34637229796499014,4.098148,159.55859375,recovered,True,,/project/yunhengzou/coordinate_alignment/aam_benchmarks/golden_policy_full_20260907/1391/cuts/aam.pkl.gz,/project/yunhengzou/coordinate_alignment/aam_benchmarks/golden_policy_full_20260907/1391/evaluation.json
1392,True,P_to_R,complete,recovered,True,False,True,261.5250686397776,12.256514814682305,246.734845,4709.9140625,not_recovered,False,gained,/project/yunhengzou/coordinate_alignment/aam_benchmarks/golden_policy_full_20260907/1392/cuts/aam.pkl.gz,/project/yunhengzou/coordinate_alignment/aam_benchmarks/golden_policy_full_20260907/1392/evaluation.json
1393,True,P_to_R,complete,recovered,True,False,False,1.9979852330870926,0.17858953773975372,2.672093,132.51171875,recovered,True,,/project/yunhengzou/coordinate_alignment/aam_benchmarks/golden_policy_full_20260907/1393/cuts/aam.pkl.gz,/project/yunhengzou/coordinate_alignment/aam_benchmarks/golden_policy_full_20260907/1393/evaluation.json
1394,True,P_to_R,complete,recovered,True,False,False,1.3218891960568726,0.21409768797457218,2.269478,133.2578125,recovered,True,,/project/yunhengzou/coordinate_alignment/aam_benchmarks/golden_policy_full_20260907/1394/cuts/aam.pkl.gz,/project/yunhengzou/coordinate_alignment/aam_benchmarks/golden_policy_full_20260907/1394/evaluation.json
1395,True,P_to_R,complete,recovered,True,False,True,8.821107890456915,0.9095831429585814,9.483809,297.0390625,not_recovered,False,gained,/project/yunhengzou/coordinate_alignment/aam_benchmarks/golden_policy_full_20260907/1395/cuts/aam.pkl.gz,/project/yunhengzou/coordinate_alignment/aam_benchmarks/golden_policy_full_20260907/1395/evaluation.json
1396,True,R_to_P,complete,recovered,True,False,False,6.230764395557344,0.29978669434785843,4.625502,159.18359375,recovered,True,,/project/yunhengzou/coordinate_alignment/aam_benchmarks/golden_policy_full_20260907/1396/cuts/aam.pkl.gz,/project/yunhengzou/coordinate_alignment/aam_benchmarks/golden_policy_full_20260907/1396/evaluation.json
1397,True,P_to_R,complete,recovered,True,False,True,2.1361350622028112,0.2232653684914112,2.857296,144.046875,recovered,True,,/project/yunhengzou/coordinate_alignment/aam_benchmarks/golden_policy_full_20260907/1397/cuts/aam.pkl.gz,/project/yunhengzou/coordinate_alignment/aam_benchmarks/golden_policy_full_20260907/1397/evaluation.json
1398,True,P_to_R,complete,recovered,True,False,False,5.5969947800040245,0.3732076957821846,3.9717029999999998,138.16015625,recovered,True,,/project/yunhengzou/coordinate_alignment/aam_benchmarks/golden_policy_full_20260907/1398/cuts/aam.pkl.gz,/project/yunhengzou/coordinate_alignment/aam_benchmarks/golden_policy_full_20260907/1398/evaluation.json
1399,True,P_to_R,complete,recovered,True,False,False,1.2249132422730327,0.12321881670504808,1.973509,128.15234375,recovered,True,,/project/yunhengzou/coordinate_alignment/aam_benchmarks/golden_policy_full_20260907/1399/cuts/aam.pkl.gz,/project/yunhengzou/coordinate_alignment/aam_benchmarks/golden_policy_full_20260907/1399/evaluation.json
1400,True,P_to_R,complete,not_recovered,False,False,True,19.377513489685953,4.9019979583099484,17.506946,412.55078125,recovered,True,lost,/project/yunhengzou/coordinate_alignment/aam_benchmarks/golden_policy_full_20260907/1400/cuts/aam.pkl.gz,/project/yunhengzou/coordinate_alignment/aam_benchmarks/golden_policy_full_20260907/1400/evaluation.json
1401,True,P_to_R,complete,recovered,True,False,True,6.523489675484598,0.9395968317985535,7.254728,247.91015625,recovered,True,,/project/yunhengzou/coordinate_alignment/aam_benchmarks/golden_policy_full_20260907/1401/cuts/aam.pkl.gz,/project/yunhengzou/coordinate_alignment/aam_benchmarks/golden_policy_full_20260907/1401/evaluation.json
1402,True,P_to_R,complete,recovered,True,False,True,34.22711022524163,3.731000617146492,33.886922,747.70703125,recovered,True,,/project/yunhengzou/coordinate_alignment/aam_benchmarks/golden_policy_full_20260907/1402/cuts/aam.pkl.gz,/project/yunhengzou/coordinate_alignment/aam_benchmarks/golden_policy_full_20260907/1402/evaluation.json
1403,True,P_to_R,complete,recovered,True,False,True,37.015915722586215,4.035662610083818,35.311605,704.5859375,recovered,True,,/project/yunhengzou/coordinate_alignment/aam_benchmarks/golden_policy_full_20260907/1403/cuts/aam.pkl.gz,/project/yunhengzou/coordinate_alignment/aam_benchmarks/golden_policy_full_20260907/1403/evaluation.json
1404,True,P_to_R,complete,recovered,True,False,True,126.23857112973928,15.963555356487632,118.911406,1744.33984375,recovered,True,,/project/yunhengzou/coordinate_alignment/aam_benchmarks/golden_policy_full_20260907/1404/cuts/aam.pkl.gz,/project/yunhengzou/coordinate_alignment/aam_benchmarks/golden_policy_full_20260907/1404/evaluation.json
1405,True,P_to_R,complete,recovered,True,False,True,49.02001941297203,3.9177643097937107,48.610235,435.40234375,not_recovered,False,gained,/project/yunhengzou/coordinate_alignment/aam_benchmarks/golden_policy_full_20260907/1405/cuts/aam.pkl.gz,/project/yunhengzou/coordinate_alignment/aam_benchmarks/golden_policy_full_20260907/1405/evaluation.json
1406,True,P_to_R,complete,recovered,True,False,True,6.9322594050318,1.0647698091343045,7.607649,225.79296875,recovered,True,,/project/yunhengzou/coordinate_alignment/aam_benchmarks/golden_policy_full_20260907/1406/cuts/aam.pkl.gz,/project/yunhengzou/coordinate_alignment/aam_benchmarks/golden_policy_full_20260907/1406/evaluation.json
1407,True,P_to_R,complete,recovered,True,False,True,4.714665404055268,0.6108948136679828,5.114972,171.7109375,recovered,True,,/project/yunhengzou/coordinate_alignment/aam_benchmarks/golden_policy_full_20260907/1407/cuts/aam.pkl.gz,/project/yunhengzou/coordinate_alignment/aam_benchmarks/golden_policy_full_20260907/1407/evaluation.json
1408,True,P_to_R,complete,recovered,True,False,True,20.373583601787686,2.9159597316756845,19.972232,438.0546875,recovered,True,,/project/yunhengzou/coordinate_alignment/aam_benchmarks/golden_policy_full_20260907/1408/cuts/aam.pkl.gz,/project/yunhengzou/coordinate_alignment/aam_benchmarks/golden_policy_full_20260907/1408/evaluation.json
1409,True,P_to_R,complete,recovered,True,False,True,220.12512355903164,5.163935855962336,218.02024799999998,2103.765625,not_recovered,False,gained,/project/yunhengzou/coordinate_alignment/aam_benchmarks/golden_policy_full_20260907/1409/cuts/aam.pkl.gz,/project/yunhengzou/coordinate_alignment/aam_benchmarks/golden_policy_full_20260907/1409/evaluation.json
1410,True,P_to_R,complete,recovered,True,False,True,96.68984472285956,4.909326302818954,94.905131,1070.5,not_recovered,False,gained,/project/yunhengzou/coordinate_alignment/aam_benchmarks/golden_policy_full_20260907/1410/cuts/aam.pkl.gz,/project/yunhengzou/coordinate_alignment/aam_benchmarks/golden_policy_full_20260907/1410/evaluation.json
1411,True,P_to_R,complete,recovered,True,False,True,17.57098788721487,1.9808251550421119,17.460074,465.31640625,recovered,True,,/project/yunhengzou/coordinate_alignment/aam_benchmarks/golden_policy_full_20260907/1411/cuts/aam.pkl.gz,/project/yunhengzou/coordinate_alignment/aam_benchmarks/golden_policy_full_20260907/1411/evaluation.json
1412,True,P_to_R,complete,recovered,True,False,False,7.632115432061255,0.5342716472223401,5.59605,153.15234375,recovered,True,,/project/yunhengzou/coordinate_alignment/aam_benchmarks/golden_policy_full_20260907/1412/cuts/aam.pkl.gz,/project/yunhengzou/coordinate_alignment/aam_benchmarks/golden_policy_full_20260907/1412/evaluation.json
1413,True,P_to_R,complete,recovered,True,False,False,8.7348807528615,1.0718871466815472,9.350709,180.375,recovered,True,,/project/yunhengzou/coordinate_alignment/aam_benchmarks/golden_policy_full_20260907/1413/cuts/aam.pkl.gz,/project/yunhengzou/coordinate_alignment/aam_benchmarks/golden_policy_full_20260907/1413/evaluation.json
1414,True,P_to_R,complete,recovered,False,False,False,12.236422138987109,1.2899213340133429,12.08437,212.20703125,not_recovered,False,gained,/project/yunhengzou/coordinate_alignment/aam_benchmarks/golden_policy_full_20260907/1414/cuts/aam.pkl.gz,/project/yunhengzou/coordinate_alignment/aam_benchmarks/golden_policy_full_20260907/1414/evaluation.json
1415,True,P_to_R,complete,recovered,True,False,True,3.9753662282601,0.6941955555230379,4.993707000000001,183.609375,recovered,True,,/project/yunhengzou/coordinate_alignment/aam_benchmarks/golden_policy_full_20260907/1415/cuts/aam.pkl.gz,/project/yunhengzou/coordinate_alignment/aam_benchmarks/golden_policy_full_20260907/1415/evaluation.json
1416,True,P_to_R,complete,recovered,True,False,True,4.541853858157992,0.5680938279256225,5.519206,207.3671875,recovered,True,,/project/yunhengzou/coordinate_alignment/aam_benchmarks/golden_policy_full_20260907/1416/cuts/aam.pkl.gz,/project/yunhengzou/coordinate_alignment/aam_benchmarks/golden_policy_full_20260907/1416/evaluation.json
1417,True,P_to_R,complete,recovered,True,False,True,0.8347653429955244,0.15887940488755703,1.7052699999999998,129.24609375,recovered,True,,/project/yunhengzou/coordinate_alignment/aam_benchmarks/golden_policy_full_20260907/1417/cuts/aam.pkl.gz,/project/yunhengzou/coordinate_alignment/aam_benchmarks/golden_policy_full_20260907/1417/evaluation.json
1418,True,P_to_R,complete,recovered,True,False,True,28.41752053052187,3.288146791048348,28.256933999999998,656.75,recovered,True,,/project/yunhengzou/coordinate_alignment/aam_benchmarks/golden_policy_full_20260907/1418/cuts/aam.pkl.gz,/project/yunhengzou/coordinate_alignment/aam_benchmarks/golden_policy_full_20260907/1418/evaluation.json
1419,True,P_to_R,complete,recovered,True,False,True,206.82974132988602,16.583088441751897,200.117156,3372.59765625,recovered,True,,/project/yunhengzou/coordinate_alignment/aam_benchmarks/golden_policy_full_20260907/1419/cuts/aam.pkl.gz,/project/yunhengzou/coordinate_alignment/aam_benchmarks/golden_policy_full_20260907/1419/evaluation.json
1420,True,P_to_R,complete,recovered,False,False,True,21.91814334690571,4.742404064163566,21.719552999999998,484.796875,recovered,True,,/project/yunhengzou/coordinate_alignment/aam_benchmarks/golden_policy_full_20260907/1420/cuts/aam.pkl.gz,/project/yunhengzou/coordinate_alignment/aam_benchmarks/golden_policy_full_20260907/1420/evaluation.json
1421,True,R_to_P,complete,recovered,True,False,False,1.148737016133964,0.09326597023755312,2.019199,127.765625,recovered,True,,/project/yunhengzou/coordinate_alignment/aam_benchmarks/golden_policy_full_20260907/1421/cuts/aam.pkl.gz,/project/yunhengzou/coordinate_alignment/aam_benchmarks/golden_policy_full_20260907/1421/evaluation.json
1422,True,P_to_R,complete,recovered,True,False,True,13.865883769467473,1.4736795974895358,14.462674,397.71875,recovered,True,,/project/yunhengzou/coordinate_alignment/aam_benchmarks/golden_policy_full_20260907/1422/cuts/aam.pkl.gz,/project/yunhengzou/coordinate_alignment/aam_benchmarks/golden_policy_full_20260907/1422/evaluation.json
1423,True,R_to_P,complete,recovered,True,False,False,1.9357058862224221,0.13352470472455025,2.6450649999999998,135.05078125,recovered,True,,/project/yunhengzou/coordinate_alignment/aam_benchmarks/golden_policy_full_20260907/1423/cuts/aam.pkl.gz,/project/yunhengzou/coordinate_alignment/aam_benchmarks/golden_policy_full_20260907/1423/evaluation.json
1424,True,P_to_R,complete,recovered,True,False,True,58.70870225597173,5.228653265163302,57.245664000000005,1232.52734375,recovered,True,,/project/yunhengzou/coordinate_alignment/aam_benchmarks/golden_policy_full_20260907/1424/cuts/aam.pkl.gz,/project/yunhengzou/coordinate_alignment/aam_benchmarks/golden_policy_full_20260907/1424/evaluation.json
1425,True,P_to_R,complete,recovered,True,False,False,2.0819240184500813,0.593345913104713,2.818535,141.2734375,recovered,True,,/project/yunhengzou/coordinate_alignment/aam_benchmarks/golden_policy_full_20260907/1425/cuts/aam.pkl.gz,/project/yunhengzou/coordinate_alignment/aam_benchmarks/golden_policy_full_20260907/1425/evaluation.json
1426,True,P_to_R,complete,recovered,True,False,True,66.27257928159088,7.983063436113298,64.252594,1357.77734375,recovered,True,,/project/yunhengzou/coordinate_alignment/aam_benchmarks/golden_policy_full_20260907/1426/cuts/aam.pkl.gz,/project/yunhengzou/coordinate_alignment/aam_benchmarks/golden_policy_full_20260907/1426/evaluation.json
1427,True,P_to_R,complete,recovered,True,False,True,3.201048276387155,0.4705536989495158,3.829154,178.36328125,recovered,True,,/project/yunhengzou/coordinate_alignment/aam_benchmarks/golden_policy_full_20260907/1427/cuts/aam.pkl.gz,/project/yunhengzou/coordinate_alignment/aam_benchmarks/golden_policy_full_20260907/1427/evaluation.json
1428,True,P_to_R,complete,recovered,True,False,True,8.28563708346337,1.2618906069546938,8.685054,293.921875,recovered,True,,/project/yunhengzou/coordinate_alignment/aam_benchmarks/golden_policy_full_20260907/1428/cuts/aam.pkl.gz,/project/yunhengzou/coordinate_alignment/aam_benchmarks/golden_policy_full_20260907/1428/evaluation.json
1429,True,P_to_R,complete,recovered,True,False,True,46.15730239264667,2.5904415203258395,46.16254,478.6484375,not_recovered,False,gained,/project/yunhengzou/coordinate_alignment/aam_benchmarks/golden_policy_full_20260907/1429/cuts/aam.pkl.gz,/project/yunhengzou/coordinate_alignment/aam_benchmarks/golden_policy_full_20260907/1429/evaluation.json
1430,True,P_to_R,complete,recovered,True,False,True,22.726645949296653,2.6303240610286593,22.129762999999997,529.9296875,recovered,True,,/project/yunhengzou/coordinate_alignment/aam_benchmarks/golden_policy_full_20260907/1430/cuts/aam.pkl.gz,/project/yunhengzou/coordinate_alignment/aam_benchmarks/golden_policy_full_20260907/1430/evaluation.json
1431,True,P_to_R,complete,recovered,True,False,False,1.4238137556239963,0.3369074808433652,2.187615,133.81640625,recovered,True,,/project/yunhengzou/coordinate_alignment/aam_benchmarks/golden_policy_full_20260907/1431/cuts/aam.pkl.gz,/project/yunhengzou/coordinate_alignment/aam_benchmarks/golden_policy_full_20260907/1431/evaluation.json
1432,True,P_to_R,complete,recovered,True,False,True,33.90595785435289,2.969967576675117,32.903301,817.61328125,recovered,True,,/project/yunhengzou/coordinate_alignment/aam_benchmarks/golden_policy_full_20260907/1432/cuts/aam.pkl.gz,/project/yunhengzou/coordinate_alignment/aam_benchmarks/golden_policy_full_20260907/1432/evaluation.json
1433,True,P_to_R,complete,recovered,True,False,True,25.298949662595987,3.1237842910923064,24.794111,581.84375,recovered,True,,/project/yunhengzou/coordinate_alignment/aam_benchmarks/golden_policy_full_20260907/1433/cuts/aam.pkl.gz,/project/yunhengzou/coordinate_alignment/aam_benchmarks/golden_policy_full_20260907/1433/evaluation.json
1434,True,P_to_R,complete,recovered,True,False,True,5.676970994099975,0.5372678968124092,6.192308,219.99609375,recovered,True,,/project/yunhengzou/coordinate_alignment/aam_benchmarks/golden_policy_full_20260907/1434/cuts/aam.pkl.gz,/project/yunhengzou/coordinate_alignment/aam_benchmarks/golden_policy_full_20260907/1434/evaluation.json
1435,True,P_to_R,complete,recovered,True,False,True,10.4836795469746,2.3023539120331407,10.979641,300.78125,recovered,False,,/project/yunhengzou/coordinate_alignment/aam_benchmarks/golden_policy_full_20260907/1435/cuts/aam.pkl.gz,/project/yunhengzou/coordinate_alignment/aam_benchmarks/golden_policy_full_20260907/1435/evaluation.json
1436,True,P_to_R,complete,recovered,True,False,True,29.423094168305397,3.1906440388411283,28.592758,756.6875,recovered,True,,/project/yunhengzou/coordinate_alignment/aam_benchmarks/golden_policy_full_20260907/1436/cuts/aam.pkl.gz,/project/yunhengzou/coordinate_alignment/aam_benchmarks/golden_policy_full_20260907/1436/evaluation.json
1437,True,P_to_R,complete,recovered,True,False,True,8.65812249854207,1.3349555097520351,8.925011999999999,265.76953125,recovered,True,,/project/yunhengzou/coordinate_alignment/aam_benchmarks/golden_policy_full_20260907/1437/cuts/aam.pkl.gz,/project/yunhengzou/coordinate_alignment/aam_benchmarks/golden_policy_full_20260907/1437/evaluation.json
1438,True,P_to_R,complete,recovered,True,False,True,12.260565315373242,1.5367936911061406,12.483004000000001,334.90234375,recovered,False,,/project/yunhengzou/coordinate_alignment/aam_benchmarks/golden_policy_full_20260907/1438/cuts/aam.pkl.gz,/project/yunhengzou/coordinate_alignment/aam_benchmarks/golden_policy_full_20260907/1438/evaluation.json
1439,True,P_to_R,complete,recovered,True,False,True,36.547209908254445,4.652650622650981,35.425299,782.1171875,recovered,True,,/project/yunhengzou/coordinate_alignment/aam_benchmarks/golden_policy_full_20260907/1439/cuts/aam.pkl.gz,/project/yunhengzou/coordinate_alignment/aam_benchmarks/golden_policy_full_20260907/1439/evaluation.json
1440,True,P_to_R,complete,recovered,True,False,True,4.559232688974589,0.8498513749800622,5.368441000000001,180.83203125,recovered,True,,/project/yunhengzou/coordinate_alignment/aam_benchmarks/golden_policy_full_20260907/1440/cuts/aam.pkl.gz,/project/yunhengzou/coordinate_alignment/aam_benchmarks/golden_policy_full_20260907/1440/evaluation.json
1441,True,P_to_R,complete,recovered,True,False,True,34.5502863409929,3.6811435429845005,32.460862,791.38671875,recovered,True,,/project/yunhengzou/coordinate_alignment/aam_benchmarks/golden_policy_full_20260907/1441/cuts/aam.pkl.gz,/project/yunhengzou/coordinate_alignment/aam_benchmarks/golden_policy_full_20260907/1441/evaluation.json
1442,True,P_to_R,complete,recovered,True,False,True,23.70311178895645,2.6088517610915005,22.635077,558.46875,recovered,True,,/project/yunhengzou/coordinate_alignment/aam_benchmarks/golden_policy_full_20260907/1442/cuts/aam.pkl.gz,/project/yunhengzou/coordinate_alignment/aam_benchmarks/golden_policy_full_20260907/1442/evaluation.json
1443,True,P_to_R,complete,recovered,True,False,True,25.686815687920898,3.65922854305245,25.164737000000002,581.65625,recovered,True,,/project/yunhengzou/coordinate_alignment/aam_benchmarks/golden_policy_full_20260907/1443/cuts/aam.pkl.gz,/project/yunhengzou/coordinate_alignment/aam_benchmarks/golden_policy_full_20260907/1443/evaluation.json
1444,True,P_to_R,complete,recovered,True,False,False,5.112695689778775,1.1401436016894877,5.686821999999999,177.703125,recovered,True,,/project/yunhengzou/coordinate_alignment/aam_benchmarks/golden_policy_full_20260907/1444/cuts/aam.pkl.gz,/project/yunhengzou/coordinate_alignment/aam_benchmarks/golden_policy_full_20260907/1444/evaluation.json
1445,True,P_to_R,complete,recovered,True,False,False,5.379793431144208,0.4977174820378423,5.852849,163.0703125,recovered,True,,/project/yunhengzou/coordinate_alignment/aam_benchmarks/golden_policy_full_20260907/1445/cuts/aam.pkl.gz,/project/yunhengzou/coordinate_alignment/aam_benchmarks/golden_policy_full_20260907/1445/evaluation.json
1446,True,P_to_R,complete,recovered,True,False,True,24.67447074735537,2.933095525018871,23.871898,561.91015625,recovered,True,,/project/yunhengzou/coordinate_alignment/aam_benchmarks/golden_policy_full_20260907/1446/cuts/aam.pkl.gz,/project/yunhengzou/coordinate_alignment/aam_benchmarks/golden_policy_full_20260907/1446/evaluation.json
1447,True,P_to_R,complete,recovered,True,False,True,29.719646266195923,3.336153392214328,28.738175000000002,655.2421875,recovered,True,,/project/yunhengzou/coordinate_alignment/aam_benchmarks/golden_policy_full_20260907/1447/cuts/aam.pkl.gz,/project/yunhengzou/coordinate_alignment/aam_benchmarks/golden_policy_full_20260907/1447/evaluation.json
1448,True,P_to_R,complete,recovered,True,False,True,7.513724394142628,0.8019534992054105,7.946785,244.921875,recovered,True,,/project/yunhengzou/coordinate_alignment/aam_benchmarks/golden_policy_full_20260907/1448/cuts/aam.pkl.gz,/project/yunhengzou/coordinate_alignment/aam_benchmarks/golden_policy_full_20260907/1448/evaluation.json
1449,True,P_to_R,complete,recovered,True,False,True,3.4470824683085084,0.3734311801381409,4.250329,173.27734375,recovered,True,,/project/yunhengzou/coordinate_alignment/aam_benchmarks/golden_policy_full_20260907/1449/cuts/aam.pkl.gz,/project/yunhengzou/coordinate_alignment/aam_benchmarks/golden_policy_full_20260907/1449/evaluation.json
1450,True,P_to_R,complete,recovered,True,False,True,1.551836044061929,0.12686424003913999,2.319762,133.7421875,recovered,True,,/project/yunhengzou/coordinate_alignment/aam_benchmarks/golden_policy_full_20260907/1450/cuts/aam.pkl.gz,/project/yunhengzou/coordinate_alignment/aam_benchmarks/golden_policy_full_20260907/1450/evaluation.json
1451,True,P_to_R,complete,recovered,True,False,True,123.57119720987976,9.272492232732475,118.240953,2785.5078125,recovered,True,,/project/yunhengzou/coordinate_alignment/aam_benchmarks/golden_policy_full_20260907/1451/cuts/aam.pkl.gz,/project/yunhengzou/coordinate_alignment/aam_benchmarks/golden_policy_full_20260907/1451/evaluation.json
1452,True,P_to_R,complete,recovered,True,False,True,14.244733137078583,1.9207710716873407,14.244553,374.515625,recovered,True,,/project/yunhengzou/coordinate_alignment/aam_benchmarks/golden_policy_full_20260907/1452/cuts/aam.pkl.gz,/project/yunhengzou/coordinate_alignment/aam_benchmarks/golden_policy_full_20260907/1452/evaluation.json
1453,True,P_to_R,complete,recovered,True,False,True,160.67141229193658,7.372223858721554,158.085669,2776.53125,not_recovered,False,gained,/project/yunhengzou/coordinate_alignment/aam_benchmarks/golden_policy_full_20260907/1453/cuts/aam.pkl.gz,/project/yunhengzou/coordinate_alignment/aam_benchmarks/golden_policy_full_20260907/1453/evaluation.json
1454,True,P_to_R,complete,recovered,True,False,True,16.52599019370973,1.5150392390787601,16.811643,411.640625,not_recovered,False,gained,/project/yunhengzou/coordinate_alignment/aam_benchmarks/golden_policy_full_20260907/1454/cuts/aam.pkl.gz,/project/yunhengzou/coordinate_alignment/aam_benchmarks/golden_policy_full_20260907/1454/evaluation.json
1455,True,P_to_R,complete,recovered,True,False,True,14.616736602969468,2.488521758466959,14.484555,381.72265625,recovered,True,,/project/yunhengzou/coordinate_alignment/aam_benchmarks/golden_policy_full_20260907/1455/cuts/aam.pkl.gz,/project/yunhengzou/coordinate_alignment/aam_benchmarks/golden_policy_full_20260907/1455/evaluation.json
1456,True,P_to_R,complete,recovered,True,False,True,17.482035202905536,2.0404215110465884,17.520736,404.96875,recovered,False,,/project/yunhengzou/coordinate_alignment/aam_benchmarks/golden_policy_full_20260907/1456/cuts/aam.pkl.gz,/project/yunhengzou/coordinate_alignment/aam_benchmarks/golden_policy_full_20260907/1456/evaluation.json
1457,True,P_to_R,complete,recovered,True,False,False,0.46887410152703524,0.043510292656719685,1.412228,120.1015625,recovered,True,,/project/yunhengzou/coordinate_alignment/aam_benchmarks/golden_policy_full_20260907/1457/cuts/aam.pkl.gz,/project/yunhengzou/coordinate_alignment/aam_benchmarks/golden_policy_full_20260907/1457/evaluation.json
1458,True,P_to_R,complete,recovered,True,False,True,2.2133244769647717,0.216489321552217,2.707828,150.4140625,recovered,True,,/project/yunhengzou/coordinate_alignment/aam_benchmarks/golden_policy_full_20260907/1458/cuts/aam.pkl.gz,/project/yunhengzou/coordinate_alignment/aam_benchmarks/golden_policy_full_20260907/1458/evaluation.json
1459,True,P_to_R,complete,recovered,True,False,True,25.948649405967444,3.5789814172312617,25.99141,606.18359375,recovered,False,,/project/yunhengzou/coordinate_alignment/aam_benchmarks/golden_policy_full_20260907/1459/cuts/aam.pkl.gz,/project/yunhengzou/coordinate_alignment/aam_benchmarks/golden_policy_full_20260907/1459/evaluation.json
1460,True,P_to_R,complete,recovered,True,False,True,8.810786829330027,0.7376864538528025,9.106185,217.47265625,recovered,True,,/project/yunhengzou/coordinate_alignment/aam_benchmarks/golden_policy_full_20260907/1460/cuts/aam.pkl.gz,/project/yunhengzou/coordinate_alignment/aam_benchmarks/golden_policy_full_20260907/1460/evaluation.json
1461,True,P_to_R,complete,recovered,True,False,True,8.229293304029852,1.4160563978366554,8.680359,245.6796875,recovered,True,,/project/yunhengzou/coordinate_alignment/aam_benchmarks/golden_policy_full_20260907/1461/cuts/aam.pkl.gz,/project/yunhengzou/coordinate_alignment/aam_benchmarks/golden_policy_full_20260907/1461/evaluation.json
1462,True,P_to_R,complete,recovered,True,False,True,100.7644648780115,10.607580883894116,97.570375,1992.91796875,recovered,True,,/project/yunhengzou/coordinate_alignment/aam_benchmarks/golden_policy_full_20260907/1462/cuts/aam.pkl.gz,/project/yunhengzou/coordinate_alignment/aam_benchmarks/golden_policy_full_20260907/1462/evaluation.json
1463,True,P_to_R,complete,recovered,True,False,True,44.60557313496247,6.7570915017277,44.134728,989.89453125,recovered,True,,/project/yunhengzou/coordinate_alignment/aam_benchmarks/golden_policy_full_20260907/1463/cuts/aam.pkl.gz,/project/yunhengzou/coordinate_alignment/aam_benchmarks/golden_policy_full_20260907/1463/evaluation.json
1464,True,P_to_R,complete,recovered,True,False,True,22.97654091194272,3.1744228303432465,22.804945,564.67578125,recovered,True,,/project/yunhengzou/coordinate_alignment/aam_benchmarks/golden_policy_full_20260907/1464/cuts/aam.pkl.gz,/project/yunhengzou/coordinate_alignment/aam_benchmarks/golden_policy_full_20260907/1464/evaluation.json
1465,True,P_to_R,complete,recovered,True,False,True,4.7891017608344555,0.8400994949042797,5.383938,185.45703125,not_recovered,False,gained,/project/yunhengzou/coordinate_alignment/aam_benchmarks/golden_policy_full_20260907/1465/cuts/aam.pkl.gz,/project/yunhengzou/coordinate_alignment/aam_benchmarks/golden_policy_full_20260907/1465/evaluation.json
1466,True,P_to_R,complete,recovered,True,False,True,19.629798226058483,3.2356738932430744,20.091618,469.7421875,recovered,True,,/project/yunhengzou/coordinate_alignment/aam_benchmarks/golden_policy_full_20260907/1466/cuts/aam.pkl.gz,/project/yunhengzou/coordinate_alignment/aam_benchmarks/golden_policy_full_20260907/1466/evaluation.json
1467,True,P_to_R,complete,recovered,True,False,True,16.10166823118925,1.9910020753741264,16.530188,319.328125,recovered,True,,/project/yunhengzou/coordinate_alignment/aam_benchmarks/golden_policy_full_20260907/1467/cuts/aam.pkl.gz,/project/yunhengzou/coordinate_alignment/aam_benchmarks/golden_policy_full_20260907/1467/evaluation.json
1468,True,P_to_R,complete,recovered,True,False,True,4.640998885035515,0.5187785308808088,5.260162,184.71875,recovered,True,,/project/yunhengzou/coordinate_alignment/aam_benchmarks/golden_policy_full_20260907/1468/cuts/aam.pkl.gz,/project/yunhengzou/coordinate_alignment/aam_benchmarks/golden_policy_full_20260907/1468/evaluation.json
1469,True,P_to_R,complete,recovered,True,False,True,11.624037466943264,2.5126471212133765,12.480944,290.65234375,recovered,True,,/project/yunhengzou/coordinate_alignment/aam_benchmarks/golden_policy_full_20260907/1469/cuts/aam.pkl.gz,/project/yunhengzou/coordinate_alignment/aam_benchmarks/golden_policy_full_20260907/1469/evaluation.json
1470,True,P_to_R,complete,recovered,True,False,True,7.400102406740189,0.9527276689186692,8.065692,263.8984375,recovered,True,,/project/yunhengzou/coordinate_alignment/aam_benchmarks/golden_policy_full_20260907/1470/cuts/aam.pkl.gz,/project/yunhengzou/coordinate_alignment/aam_benchmarks/golden_policy_full_20260907/1470/evaluation.json
1471,True,R_to_P,complete,recovered,False,False,False,0.8083319868892431,0.0776585228741169,1.9529150000000002,129.0390625,recovered,False,,/project/yunhengzou/coordinate_alignment/aam_benchmarks/golden_policy_full_20260907/1471/cuts/aam.pkl.gz,/project/yunhengzou/coordinate_alignment/aam_benchmarks/golden_policy_full_20260907/1471/evaluation.json
1472,True,P_to_R,complete,recovered,True,False,True,5.5221097292378545,0.8047352181747556,6.228569,230.4375,recovered,True,,/project/yunhengzou/coordinate_alignment/aam_benchmarks/golden_policy_full_20260907/1472/cuts/aam.pkl.gz,/project/yunhengzou/coordinate_alignment/aam_benchmarks/golden_policy_full_20260907/1472/evaluation.json
1473,True,P_to_R,complete,recovered,True,False,True,16.7481726789847,1.7725767330266535,16.884158,413.5703125,recovered,True,,/project/yunhengzou/coordinate_alignment/aam_benchmarks/golden_policy_full_20260907/1473/cuts/aam.pkl.gz,/project/yunhengzou/coordinate_alignment/aam_benchmarks/golden_policy_full_20260907/1473/evaluation.json
1474,True,P_to_R,complete,recovered,False,False,True,3.596047714818269,0.7115955404005945,4.426569000000001,187.66015625,recovered,False,,/project/yunhengzou/coordinate_alignment/aam_benchmarks/golden_policy_full_20260907/1474/cuts/aam.pkl.gz,/project/yunhengzou/coordinate_alignment/aam_benchmarks/golden_policy_full_20260907/1474/evaluation.json
1475,False,R_to_P,complete,unknown,,False,True,13.806066626217216,120.56900918902829,14.264622,376.8984375,,,,/project/yunhengzou/coordinate_alignment/aam_benchmarks/golden_policy_full_20260907/1475/cuts/aam.pkl.gz,/project/yunhengzou/coordinate_alignment/aam_benchmarks/golden_policy_full_20260907/1475/evaluation.json
1476,True,P_to_R,complete,recovered,False,False,True,1.1143567538820207,0.23515861481428146,1.990364,133.4140625,recovered,False,,/project/yunhengzou/coordinate_alignment/aam_benchmarks/golden_policy_full_20260907/1476/cuts/aam.pkl.gz,/project/yunhengzou/coordinate_alignment/aam_benchmarks/golden_policy_full_20260907/1476/evaluation.json
1477,True,P_to_R,complete,recovered,False,False,True,9.498758770991117,1.3010826990939677,10.072079,316.13671875,recovered,False,,/project/yunhengzou/coordinate_alignment/aam_benchmarks/golden_policy_full_20260907/1477/cuts/aam.pkl.gz,/project/yunhengzou/coordinate_alignment/aam_benchmarks/golden_policy_full_20260907/1477/evaluation.json
1478,True,P_to_R,complete,recovered,False,False,True,102.95695005124435,9.293839312158525,99.06123,2031.1328125,not_recovered,False,gained,/project/yunhengzou/coordinate_alignment/aam_benchmarks/golden_policy_full_20260907/1478/cuts/aam.pkl.gz,/project/yunhengzou/coordinate_alignment/aam_benchmarks/golden_policy_full_20260907/1478/evaluation.json
1479,True,P_to_R,complete,recovered,True,False,True,2.6504431199282408,0.34613179601728916,3.4444529999999998,171.36328125,recovered,True,,/project/yunhengzou/coordinate_alignment/aam_benchmarks/golden_policy_full_20260907/1479/cuts/aam.pkl.gz,/project/yunhengzou/coordinate_alignment/aam_benchmarks/golden_policy_full_20260907/1479/evaluation.json
1480,True,P_to_R,complete,recovered,True,False,True,39.78917439118959,6.522005893057212,39.211831000000004,765.84375,recovered,True,,/project/yunhengzou/coordinate_alignment/aam_benchmarks/golden_policy_full_20260907/1480/cuts/aam.pkl.gz,/project/yunhengzou/coordinate_alignment/aam_benchmarks/golden_policy_full_20260907/1480/evaluation.json
1481,True,P_to_R,complete,recovered,True,False,True,17.693416349589825,2.1656948244199157,16.251096,418.3203125,recovered,True,,/project/yunhengzou/coordinate_alignment/aam_benchmarks/golden_policy_full_20260907/1481/cuts/aam.pkl.gz,/project/yunhengzou/coordinate_alignment/aam_benchmarks/golden_policy_full_20260907/1481/evaluation.json
1482,True,P_to_R,complete,recovered,True,False,True,2.2597482779528946,0.17122842813841999,3.070522,153.1640625,recovered,True,,/project/yunhengzou/coordinate_alignment/aam_benchmarks/golden_policy_full_20260907/1482/cuts/aam.pkl.gz,/project/yunhengzou/coordinate_alignment/aam_benchmarks/golden_policy_full_20260907/1482/evaluation.json
1483,True,P_to_R,complete,recovered,True,False,False,7.914539693156257,0.5202235030010343,8.500963,160.71484375,recovered,True,,/project/yunhengzou/coordinate_alignment/aam_benchmarks/golden_policy_full_20260907/1483/cuts/aam.pkl.gz,/project/yunhengzou/coordinate_alignment/aam_benchmarks/golden_policy_full_20260907/1483/evaluation.json
1484,True,P_to_R,complete,recovered,True,False,True,24.103631236124784,6.366894073784351,24.205738999999998,480.77734375,recovered,True,,/project/yunhengzou/coordinate_alignment/aam_benchmarks/golden_policy_full_20260907/1484/cuts/aam.pkl.gz,/project/yunhengzou/coordinate_alignment/aam_benchmarks/golden_policy_full_20260907/1484/evaluation.json
1485,True,P_to_R,complete,recovered,True,False,True,3.210984925040975,0.5422895939555019,3.969318,175.19140625,recovered,False,,/project/yunhengzou/coordinate_alignment/aam_benchmarks/golden_policy_full_20260907/1485/cuts/aam.pkl.gz,/project/yunhengzou/coordinate_alignment/aam_benchmarks/golden_policy_full_20260907/1485/evaluation.json
1486,True,P_to_R,complete,recovered,True,False,True,18.976997639983892,2.258263082243502,17.963366,498.62890625,recovered,True,,/project/yunhengzou/coordinate_alignment/aam_benchmarks/golden_policy_full_20260907/1486/cuts/aam.pkl.gz,/project/yunhengzou/coordinate_alignment/aam_benchmarks/golden_policy_full_20260907/1486/evaluation.json
1487,True,P_to_R,complete,recovered,True,False,True,2.63045072928071,0.5194744383916259,3.357453,159.69140625,recovered,True,,/project/yunhengzou/coordinate_alignment/aam_benchmarks/golden_policy_full_20260907/1487/cuts/aam.pkl.gz,/project/yunhengzou/coordinate_alignment/aam_benchmarks/golden_policy_full_20260907/1487/evaluation.json
1488,True,P_to_R,complete,recovered,True,False,True,81.63436019141227,3.9199020182713866,79.037793,1337.39453125,recovered,True,,/project/yunhengzou/coordinate_alignment/aam_benchmarks/golden_policy_full_20260907/1488/cuts/aam.pkl.gz,/project/yunhengzou/coordinate_alignment/aam_benchmarks/golden_policy_full_20260907/1488/evaluation.json
1489,True,P_to_R,complete,recovered,True,False,True,37.5449980860576,4.298454420641065,35.886131999999996,860.99609375,recovered,False,,/project/yunhengzou/coordinate_alignment/aam_benchmarks/golden_policy_full_20260907/1489/cuts/aam.pkl.gz,/project/yunhengzou/coordinate_alignment/aam_benchmarks/golden_policy_full_20260907/1489/evaluation.json
1490,True,P_to_R,complete,recovered,True,False,True,54.43888550531119,4.415723935700953,51.813298,1096.140625,recovered,True,,/project/yunhengzou/coordinate_alignment/aam_benchmarks/golden_policy_full_20260907/1490/cuts/aam.pkl.gz,/project/yunhengzou/coordinate_alignment/aam_benchmarks/golden_policy_full_20260907/1490/evaluation.json
1491,True,P_to_R,complete,recovered,True,False,True,10.142487104050815,1.9212866136804223,10.85296,227.1484375,not_recovered,False,gained,/project/yunhengzou/coordinate_alignment/aam_benchmarks/golden_policy_full_20260907/1491/cuts/aam.pkl.gz,/project/yunhengzou/coordinate_alignment/aam_benchmarks/golden_policy_full_20260907/1491/evaluation.json
1492,True,P_to_R,complete,recovered,True,False,True,22.336840582080185,3.728480197954923,22.598004,505.3515625,recovered,True,,/project/yunhengzou/coordinate_alignment/aam_benchmarks/golden_policy_full_20260907/1492/cuts/aam.pkl.gz,/project/yunhengzou/coordinate_alignment/aam_benchmarks/golden_policy_full_20260907/1492/evaluation.json
1493,True,P_to_R,complete,recovered,True,False,True,297.61819552001543,28.435749804833904,286.91998099999995,4940.63671875,recovered,True,,/project/yunhengzou/coordinate_alignment/aam_benchmarks/golden_policy_full_20260907/1493/cuts/aam.pkl.gz,/project/yunhengzou/coordinate_alignment/aam_benchmarks/golden_policy_full_20260907/1493/evaluation.json
1494,True,P_to_R,complete,recovered,True,False,True,2.930947898887098,0.2977728871628642,3.689377,174.2890625,recovered,True,,/project/yunhengzou/coordinate_alignment/aam_benchmarks/golden_policy_full_20260907/1494/cuts/aam.pkl.gz,/project/yunhengzou/coordinate_alignment/aam_benchmarks/golden_policy_full_20260907/1494/evaluation.json
1495,True,P_to_R,complete,recovered,True,False,True,16.091714235953987,2.0699328670743853,15.624054,386.59765625,recovered,True,,/project/yunhengzou/coordinate_alignment/aam_benchmarks/golden_policy_full_20260907/1495/cuts/aam.pkl.gz,/project/yunhengzou/coordinate_alignment/aam_benchmarks/golden_policy_full_20260907/1495/evaluation.json
1496,True,P_to_R,complete,recovered,True,False,True,0.9599074777215719,0.15256828535348177,1.891154,132.625,recovered,True,,/project/yunhengzou/coordinate_alignment/aam_benchmarks/golden_policy_full_20260907/1496/cuts/aam.pkl.gz,/project/yunhengzou/coordinate_alignment/aam_benchmarks/golden_policy_full_20260907/1496/evaluation.json
1497,True,P_to_R,complete,recovered,True,False,False,0.5759917590767145,0.10368058737367392,1.508788,125.546875,recovered,True,,/project/yunhengzou/coordinate_alignment/aam_benchmarks/golden_policy_full_20260907/1497/cuts/aam.pkl.gz,/project/yunhengzou/coordinate_alignment/aam_benchmarks/golden_policy_full_20260907/1497/evaluation.json
1498,True,P_to_R,complete,recovered,True,False,False,0.34557991847395897,0.025393464602530003,1.219522,119.66015625,recovered,True,,/project/yunhengzou/coordinate_alignment/aam_benchmarks/golden_policy_full_20260907/1498/cuts/aam.pkl.gz,/project/yunhengzou/coordinate_alignment/aam_benchmarks/golden_policy_full_20260907/1498/evaluation.json
1499,True,P_to_R,complete,recovered,False,False,False,0.8944578031077981,0.09312027972191572,1.706032,127.2421875,recovered,False,,/project/yunhengzou/coordinate_alignment/aam_benchmarks/golden_policy_full_20260907/1499/cuts/aam.pkl.gz,/project/yunhengzou/coordinate_alignment/aam_benchmarks/golden_policy_full_20260907/1499/evaluation.json
1500,True,P_to_R,complete,recovered,True,False,True,13.17493945080787,1.9457960929721594,12.810450999999999,349.73828125,recovered,True,,/project/yunhengzou/coordinate_alignment/aam_benchmarks/golden_policy_full_20260907/1500/cuts/aam.pkl.gz,/project/yunhengzou/coordinate_alignment/aam_benchmarks/golden_policy_full_20260907/1500/evaluation.json
1501,True,P_to_R,complete,recovered,True,False,True,22.513928895816207,2.1117164185270667,21.884382,543.88671875,recovered,True,,/project/yunhengzou/coordinate_alignment/aam_benchmarks/golden_policy_full_20260907/1501/cuts/aam.pkl.gz,/project/yunhengzou/coordinate_alignment/aam_benchmarks/golden_policy_full_20260907/1501/evaluation.json
1502,True,P_to_R,complete,recovered,True,False,True,26.549816813785583,2.487063783686608,24.700485,585.5703125,recovered,True,,/project/yunhengzou/coordinate_alignment/aam_benchmarks/golden_policy_full_20260907/1502/cuts/aam.pkl.gz,/project/yunhengzou/coordinate_alignment/aam_benchmarks/golden_policy_full_20260907/1502/evaluation.json
1503,True,P_to_R,complete,recovered,False,False,True,99.49238227913156,6.344368379563093,99.34149000000001,816.38671875,recovered,True,,/project/yunhengzou/coordinate_alignment/aam_benchmarks/golden_policy_full_20260907/1503/cuts/aam.pkl.gz,/project/yunhengzou/coordinate_alignment/aam_benchmarks/golden_policy_full_20260907/1503/evaluation.json
1504,True,P_to_R,complete,recovered,True,False,True,170.71696921205148,11.859686383977532,166.067077,3093.47265625,recovered,True,,/project/yunhengzou/coordinate_alignment/aam_benchmarks/golden_policy_full_20260907/1504/cuts/aam.pkl.gz,/project/yunhengzou/coordinate_alignment/aam_benchmarks/golden_policy_full_20260907/1504/evaluation.json
1505,True,P_to_R,complete,recovered,True,False,True,6.830562986433506,1.3412807621061802,7.634272,260.64453125,recovered,True,,/project/yunhengzou/coordinate_alignment/aam_benchmarks/golden_policy_full_20260907/1505/cuts/aam.pkl.gz,/project/yunhengzou/coordinate_alignment/aam_benchmarks/golden_policy_full_20260907/1505/evaluation.json
1506,True,P_to_R,complete,recovered,False,False,False,1.4825080991722643,4.572895381134003,2.406437,138.86328125,recovered,False,,/project/yunhengzou/coordinate_alignment/aam_benchmarks/golden_policy_full_20260907/1506/cuts/aam.pkl.gz,/project/yunhengzou/coordinate_alignment/aam_benchmarks/golden_policy_full_20260907/1506/evaluation.json
1507,True,P_to_R,complete,recovered,True,False,True,2.4294222840107977,0.5197180262766778,3.3706579999999997,164.3046875,recovered,False,,/project/yunhengzou/coordinate_alignment/aam_benchmarks/golden_policy_full_20260907/1507/cuts/aam.pkl.gz,/project/yunhengzou/coordinate_alignment/aam_benchmarks/golden_policy_full_20260907/1507/evaluation.json
1508,True,P_to_R,complete,recovered,True,False,True,8.094434194266796,0.9213990923017263,8.61976,273.51171875,recovered,False,,/project/yunhengzou/coordinate_alignment/aam_benchmarks/golden_policy_full_20260907/1508/cuts/aam.pkl.gz,/project/yunhengzou/coordinate_alignment/aam_benchmarks/golden_policy_full_20260907/1508/evaluation.json
1509,True,P_to_R,complete,recovered,True,False,True,117.44693862088025,14.99839574098587,112.299973,2038.83203125,recovered,True,,/project/yunhengzou/coordinate_alignment/aam_benchmarks/golden_policy_full_20260907/1509/cuts/aam.pkl.gz,/project/yunhengzou/coordinate_alignment/aam_benchmarks/golden_policy_full_20260907/1509/evaluation.json
1510,True,P_to_R,complete,recovered,True,False,True,4.018275715876371,0.6976267630234361,4.672531,183.65234375,recovered,True,,/project/yunhengzou/coordinate_alignment/aam_benchmarks/golden_policy_full_20260907/1510/cuts/aam.pkl.gz,/project/yunhengzou/coordinate_alignment/aam_benchmarks/golden_policy_full_20260907/1510/evaluation.json
1511,True,P_to_R,complete,recovered,True,False,True,3.278630930930376,0.5014424179680645,3.818478,161.30078125,recovered,False,,/project/yunhengzou/coordinate_alignment/aam_benchmarks/golden_policy_full_20260907/1511/cuts/aam.pkl.gz,/project/yunhengzou/coordinate_alignment/aam_benchmarks/golden_policy_full_20260907/1511/evaluation.json
1512,True,P_to_R,complete,recovered,False,False,True,45.26191054424271,5.16713485121727,43.22595,972.33984375,recovered,False,,/project/yunhengzou/coordinate_alignment/aam_benchmarks/golden_policy_full_20260907/1512/cuts/aam.pkl.gz,/project/yunhengzou/coordinate_alignment/aam_benchmarks/golden_policy_full_20260907/1512/evaluation.json
1513,True,P_to_R,complete,recovered,True,False,True,44.59536673640832,5.612690893001854,42.972206,978.95703125,recovered,True,,/project/yunhengzou/coordinate_alignment/aam_benchmarks/golden_policy_full_20260907/1513/cuts/aam.pkl.gz,/project/yunhengzou/coordinate_alignment/aam_benchmarks/golden_policy_full_20260907/1513/evaluation.json
1514,True,P_to_R,complete,recovered,True,False,True,57.233201914001256,5.617858462035656,55.011404999999996,1180.62890625,recovered,True,,/project/yunhengzou/coordinate_alignment/aam_benchmarks/golden_policy_full_20260907/1514/cuts/aam.pkl.gz,/project/yunhengzou/coordinate_alignment/aam_benchmarks/golden_policy_full_20260907/1514/evaluation.json
1515,True,P_to_R,complete,recovered,False,False,True,28.288739886833355,3.1840390879660845,27.754953,632.7890625,recovered,False,,/project/yunhengzou/coordinate_alignment/aam_benchmarks/golden_policy_full_20260907/1515/cuts/aam.pkl.gz,/project/yunhengzou/coordinate_alignment/aam_benchmarks/golden_policy_full_20260907/1515/evaluation.json
1516,True,P_to_R,complete,recovered,False,False,True,50.58026331011206,4.373408687999472,48.942256,1021.859375,recovered,False,,/project/yunhengzou/coordinate_alignment/aam_benchmarks/golden_policy_full_20260907/1516/cuts/aam.pkl.gz,/project/yunhengzou/coordinate_alignment/aam_benchmarks/golden_policy_full_20260907/1516/evaluation.json
1517,True,P_to_R,complete,recovered,False,False,True,19.551442268071696,3.415868639945984,18.759304,425.45703125,not_recovered,False,gained,/project/yunhengzou/coordinate_alignment/aam_benchmarks/golden_policy_full_20260907/1517/cuts/aam.pkl.gz,/project/yunhengzou/coordinate_alignment/aam_benchmarks/golden_policy_full_20260907/1517/evaluation.json
1518,True,P_to_R,complete,recovered,False,False,True,12.104298779042438,2.3826392060145736,12.027474,217.484375,not_recovered,False,gained,/project/yunhengzou/coordinate_alignment/aam_benchmarks/golden_policy_full_20260907/1518/cuts/aam.pkl.gz,/project/yunhengzou/coordinate_alignment/aam_benchmarks/golden_policy_full_20260907/1518/evaluation.json
1519,True,P_to_R,complete,recovered,False,False,True,43.24206694867462,4.097215843386948,41.134465,943.58203125,recovered,False,,/project/yunhengzou/coordinate_alignment/aam_benchmarks/golden_policy_full_20260907/1519/cuts/aam.pkl.gz,/project/yunhengzou/coordinate_alignment/aam_benchmarks/golden_policy_full_20260907/1519/evaluation.json
1520,True,P_to_R,complete,recovered,True,False,True,16.274813340976834,2.271839722059667,16.551916000000002,319.37890625,recovered,False,,/project/yunhengzou/coordinate_alignment/aam_benchmarks/golden_policy_full_20260907/1520/cuts/aam.pkl.gz,/project/yunhengzou/coordinate_alignment/aam_benchmarks/golden_policy_full_20260907/1520/evaluation.json
1521,True,P_to_R,complete,recovered,True,False,False,0.8017458338290453,0.11911567766219378,1.735472,129.2421875,recovered,False,,/project/yunhengzou/coordinate_alignment/aam_benchmarks/golden_policy_full_20260907/1521/cuts/aam.pkl.gz,/project/yunhengzou/coordinate_alignment/aam_benchmarks/golden_policy_full_20260907/1521/evaluation.json
1522,True,P_to_R,complete,unknown,False,False,True,79.33481038641185,120.98583410028368,76.15819,1701.98046875,recovered,False,,/project/yunhengzou/coordinate_alignment/aam_benchmarks/golden_policy_full_20260907/1522/cuts/aam.pkl.gz,/project/yunhengzou/coordinate_alignment/aam_benchmarks/golden_policy_full_20260907/1522/evaluation.json
1523,True,P_to_R,complete,recovered,False,False,True,41.81083762086928,4.476734280586243,40.053931999999996,897.92578125,recovered,False,,/project/yunhengzou/coordinate_alignment/aam_benchmarks/golden_policy_full_20260907/1523/cuts/aam.pkl.gz,/project/yunhengzou/coordinate_alignment/aam_benchmarks/golden_policy_full_20260907/1523/evaluation.json
1524,True,P_to_R,complete,recovered,True,False,True,20.383403095416725,2.4452504720538855,20.173126,524.15625,not_recovered,False,gained,/project/yunhengzou/coordinate_alignment/aam_benchmarks/golden_policy_full_20260907/1524/cuts/aam.pkl.gz,/project/yunhengzou/coordinate_alignment/aam_benchmarks/golden_policy_full_20260907/1524/evaluation.json
1525,True,P_to_R,complete,recovered,False,False,False,5.546524372883141,0.9575656298547983,5.9985360000000005,162.21875,not_recovered,False,gained,/project/yunhengzou/coordinate_alignment/aam_benchmarks/golden_policy_full_20260907/1525/cuts/aam.pkl.gz,/project/yunhengzou/coordinate_alignment/aam_benchmarks/golden_policy_full_20260907/1525/evaluation.json
1526,True,P_to_R,complete,recovered,False,False,True,16.85469971038401,3.148984743282199,16.459246,396.84765625,not_recovered,False,gained,/project/yunhengzou/coordinate_alignment/aam_benchmarks/golden_policy_full_20260907/1526/cuts/aam.pkl.gz,/project/yunhengzou/coordinate_alignment/aam_benchmarks/golden_policy_full_20260907/1526/evaluation.json
1527,True,P_to_R,complete,recovered,False,False,True,20.694166992790997,2.1367912450805306,20.068325,523.24609375,recovered,False,,/project/yunhengzou/coordinate_alignment/aam_benchmarks/golden_policy_full_20260907/1527/cuts/aam.pkl.gz,/project/yunhengzou/coordinate_alignment/aam_benchmarks/golden_policy_full_20260907/1527/evaluation.json
1528,True,P_to_R,complete,recovered,True,False,True,17.206058950163424,2.4395057298243046,17.046809,397.05859375,recovered,True,,/project/yunhengzou/coordinate_alignment/aam_benchmarks/golden_policy_full_20260907/1528/cuts/aam.pkl.gz,/project/yunhengzou/coordinate_alignment/aam_benchmarks/golden_policy_full_20260907/1528/evaluation.json
1529,True,P_to_R,complete,recovered,True,False,True,20.054329477250576,3.592668247409165,18.910938,438.3828125,recovered,True,,/project/yunhengzou/coordinate_alignment/aam_benchmarks/golden_policy_full_20260907/1529/cuts/aam.pkl.gz,/project/yunhengzou/coordinate_alignment/aam_benchmarks/golden_policy_full_20260907/1529/evaluation.json
1530,True,P_to_R,complete,recovered,True,False,True,50.05015712697059,4.997204881161451,48.731421,1102.76953125,recovered,True,,/project/yunhengzou/coordinate_alignment/aam_benchmarks/golden_policy_full_20260907/1530/cuts/aam.pkl.gz,/project/yunhengzou/coordinate_alignment/aam_benchmarks/golden_policy_full_20260907/1530/evaluation.json
1531,True,P_to_R,complete,recovered,False,False,True,15.917181129567325,2.637748507782817,15.330532,392.6171875,recovered,False,,/project/yunhengzou/coordinate_alignment/aam_benchmarks/golden_policy_full_20260907/1531/cuts/aam.pkl.gz,/project/yunhengzou/coordinate_alignment/aam_benchmarks/golden_policy_full_20260907/1531/evaluation.json
1532,True,P_to_R,complete,recovered,False,False,True,29.71281137969345,3.715560263954103,29.037119999999998,651.8203125,recovered,False,,/project/yunhengzou/coordinate_alignment/aam_benchmarks/golden_policy_full_20260907/1532/cuts/aam.pkl.gz,/project/yunhengzou/coordinate_alignment/aam_benchmarks/golden_policy_full_20260907/1532/evaluation.json
1533,True,P_to_R,complete,recovered,False,False,True,22.85314096044749,5.00502716563642,22.940739999999998,565.61328125,not_recovered,False,gained,/project/yunhengzou/coordinate_alignment/aam_benchmarks/golden_policy_full_20260907/1533/cuts/aam.pkl.gz,/project/yunhengzou/coordinate_alignment/aam_benchmarks/golden_policy_full_20260907/1533/evaluation.json
1534,True,P_to_R,complete,recovered,True,False,True,28.756464489735663,4.854971879161894,28.340110999999997,625.31640625,recovered,False,,/project/yunhengzou/coordinate_alignment/aam_benchmarks/golden_policy_full_20260907/1534/cuts/aam.pkl.gz,/project/yunhengzou/coordinate_alignment/aam_benchmarks/golden_policy_full_20260907/1534/evaluation.json
1535,True,P_to_R,complete,recovered,True,False,True,23.73853320395574,4.013004989828914,23.71404,475.0234375,recovered,True,,/project/yunhengzou/coordinate_alignment/aam_benchmarks/golden_policy_full_20260907/1535/cuts/aam.pkl.gz,/project/yunhengzou/coordinate_alignment/aam_benchmarks/golden_policy_full_20260907/1535/evaluation.json
1536,True,P_to_R,complete,recovered,False,False,True,43.917316703125834,4.076532928738743,42.837348999999996,940.82421875,recovered,False,,/project/yunhengzou/coordinate_alignment/aam_benchmarks/golden_policy_full_20260907/1536/cuts/aam.pkl.gz,/project/yunhengzou/coordinate_alignment/aam_benchmarks/golden_policy_full_20260907/1536/evaluation.json
1537,True,P_to_R,complete,recovered,False,False,True,3.364792970009148,0.6982221021316946,4.159251,166.6328125,recovered,False,,/project/yunhengzou/coordinate_alignment/aam_benchmarks/golden_policy_full_20260907/1537/cuts/aam.pkl.gz,/project/yunhengzou/coordinate_alignment/aam_benchmarks/golden_policy_full_20260907/1537/evaluation.json
1538,True,P_to_R,complete,recovered,True,False,True,7.279539908980951,1.2770750508643687,7.774666,231.16015625,recovered,True,,/project/yunhengzou/coordinate_alignment/aam_benchmarks/golden_policy_full_20260907/1538/cuts/aam.pkl.gz,/project/yunhengzou/coordinate_alignment/aam_benchmarks/golden_policy_full_20260907/1538/evaluation.json
1539,True,P_to_R,complete,recovered,True,False,True,16.178435384994373,3.133396008051932,16.384832999999997,397.71875,recovered,True,,/project/yunhengzou/coordinate_alignment/aam_benchmarks/golden_policy_full_20260907/1539/cuts/aam.pkl.gz,/project/yunhengzou/coordinate_alignment/aam_benchmarks/golden_policy_full_20260907/1539/evaluation.json
1540,True,P_to_R,complete,recovered,False,False,True,7.126243689097464,0.9684391040354967,7.461215,250.7421875,recovered,False,,/project/yunhengzou/coordinate_alignment/aam_benchmarks/golden_policy_full_20260907/1540/cuts/aam.pkl.gz,/project/yunhengzou/coordinate_alignment/aam_benchmarks/golden_policy_full_20260907/1540/evaluation.json
1541,True,P_to_R,complete,recovered,True,False,True,7.021064635831863,1.3934047122020274,7.3613789999999995,250.93359375,recovered,True,,/project/yunhengzou/coordinate_alignment/aam_benchmarks/golden_policy_full_20260907/1541/cuts/aam.pkl.gz,/project/yunhengzou/coordinate_alignment/aam_benchmarks/golden_policy_full_20260907/1541/evaluation.json
1542,True,P_to_R,complete,recovered,True,False,True,8.441849547438323,1.5290693333372474,8.891033,277.58203125,recovered,True,,/project/yunhengzou/coordinate_alignment/aam_benchmarks/golden_policy_full_20260907/1542/cuts/aam.pkl.gz,/project/yunhengzou/coordinate_alignment/aam_benchmarks/golden_policy_full_20260907/1542/evaluation.json
1543,True,P_to_R,complete,recovered,True,False,True,6.7952003730461,1.323722711764276,7.283903,248.41796875,recovered,True,,/project/yunhengzou/coordinate_alignment/aam_benchmarks/golden_policy_full_20260907/1543/cuts/aam.pkl.gz,/project/yunhengzou/coordinate_alignment/aam_benchmarks/golden_policy_full_20260907/1543/evaluation.json
1544,True,P_to_R,complete,recovered,True,False,True,13.970942001789808,1.1945668999105692,13.032197,352.296875,recovered,True,,/project/yunhengzou/coordinate_alignment/aam_benchmarks/golden_policy_full_20260907/1544/cuts/aam.pkl.gz,/project/yunhengzou/coordinate_alignment/aam_benchmarks/golden_policy_full_20260907/1544/evaluation.json
1545,True,P_to_R,complete,recovered,True,False,True,55.45373782515526,6.7703609289601445,53.647265000000004,1143.9453125,recovered,True,,/project/yunhengzou/coordinate_alignment/aam_benchmarks/golden_policy_full_20260907/1545/cuts/aam.pkl.gz,/project/yunhengzou/coordinate_alignment/aam_benchmarks/golden_policy_full_20260907/1545/evaluation.json
1546,True,P_to_R,complete,recovered,True,False,True,162.04315964318812,12.582264760509133,158.442926,2366.36328125,not_recovered,False,gained,/project/yunhengzou/coordinate_alignment/aam_benchmarks/golden_policy_full_20260907/1546/cuts/aam.pkl.gz,/project/yunhengzou/coordinate_alignment/aam_benchmarks/golden_policy_full_20260907/1546/evaluation.json
1547,True,P_to_R,complete,recovered,True,False,True,186.2853100039065,12.8792337263003,181.854549,2841.875,not_recovered,False,gained,/project/yunhengzou/coordinate_alignment/aam_benchmarks/golden_policy_full_20260907/1547/cuts/aam.pkl.gz,/project/yunhengzou/coordinate_alignment/aam_benchmarks/golden_policy_full_20260907/1547/evaluation.json
1548,True,P_to_R,complete,recovered,True,False,True,21.19483943283558,2.8631501253694296,21.394634,420.48046875,recovered,True,,/project/yunhengzou/coordinate_alignment/aam_benchmarks/golden_policy_full_20260907/1548/cuts/aam.pkl.gz,/project/yunhengzou/coordinate_alignment/aam_benchmarks/golden_policy_full_20260907/1548/evaluation.json
1549,True,P_to_R,complete,recovered,False,False,True,1.5884980140253901,0.26127730775624514,2.464246,144.8203125,recovered,False,,/project/yunhengzou/coordinate_alignment/aam_benchmarks/golden_policy_full_20260907/1549/cuts/aam.pkl.gz,/project/yunhengzou/coordinate_alignment/aam_benchmarks/golden_policy_full_20260907/1549/evaluation.json
1550,True,P_to_R,complete,recovered,False,False,True,24.091023578308523,3.426596253644675,23.662045,566.5,recovered,False,,/project/yunhengzou/coordinate_alignment/aam_benchmarks/golden_policy_full_20260907/1550/cuts/aam.pkl.gz,/project/yunhengzou/coordinate_alignment/aam_benchmarks/golden_policy_full_20260907/1550/evaluation.json
1551,True,P_to_R,complete,recovered,False,False,True,4.764554081950337,1.008808664046228,5.541301,191.82421875,recovered,False,,/project/yunhengzou/coordinate_alignment/aam_benchmarks/golden_policy_full_20260907/1551/cuts/aam.pkl.gz,/project/yunhengzou/coordinate_alignment/aam_benchmarks/golden_policy_full_20260907/1551/evaluation.json
1552,True,P_to_R,complete,recovered,False,False,False,2.8725308068096638,0.7689712499268353,3.748542,157.0546875,recovered,False,,/project/yunhengzou/coordinate_alignment/aam_benchmarks/golden_policy_full_20260907/1552/cuts/aam.pkl.gz,/project/yunhengzou/coordinate_alignment/aam_benchmarks/golden_policy_full_20260907/1552/evaluation.json
1553,True,P_to_R,complete,unknown,False,False,True,4.283616925124079,120.35998792387545,4.981297,171.109375,not_recovered,False,,/project/yunhengzou/coordinate_alignment/aam_benchmarks/golden_policy_full_20260907/1553/cuts/aam.pkl.gz,/project/yunhengzou/coordinate_alignment/aam_benchmarks/golden_policy_full_20260907/1553/evaluation.json
1554,True,P_to_R,complete,recovered,True,False,True,2.5337213510647416,0.5901069492101669,3.193162,139.90625,not_recovered,False,gained,/project/yunhengzou/coordinate_alignment/aam_benchmarks/golden_policy_full_20260907/1554/cuts/aam.pkl.gz,/project/yunhengzou/coordinate_alignment/aam_benchmarks/golden_policy_full_20260907/1554/evaluation.json
1555,True,P_to_R,complete,recovered,True,False,True,3.0228883121162653,0.6271084840409458,3.742338,178.47265625,recovered,True,,/project/yunhengzou/coordinate_alignment/aam_benchmarks/golden_policy_full_20260907/1555/cuts/aam.pkl.gz,/project/yunhengzou/coordinate_alignment/aam_benchmarks/golden_policy_full_20260907/1555/evaluation.json
1556,True,P_to_R,complete,recovered,True,False,True,5.436290662735701,1.0737000862136483,6.076679,200.28515625,recovered,True,,/project/yunhengzou/coordinate_alignment/aam_benchmarks/golden_policy_full_20260907/1556/cuts/aam.pkl.gz,/project/yunhengzou/coordinate_alignment/aam_benchmarks/golden_policy_full_20260907/1556/evaluation.json
1557,True,P_to_R,complete,recovered,True,False,True,2.782642469741404,0.39822034630924463,3.611223,161.04296875,recovered,True,,/project/yunhengzou/coordinate_alignment/aam_benchmarks/golden_policy_full_20260907/1557/cuts/aam.pkl.gz,/project/yunhengzou/coordinate_alignment/aam_benchmarks/golden_policy_full_20260907/1557/evaluation.json
1558,True,P_to_R,complete,recovered,True,False,True,178.01780649647117,16.241385109722614,171.591738,3387.50390625,recovered,True,,/project/yunhengzou/coordinate_alignment/aam_benchmarks/golden_policy_full_20260907/1558/cuts/aam.pkl.gz,/project/yunhengzou/coordinate_alignment/aam_benchmarks/golden_policy_full_20260907/1558/evaluation.json
1559,True,P_to_R,complete,recovered,True,False,True,102.04201896302402,13.188461313955486,99.07109700000001,1638.98828125,recovered,True,,/project/yunhengzou/coordinate_alignment/aam_benchmarks/golden_policy_full_20260907/1559/cuts/aam.pkl.gz,/project/yunhengzou/coordinate_alignment/aam_benchmarks/golden_policy_full_20260907/1559/evaluation.json
1560,True,P_to_R,complete,recovered,True,False,True,23.40005008224398,2.63925364241004,22.870851,547.96484375,not_recovered,False,gained,/project/yunhengzou/coordinate_alignment/aam_benchmarks/golden_policy_full_20260907/1560/cuts/aam.pkl.gz,/project/yunhengzou/coordinate_alignment/aam_benchmarks/golden_policy_full_20260907/1560/evaluation.json
1561,True,P_to_R,complete,recovered,True,False,True,89.50814887974411,1.7947146892547607,89.70054,431.87109375,not_recovered,False,gained,/project/yunhengzou/coordinate_alignment/aam_benchmarks/golden_policy_full_20260907/1561/cuts/aam.pkl.gz,/project/yunhengzou/coordinate_alignment/aam_benchmarks/golden_policy_full_20260907/1561/evaluation.json
1562,True,P_to_R,complete,recovered,True,False,False,9.96977560594678,0.6860968386754394,10.427334,184.703125,recovered,True,,/project/yunhengzou/coordinate_alignment/aam_benchmarks/golden_policy_full_20260907/1562/cuts/aam.pkl.gz,/project/yunhengzou/coordinate_alignment/aam_benchmarks/golden_policy_full_20260907/1562/evaluation.json
1563,True,P_to_R,complete,recovered,True,False,True,10.261826825328171,1.7853522086516023,10.514111,273.56640625,recovered,True,,/project/yunhengzou/coordinate_alignment/aam_benchmarks/golden_policy_full_20260907/1563/cuts/aam.pkl.gz,/project/yunhengzou/coordinate_alignment/aam_benchmarks/golden_policy_full_20260907/1563/evaluation.json
1564,True,P_to_R,complete,recovered,True,False,True,19.17831079941243,2.5703264577314258,19.179092999999998,423.4765625,not_recovered,False,gained,/project/yunhengzou/coordinate_alignment/aam_benchmarks/golden_policy_full_20260907/1564/cuts/aam.pkl.gz,/project/yunhengzou/coordinate_alignment/aam_benchmarks/golden_policy_full_20260907/1564/evaluation.json
1565,True,P_to_R,complete,recovered,True,False,True,19.253455665893853,2.488120064139366,18.988581,459.4765625,recovered,True,,/project/yunhengzou/coordinate_alignment/aam_benchmarks/golden_policy_full_20260907/1565/cuts/aam.pkl.gz,/project/yunhengzou/coordinate_alignment/aam_benchmarks/golden_policy_full_20260907/1565/evaluation.json
1566,True,P_to_R,complete,recovered,True,False,True,6.699644218198955,1.02703651599586,7.109425,210.9375,recovered,True,,/project/yunhengzou/coordinate_alignment/aam_benchmarks/golden_policy_full_20260907/1566/cuts/aam.pkl.gz,/project/yunhengzou/coordinate_alignment/aam_benchmarks/golden_policy_full_20260907/1566/evaluation.json
1567,True,P_to_R,complete,recovered,True,False,True,43.067645081318915,4.41758126206696,42.82409,637.26953125,not_recovered,False,gained,/project/yunhengzou/coordinate_alignment/aam_benchmarks/golden_policy_full_20260907/1567/cuts/aam.pkl.gz,/project/yunhengzou/coordinate_alignment/aam_benchmarks/golden_policy_full_20260907/1567/evaluation.json
1568,True,P_to_R,complete,unknown,False,False,True,109.63078400492668,121.11163973808289,106.27016099999999,2073.671875,not_recovered,False,,/project/yunhengzou/coordinate_alignment/aam_benchmarks/golden_policy_full_20260907/1568/cuts/aam.pkl.gz,/project/yunhengzou/coordinate_alignment/aam_benchmarks/golden_policy_full_20260907/1568/evaluation.json
1569,True,P_to_R,complete,recovered,False,False,True,23.096378356218338,2.507400753442198,23.081381,574.0625,recovered,True,,/project/yunhengzou/coordinate_alignment/aam_benchmarks/golden_policy_full_20260907/1569/cuts/aam.pkl.gz,/project/yunhengzou/coordinate_alignment/aam_benchmarks/golden_policy_full_20260907/1569/evaluation.json
1570,True,P_to_R,complete,recovered,False,False,True,53.202257599681616,4.332796325907111,52.961982,1014.23046875,recovered,False,,/project/yunhengzou/coordinate_alignment/aam_benchmarks/golden_policy_full_20260907/1570/cuts/aam.pkl.gz,/project/yunhengzou/coordinate_alignment/aam_benchmarks/golden_policy_full_20260907/1570/evaluation.json
1571,True,P_to_R,complete,recovered,False,False,False,1.1281299758702517,0.5667771971784532,2.056841,134.40234375,not_recovered,False,gained,/project/yunhengzou/coordinate_alignment/aam_benchmarks/golden_policy_full_20260907/1571/cuts/aam.pkl.gz,/project/yunhengzou/coordinate_alignment/aam_benchmarks/golden_policy_full_20260907/1571/evaluation.json
1572,True,P_to_R,complete,recovered,False,False,True,1.2211607659701258,0.31132022105157375,2.1203320000000003,135.9296875,recovered,False,,/project/yunhengzou/coordinate_alignment/aam_benchmarks/golden_policy_full_20260907/1572/cuts/aam.pkl.gz,/project/yunhengzou/coordinate_alignment/aam_benchmarks/golden_policy_full_20260907/1572/evaluation.json
1573,True,P_to_R,complete,recovered,True,False,True,1.9687607451342046,0.3526084788609296,2.62283,139.734375,recovered,True,,/project/yunhengzou/coordinate_alignment/aam_benchmarks/golden_policy_full_20260907/1573/cuts/aam.pkl.gz,/project/yunhengzou/coordinate_alignment/aam_benchmarks/golden_policy_full_20260907/1573/evaluation.json
1574,True,P_to_R,complete,unknown,False,False,True,17.499352710088715,120.44854138093069,17.667346000000002,419.671875,not_recovered,False,,/project/yunhengzou/coordinate_alignment/aam_benchmarks/golden_policy_full_20260907/1574/cuts/aam.pkl.gz,/project/yunhengzou/coordinate_alignment/aam_benchmarks/golden_policy_full_20260907/1574/evaluation.json
1575,True,P_to_R,complete,recovered,True,False,True,9.211458507925272,1.046598955988884,9.301521999999999,256.23046875,recovered,True,,/project/yunhengzou/coordinate_alignment/aam_benchmarks/golden_policy_full_20260907/1575/cuts/aam.pkl.gz,/project/yunhengzou/coordinate_alignment/aam_benchmarks/golden_policy_full_20260907/1575/evaluation.json
1576,True,P_to_R,complete,recovered,True,False,True,11.274433905025944,1.2380510719958693,11.448132000000001,318.7109375,recovered,True,,/project/yunhengzou/coordinate_alignment/aam_benchmarks/golden_policy_full_20260907/1576/cuts/aam.pkl.gz,/project/yunhengzou/coordinate_alignment/aam_benchmarks/golden_policy_full_20260907/1576/evaluation.json
1577,True,P_to_R,complete,recovered,False,False,True,145.29176502116024,15.35254004294984,140.71776100000002,2667.1953125,not_recovered,False,gained,/project/yunhengzou/coordinate_alignment/aam_benchmarks/golden_policy_full_20260907/1577/cuts/aam.pkl.gz,/project/yunhengzou/coordinate_alignment/aam_benchmarks/golden_policy_full_20260907/1577/evaluation.json
1578,True,P_to_R,complete,recovered,False,False,True,64.65672032069415,8.551302282139659,63.316394,1194.25390625,recovered,False,,/project/yunhengzou/coordinate_alignment/aam_benchmarks/golden_policy_full_20260907/1578/cuts/aam.pkl.gz,/project/yunhengzou/coordinate_alignment/aam_benchmarks/golden_policy_full_20260907/1578/evaluation.json
1579,True,P_to_R,complete,recovered,True,False,True,3.3224891303107142,0.6585578769445419,3.656713,171.81640625,not_recovered,False,gained,/project/yunhengzou/coordinate_alignment/aam_benchmarks/golden_policy_full_20260907/1579/cuts/aam.pkl.gz,/project/yunhengzou/coordinate_alignment/aam_benchmarks/golden_policy_full_20260907/1579/evaluation.json
1580,True,P_to_R,complete,recovered,False,False,False,0.3728857710957527,0.09102831687778234,1.308204,121.21875,recovered,False,,/project/yunhengzou/coordinate_alignment/aam_benchmarks/golden_policy_full_20260907/1580/cuts/aam.pkl.gz,/project/yunhengzou/coordinate_alignment/aam_benchmarks/golden_policy_full_20260907/1580/evaluation.json
1581,True,P_to_R,complete,recovered,False,False,False,7.912037656642497,1.3188774455338717,8.548708999999999,193.1015625,recovered,True,,/project/yunhengzou/coordinate_alignment/aam_benchmarks/golden_policy_full_20260907/1581/cuts/aam.pkl.gz,/project/yunhengzou/coordinate_alignment/aam_benchmarks/golden_policy_full_20260907/1581/evaluation.json
1582,True,P_to_R,complete,recovered,False,False,True,8.416207883041352,1.0819113990291953,8.959609,253.71484375,recovered,False,,/project/yunhengzou/coordinate_alignment/aam_benchmarks/golden_policy_full_20260907/1582/cuts/aam.pkl.gz,/project/yunhengzou/coordinate_alignment/aam_benchmarks/golden_policy_full_20260907/1582/evaluation.json
1583,True,P_to_R,complete,recovered,False,False,False,1.0115130110643804,0.15723423706367612,1.824715,126.80078125,recovered,False,,/project/yunhengzou/coordinate_alignment/aam_benchmarks/golden_policy_full_20260907/1583/cuts/aam.pkl.gz,/project/yunhengzou/coordinate_alignment/aam_benchmarks/golden_policy_full_20260907/1583/evaluation.json
1584,True,P_to_R,complete,recovered,True,False,True,65.06256697466597,6.818441446870565,62.913296,1210.5234375,recovered,True,,/project/yunhengzou/coordinate_alignment/aam_benchmarks/golden_policy_full_20260907/1584/cuts/aam.pkl.gz,/project/yunhengzou/coordinate_alignment/aam_benchmarks/golden_policy_full_20260907/1584/evaluation.json
1585,True,P_to_R,complete,recovered,False,False,True,5.851484581828117,1.2566112210042775,6.406814,199.421875,recovered,False,,/project/yunhengzou/coordinate_alignment/aam_benchmarks/golden_policy_full_20260907/1585/cuts/aam.pkl.gz,/project/yunhengzou/coordinate_alignment/aam_benchmarks/golden_policy_full_20260907/1585/evaluation.json
1586,True,P_to_R,complete,recovered,,True,True,,0.25857684202492237,,,not_recovered,False,gained,/project/yunhengzou/coordinate_alignment/aam_benchmarks/golden_policy_full_20260907/1586/cuts,/project/yunhengzou/coordinate_alignment/aam_benchmarks/golden_policy_full_20260907/1586/evaluation.json
1587,True,P_to_R,complete,recovered,False,False,False,17.433577610645443,1.5696438900195062,17.880809,261.64453125,not_recovered,False,gained,/project/yunhengzou/coordinate_alignment/aam_benchmarks/golden_policy_full_20260907/1587/cuts/aam.pkl.gz,/project/yunhengzou/coordinate_alignment/aam_benchmarks/golden_policy_full_20260907/1587/evaluation.json
1588,True,P_to_R,complete,recovered,False,False,False,9.47892604302615,3.0853141341358423,9.908767999999998,261.30078125,recovered,False,,/project/yunhengzou/coordinate_alignment/aam_benchmarks/golden_policy_full_20260907/1588/cuts/aam.pkl.gz,/project/yunhengzou/coordinate_alignment/aam_benchmarks/golden_policy_full_20260907/1588/evaluation.json
1589,True,P_to_R,complete,recovered,False,False,True,10.080911903874949,3.696250288048759,10.48252,282.83984375,recovered,False,,/project/yunhengzou/coordinate_alignment/aam_benchmarks/golden_policy_full_20260907/1589/cuts/aam.pkl.gz,/project/yunhengzou/coordinate_alignment/aam_benchmarks/golden_policy_full_20260907/1589/evaluation.json
1590,True,P_to_R,complete,recovered,False,False,True,18.368473862996325,5.501862860983238,18.564324,389.90234375,not_recovered,False,gained,/project/yunhengzou/coordinate_alignment/aam_benchmarks/golden_policy_full_20260907/1590/cuts/aam.pkl.gz,/project/yunhengzou/coordinate_alignment/aam_benchmarks/golden_policy_full_20260907/1590/evaluation.json
1591,True,P_to_R,complete,recovered,False,False,True,69.4627161230892,6.550302238203585,66.360826,1443.88671875,recovered,False,,/project/yunhengzou/coordinate_alignment/aam_benchmarks/golden_policy_full_20260907/1591/cuts/aam.pkl.gz,/project/yunhengzou/coordinate_alignment/aam_benchmarks/golden_policy_full_20260907/1591/evaluation.json
1592,True,P_to_R,complete,recovered,,True,False,,0.010163000784814358,,,not_recovered,False,gained,/project/yunhengzou/coordinate_alignment/aam_benchmarks/golden_policy_full_20260907/1592/cuts,/project/yunhengzou/coordinate_alignment/aam_benchmarks/golden_policy_full_20260907/1592/evaluation.json
1593,True,P_to_R,complete,recovered,False,False,True,5.270347123965621,1.034305193927139,5.672581999999999,186.9921875,recovered,False,,/project/yunhengzou/coordinate_alignment/aam_benchmarks/golden_policy_full_20260907/1593/cuts/aam.pkl.gz,/project/yunhengzou/coordinate_alignment/aam_benchmarks/golden_policy_full_20260907/1593/evaluation.json
1594,True,P_to_R,complete,recovered,False,False,False,0.6481662197038531,0.15003218688070774,1.602703,126.62890625,recovered,False,,/project/yunhengzou/coordinate_alignment/aam_benchmarks/golden_policy_full_20260907/1594/cuts/aam.pkl.gz,/project/yunhengzou/coordinate_alignment/aam_benchmarks/golden_policy_full_20260907/1594/evaluation.json
1595,True,P_to_R,complete,recovered,False,False,False,1.054958968423307,71.3898812700063,1.924739,131.16015625,recovered,False,,/project/yunhengzou/coordinate_alignment/aam_benchmarks/golden_policy_full_20260907/1595/cuts/aam.pkl.gz,/project/yunhengzou/coordinate_alignment/aam_benchmarks/golden_policy_full_20260907/1595/evaluation.json
1596,True,P_to_R,complete,recovered,True,False,False,0.46068938355892897,0.08434387296438217,1.34151,124.40234375,recovered,True,,/project/yunhengzou/coordinate_alignment/aam_benchmarks/golden_policy_full_20260907/1596/cuts/aam.pkl.gz,/project/yunhengzou/coordinate_alignment/aam_benchmarks/golden_policy_full_20260907/1596/evaluation.json
1597,True,P_to_R,complete,recovered,True,False,True,19.350037454627454,1.795857829041779,19.264392,523.80859375,recovered,True,,/project/yunhengzou/coordinate_alignment/aam_benchmarks/golden_policy_full_20260907/1597/cuts/aam.pkl.gz,/project/yunhengzou/coordinate_alignment/aam_benchmarks/golden_policy_full_20260907/1597/evaluation.json
1598,True,P_to_R,complete,recovered,True,False,False,1.0393012259155512,0.8934491071850061,2.002924,134.2578125,recovered,True,,/project/yunhengzou/coordinate_alignment/aam_benchmarks/golden_policy_full_20260907/1598/cuts/aam.pkl.gz,/project/yunhengzou/coordinate_alignment/aam_benchmarks/golden_policy_full_20260907/1598/evaluation.json
1599,True,P_to_R,complete,recovered,True,False,True,136.2491630408913,12.898877847008407,133.183876,1983.17578125,not_recovered,False,gained,/project/yunhengzou/coordinate_alignment/aam_benchmarks/golden_policy_full_20260907/1599/cuts/aam.pkl.gz,/project/yunhengzou/coordinate_alignment/aam_benchmarks/golden_policy_full_20260907/1599/evaluation.json
1600,True,P_to_R,complete,recovered,False,False,False,3.422517839819193,1.3905467577278614,4.1806019999999995,166.08984375,recovered,False,,/project/yunhengzou/coordinate_alignment/aam_benchmarks/golden_policy_full_20260907/1600/cuts/aam.pkl.gz,/project/yunhengzou/coordinate_alignment/aam_benchmarks/golden_policy_full_20260907/1600/evaluation.json
1601,True,P_to_R,complete,recovered,False,False,False,1.5830358630046248,0.38163444586098194,2.4030449999999997,138.46875,recovered,False,,/project/yunhengzou/coordinate_alignment/aam_benchmarks/golden_policy_full_20260907/1601/cuts/aam.pkl.gz,/project/yunhengzou/coordinate_alignment/aam_benchmarks/golden_policy_full_20260907/1601/evaluation.json
1602,True,P_to_R,complete,recovered,False,False,False,1.2638779506087303,0.24326486326754093,2.121476,134.2578125,recovered,False,,/project/yunhengzou/coordinate_alignment/aam_benchmarks/golden_policy_full_20260907/1602/cuts/aam.pkl.gz,/project/yunhengzou/coordinate_alignment/aam_benchmarks/golden_policy_full_20260907/1602/evaluation.json
1603,True,P_to_R,complete,recovered,False,False,False,2.2147056108806282,0.8837191201746464,2.663344,139.0625,recovered,False,,/project/yunhengzou/coordinate_alignment/aam_benchmarks/golden_policy_full_20260907/1603/cuts/aam.pkl.gz,/project/yunhengzou/coordinate_alignment/aam_benchmarks/golden_policy_full_20260907/1603/evaluation.json
1604,True,P_to_R,complete,recovered,False,False,False,2.6728049237281084,1.2851518718525767,3.462378,157.92578125,recovered,False,,/project/yunhengzou/coordinate_alignment/aam_benchmarks/golden_policy_full_20260907/1604/cuts/aam.pkl.gz,/project/yunhengzou/coordinate_alignment/aam_benchmarks/golden_policy_full_20260907/1604/evaluation.json
1605,True,P_to_R,complete,recovered,True,False,False,3.1952872993424535,0.5931510617956519,3.94619,149.3125,recovered,True,,/project/yunhengzou/coordinate_alignment/aam_benchmarks/golden_policy_full_20260907/1605/cuts/aam.pkl.gz,/project/yunhengzou/coordinate_alignment/aam_benchmarks/golden_policy_full_20260907/1605/evaluation.json
1606,True,P_to_R,complete,recovered,,True,True,,0.40077229496091604,,,recovered,False,,/project/yunhengzou/coordinate_alignment/aam_benchmarks/golden_policy_full_20260907/1606/cuts,/project/yunhengzou/coordinate_alignment/aam_benchmarks/golden_policy_full_20260907/1606/evaluation.json
1607,True,P_to_R,complete,recovered,False,False,True,33.54138316679746,4.650957946665585,33.094857,705.77734375,recovered,True,,/project/yunhengzou/coordinate_alignment/aam_benchmarks/golden_policy_full_20260907/1607/cuts/aam.pkl.gz,/project/yunhengzou/coordinate_alignment/aam_benchmarks/golden_policy_full_20260907/1607/evaluation.json
1608,True,P_to_R,complete,recovered,True,False,True,2.938654229976237,0.3905505519360304,3.707673,171.7421875,recovered,True,,/project/yunhengzou/coordinate_alignment/aam_benchmarks/golden_policy_full_20260907/1608/cuts/aam.pkl.gz,/project/yunhengzou/coordinate_alignment/aam_benchmarks/golden_policy_full_20260907/1608/evaluation.json
1609,True,P_to_R,complete,recovered,False,False,True,9.102015607990324,1.2441257718019187,9.11964,234.0625,not_recovered,False,gained,/project/yunhengzou/coordinate_alignment/aam_benchmarks/golden_policy_full_20260907/1609/cuts/aam.pkl.gz,/project/yunhengzou/coordinate_alignment/aam_benchmarks/golden_policy_full_20260907/1609/evaluation.json
1610,True,P_to_R,complete,recovered,True,False,False,5.044699523132294,0.5648101633414626,5.512781,169.109375,recovered,True,,/project/yunhengzou/coordinate_alignment/aam_benchmarks/golden_policy_full_20260907/1610/cuts/aam.pkl.gz,/project/yunhengzou/coordinate_alignment/aam_benchmarks/golden_policy_full_20260907/1610/evaluation.json
1611,True,P_to_R,complete,recovered,False,False,True,3.5123578188940883,0.3478586389683187,3.859944,157.359375,recovered,True,,/project/yunhengzou/coordinate_alignment/aam_benchmarks/golden_policy_full_20260907/1611/cuts/aam.pkl.gz,/project/yunhengzou/coordinate_alignment/aam_benchmarks/golden_policy_full_20260907/1611/evaluation.json
1612,True,P_to_R,complete,recovered,False,False,False,1.3215609369799495,0.17119063809514046,2.300439,128.54296875,not_recovered,False,gained,/project/yunhengzou/coordinate_alignment/aam_benchmarks/golden_policy_full_20260907/1612/cuts/aam.pkl.gz,/project/yunhengzou/coordinate_alignment/aam_benchmarks/golden_policy_full_20260907/1612/evaluation.json
1613,True,P_to_R,complete,recovered,False,False,True,2.9883023318834603,0.28411574102938175,3.4462360000000003,156.625,recovered,False,,/project/yunhengzou/coordinate_alignment/aam_benchmarks/golden_policy_full_20260907/1613/cuts/aam.pkl.gz,/project/yunhengzou/coordinate_alignment/aam_benchmarks/golden_policy_full_20260907/1613/evaluation.json
1614,True,P_to_R,complete,recovered,False,False,False,2.0681676184758544,0.36995751690119505,2.90286,143.96875,recovered,False,,/project/yunhengzou/coordinate_alignment/aam_benchmarks/golden_policy_full_20260907/1614/cuts/aam.pkl.gz,/project/yunhengzou/coordinate_alignment/aam_benchmarks/golden_policy_full_20260907/1614/evaluation.json
1615,True,P_to_R,complete,recovered,False,False,False,0.892260960303247,0.1820849347859621,1.782401,130.02734375,recovered,False,,/project/yunhengzou/coordinate_alignment/aam_benchmarks/golden_policy_full_20260907/1615/cuts/aam.pkl.gz,/project/yunhengzou/coordinate_alignment/aam_benchmarks/golden_policy_full_20260907/1615/evaluation.json
1616,True,P_to_R,complete,recovered,True,False,False,1.1874045617878437,0.2356201382353902,2.0496299999999996,132.734375,recovered,True,,/project/yunhengzou/coordinate_alignment/aam_benchmarks/golden_policy_full_20260907/1616/cuts/aam.pkl.gz,/project/yunhengzou/coordinate_alignment/aam_benchmarks/golden_policy_full_20260907/1616/evaluation.json
1617,True,P_to_R,complete,recovered,True,False,False,4.931360660120845,0.8282557150814682,5.263117,168.359375,recovered,True,,/project/yunhengzou/coordinate_alignment/aam_benchmarks/golden_policy_full_20260907/1617/cuts/aam.pkl.gz,/project/yunhengzou/coordinate_alignment/aam_benchmarks/golden_policy_full_20260907/1617/evaluation.json
1618,True,P_to_R,complete,recovered,False,False,False,0.6806678927969187,0.11022309795953333,1.498598,126.62109375,recovered,False,,/project/yunhengzou/coordinate_alignment/aam_benchmarks/golden_policy_full_20260907/1618/cuts/aam.pkl.gz,/project/yunhengzou/coordinate_alignment/aam_benchmarks/golden_policy_full_20260907/1618/evaluation.json
1619,True,P_to_R,complete,recovered,True,False,False,0.5024599879980087,0.08277702913619578,1.344027,121.55859375,recovered,True,,/project/yunhengzou/coordinate_alignment/aam_benchmarks/golden_policy_full_20260907/1619/cuts/aam.pkl.gz,/project/yunhengzou/coordinate_alignment/aam_benchmarks/golden_policy_full_20260907/1619/evaluation.json
1620,True,P_to_R,complete,recovered,True,False,True,5.799515028018504,0.9379126091953367,6.250712,228.04296875,recovered,True,,/project/yunhengzou/coordinate_alignment/aam_benchmarks/golden_policy_full_20260907/1620/cuts/aam.pkl.gz,/project/yunhengzou/coordinate_alignment/aam_benchmarks/golden_policy_full_20260907/1620/evaluation.json
1621,True,P_to_R,complete,recovered,False,False,True,9.521898704580963,2.6228365381248295,9.897804,251.33984375,not_recovered,False,gained,/project/yunhengzou/coordinate_alignment/aam_benchmarks/golden_policy_full_20260907/1621/cuts/aam.pkl.gz,/project/yunhengzou/coordinate_alignment/aam_benchmarks/golden_policy_full_20260907/1621/evaluation.json
1622,True,P_to_R,complete,recovered,False,False,True,16.675826630089432,2.084077076986432,16.893622,466.83984375,recovered,False,,/project/yunhengzou/coordinate_alignment/aam_benchmarks/golden_policy_full_20260907/1622/cuts/aam.pkl.gz,/project/yunhengzou/coordinate_alignment/aam_benchmarks/golden_policy_full_20260907/1622/evaluation.json
1623,True,P_to_R,complete,recovered,True,False,True,41.188989421818405,5.2532929321751,40.509389,829.04296875,recovered,True,,/project/yunhengzou/coordinate_alignment/aam_benchmarks/golden_policy_full_20260907/1623/cuts/aam.pkl.gz,/project/yunhengzou/coordinate_alignment/aam_benchmarks/golden_policy_full_20260907/1623/evaluation.json
1624,True,P_to_R,complete,recovered,True,False,True,20.032140481751412,3.3653627200983465,19.823407999999997,423.91796875,recovered,True,,/project/yunhengzou/coordinate_alignment/aam_benchmarks/golden_policy_full_20260907/1624/cuts/aam.pkl.gz,/project/yunhengzou/coordinate_alignment/aam_benchmarks/golden_policy_full_20260907/1624/evaluation.json
1625,True,P_to_R,complete,recovered,False,False,False,4.668734117876738,0.4390651201829314,5.0583,161.51171875,recovered,False,,/project/yunhengzou/coordinate_alignment/aam_benchmarks/golden_policy_full_20260907/1625/cuts/aam.pkl.gz,/project/yunhengzou/coordinate_alignment/aam_benchmarks/golden_policy_full_20260907/1625/evaluation.json
1626,True,P_to_R,complete,recovered,False,False,False,5.025017660111189,0.48651375994086266,5.4998320000000005,163.71484375,not_recovered,False,gained,/project/yunhengzou/coordinate_alignment/aam_benchmarks/golden_policy_full_20260907/1626/cuts/aam.pkl.gz,/project/yunhengzou/coordinate_alignment/aam_benchmarks/golden_policy_full_20260907/1626/evaluation.json
1627,True,R_to_P,complete,recovered,False,False,True,23.657048605848104,2.9143464560620487,23.577409,510.93359375,recovered,False,,/project/yunhengzou/coordinate_alignment/aam_benchmarks/golden_policy_full_20260907/1627/cuts/aam.pkl.gz,/project/yunhengzou/coordinate_alignment/aam_benchmarks/golden_policy_full_20260907/1627/evaluation.json
1628,True,P_to_R,complete,recovered,False,False,True,24.913391512818635,2.818534329533577,24.857983,589.984375,recovered,False,,/project/yunhengzou/coordinate_alignment/aam_benchmarks/golden_policy_full_20260907/1628/cuts/aam.pkl.gz,/project/yunhengzou/coordinate_alignment/aam_benchmarks/golden_policy_full_20260907/1628/evaluation.json
1629,True,P_to_R,complete,recovered,False,False,True,21.285299194976687,4.975057200528681,21.557931999999997,511.453125,recovered,False,,/project/yunhengzou/coordinate_alignment/aam_benchmarks/golden_policy_full_20260907/1629/cuts/aam.pkl.gz,/project/yunhengzou/coordinate_alignment/aam_benchmarks/golden_policy_full_20260907/1629/evaluation.json
1630,True,P_to_R,complete,recovered,False,False,False,3.3242124263197184,0.7309472197666764,3.905545,159.296875,recovered,False,,/project/yunhengzou/coordinate_alignment/aam_benchmarks/golden_policy_full_20260907/1630/cuts/aam.pkl.gz,/project/yunhengzou/coordinate_alignment/aam_benchmarks/golden_policy_full_20260907/1630/evaluation.json
1631,True,P_to_R,complete,recovered,False,False,False,4.110664919950068,0.873634472489357,4.756793,169.99609375,recovered,False,,/project/yunhengzou/coordinate_alignment/aam_benchmarks/golden_policy_full_20260907/1631/cuts/aam.pkl.gz,/project/yunhengzou/coordinate_alignment/aam_benchmarks/golden_policy_full_20260907/1631/evaluation.json
1632,True,P_to_R,complete,recovered,False,False,False,4.436888378113508,0.9680153336375952,5.124531999999999,174.875,recovered,False,,/project/yunhengzou/coordinate_alignment/aam_benchmarks/golden_policy_full_20260907/1632/cuts/aam.pkl.gz,/project/yunhengzou/coordinate_alignment/aam_benchmarks/golden_policy_full_20260907/1632/evaluation.json
1633,True,P_to_R,complete,recovered,True,False,True,0.884658052586019,0.13318077940493822,1.905672,131.8046875,recovered,True,,/project/yunhengzou/coordinate_alignment/aam_benchmarks/golden_policy_full_20260907/1633/cuts/aam.pkl.gz,/project/yunhengzou/coordinate_alignment/aam_benchmarks/golden_policy_full_20260907/1633/evaluation.json
1634,True,P_to_R,complete,recovered,False,False,True,132.59688580129296,14.946383237838745,126.88663000000001,2403.50390625,recovered,False,,/project/yunhengzou/coordinate_alignment/aam_benchmarks/golden_policy_full_20260907/1634/cuts/aam.pkl.gz,/project/yunhengzou/coordinate_alignment/aam_benchmarks/golden_policy_full_20260907/1634/evaluation.json
1635,True,P_to_R,complete,recovered,False,False,True,13.754492935026065,0.9391906601376832,14.015872,262.3984375,recovered,False,,/project/yunhengzou/coordinate_alignment/aam_benchmarks/golden_policy_full_20260907/1635/cuts/aam.pkl.gz,/project/yunhengzou/coordinate_alignment/aam_benchmarks/golden_policy_full_20260907/1635/evaluation.json
1636,True,P_to_R,complete,recovered,True,False,False,118.24777243309654,0.6994771170429885,118.59702800000001,214.86328125,not_recovered,False,gained,/project/yunhengzou/coordinate_alignment/aam_benchmarks/golden_policy_full_20260907/1636/cuts/aam.pkl.gz,/project/yunhengzou/coordinate_alignment/aam_benchmarks/golden_policy_full_20260907/1636/evaluation.json
1637,True,P_to_R,complete,recovered,True,False,True,30.546944577014074,2.046101394109428,30.601494,576.87890625,not_recovered,False,gained,/project/yunhengzou/coordinate_alignment/aam_benchmarks/golden_policy_full_20260907/1637/cuts/aam.pkl.gz,/project/yunhengzou/coordinate_alignment/aam_benchmarks/golden_policy_full_20260907/1637/evaluation.json
1638,True,P_to_R,complete,recovered,True,False,False,99.55340140219778,0.5597480470314622,100.321113,197.390625,recovered,True,,/project/yunhengzou/coordinate_alignment/aam_benchmarks/golden_policy_full_20260907/1638/cuts/aam.pkl.gz,/project/yunhengzou/coordinate_alignment/aam_benchmarks/golden_policy_full_20260907/1638/evaluation.json
1639,True,P_to_R,complete,recovered,False,False,False,8.875980899203569,0.8180245901457965,9.73053,210.83203125,not_recovered,False,gained,/project/yunhengzou/coordinate_alignment/aam_benchmarks/golden_policy_full_20260907/1639/cuts/aam.pkl.gz,/project/yunhengzou/coordinate_alignment/aam_benchmarks/golden_policy_full_20260907/1639/evaluation.json
1640,True,P_to_R,complete,recovered,True,False,True,18.31510825501755,2.0746979569084942,18.859983,397.203125,recovered,True,,/project/yunhengzou/coordinate_alignment/aam_benchmarks/golden_policy_full_20260907/1640/cuts/aam.pkl.gz,/project/yunhengzou/coordinate_alignment/aam_benchmarks/golden_policy_full_20260907/1640/evaluation.json
1641,True,P_to_R,complete,recovered,True,False,False,0.805052675306797,0.176537343300879,1.7424279999999999,126.546875,not_recovered,False,gained,/project/yunhengzou/coordinate_alignment/aam_benchmarks/golden_policy_full_20260907/1641/cuts/aam.pkl.gz,/project/yunhengzou/coordinate_alignment/aam_benchmarks/golden_policy_full_20260907/1641/evaluation.json
1642,True,P_to_R,complete,recovered,False,False,True,13.612315165810287,4.297064773738384,14.379629,272.30078125,not_recovered,False,gained,/project/yunhengzou/coordinate_alignment/aam_benchmarks/golden_policy_full_20260907/1642/cuts/aam.pkl.gz,/project/yunhengzou/coordinate_alignment/aam_benchmarks/golden_policy_full_20260907/1642/evaluation.json
1643,True,P_to_R,complete,recovered,True,False,True,91.1617503548041,17.324105482548475,88.232922,1376.05859375,not_recovered,False,gained,/project/yunhengzou/coordinate_alignment/aam_benchmarks/golden_policy_full_20260907/1643/cuts/aam.pkl.gz,/project/yunhengzou/coordinate_alignment/aam_benchmarks/golden_policy_full_20260907/1643/evaluation.json
1644,True,P_to_R,complete,recovered,True,False,False,8.661093502305448,1.8157080058008432,9.053498,220.8515625,recovered,True,,/project/yunhengzou/coordinate_alignment/aam_benchmarks/golden_policy_full_20260907/1644/cuts/aam.pkl.gz,/project/yunhengzou/coordinate_alignment/aam_benchmarks/golden_policy_full_20260907/1644/evaluation.json
1645,True,P_to_R,complete,recovered,False,False,True,77.55687881074846,9.090404243208468,74.708867,1665.9453125,recovered,False,,/project/yunhengzou/coordinate_alignment/aam_benchmarks/golden_policy_full_20260907/1645/cuts/aam.pkl.gz,/project/yunhengzou/coordinate_alignment/aam_benchmarks/golden_policy_full_20260907/1645/evaluation.json
1646,True,P_to_R,complete,recovered,False,False,True,29.966421119868755,3.974804670549929,28.810748,639.609375,recovered,False,,/project/yunhengzou/coordinate_alignment/aam_benchmarks/golden_policy_full_20260907/1646/cuts/aam.pkl.gz,/project/yunhengzou/coordinate_alignment/aam_benchmarks/golden_policy_full_20260907/1646/evaluation.json
1647,True,P_to_R,complete,recovered,True,False,True,195.82864959258586,7.979215732775629,193.00218099999998,1821.64453125,recovered,True,,/project/yunhengzou/coordinate_alignment/aam_benchmarks/golden_policy_full_20260907/1647/cuts/aam.pkl.gz,/project/yunhengzou/coordinate_alignment/aam_benchmarks/golden_policy_full_20260907/1647/evaluation.json
1648,True,P_to_R,complete,recovered,False,False,False,8.556831976398826,2.4684248119592667,9.169633999999999,229.0546875,recovered,True,,/project/yunhengzou/coordinate_alignment/aam_benchmarks/golden_policy_full_20260907/1648/cuts/aam.pkl.gz,/project/yunhengzou/coordinate_alignment/aam_benchmarks/golden_policy_full_20260907/1648/evaluation.json
1649,True,P_to_R,complete,recovered,False,False,True,20.1261421199888,5.988202990964055,20.179015,413.515625,not_recovered,False,gained,/project/yunhengzou/coordinate_alignment/aam_benchmarks/golden_policy_full_20260907/1649/cuts/aam.pkl.gz,/project/yunhengzou/coordinate_alignment/aam_benchmarks/golden_policy_full_20260907/1649/evaluation.json
1650,True,P_to_R,complete,recovered,True,False,False,1.310907588340342,0.24736896436661482,2.173069,134.046875,recovered,False,,/project/yunhengzou/coordinate_alignment/aam_benchmarks/golden_policy_full_20260907/1650/cuts/aam.pkl.gz,/project/yunhengzou/coordinate_alignment/aam_benchmarks/golden_policy_full_20260907/1650/evaluation.json
1651,True,P_to_R,complete,recovered,False,False,True,89.9018694953993,4.018216053023934,89.419161,1371.63671875,recovered,True,,/project/yunhengzou/coordinate_alignment/aam_benchmarks/golden_policy_full_20260907/1651/cuts/aam.pkl.gz,/project/yunhengzou/coordinate_alignment/aam_benchmarks/golden_policy_full_20260907/1651/evaluation.json
1652,True,P_to_R,complete,recovered,False,False,False,4.992481165099889,1.2084561369847506,5.676408,178.80078125,recovered,False,,/project/yunhengzou/coordinate_alignment/aam_benchmarks/golden_policy_full_20260907/1652/cuts/aam.pkl.gz,/project/yunhengzou/coordinate_alignment/aam_benchmarks/golden_policy_full_20260907/1652/evaluation.json
1653,True,P_to_R,complete,recovered,False,False,True,22.13831873401068,2.674275211058557,21.839814,522.5234375,recovered,False,,/project/yunhengzou/coordinate_alignment/aam_benchmarks/golden_policy_full_20260907/1653/cuts/aam.pkl.gz,/project/yunhengzou/coordinate_alignment/aam_benchmarks/golden_policy_full_20260907/1653/evaluation.json
1654,True,P_to_R,complete,recovered,True,False,True,51.14867304102518,1.7591104169841856,50.222685999999996,527.7109375,not_recovered,False,gained,/project/yunhengzou/coordinate_alignment/aam_benchmarks/golden_policy_full_20260907/1654/cuts/aam.pkl.gz,/project/yunhengzou/coordinate_alignment/aam_benchmarks/golden_policy_full_20260907/1654/evaluation.json
1655,True,P_to_R,complete,recovered,False,False,True,144.3597426759079,10.542691033799201,139.001098,2449.46875,recovered,False,,/project/yunhengzou/coordinate_alignment/aam_benchmarks/golden_policy_full_20260907/1655/cuts/aam.pkl.gz,/project/yunhengzou/coordinate_alignment/aam_benchmarks/golden_policy_full_20260907/1655/evaluation.json
1656,True,P_to_R,complete,recovered,False,False,True,69.36359389009885,7.207011809106916,66.569016,1270.6875,recovered,False,,/project/yunhengzou/coordinate_alignment/aam_benchmarks/golden_policy_full_20260907/1656/cuts/aam.pkl.gz,/project/yunhengzou/coordinate_alignment/aam_benchmarks/golden_policy_full_20260907/1656/evaluation.json
1657,True,P_to_R,complete,recovered,False,False,True,66.66182731930166,9.569758829660714,65.688857,1008.72265625,recovered,True,,/project/yunhengzou/coordinate_alignment/aam_benchmarks/golden_policy_full_20260907/1657/cuts/aam.pkl.gz,/project/yunhengzou/coordinate_alignment/aam_benchmarks/golden_policy_full_20260907/1657/evaluation.json
1658,True,P_to_R,complete,recovered,False,False,True,26.79370681103319,6.531323458999395,26.588717,476.84765625,recovered,True,,/project/yunhengzou/coordinate_alignment/aam_benchmarks/golden_policy_full_20260907/1658/cuts/aam.pkl.gz,/project/yunhengzou/coordinate_alignment/aam_benchmarks/golden_policy_full_20260907/1658/evaluation.json
1659,True,P_to_R,complete,recovered,False,False,True,17.35516027919948,4.488840862177312,17.585528,367.6875,recovered,True,,/project/yunhengzou/coordinate_alignment/aam_benchmarks/golden_policy_full_20260907/1659/cuts/aam.pkl.gz,/project/yunhengzou/coordinate_alignment/aam_benchmarks/golden_policy_full_20260907/1659/evaluation.json
1660,True,P_to_R,complete,recovered,True,False,True,50.62624464696273,8.605336560867727,50.189721999999996,715.0859375,recovered,True,,/project/yunhengzou/coordinate_alignment/aam_benchmarks/golden_policy_full_20260907/1660/cuts/aam.pkl.gz,/project/yunhengzou/coordinate_alignment/aam_benchmarks/golden_policy_full_20260907/1660/evaluation.json
1661,True,P_to_R,complete,recovered,False,False,True,43.80192896304652,8.707356895785779,43.541184,696.18359375,recovered,True,,/project/yunhengzou/coordinate_alignment/aam_benchmarks/golden_policy_full_20260907/1661/cuts/aam.pkl.gz,/project/yunhengzou/coordinate_alignment/aam_benchmarks/golden_policy_full_20260907/1661/evaluation.json
1662,True,P_to_R,complete,recovered,False,False,True,16.01350498618558,1.0675171818584204,15.928713,275.109375,recovered,False,,/project/yunhengzou/coordinate_alignment/aam_benchmarks/golden_policy_full_20260907/1662/cuts/aam.pkl.gz,/project/yunhengzou/coordinate_alignment/aam_benchmarks/golden_policy_full_20260907/1662/evaluation.json
1663,True,P_to_R,complete,recovered,True,False,False,0.6202628430910408,0.1975678000599146,1.513798,126.31640625,recovered,True,,/project/yunhengzou/coordinate_alignment/aam_benchmarks/golden_policy_full_20260907/1663/cuts/aam.pkl.gz,/project/yunhengzou/coordinate_alignment/aam_benchmarks/golden_policy_full_20260907/1663/evaluation.json
1664,True,P_to_R,complete,recovered,False,False,True,33.841555126942694,3.4291382683441043,33.047990000000006,819.71875,not_recovered,False,gained,/project/yunhengzou/coordinate_alignment/aam_benchmarks/golden_policy_full_20260907/1664/cuts/aam.pkl.gz,/project/yunhengzou/coordinate_alignment/aam_benchmarks/golden_policy_full_20260907/1664/evaluation.json
1665,True,P_to_R,complete,recovered,True,False,True,21.979786222800612,1.7009140150621533,22.011316,411.55859375,not_recovered,False,gained,/project/yunhengzou/coordinate_alignment/aam_benchmarks/golden_policy_full_20260907/1665/cuts/aam.pkl.gz,/project/yunhengzou/coordinate_alignment/aam_benchmarks/golden_policy_full_20260907/1665/evaluation.json
1666,True,P_to_R,complete,recovered,True,False,False,3.0961380531080067,0.9136341640260071,3.972992,156.796875,recovered,False,,/project/yunhengzou/coordinate_alignment/aam_benchmarks/golden_policy_full_20260907/1666/cuts/aam.pkl.gz,/project/yunhengzou/coordinate_alignment/aam_benchmarks/golden_policy_full_20260907/1666/evaluation.json
1667,True,P_to_R,complete,recovered,,True,True,,0.23196851182729006,,,not_recovered,False,gained,/project/yunhengzou/coordinate_alignment/aam_benchmarks/golden_policy_full_20260907/1667/cuts,/project/yunhengzou/coordinate_alignment/aam_benchmarks/golden_policy_full_20260907/1667/evaluation.json
1668,True,P_to_R,complete,recovered,False,False,True,128.39682163577527,17.653759034350514,122.664458,2182.21484375,recovered,True,,/project/yunhengzou/coordinate_alignment/aam_benchmarks/golden_policy_full_20260907/1668/cuts/aam.pkl.gz,/project/yunhengzou/coordinate_alignment/aam_benchmarks/golden_policy_full_20260907/1668/evaluation.json
1669,True,P_to_R,complete,recovered,False,False,True,0.8986721271649003,0.1909089731052518,1.785666,128.11328125,recovered,False,,/project/yunhengzou/coordinate_alignment/aam_benchmarks/golden_policy_full_20260907/1669/cuts/aam.pkl.gz,/project/yunhengzou/coordinate_alignment/aam_benchmarks/golden_policy_full_20260907/1669/evaluation.json
1670,True,P_to_R,complete,recovered,False,False,True,14.880849992856383,3.8369647627696395,15.137255,340.21484375,recovered,False,,/project/yunhengzou/coordinate_alignment/aam_benchmarks/golden_policy_full_20260907/1670/cuts/aam.pkl.gz,/project/yunhengzou/coordinate_alignment/aam_benchmarks/golden_policy_full_20260907/1670/evaluation.json
1671,True,P_to_R,complete,recovered,False,False,True,223.5411242651753,14.846219960134476,213.60161,3786.0859375,recovered,False,,/project/yunhengzou/coordinate_alignment/aam_benchmarks/golden_policy_full_20260907/1671/cuts/aam.pkl.gz,/project/yunhengzou/coordinate_alignment/aam_benchmarks/golden_policy_full_20260907/1671/evaluation.json
1672,True,P_to_R,complete,recovered,True,False,False,0.3087084977887571,0.05970451096072793,1.623697,120.59375,recovered,True,,/project/yunhengzou/coordinate_alignment/aam_benchmarks/golden_policy_full_20260907/1672/cuts/aam.pkl.gz,/project/yunhengzou/coordinate_alignment/aam_benchmarks/golden_policy_full_20260907/1672/evaluation.json
1673,True,P_to_R,complete,recovered,True,False,False,0.5376557572744787,0.11827165307477117,1.83256,126.08984375,not_recovered,False,gained,/project/yunhengzou/coordinate_alignment/aam_benchmarks/golden_policy_full_20260907/1673/cuts/aam.pkl.gz,/project/yunhengzou/coordinate_alignment/aam_benchmarks/golden_policy_full_20260907/1673/evaluation.json
1674,True,P_to_R,complete,recovered,False,False,True,18.855086789932102,6.249775985954329,18.75051,370.578125,recovered,False,,/project/yunhengzou/coordinate_alignment/aam_benchmarks/golden_policy_full_20260907/1674/cuts/aam.pkl.gz,/project/yunhengzou/coordinate_alignment/aam_benchmarks/golden_policy_full_20260907/1674/evaluation.json
1675,True,P_to_R,complete,recovered,True,False,True,22.05963342101313,3.5317423418164253,22.320946,423.625,not_recovered,False,gained,/project/yunhengzou/coordinate_alignment/aam_benchmarks/golden_policy_full_20260907/1675/cuts/aam.pkl.gz,/project/yunhengzou/coordinate_alignment/aam_benchmarks/golden_policy_full_20260907/1675/evaluation.json
1676,True,P_to_R,complete,recovered,True,False,False,0.30360182002186775,0.04214807320386171,1.19426,120.71875,recovered,True,,/project/yunhengzou/coordinate_alignment/aam_benchmarks/golden_policy_full_20260907/1676/cuts/aam.pkl.gz,/project/yunhengzou/coordinate_alignment/aam_benchmarks/golden_policy_full_20260907/1676/evaluation.json
1677,True,P_to_R,complete,recovered,False,False,True,19.67085613310337,2.874675146304071,19.954413,350.0546875,recovered,False,,/project/yunhengzou/coordinate_alignment/aam_benchmarks/golden_policy_full_20260907/1677/cuts/aam.pkl.gz,/project/yunhengzou/coordinate_alignment/aam_benchmarks/golden_policy_full_20260907/1677/evaluation.json
1678,True,P_to_R,complete,recovered,False,False,True,39.00439132004976,10.809191087260842,38.219161,742.52734375,not_recovered,False,gained,/project/yunhengzou/coordinate_alignment/aam_benchmarks/golden_policy_full_20260907/1678/cuts/aam.pkl.gz,/project/yunhengzou/coordinate_alignment/aam_benchmarks/golden_policy_full_20260907/1678/evaluation.json
1679,True,P_to_R,complete,recovered,False,False,True,23.453201954253018,5.708853100426495,22.850922999999998,496.17578125,recovered,False,,/project/yunhengzou/coordinate_alignment/aam_benchmarks/golden_policy_full_20260907/1679/cuts/aam.pkl.gz,/project/yunhengzou/coordinate_alignment/aam_benchmarks/golden_policy_full_20260907/1679/evaluation.json
1680,True,P_to_R,complete,recovered,False,False,True,16.6406738050282,7.099271092563868,16.398874,351.00390625,recovered,False,,/project/yunhengzou/coordinate_alignment/aam_benchmarks/golden_policy_full_20260907/1680/cuts/aam.pkl.gz,/project/yunhengzou/coordinate_alignment/aam_benchmarks/golden_policy_full_20260907/1680/evaluation.json
1681,True,P_to_R,complete,recovered,True,False,True,11.81830018851906,2.2468439573422074,12.416509,268.3046875,recovered,True,,/project/yunhengzou/coordinate_alignment/aam_benchmarks/golden_policy_full_20260907/1681/cuts/aam.pkl.gz,/project/yunhengzou/coordinate_alignment/aam_benchmarks/golden_policy_full_20260907/1681/evaluation.json
1682,True,P_to_R,complete,recovered,True,False,True,83.87483940413222,4.478504844009876,82.550647,1347.58203125,not_recovered,False,gained,/project/yunhengzou/coordinate_alignment/aam_benchmarks/golden_policy_full_20260907/1682/cuts/aam.pkl.gz,/project/yunhengzou/coordinate_alignment/aam_benchmarks/golden_policy_full_20260907/1682/evaluation.json
1683,True,P_to_R,complete,recovered,True,False,True,106.76633558096364,13.099224680103362,103.404431,1415.8984375,recovered,True,,/project/yunhengzou/coordinate_alignment/aam_benchmarks/golden_policy_full_20260907/1683/cuts/aam.pkl.gz,/project/yunhengzou/coordinate_alignment/aam_benchmarks/golden_policy_full_20260907/1683/evaluation.json
1684,True,P_to_R,complete,recovered,False,False,False,3.9067289289087057,0.9871608661487699,4.603343,162.31640625,not_recovered,False,gained,/project/yunhengzou/coordinate_alignment/aam_benchmarks/golden_policy_full_20260907/1684/cuts/aam.pkl.gz,/project/yunhengzou/coordinate_alignment/aam_benchmarks/golden_policy_full_20260907/1684/evaluation.json
1685,True,P_to_R,complete,recovered,False,False,True,13.323619002010673,4.1299642897211015,13.53528,325.88671875,recovered,True,,/project/yunhengzou/coordinate_alignment/aam_benchmarks/golden_policy_full_20260907/1685/cuts/aam.pkl.gz,/project/yunhengzou/coordinate_alignment/aam_benchmarks/golden_policy_full_20260907/1685/evaluation.json
1686,True,P_to_R,complete,recovered,False,False,True,7.128900838084519,2.2110626930370927,7.763904999999999,249.93359375,recovered,False,,/project/yunhengzou/coordinate_alignment/aam_benchmarks/golden_policy_full_20260907/1686/cuts/aam.pkl.gz,/project/yunhengzou/coordinate_alignment/aam_benchmarks/golden_policy_full_20260907/1686/evaluation.json
1687,True,P_to_R,complete,recovered,,True,True,,0.12684519262984395,,,recovered,False,,/project/yunhengzou/coordinate_alignment/aam_benchmarks/golden_policy_full_20260907/1687/cuts,/project/yunhengzou/coordinate_alignment/aam_benchmarks/golden_policy_full_20260907/1687/evaluation.json
1688,True,P_to_R,complete,recovered,,True,True,,0.13330605113878846,,,not_recovered,False,gained,/project/yunhengzou/coordinate_alignment/aam_benchmarks/golden_policy_full_20260907/1688/cuts,/project/yunhengzou/coordinate_alignment/aam_benchmarks/golden_policy_full_20260907/1688/evaluation.json
1689,True,P_to_R,complete,recovered,False,False,True,213.98665230209008,11.586560293566436,208.41984300000001,2853.41796875,not_recovered,False,gained,/project/yunhengzou/coordinate_alignment/aam_benchmarks/golden_policy_full_20260907/1689/cuts/aam.pkl.gz,/project/yunhengzou/coordinate_alignment/aam_benchmarks/golden_policy_full_20260907/1689/evaluation.json
1690,True,P_to_R,complete,recovered,,True,False,,0.03814002079889178,,,recovered,False,,/project/yunhengzou/coordinate_alignment/aam_benchmarks/golden_policy_full_20260907/1690/cuts,/project/yunhengzou/coordinate_alignment/aam_benchmarks/golden_policy_full_20260907/1690/evaluation.json
1691,True,P_to_R,complete,recovered,,True,False,,0.014948931988328695,,,not_recovered,False,gained,/project/yunhengzou/coordinate_alignment/aam_benchmarks/golden_policy_full_20260907/1691/cuts,/project/yunhengzou/coordinate_alignment/aam_benchmarks/golden_policy_full_20260907/1691/evaluation.json
1692,True,P_to_R,complete,recovered,False,False,True,62.278617933159694,6.985886678099632,58.659375999999995,1150.64453125,recovered,False,,/project/yunhengzou/coordinate_alignment/aam_benchmarks/golden_policy_full_20260907/1692/cuts/aam.pkl.gz,/project/yunhengzou/coordinate_alignment/aam_benchmarks/golden_policy_full_20260907/1692/evaluation.json
1693,True,P_to_R,complete,recovered,False,False,True,85.5904431019444,6.23842864506878,82.903998,1698.03125,not_recovered,False,gained,/project/yunhengzou/coordinate_alignment/aam_benchmarks/golden_policy_full_20260907/1693/cuts/aam.pkl.gz,/project/yunhengzou/coordinate_alignment/aam_benchmarks/golden_policy_full_20260907/1693/evaluation.json
1694,True,P_to_R,complete,recovered,,True,True,,0.256799953058362,,,not_recovered,False,gained,/project/yunhengzou/coordinate_alignment/aam_benchmarks/golden_policy_full_20260907/1694/cuts,/project/yunhengzou/coordinate_alignment/aam_benchmarks/golden_policy_full_20260907/1694/evaluation.json
1695,True,P_to_R,complete,recovered,False,False,True,28.595467559061944,2.1159182069823146,28.285739,418.2109375,not_recovered,False,gained,/project/yunhengzou/coordinate_alignment/aam_benchmarks/golden_policy_full_20260907/1695/cuts/aam.pkl.gz,/project/yunhengzou/coordinate_alignment/aam_benchmarks/golden_policy_full_20260907/1695/evaluation.json
1696,True,P_to_R,complete,recovered,True,False,True,36.291224332060665,3.155589085072279,35.608777999999994,538.03125,recovered,True,,/project/yunhengzou/coordinate_alignment/aam_benchmarks/golden_policy_full_20260907/1696/cuts/aam.pkl.gz,/project/yunhengzou/coordinate_alignment/aam_benchmarks/golden_policy_full_20260907/1696/evaluation.json
1697,True,P_to_R,complete,recovered,False,False,True,12.283692608587444,1.6924609439447522,12.491059,350.30859375,recovered,False,,/project/yunhengzou/coordinate_alignment/aam_benchmarks/golden_policy_full_20260907/1697/cuts/aam.pkl.gz,/project/yunhengzou/coordinate_alignment/aam_benchmarks/golden_policy_full_20260907/1697/evaluation.json
1698,True,P_to_R,complete,recovered,True,False,True,30.216782429255545,2.4174136808142066,30.605824,411.35546875,recovered,False,,/project/yunhengzou/coordinate_alignment/aam_benchmarks/golden_policy_full_20260907/1698/cuts/aam.pkl.gz,/project/yunhengzou/coordinate_alignment/aam_benchmarks/golden_policy_full_20260907/1698/evaluation.json
1699,True,P_to_R,complete,recovered,True,False,False,0.6729565113782883,0.13453138060867786,1.661727,127.2109375,recovered,False,,/project/yunhengzou/coordinate_alignment/aam_benchmarks/golden_policy_full_20260907/1699/cuts/aam.pkl.gz,/project/yunhengzou/coordinate_alignment/aam_benchmarks/golden_policy_full_20260907/1699/evaluation.json
1700,True,P_to_R,complete,recovered,True,False,False,0.6694320244714618,0.11500132083892822,1.6772729999999998,130.15234375,recovered,True,,/project/yunhengzou/coordinate_alignment/aam_benchmarks/golden_policy_full_20260907/1700/cuts/aam.pkl.gz,/project/yunhengzou/coordinate_alignment/aam_benchmarks/golden_policy_full_20260907/1700/evaluation.json
1701,True,P_to_R,complete,recovered,True,False,True,6.653127547819167,0.7795075019821525,6.802848,224.0234375,not_recovered,False,gained,/project/yunhengzou/coordinate_alignment/aam_benchmarks/golden_policy_full_20260907/1701/cuts/aam.pkl.gz,/project/yunhengzou/coordinate_alignment/aam_benchmarks/golden_policy_full_20260907/1701/evaluation.json
1702,True,P_to_R,complete,recovered,True,False,True,292.44541792199016,22.812948337057605,286.506551,2836.875,recovered,True,,/project/yunhengzou/coordinate_alignment/aam_benchmarks/golden_policy_full_20260907/1702/cuts/aam.pkl.gz,/project/yunhengzou/coordinate_alignment/aam_benchmarks/golden_policy_full_20260907/1702/evaluation.json
1703,True,P_to_R,complete,recovered,True,False,True,16.949306286871433,1.4496062530670315,15.760426,363.15625,not_recovered,False,gained,/project/yunhengzou/coordinate_alignment/aam_benchmarks/golden_policy_full_20260907/1703/cuts/aam.pkl.gz,/project/yunhengzou/coordinate_alignment/aam_benchmarks/golden_policy_full_20260907/1703/evaluation.json
1704,True,P_to_R,complete,recovered,True,False,True,53.24801346100867,6.085555869154632,51.454508,750.91796875,recovered,False,,/project/yunhengzou/coordinate_alignment/aam_benchmarks/golden_policy_full_20260907/1704/cuts/aam.pkl.gz,/project/yunhengzou/coordinate_alignment/aam_benchmarks/golden_policy_full_20260907/1704/evaluation.json
1705,True,P_to_R,complete,recovered,True,False,True,34.431453885510564,4.00309176556766,33.631555,631.02734375,recovered,True,,/project/yunhengzou/coordinate_alignment/aam_benchmarks/golden_policy_full_20260907/1705/cuts/aam.pkl.gz,/project/yunhengzou/coordinate_alignment/aam_benchmarks/golden_policy_full_20260907/1705/evaluation.json
1706,True,P_to_R,complete,recovered,False,False,True,14.432015682570636,3.4533567782491446,14.945229000000001,334.57421875,recovered,False,,/project/yunhengzou/coordinate_alignment/aam_benchmarks/golden_policy_full_20260907/1706/cuts/aam.pkl.gz,/project/yunhengzou/coordinate_alignment/aam_benchmarks/golden_policy_full_20260907/1706/evaluation.json
1707,True,P_to_R,complete,recovered,False,False,True,97.405541989021,14.378475308418274,96.60488,986.30859375,not_recovered,False,gained,/project/yunhengzou/coordinate_alignment/aam_benchmarks/golden_policy_full_20260907/1707/cuts/aam.pkl.gz,/project/yunhengzou/coordinate_alignment/aam_benchmarks/golden_policy_full_20260907/1707/evaluation.json
1708,True,P_to_R,complete,recovered,False,False,False,0.8665007269009948,0.0589815704151988,1.2986,120.54296875,recovered,False,,/project/yunhengzou/coordinate_alignment/aam_benchmarks/golden_policy_full_20260907/1708/cuts/aam.pkl.gz,/project/yunhengzou/coordinate_alignment/aam_benchmarks/golden_policy_full_20260907/1708/evaluation.json
1709,True,P_to_R,complete,recovered,False,False,True,3.036394763737917,0.4068383928388357,3.805341,176.4296875,recovered,False,,/project/yunhengzou/coordinate_alignment/aam_benchmarks/golden_policy_full_20260907/1709/cuts/aam.pkl.gz,/project/yunhengzou/coordinate_alignment/aam_benchmarks/golden_policy_full_20260907/1709/evaluation.json
1710,True,P_to_R,complete,recovered,True,False,False,1.200824229978025,0.03362902719527483,1.349478,119.55078125,recovered,True,,/project/yunhengzou/coordinate_alignment/aam_benchmarks/golden_policy_full_20260907/1710/cuts/aam.pkl.gz,/project/yunhengzou/coordinate_alignment/aam_benchmarks/golden_policy_full_20260907/1710/evaluation.json
1711,True,P_to_R,complete,recovered,False,False,True,8.749947370029986,2.79441022220999,8.955001,247.7734375,recovered,False,,/project/yunhengzou/coordinate_alignment/aam_benchmarks/golden_policy_full_20260907/1711/cuts/aam.pkl.gz,/project/yunhengzou/coordinate_alignment/aam_benchmarks/golden_policy_full_20260907/1711/evaluation.json
1712,True,P_to_R,complete,recovered,False,False,True,11.401370851323009,1.6384510081261396,11.809386,292.01953125,recovered,False,,/project/yunhengzou/coordinate_alignment/aam_benchmarks/golden_policy_full_20260907/1712/cuts/aam.pkl.gz,/project/yunhengzou/coordinate_alignment/aam_benchmarks/golden_policy_full_20260907/1712/evaluation.json
1713,True,P_to_R,complete,recovered,False,False,False,3.3386419881135225,0.5175029095262289,3.704084,144.109375,not_recovered,False,gained,/project/yunhengzou/coordinate_alignment/aam_benchmarks/golden_policy_full_20260907/1713/cuts/aam.pkl.gz,/project/yunhengzou/coordinate_alignment/aam_benchmarks/golden_policy_full_20260907/1713/evaluation.json
1714,True,P_to_R,complete,recovered,False,False,False,2.1130018630065024,0.3254948970861733,2.434424,132.63671875,recovered,False,,/project/yunhengzou/coordinate_alignment/aam_benchmarks/golden_policy_full_20260907/1714/cuts/aam.pkl.gz,/project/yunhengzou/coordinate_alignment/aam_benchmarks/golden_policy_full_20260907/1714/evaluation.json
1715,True,P_to_R,complete,recovered,False,False,True,15.407733547966927,4.030481124296784,15.308086000000001,382.0,recovered,False,,/project/yunhengzou/coordinate_alignment/aam_benchmarks/golden_policy_full_20260907/1715/cuts/aam.pkl.gz,/project/yunhengzou/coordinate_alignment/aam_benchmarks/golden_policy_full_20260907/1715/evaluation.json
1716,True,P_to_R,complete,recovered,True,False,True,50.474310079589486,6.961493492126465,49.326533,801.1171875,recovered,True,,/project/yunhengzou/coordinate_alignment/aam_benchmarks/golden_policy_full_20260907/1716/cuts/aam.pkl.gz,/project/yunhengzou/coordinate_alignment/aam_benchmarks/golden_policy_full_20260907/1716/evaluation.json
1717,True,P_to_R,complete,recovered,True,False,True,15.722890862263739,2.484984449110925,15.524229,362.82421875,not_recovered,False,gained,/project/yunhengzou/coordinate_alignment/aam_benchmarks/golden_policy_full_20260907/1717/cuts/aam.pkl.gz,/project/yunhengzou/coordinate_alignment/aam_benchmarks/golden_policy_full_20260907/1717/evaluation.json
1718,True,P_to_R,complete,recovered,False,False,True,48.97949743270874,6.632812590803951,47.070137,973.46484375,recovered,False,,/project/yunhengzou/coordinate_alignment/aam_benchmarks/golden_policy_full_20260907/1718/cuts/aam.pkl.gz,/project/yunhengzou/coordinate_alignment/aam_benchmarks/golden_policy_full_20260907/1718/evaluation.json
1719,True,P_to_R,complete,recovered,False,False,True,2.703329897020012,0.5864261989481747,3.496343,158.234375,recovered,False,,/project/yunhengzou/coordinate_alignment/aam_benchmarks/golden_policy_full_20260907/1719/cuts/aam.pkl.gz,/project/yunhengzou/coordinate_alignment/aam_benchmarks/golden_policy_full_20260907/1719/evaluation.json
1720,True,P_to_R,complete,recovered,True,False,True,10.573041576193646,1.0690648399759084,10.900128,264.640625,recovered,True,,/project/yunhengzou/coordinate_alignment/aam_benchmarks/golden_policy_full_20260907/1720/cuts/aam.pkl.gz,/project/yunhengzou/coordinate_alignment/aam_benchmarks/golden_policy_full_20260907/1720/evaluation.json
1721,True,P_to_R,complete,recovered,False,False,True,39.55903806257993,2.983703024685383,38.852832,730.32421875,not_recovered,False,gained,/project/yunhengzou/coordinate_alignment/aam_benchmarks/golden_policy_full_20260907/1721/cuts/aam.pkl.gz,/project/yunhengzou/coordinate_alignment/aam_benchmarks/golden_policy_full_20260907/1721/evaluation.json
1722,True,P_to_R,complete,recovered,True,False,True,47.663745703175664,3.456780269742012,47.838893,638.9765625,not_recovered,False,gained,/project/yunhengzou/coordinate_alignment/aam_benchmarks/golden_policy_full_20260907/1722/cuts/aam.pkl.gz,/project/yunhengzou/coordinate_alignment/aam_benchmarks/golden_policy_full_20260907/1722/evaluation.json
1723,True,P_to_R,complete,recovered,False,False,True,136.87422240059823,16.71926357410848,134.54287,1380.078125,recovered,True,,/project/yunhengzou/coordinate_alignment/aam_benchmarks/golden_policy_full_20260907/1723/cuts/aam.pkl.gz,/project/yunhengzou/coordinate_alignment/aam_benchmarks/golden_policy_full_20260907/1723/evaluation.json
1724,True,P_to_R,complete,recovered,True,False,True,86.35529885208234,7.576240024063736,84.850945,1197.65625,not_recovered,False,gained,/project/yunhengzou/coordinate_alignment/aam_benchmarks/golden_policy_full_20260907/1724/cuts/aam.pkl.gz,/project/yunhengzou/coordinate_alignment/aam_benchmarks/golden_policy_full_20260907/1724/evaluation.json
1725,True,P_to_R,complete,recovered,True,False,False,0.9763152273371816,0.06543922144919634,1.4625620000000001,121.79296875,recovered,True,,/project/yunhengzou/coordinate_alignment/aam_benchmarks/golden_policy_full_20260907/1725/cuts/aam.pkl.gz,/project/yunhengzou/coordinate_alignment/aam_benchmarks/golden_policy_full_20260907/1725/evaluation.json
1726,True,P_to_R,complete,recovered,True,False,False,0.9995077829807997,0.07411869522184134,1.471733,122.15234375,recovered,True,,/project/yunhengzou/coordinate_alignment/aam_benchmarks/golden_policy_full_20260907/1726/cuts/aam.pkl.gz,/project/yunhengzou/coordinate_alignment/aam_benchmarks/golden_policy_full_20260907/1726/evaluation.json
1727,True,P_to_R,complete,recovered,True,False,False,0.725676822476089,0.07993922755122185,1.403122,122.45703125,recovered,False,,/project/yunhengzou/coordinate_alignment/aam_benchmarks/golden_policy_full_20260907/1727/cuts/aam.pkl.gz,/project/yunhengzou/coordinate_alignment/aam_benchmarks/golden_policy_full_20260907/1727/evaluation.json
1728,True,P_to_R,complete,recovered,False,False,False,1.8040226651355624,0.3410539450123906,2.321387,133.76171875,recovered,False,,/project/yunhengzou/coordinate_alignment/aam_benchmarks/golden_policy_full_20260907/1728/cuts/aam.pkl.gz,/project/yunhengzou/coordinate_alignment/aam_benchmarks/golden_policy_full_20260907/1728/evaluation.json
1729,True,P_to_R,complete,unknown,False,False,True,6.3620301596820354,120.29633605945855,6.076807,219.296875,not_recovered,False,,/project/yunhengzou/coordinate_alignment/aam_benchmarks/golden_policy_full_20260907/1729/cuts/aam.pkl.gz,/project/yunhengzou/coordinate_alignment/aam_benchmarks/golden_policy_full_20260907/1729/evaluation.json
1730,True,P_to_R,complete,recovered,False,False,True,18.11194779165089,2.314350009895861,17.798731,475.75390625,recovered,False,,/project/yunhengzou/coordinate_alignment/aam_benchmarks/golden_policy_full_20260907/1730/cuts/aam.pkl.gz,/project/yunhengzou/coordinate_alignment/aam_benchmarks/golden_policy_full_20260907/1730/evaluation.json
1731,True,P_to_R,complete,recovered,False,False,True,5.963479990139604,1.6091121714562178,6.771943,218.58984375,recovered,False,,/project/yunhengzou/coordinate_alignment/aam_benchmarks/golden_policy_full_20260907/1731/cuts/aam.pkl.gz,/project/yunhengzou/coordinate_alignment/aam_benchmarks/golden_policy_full_20260907/1731/evaluation.json
1732,True,P_to_R,complete,recovered,True,False,True,20.082779709249735,2.082960646599531,20.408579999999997,504.046875,not_recovered,False,gained,/project/yunhengzou/coordinate_alignment/aam_benchmarks/golden_policy_full_20260907/1732/cuts/aam.pkl.gz,/project/yunhengzou/coordinate_alignment/aam_benchmarks/golden_policy_full_20260907/1732/evaluation.json
1733,True,P_to_R,complete,recovered,True,False,False,0.3157484643161297,0.06201453227549791,1.313241,120.98046875,recovered,True,,/project/yunhengzou/coordinate_alignment/aam_benchmarks/golden_policy_full_20260907/1733/cuts/aam.pkl.gz,/project/yunhengzou/coordinate_alignment/aam_benchmarks/golden_policy_full_20260907/1733/evaluation.json
1734,True,P_to_R,complete,recovered,False,False,False,1.1063242983072996,0.23903975263237953,2.098396,128.390625,recovered,False,,/project/yunhengzou/coordinate_alignment/aam_benchmarks/golden_policy_full_20260907/1734/cuts/aam.pkl.gz,/project/yunhengzou/coordinate_alignment/aam_benchmarks/golden_policy_full_20260907/1734/evaluation.json
1735,True,P_to_R,complete,recovered,False,False,False,4.253721484914422,1.2645894903689623,5.0989189999999995,174.29296875,recovered,False,,/project/yunhengzou/coordinate_alignment/aam_benchmarks/golden_policy_full_20260907/1735/cuts/aam.pkl.gz,/project/yunhengzou/coordinate_alignment/aam_benchmarks/golden_policy_full_20260907/1735/evaluation.json
1736,True,P_to_R,complete,recovered,True,False,True,5.64839921053499,1.023923221975565,6.408989999999999,209.4375,recovered,True,,/project/yunhengzou/coordinate_alignment/aam_benchmarks/golden_policy_full_20260907/1736/cuts/aam.pkl.gz,/project/yunhengzou/coordinate_alignment/aam_benchmarks/golden_policy_full_20260907/1736/evaluation.json
1737,True,P_to_R,complete,recovered,False,False,False,1.933654167689383,0.3213304243981838,2.9001189999999997,135.109375,recovered,False,,/project/yunhengzou/coordinate_alignment/aam_benchmarks/golden_policy_full_20260907/1737/cuts/aam.pkl.gz,/project/yunhengzou/coordinate_alignment/aam_benchmarks/golden_policy_full_20260907/1737/evaluation.json
1738,True,P_to_R,complete,recovered,False,False,True,3.4154260009527206,1.1190906311385334,3.896634,159.43359375,not_recovered,False,gained,/project/yunhengzou/coordinate_alignment/aam_benchmarks/golden_policy_full_20260907/1738/cuts/aam.pkl.gz,/project/yunhengzou/coordinate_alignment/aam_benchmarks/golden_policy_full_20260907/1738/evaluation.json
1739,True,P_to_R,complete,not_recovered,False,False,False,0.7071676761843264,0.2858189919497818,1.6361679999999998,125.7265625,not_recovered,False,,/project/yunhengzou/coordinate_alignment/aam_benchmarks/golden_policy_full_20260907/1739/cuts/aam.pkl.gz,/project/yunhengzou/coordinate_alignment/aam_benchmarks/golden_policy_full_20260907/1739/evaluation.json
1740,True,P_to_R,complete,recovered,False,False,False,0.3061754140071571,0.10172090795822442,1.256363,120.37109375,not_recovered,False,gained,/project/yunhengzou/coordinate_alignment/aam_benchmarks/golden_policy_full_20260907/1740/cuts/aam.pkl.gz,/project/yunhengzou/coordinate_alignment/aam_benchmarks/golden_policy_full_20260907/1740/evaluation.json
1741,True,P_to_R,complete,recovered,False,False,True,7.712292192038149,1.818200632929802,8.219157,224.46875,not_recovered,False,gained,/project/yunhengzou/coordinate_alignment/aam_benchmarks/golden_policy_full_20260907/1741/cuts/aam.pkl.gz,/project/yunhengzou/coordinate_alignment/aam_benchmarks/golden_policy_full_20260907/1741/evaluation.json
1742,True,P_to_R,complete,recovered,False,False,True,8.848740437068045,1.1990960619878024,8.650732,248.25390625,recovered,False,,/project/yunhengzou/coordinate_alignment/aam_benchmarks/golden_policy_full_20260907/1742/cuts/aam.pkl.gz,/project/yunhengzou/coordinate_alignment/aam_benchmarks/golden_policy_full_20260907/1742/evaluation.json
1743,True,P_to_R,complete,recovered,True,False,True,2.6017369627952576,0.546014403924346,3.3434299999999997,143.83984375,recovered,True,,/project/yunhengzou/coordinate_alignment/aam_benchmarks/golden_policy_full_20260907/1743/cuts/aam.pkl.gz,/project/yunhengzou/coordinate_alignment/aam_benchmarks/golden_policy_full_20260907/1743/evaluation.json
1744,True,P_to_R,complete,recovered,False,False,True,32.670961916446686,3.5679494170472026,31.211372,672.08984375,recovered,False,,/project/yunhengzou/coordinate_alignment/aam_benchmarks/golden_policy_full_20260907/1744/cuts/aam.pkl.gz,/project/yunhengzou/coordinate_alignment/aam_benchmarks/golden_policy_full_20260907/1744/evaluation.json
1745,True,P_to_R,complete,recovered,False,False,True,2.2446570550091565,0.5206934851594269,3.065768,154.46875,recovered,True,,/project/yunhengzou/coordinate_alignment/aam_benchmarks/golden_policy_full_20260907/1745/cuts/aam.pkl.gz,/project/yunhengzou/coordinate_alignment/aam_benchmarks/golden_policy_full_20260907/1745/evaluation.json
1746,True,P_to_R,complete,recovered,False,False,True,69.06173612293787,12.011441140901297,66.086979,1112.88671875,recovered,False,,/project/yunhengzou/coordinate_alignment/aam_benchmarks/golden_policy_full_20260907/1746/cuts/aam.pkl.gz,/project/yunhengzou/coordinate_alignment/aam_benchmarks/golden_policy_full_20260907/1746/evaluation.json
1747,True,P_to_R,complete,recovered,False,False,False,3.8275766507722437,0.7263751621358097,4.433756,146.62890625,not_recovered,False,gained,/project/yunhengzou/coordinate_alignment/aam_benchmarks/golden_policy_full_20260907/1747/cuts/aam.pkl.gz,/project/yunhengzou/coordinate_alignment/aam_benchmarks/golden_policy_full_20260907/1747/evaluation.json
1748,True,P_to_R,complete,recovered,True,False,False,3.9758172121364623,0.9174813081044704,4.47806,163.92578125,not_recovered,False,gained,/project/yunhengzou/coordinate_alignment/aam_benchmarks/golden_policy_full_20260907/1748/cuts/aam.pkl.gz,/project/yunhengzou/coordinate_alignment/aam_benchmarks/golden_policy_full_20260907/1748/evaluation.json
1749,True,P_to_R,complete,recovered,True,False,True,28.026751317083836,6.3003351809456944,27.712227,401.43359375,not_recovered,False,gained,/project/yunhengzou/coordinate_alignment/aam_benchmarks/golden_policy_full_20260907/1749/cuts/aam.pkl.gz,/project/yunhengzou/coordinate_alignment/aam_benchmarks/golden_policy_full_20260907/1749/evaluation.json
1750,True,P_to_R,complete,recovered,False,False,True,47.47355446591973,15.175451567862183,45.772435,899.6015625,recovered,True,,/project/yunhengzou/coordinate_alignment/aam_benchmarks/golden_policy_full_20260907/1750/cuts/aam.pkl.gz,/project/yunhengzou/coordinate_alignment/aam_benchmarks/golden_policy_full_20260907/1750/evaluation.json
1751,True,P_to_R,complete,recovered,True,False,True,2.766439275816083,0.3619851190596819,3.331134,150.5546875,recovered,True,,/project/yunhengzou/coordinate_alignment/aam_benchmarks/golden_policy_full_20260907/1751/cuts/aam.pkl.gz,/project/yunhengzou/coordinate_alignment/aam_benchmarks/golden_policy_full_20260907/1751/evaluation.json
1752,True,P_to_R,complete,recovered,False,False,True,5.906471302732825,2.3421299788169563,6.478251,206.3828125,not_recovered,False,gained,/project/yunhengzou/coordinate_alignment/aam_benchmarks/golden_policy_full_20260907/1752/cuts/aam.pkl.gz,/project/yunhengzou/coordinate_alignment/aam_benchmarks/golden_policy_full_20260907/1752/evaluation.json
1753,True,P_to_R,complete,recovered,False,False,True,5.960724217351526,1.900513097178191,6.617216,216.0703125,recovered,True,,/project/yunhengzou/coordinate_alignment/aam_benchmarks/golden_policy_full_20260907/1753/cuts/aam.pkl.gz,/project/yunhengzou/coordinate_alignment/aam_benchmarks/golden_policy_full_20260907/1753/evaluation.json
1754,True,P_to_R,complete,recovered,False,False,True,1.1999289649538696,0.16664707800373435,2.159806,136.3203125,recovered,False,,/project/yunhengzou/coordinate_alignment/aam_benchmarks/golden_policy_full_20260907/1754/cuts/aam.pkl.gz,/project/yunhengzou/coordinate_alignment/aam_benchmarks/golden_policy_full_20260907/1754/evaluation.json
1755,True,P_to_R,complete,recovered,False,False,True,73.79534006677568,15.363177719525993,70.322209,1106.80859375,recovered,False,,/project/yunhengzou/coordinate_alignment/aam_benchmarks/golden_policy_full_20260907/1755/cuts/aam.pkl.gz,/project/yunhengzou/coordinate_alignment/aam_benchmarks/golden_policy_full_20260907/1755/evaluation.json
1756,True,P_to_R,complete,recovered,False,False,True,243.34330814611167,10.375800570473075,237.104155,2815.15234375,not_recovered,False,gained,/project/yunhengzou/coordinate_alignment/aam_benchmarks/golden_policy_full_20260907/1756/cuts/aam.pkl.gz,/project/yunhengzou/coordinate_alignment/aam_benchmarks/golden_policy_full_20260907/1756/evaluation.json
1757,True,P_to_R,complete,recovered,True,False,True,10.838776460848749,1.3236327059566975,11.456862000000001,213.62109375,not_recovered,False,gained,/project/yunhengzou/coordinate_alignment/aam_benchmarks/golden_policy_full_20260907/1757/cuts/aam.pkl.gz,/project/yunhengzou/coordinate_alignment/aam_benchmarks/golden_policy_full_20260907/1757/evaluation.json
1758,True,P_to_R,complete,recovered,False,False,False,17.035975949838758,1.8788048746064305,17.361131999999998,227.3125,unknown,False,,/project/yunhengzou/coordinate_alignment/aam_benchmarks/golden_policy_full_20260907/1758/cuts/aam.pkl.gz,/project/yunhengzou/coordinate_alignment/aam_benchmarks/golden_policy_full_20260907/1758/evaluation.json
1759,True,P_to_R,complete,recovered,False,False,False,1.9227477023378015,0.3148690201342106,2.7846640000000003,138.078125,recovered,False,,/project/yunhengzou/coordinate_alignment/aam_benchmarks/golden_policy_full_20260907/1759/cuts/aam.pkl.gz,/project/yunhengzou/coordinate_alignment/aam_benchmarks/golden_policy_full_20260907/1759/evaluation.json
1760,True,P_to_R,complete,recovered,False,False,True,30.324434991925955,4.172306224703789,29.705146,682.109375,not_recovered,False,gained,/project/yunhengzou/coordinate_alignment/aam_benchmarks/golden_policy_full_20260907/1760/cuts/aam.pkl.gz,/project/yunhengzou/coordinate_alignment/aam_benchmarks/golden_policy_full_20260907/1760/evaluation.json
1761,True,P_to_R,complete,recovered,False,False,True,23.085177795030177,2.776656123343855,23.120096999999998,518.03125,recovered,False,,/project/yunhengzou/coordinate_alignment/aam_benchmarks/golden_policy_full_20260907/1761/cuts/aam.pkl.gz,/project/yunhengzou/coordinate_alignment/aam_benchmarks/golden_policy_full_20260907/1761/evaluation.json
1762,True,P_to_R,complete,recovered,False,False,True,36.17249487712979,8.310381460003555,36.180811,514.95703125,recovered,False,,/project/yunhengzou/coordinate_alignment/aam_benchmarks/golden_policy_full_20260907/1762/cuts/aam.pkl.gz,/project/yunhengzou/coordinate_alignment/aam_benchmarks/golden_policy_full_20260907/1762/evaluation.json
1763,True,P_to_R,complete,recovered,False,False,True,191.22327068308368,20.095822708681226,183.178732,3171.7109375,not_recovered,False,gained,/project/yunhengzou/coordinate_alignment/aam_benchmarks/golden_policy_full_20260907/1763/cuts/aam.pkl.gz,/project/yunhengzou/coordinate_alignment/aam_benchmarks/golden_policy_full_20260907/1763/evaluation.json
1764,True,P_to_R,complete,recovered,True,False,False,14.16753619397059,2.5130052608437836,14.297273,213.6796875,not_recovered,False,gained,/project/yunhengzou/coordinate_alignment/aam_benchmarks/golden_policy_full_20260907/1764/cuts/aam.pkl.gz,/project/yunhengzou/coordinate_alignment/aam_benchmarks/golden_policy_full_20260907/1764/evaluation.json
1765,True,P_to_R,complete,recovered,True,False,False,3.1194260120391846,0.6831494909711182,4.069941,153.15234375,recovered,True,,/project/yunhengzou/coordinate_alignment/aam_benchmarks/golden_policy_full_20260907/1765/cuts/aam.pkl.gz,/project/yunhengzou/coordinate_alignment/aam_benchmarks/golden_policy_full_20260907/1765/evaluation.json
1766,True,P_to_R,complete,recovered,False,False,True,9.136011195136234,1.16947779385373,8.924545,246.671875,recovered,False,,/project/yunhengzou/coordinate_alignment/aam_benchmarks/golden_policy_full_20260907/1766/cuts/aam.pkl.gz,/project/yunhengzou/coordinate_alignment/aam_benchmarks/golden_policy_full_20260907/1766/evaluation.json
1767,True,P_to_R,complete,recovered,False,False,False,4.344599812058732,0.6460770780686289,5.040275,157.8828125,recovered,False,,/project/yunhengzou/coordinate_alignment/aam_benchmarks/golden_policy_full_20260907/1767/cuts/aam.pkl.gz,/project/yunhengzou/coordinate_alignment/aam_benchmarks/golden_policy_full_20260907/1767/evaluation.json
1768,True,P_to_R,complete,recovered,False,False,False,8.4893179689534,1.7365678751375526,8.089185,191.44921875,recovered,False,,/project/yunhengzou/coordinate_alignment/aam_benchmarks/golden_policy_full_20260907/1768/cuts/aam.pkl.gz,/project/yunhengzou/coordinate_alignment/aam_benchmarks/golden_policy_full_20260907/1768/evaluation.json
1769,True,P_to_R,complete,recovered,False,False,True,0.7344381450675428,0.11183849396184087,2.0566229999999996,129.125,recovered,False,,/project/yunhengzou/coordinate_alignment/aam_benchmarks/golden_policy_full_20260907/1769/cuts/aam.pkl.gz,/project/yunhengzou/coordinate_alignment/aam_benchmarks/golden_policy_full_20260907/1769/evaluation.json
1770,True,P_to_R,complete,recovered,True,False,False,1.252336508128792,0.17356696887873113,2.378959,130.8515625,recovered,False,,/project/yunhengzou/coordinate_alignment/aam_benchmarks/golden_policy_full_20260907/1770/cuts/aam.pkl.gz,/project/yunhengzou/coordinate_alignment/aam_benchmarks/golden_policy_full_20260907/1770/evaluation.json
1771,True,P_to_R,complete,recovered,False,False,False,3.2978058299049735,1.581203693524003,3.751933,160.24609375,recovered,False,,/project/yunhengzou/coordinate_alignment/aam_benchmarks/golden_policy_full_20260907/1771/cuts/aam.pkl.gz,/project/yunhengzou/coordinate_alignment/aam_benchmarks/golden_policy_full_20260907/1771/evaluation.json
1772,True,P_to_R,complete,recovered,True,False,True,107.39810407999903,8.105994808487594,103.262592,1970.69921875,recovered,False,,/project/yunhengzou/coordinate_alignment/aam_benchmarks/golden_policy_full_20260907/1772/cuts/aam.pkl.gz,/project/yunhengzou/coordinate_alignment/aam_benchmarks/golden_policy_full_20260907/1772/evaluation.json
1773,True,P_to_R,complete,recovered,True,False,True,51.6777006406337,7.764912495389581,50.153649,845.59765625,not_recovered,False,gained,/project/yunhengzou/coordinate_alignment/aam_benchmarks/golden_policy_full_20260907/1773/cuts/aam.pkl.gz,/project/yunhengzou/coordinate_alignment/aam_benchmarks/golden_policy_full_20260907/1773/evaluation.json
1774,True,P_to_R,complete,recovered,False,False,True,14.859387991949916,1.3851170260459185,15.275697000000001,220.015625,recovered,True,,/project/yunhengzou/coordinate_alignment/aam_benchmarks/golden_policy_full_20260907/1774/cuts/aam.pkl.gz,/project/yunhengzou/coordinate_alignment/aam_benchmarks/golden_policy_full_20260907/1774/evaluation.json
1775,True,P_to_R,complete,recovered,True,False,True,20.9291199776344,1.8050110461190343,20.121694,492.9375,recovered,True,,/project/yunhengzou/coordinate_alignment/aam_benchmarks/golden_policy_full_20260907/1775/cuts/aam.pkl.gz,/project/yunhengzou/coordinate_alignment/aam_benchmarks/golden_policy_full_20260907/1775/evaluation.json
1776,True,P_to_R,complete,recovered,False,False,True,41.558630167040974,16.485253223218024,40.005147,751.109375,not_recovered,False,gained,/project/yunhengzou/coordinate_alignment/aam_benchmarks/golden_policy_full_20260907/1776/cuts/aam.pkl.gz,/project/yunhengzou/coordinate_alignment/aam_benchmarks/golden_policy_full_20260907/1776/evaluation.json
1777,True,P_to_R,complete,recovered,False,False,True,132.11740731820464,9.919306186959147,129.227219,2009.625,not_recovered,False,gained,/project/yunhengzou/coordinate_alignment/aam_benchmarks/golden_policy_full_20260907/1777/cuts/aam.pkl.gz,/project/yunhengzou/coordinate_alignment/aam_benchmarks/golden_policy_full_20260907/1777/evaluation.json
1778,True,P_to_R,complete,recovered,True,False,True,12.13967658020556,1.5813387078233063,12.281138,232.50390625,recovered,False,,/project/yunhengzou/coordinate_alignment/aam_benchmarks/golden_policy_full_20260907/1778/cuts/aam.pkl.gz,/project/yunhengzou/coordinate_alignment/aam_benchmarks/golden_policy_full_20260907/1778/evaluation.json
1779,True,P_to_R,complete,recovered,True,False,False,16.725727637996897,2.0250866210553795,17.221976,247.140625,recovered,True,,/project/yunhengzou/coordinate_alignment/aam_benchmarks/golden_policy_full_20260907/1779/cuts/aam.pkl.gz,/project/yunhengzou/coordinate_alignment/aam_benchmarks/golden_policy_full_20260907/1779/evaluation.json
1780,True,P_to_R,complete,recovered,False,False,True,45.39827676513232,3.3011746930424124,44.728258000000004,669.3046875,not_recovered,False,gained,/project/yunhengzou/coordinate_alignment/aam_benchmarks/golden_policy_full_20260907/1780/cuts/aam.pkl.gz,/project/yunhengzou/coordinate_alignment/aam_benchmarks/golden_policy_full_20260907/1780/evaluation.json
1781,True,P_to_R,complete,recovered,False,False,False,2.146061663981527,0.2756845629774034,2.881065,135.3125,not_recovered,False,gained,/project/yunhengzou/coordinate_alignment/aam_benchmarks/golden_policy_full_20260907/1781/cuts/aam.pkl.gz,/project/yunhengzou/coordinate_alignment/aam_benchmarks/golden_policy_full_20260907/1781/evaluation.json
1782,True,P_to_R,complete,recovered,True,False,True,5.208894256968051,1.0991732380352914,5.948453,191.66015625,recovered,True,,/project/yunhengzou/coordinate_alignment/aam_benchmarks/golden_policy_full_20260907/1782/cuts/aam.pkl.gz,/project/yunhengzou/coordinate_alignment/aam_benchmarks/golden_policy_full_20260907/1782/evaluation.json
1783,True,P_to_R,complete,recovered,True,False,True,36.93597235600464,4.345063061919063,35.549243000000004,715.40234375,recovered,False,,/project/yunhengzou/coordinate_alignment/aam_benchmarks/golden_policy_full_20260907/1783/cuts/aam.pkl.gz,/project/yunhengzou/coordinate_alignment/aam_benchmarks/golden_policy_full_20260907/1783/evaluation.json
1784,True,P_to_R,complete,recovered,False,False,False,4.07704768422991,0.6083338810130954,4.879692,151.05859375,recovered,False,,/project/yunhengzou/coordinate_alignment/aam_benchmarks/golden_policy_full_20260907/1784/cuts/aam.pkl.gz,/project/yunhengzou/coordinate_alignment/aam_benchmarks/golden_policy_full_20260907/1784/evaluation.json
1785,True,P_to_R,complete,recovered,False,False,True,16.990788559429348,1.8346426812931895,17.375601000000003,340.6171875,recovered,False,,/project/yunhengzou/coordinate_alignment/aam_benchmarks/golden_policy_full_20260907/1785/cuts/aam.pkl.gz,/project/yunhengzou/coordinate_alignment/aam_benchmarks/golden_policy_full_20260907/1785/evaluation.json
1786,True,P_to_R,complete,unknown,False,False,True,114.55722023546696,120.40248540323228,111.828337,2031.37890625,recovered,False,,/project/yunhengzou/coordinate_alignment/aam_benchmarks/golden_policy_full_20260907/1786/cuts/aam.pkl.gz,/project/yunhengzou/coordinate_alignment/aam_benchmarks/golden_policy_full_20260907/1786/evaluation.json
1787,True,P_to_R,complete,recovered,False,False,True,6.068941619247198,2.2978880405426025,6.321041999999999,193.16015625,recovered,False,,/project/yunhengzou/coordinate_alignment/aam_benchmarks/golden_policy_full_20260907/1787/cuts/aam.pkl.gz,/project/yunhengzou/coordinate_alignment/aam_benchmarks/golden_policy_full_20260907/1787/evaluation.json
1788,True,P_to_R,complete,recovered,False,False,True,3.1590108620002866,0.575720489025116,3.821289,168.76171875,not_recovered,False,gained,/project/yunhengzou/coordinate_alignment/aam_benchmarks/golden_policy_full_20260907/1788/cuts/aam.pkl.gz,/project/yunhengzou/coordinate_alignment/aam_benchmarks/golden_policy_full_20260907/1788/evaluation.json
1789,True,P_to_R,complete,recovered,True,False,True,5.633063881890848,1.157840328058228,5.541424,170.8828125,recovered,True,,/project/yunhengzou/coordinate_alignment/aam_benchmarks/golden_policy_full_20260907/1789/cuts/aam.pkl.gz,/project/yunhengzou/coordinate_alignment/aam_benchmarks/golden_policy_full_20260907/1789/evaluation.json
1790,True,P_to_R,complete,recovered,True,False,True,3.1773553208913654,0.646017795894295,3.674477,151.98828125,recovered,True,,/project/yunhengzou/coordinate_alignment/aam_benchmarks/golden_policy_full_20260907/1790/cuts/aam.pkl.gz,/project/yunhengzou/coordinate_alignment/aam_benchmarks/golden_policy_full_20260907/1790/evaluation.json
1791,True,P_to_R,complete,recovered,False,False,True,4.100715197622776,0.5641945209354162,4.604584999999999,164.13671875,not_recovered,False,gained,/project/yunhengzou/coordinate_alignment/aam_benchmarks/golden_policy_full_20260907/1791/cuts/aam.pkl.gz,/project/yunhengzou/coordinate_alignment/aam_benchmarks/golden_policy_full_20260907/1791/evaluation.json
1792,True,P_to_R,complete,recovered,True,False,True,6.601628196891397,1.0819177539087832,7.2151119999999995,231.7265625,recovered,True,,/project/yunhengzou/coordinate_alignment/aam_benchmarks/golden_policy_full_20260907/1792/cuts/aam.pkl.gz,/project/yunhengzou/coordinate_alignment/aam_benchmarks/golden_policy_full_20260907/1792/evaluation.json
1793,True,P_to_R,complete,unknown,,True,,,,,,not_recovered,False,,/project/yunhengzou/coordinate_alignment/aam_benchmarks/golden_policy_full_20260907/1793/cuts,/project/yunhengzou/coordinate_alignment/aam_benchmarks/golden_policy_full_20260907/1793/evaluation.json
1794,True,P_to_R,complete,recovered,False,False,False,3.299363248050213,0.4825129499658942,4.104712,152.46484375,recovered,False,,/project/yunhengzou/coordinate_alignment/aam_benchmarks/golden_policy_full_20260907/1794/cuts/aam.pkl.gz,/project/yunhengzou/coordinate_alignment/aam_benchmarks/golden_policy_full_20260907/1794/evaluation.json
1795,True,P_to_R,complete,recovered,True,False,True,76.85911411885172,10.758336276747286,74.42707800000001,1325.3515625,not_recovered,False,gained,/project/yunhengzou/coordinate_alignment/aam_benchmarks/golden_policy_full_20260907/1795/cuts/aam.pkl.gz,/project/yunhengzou/coordinate_alignment/aam_benchmarks/golden_policy_full_20260907/1795/evaluation.json
1796,True,P_to_R,complete,recovered,True,False,True,29.515966237988323,4.251681901048869,28.104104999999997,618.109375,not_recovered,False,gained,/project/yunhengzou/coordinate_alignment/aam_benchmarks/golden_policy_full_20260907/1796/cuts/aam.pkl.gz,/project/yunhengzou/coordinate_alignment/aam_benchmarks/golden_policy_full_20260907/1796/evaluation.json
1797,True,P_to_R,complete,recovered,True,False,True,84.28346355911344,10.858737589325756,81.89475,1428.94140625,not_recovered,False,gained,/project/yunhengzou/coordinate_alignment/aam_benchmarks/golden_policy_full_20260907/1797/cuts/aam.pkl.gz,/project/yunhengzou/coordinate_alignment/aam_benchmarks/golden_policy_full_20260907/1797/evaluation.json
1798,True,P_to_R,complete,recovered,True,False,True,97.02724599465728,15.992605064064264,94.282811,1414.6015625,not_recovered,False,gained,/project/yunhengzou/coordinate_alignment/aam_benchmarks/golden_policy_full_20260907/1798/cuts/aam.pkl.gz,/project/yunhengzou/coordinate_alignment/aam_benchmarks/golden_policy_full_20260907/1798/evaluation.json
1799,True,P_to_R,complete,recovered,,True,False,,0.3173181926831603,,,recovered,False,,/project/yunhengzou/coordinate_alignment/aam_benchmarks/golden_policy_full_20260907/1799/cuts,/project/yunhengzou/coordinate_alignment/aam_benchmarks/golden_policy_full_20260907/1799/evaluation.json
1800,True,P_to_R,complete,recovered,True,False,True,77.33809659071267,5.135243251919746,76.66500400000001,876.92578125,recovered,True,,/project/yunhengzou/coordinate_alignment/aam_benchmarks/golden_policy_full_20260907/1800/cuts/aam.pkl.gz,/project/yunhengzou/coordinate_alignment/aam_benchmarks/golden_policy_full_20260907/1800/evaluation.json
1801,True,P_to_R,complete,recovered,True,False,True,186.71605673991144,20.89444866590202,184.97344299999997,2383.53125,recovered,True,,/project/yunhengzou/coordinate_alignment/aam_benchmarks/golden_policy_full_20260907/1801/cuts/aam.pkl.gz,/project/yunhengzou/coordinate_alignment/aam_benchmarks/golden_policy_full_20260907/1801/evaluation.json
1802,True,P_to_R,complete,recovered,False,False,True,14.873622335493565,5.228290628641844,14.845271,331.23828125,recovered,False,,/project/yunhengzou/coordinate_alignment/aam_benchmarks/golden_policy_full_20260907/1802/cuts/aam.pkl.gz,/project/yunhengzou/coordinate_alignment/aam_benchmarks/golden_policy_full_20260907/1802/evaluation.json
1803,True,P_to_R,complete,recovered,True,False,False,1.7904051402583718,0.25150831416249275,2.349814,132.6015625,not_recovered,False,gained,/project/yunhengzou/coordinate_alignment/aam_benchmarks/golden_policy_full_20260907/1803/cuts/aam.pkl.gz,/project/yunhengzou/coordinate_alignment/aam_benchmarks/golden_policy_full_20260907/1803/evaluation.json
1804,True,P_to_R,complete,recovered,True,False,False,1.7624130137264729,0.2090538153424859,2.231871,130.9609375,recovered,True,,/project/yunhengzou/coordinate_alignment/aam_benchmarks/golden_policy_full_20260907/1804/cuts/aam.pkl.gz,/project/yunhengzou/coordinate_alignment/aam_benchmarks/golden_policy_full_20260907/1804/evaluation.json
1805,True,P_to_R,complete,recovered,True,False,False,1.7098291106522083,0.2105076713487506,2.388147,133.01953125,recovered,True,,/project/yunhengzou/coordinate_alignment/aam_benchmarks/golden_policy_full_20260907/1805/cuts/aam.pkl.gz,/project/yunhengzou/coordinate_alignment/aam_benchmarks/golden_policy_full_20260907/1805/evaluation.json
1806,True,P_to_R,complete,recovered,False,False,True,69.72614734526724,8.291858404874802,68.645138,1003.03515625,not_recovered,False,gained,/project/yunhengzou/coordinate_alignment/aam_benchmarks/golden_policy_full_20260907/1806/cuts/aam.pkl.gz,/project/yunhengzou/coordinate_alignment/aam_benchmarks/golden_policy_full_20260907/1806/evaluation.json
1807,True,P_to_R,complete,recovered,False,False,True,9.05631756875664,1.1905322270467877,9.616983000000001,205.59375,not_recovered,False,gained,/project/yunhengzou/coordinate_alignment/aam_benchmarks/golden_policy_full_20260907/1807/cuts/aam.pkl.gz,/project/yunhengzou/coordinate_alignment/aam_benchmarks/golden_policy_full_20260907/1807/evaluation.json
1808,True,P_to_R,complete,recovered,False,False,True,27.661235600709915,3.2796426890417933,27.284111,617.453125,recovered,False,,/project/yunhengzou/coordinate_alignment/aam_benchmarks/golden_policy_full_20260907/1808/cuts/aam.pkl.gz,/project/yunhengzou/coordinate_alignment/aam_benchmarks/golden_policy_full_20260907/1808/evaluation.json
1809,True,P_to_R,complete,recovered,False,False,True,31.9122112931218,4.219851062865928,31.812389,316.5390625,not_recovered,False,gained,/project/yunhengzou/coordinate_alignment/aam_benchmarks/golden_policy_full_20260907/1809/cuts/aam.pkl.gz,/project/yunhengzou/coordinate_alignment/aam_benchmarks/golden_policy_full_20260907/1809/evaluation.json
1810,True,P_to_R,complete,recovered,False,False,True,9.434406025102362,1.4302715361118317,9.244038,219.01171875,not_recovered,False,gained,/project/yunhengzou/coordinate_alignment/aam_benchmarks/golden_policy_full_20260907/1810/cuts/aam.pkl.gz,/project/yunhengzou/coordinate_alignment/aam_benchmarks/golden_policy_full_20260907/1810/evaluation.json
1811,True,P_to_R,complete,recovered,False,False,True,15.41287647606805,2.104920865036547,15.137265,346.2109375,not_recovered,False,gained,/project/yunhengzou/coordinate_alignment/aam_benchmarks/golden_policy_full_20260907/1811/cuts/aam.pkl.gz,/project/yunhengzou/coordinate_alignment/aam_benchmarks/golden_policy_full_20260907/1811/evaluation.json
1812,True,P_to_R,complete,recovered,False,False,True,8.750068478984758,1.0954318980220705,8.63251,191.26171875,recovered,True,,/project/yunhengzou/coordinate_alignment/aam_benchmarks/golden_policy_full_20260907/1812/cuts/aam.pkl.gz,/project/yunhengzou/coordinate_alignment/aam_benchmarks/golden_policy_full_20260907/1812/evaluation.json
1813,True,P_to_R,complete,recovered,True,False,False,0.768427362665534,0.13057809974998236,1.6233149999999998,126.7421875,recovered,False,,/project/yunhengzou/coordinate_alignment/aam_benchmarks/golden_policy_full_20260907/1813/cuts/aam.pkl.gz,/project/yunhengzou/coordinate_alignment/aam_benchmarks/golden_policy_full_20260907/1813/evaluation.json
1814,True,P_to_R,complete,recovered,False,False,True,3.122961067594588,0.8039886951446533,3.690042,154.36328125,recovered,False,,/project/yunhengzou/coordinate_alignment/aam_benchmarks/golden_policy_full_20260907/1814/cuts/aam.pkl.gz,/project/yunhengzou/coordinate_alignment/aam_benchmarks/golden_policy_full_20260907/1814/evaluation.json
1815,True,P_to_R,complete,recovered,False,False,True,12.536144169047475,1.867740835994482,12.658569,328.97265625,recovered,False,,/project/yunhengzou/coordinate_alignment/aam_benchmarks/golden_policy_full_20260907/1815/cuts/aam.pkl.gz,/project/yunhengzou/coordinate_alignment/aam_benchmarks/golden_policy_full_20260907/1815/evaluation.json
1816,True,P_to_R,complete,recovered,True,False,False,10.562885024119169,0.7907234688755125,10.588336,180.26171875,not_recovered,False,gained,/project/yunhengzou/coordinate_alignment/aam_benchmarks/golden_policy_full_20260907/1816/cuts/aam.pkl.gz,/project/yunhengzou/coordinate_alignment/aam_benchmarks/golden_policy_full_20260907/1816/evaluation.json
1817,True,P_to_R,complete,not_recovered,False,False,False,3.332152845337987,1.2344273207709193,4.008624,153.06640625,recovered,False,lost,/project/yunhengzou/coordinate_alignment/aam_benchmarks/golden_policy_full_20260907/1817/cuts/aam.pkl.gz,/project/yunhengzou/coordinate_alignment/aam_benchmarks/golden_policy_full_20260907/1817/evaluation.json
1818,True,P_to_R,complete,recovered,True,False,True,4.66690472792834,1.2781416764482856,5.412474,190.9765625,recovered,True,,/project/yunhengzou/coordinate_alignment/aam_benchmarks/golden_policy_full_20260907/1818/cuts/aam.pkl.gz,/project/yunhengzou/coordinate_alignment/aam_benchmarks/golden_policy_full_20260907/1818/evaluation.json
1819,True,P_to_R,complete,recovered,True,False,False,0.5604902030900121,0.07523110788315535,1.335816,121.19140625,recovered,True,,/project/yunhengzou/coordinate_alignment/aam_benchmarks/golden_policy_full_20260907/1819/cuts/aam.pkl.gz,/project/yunhengzou/coordinate_alignment/aam_benchmarks/golden_policy_full_20260907/1819/evaluation.json
1820,True,P_to_R,complete,recovered,True,False,False,0.551681537181139,0.08474512863904238,1.328908,121.28515625,recovered,True,,/project/yunhengzou/coordinate_alignment/aam_benchmarks/golden_policy_full_20260907/1820/cuts/aam.pkl.gz,/project/yunhengzou/coordinate_alignment/aam_benchmarks/golden_policy_full_20260907/1820/evaluation.json
1821,True,P_to_R,complete,recovered,True,False,True,65.35737101268023,5.712548271287233,62.867354,1472.19921875,not_recovered,False,gained,/project/yunhengzou/coordinate_alignment/aam_benchmarks/golden_policy_full_20260907/1821/cuts/aam.pkl.gz,/project/yunhengzou/coordinate_alignment/aam_benchmarks/golden_policy_full_20260907/1821/evaluation.json
1822,True,P_to_R,complete,recovered,True,False,True,13.0659328722395,1.6084044398739934,13.255916,354.3828125,not_recovered,False,gained,/project/yunhengzou/coordinate_alignment/aam_benchmarks/golden_policy_full_20260907/1822/cuts/aam.pkl.gz,/project/yunhengzou/coordinate_alignment/aam_benchmarks/golden_policy_full_20260907/1822/evaluation.json
1823,True,P_to_R,complete,recovered,,True,True,,0.3297603859100491,,,recovered,True,,/project/yunhengzou/coordinate_alignment/aam_benchmarks/golden_policy_full_20260907/1823/cuts,/project/yunhengzou/coordinate_alignment/aam_benchmarks/golden_policy_full_20260907/1823/evaluation.json
1824,True,P_to_R,complete,recovered,True,False,False,0.6732303160242736,0.07905927207320929,1.579384,125.90625,recovered,True,,/project/yunhengzou/coordinate_alignment/aam_benchmarks/golden_policy_full_20260907/1824/cuts/aam.pkl.gz,/project/yunhengzou/coordinate_alignment/aam_benchmarks/golden_policy_full_20260907/1824/evaluation.json
1825,True,P_to_R,complete,recovered,False,False,False,0.6477905949577689,0.09079134394414723,1.6126040000000001,124.80078125,recovered,False,,/project/yunhengzou/coordinate_alignment/aam_benchmarks/golden_policy_full_20260907/1825/cuts/aam.pkl.gz,/project/yunhengzou/coordinate_alignment/aam_benchmarks/golden_policy_full_20260907/1825/evaluation.json
1826,True,P_to_R,complete,recovered,False,False,False,0.39571620314382017,0.06079769809730351,1.346619,121.67578125,recovered,False,,/project/yunhengzou/coordinate_alignment/aam_benchmarks/golden_policy_full_20260907/1826/cuts/aam.pkl.gz,/project/yunhengzou/coordinate_alignment/aam_benchmarks/golden_policy_full_20260907/1826/evaluation.json
1827,True,P_to_R,complete,recovered,False,False,False,0.3416462680324912,0.04647074290551245,1.308267,121.30859375,recovered,False,,/project/yunhengzou/coordinate_alignment/aam_benchmarks/golden_policy_full_20260907/1827/cuts/aam.pkl.gz,/project/yunhengzou/coordinate_alignment/aam_benchmarks/golden_policy_full_20260907/1827/evaluation.json
1828,True,P_to_R,complete,recovered,False,False,False,0.6680325316265225,0.06579215358942747,1.446241,121.69140625,recovered,True,,/project/yunhengzou/coordinate_alignment/aam_benchmarks/golden_policy_full_20260907/1828/cuts/aam.pkl.gz,/project/yunhengzou/coordinate_alignment/aam_benchmarks/golden_policy_full_20260907/1828/evaluation.json
1829,True,P_to_R,complete,recovered,False,False,False,0.5288369609043002,0.05016970355063677,1.286286,120.50390625,recovered,False,,/project/yunhengzou/coordinate_alignment/aam_benchmarks/golden_policy_full_20260907/1829/cuts/aam.pkl.gz,/project/yunhengzou/coordinate_alignment/aam_benchmarks/golden_policy_full_20260907/1829/evaluation.json
1830,True,P_to_R,complete,recovered,False,False,True,19.478231280110776,2.57525168498978,19.192514,476.96484375,recovered,False,,/project/yunhengzou/coordinate_alignment/aam_benchmarks/golden_policy_full_20260907/1830/cuts/aam.pkl.gz,/project/yunhengzou/coordinate_alignment/aam_benchmarks/golden_policy_full_20260907/1830/evaluation.json
1831,True,P_to_R,complete,recovered,True,False,False,0.6759252757765353,0.1385583272203803,1.748572,127.08984375,recovered,True,,/project/yunhengzou/coordinate_alignment/aam_benchmarks/golden_policy_full_20260907/1831/cuts/aam.pkl.gz,/project/yunhengzou/coordinate_alignment/aam_benchmarks/golden_policy_full_20260907/1831/evaluation.json
1832,True,P_to_R,complete,recovered,False,False,True,4.333045448176563,0.7869917787611485,5.309948,179.42578125,recovered,True,,/project/yunhengzou/coordinate_alignment/aam_benchmarks/golden_policy_full_20260907/1832/cuts/aam.pkl.gz,/project/yunhengzou/coordinate_alignment/aam_benchmarks/golden_policy_full_20260907/1832/evaluation.json
1833,True,P_to_R,complete,recovered,True,False,False,1.645153938792646,0.273392029106617,2.4857880000000003,136.2890625,recovered,False,,/project/yunhengzou/coordinate_alignment/aam_benchmarks/golden_policy_full_20260907/1833/cuts/aam.pkl.gz,/project/yunhengzou/coordinate_alignment/aam_benchmarks/golden_policy_full_20260907/1833/evaluation.json
1834,True,P_to_R,complete,recovered,False,False,True,2.2118240501731634,0.7161219492554665,3.0681629999999998,155.8046875,recovered,False,,/project/yunhengzou/coordinate_alignment/aam_benchmarks/golden_policy_full_20260907/1834/cuts/aam.pkl.gz,/project/yunhengzou/coordinate_alignment/aam_benchmarks/golden_policy_full_20260907/1834/evaluation.json
1835,True,P_to_R,complete,recovered,False,False,False,2.0829817727208138,0.28479231148958206,3.0465389999999997,157.39453125,recovered,False,,/project/yunhengzou/coordinate_alignment/aam_benchmarks/golden_policy_full_20260907/1835/cuts/aam.pkl.gz,/project/yunhengzou/coordinate_alignment/aam_benchmarks/golden_policy_full_20260907/1835/evaluation.json
1836,True,P_to_R,complete,recovered,False,False,True,71.41215113643557,11.133091380819678,70.176065,971.8359375,recovered,True,,/project/yunhengzou/coordinate_alignment/aam_benchmarks/golden_policy_full_20260907/1836/cuts/aam.pkl.gz,/project/yunhengzou/coordinate_alignment/aam_benchmarks/golden_policy_full_20260907/1836/evaluation.json
1837,True,P_to_R,complete,recovered,True,False,True,195.82192366942763,19.66086919233203,186.263312,3346.79296875,recovered,True,,/project/yunhengzou/coordinate_alignment/aam_benchmarks/golden_policy_full_20260907/1837/cuts/aam.pkl.gz,/project/yunhengzou/coordinate_alignment/aam_benchmarks/golden_policy_full_20260907/1837/evaluation.json
1838,True,P_to_R,complete,recovered,False,False,True,13.89850537572056,4.243115205317736,14.18751,355.87890625,recovered,False,,/project/yunhengzou/coordinate_alignment/aam_benchmarks/golden_policy_full_20260907/1838/cuts/aam.pkl.gz,/project/yunhengzou/coordinate_alignment/aam_benchmarks/golden_policy_full_20260907/1838/evaluation.json
1839,True,P_to_R,complete,recovered,True,False,False,0.8278472679667175,0.15521878306753933,1.862686,126.91796875,recovered,True,,/project/yunhengzou/coordinate_alignment/aam_benchmarks/golden_policy_full_20260907/1839/cuts/aam.pkl.gz,/project/yunhengzou/coordinate_alignment/aam_benchmarks/golden_policy_full_20260907/1839/evaluation.json
1840,True,P_to_R,complete,recovered,False,False,True,3.0166158929932863,0.4742690159473568,3.7830630000000003,164.3046875,recovered,False,,/project/yunhengzou/coordinate_alignment/aam_benchmarks/golden_policy_full_20260907/1840/cuts/aam.pkl.gz,/project/yunhengzou/coordinate_alignment/aam_benchmarks/golden_policy_full_20260907/1840/evaluation.json
1841,True,P_to_R,complete,recovered,False,False,True,33.27832320681773,4.9402258661575615,33.247742,723.76171875,recovered,True,,/project/yunhengzou/coordinate_alignment/aam_benchmarks/golden_policy_full_20260907/1841/cuts/aam.pkl.gz,/project/yunhengzou/coordinate_alignment/aam_benchmarks/golden_policy_full_20260907/1841/evaluation.json
1842,True,P_to_R,complete,recovered,False,False,False,2.193964184029028,0.856955141061917,3.232036,143.2578125,recovered,False,,/project/yunhengzou/coordinate_alignment/aam_benchmarks/golden_policy_full_20260907/1842/cuts/aam.pkl.gz,/project/yunhengzou/coordinate_alignment/aam_benchmarks/golden_policy_full_20260907/1842/evaluation.json
1843,True,P_to_R,complete,recovered,False,False,True,28.84129174798727,2.1275379238650203,28.596130000000002,660.41015625,recovered,False,,/project/yunhengzou/coordinate_alignment/aam_benchmarks/golden_policy_full_20260907/1843/cuts/aam.pkl.gz,/project/yunhengzou/coordinate_alignment/aam_benchmarks/golden_policy_full_20260907/1843/evaluation.json
1844,True,P_to_R,complete,recovered,False,False,True,2.685994104947895,0.3979214169085026,3.4997130000000003,157.8671875,recovered,False,,/project/yunhengzou/coordinate_alignment/aam_benchmarks/golden_policy_full_20260907/1844/cuts/aam.pkl.gz,/project/yunhengzou/coordinate_alignment/aam_benchmarks/golden_policy_full_20260907/1844/evaluation.json
1845,True,P_to_R,complete,recovered,False,False,True,4.637272411957383,0.6729825250804424,5.4989159999999995,217.43359375,recovered,False,,/project/yunhengzou/coordinate_alignment/aam_benchmarks/golden_policy_full_20260907/1845/cuts/aam.pkl.gz,/project/yunhengzou/coordinate_alignment/aam_benchmarks/golden_policy_full_20260907/1845/evaluation.json
1846,True,P_to_R,complete,recovered,True,False,False,0.44321498507633805,0.08313079318031669,1.4474390000000001,124.25,recovered,True,,/project/yunhengzou/coordinate_alignment/aam_benchmarks/golden_policy_full_20260907/1846/cuts/aam.pkl.gz,/project/yunhengzou/coordinate_alignment/aam_benchmarks/golden_policy_full_20260907/1846/evaluation.json
1847,True,P_to_R,complete,recovered,False,False,True,0.8015856295824051,0.13748721312731504,1.742575,131.23828125,recovered,False,,/project/yunhengzou/coordinate_alignment/aam_benchmarks/golden_policy_full_20260907/1847/cuts/aam.pkl.gz,/project/yunhengzou/coordinate_alignment/aam_benchmarks/golden_policy_full_20260907/1847/evaluation.json
1848,True,P_to_R,complete,recovered,True,False,False,7.951641556806862,0.8343954365700483,8.65694,176.5625,not_recovered,False,gained,/project/yunhengzou/coordinate_alignment/aam_benchmarks/golden_policy_full_20260907/1848/cuts/aam.pkl.gz,/project/yunhengzou/coordinate_alignment/aam_benchmarks/golden_policy_full_20260907/1848/evaluation.json
1849,True,P_to_R,complete,recovered,False,False,True,30.593050521798432,5.396496007218957,30.349895,662.67578125,recovered,False,,/project/yunhengzou/coordinate_alignment/aam_benchmarks/golden_policy_full_20260907/1849/cuts/aam.pkl.gz,/project/yunhengzou/coordinate_alignment/aam_benchmarks/golden_policy_full_20260907/1849/evaluation.json
1850,True,P_to_R,complete,recovered,True,False,False,0.5018308288417757,0.09508308698423207,1.550863,126.1484375,recovered,True,,/project/yunhengzou/coordinate_alignment/aam_benchmarks/golden_policy_full_20260907/1850/cuts/aam.pkl.gz,/project/yunhengzou/coordinate_alignment/aam_benchmarks/golden_policy_full_20260907/1850/evaluation.json
