index,original_reference_recovery,verified_reference_recovery,original_top1_correct,archive
0,recovered,recovered,False,/project/yunhengzou/coordinate_alignment/aam_benchmarks/golden_completion_20260906/0/aam.json.gz
1,recovered,recovered,False,/project/yunhengzou/coordinate_alignment/aam_benchmarks/golden_full_20260906/1/aam.json.gz
2,recovered,recovered,True,/project/yunhengzou/coordinate_alignment/aam_benchmarks/golden_full_20260906/2/aam.json.gz
3,recovered,recovered,True,/project/yunhengzou/coordinate_alignment/aam_benchmarks/golden_full_20260906/3/aam.json.gz
4,recovered,recovered,True,/project/yunhengzou/coordinate_alignment/aam_benchmarks/golden_full_20260906/4/aam.json.gz
5,recovered,recovered,False,/project/yunhengzou/coordinate_alignment/aam_benchmarks/golden_full_20260906/5/aam.json.gz
6,recovered,recovered,True,/project/yunhengzou/coordinate_alignment/aam_benchmarks/golden_full_20260906/6/aam.json.gz
8,recovered,recovered,False,/project/yunhengzou/coordinate_alignment/aam_benchmarks/golden_full_20260906/8/aam.json.gz
9,recovered,recovered,False,/project/yunhengzou/coordinate_alignment/aam_benchmarks/golden_full_20260906/9/aam.json.gz
10,recovered,recovered,False,/project/yunhengzou/coordinate_alignment/aam_benchmarks/golden_full_20260906/10/aam.json.gz
11,not_recovered,not_recovered,False,/project/yunhengzou/coordinate_alignment/aam_benchmarks/golden_full_20260906/11/aam.json.gz
12,recovered,recovered,False,/project/yunhengzou/coordinate_alignment/aam_benchmarks/golden_full_20260906/12/aam.json.gz
13,recovered,recovered,True,/project/yunhengzou/coordinate_alignment/aam_benchmarks/golden_full_20260906/13/aam.json.gz
14,recovered,recovered,False,/project/yunhengzou/coordinate_alignment/aam_benchmarks/golden_full_20260906/14/aam.json.gz
15,recovered,recovered,True,/project/yunhengzou/coordinate_alignment/aam_benchmarks/golden_full_20260906/15/aam.json.gz
16,not_recovered,not_recovered,False,/project/yunhengzou/coordinate_alignment/aam_benchmarks/golden_full_20260906/16/aam.json.gz
17,recovered,recovered,False,/project/yunhengzou/coordinate_alignment/aam_benchmarks/golden_full_20260906/17/aam.json.gz
18,recovered,recovered,True,/project/yunhengzou/coordinate_alignment/aam_benchmarks/golden_full_20260906/18/aam.json.gz
19,not_recovered,not_recovered,False,/project/yunhengzou/coordinate_alignment/aam_benchmarks/golden_full_20260906/19/aam.json.gz
20,recovered,recovered,False,/project/yunhengzou/coordinate_alignment/aam_benchmarks/golden_full_20260906/20/aam.json.gz
21,not_recovered,not_recovered,False,/project/yunhengzou/coordinate_alignment/aam_benchmarks/golden_full_20260906/21/aam.json.gz
22,recovered,recovered,False,/project/yunhengzou/coordinate_alignment/aam_benchmarks/golden_full_20260906/22/aam.json.gz
23,recovered,recovered,True,/project/yunhengzou/coordinate_alignment/aam_benchmarks/golden_full_20260906/23/aam.json.gz
24,recovered,recovered,True,/project/yunhengzou/coordinate_alignment/aam_benchmarks/golden_full_20260906/24/aam.json.gz
25,recovered,recovered,True,/project/yunhengzou/coordinate_alignment/aam_benchmarks/golden_full_20260906/25/aam.json.gz
26,recovered,recovered,False,/project/yunhengzou/coordinate_alignment/aam_benchmarks/golden_full_20260906/26/aam.json.gz
27,recovered,recovered,False,/project/yunhengzou/coordinate_alignment/aam_benchmarks/golden_full_20260906/27/aam.json.gz
28,recovered,recovered,False,/project/yunhengzou/coordinate_alignment/aam_benchmarks/golden_full_20260906/28/aam.json.gz
29,recovered,recovered,True,/project/yunhengzou/coordinate_alignment/aam_benchmarks/golden_full_20260906/29/aam.json.gz
30,recovered,recovered,False,/project/yunhengzou/coordinate_alignment/aam_benchmarks/golden_full_20260906/30/aam.json.gz
31,recovered,recovered,True,/project/yunhengzou/coordinate_alignment/aam_benchmarks/golden_full_20260906/31/aam.json.gz
32,recovered,recovered,True,/project/yunhengzou/coordinate_alignment/aam_benchmarks/golden_full_20260906/32/aam.json.gz
33,recovered,recovered,False,/project/yunhengzou/coordinate_alignment/aam_benchmarks/golden_full_20260906/33/aam.json.gz
34,recovered,recovered,True,/project/yunhengzou/coordinate_alignment/aam_benchmarks/golden_full_20260906/34/aam.json.gz
35,recovered,recovered,False,/project/yunhengzou/coordinate_alignment/aam_benchmarks/golden_full_20260906/35/aam.json.gz
36,recovered,recovered,False,/project/yunhengzou/coordinate_alignment/aam_benchmarks/golden_full_20260906/36/aam.json.gz
37,recovered,recovered,False,/project/yunhengzou/coordinate_alignment/aam_benchmarks/golden_full_20260906/37/aam.json.gz
38,recovered,recovered,True,/project/yunhengzou/coordinate_alignment/aam_benchmarks/golden_full_20260906/38/aam.json.gz
39,recovered,recovered,False,/project/yunhengzou/coordinate_alignment/aam_benchmarks/golden_full_20260906/39/aam.json.gz
40,recovered,recovered,True,/project/yunhengzou/coordinate_alignment/aam_benchmarks/golden_full_20260906/40/aam.json.gz
41,recovered,recovered,True,/project/yunhengzou/coordinate_alignment/aam_benchmarks/golden_full_20260906/41/aam.json.gz
42,recovered,recovered,True,/project/yunhengzou/coordinate_alignment/aam_benchmarks/golden_full_20260906/42/aam.json.gz
43,recovered,recovered,False,/project/yunhengzou/coordinate_alignment/aam_benchmarks/golden_full_20260906/43/aam.json.gz
44,unknown,not_recovered,False,/project/yunhengzou/coordinate_alignment/aam_benchmarks/golden_full_20260906/44/aam.json.gz
45,not_recovered,not_recovered,False,/project/yunhengzou/coordinate_alignment/aam_benchmarks/golden_full_20260906/45/aam.json.gz
46,recovered,recovered,True,/project/yunhengzou/coordinate_alignment/aam_benchmarks/golden_full_20260906/46/aam.json.gz
47,recovered,recovered,True,/project/yunhengzou/coordinate_alignment/aam_benchmarks/golden_full_20260906/47/aam.json.gz
48,recovered,recovered,False,/project/yunhengzou/coordinate_alignment/aam_benchmarks/golden_full_20260906/48/aam.json.gz
49,recovered,recovered,False,/project/yunhengzou/coordinate_alignment/aam_benchmarks/golden_full_20260906/49/aam.json.gz
50,recovered,recovered,False,/project/yunhengzou/coordinate_alignment/aam_benchmarks/golden_full_20260906/50/aam.json.gz
51,recovered,recovered,False,/project/yunhengzou/coordinate_alignment/aam_benchmarks/golden_full_20260906/51/aam.json.gz
52,recovered,recovered,True,/project/yunhengzou/coordinate_alignment/aam_benchmarks/golden_full_20260906/52/aam.json.gz
53,recovered,recovered,True,/project/yunhengzou/coordinate_alignment/aam_benchmarks/golden_full_20260906/53/aam.json.gz
54,recovered,recovered,True,/project/yunhengzou/coordinate_alignment/aam_benchmarks/golden_full_20260906/54/aam.json.gz
55,recovered,recovered,True,/project/yunhengzou/coordinate_alignment/aam_benchmarks/golden_full_20260906/55/aam.json.gz
56,recovered,recovered,True,/project/yunhengzou/coordinate_alignment/aam_benchmarks/golden_full_20260906/56/aam.json.gz
57,recovered,recovered,True,/project/yunhengzou/coordinate_alignment/aam_benchmarks/golden_full_20260906/57/aam.json.gz
58,recovered,recovered,True,/project/yunhengzou/coordinate_alignment/aam_benchmarks/golden_full_20260906/58/aam.json.gz
59,recovered,recovered,True,/project/yunhengzou/coordinate_alignment/aam_benchmarks/golden_full_20260906/59/aam.json.gz
60,recovered,recovered,True,/project/yunhengzou/coordinate_alignment/aam_benchmarks/golden_full_20260906/60/aam.json.gz
61,recovered,recovered,True,/project/yunhengzou/coordinate_alignment/aam_benchmarks/golden_full_20260906/61/aam.json.gz
62,recovered,recovered,True,/project/yunhengzou/coordinate_alignment/aam_benchmarks/golden_full_20260906/62/aam.json.gz
63,recovered,recovered,True,/project/yunhengzou/coordinate_alignment/aam_benchmarks/golden_full_20260906/63/aam.json.gz
64,recovered,recovered,True,/project/yunhengzou/coordinate_alignment/aam_benchmarks/golden_full_20260906/64/aam.json.gz
65,recovered,recovered,True,/project/yunhengzou/coordinate_alignment/aam_benchmarks/golden_full_20260906/65/aam.json.gz
66,recovered,recovered,False,/project/yunhengzou/coordinate_alignment/aam_benchmarks/golden_full_20260906/66/aam.json.gz
67,recovered,recovered,True,/project/yunhengzou/coordinate_alignment/aam_benchmarks/golden_full_20260906/67/aam.json.gz
68,recovered,recovered,True,/project/yunhengzou/coordinate_alignment/aam_benchmarks/golden_full_20260906/68/aam.json.gz
69,recovered,recovered,False,/project/yunhengzou/coordinate_alignment/aam_benchmarks/golden_full_20260906/69/aam.json.gz
70,recovered,recovered,True,/project/yunhengzou/coordinate_alignment/aam_benchmarks/golden_full_20260906/70/aam.json.gz
71,recovered,recovered,True,/project/yunhengzou/coordinate_alignment/aam_benchmarks/golden_full_20260906/71/aam.json.gz
72,recovered,recovered,True,/project/yunhengzou/coordinate_alignment/aam_benchmarks/golden_full_20260906/72/aam.json.gz
73,recovered,recovered,True,/project/yunhengzou/coordinate_alignment/aam_benchmarks/golden_full_20260906/73/aam.json.gz
74,recovered,recovered,True,/project/yunhengzou/coordinate_alignment/aam_benchmarks/golden_full_20260906/74/aam.json.gz
75,recovered,recovered,True,/project/yunhengzou/coordinate_alignment/aam_benchmarks/golden_full_20260906/75/aam.json.gz
76,recovered,recovered,True,/project/yunhengzou/coordinate_alignment/aam_benchmarks/golden_full_20260906/76/aam.json.gz
77,recovered,recovered,True,/project/yunhengzou/coordinate_alignment/aam_benchmarks/golden_full_20260906/77/aam.json.gz
78,recovered,recovered,True,/project/yunhengzou/coordinate_alignment/aam_benchmarks/golden_full_20260906/78/aam.json.gz
79,recovered,recovered,True,/project/yunhengzou/coordinate_alignment/aam_benchmarks/golden_full_20260906/79/aam.json.gz
80,recovered,recovered,True,/project/yunhengzou/coordinate_alignment/aam_benchmarks/golden_full_20260906/80/aam.json.gz
81,recovered,recovered,True,/project/yunhengzou/coordinate_alignment/aam_benchmarks/golden_full_20260906/81/aam.json.gz
82,recovered,recovered,True,/project/yunhengzou/coordinate_alignment/aam_benchmarks/golden_full_20260906/82/aam.json.gz
83,recovered,recovered,False,/project/yunhengzou/coordinate_alignment/aam_benchmarks/golden_full_20260906/83/aam.json.gz
84,recovered,recovered,True,/project/yunhengzou/coordinate_alignment/aam_benchmarks/golden_full_20260906/84/aam.json.gz
85,recovered,recovered,True,/project/yunhengzou/coordinate_alignment/aam_benchmarks/golden_full_20260906/85/aam.json.gz
86,recovered,recovered,True,/project/yunhengzou/coordinate_alignment/aam_benchmarks/golden_full_20260906/86/aam.json.gz
87,recovered,recovered,True,/project/yunhengzou/coordinate_alignment/aam_benchmarks/golden_full_20260906/87/aam.json.gz
88,recovered,recovered,True,/project/yunhengzou/coordinate_alignment/aam_benchmarks/golden_full_20260906/88/aam.json.gz
89,recovered,recovered,True,/project/yunhengzou/coordinate_alignment/aam_benchmarks/golden_full_20260906/89/aam.json.gz
90,recovered,recovered,True,/project/yunhengzou/coordinate_alignment/aam_benchmarks/golden_full_20260906/90/aam.json.gz
91,recovered,recovered,True,/project/yunhengzou/coordinate_alignment/aam_benchmarks/golden_full_20260906/91/aam.json.gz
92,recovered,recovered,True,/project/yunhengzou/coordinate_alignment/aam_benchmarks/golden_full_20260906/92/aam.json.gz
93,recovered,recovered,True,/project/yunhengzou/coordinate_alignment/aam_benchmarks/golden_full_20260906/93/aam.json.gz
94,recovered,recovered,True,/project/yunhengzou/coordinate_alignment/aam_benchmarks/golden_full_20260906/94/aam.json.gz
95,recovered,recovered,True,/project/yunhengzou/coordinate_alignment/aam_benchmarks/golden_full_20260906/95/aam.json.gz
96,recovered,recovered,True,/project/yunhengzou/coordinate_alignment/aam_benchmarks/golden_full_20260906/96/aam.json.gz
97,recovered,recovered,True,/project/yunhengzou/coordinate_alignment/aam_benchmarks/golden_full_20260906/97/aam.json.gz
98,recovered,recovered,True,/project/yunhengzou/coordinate_alignment/aam_benchmarks/golden_full_20260906/98/aam.json.gz
99,recovered,recovered,True,/project/yunhengzou/coordinate_alignment/aam_benchmarks/golden_full_20260906/99/aam.json.gz
100,recovered,recovered,True,/project/yunhengzou/coordinate_alignment/aam_benchmarks/golden_full_20260906/100/aam.json.gz
101,recovered,recovered,True,/project/yunhengzou/coordinate_alignment/aam_benchmarks/golden_full_20260906/101/aam.json.gz
102,recovered,recovered,True,/project/yunhengzou/coordinate_alignment/aam_benchmarks/golden_full_20260906/102/aam.json.gz
103,recovered,recovered,True,/project/yunhengzou/coordinate_alignment/aam_benchmarks/golden_full_20260906/103/aam.json.gz
104,recovered,recovered,True,/project/yunhengzou/coordinate_alignment/aam_benchmarks/golden_full_20260906/104/aam.json.gz
105,recovered,recovered,True,/project/yunhengzou/coordinate_alignment/aam_benchmarks/golden_full_20260906/105/aam.json.gz
106,recovered,recovered,True,/project/yunhengzou/coordinate_alignment/aam_benchmarks/golden_full_20260906/106/aam.json.gz
107,recovered,recovered,True,/project/yunhengzou/coordinate_alignment/aam_benchmarks/golden_full_20260906/107/aam.json.gz
108,recovered,recovered,True,/project/yunhengzou/coordinate_alignment/aam_benchmarks/golden_full_20260906/108/aam.json.gz
109,recovered,recovered,True,/project/yunhengzou/coordinate_alignment/aam_benchmarks/golden_full_20260906/109/aam.json.gz
110,recovered,recovered,True,/project/yunhengzou/coordinate_alignment/aam_benchmarks/golden_full_20260906/110/aam.json.gz
111,recovered,recovered,True,/project/yunhengzou/coordinate_alignment/aam_benchmarks/golden_full_20260906/111/aam.json.gz
112,recovered,recovered,True,/project/yunhengzou/coordinate_alignment/aam_benchmarks/golden_full_20260906/112/aam.json.gz
113,recovered,recovered,True,/project/yunhengzou/coordinate_alignment/aam_benchmarks/golden_full_20260906/113/aam.json.gz
114,recovered,recovered,True,/project/yunhengzou/coordinate_alignment/aam_benchmarks/golden_full_20260906/114/aam.json.gz
115,recovered,recovered,True,/project/yunhengzou/coordinate_alignment/aam_benchmarks/golden_full_20260906/115/aam.json.gz
116,recovered,recovered,True,/project/yunhengzou/coordinate_alignment/aam_benchmarks/golden_full_20260906/116/aam.json.gz
117,recovered,recovered,True,/project/yunhengzou/coordinate_alignment/aam_benchmarks/golden_full_20260906/117/aam.json.gz
118,recovered,recovered,True,/project/yunhengzou/coordinate_alignment/aam_benchmarks/golden_full_20260906/118/aam.json.gz
119,recovered,recovered,True,/project/yunhengzou/coordinate_alignment/aam_benchmarks/golden_full_20260906/119/aam.json.gz
120,recovered,recovered,True,/project/yunhengzou/coordinate_alignment/aam_benchmarks/golden_full_20260906/120/aam.json.gz
121,recovered,recovered,True,/project/yunhengzou/coordinate_alignment/aam_benchmarks/golden_full_20260906/121/aam.json.gz
122,recovered,recovered,True,/project/yunhengzou/coordinate_alignment/aam_benchmarks/golden_full_20260906/122/aam.json.gz
123,recovered,recovered,False,/project/yunhengzou/coordinate_alignment/aam_benchmarks/golden_full_20260906/123/aam.json.gz
124,unknown,recovered,False,/project/yunhengzou/coordinate_alignment/aam_benchmarks/golden_full_20260906/124/aam.json.gz
125,recovered,recovered,True,/project/yunhengzou/coordinate_alignment/aam_benchmarks/golden_full_20260906/125/aam.json.gz
126,recovered,recovered,True,/project/yunhengzou/coordinate_alignment/aam_benchmarks/golden_full_20260906/126/aam.json.gz
127,recovered,recovered,True,/project/yunhengzou/coordinate_alignment/aam_benchmarks/golden_full_20260906/127/aam.json.gz
128,recovered,recovered,True,/project/yunhengzou/coordinate_alignment/aam_benchmarks/golden_full_20260906/128/aam.json.gz
129,recovered,recovered,True,/project/yunhengzou/coordinate_alignment/aam_benchmarks/golden_full_20260906/129/aam.json.gz
130,not_recovered,not_recovered,False,/project/yunhengzou/coordinate_alignment/aam_benchmarks/golden_full_20260906/130/aam.json.gz
131,recovered,recovered,True,/project/yunhengzou/coordinate_alignment/aam_benchmarks/golden_full_20260906/131/aam.json.gz
132,recovered,recovered,True,/project/yunhengzou/coordinate_alignment/aam_benchmarks/golden_full_20260906/132/aam.json.gz
133,recovered,recovered,True,/project/yunhengzou/coordinate_alignment/aam_benchmarks/golden_full_20260906/133/aam.json.gz
134,recovered,recovered,True,/project/yunhengzou/coordinate_alignment/aam_benchmarks/golden_full_20260906/134/aam.json.gz
135,recovered,recovered,True,/project/yunhengzou/coordinate_alignment/aam_benchmarks/golden_full_20260906/135/aam.json.gz
136,recovered,recovered,True,/project/yunhengzou/coordinate_alignment/aam_benchmarks/golden_full_20260906/136/aam.json.gz
137,recovered,recovered,True,/project/yunhengzou/coordinate_alignment/aam_benchmarks/golden_full_20260906/137/aam.json.gz
138,recovered,recovered,True,/project/yunhengzou/coordinate_alignment/aam_benchmarks/golden_full_20260906/138/aam.json.gz
139,recovered,recovered,False,/project/yunhengzou/coordinate_alignment/aam_benchmarks/golden_full_20260906/139/aam.json.gz
140,recovered,recovered,True,/project/yunhengzou/coordinate_alignment/aam_benchmarks/golden_full_20260906/140/aam.json.gz
141,recovered,recovered,True,/project/yunhengzou/coordinate_alignment/aam_benchmarks/golden_full_20260906/141/aam.json.gz
142,recovered,recovered,True,/project/yunhengzou/coordinate_alignment/aam_benchmarks/golden_full_20260906/142/aam.json.gz
143,recovered,recovered,True,/project/yunhengzou/coordinate_alignment/aam_benchmarks/golden_full_20260906/143/aam.json.gz
144,recovered,recovered,True,/project/yunhengzou/coordinate_alignment/aam_benchmarks/golden_full_20260906/144/aam.json.gz
145,recovered,recovered,True,/project/yunhengzou/coordinate_alignment/aam_benchmarks/golden_full_20260906/145/aam.json.gz
146,recovered,recovered,True,/project/yunhengzou/coordinate_alignment/aam_benchmarks/golden_full_20260906/146/aam.json.gz
147,recovered,recovered,True,/project/yunhengzou/coordinate_alignment/aam_benchmarks/golden_full_20260906/147/aam.json.gz
148,recovered,recovered,True,/project/yunhengzou/coordinate_alignment/aam_benchmarks/golden_full_20260906/148/aam.json.gz
149,recovered,recovered,True,/project/yunhengzou/coordinate_alignment/aam_benchmarks/golden_full_20260906/149/aam.json.gz
150,recovered,recovered,True,/project/yunhengzou/coordinate_alignment/aam_benchmarks/golden_full_20260906/150/aam.json.gz
151,not_recovered,not_recovered,False,/project/yunhengzou/coordinate_alignment/aam_benchmarks/golden_full_20260906/151/aam.json.gz
152,recovered,recovered,True,/project/yunhengzou/coordinate_alignment/aam_benchmarks/golden_full_20260906/152/aam.json.gz
153,recovered,recovered,False,/project/yunhengzou/coordinate_alignment/aam_benchmarks/golden_full_20260906/153/aam.json.gz
154,recovered,recovered,True,/project/yunhengzou/coordinate_alignment/aam_benchmarks/golden_full_20260906/154/aam.json.gz
155,recovered,recovered,False,/project/yunhengzou/coordinate_alignment/aam_benchmarks/golden_full_20260906/155/aam.json.gz
156,recovered,recovered,False,/project/yunhengzou/coordinate_alignment/aam_benchmarks/golden_full_20260906/156/aam.json.gz
157,recovered,recovered,True,/project/yunhengzou/coordinate_alignment/aam_benchmarks/golden_full_20260906/157/aam.json.gz
158,recovered,recovered,True,/project/yunhengzou/coordinate_alignment/aam_benchmarks/golden_full_20260906/158/aam.json.gz
159,recovered,recovered,True,/project/yunhengzou/coordinate_alignment/aam_benchmarks/golden_full_20260906/159/aam.json.gz
160,recovered,recovered,True,/project/yunhengzou/coordinate_alignment/aam_benchmarks/golden_full_20260906/160/aam.json.gz
161,recovered,recovered,True,/project/yunhengzou/coordinate_alignment/aam_benchmarks/golden_full_20260906/161/aam.json.gz
162,recovered,recovered,False,/project/yunhengzou/coordinate_alignment/aam_benchmarks/golden_full_20260906/162/aam.json.gz
163,recovered,recovered,True,/project/yunhengzou/coordinate_alignment/aam_benchmarks/golden_full_20260906/163/aam.json.gz
164,recovered,recovered,True,/project/yunhengzou/coordinate_alignment/aam_benchmarks/golden_full_20260906/164/aam.json.gz
165,recovered,recovered,True,/project/yunhengzou/coordinate_alignment/aam_benchmarks/golden_full_20260906/165/aam.json.gz
166,recovered,recovered,True,/project/yunhengzou/coordinate_alignment/aam_benchmarks/golden_full_20260906/166/aam.json.gz
167,not_recovered,not_recovered,False,/project/yunhengzou/coordinate_alignment/aam_benchmarks/golden_full_20260906/167/aam.json.gz
168,recovered,recovered,True,/project/yunhengzou/coordinate_alignment/aam_benchmarks/golden_full_20260906/168/aam.json.gz
169,recovered,recovered,False,/project/yunhengzou/coordinate_alignment/aam_benchmarks/golden_full_20260906/169/aam.json.gz
170,recovered,recovered,True,/project/yunhengzou/coordinate_alignment/aam_benchmarks/golden_full_20260906/170/aam.json.gz
171,recovered,recovered,True,/project/yunhengzou/coordinate_alignment/aam_benchmarks/golden_full_20260906/171/aam.json.gz
172,recovered,recovered,True,/project/yunhengzou/coordinate_alignment/aam_benchmarks/golden_full_20260906/172/aam.json.gz
173,recovered,recovered,True,/project/yunhengzou/coordinate_alignment/aam_benchmarks/golden_full_20260906/173/aam.json.gz
174,recovered,recovered,True,/project/yunhengzou/coordinate_alignment/aam_benchmarks/golden_full_20260906/174/aam.json.gz
175,recovered,recovered,True,/project/yunhengzou/coordinate_alignment/aam_benchmarks/golden_full_20260906/175/aam.json.gz
176,recovered,recovered,True,/project/yunhengzou/coordinate_alignment/aam_benchmarks/golden_full_20260906/176/aam.json.gz
177,recovered,recovered,True,/project/yunhengzou/coordinate_alignment/aam_benchmarks/golden_full_20260906/177/aam.json.gz
178,recovered,recovered,True,/project/yunhengzou/coordinate_alignment/aam_benchmarks/golden_full_20260906/178/aam.json.gz
179,recovered,recovered,True,/project/yunhengzou/coordinate_alignment/aam_benchmarks/golden_full_20260906/179/aam.json.gz
180,recovered,recovered,True,/project/yunhengzou/coordinate_alignment/aam_benchmarks/golden_full_20260906/180/aam.json.gz
181,recovered,recovered,False,/project/yunhengzou/coordinate_alignment/aam_benchmarks/golden_full_20260906/181/aam.json.gz
182,recovered,recovered,True,/project/yunhengzou/coordinate_alignment/aam_benchmarks/golden_full_20260906/182/aam.json.gz
183,recovered,recovered,True,/project/yunhengzou/coordinate_alignment/aam_benchmarks/golden_full_20260906/183/aam.json.gz
184,recovered,recovered,False,/project/yunhengzou/coordinate_alignment/aam_benchmarks/golden_full_20260906/184/aam.json.gz
185,recovered,recovered,True,/project/yunhengzou/coordinate_alignment/aam_benchmarks/golden_full_20260906/185/aam.json.gz
186,recovered,recovered,False,/project/yunhengzou/coordinate_alignment/aam_benchmarks/golden_full_20260906/186/aam.json.gz
187,recovered,recovered,True,/project/yunhengzou/coordinate_alignment/aam_benchmarks/golden_full_20260906/187/aam.json.gz
188,recovered,recovered,True,/project/yunhengzou/coordinate_alignment/aam_benchmarks/golden_full_20260906/188/aam.json.gz
189,recovered,recovered,True,/project/yunhengzou/coordinate_alignment/aam_benchmarks/golden_full_20260906/189/aam.json.gz
190,recovered,recovered,True,/project/yunhengzou/coordinate_alignment/aam_benchmarks/golden_full_20260906/190/aam.json.gz
191,recovered,recovered,True,/project/yunhengzou/coordinate_alignment/aam_benchmarks/golden_full_20260906/191/aam.json.gz
192,recovered,recovered,True,/project/yunhengzou/coordinate_alignment/aam_benchmarks/golden_full_20260906/192/aam.json.gz
193,recovered,recovered,True,/project/yunhengzou/coordinate_alignment/aam_benchmarks/golden_full_20260906/193/aam.json.gz
194,recovered,recovered,False,/project/yunhengzou/coordinate_alignment/aam_benchmarks/golden_full_20260906/194/aam.json.gz
195,recovered,recovered,True,/project/yunhengzou/coordinate_alignment/aam_benchmarks/golden_full_20260906/195/aam.json.gz
196,recovered,recovered,True,/project/yunhengzou/coordinate_alignment/aam_benchmarks/golden_full_20260906/196/aam.json.gz
197,recovered,recovered,False,/project/yunhengzou/coordinate_alignment/aam_benchmarks/golden_full_20260906/197/aam.json.gz
198,recovered,recovered,True,/project/yunhengzou/coordinate_alignment/aam_benchmarks/golden_full_20260906/198/aam.json.gz
199,recovered,recovered,True,/project/yunhengzou/coordinate_alignment/aam_benchmarks/golden_full_20260906/199/aam.json.gz
200,recovered,recovered,True,/project/yunhengzou/coordinate_alignment/aam_benchmarks/golden_full_20260906/200/aam.json.gz
201,recovered,recovered,True,/project/yunhengzou/coordinate_alignment/aam_benchmarks/golden_full_20260906/201/aam.json.gz
202,not_recovered,not_recovered,False,/project/yunhengzou/coordinate_alignment/aam_benchmarks/golden_full_20260906/202/aam.json.gz
203,recovered,recovered,True,/project/yunhengzou/coordinate_alignment/aam_benchmarks/golden_full_20260906/203/aam.json.gz
204,recovered,recovered,True,/project/yunhengzou/coordinate_alignment/aam_benchmarks/golden_full_20260906/204/aam.json.gz
205,recovered,recovered,True,/project/yunhengzou/coordinate_alignment/aam_benchmarks/golden_full_20260906/205/aam.json.gz
206,recovered,recovered,True,/project/yunhengzou/coordinate_alignment/aam_benchmarks/golden_full_20260906/206/aam.json.gz
207,recovered,recovered,True,/project/yunhengzou/coordinate_alignment/aam_benchmarks/golden_full_20260906/207/aam.json.gz
208,recovered,recovered,True,/project/yunhengzou/coordinate_alignment/aam_benchmarks/golden_full_20260906/208/aam.json.gz
209,recovered,recovered,True,/project/yunhengzou/coordinate_alignment/aam_benchmarks/golden_full_20260906/209/aam.json.gz
210,recovered,recovered,True,/project/yunhengzou/coordinate_alignment/aam_benchmarks/golden_full_20260906/210/aam.json.gz
211,recovered,recovered,True,/project/yunhengzou/coordinate_alignment/aam_benchmarks/golden_full_20260906/211/aam.json.gz
212,recovered,recovered,True,/project/yunhengzou/coordinate_alignment/aam_benchmarks/golden_full_20260906/212/aam.json.gz
213,recovered,recovered,True,/project/yunhengzou/coordinate_alignment/aam_benchmarks/golden_full_20260906/213/aam.json.gz
214,recovered,recovered,True,/project/yunhengzou/coordinate_alignment/aam_benchmarks/golden_full_20260906/214/aam.json.gz
215,recovered,recovered,True,/project/yunhengzou/coordinate_alignment/aam_benchmarks/golden_full_20260906/215/aam.json.gz
216,recovered,recovered,True,/project/yunhengzou/coordinate_alignment/aam_benchmarks/golden_full_20260906/216/aam.json.gz
217,recovered,recovered,True,/project/yunhengzou/coordinate_alignment/aam_benchmarks/golden_full_20260906/217/aam.json.gz
218,recovered,recovered,True,/project/yunhengzou/coordinate_alignment/aam_benchmarks/golden_full_20260906/218/aam.json.gz
219,recovered,recovered,True,/project/yunhengzou/coordinate_alignment/aam_benchmarks/golden_full_20260906/219/aam.json.gz
220,recovered,recovered,True,/project/yunhengzou/coordinate_alignment/aam_benchmarks/golden_full_20260906/220/aam.json.gz
221,recovered,recovered,True,/project/yunhengzou/coordinate_alignment/aam_benchmarks/golden_full_20260906/221/aam.json.gz
222,recovered,recovered,True,/project/yunhengzou/coordinate_alignment/aam_benchmarks/golden_full_20260906/222/aam.json.gz
223,recovered,recovered,True,/project/yunhengzou/coordinate_alignment/aam_benchmarks/golden_full_20260906/223/aam.json.gz
224,recovered,recovered,True,/project/yunhengzou/coordinate_alignment/aam_benchmarks/golden_full_20260906/224/aam.json.gz
225,recovered,recovered,True,/project/yunhengzou/coordinate_alignment/aam_benchmarks/golden_full_20260906/225/aam.json.gz
226,recovered,recovered,True,/project/yunhengzou/coordinate_alignment/aam_benchmarks/golden_full_20260906/226/aam.json.gz
227,recovered,recovered,True,/project/yunhengzou/coordinate_alignment/aam_benchmarks/golden_full_20260906/227/aam.json.gz
228,recovered,recovered,True,/project/yunhengzou/coordinate_alignment/aam_benchmarks/golden_full_20260906/228/aam.json.gz
229,recovered,recovered,True,/project/yunhengzou/coordinate_alignment/aam_benchmarks/golden_full_20260906/229/aam.json.gz
230,recovered,recovered,True,/project/yunhengzou/coordinate_alignment/aam_benchmarks/golden_full_20260906/230/aam.json.gz
231,recovered,recovered,True,/project/yunhengzou/coordinate_alignment/aam_benchmarks/golden_full_20260906/231/aam.json.gz
232,recovered,recovered,True,/project/yunhengzou/coordinate_alignment/aam_benchmarks/golden_full_20260906/232/aam.json.gz
233,recovered,recovered,True,/project/yunhengzou/coordinate_alignment/aam_benchmarks/golden_full_20260906/233/aam.json.gz
234,recovered,recovered,True,/project/yunhengzou/coordinate_alignment/aam_benchmarks/golden_full_20260906/234/aam.json.gz
235,recovered,recovered,True,/project/yunhengzou/coordinate_alignment/aam_benchmarks/golden_full_20260906/235/aam.json.gz
236,recovered,recovered,False,/project/yunhengzou/coordinate_alignment/aam_benchmarks/golden_full_20260906/236/aam.json.gz
237,recovered,recovered,True,/project/yunhengzou/coordinate_alignment/aam_benchmarks/golden_full_20260906/237/aam.json.gz
238,unknown,recovered,False,/project/yunhengzou/coordinate_alignment/aam_benchmarks/golden_full_20260906/238/aam.json.gz
239,recovered,recovered,True,/project/yunhengzou/coordinate_alignment/aam_benchmarks/golden_full_20260906/239/aam.json.gz
240,recovered,recovered,True,/project/yunhengzou/coordinate_alignment/aam_benchmarks/golden_full_20260906/240/aam.json.gz
241,recovered,recovered,True,/project/yunhengzou/coordinate_alignment/aam_benchmarks/golden_full_20260906/241/aam.json.gz
242,recovered,recovered,True,/project/yunhengzou/coordinate_alignment/aam_benchmarks/golden_full_20260906/242/aam.json.gz
243,recovered,recovered,True,/project/yunhengzou/coordinate_alignment/aam_benchmarks/golden_full_20260906/243/aam.json.gz
244,recovered,recovered,True,/project/yunhengzou/coordinate_alignment/aam_benchmarks/golden_full_20260906/244/aam.json.gz
245,recovered,recovered,True,/project/yunhengzou/coordinate_alignment/aam_benchmarks/golden_full_20260906/245/aam.json.gz
246,recovered,recovered,False,/project/yunhengzou/coordinate_alignment/aam_benchmarks/golden_full_20260906/246/aam.json.gz
247,recovered,recovered,True,/project/yunhengzou/coordinate_alignment/aam_benchmarks/golden_full_20260906/247/aam.json.gz
248,recovered,recovered,True,/project/yunhengzou/coordinate_alignment/aam_benchmarks/golden_full_20260906/248/aam.json.gz
249,recovered,recovered,True,/project/yunhengzou/coordinate_alignment/aam_benchmarks/golden_full_20260906/249/aam.json.gz
250,recovered,recovered,True,/project/yunhengzou/coordinate_alignment/aam_benchmarks/golden_full_20260906/250/aam.json.gz
251,recovered,recovered,True,/project/yunhengzou/coordinate_alignment/aam_benchmarks/golden_full_20260906/251/aam.json.gz
252,recovered,recovered,True,/project/yunhengzou/coordinate_alignment/aam_benchmarks/golden_full_20260906/252/aam.json.gz
253,recovered,recovered,True,/project/yunhengzou/coordinate_alignment/aam_benchmarks/golden_full_20260906/253/aam.json.gz
254,recovered,recovered,True,/project/yunhengzou/coordinate_alignment/aam_benchmarks/golden_full_20260906/254/aam.json.gz
255,recovered,recovered,True,/project/yunhengzou/coordinate_alignment/aam_benchmarks/golden_full_20260906/255/aam.json.gz
256,recovered,recovered,True,/project/yunhengzou/coordinate_alignment/aam_benchmarks/golden_full_20260906/256/aam.json.gz
257,recovered,recovered,True,/project/yunhengzou/coordinate_alignment/aam_benchmarks/golden_full_20260906/257/aam.json.gz
258,recovered,recovered,True,/project/yunhengzou/coordinate_alignment/aam_benchmarks/golden_full_20260906/258/aam.json.gz
259,recovered,recovered,True,/project/yunhengzou/coordinate_alignment/aam_benchmarks/golden_full_20260906/259/aam.json.gz
260,recovered,recovered,True,/project/yunhengzou/coordinate_alignment/aam_benchmarks/golden_full_20260906/260/aam.json.gz
261,recovered,recovered,True,/project/yunhengzou/coordinate_alignment/aam_benchmarks/golden_full_20260906/261/aam.json.gz
262,recovered,recovered,True,/project/yunhengzou/coordinate_alignment/aam_benchmarks/golden_full_20260906/262/aam.json.gz
263,recovered,recovered,True,/project/yunhengzou/coordinate_alignment/aam_benchmarks/golden_full_20260906/263/aam.json.gz
264,recovered,recovered,True,/project/yunhengzou/coordinate_alignment/aam_benchmarks/golden_full_20260906/264/aam.json.gz
265,recovered,recovered,True,/project/yunhengzou/coordinate_alignment/aam_benchmarks/golden_full_20260906/265/aam.json.gz
266,recovered,recovered,True,/project/yunhengzou/coordinate_alignment/aam_benchmarks/golden_full_20260906/266/aam.json.gz
267,recovered,recovered,True,/project/yunhengzou/coordinate_alignment/aam_benchmarks/golden_full_20260906/267/aam.json.gz
268,not_recovered,not_recovered,False,/project/yunhengzou/coordinate_alignment/aam_benchmarks/golden_full_20260906/268/aam.json.gz
269,recovered,recovered,True,/project/yunhengzou/coordinate_alignment/aam_benchmarks/golden_full_20260906/269/aam.json.gz
270,recovered,recovered,True,/project/yunhengzou/coordinate_alignment/aam_benchmarks/golden_full_20260906/270/aam.json.gz
271,recovered,recovered,True,/project/yunhengzou/coordinate_alignment/aam_benchmarks/golden_full_20260906/271/aam.json.gz
272,recovered,recovered,True,/project/yunhengzou/coordinate_alignment/aam_benchmarks/golden_full_20260906/272/aam.json.gz
273,recovered,recovered,True,/project/yunhengzou/coordinate_alignment/aam_benchmarks/golden_full_20260906/273/aam.json.gz
274,recovered,recovered,True,/project/yunhengzou/coordinate_alignment/aam_benchmarks/golden_full_20260906/274/aam.json.gz
275,recovered,recovered,True,/project/yunhengzou/coordinate_alignment/aam_benchmarks/golden_full_20260906/275/aam.json.gz
276,recovered,recovered,False,/project/yunhengzou/coordinate_alignment/aam_benchmarks/golden_full_20260906/276/aam.json.gz
277,recovered,recovered,True,/project/yunhengzou/coordinate_alignment/aam_benchmarks/golden_full_20260906/277/aam.json.gz
278,recovered,recovered,True,/project/yunhengzou/coordinate_alignment/aam_benchmarks/golden_full_20260906/278/aam.json.gz
279,recovered,recovered,True,/project/yunhengzou/coordinate_alignment/aam_benchmarks/golden_full_20260906/279/aam.json.gz
280,recovered,recovered,True,/project/yunhengzou/coordinate_alignment/aam_benchmarks/golden_full_20260906/280/aam.json.gz
281,recovered,recovered,True,/project/yunhengzou/coordinate_alignment/aam_benchmarks/golden_full_20260906/281/aam.json.gz
282,recovered,recovered,True,/project/yunhengzou/coordinate_alignment/aam_benchmarks/golden_full_20260906/282/aam.json.gz
283,recovered,recovered,True,/project/yunhengzou/coordinate_alignment/aam_benchmarks/golden_full_20260906/283/aam.json.gz
284,recovered,recovered,True,/project/yunhengzou/coordinate_alignment/aam_benchmarks/golden_full_20260906/284/aam.json.gz
285,recovered,recovered,True,/project/yunhengzou/coordinate_alignment/aam_benchmarks/golden_full_20260906/285/aam.json.gz
286,recovered,recovered,True,/project/yunhengzou/coordinate_alignment/aam_benchmarks/golden_full_20260906/286/aam.json.gz
287,recovered,recovered,True,/project/yunhengzou/coordinate_alignment/aam_benchmarks/golden_full_20260906/287/aam.json.gz
288,recovered,recovered,True,/project/yunhengzou/coordinate_alignment/aam_benchmarks/golden_full_20260906/288/aam.json.gz
289,recovered,recovered,True,/project/yunhengzou/coordinate_alignment/aam_benchmarks/golden_full_20260906/289/aam.json.gz
290,recovered,recovered,True,/project/yunhengzou/coordinate_alignment/aam_benchmarks/golden_full_20260906/290/aam.json.gz
291,recovered,recovered,True,/project/yunhengzou/coordinate_alignment/aam_benchmarks/golden_full_20260906/291/aam.json.gz
292,recovered,recovered,True,/project/yunhengzou/coordinate_alignment/aam_benchmarks/golden_full_20260906/292/aam.json.gz
293,recovered,recovered,True,/project/yunhengzou/coordinate_alignment/aam_benchmarks/golden_full_20260906/293/aam.json.gz
294,recovered,recovered,True,/project/yunhengzou/coordinate_alignment/aam_benchmarks/golden_full_20260906/294/aam.json.gz
295,recovered,recovered,True,/project/yunhengzou/coordinate_alignment/aam_benchmarks/golden_full_20260906/295/aam.json.gz
296,recovered,recovered,True,/project/yunhengzou/coordinate_alignment/aam_benchmarks/golden_full_20260906/296/aam.json.gz
297,recovered,recovered,False,/project/yunhengzou/coordinate_alignment/aam_benchmarks/golden_full_20260906/297/aam.json.gz
298,recovered,recovered,True,/project/yunhengzou/coordinate_alignment/aam_benchmarks/golden_full_20260906/298/aam.json.gz
299,recovered,recovered,True,/project/yunhengzou/coordinate_alignment/aam_benchmarks/golden_full_20260906/299/aam.json.gz
300,recovered,recovered,True,/project/yunhengzou/coordinate_alignment/aam_benchmarks/golden_full_20260906/300/aam.json.gz
301,recovered,recovered,True,/project/yunhengzou/coordinate_alignment/aam_benchmarks/golden_full_20260906/301/aam.json.gz
302,recovered,recovered,True,/project/yunhengzou/coordinate_alignment/aam_benchmarks/golden_full_20260906/302/aam.json.gz
303,recovered,recovered,True,/project/yunhengzou/coordinate_alignment/aam_benchmarks/golden_full_20260906/303/aam.json.gz
304,recovered,recovered,True,/project/yunhengzou/coordinate_alignment/aam_benchmarks/golden_full_20260906/304/aam.json.gz
305,recovered,recovered,True,/project/yunhengzou/coordinate_alignment/aam_benchmarks/golden_full_20260906/305/aam.json.gz
306,recovered,recovered,True,/project/yunhengzou/coordinate_alignment/aam_benchmarks/golden_full_20260906/306/aam.json.gz
307,recovered,recovered,True,/project/yunhengzou/coordinate_alignment/aam_benchmarks/golden_full_20260906/307/aam.json.gz
308,recovered,recovered,True,/project/yunhengzou/coordinate_alignment/aam_benchmarks/golden_full_20260906/308/aam.json.gz
309,recovered,recovered,True,/project/yunhengzou/coordinate_alignment/aam_benchmarks/golden_full_20260906/309/aam.json.gz
310,recovered,recovered,True,/project/yunhengzou/coordinate_alignment/aam_benchmarks/golden_full_20260906/310/aam.json.gz
311,recovered,recovered,True,/project/yunhengzou/coordinate_alignment/aam_benchmarks/golden_full_20260906/311/aam.json.gz
312,recovered,recovered,True,/project/yunhengzou/coordinate_alignment/aam_benchmarks/golden_full_20260906/312/aam.json.gz
313,recovered,recovered,True,/project/yunhengzou/coordinate_alignment/aam_benchmarks/golden_full_20260906/313/aam.json.gz
314,recovered,recovered,True,/project/yunhengzou/coordinate_alignment/aam_benchmarks/golden_full_20260906/314/aam.json.gz
315,recovered,recovered,True,/project/yunhengzou/coordinate_alignment/aam_benchmarks/golden_full_20260906/315/aam.json.gz
316,recovered,recovered,True,/project/yunhengzou/coordinate_alignment/aam_benchmarks/golden_full_20260906/316/aam.json.gz
317,recovered,recovered,True,/project/yunhengzou/coordinate_alignment/aam_benchmarks/golden_full_20260906/317/aam.json.gz
318,recovered,recovered,True,/project/yunhengzou/coordinate_alignment/aam_benchmarks/golden_full_20260906/318/aam.json.gz
319,recovered,recovered,True,/project/yunhengzou/coordinate_alignment/aam_benchmarks/golden_full_20260906/319/aam.json.gz
320,recovered,recovered,True,/project/yunhengzou/coordinate_alignment/aam_benchmarks/golden_full_20260906/320/aam.json.gz
321,recovered,recovered,False,/project/yunhengzou/coordinate_alignment/aam_benchmarks/golden_full_20260906/321/aam.json.gz
322,recovered,recovered,True,/project/yunhengzou/coordinate_alignment/aam_benchmarks/golden_full_20260906/322/aam.json.gz
323,recovered,recovered,True,/project/yunhengzou/coordinate_alignment/aam_benchmarks/golden_full_20260906/323/aam.json.gz
324,recovered,recovered,True,/project/yunhengzou/coordinate_alignment/aam_benchmarks/golden_full_20260906/324/aam.json.gz
325,recovered,recovered,True,/project/yunhengzou/coordinate_alignment/aam_benchmarks/golden_full_20260906/325/aam.json.gz
326,recovered,recovered,True,/project/yunhengzou/coordinate_alignment/aam_benchmarks/golden_full_20260906/326/aam.json.gz
327,recovered,recovered,True,/project/yunhengzou/coordinate_alignment/aam_benchmarks/golden_full_20260906/327/aam.json.gz
328,recovered,recovered,True,/project/yunhengzou/coordinate_alignment/aam_benchmarks/golden_full_20260906/328/aam.json.gz
329,recovered,recovered,True,/project/yunhengzou/coordinate_alignment/aam_benchmarks/golden_full_20260906/329/aam.json.gz
330,recovered,recovered,True,/project/yunhengzou/coordinate_alignment/aam_benchmarks/golden_full_20260906/330/aam.json.gz
331,recovered,recovered,True,/project/yunhengzou/coordinate_alignment/aam_benchmarks/golden_full_20260906/331/aam.json.gz
332,recovered,recovered,True,/project/yunhengzou/coordinate_alignment/aam_benchmarks/golden_full_20260906/332/aam.json.gz
333,recovered,recovered,True,/project/yunhengzou/coordinate_alignment/aam_benchmarks/golden_full_20260906/333/aam.json.gz
334,recovered,recovered,True,/project/yunhengzou/coordinate_alignment/aam_benchmarks/golden_full_20260906/334/aam.json.gz
335,recovered,recovered,True,/project/yunhengzou/coordinate_alignment/aam_benchmarks/golden_full_20260906/335/aam.json.gz
336,recovered,recovered,True,/project/yunhengzou/coordinate_alignment/aam_benchmarks/golden_full_20260906/336/aam.json.gz
337,recovered,recovered,True,/project/yunhengzou/coordinate_alignment/aam_benchmarks/golden_full_20260906/337/aam.json.gz
338,recovered,recovered,True,/project/yunhengzou/coordinate_alignment/aam_benchmarks/golden_full_20260906/338/aam.json.gz
339,recovered,recovered,True,/project/yunhengzou/coordinate_alignment/aam_benchmarks/golden_full_20260906/339/aam.json.gz
340,recovered,recovered,True,/project/yunhengzou/coordinate_alignment/aam_benchmarks/golden_full_20260906/340/aam.json.gz
341,recovered,recovered,True,/project/yunhengzou/coordinate_alignment/aam_benchmarks/golden_full_20260906/341/aam.json.gz
342,recovered,recovered,True,/project/yunhengzou/coordinate_alignment/aam_benchmarks/golden_full_20260906/342/aam.json.gz
343,recovered,recovered,True,/project/yunhengzou/coordinate_alignment/aam_benchmarks/golden_full_20260906/343/aam.json.gz
344,recovered,recovered,True,/project/yunhengzou/coordinate_alignment/aam_benchmarks/golden_full_20260906/344/aam.json.gz
345,recovered,recovered,True,/project/yunhengzou/coordinate_alignment/aam_benchmarks/golden_full_20260906/345/aam.json.gz
346,recovered,recovered,True,/project/yunhengzou/coordinate_alignment/aam_benchmarks/golden_full_20260906/346/aam.json.gz
347,recovered,recovered,True,/project/yunhengzou/coordinate_alignment/aam_benchmarks/golden_full_20260906/347/aam.json.gz
348,recovered,recovered,True,/project/yunhengzou/coordinate_alignment/aam_benchmarks/golden_full_20260906/348/aam.json.gz
349,recovered,recovered,True,/project/yunhengzou/coordinate_alignment/aam_benchmarks/golden_full_20260906/349/aam.json.gz
350,recovered,recovered,True,/project/yunhengzou/coordinate_alignment/aam_benchmarks/golden_full_20260906/350/aam.json.gz
351,recovered,recovered,False,/project/yunhengzou/coordinate_alignment/aam_benchmarks/golden_full_20260906/351/aam.json.gz
352,recovered,recovered,True,/project/yunhengzou/coordinate_alignment/aam_benchmarks/golden_full_20260906/352/aam.json.gz
353,recovered,recovered,True,/project/yunhengzou/coordinate_alignment/aam_benchmarks/golden_full_20260906/353/aam.json.gz
354,recovered,recovered,True,/project/yunhengzou/coordinate_alignment/aam_benchmarks/golden_full_20260906/354/aam.json.gz
355,recovered,recovered,True,/project/yunhengzou/coordinate_alignment/aam_benchmarks/golden_full_20260906/355/aam.json.gz
356,recovered,recovered,True,/project/yunhengzou/coordinate_alignment/aam_benchmarks/golden_full_20260906/356/aam.json.gz
357,recovered,recovered,False,/project/yunhengzou/coordinate_alignment/aam_benchmarks/golden_full_20260906/357/aam.json.gz
358,recovered,recovered,True,/project/yunhengzou/coordinate_alignment/aam_benchmarks/golden_full_20260906/358/aam.json.gz
359,recovered,recovered,True,/project/yunhengzou/coordinate_alignment/aam_benchmarks/golden_full_20260906/359/aam.json.gz
360,recovered,recovered,True,/project/yunhengzou/coordinate_alignment/aam_benchmarks/golden_full_20260906/360/aam.json.gz
361,recovered,recovered,True,/project/yunhengzou/coordinate_alignment/aam_benchmarks/golden_full_20260906/361/aam.json.gz
362,recovered,recovered,True,/project/yunhengzou/coordinate_alignment/aam_benchmarks/golden_full_20260906/362/aam.json.gz
363,recovered,recovered,True,/project/yunhengzou/coordinate_alignment/aam_benchmarks/golden_full_20260906/363/aam.json.gz
364,recovered,recovered,True,/project/yunhengzou/coordinate_alignment/aam_benchmarks/golden_full_20260906/364/aam.json.gz
365,recovered,recovered,True,/project/yunhengzou/coordinate_alignment/aam_benchmarks/golden_full_20260906/365/aam.json.gz
366,recovered,recovered,True,/project/yunhengzou/coordinate_alignment/aam_benchmarks/golden_full_20260906/366/aam.json.gz
367,recovered,recovered,True,/project/yunhengzou/coordinate_alignment/aam_benchmarks/golden_full_20260906/367/aam.json.gz
368,recovered,recovered,True,/project/yunhengzou/coordinate_alignment/aam_benchmarks/golden_full_20260906/368/aam.json.gz
369,recovered,recovered,True,/project/yunhengzou/coordinate_alignment/aam_benchmarks/golden_full_20260906/369/aam.json.gz
370,recovered,recovered,True,/project/yunhengzou/coordinate_alignment/aam_benchmarks/golden_full_20260906/370/aam.json.gz
371,recovered,recovered,True,/project/yunhengzou/coordinate_alignment/aam_benchmarks/golden_full_20260906/371/aam.json.gz
372,recovered,recovered,True,/project/yunhengzou/coordinate_alignment/aam_benchmarks/golden_completion_20260906/372/aam.json.gz
373,recovered,recovered,True,/project/yunhengzou/coordinate_alignment/aam_benchmarks/golden_full_20260906/373/aam.json.gz
374,recovered,recovered,True,/project/yunhengzou/coordinate_alignment/aam_benchmarks/golden_full_20260906/374/aam.json.gz
375,recovered,recovered,True,/project/yunhengzou/coordinate_alignment/aam_benchmarks/golden_full_20260906/375/aam.json.gz
376,recovered,recovered,True,/project/yunhengzou/coordinate_alignment/aam_benchmarks/golden_full_20260906/376/aam.json.gz
377,recovered,recovered,True,/project/yunhengzou/coordinate_alignment/aam_benchmarks/golden_full_20260906/377/aam.json.gz
378,recovered,recovered,False,/project/yunhengzou/coordinate_alignment/aam_benchmarks/golden_full_20260906/378/aam.json.gz
379,recovered,recovered,True,/project/yunhengzou/coordinate_alignment/aam_benchmarks/golden_full_20260906/379/aam.json.gz
380,recovered,recovered,True,/project/yunhengzou/coordinate_alignment/aam_benchmarks/golden_full_20260906/380/aam.json.gz
381,recovered,recovered,False,/project/yunhengzou/coordinate_alignment/aam_benchmarks/golden_full_20260906/381/aam.json.gz
382,recovered,recovered,True,/project/yunhengzou/coordinate_alignment/aam_benchmarks/golden_full_20260906/382/aam.json.gz
383,recovered,recovered,True,/project/yunhengzou/coordinate_alignment/aam_benchmarks/golden_full_20260906/383/aam.json.gz
384,recovered,recovered,True,/project/yunhengzou/coordinate_alignment/aam_benchmarks/golden_full_20260906/384/aam.json.gz
385,recovered,recovered,True,/project/yunhengzou/coordinate_alignment/aam_benchmarks/golden_full_20260906/385/aam.json.gz
386,recovered,recovered,False,/project/yunhengzou/coordinate_alignment/aam_benchmarks/golden_full_20260906/386/aam.json.gz
387,recovered,recovered,True,/project/yunhengzou/coordinate_alignment/aam_benchmarks/golden_full_20260906/387/aam.json.gz
388,recovered,recovered,False,/project/yunhengzou/coordinate_alignment/aam_benchmarks/golden_full_20260906/388/aam.json.gz
389,recovered,recovered,True,/project/yunhengzou/coordinate_alignment/aam_benchmarks/golden_full_20260906/389/aam.json.gz
390,recovered,recovered,False,/project/yunhengzou/coordinate_alignment/aam_benchmarks/golden_full_20260906/390/aam.json.gz
391,recovered,recovered,True,/project/yunhengzou/coordinate_alignment/aam_benchmarks/golden_full_20260906/391/aam.json.gz
392,recovered,recovered,True,/project/yunhengzou/coordinate_alignment/aam_benchmarks/golden_full_20260906/392/aam.json.gz
393,recovered,recovered,True,/project/yunhengzou/coordinate_alignment/aam_benchmarks/golden_full_20260906/393/aam.json.gz
394,recovered,recovered,False,/project/yunhengzou/coordinate_alignment/aam_benchmarks/golden_full_20260906/394/aam.json.gz
395,recovered,recovered,True,/project/yunhengzou/coordinate_alignment/aam_benchmarks/golden_full_20260906/395/aam.json.gz
396,recovered,recovered,True,/project/yunhengzou/coordinate_alignment/aam_benchmarks/golden_full_20260906/396/aam.json.gz
397,recovered,recovered,True,/project/yunhengzou/coordinate_alignment/aam_benchmarks/golden_full_20260906/397/aam.json.gz
398,recovered,recovered,True,/project/yunhengzou/coordinate_alignment/aam_benchmarks/golden_full_20260906/398/aam.json.gz
399,recovered,recovered,True,/project/yunhengzou/coordinate_alignment/aam_benchmarks/golden_full_20260906/399/aam.json.gz
400,recovered,recovered,True,/project/yunhengzou/coordinate_alignment/aam_benchmarks/golden_full_20260906/400/aam.json.gz
401,recovered,recovered,False,/project/yunhengzou/coordinate_alignment/aam_benchmarks/golden_full_20260906/401/aam.json.gz
402,recovered,recovered,True,/project/yunhengzou/coordinate_alignment/aam_benchmarks/golden_full_20260906/402/aam.json.gz
403,recovered,recovered,True,/project/yunhengzou/coordinate_alignment/aam_benchmarks/golden_completion_20260906/403/aam.json.gz
404,recovered,recovered,True,/project/yunhengzou/coordinate_alignment/aam_benchmarks/golden_full_20260906/404/aam.json.gz
405,recovered,recovered,True,/project/yunhengzou/coordinate_alignment/aam_benchmarks/golden_full_20260906/405/aam.json.gz
406,recovered,recovered,True,/project/yunhengzou/coordinate_alignment/aam_benchmarks/golden_full_20260906/406/aam.json.gz
407,recovered,recovered,True,/project/yunhengzou/coordinate_alignment/aam_benchmarks/golden_full_20260906/407/aam.json.gz
408,recovered,recovered,True,/project/yunhengzou/coordinate_alignment/aam_benchmarks/golden_full_20260906/408/aam.json.gz
409,recovered,recovered,True,/project/yunhengzou/coordinate_alignment/aam_benchmarks/golden_full_20260906/409/aam.json.gz
410,recovered,recovered,False,/project/yunhengzou/coordinate_alignment/aam_benchmarks/golden_completion_20260906/410/aam.json.gz
411,not_recovered,not_recovered,False,/project/yunhengzou/coordinate_alignment/aam_benchmarks/golden_completion_20260906/411/aam.json.gz
412,recovered,recovered,True,/project/yunhengzou/coordinate_alignment/aam_benchmarks/golden_full_20260906/412/aam.json.gz
413,recovered,recovered,True,/project/yunhengzou/coordinate_alignment/aam_benchmarks/golden_full_20260906/413/aam.json.gz
414,recovered,recovered,True,/project/yunhengzou/coordinate_alignment/aam_benchmarks/golden_full_20260906/414/aam.json.gz
415,recovered,recovered,True,/project/yunhengzou/coordinate_alignment/aam_benchmarks/golden_full_20260906/415/aam.json.gz
416,recovered,recovered,True,/project/yunhengzou/coordinate_alignment/aam_benchmarks/golden_full_20260906/416/aam.json.gz
417,recovered,recovered,True,/project/yunhengzou/coordinate_alignment/aam_benchmarks/golden_full_20260906/417/aam.json.gz
418,recovered,recovered,True,/project/yunhengzou/coordinate_alignment/aam_benchmarks/golden_full_20260906/418/aam.json.gz
419,recovered,recovered,True,/project/yunhengzou/coordinate_alignment/aam_benchmarks/golden_full_20260906/419/aam.json.gz
420,recovered,recovered,True,/project/yunhengzou/coordinate_alignment/aam_benchmarks/golden_full_20260906/420/aam.json.gz
421,recovered,recovered,True,/project/yunhengzou/coordinate_alignment/aam_benchmarks/golden_full_20260906/421/aam.json.gz
422,recovered,recovered,True,/project/yunhengzou/coordinate_alignment/aam_benchmarks/golden_full_20260906/422/aam.json.gz
423,recovered,recovered,True,/project/yunhengzou/coordinate_alignment/aam_benchmarks/golden_full_20260906/423/aam.json.gz
424,recovered,recovered,True,/project/yunhengzou/coordinate_alignment/aam_benchmarks/golden_full_20260906/424/aam.json.gz
425,recovered,recovered,True,/project/yunhengzou/coordinate_alignment/aam_benchmarks/golden_full_20260906/425/aam.json.gz
426,recovered,recovered,True,/project/yunhengzou/coordinate_alignment/aam_benchmarks/golden_full_20260906/426/aam.json.gz
427,recovered,recovered,True,/project/yunhengzou/coordinate_alignment/aam_benchmarks/golden_full_20260906/427/aam.json.gz
428,recovered,recovered,True,/project/yunhengzou/coordinate_alignment/aam_benchmarks/golden_full_20260906/428/aam.json.gz
429,recovered,recovered,True,/project/yunhengzou/coordinate_alignment/aam_benchmarks/golden_full_20260906/429/aam.json.gz
430,recovered,recovered,True,/project/yunhengzou/coordinate_alignment/aam_benchmarks/golden_full_20260906/430/aam.json.gz
431,recovered,recovered,True,/project/yunhengzou/coordinate_alignment/aam_benchmarks/golden_full_20260906/431/aam.json.gz
432,recovered,recovered,True,/project/yunhengzou/coordinate_alignment/aam_benchmarks/golden_full_20260906/432/aam.json.gz
433,recovered,recovered,True,/project/yunhengzou/coordinate_alignment/aam_benchmarks/golden_full_20260906/433/aam.json.gz
434,recovered,recovered,True,/project/yunhengzou/coordinate_alignment/aam_benchmarks/golden_full_20260906/434/aam.json.gz
435,recovered,recovered,True,/project/yunhengzou/coordinate_alignment/aam_benchmarks/golden_full_20260906/435/aam.json.gz
436,recovered,recovered,True,/project/yunhengzou/coordinate_alignment/aam_benchmarks/golden_full_20260906/436/aam.json.gz
437,recovered,recovered,True,/project/yunhengzou/coordinate_alignment/aam_benchmarks/golden_full_20260906/437/aam.json.gz
438,recovered,recovered,True,/project/yunhengzou/coordinate_alignment/aam_benchmarks/golden_full_20260906/438/aam.json.gz
439,recovered,recovered,True,/project/yunhengzou/coordinate_alignment/aam_benchmarks/golden_full_20260906/439/aam.json.gz
440,recovered,recovered,True,/project/yunhengzou/coordinate_alignment/aam_benchmarks/golden_full_20260906/440/aam.json.gz
441,recovered,recovered,True,/project/yunhengzou/coordinate_alignment/aam_benchmarks/golden_full_20260906/441/aam.json.gz
442,recovered,recovered,True,/project/yunhengzou/coordinate_alignment/aam_benchmarks/golden_full_20260906/442/aam.json.gz
443,recovered,recovered,False,/project/yunhengzou/coordinate_alignment/aam_benchmarks/golden_full_20260906/443/aam.json.gz
444,recovered,recovered,True,/project/yunhengzou/coordinate_alignment/aam_benchmarks/golden_completion_20260906/444/aam.json.gz
445,recovered,recovered,True,/project/yunhengzou/coordinate_alignment/aam_benchmarks/golden_full_20260906/445/aam.json.gz
446,recovered,recovered,False,/project/yunhengzou/coordinate_alignment/aam_benchmarks/golden_full_20260906/446/aam.json.gz
447,recovered,recovered,False,/project/yunhengzou/coordinate_alignment/aam_benchmarks/golden_full_20260906/447/aam.json.gz
448,recovered,recovered,True,/project/yunhengzou/coordinate_alignment/aam_benchmarks/golden_full_20260906/448/aam.json.gz
449,recovered,recovered,True,/project/yunhengzou/coordinate_alignment/aam_benchmarks/golden_full_20260906/449/aam.json.gz
450,recovered,recovered,True,/project/yunhengzou/coordinate_alignment/aam_benchmarks/golden_full_20260906/450/aam.json.gz
451,recovered,recovered,True,/project/yunhengzou/coordinate_alignment/aam_benchmarks/golden_full_20260906/451/aam.json.gz
452,recovered,recovered,True,/project/yunhengzou/coordinate_alignment/aam_benchmarks/golden_full_20260906/452/aam.json.gz
453,recovered,recovered,True,/project/yunhengzou/coordinate_alignment/aam_benchmarks/golden_full_20260906/453/aam.json.gz
454,recovered,recovered,True,/project/yunhengzou/coordinate_alignment/aam_benchmarks/golden_full_20260906/454/aam.json.gz
455,recovered,recovered,True,/project/yunhengzou/coordinate_alignment/aam_benchmarks/golden_full_20260906/455/aam.json.gz
456,recovered,recovered,True,/project/yunhengzou/coordinate_alignment/aam_benchmarks/golden_full_20260906/456/aam.json.gz
457,recovered,recovered,False,/project/yunhengzou/coordinate_alignment/aam_benchmarks/golden_full_20260906/457/aam.json.gz
458,recovered,recovered,True,/project/yunhengzou/coordinate_alignment/aam_benchmarks/golden_full_20260906/458/aam.json.gz
459,recovered,recovered,True,/project/yunhengzou/coordinate_alignment/aam_benchmarks/golden_full_20260906/459/aam.json.gz
460,recovered,recovered,True,/project/yunhengzou/coordinate_alignment/aam_benchmarks/golden_full_20260906/460/aam.json.gz
461,recovered,recovered,True,/project/yunhengzou/coordinate_alignment/aam_benchmarks/golden_full_20260906/461/aam.json.gz
462,recovered,recovered,True,/project/yunhengzou/coordinate_alignment/aam_benchmarks/golden_full_20260906/462/aam.json.gz
463,recovered,recovered,True,/project/yunhengzou/coordinate_alignment/aam_benchmarks/golden_full_20260906/463/aam.json.gz
464,recovered,recovered,True,/project/yunhengzou/coordinate_alignment/aam_benchmarks/golden_full_20260906/464/aam.json.gz
465,recovered,recovered,True,/project/yunhengzou/coordinate_alignment/aam_benchmarks/golden_full_20260906/465/aam.json.gz
466,recovered,recovered,True,/project/yunhengzou/coordinate_alignment/aam_benchmarks/golden_full_20260906/466/aam.json.gz
467,recovered,recovered,True,/project/yunhengzou/coordinate_alignment/aam_benchmarks/golden_full_20260906/467/aam.json.gz
468,recovered,recovered,True,/project/yunhengzou/coordinate_alignment/aam_benchmarks/golden_full_20260906/468/aam.json.gz
469,recovered,recovered,True,/project/yunhengzou/coordinate_alignment/aam_benchmarks/golden_full_20260906/469/aam.json.gz
470,recovered,recovered,True,/project/yunhengzou/coordinate_alignment/aam_benchmarks/golden_full_20260906/470/aam.json.gz
471,recovered,recovered,True,/project/yunhengzou/coordinate_alignment/aam_benchmarks/golden_full_20260906/471/aam.json.gz
472,recovered,recovered,True,/project/yunhengzou/coordinate_alignment/aam_benchmarks/golden_full_20260906/472/aam.json.gz
473,recovered,recovered,True,/project/yunhengzou/coordinate_alignment/aam_benchmarks/golden_full_20260906/473/aam.json.gz
474,recovered,recovered,True,/project/yunhengzou/coordinate_alignment/aam_benchmarks/golden_full_20260906/474/aam.json.gz
475,recovered,recovered,True,/project/yunhengzou/coordinate_alignment/aam_benchmarks/golden_full_20260906/475/aam.json.gz
476,recovered,recovered,True,/project/yunhengzou/coordinate_alignment/aam_benchmarks/golden_full_20260906/476/aam.json.gz
477,recovered,recovered,True,/project/yunhengzou/coordinate_alignment/aam_benchmarks/golden_full_20260906/477/aam.json.gz
478,recovered,recovered,True,/project/yunhengzou/coordinate_alignment/aam_benchmarks/golden_full_20260906/478/aam.json.gz
479,recovered,recovered,True,/project/yunhengzou/coordinate_alignment/aam_benchmarks/golden_full_20260906/479/aam.json.gz
480,recovered,recovered,False,/project/yunhengzou/coordinate_alignment/aam_benchmarks/golden_full_20260906/480/aam.json.gz
481,recovered,recovered,True,/project/yunhengzou/coordinate_alignment/aam_benchmarks/golden_full_20260906/481/aam.json.gz
482,recovered,recovered,True,/project/yunhengzou/coordinate_alignment/aam_benchmarks/golden_full_20260906/482/aam.json.gz
483,recovered,recovered,False,/project/yunhengzou/coordinate_alignment/aam_benchmarks/golden_full_20260906/483/aam.json.gz
484,recovered,recovered,True,/project/yunhengzou/coordinate_alignment/aam_benchmarks/golden_full_20260906/484/aam.json.gz
485,recovered,recovered,True,/project/yunhengzou/coordinate_alignment/aam_benchmarks/golden_full_20260906/485/aam.json.gz
486,recovered,recovered,True,/project/yunhengzou/coordinate_alignment/aam_benchmarks/golden_full_20260906/486/aam.json.gz
487,recovered,recovered,True,/project/yunhengzou/coordinate_alignment/aam_benchmarks/golden_full_20260906/487/aam.json.gz
488,recovered,recovered,True,/project/yunhengzou/coordinate_alignment/aam_benchmarks/golden_full_20260906/488/aam.json.gz
489,recovered,recovered,True,/project/yunhengzou/coordinate_alignment/aam_benchmarks/golden_full_20260906/489/aam.json.gz
490,recovered,recovered,True,/project/yunhengzou/coordinate_alignment/aam_benchmarks/golden_full_20260906/490/aam.json.gz
491,recovered,recovered,True,/project/yunhengzou/coordinate_alignment/aam_benchmarks/golden_full_20260906/491/aam.json.gz
492,recovered,recovered,True,/project/yunhengzou/coordinate_alignment/aam_benchmarks/golden_full_20260906/492/aam.json.gz
493,recovered,recovered,True,/project/yunhengzou/coordinate_alignment/aam_benchmarks/golden_full_20260906/493/aam.json.gz
494,recovered,recovered,False,/project/yunhengzou/coordinate_alignment/aam_benchmarks/golden_full_20260906/494/aam.json.gz
495,recovered,recovered,True,/project/yunhengzou/coordinate_alignment/aam_benchmarks/golden_full_20260906/495/aam.json.gz
496,recovered,recovered,True,/project/yunhengzou/coordinate_alignment/aam_benchmarks/golden_full_20260906/496/aam.json.gz
497,recovered,recovered,True,/project/yunhengzou/coordinate_alignment/aam_benchmarks/golden_full_20260906/497/aam.json.gz
498,recovered,recovered,True,/project/yunhengzou/coordinate_alignment/aam_benchmarks/golden_full_20260906/498/aam.json.gz
499,recovered,recovered,True,/project/yunhengzou/coordinate_alignment/aam_benchmarks/golden_full_20260906/499/aam.json.gz
500,recovered,recovered,True,/project/yunhengzou/coordinate_alignment/aam_benchmarks/golden_full_20260906/500/aam.json.gz
501,recovered,recovered,True,/project/yunhengzou/coordinate_alignment/aam_benchmarks/golden_full_20260906/501/aam.json.gz
502,recovered,recovered,True,/project/yunhengzou/coordinate_alignment/aam_benchmarks/golden_full_20260906/502/aam.json.gz
503,recovered,recovered,True,/project/yunhengzou/coordinate_alignment/aam_benchmarks/golden_full_20260906/503/aam.json.gz
504,recovered,recovered,True,/project/yunhengzou/coordinate_alignment/aam_benchmarks/golden_full_20260906/504/aam.json.gz
505,recovered,recovered,True,/project/yunhengzou/coordinate_alignment/aam_benchmarks/golden_full_20260906/505/aam.json.gz
506,recovered,recovered,True,/project/yunhengzou/coordinate_alignment/aam_benchmarks/golden_full_20260906/506/aam.json.gz
507,recovered,recovered,True,/project/yunhengzou/coordinate_alignment/aam_benchmarks/golden_full_20260906/507/aam.json.gz
508,recovered,recovered,True,/project/yunhengzou/coordinate_alignment/aam_benchmarks/golden_full_20260906/508/aam.json.gz
509,recovered,recovered,True,/project/yunhengzou/coordinate_alignment/aam_benchmarks/golden_full_20260906/509/aam.json.gz
510,recovered,recovered,True,/project/yunhengzou/coordinate_alignment/aam_benchmarks/golden_full_20260906/510/aam.json.gz
511,recovered,recovered,True,/project/yunhengzou/coordinate_alignment/aam_benchmarks/golden_full_20260906/511/aam.json.gz
512,recovered,recovered,True,/project/yunhengzou/coordinate_alignment/aam_benchmarks/golden_full_20260906/512/aam.json.gz
513,recovered,recovered,True,/project/yunhengzou/coordinate_alignment/aam_benchmarks/golden_full_20260906/513/aam.json.gz
514,recovered,recovered,True,/project/yunhengzou/coordinate_alignment/aam_benchmarks/golden_full_20260906/514/aam.json.gz
515,recovered,recovered,True,/project/yunhengzou/coordinate_alignment/aam_benchmarks/golden_full_20260906/515/aam.json.gz
516,recovered,recovered,True,/project/yunhengzou/coordinate_alignment/aam_benchmarks/golden_full_20260906/516/aam.json.gz
517,recovered,recovered,True,/project/yunhengzou/coordinate_alignment/aam_benchmarks/golden_full_20260906/517/aam.json.gz
518,recovered,recovered,True,/project/yunhengzou/coordinate_alignment/aam_benchmarks/golden_full_20260906/518/aam.json.gz
519,recovered,recovered,True,/project/yunhengzou/coordinate_alignment/aam_benchmarks/golden_full_20260906/519/aam.json.gz
520,recovered,recovered,True,/project/yunhengzou/coordinate_alignment/aam_benchmarks/golden_full_20260906/520/aam.json.gz
521,recovered,recovered,True,/project/yunhengzou/coordinate_alignment/aam_benchmarks/golden_full_20260906/521/aam.json.gz
522,recovered,recovered,True,/project/yunhengzou/coordinate_alignment/aam_benchmarks/golden_full_20260906/522/aam.json.gz
523,recovered,recovered,True,/project/yunhengzou/coordinate_alignment/aam_benchmarks/golden_full_20260906/523/aam.json.gz
524,recovered,recovered,True,/project/yunhengzou/coordinate_alignment/aam_benchmarks/golden_full_20260906/524/aam.json.gz
525,recovered,recovered,True,/project/yunhengzou/coordinate_alignment/aam_benchmarks/golden_full_20260906/525/aam.json.gz
526,recovered,recovered,True,/project/yunhengzou/coordinate_alignment/aam_benchmarks/golden_full_20260906/526/aam.json.gz
527,recovered,recovered,True,/project/yunhengzou/coordinate_alignment/aam_benchmarks/golden_full_20260906/527/aam.json.gz
528,recovered,recovered,True,/project/yunhengzou/coordinate_alignment/aam_benchmarks/golden_full_20260906/528/aam.json.gz
529,recovered,recovered,True,/project/yunhengzou/coordinate_alignment/aam_benchmarks/golden_full_20260906/529/aam.json.gz
530,recovered,recovered,True,/project/yunhengzou/coordinate_alignment/aam_benchmarks/golden_full_20260906/530/aam.json.gz
531,recovered,recovered,True,/project/yunhengzou/coordinate_alignment/aam_benchmarks/golden_full_20260906/531/aam.json.gz
532,recovered,recovered,False,/project/yunhengzou/coordinate_alignment/aam_benchmarks/golden_full_20260906/532/aam.json.gz
533,recovered,recovered,False,/project/yunhengzou/coordinate_alignment/aam_benchmarks/golden_full_20260906/533/aam.json.gz
534,recovered,recovered,False,/project/yunhengzou/coordinate_alignment/aam_benchmarks/golden_full_20260906/534/aam.json.gz
535,recovered,recovered,False,/project/yunhengzou/coordinate_alignment/aam_benchmarks/golden_full_20260906/535/aam.json.gz
536,recovered,recovered,True,/project/yunhengzou/coordinate_alignment/aam_benchmarks/golden_full_20260906/536/aam.json.gz
537,recovered,recovered,True,/project/yunhengzou/coordinate_alignment/aam_benchmarks/golden_full_20260906/537/aam.json.gz
538,recovered,recovered,True,/project/yunhengzou/coordinate_alignment/aam_benchmarks/golden_full_20260906/538/aam.json.gz
539,recovered,recovered,True,/project/yunhengzou/coordinate_alignment/aam_benchmarks/golden_full_20260906/539/aam.json.gz
540,recovered,recovered,True,/project/yunhengzou/coordinate_alignment/aam_benchmarks/golden_full_20260906/540/aam.json.gz
541,recovered,recovered,True,/project/yunhengzou/coordinate_alignment/aam_benchmarks/golden_full_20260906/541/aam.json.gz
542,not_recovered,not_recovered,False,/project/yunhengzou/coordinate_alignment/aam_benchmarks/golden_full_20260906/542/aam.json.gz
543,recovered,recovered,True,/project/yunhengzou/coordinate_alignment/aam_benchmarks/golden_full_20260906/543/aam.json.gz
544,recovered,recovered,True,/project/yunhengzou/coordinate_alignment/aam_benchmarks/golden_full_20260906/544/aam.json.gz
545,recovered,recovered,True,/project/yunhengzou/coordinate_alignment/aam_benchmarks/golden_full_20260906/545/aam.json.gz
546,recovered,recovered,True,/project/yunhengzou/coordinate_alignment/aam_benchmarks/golden_full_20260906/546/aam.json.gz
547,recovered,recovered,True,/project/yunhengzou/coordinate_alignment/aam_benchmarks/golden_full_20260906/547/aam.json.gz
548,recovered,recovered,True,/project/yunhengzou/coordinate_alignment/aam_benchmarks/golden_full_20260906/548/aam.json.gz
549,recovered,recovered,True,/project/yunhengzou/coordinate_alignment/aam_benchmarks/golden_full_20260906/549/aam.json.gz
550,recovered,recovered,True,/project/yunhengzou/coordinate_alignment/aam_benchmarks/golden_full_20260906/550/aam.json.gz
551,recovered,recovered,True,/project/yunhengzou/coordinate_alignment/aam_benchmarks/golden_full_20260906/551/aam.json.gz
552,recovered,recovered,True,/project/yunhengzou/coordinate_alignment/aam_benchmarks/golden_full_20260906/552/aam.json.gz
553,recovered,recovered,True,/project/yunhengzou/coordinate_alignment/aam_benchmarks/golden_full_20260906/553/aam.json.gz
554,recovered,recovered,True,/project/yunhengzou/coordinate_alignment/aam_benchmarks/golden_full_20260906/554/aam.json.gz
555,recovered,recovered,True,/project/yunhengzou/coordinate_alignment/aam_benchmarks/golden_full_20260906/555/aam.json.gz
556,recovered,recovered,True,/project/yunhengzou/coordinate_alignment/aam_benchmarks/golden_full_20260906/556/aam.json.gz
557,recovered,recovered,True,/project/yunhengzou/coordinate_alignment/aam_benchmarks/golden_full_20260906/557/aam.json.gz
558,recovered,recovered,True,/project/yunhengzou/coordinate_alignment/aam_benchmarks/golden_full_20260906/558/aam.json.gz
559,recovered,recovered,True,/project/yunhengzou/coordinate_alignment/aam_benchmarks/golden_full_20260906/559/aam.json.gz
560,recovered,recovered,True,/project/yunhengzou/coordinate_alignment/aam_benchmarks/golden_full_20260906/560/aam.json.gz
561,recovered,recovered,True,/project/yunhengzou/coordinate_alignment/aam_benchmarks/golden_full_20260906/561/aam.json.gz
562,recovered,recovered,True,/project/yunhengzou/coordinate_alignment/aam_benchmarks/golden_full_20260906/562/aam.json.gz
563,recovered,recovered,True,/project/yunhengzou/coordinate_alignment/aam_benchmarks/golden_full_20260906/563/aam.json.gz
564,recovered,recovered,False,/project/yunhengzou/coordinate_alignment/aam_benchmarks/golden_full_20260906/564/aam.json.gz
565,recovered,recovered,False,/project/yunhengzou/coordinate_alignment/aam_benchmarks/golden_full_20260906/565/aam.json.gz
566,recovered,recovered,False,/project/yunhengzou/coordinate_alignment/aam_benchmarks/golden_full_20260906/566/aam.json.gz
567,recovered,recovered,True,/project/yunhengzou/coordinate_alignment/aam_benchmarks/golden_full_20260906/567/aam.json.gz
568,recovered,recovered,True,/project/yunhengzou/coordinate_alignment/aam_benchmarks/golden_full_20260906/568/aam.json.gz
569,recovered,recovered,True,/project/yunhengzou/coordinate_alignment/aam_benchmarks/golden_full_20260906/569/aam.json.gz
570,recovered,recovered,False,/project/yunhengzou/coordinate_alignment/aam_benchmarks/golden_full_20260906/570/aam.json.gz
571,recovered,recovered,True,/project/yunhengzou/coordinate_alignment/aam_benchmarks/golden_full_20260906/571/aam.json.gz
572,recovered,recovered,False,/project/yunhengzou/coordinate_alignment/aam_benchmarks/golden_full_20260906/572/aam.json.gz
573,recovered,recovered,True,/project/yunhengzou/coordinate_alignment/aam_benchmarks/golden_full_20260906/573/aam.json.gz
574,recovered,recovered,False,/project/yunhengzou/coordinate_alignment/aam_benchmarks/golden_full_20260906/574/aam.json.gz
575,recovered,recovered,True,/project/yunhengzou/coordinate_alignment/aam_benchmarks/golden_full_20260906/575/aam.json.gz
576,not_recovered,not_recovered,False,/project/yunhengzou/coordinate_alignment/aam_benchmarks/golden_full_20260906/576/aam.json.gz
577,recovered,recovered,True,/project/yunhengzou/coordinate_alignment/aam_benchmarks/golden_full_20260906/577/aam.json.gz
578,recovered,recovered,True,/project/yunhengzou/coordinate_alignment/aam_benchmarks/golden_full_20260906/578/aam.json.gz
579,recovered,recovered,True,/project/yunhengzou/coordinate_alignment/aam_benchmarks/golden_full_20260906/579/aam.json.gz
580,recovered,recovered,True,/project/yunhengzou/coordinate_alignment/aam_benchmarks/golden_full_20260906/580/aam.json.gz
581,recovered,recovered,True,/project/yunhengzou/coordinate_alignment/aam_benchmarks/golden_full_20260906/581/aam.json.gz
582,recovered,recovered,True,/project/yunhengzou/coordinate_alignment/aam_benchmarks/golden_full_20260906/582/aam.json.gz
583,recovered,recovered,False,/project/yunhengzou/coordinate_alignment/aam_benchmarks/golden_full_20260906/583/aam.json.gz
584,recovered,recovered,True,/project/yunhengzou/coordinate_alignment/aam_benchmarks/golden_full_20260906/584/aam.json.gz
585,recovered,recovered,True,/project/yunhengzou/coordinate_alignment/aam_benchmarks/golden_full_20260906/585/aam.json.gz
586,recovered,recovered,True,/project/yunhengzou/coordinate_alignment/aam_benchmarks/golden_full_20260906/586/aam.json.gz
587,recovered,recovered,False,/project/yunhengzou/coordinate_alignment/aam_benchmarks/golden_full_20260906/587/aam.json.gz
588,recovered,recovered,False,/project/yunhengzou/coordinate_alignment/aam_benchmarks/golden_full_20260906/588/aam.json.gz
589,recovered,recovered,True,/project/yunhengzou/coordinate_alignment/aam_benchmarks/golden_full_20260906/589/aam.json.gz
590,not_recovered,not_recovered,False,/project/yunhengzou/coordinate_alignment/aam_benchmarks/golden_completion_20260906/590/aam.json.gz
591,recovered,recovered,True,/project/yunhengzou/coordinate_alignment/aam_benchmarks/golden_full_20260906/591/aam.json.gz
592,recovered,recovered,True,/project/yunhengzou/coordinate_alignment/aam_benchmarks/golden_full_20260906/592/aam.json.gz
593,recovered,recovered,True,/project/yunhengzou/coordinate_alignment/aam_benchmarks/golden_full_20260906/593/aam.json.gz
594,recovered,recovered,True,/project/yunhengzou/coordinate_alignment/aam_benchmarks/golden_full_20260906/594/aam.json.gz
595,recovered,recovered,True,/project/yunhengzou/coordinate_alignment/aam_benchmarks/golden_full_20260906/595/aam.json.gz
596,recovered,recovered,True,/project/yunhengzou/coordinate_alignment/aam_benchmarks/golden_full_20260906/596/aam.json.gz
597,recovered,recovered,True,/project/yunhengzou/coordinate_alignment/aam_benchmarks/golden_full_20260906/597/aam.json.gz
598,recovered,recovered,False,/project/yunhengzou/coordinate_alignment/aam_benchmarks/golden_full_20260906/598/aam.json.gz
599,recovered,recovered,False,/project/yunhengzou/coordinate_alignment/aam_benchmarks/golden_full_20260906/599/aam.json.gz
600,recovered,recovered,True,/project/yunhengzou/coordinate_alignment/aam_benchmarks/golden_full_20260906/600/aam.json.gz
601,recovered,recovered,False,/project/yunhengzou/coordinate_alignment/aam_benchmarks/golden_full_20260906/601/aam.json.gz
602,not_recovered,not_recovered,False,/project/yunhengzou/coordinate_alignment/aam_benchmarks/golden_full_20260906/602/aam.json.gz
603,not_recovered,not_recovered,False,/project/yunhengzou/coordinate_alignment/aam_benchmarks/golden_full_20260906/603/aam.json.gz
604,recovered,recovered,True,/project/yunhengzou/coordinate_alignment/aam_benchmarks/golden_full_20260906/604/aam.json.gz
605,recovered,recovered,False,/project/yunhengzou/coordinate_alignment/aam_benchmarks/golden_full_20260906/605/aam.json.gz
606,recovered,recovered,True,/project/yunhengzou/coordinate_alignment/aam_benchmarks/golden_full_20260906/606/aam.json.gz
607,recovered,recovered,True,/project/yunhengzou/coordinate_alignment/aam_benchmarks/golden_completion_20260906/607/aam.json.gz
608,recovered,recovered,True,/project/yunhengzou/coordinate_alignment/aam_benchmarks/golden_full_20260906/608/aam.json.gz
609,recovered,recovered,True,/project/yunhengzou/coordinate_alignment/aam_benchmarks/golden_full_20260906/609/aam.json.gz
610,recovered,recovered,False,/project/yunhengzou/coordinate_alignment/aam_benchmarks/golden_full_20260906/610/aam.json.gz
611,recovered,recovered,False,/project/yunhengzou/coordinate_alignment/aam_benchmarks/golden_full_20260906/611/aam.json.gz
612,recovered,recovered,True,/project/yunhengzou/coordinate_alignment/aam_benchmarks/golden_full_20260906/612/aam.json.gz
613,recovered,recovered,True,/project/yunhengzou/coordinate_alignment/aam_benchmarks/golden_full_20260906/613/aam.json.gz
614,recovered,recovered,True,/project/yunhengzou/coordinate_alignment/aam_benchmarks/golden_full_20260906/614/aam.json.gz
615,recovered,recovered,True,/project/yunhengzou/coordinate_alignment/aam_benchmarks/golden_full_20260906/615/aam.json.gz
616,recovered,recovered,True,/project/yunhengzou/coordinate_alignment/aam_benchmarks/golden_full_20260906/616/aam.json.gz
617,recovered,recovered,True,/project/yunhengzou/coordinate_alignment/aam_benchmarks/golden_full_20260906/617/aam.json.gz
618,recovered,recovered,True,/project/yunhengzou/coordinate_alignment/aam_benchmarks/golden_full_20260906/618/aam.json.gz
619,recovered,recovered,True,/project/yunhengzou/coordinate_alignment/aam_benchmarks/golden_completion_20260906/619/aam.json.gz
620,recovered,recovered,True,/project/yunhengzou/coordinate_alignment/aam_benchmarks/golden_full_20260906/620/aam.json.gz
621,recovered,recovered,True,/project/yunhengzou/coordinate_alignment/aam_benchmarks/golden_full_20260906/621/aam.json.gz
622,recovered,recovered,True,/project/yunhengzou/coordinate_alignment/aam_benchmarks/golden_completion_20260906/622/aam.json.gz
623,recovered,recovered,True,/project/yunhengzou/coordinate_alignment/aam_benchmarks/golden_full_20260906/623/aam.json.gz
624,recovered,recovered,False,/project/yunhengzou/coordinate_alignment/aam_benchmarks/golden_full_20260906/624/aam.json.gz
625,recovered,recovered,True,/project/yunhengzou/coordinate_alignment/aam_benchmarks/golden_full_20260906/625/aam.json.gz
626,recovered,recovered,True,/project/yunhengzou/coordinate_alignment/aam_benchmarks/golden_full_20260906/626/aam.json.gz
627,recovered,recovered,True,/project/yunhengzou/coordinate_alignment/aam_benchmarks/golden_full_20260906/627/aam.json.gz
628,recovered,recovered,True,/project/yunhengzou/coordinate_alignment/aam_benchmarks/golden_full_20260906/628/aam.json.gz
629,recovered,recovered,False,/project/yunhengzou/coordinate_alignment/aam_benchmarks/golden_full_20260906/629/aam.json.gz
630,recovered,recovered,True,/project/yunhengzou/coordinate_alignment/aam_benchmarks/golden_full_20260906/630/aam.json.gz
631,recovered,recovered,True,/project/yunhengzou/coordinate_alignment/aam_benchmarks/golden_full_20260906/631/aam.json.gz
632,recovered,recovered,True,/project/yunhengzou/coordinate_alignment/aam_benchmarks/golden_full_20260906/632/aam.json.gz
633,recovered,recovered,True,/project/yunhengzou/coordinate_alignment/aam_benchmarks/golden_full_20260906/633/aam.json.gz
634,recovered,recovered,True,/project/yunhengzou/coordinate_alignment/aam_benchmarks/golden_full_20260906/634/aam.json.gz
635,recovered,recovered,True,/project/yunhengzou/coordinate_alignment/aam_benchmarks/golden_full_20260906/635/aam.json.gz
636,recovered,recovered,True,/project/yunhengzou/coordinate_alignment/aam_benchmarks/golden_full_20260906/636/aam.json.gz
637,recovered,recovered,True,/project/yunhengzou/coordinate_alignment/aam_benchmarks/golden_full_20260906/637/aam.json.gz
638,recovered,recovered,True,/project/yunhengzou/coordinate_alignment/aam_benchmarks/golden_full_20260906/638/aam.json.gz
639,recovered,recovered,True,/project/yunhengzou/coordinate_alignment/aam_benchmarks/golden_full_20260906/639/aam.json.gz
640,recovered,recovered,True,/project/yunhengzou/coordinate_alignment/aam_benchmarks/golden_full_20260906/640/aam.json.gz
641,recovered,recovered,True,/project/yunhengzou/coordinate_alignment/aam_benchmarks/golden_full_20260906/641/aam.json.gz
642,recovered,recovered,True,/project/yunhengzou/coordinate_alignment/aam_benchmarks/golden_completion_20260906/642/aam.json.gz
643,recovered,recovered,True,/project/yunhengzou/coordinate_alignment/aam_benchmarks/golden_full_20260906/643/aam.json.gz
644,recovered,recovered,True,/project/yunhengzou/coordinate_alignment/aam_benchmarks/golden_full_20260906/644/aam.json.gz
645,recovered,recovered,True,/project/yunhengzou/coordinate_alignment/aam_benchmarks/golden_full_20260906/645/aam.json.gz
646,recovered,recovered,True,/project/yunhengzou/coordinate_alignment/aam_benchmarks/golden_full_20260906/646/aam.json.gz
647,recovered,recovered,True,/project/yunhengzou/coordinate_alignment/aam_benchmarks/golden_full_20260906/647/aam.json.gz
648,recovered,recovered,True,/project/yunhengzou/coordinate_alignment/aam_benchmarks/golden_full_20260906/648/aam.json.gz
649,recovered,recovered,True,/project/yunhengzou/coordinate_alignment/aam_benchmarks/golden_full_20260906/649/aam.json.gz
650,recovered,recovered,True,/project/yunhengzou/coordinate_alignment/aam_benchmarks/golden_full_20260906/650/aam.json.gz
651,recovered,recovered,True,/project/yunhengzou/coordinate_alignment/aam_benchmarks/golden_full_20260906/651/aam.json.gz
652,recovered,recovered,True,/project/yunhengzou/coordinate_alignment/aam_benchmarks/golden_full_20260906/652/aam.json.gz
653,recovered,recovered,True,/project/yunhengzou/coordinate_alignment/aam_benchmarks/golden_full_20260906/653/aam.json.gz
654,recovered,recovered,False,/project/yunhengzou/coordinate_alignment/aam_benchmarks/golden_full_20260906/654/aam.json.gz
655,recovered,recovered,True,/project/yunhengzou/coordinate_alignment/aam_benchmarks/golden_full_20260906/655/aam.json.gz
656,recovered,recovered,False,/project/yunhengzou/coordinate_alignment/aam_benchmarks/golden_full_20260906/656/aam.json.gz
657,recovered,recovered,True,/project/yunhengzou/coordinate_alignment/aam_benchmarks/golden_full_20260906/657/aam.json.gz
658,recovered,recovered,True,/project/yunhengzou/coordinate_alignment/aam_benchmarks/golden_full_20260906/658/aam.json.gz
659,recovered,recovered,True,/project/yunhengzou/coordinate_alignment/aam_benchmarks/golden_full_20260906/659/aam.json.gz
660,recovered,recovered,True,/project/yunhengzou/coordinate_alignment/aam_benchmarks/golden_full_20260906/660/aam.json.gz
661,recovered,recovered,True,/project/yunhengzou/coordinate_alignment/aam_benchmarks/golden_full_20260906/661/aam.json.gz
662,recovered,recovered,True,/project/yunhengzou/coordinate_alignment/aam_benchmarks/golden_full_20260906/662/aam.json.gz
663,recovered,recovered,True,/project/yunhengzou/coordinate_alignment/aam_benchmarks/golden_full_20260906/663/aam.json.gz
664,recovered,recovered,True,/project/yunhengzou/coordinate_alignment/aam_benchmarks/golden_full_20260906/664/aam.json.gz
665,recovered,recovered,True,/project/yunhengzou/coordinate_alignment/aam_benchmarks/golden_full_20260906/665/aam.json.gz
666,recovered,recovered,True,/project/yunhengzou/coordinate_alignment/aam_benchmarks/golden_full_20260906/666/aam.json.gz
667,recovered,recovered,True,/project/yunhengzou/coordinate_alignment/aam_benchmarks/golden_completion_20260906/667/aam.json.gz
668,recovered,recovered,True,/project/yunhengzou/coordinate_alignment/aam_benchmarks/golden_full_20260906/668/aam.json.gz
669,recovered,recovered,True,/project/yunhengzou/coordinate_alignment/aam_benchmarks/golden_full_20260906/669/aam.json.gz
670,recovered,recovered,True,/project/yunhengzou/coordinate_alignment/aam_benchmarks/golden_full_20260906/670/aam.json.gz
671,recovered,recovered,True,/project/yunhengzou/coordinate_alignment/aam_benchmarks/golden_full_20260906/671/aam.json.gz
672,recovered,recovered,True,/project/yunhengzou/coordinate_alignment/aam_benchmarks/golden_full_20260906/672/aam.json.gz
673,recovered,recovered,True,/project/yunhengzou/coordinate_alignment/aam_benchmarks/golden_full_20260906/673/aam.json.gz
674,recovered,recovered,False,/project/yunhengzou/coordinate_alignment/aam_benchmarks/golden_full_20260906/674/aam.json.gz
675,recovered,recovered,True,/project/yunhengzou/coordinate_alignment/aam_benchmarks/golden_full_20260906/675/aam.json.gz
676,recovered,recovered,True,/project/yunhengzou/coordinate_alignment/aam_benchmarks/golden_full_20260906/676/aam.json.gz
677,recovered,recovered,True,/project/yunhengzou/coordinate_alignment/aam_benchmarks/golden_completion_20260906/677/aam.json.gz
678,recovered,recovered,True,/project/yunhengzou/coordinate_alignment/aam_benchmarks/golden_full_20260906/678/aam.json.gz
679,recovered,recovered,True,/project/yunhengzou/coordinate_alignment/aam_benchmarks/golden_full_20260906/679/aam.json.gz
680,recovered,recovered,True,/project/yunhengzou/coordinate_alignment/aam_benchmarks/golden_full_20260906/680/aam.json.gz
681,recovered,recovered,True,/project/yunhengzou/coordinate_alignment/aam_benchmarks/golden_full_20260906/681/aam.json.gz
682,recovered,recovered,True,/project/yunhengzou/coordinate_alignment/aam_benchmarks/golden_completion_20260906/682/aam.json.gz
683,recovered,recovered,True,/project/yunhengzou/coordinate_alignment/aam_benchmarks/golden_full_20260906/683/aam.json.gz
684,recovered,recovered,True,/project/yunhengzou/coordinate_alignment/aam_benchmarks/golden_full_20260906/684/aam.json.gz
685,recovered,recovered,False,/project/yunhengzou/coordinate_alignment/aam_benchmarks/golden_full_20260906/685/aam.json.gz
686,recovered,recovered,True,/project/yunhengzou/coordinate_alignment/aam_benchmarks/golden_full_20260906/686/aam.json.gz
687,recovered,recovered,False,/project/yunhengzou/coordinate_alignment/aam_benchmarks/golden_full_20260906/687/aam.json.gz
688,recovered,recovered,True,/project/yunhengzou/coordinate_alignment/aam_benchmarks/golden_full_20260906/688/aam.json.gz
689,recovered,recovered,True,/project/yunhengzou/coordinate_alignment/aam_benchmarks/golden_full_20260906/689/aam.json.gz
690,recovered,recovered,True,/project/yunhengzou/coordinate_alignment/aam_benchmarks/golden_full_20260906/690/aam.json.gz
691,recovered,recovered,True,/project/yunhengzou/coordinate_alignment/aam_benchmarks/golden_full_20260906/691/aam.json.gz
692,recovered,recovered,True,/project/yunhengzou/coordinate_alignment/aam_benchmarks/golden_full_20260906/692/aam.json.gz
693,recovered,recovered,True,/project/yunhengzou/coordinate_alignment/aam_benchmarks/golden_full_20260906/693/aam.json.gz
694,recovered,recovered,True,/project/yunhengzou/coordinate_alignment/aam_benchmarks/golden_full_20260906/694/aam.json.gz
695,recovered,recovered,True,/project/yunhengzou/coordinate_alignment/aam_benchmarks/golden_full_20260906/695/aam.json.gz
696,recovered,recovered,True,/project/yunhengzou/coordinate_alignment/aam_benchmarks/golden_full_20260906/696/aam.json.gz
697,recovered,recovered,True,/project/yunhengzou/coordinate_alignment/aam_benchmarks/golden_full_20260906/697/aam.json.gz
698,recovered,recovered,True,/project/yunhengzou/coordinate_alignment/aam_benchmarks/golden_full_20260906/698/aam.json.gz
699,recovered,recovered,True,/project/yunhengzou/coordinate_alignment/aam_benchmarks/golden_full_20260906/699/aam.json.gz
700,recovered,recovered,True,/project/yunhengzou/coordinate_alignment/aam_benchmarks/golden_full_20260906/700/aam.json.gz
701,recovered,recovered,False,/project/yunhengzou/coordinate_alignment/aam_benchmarks/golden_full_20260906/701/aam.json.gz
702,recovered,recovered,True,/project/yunhengzou/coordinate_alignment/aam_benchmarks/golden_full_20260906/702/aam.json.gz
703,recovered,recovered,True,/project/yunhengzou/coordinate_alignment/aam_benchmarks/golden_full_20260906/703/aam.json.gz
704,recovered,recovered,True,/project/yunhengzou/coordinate_alignment/aam_benchmarks/golden_full_20260906/704/aam.json.gz
705,recovered,recovered,True,/project/yunhengzou/coordinate_alignment/aam_benchmarks/golden_full_20260906/705/aam.json.gz
706,recovered,recovered,True,/project/yunhengzou/coordinate_alignment/aam_benchmarks/golden_full_20260906/706/aam.json.gz
707,recovered,recovered,True,/project/yunhengzou/coordinate_alignment/aam_benchmarks/golden_full_20260906/707/aam.json.gz
708,recovered,recovered,True,/project/yunhengzou/coordinate_alignment/aam_benchmarks/golden_full_20260906/708/aam.json.gz
709,recovered,recovered,True,/project/yunhengzou/coordinate_alignment/aam_benchmarks/golden_full_20260906/709/aam.json.gz
710,recovered,recovered,True,/project/yunhengzou/coordinate_alignment/aam_benchmarks/golden_full_20260906/710/aam.json.gz
711,recovered,recovered,True,/project/yunhengzou/coordinate_alignment/aam_benchmarks/golden_full_20260906/711/aam.json.gz
712,recovered,recovered,True,/project/yunhengzou/coordinate_alignment/aam_benchmarks/golden_full_20260906/712/aam.json.gz
714,recovered,recovered,True,/project/yunhengzou/coordinate_alignment/aam_benchmarks/golden_full_20260906/714/aam.json.gz
715,recovered,recovered,True,/project/yunhengzou/coordinate_alignment/aam_benchmarks/golden_full_20260906/715/aam.json.gz
716,recovered,recovered,True,/project/yunhengzou/coordinate_alignment/aam_benchmarks/golden_full_20260906/716/aam.json.gz
717,recovered,recovered,True,/project/yunhengzou/coordinate_alignment/aam_benchmarks/golden_full_20260906/717/aam.json.gz
718,recovered,recovered,True,/project/yunhengzou/coordinate_alignment/aam_benchmarks/golden_full_20260906/718/aam.json.gz
719,recovered,recovered,True,/project/yunhengzou/coordinate_alignment/aam_benchmarks/golden_full_20260906/719/aam.json.gz
720,recovered,recovered,True,/project/yunhengzou/coordinate_alignment/aam_benchmarks/golden_full_20260906/720/aam.json.gz
721,recovered,recovered,True,/project/yunhengzou/coordinate_alignment/aam_benchmarks/golden_full_20260906/721/aam.json.gz
722,recovered,recovered,True,/project/yunhengzou/coordinate_alignment/aam_benchmarks/golden_full_20260906/722/aam.json.gz
723,recovered,recovered,True,/project/yunhengzou/coordinate_alignment/aam_benchmarks/golden_full_20260906/723/aam.json.gz
724,recovered,recovered,True,/project/yunhengzou/coordinate_alignment/aam_benchmarks/golden_full_20260906/724/aam.json.gz
725,recovered,recovered,True,/project/yunhengzou/coordinate_alignment/aam_benchmarks/golden_full_20260906/725/aam.json.gz
726,recovered,recovered,True,/project/yunhengzou/coordinate_alignment/aam_benchmarks/golden_full_20260906/726/aam.json.gz
727,recovered,recovered,True,/project/yunhengzou/coordinate_alignment/aam_benchmarks/golden_full_20260906/727/aam.json.gz
728,recovered,recovered,True,/project/yunhengzou/coordinate_alignment/aam_benchmarks/golden_full_20260906/728/aam.json.gz
729,recovered,recovered,True,/project/yunhengzou/coordinate_alignment/aam_benchmarks/golden_full_20260906/729/aam.json.gz
730,recovered,recovered,True,/project/yunhengzou/coordinate_alignment/aam_benchmarks/golden_full_20260906/730/aam.json.gz
731,recovered,recovered,True,/project/yunhengzou/coordinate_alignment/aam_benchmarks/golden_full_20260906/731/aam.json.gz
732,recovered,recovered,True,/project/yunhengzou/coordinate_alignment/aam_benchmarks/golden_full_20260906/732/aam.json.gz
733,recovered,recovered,True,/project/yunhengzou/coordinate_alignment/aam_benchmarks/golden_full_20260906/733/aam.json.gz
734,recovered,recovered,True,/project/yunhengzou/coordinate_alignment/aam_benchmarks/golden_full_20260906/734/aam.json.gz
735,recovered,recovered,True,/project/yunhengzou/coordinate_alignment/aam_benchmarks/golden_full_20260906/735/aam.json.gz
736,recovered,recovered,True,/project/yunhengzou/coordinate_alignment/aam_benchmarks/golden_full_20260906/736/aam.json.gz
737,recovered,recovered,False,/project/yunhengzou/coordinate_alignment/aam_benchmarks/golden_completion_20260906/737/aam.json.gz
738,recovered,recovered,True,/project/yunhengzou/coordinate_alignment/aam_benchmarks/golden_full_20260906/738/aam.json.gz
739,recovered,recovered,True,/project/yunhengzou/coordinate_alignment/aam_benchmarks/golden_full_20260906/739/aam.json.gz
740,recovered,recovered,True,/project/yunhengzou/coordinate_alignment/aam_benchmarks/golden_completion_20260906/740/aam.json.gz
741,recovered,recovered,False,/project/yunhengzou/coordinate_alignment/aam_benchmarks/golden_full_20260906/741/aam.json.gz
742,recovered,recovered,True,/project/yunhengzou/coordinate_alignment/aam_benchmarks/golden_full_20260906/742/aam.json.gz
743,recovered,recovered,True,/project/yunhengzou/coordinate_alignment/aam_benchmarks/golden_full_20260906/743/aam.json.gz
744,not_recovered,not_recovered,False,/project/yunhengzou/coordinate_alignment/aam_benchmarks/golden_full_20260906/744/aam.json.gz
745,not_recovered,not_recovered,False,/project/yunhengzou/coordinate_alignment/aam_benchmarks/golden_full_20260906/745/aam.json.gz
746,recovered,recovered,False,/project/yunhengzou/coordinate_alignment/aam_benchmarks/golden_full_20260906/746/aam.json.gz
747,recovered,recovered,True,/project/yunhengzou/coordinate_alignment/aam_benchmarks/golden_full_20260906/747/aam.json.gz
748,recovered,recovered,True,/project/yunhengzou/coordinate_alignment/aam_benchmarks/golden_full_20260906/748/aam.json.gz
749,not_recovered,not_recovered,False,/project/yunhengzou/coordinate_alignment/aam_benchmarks/golden_full_20260906/749/aam.json.gz
750,recovered,recovered,True,/project/yunhengzou/coordinate_alignment/aam_benchmarks/golden_full_20260906/750/aam.json.gz
751,recovered,recovered,True,/project/yunhengzou/coordinate_alignment/aam_benchmarks/golden_full_20260906/751/aam.json.gz
752,recovered,recovered,True,/project/yunhengzou/coordinate_alignment/aam_benchmarks/golden_full_20260906/752/aam.json.gz
753,recovered,recovered,True,/project/yunhengzou/coordinate_alignment/aam_benchmarks/golden_full_20260906/753/aam.json.gz
754,recovered,recovered,True,/project/yunhengzou/coordinate_alignment/aam_benchmarks/golden_full_20260906/754/aam.json.gz
755,recovered,recovered,True,/project/yunhengzou/coordinate_alignment/aam_benchmarks/golden_full_20260906/755/aam.json.gz
756,recovered,recovered,True,/project/yunhengzou/coordinate_alignment/aam_benchmarks/golden_full_20260906/756/aam.json.gz
757,recovered,recovered,True,/project/yunhengzou/coordinate_alignment/aam_benchmarks/golden_completion_20260906/757/aam.json.gz
758,recovered,recovered,True,/project/yunhengzou/coordinate_alignment/aam_benchmarks/golden_full_20260906/758/aam.json.gz
759,recovered,recovered,True,/project/yunhengzou/coordinate_alignment/aam_benchmarks/golden_full_20260906/759/aam.json.gz
760,recovered,recovered,True,/project/yunhengzou/coordinate_alignment/aam_benchmarks/golden_full_20260906/760/aam.json.gz
761,recovered,recovered,True,/project/yunhengzou/coordinate_alignment/aam_benchmarks/golden_full_20260906/761/aam.json.gz
762,recovered,recovered,True,/project/yunhengzou/coordinate_alignment/aam_benchmarks/golden_full_20260906/762/aam.json.gz
763,recovered,recovered,True,/project/yunhengzou/coordinate_alignment/aam_benchmarks/golden_full_20260906/763/aam.json.gz
764,recovered,recovered,True,/project/yunhengzou/coordinate_alignment/aam_benchmarks/golden_full_20260906/764/aam.json.gz
765,recovered,recovered,True,/project/yunhengzou/coordinate_alignment/aam_benchmarks/golden_full_20260906/765/aam.json.gz
766,recovered,recovered,True,/project/yunhengzou/coordinate_alignment/aam_benchmarks/golden_completion_20260906/766/aam.json.gz
767,recovered,recovered,False,/project/yunhengzou/coordinate_alignment/aam_benchmarks/golden_full_20260906/767/aam.json.gz
768,recovered,recovered,True,/project/yunhengzou/coordinate_alignment/aam_benchmarks/golden_completion_20260906/768/aam.json.gz
769,recovered,recovered,True,/project/yunhengzou/coordinate_alignment/aam_benchmarks/golden_full_20260906/769/aam.json.gz
770,recovered,recovered,True,/project/yunhengzou/coordinate_alignment/aam_benchmarks/golden_full_20260906/770/aam.json.gz
771,recovered,recovered,True,/project/yunhengzou/coordinate_alignment/aam_benchmarks/golden_full_20260906/771/aam.json.gz
772,recovered,recovered,True,/project/yunhengzou/coordinate_alignment/aam_benchmarks/golden_completion_20260906/772/aam.json.gz
773,recovered,recovered,False,/project/yunhengzou/coordinate_alignment/aam_benchmarks/golden_full_20260906/773/aam.json.gz
774,recovered,recovered,True,/project/yunhengzou/coordinate_alignment/aam_benchmarks/golden_full_20260906/774/aam.json.gz
775,recovered,recovered,False,/project/yunhengzou/coordinate_alignment/aam_benchmarks/golden_full_20260906/775/aam.json.gz
776,recovered,recovered,True,/project/yunhengzou/coordinate_alignment/aam_benchmarks/golden_full_20260906/776/aam.json.gz
777,recovered,recovered,True,/project/yunhengzou/coordinate_alignment/aam_benchmarks/golden_completion_20260906/777/aam.json.gz
778,recovered,recovered,True,/project/yunhengzou/coordinate_alignment/aam_benchmarks/golden_full_20260906/778/aam.json.gz
779,recovered,recovered,True,/project/yunhengzou/coordinate_alignment/aam_benchmarks/golden_full_20260906/779/aam.json.gz
780,recovered,recovered,True,/project/yunhengzou/coordinate_alignment/aam_benchmarks/golden_full_20260906/780/aam.json.gz
781,recovered,recovered,True,/project/yunhengzou/coordinate_alignment/aam_benchmarks/golden_full_20260906/781/aam.json.gz
782,recovered,recovered,True,/project/yunhengzou/coordinate_alignment/aam_benchmarks/golden_full_20260906/782/aam.json.gz
783,recovered,recovered,True,/project/yunhengzou/coordinate_alignment/aam_benchmarks/golden_full_20260906/783/aam.json.gz
784,recovered,recovered,True,/project/yunhengzou/coordinate_alignment/aam_benchmarks/golden_full_20260906/784/aam.json.gz
785,recovered,recovered,True,/project/yunhengzou/coordinate_alignment/aam_benchmarks/golden_full_20260906/785/aam.json.gz
786,recovered,recovered,True,/project/yunhengzou/coordinate_alignment/aam_benchmarks/golden_full_20260906/786/aam.json.gz
787,recovered,recovered,True,/project/yunhengzou/coordinate_alignment/aam_benchmarks/golden_full_20260906/787/aam.json.gz
788,recovered,recovered,True,/project/yunhengzou/coordinate_alignment/aam_benchmarks/golden_full_20260906/788/aam.json.gz
789,recovered,recovered,True,/project/yunhengzou/coordinate_alignment/aam_benchmarks/golden_full_20260906/789/aam.json.gz
790,recovered,recovered,True,/project/yunhengzou/coordinate_alignment/aam_benchmarks/golden_full_20260906/790/aam.json.gz
791,recovered,recovered,True,/project/yunhengzou/coordinate_alignment/aam_benchmarks/golden_full_20260906/791/aam.json.gz
792,recovered,recovered,True,/project/yunhengzou/coordinate_alignment/aam_benchmarks/golden_full_20260906/792/aam.json.gz
793,recovered,recovered,True,/project/yunhengzou/coordinate_alignment/aam_benchmarks/golden_full_20260906/793/aam.json.gz
794,recovered,recovered,True,/project/yunhengzou/coordinate_alignment/aam_benchmarks/golden_full_20260906/794/aam.json.gz
795,recovered,recovered,True,/project/yunhengzou/coordinate_alignment/aam_benchmarks/golden_full_20260906/795/aam.json.gz
796,recovered,recovered,True,/project/yunhengzou/coordinate_alignment/aam_benchmarks/golden_full_20260906/796/aam.json.gz
797,recovered,recovered,True,/project/yunhengzou/coordinate_alignment/aam_benchmarks/golden_full_20260906/797/aam.json.gz
798,recovered,recovered,True,/project/yunhengzou/coordinate_alignment/aam_benchmarks/golden_full_20260906/798/aam.json.gz
799,recovered,recovered,False,/project/yunhengzou/coordinate_alignment/aam_benchmarks/golden_full_20260906/799/aam.json.gz
800,recovered,recovered,True,/project/yunhengzou/coordinate_alignment/aam_benchmarks/golden_full_20260906/800/aam.json.gz
801,recovered,recovered,True,/project/yunhengzou/coordinate_alignment/aam_benchmarks/golden_full_20260906/801/aam.json.gz
802,recovered,recovered,True,/project/yunhengzou/coordinate_alignment/aam_benchmarks/golden_full_20260906/802/aam.json.gz
803,recovered,recovered,True,/project/yunhengzou/coordinate_alignment/aam_benchmarks/golden_full_20260906/803/aam.json.gz
804,recovered,recovered,True,/project/yunhengzou/coordinate_alignment/aam_benchmarks/golden_full_20260906/804/aam.json.gz
805,recovered,recovered,True,/project/yunhengzou/coordinate_alignment/aam_benchmarks/golden_full_20260906/805/aam.json.gz
806,recovered,recovered,False,/project/yunhengzou/coordinate_alignment/aam_benchmarks/golden_full_20260906/806/aam.json.gz
807,recovered,recovered,True,/project/yunhengzou/coordinate_alignment/aam_benchmarks/golden_full_20260906/807/aam.json.gz
808,recovered,recovered,True,/project/yunhengzou/coordinate_alignment/aam_benchmarks/golden_full_20260906/808/aam.json.gz
809,recovered,recovered,True,/project/yunhengzou/coordinate_alignment/aam_benchmarks/golden_full_20260906/809/aam.json.gz
810,recovered,recovered,True,/project/yunhengzou/coordinate_alignment/aam_benchmarks/golden_full_20260906/810/aam.json.gz
811,recovered,recovered,True,/project/yunhengzou/coordinate_alignment/aam_benchmarks/golden_full_20260906/811/aam.json.gz
812,recovered,recovered,True,/project/yunhengzou/coordinate_alignment/aam_benchmarks/golden_full_20260906/812/aam.json.gz
813,recovered,recovered,True,/project/yunhengzou/coordinate_alignment/aam_benchmarks/golden_full_20260906/813/aam.json.gz
814,recovered,recovered,True,/project/yunhengzou/coordinate_alignment/aam_benchmarks/golden_full_20260906/814/aam.json.gz
815,recovered,recovered,False,/project/yunhengzou/coordinate_alignment/aam_benchmarks/golden_full_20260906/815/aam.json.gz
816,recovered,recovered,True,/project/yunhengzou/coordinate_alignment/aam_benchmarks/golden_completion_20260906/816/aam.json.gz
817,recovered,recovered,True,/project/yunhengzou/coordinate_alignment/aam_benchmarks/golden_full_20260906/817/aam.json.gz
818,recovered,recovered,True,/project/yunhengzou/coordinate_alignment/aam_benchmarks/golden_completion_20260906/818/aam.json.gz
819,recovered,recovered,True,/project/yunhengzou/coordinate_alignment/aam_benchmarks/golden_full_20260906/819/aam.json.gz
820,recovered,recovered,True,/project/yunhengzou/coordinate_alignment/aam_benchmarks/golden_full_20260906/820/aam.json.gz
821,recovered,recovered,True,/project/yunhengzou/coordinate_alignment/aam_benchmarks/golden_full_20260906/821/aam.json.gz
822,recovered,recovered,True,/project/yunhengzou/coordinate_alignment/aam_benchmarks/golden_full_20260906/822/aam.json.gz
823,recovered,recovered,False,/project/yunhengzou/coordinate_alignment/aam_benchmarks/golden_full_20260906/823/aam.json.gz
824,recovered,recovered,True,/project/yunhengzou/coordinate_alignment/aam_benchmarks/golden_completion_20260906/824/aam.pkl.gz
825,recovered,recovered,True,/project/yunhengzou/coordinate_alignment/aam_benchmarks/golden_completion_20260906/825/aam.json.gz
826,recovered,recovered,True,/project/yunhengzou/coordinate_alignment/aam_benchmarks/golden_full_20260906/826/aam.json.gz
827,recovered,recovered,True,/project/yunhengzou/coordinate_alignment/aam_benchmarks/golden_completion_20260906/827/aam.json.gz
828,recovered,recovered,True,/project/yunhengzou/coordinate_alignment/aam_benchmarks/golden_full_20260906/828/aam.json.gz
829,recovered,recovered,False,/project/yunhengzou/coordinate_alignment/aam_benchmarks/golden_completion_20260906/829/aam.json.gz
830,recovered,recovered,True,/project/yunhengzou/coordinate_alignment/aam_benchmarks/golden_completion_20260906/830/aam.json.gz
831,recovered,recovered,False,/project/yunhengzou/coordinate_alignment/aam_benchmarks/golden_full_20260906/831/aam.json.gz
832,recovered,recovered,True,/project/yunhengzou/coordinate_alignment/aam_benchmarks/golden_full_20260906/832/aam.json.gz
833,not_recovered,not_recovered,False,/project/yunhengzou/coordinate_alignment/aam_benchmarks/golden_completion_20260906/833/aam.json.gz
834,recovered,recovered,True,/project/yunhengzou/coordinate_alignment/aam_benchmarks/golden_completion_20260906/834/aam.json.gz
835,recovered,recovered,True,/project/yunhengzou/coordinate_alignment/aam_benchmarks/golden_completion_20260906/835/aam.json.gz
836,recovered,recovered,True,/project/yunhengzou/coordinate_alignment/aam_benchmarks/golden_completion_20260906/836/aam.json.gz
837,recovered,recovered,True,/project/yunhengzou/coordinate_alignment/aam_benchmarks/golden_completion_20260906/837/aam.json.gz
838,recovered,recovered,True,/project/yunhengzou/coordinate_alignment/aam_benchmarks/golden_full_20260906/838/aam.json.gz
839,recovered,recovered,True,/project/yunhengzou/coordinate_alignment/aam_benchmarks/golden_full_20260906/839/aam.json.gz
840,recovered,recovered,False,/project/yunhengzou/coordinate_alignment/aam_benchmarks/golden_full_20260906/840/aam.json.gz
841,recovered,recovered,False,/project/yunhengzou/coordinate_alignment/aam_benchmarks/golden_full_20260906/841/aam.json.gz
842,recovered,recovered,True,/project/yunhengzou/coordinate_alignment/aam_benchmarks/golden_completion_20260906/842/aam.json.gz
843,recovered,recovered,True,/project/yunhengzou/coordinate_alignment/aam_benchmarks/golden_full_20260906/843/aam.json.gz
844,recovered,recovered,True,/project/yunhengzou/coordinate_alignment/aam_benchmarks/golden_completion_20260906/844/aam.json.gz
845,not_recovered,not_recovered,False,/project/yunhengzou/coordinate_alignment/aam_benchmarks/golden_full_20260906/845/aam.json.gz
846,recovered,recovered,False,/project/yunhengzou/coordinate_alignment/aam_benchmarks/golden_completion_20260906/846/aam.json.gz
847,recovered,recovered,False,/project/yunhengzou/coordinate_alignment/aam_benchmarks/golden_full_20260906/847/aam.json.gz
848,recovered,recovered,True,/project/yunhengzou/coordinate_alignment/aam_benchmarks/golden_full_20260906/848/aam.json.gz
849,recovered,recovered,True,/project/yunhengzou/coordinate_alignment/aam_benchmarks/golden_full_20260906/849/aam.json.gz
850,recovered,recovered,False,/project/yunhengzou/coordinate_alignment/aam_benchmarks/golden_completion_20260906/850/aam.json.gz
851,recovered,recovered,False,/project/yunhengzou/coordinate_alignment/aam_benchmarks/golden_completion_20260906/851/aam.json.gz
852,recovered,recovered,True,/project/yunhengzou/coordinate_alignment/aam_benchmarks/golden_completion_20260906/852/aam.pkl.gz
853,not_recovered,not_recovered,False,/project/yunhengzou/coordinate_alignment/aam_benchmarks/golden_full_20260906/853/aam.json.gz
854,recovered,recovered,True,/project/yunhengzou/coordinate_alignment/aam_benchmarks/golden_completion_20260906/854/aam.json.gz
855,recovered,recovered,True,/project/yunhengzou/coordinate_alignment/aam_benchmarks/golden_full_20260906/855/aam.json.gz
856,recovered,recovered,False,/project/yunhengzou/coordinate_alignment/aam_benchmarks/golden_completion_20260906/856/aam.json.gz
857,recovered,recovered,True,/project/yunhengzou/coordinate_alignment/aam_benchmarks/golden_full_20260906/857/aam.json.gz
858,recovered,recovered,True,/project/yunhengzou/coordinate_alignment/aam_benchmarks/golden_full_20260906/858/aam.json.gz
859,recovered,recovered,True,/project/yunhengzou/coordinate_alignment/aam_benchmarks/golden_full_20260906/859/aam.json.gz
860,recovered,recovered,True,/project/yunhengzou/coordinate_alignment/aam_benchmarks/golden_full_20260906/860/aam.json.gz
861,recovered,recovered,True,/project/yunhengzou/coordinate_alignment/aam_benchmarks/golden_full_20260906/861/aam.json.gz
862,recovered,recovered,True,/project/yunhengzou/coordinate_alignment/aam_benchmarks/golden_completion_20260906/862/aam.json.gz
863,recovered,recovered,True,/project/yunhengzou/coordinate_alignment/aam_benchmarks/golden_full_20260906/863/aam.json.gz
864,recovered,recovered,True,/project/yunhengzou/coordinate_alignment/aam_benchmarks/golden_full_20260906/864/aam.json.gz
865,unknown,not_recovered,False,/project/yunhengzou/coordinate_alignment/aam_benchmarks/golden_full_20260906/865/aam.json.gz
866,recovered,recovered,True,/project/yunhengzou/coordinate_alignment/aam_benchmarks/golden_full_20260906/866/aam.json.gz
867,not_recovered,not_recovered,False,/project/yunhengzou/coordinate_alignment/aam_benchmarks/golden_full_20260906/867/aam.json.gz
868,recovered,recovered,True,/project/yunhengzou/coordinate_alignment/aam_benchmarks/golden_full_20260906/868/aam.json.gz
869,recovered,recovered,True,/project/yunhengzou/coordinate_alignment/aam_benchmarks/golden_full_20260906/869/aam.json.gz
870,recovered,recovered,True,/project/yunhengzou/coordinate_alignment/aam_benchmarks/golden_full_20260906/870/aam.json.gz
871,not_recovered,not_recovered,False,/project/yunhengzou/coordinate_alignment/aam_benchmarks/golden_completion_20260906/871/aam.json.gz
872,recovered,recovered,True,/project/yunhengzou/coordinate_alignment/aam_benchmarks/golden_full_20260906/872/aam.json.gz
873,recovered,recovered,True,/project/yunhengzou/coordinate_alignment/aam_benchmarks/golden_completion_20260906/873/aam.json.gz
874,recovered,recovered,True,/project/yunhengzou/coordinate_alignment/aam_benchmarks/golden_full_20260906/874/aam.json.gz
875,recovered,recovered,True,/project/yunhengzou/coordinate_alignment/aam_benchmarks/golden_full_20260906/875/aam.json.gz
876,recovered,recovered,True,/project/yunhengzou/coordinate_alignment/aam_benchmarks/golden_full_20260906/876/aam.json.gz
877,recovered,recovered,True,/project/yunhengzou/coordinate_alignment/aam_benchmarks/golden_full_20260906/877/aam.json.gz
878,recovered,recovered,False,/project/yunhengzou/coordinate_alignment/aam_benchmarks/golden_full_20260906/878/aam.json.gz
879,recovered,recovered,True,/project/yunhengzou/coordinate_alignment/aam_benchmarks/golden_full_20260906/879/aam.json.gz
880,recovered,recovered,True,/project/yunhengzou/coordinate_alignment/aam_benchmarks/golden_full_20260906/880/aam.json.gz
881,recovered,recovered,True,/project/yunhengzou/coordinate_alignment/aam_benchmarks/golden_full_20260906/881/aam.json.gz
882,recovered,recovered,True,/project/yunhengzou/coordinate_alignment/aam_benchmarks/golden_full_20260906/882/aam.json.gz
883,recovered,recovered,True,/project/yunhengzou/coordinate_alignment/aam_benchmarks/golden_full_20260906/883/aam.json.gz
884,recovered,recovered,True,/project/yunhengzou/coordinate_alignment/aam_benchmarks/golden_full_20260906/884/aam.json.gz
885,recovered,recovered,True,/project/yunhengzou/coordinate_alignment/aam_benchmarks/golden_full_20260906/885/aam.json.gz
886,recovered,recovered,True,/project/yunhengzou/coordinate_alignment/aam_benchmarks/golden_full_20260906/886/aam.json.gz
887,recovered,recovered,False,/project/yunhengzou/coordinate_alignment/aam_benchmarks/golden_completion_20260906/887/aam.json.gz
888,recovered,recovered,True,/project/yunhengzou/coordinate_alignment/aam_benchmarks/golden_full_20260906/888/aam.json.gz
889,recovered,recovered,False,/project/yunhengzou/coordinate_alignment/aam_benchmarks/golden_full_20260906/889/aam.json.gz
890,recovered,recovered,True,/project/yunhengzou/coordinate_alignment/aam_benchmarks/golden_full_20260906/890/aam.json.gz
891,recovered,recovered,True,/project/yunhengzou/coordinate_alignment/aam_benchmarks/golden_full_20260906/891/aam.json.gz
892,recovered,recovered,True,/project/yunhengzou/coordinate_alignment/aam_benchmarks/golden_full_20260906/892/aam.json.gz
893,recovered,recovered,True,/project/yunhengzou/coordinate_alignment/aam_benchmarks/golden_full_20260906/893/aam.json.gz
894,recovered,recovered,True,/project/yunhengzou/coordinate_alignment/aam_benchmarks/golden_full_20260906/894/aam.json.gz
895,recovered,recovered,True,/project/yunhengzou/coordinate_alignment/aam_benchmarks/golden_full_20260906/895/aam.json.gz
896,recovered,recovered,True,/project/yunhengzou/coordinate_alignment/aam_benchmarks/golden_full_20260906/896/aam.json.gz
897,recovered,recovered,True,/project/yunhengzou/coordinate_alignment/aam_benchmarks/golden_full_20260906/897/aam.json.gz
898,recovered,recovered,True,/project/yunhengzou/coordinate_alignment/aam_benchmarks/golden_full_20260906/898/aam.json.gz
899,recovered,recovered,True,/project/yunhengzou/coordinate_alignment/aam_benchmarks/golden_full_20260906/899/aam.json.gz
900,recovered,recovered,False,/project/yunhengzou/coordinate_alignment/aam_benchmarks/golden_full_20260906/900/aam.json.gz
901,recovered,recovered,True,/project/yunhengzou/coordinate_alignment/aam_benchmarks/golden_full_20260906/901/aam.json.gz
902,recovered,recovered,True,/project/yunhengzou/coordinate_alignment/aam_benchmarks/golden_full_20260906/902/aam.json.gz
903,recovered,recovered,True,/project/yunhengzou/coordinate_alignment/aam_benchmarks/golden_full_20260906/903/aam.json.gz
904,recovered,recovered,True,/project/yunhengzou/coordinate_alignment/aam_benchmarks/golden_full_20260906/904/aam.json.gz
905,unknown,unknown,False,/project/yunhengzou/coordinate_alignment/aam_benchmarks/golden_completion_20260906/905/aam.json.gz
906,recovered,recovered,True,/project/yunhengzou/coordinate_alignment/aam_benchmarks/golden_full_20260906/906/aam.json.gz
907,recovered,recovered,False,/project/yunhengzou/coordinate_alignment/aam_benchmarks/golden_full_20260906/907/aam.json.gz
908,recovered,recovered,True,/project/yunhengzou/coordinate_alignment/aam_benchmarks/golden_full_20260906/908/aam.json.gz
909,recovered,recovered,True,/project/yunhengzou/coordinate_alignment/aam_benchmarks/golden_completion_20260906/909/aam.json.gz
910,recovered,recovered,True,/project/yunhengzou/coordinate_alignment/aam_benchmarks/golden_full_20260906/910/aam.json.gz
911,recovered,recovered,True,/project/yunhengzou/coordinate_alignment/aam_benchmarks/golden_full_20260906/911/aam.json.gz
912,recovered,recovered,False,/project/yunhengzou/coordinate_alignment/aam_benchmarks/golden_completion_20260906/912/aam.json.gz
913,recovered,recovered,True,/project/yunhengzou/coordinate_alignment/aam_benchmarks/golden_full_20260906/913/aam.json.gz
914,recovered,recovered,False,/project/yunhengzou/coordinate_alignment/aam_benchmarks/golden_full_20260906/914/aam.json.gz
915,recovered,recovered,True,/project/yunhengzou/coordinate_alignment/aam_benchmarks/golden_full_20260906/915/aam.json.gz
916,recovered,recovered,True,/project/yunhengzou/coordinate_alignment/aam_benchmarks/golden_full_20260906/916/aam.json.gz
917,recovered,recovered,True,/project/yunhengzou/coordinate_alignment/aam_benchmarks/golden_full_20260906/917/aam.json.gz
918,recovered,recovered,False,/project/yunhengzou/coordinate_alignment/aam_benchmarks/golden_full_20260906/918/aam.json.gz
919,recovered,recovered,True,/project/yunhengzou/coordinate_alignment/aam_benchmarks/golden_full_20260906/919/aam.json.gz
920,recovered,recovered,True,/project/yunhengzou/coordinate_alignment/aam_benchmarks/golden_full_20260906/920/aam.json.gz
921,recovered,recovered,True,/project/yunhengzou/coordinate_alignment/aam_benchmarks/golden_full_20260906/921/aam.json.gz
922,recovered,recovered,True,/project/yunhengzou/coordinate_alignment/aam_benchmarks/golden_completion_20260906/922/aam.json.gz
923,recovered,recovered,True,/project/yunhengzou/coordinate_alignment/aam_benchmarks/golden_full_20260906/923/aam.json.gz
924,recovered,recovered,True,/project/yunhengzou/coordinate_alignment/aam_benchmarks/golden_full_20260906/924/aam.json.gz
925,recovered,recovered,True,/project/yunhengzou/coordinate_alignment/aam_benchmarks/golden_full_20260906/925/aam.json.gz
926,recovered,recovered,True,/project/yunhengzou/coordinate_alignment/aam_benchmarks/golden_full_20260906/926/aam.json.gz
927,recovered,recovered,True,/project/yunhengzou/coordinate_alignment/aam_benchmarks/golden_full_20260906/927/aam.json.gz
928,recovered,recovered,True,/project/yunhengzou/coordinate_alignment/aam_benchmarks/golden_full_20260906/928/aam.json.gz
929,not_recovered,not_recovered,False,/project/yunhengzou/coordinate_alignment/aam_benchmarks/golden_completion_20260906/929/aam.json.gz
930,recovered,recovered,False,/project/yunhengzou/coordinate_alignment/aam_benchmarks/golden_full_20260906/930/aam.json.gz
931,recovered,recovered,True,/project/yunhengzou/coordinate_alignment/aam_benchmarks/golden_full_20260906/931/aam.json.gz
932,recovered,recovered,True,/project/yunhengzou/coordinate_alignment/aam_benchmarks/golden_full_20260906/932/aam.json.gz
933,recovered,recovered,True,/project/yunhengzou/coordinate_alignment/aam_benchmarks/golden_full_20260906/933/aam.json.gz
934,recovered,recovered,True,/project/yunhengzou/coordinate_alignment/aam_benchmarks/golden_full_20260906/934/aam.json.gz
935,recovered,recovered,True,/project/yunhengzou/coordinate_alignment/aam_benchmarks/golden_full_20260906/935/aam.json.gz
936,recovered,recovered,True,/project/yunhengzou/coordinate_alignment/aam_benchmarks/golden_full_20260906/936/aam.json.gz
937,recovered,recovered,True,/project/yunhengzou/coordinate_alignment/aam_benchmarks/golden_full_20260906/937/aam.json.gz
938,recovered,recovered,True,/project/yunhengzou/coordinate_alignment/aam_benchmarks/golden_full_20260906/938/aam.json.gz
939,recovered,recovered,True,/project/yunhengzou/coordinate_alignment/aam_benchmarks/golden_full_20260906/939/aam.json.gz
940,recovered,recovered,True,/project/yunhengzou/coordinate_alignment/aam_benchmarks/golden_full_20260906/940/aam.json.gz
941,recovered,recovered,True,/project/yunhengzou/coordinate_alignment/aam_benchmarks/golden_full_20260906/941/aam.json.gz
942,recovered,recovered,True,/project/yunhengzou/coordinate_alignment/aam_benchmarks/golden_full_20260906/942/aam.json.gz
943,recovered,recovered,True,/project/yunhengzou/coordinate_alignment/aam_benchmarks/golden_full_20260906/943/aam.json.gz
944,recovered,recovered,True,/project/yunhengzou/coordinate_alignment/aam_benchmarks/golden_full_20260906/944/aam.json.gz
945,recovered,recovered,True,/project/yunhengzou/coordinate_alignment/aam_benchmarks/golden_full_20260906/945/aam.json.gz
946,recovered,recovered,True,/project/yunhengzou/coordinate_alignment/aam_benchmarks/golden_full_20260906/946/aam.json.gz
947,recovered,recovered,True,/project/yunhengzou/coordinate_alignment/aam_benchmarks/golden_full_20260906/947/aam.json.gz
948,recovered,recovered,True,/project/yunhengzou/coordinate_alignment/aam_benchmarks/golden_full_20260906/948/aam.json.gz
949,recovered,recovered,True,/project/yunhengzou/coordinate_alignment/aam_benchmarks/golden_full_20260906/949/aam.json.gz
950,recovered,recovered,True,/project/yunhengzou/coordinate_alignment/aam_benchmarks/golden_full_20260906/950/aam.json.gz
951,recovered,recovered,True,/project/yunhengzou/coordinate_alignment/aam_benchmarks/golden_full_20260906/951/aam.json.gz
952,recovered,recovered,True,/project/yunhengzou/coordinate_alignment/aam_benchmarks/golden_full_20260906/952/aam.json.gz
953,recovered,recovered,True,/project/yunhengzou/coordinate_alignment/aam_benchmarks/golden_full_20260906/953/aam.json.gz
954,recovered,recovered,True,/project/yunhengzou/coordinate_alignment/aam_benchmarks/golden_full_20260906/954/aam.json.gz
955,recovered,recovered,True,/project/yunhengzou/coordinate_alignment/aam_benchmarks/golden_full_20260906/955/aam.json.gz
956,recovered,recovered,True,/project/yunhengzou/coordinate_alignment/aam_benchmarks/golden_full_20260906/956/aam.json.gz
957,recovered,recovered,True,/project/yunhengzou/coordinate_alignment/aam_benchmarks/golden_full_20260906/957/aam.json.gz
958,recovered,recovered,True,/project/yunhengzou/coordinate_alignment/aam_benchmarks/golden_full_20260906/958/aam.json.gz
959,recovered,recovered,True,/project/yunhengzou/coordinate_alignment/aam_benchmarks/golden_full_20260906/959/aam.json.gz
960,recovered,recovered,True,/project/yunhengzou/coordinate_alignment/aam_benchmarks/golden_full_20260906/960/aam.json.gz
961,recovered,recovered,True,/project/yunhengzou/coordinate_alignment/aam_benchmarks/golden_full_20260906/961/aam.json.gz
962,recovered,recovered,False,/project/yunhengzou/coordinate_alignment/aam_benchmarks/golden_full_20260906/962/aam.json.gz
963,recovered,recovered,True,/project/yunhengzou/coordinate_alignment/aam_benchmarks/golden_full_20260906/963/aam.json.gz
964,not_recovered,not_recovered,False,/project/yunhengzou/coordinate_alignment/aam_benchmarks/golden_full_20260906/964/aam.json.gz
965,recovered,recovered,True,/project/yunhengzou/coordinate_alignment/aam_benchmarks/golden_full_20260906/965/aam.json.gz
966,recovered,recovered,True,/project/yunhengzou/coordinate_alignment/aam_benchmarks/golden_full_20260906/966/aam.json.gz
967,recovered,recovered,True,/project/yunhengzou/coordinate_alignment/aam_benchmarks/golden_full_20260906/967/aam.json.gz
968,recovered,recovered,True,/project/yunhengzou/coordinate_alignment/aam_benchmarks/golden_completion_20260906/968/aam.json.gz
969,recovered,recovered,True,/project/yunhengzou/coordinate_alignment/aam_benchmarks/golden_full_20260906/969/aam.json.gz
970,recovered,recovered,True,/project/yunhengzou/coordinate_alignment/aam_benchmarks/golden_full_20260906/970/aam.json.gz
971,recovered,recovered,True,/project/yunhengzou/coordinate_alignment/aam_benchmarks/golden_full_20260906/971/aam.json.gz
972,recovered,recovered,True,/project/yunhengzou/coordinate_alignment/aam_benchmarks/golden_full_20260906/972/aam.json.gz
973,recovered,recovered,True,/project/yunhengzou/coordinate_alignment/aam_benchmarks/golden_full_20260906/973/aam.json.gz
974,recovered,recovered,True,/project/yunhengzou/coordinate_alignment/aam_benchmarks/golden_full_20260906/974/aam.json.gz
975,recovered,recovered,True,/project/yunhengzou/coordinate_alignment/aam_benchmarks/golden_full_20260906/975/aam.json.gz
976,recovered,recovered,True,/project/yunhengzou/coordinate_alignment/aam_benchmarks/golden_full_20260906/976/aam.json.gz
977,recovered,recovered,True,/project/yunhengzou/coordinate_alignment/aam_benchmarks/golden_full_20260906/977/aam.json.gz
978,recovered,recovered,True,/project/yunhengzou/coordinate_alignment/aam_benchmarks/golden_full_20260906/978/aam.json.gz
979,recovered,recovered,True,/project/yunhengzou/coordinate_alignment/aam_benchmarks/golden_full_20260906/979/aam.json.gz
980,recovered,recovered,True,/project/yunhengzou/coordinate_alignment/aam_benchmarks/golden_full_20260906/980/aam.json.gz
981,recovered,recovered,True,/project/yunhengzou/coordinate_alignment/aam_benchmarks/golden_full_20260906/981/aam.json.gz
982,recovered,recovered,True,/project/yunhengzou/coordinate_alignment/aam_benchmarks/golden_full_20260906/982/aam.json.gz
983,recovered,recovered,True,/project/yunhengzou/coordinate_alignment/aam_benchmarks/golden_full_20260906/983/aam.json.gz
984,recovered,recovered,True,/project/yunhengzou/coordinate_alignment/aam_benchmarks/golden_full_20260906/984/aam.json.gz
985,recovered,recovered,True,/project/yunhengzou/coordinate_alignment/aam_benchmarks/golden_full_20260906/985/aam.json.gz
986,not_recovered,not_recovered,False,/project/yunhengzou/coordinate_alignment/aam_benchmarks/golden_full_20260906/986/aam.json.gz
987,recovered,recovered,True,/project/yunhengzou/coordinate_alignment/aam_benchmarks/golden_full_20260906/987/aam.json.gz
988,recovered,recovered,True,/project/yunhengzou/coordinate_alignment/aam_benchmarks/golden_full_20260906/988/aam.json.gz
989,recovered,recovered,True,/project/yunhengzou/coordinate_alignment/aam_benchmarks/golden_full_20260906/989/aam.json.gz
990,recovered,recovered,True,/project/yunhengzou/coordinate_alignment/aam_benchmarks/golden_full_20260906/990/aam.json.gz
991,recovered,recovered,True,/project/yunhengzou/coordinate_alignment/aam_benchmarks/golden_full_20260906/991/aam.json.gz
992,recovered,recovered,False,/project/yunhengzou/coordinate_alignment/aam_benchmarks/golden_full_20260906/992/aam.json.gz
993,recovered,recovered,True,/project/yunhengzou/coordinate_alignment/aam_benchmarks/golden_full_20260906/993/aam.json.gz
994,recovered,recovered,True,/project/yunhengzou/coordinate_alignment/aam_benchmarks/golden_full_20260906/994/aam.json.gz
995,recovered,recovered,True,/project/yunhengzou/coordinate_alignment/aam_benchmarks/golden_full_20260906/995/aam.json.gz
996,recovered,recovered,True,/project/yunhengzou/coordinate_alignment/aam_benchmarks/golden_full_20260906/996/aam.json.gz
997,recovered,recovered,True,/project/yunhengzou/coordinate_alignment/aam_benchmarks/golden_full_20260906/997/aam.json.gz
998,recovered,recovered,True,/project/yunhengzou/coordinate_alignment/aam_benchmarks/golden_full_20260906/998/aam.json.gz
999,recovered,recovered,True,/project/yunhengzou/coordinate_alignment/aam_benchmarks/golden_full_20260906/999/aam.json.gz
1000,recovered,recovered,True,/project/yunhengzou/coordinate_alignment/aam_benchmarks/golden_full_20260906/1000/aam.json.gz
1001,recovered,recovered,True,/project/yunhengzou/coordinate_alignment/aam_benchmarks/golden_full_20260906/1001/aam.json.gz
1002,recovered,recovered,True,/project/yunhengzou/coordinate_alignment/aam_benchmarks/golden_full_20260906/1002/aam.json.gz
1003,recovered,recovered,False,/project/yunhengzou/coordinate_alignment/aam_benchmarks/golden_full_20260906/1003/aam.json.gz
1004,recovered,recovered,True,/project/yunhengzou/coordinate_alignment/aam_benchmarks/golden_full_20260906/1004/aam.json.gz
1005,recovered,recovered,True,/project/yunhengzou/coordinate_alignment/aam_benchmarks/golden_full_20260906/1005/aam.json.gz
1006,recovered,recovered,True,/project/yunhengzou/coordinate_alignment/aam_benchmarks/golden_full_20260906/1006/aam.json.gz
1007,recovered,recovered,True,/project/yunhengzou/coordinate_alignment/aam_benchmarks/golden_full_20260906/1007/aam.json.gz
1008,recovered,recovered,True,/project/yunhengzou/coordinate_alignment/aam_benchmarks/golden_full_20260906/1008/aam.json.gz
1009,recovered,recovered,True,/project/yunhengzou/coordinate_alignment/aam_benchmarks/golden_full_20260906/1009/aam.json.gz
1010,recovered,recovered,True,/project/yunhengzou/coordinate_alignment/aam_benchmarks/golden_full_20260906/1010/aam.json.gz
1011,recovered,recovered,False,/project/yunhengzou/coordinate_alignment/aam_benchmarks/golden_full_20260906/1011/aam.json.gz
1012,recovered,recovered,False,/project/yunhengzou/coordinate_alignment/aam_benchmarks/golden_full_20260906/1012/aam.json.gz
1013,recovered,recovered,True,/project/yunhengzou/coordinate_alignment/aam_benchmarks/golden_full_20260906/1013/aam.json.gz
1014,recovered,recovered,True,/project/yunhengzou/coordinate_alignment/aam_benchmarks/golden_full_20260906/1014/aam.json.gz
1015,recovered,recovered,True,/project/yunhengzou/coordinate_alignment/aam_benchmarks/golden_full_20260906/1015/aam.json.gz
1016,recovered,recovered,True,/project/yunhengzou/coordinate_alignment/aam_benchmarks/golden_full_20260906/1016/aam.json.gz
1017,recovered,recovered,True,/project/yunhengzou/coordinate_alignment/aam_benchmarks/golden_full_20260906/1017/aam.json.gz
1018,recovered,recovered,True,/project/yunhengzou/coordinate_alignment/aam_benchmarks/golden_full_20260906/1018/aam.json.gz
1019,recovered,recovered,True,/project/yunhengzou/coordinate_alignment/aam_benchmarks/golden_full_20260906/1019/aam.json.gz
1020,recovered,recovered,True,/project/yunhengzou/coordinate_alignment/aam_benchmarks/golden_full_20260906/1020/aam.json.gz
1021,recovered,recovered,False,/project/yunhengzou/coordinate_alignment/aam_benchmarks/golden_full_20260906/1021/aam.json.gz
1022,recovered,recovered,False,/project/yunhengzou/coordinate_alignment/aam_benchmarks/golden_full_20260906/1022/aam.json.gz
1023,recovered,recovered,True,/project/yunhengzou/coordinate_alignment/aam_benchmarks/golden_full_20260906/1023/aam.json.gz
1024,recovered,recovered,False,/project/yunhengzou/coordinate_alignment/aam_benchmarks/golden_full_20260906/1024/aam.json.gz
1025,recovered,recovered,True,/project/yunhengzou/coordinate_alignment/aam_benchmarks/golden_full_20260906/1025/aam.json.gz
1026,recovered,recovered,True,/project/yunhengzou/coordinate_alignment/aam_benchmarks/golden_full_20260906/1026/aam.json.gz
1027,recovered,recovered,True,/project/yunhengzou/coordinate_alignment/aam_benchmarks/golden_full_20260906/1027/aam.json.gz
1028,recovered,recovered,False,/project/yunhengzou/coordinate_alignment/aam_benchmarks/golden_full_20260906/1028/aam.json.gz
1029,recovered,recovered,True,/project/yunhengzou/coordinate_alignment/aam_benchmarks/golden_full_20260906/1029/aam.json.gz
1030,recovered,recovered,False,/project/yunhengzou/coordinate_alignment/aam_benchmarks/golden_full_20260906/1030/aam.json.gz
1031,not_recovered,not_recovered,False,/project/yunhengzou/coordinate_alignment/aam_benchmarks/golden_completion_20260906/1031/aam.json.gz
1032,recovered,recovered,False,/project/yunhengzou/coordinate_alignment/aam_benchmarks/golden_full_20260906/1032/aam.json.gz
1033,unknown,unknown,False,/project/yunhengzou/coordinate_alignment/aam_benchmarks/golden_full_20260906/1033/aam.json.gz
1034,not_recovered,not_recovered,False,/project/yunhengzou/coordinate_alignment/aam_benchmarks/golden_full_20260906/1034/aam.json.gz
1035,recovered,recovered,False,/project/yunhengzou/coordinate_alignment/aam_benchmarks/golden_full_20260906/1035/aam.json.gz
1036,recovered,recovered,False,/project/yunhengzou/coordinate_alignment/aam_benchmarks/golden_full_20260906/1036/aam.json.gz
1037,recovered,recovered,True,/project/yunhengzou/coordinate_alignment/aam_benchmarks/golden_full_20260906/1037/aam.json.gz
1038,recovered,recovered,True,/project/yunhengzou/coordinate_alignment/aam_benchmarks/golden_full_20260906/1038/aam.json.gz
1039,recovered,recovered,True,/project/yunhengzou/coordinate_alignment/aam_benchmarks/golden_full_20260906/1039/aam.json.gz
1040,recovered,recovered,True,/project/yunhengzou/coordinate_alignment/aam_benchmarks/golden_full_20260906/1040/aam.json.gz
1041,recovered,recovered,True,/project/yunhengzou/coordinate_alignment/aam_benchmarks/golden_full_20260906/1041/aam.json.gz
1042,recovered,recovered,True,/project/yunhengzou/coordinate_alignment/aam_benchmarks/golden_full_20260906/1042/aam.json.gz
1043,recovered,recovered,True,/project/yunhengzou/coordinate_alignment/aam_benchmarks/golden_full_20260906/1043/aam.json.gz
1044,recovered,recovered,True,/project/yunhengzou/coordinate_alignment/aam_benchmarks/golden_full_20260906/1044/aam.json.gz
1045,recovered,recovered,True,/project/yunhengzou/coordinate_alignment/aam_benchmarks/golden_full_20260906/1045/aam.json.gz
1046,recovered,recovered,True,/project/yunhengzou/coordinate_alignment/aam_benchmarks/golden_full_20260906/1046/aam.json.gz
1047,recovered,recovered,True,/project/yunhengzou/coordinate_alignment/aam_benchmarks/golden_full_20260906/1047/aam.json.gz
1048,recovered,recovered,True,/project/yunhengzou/coordinate_alignment/aam_benchmarks/golden_full_20260906/1048/aam.json.gz
1049,recovered,recovered,True,/project/yunhengzou/coordinate_alignment/aam_benchmarks/golden_full_20260906/1049/aam.json.gz
1050,recovered,recovered,True,/project/yunhengzou/coordinate_alignment/aam_benchmarks/golden_full_20260906/1050/aam.json.gz
1051,recovered,recovered,True,/project/yunhengzou/coordinate_alignment/aam_benchmarks/golden_full_20260906/1051/aam.json.gz
1052,recovered,recovered,True,/project/yunhengzou/coordinate_alignment/aam_benchmarks/golden_full_20260906/1052/aam.json.gz
1053,recovered,recovered,True,/project/yunhengzou/coordinate_alignment/aam_benchmarks/golden_full_20260906/1053/aam.json.gz
1054,recovered,recovered,True,/project/yunhengzou/coordinate_alignment/aam_benchmarks/golden_full_20260906/1054/aam.json.gz
1055,recovered,recovered,True,/project/yunhengzou/coordinate_alignment/aam_benchmarks/golden_full_20260906/1055/aam.json.gz
1056,recovered,recovered,True,/project/yunhengzou/coordinate_alignment/aam_benchmarks/golden_full_20260906/1056/aam.json.gz
1057,recovered,recovered,True,/project/yunhengzou/coordinate_alignment/aam_benchmarks/golden_full_20260906/1057/aam.json.gz
1058,recovered,recovered,True,/project/yunhengzou/coordinate_alignment/aam_benchmarks/golden_full_20260906/1058/aam.json.gz
1059,recovered,recovered,True,/project/yunhengzou/coordinate_alignment/aam_benchmarks/golden_full_20260906/1059/aam.json.gz
1060,recovered,recovered,True,/project/yunhengzou/coordinate_alignment/aam_benchmarks/golden_full_20260906/1060/aam.json.gz
1061,recovered,recovered,True,/project/yunhengzou/coordinate_alignment/aam_benchmarks/golden_full_20260906/1061/aam.json.gz
1062,recovered,recovered,True,/project/yunhengzou/coordinate_alignment/aam_benchmarks/golden_full_20260906/1062/aam.json.gz
1063,recovered,recovered,True,/project/yunhengzou/coordinate_alignment/aam_benchmarks/golden_full_20260906/1063/aam.json.gz
1064,recovered,recovered,True,/project/yunhengzou/coordinate_alignment/aam_benchmarks/golden_full_20260906/1064/aam.json.gz
1065,recovered,recovered,True,/project/yunhengzou/coordinate_alignment/aam_benchmarks/golden_full_20260906/1065/aam.json.gz
1066,recovered,recovered,True,/project/yunhengzou/coordinate_alignment/aam_benchmarks/golden_full_20260906/1066/aam.json.gz
1067,recovered,recovered,True,/project/yunhengzou/coordinate_alignment/aam_benchmarks/golden_full_20260906/1067/aam.json.gz
1068,recovered,recovered,True,/project/yunhengzou/coordinate_alignment/aam_benchmarks/golden_full_20260906/1068/aam.json.gz
1069,recovered,recovered,True,/project/yunhengzou/coordinate_alignment/aam_benchmarks/golden_full_20260906/1069/aam.json.gz
1070,recovered,recovered,True,/project/yunhengzou/coordinate_alignment/aam_benchmarks/golden_full_20260906/1070/aam.json.gz
1071,recovered,recovered,False,/project/yunhengzou/coordinate_alignment/aam_benchmarks/golden_full_20260906/1071/aam.json.gz
1072,recovered,recovered,True,/project/yunhengzou/coordinate_alignment/aam_benchmarks/golden_full_20260906/1072/aam.json.gz
1073,recovered,recovered,True,/project/yunhengzou/coordinate_alignment/aam_benchmarks/golden_full_20260906/1073/aam.json.gz
1074,recovered,recovered,True,/project/yunhengzou/coordinate_alignment/aam_benchmarks/golden_full_20260906/1074/aam.json.gz
1075,recovered,recovered,True,/project/yunhengzou/coordinate_alignment/aam_benchmarks/golden_full_20260906/1075/aam.json.gz
1076,recovered,recovered,True,/project/yunhengzou/coordinate_alignment/aam_benchmarks/golden_full_20260906/1076/aam.json.gz
1077,recovered,recovered,True,/project/yunhengzou/coordinate_alignment/aam_benchmarks/golden_full_20260906/1077/aam.json.gz
1078,recovered,recovered,True,/project/yunhengzou/coordinate_alignment/aam_benchmarks/golden_full_20260906/1078/aam.json.gz
1079,recovered,recovered,True,/project/yunhengzou/coordinate_alignment/aam_benchmarks/golden_full_20260906/1079/aam.json.gz
1080,recovered,recovered,True,/project/yunhengzou/coordinate_alignment/aam_benchmarks/golden_full_20260906/1080/aam.json.gz
1081,recovered,recovered,True,/project/yunhengzou/coordinate_alignment/aam_benchmarks/golden_full_20260906/1081/aam.json.gz
1082,recovered,recovered,True,/project/yunhengzou/coordinate_alignment/aam_benchmarks/golden_full_20260906/1082/aam.json.gz
1083,not_recovered,not_recovered,False,/project/yunhengzou/coordinate_alignment/aam_benchmarks/golden_full_20260906/1083/aam.json.gz
1084,recovered,recovered,True,/project/yunhengzou/coordinate_alignment/aam_benchmarks/golden_full_20260906/1084/aam.json.gz
1085,recovered,recovered,True,/project/yunhengzou/coordinate_alignment/aam_benchmarks/golden_full_20260906/1085/aam.json.gz
1086,recovered,recovered,True,/project/yunhengzou/coordinate_alignment/aam_benchmarks/golden_full_20260906/1086/aam.json.gz
1087,recovered,recovered,False,/project/yunhengzou/coordinate_alignment/aam_benchmarks/golden_full_20260906/1087/aam.json.gz
1088,recovered,recovered,True,/project/yunhengzou/coordinate_alignment/aam_benchmarks/golden_full_20260906/1088/aam.json.gz
1089,recovered,recovered,True,/project/yunhengzou/coordinate_alignment/aam_benchmarks/golden_full_20260906/1089/aam.json.gz
1090,recovered,recovered,True,/project/yunhengzou/coordinate_alignment/aam_benchmarks/golden_full_20260906/1090/aam.json.gz
1091,recovered,recovered,True,/project/yunhengzou/coordinate_alignment/aam_benchmarks/golden_full_20260906/1091/aam.json.gz
1092,recovered,recovered,True,/project/yunhengzou/coordinate_alignment/aam_benchmarks/golden_full_20260906/1092/aam.json.gz
1093,recovered,recovered,True,/project/yunhengzou/coordinate_alignment/aam_benchmarks/golden_full_20260906/1093/aam.json.gz
1094,recovered,recovered,True,/project/yunhengzou/coordinate_alignment/aam_benchmarks/golden_full_20260906/1094/aam.json.gz
1095,recovered,recovered,True,/project/yunhengzou/coordinate_alignment/aam_benchmarks/golden_full_20260906/1095/aam.json.gz
1096,recovered,recovered,True,/project/yunhengzou/coordinate_alignment/aam_benchmarks/golden_full_20260906/1096/aam.json.gz
1097,recovered,recovered,True,/project/yunhengzou/coordinate_alignment/aam_benchmarks/golden_full_20260906/1097/aam.json.gz
1098,recovered,recovered,True,/project/yunhengzou/coordinate_alignment/aam_benchmarks/golden_full_20260906/1098/aam.json.gz
1099,recovered,recovered,True,/project/yunhengzou/coordinate_alignment/aam_benchmarks/golden_full_20260906/1099/aam.json.gz
1100,recovered,recovered,True,/project/yunhengzou/coordinate_alignment/aam_benchmarks/golden_completion_20260906/1100/aam.json.gz
1101,recovered,recovered,True,/project/yunhengzou/coordinate_alignment/aam_benchmarks/golden_full_20260906/1101/aam.json.gz
1102,recovered,recovered,True,/project/yunhengzou/coordinate_alignment/aam_benchmarks/golden_full_20260906/1102/aam.json.gz
1103,recovered,recovered,True,/project/yunhengzou/coordinate_alignment/aam_benchmarks/golden_full_20260906/1103/aam.json.gz
1104,recovered,recovered,True,/project/yunhengzou/coordinate_alignment/aam_benchmarks/golden_full_20260906/1104/aam.json.gz
1105,recovered,recovered,True,/project/yunhengzou/coordinate_alignment/aam_benchmarks/golden_full_20260906/1105/aam.json.gz
1106,recovered,recovered,True,/project/yunhengzou/coordinate_alignment/aam_benchmarks/golden_full_20260906/1106/aam.json.gz
1107,recovered,recovered,True,/project/yunhengzou/coordinate_alignment/aam_benchmarks/golden_full_20260906/1107/aam.json.gz
1108,recovered,recovered,True,/project/yunhengzou/coordinate_alignment/aam_benchmarks/golden_full_20260906/1108/aam.json.gz
1109,recovered,recovered,True,/project/yunhengzou/coordinate_alignment/aam_benchmarks/golden_full_20260906/1109/aam.json.gz
1110,recovered,recovered,True,/project/yunhengzou/coordinate_alignment/aam_benchmarks/golden_full_20260906/1110/aam.json.gz
1111,recovered,recovered,False,/project/yunhengzou/coordinate_alignment/aam_benchmarks/golden_full_20260906/1111/aam.json.gz
1112,recovered,recovered,False,/project/yunhengzou/coordinate_alignment/aam_benchmarks/golden_full_20260906/1112/aam.json.gz
1113,recovered,recovered,True,/project/yunhengzou/coordinate_alignment/aam_benchmarks/golden_full_20260906/1113/aam.json.gz
1114,recovered,recovered,True,/project/yunhengzou/coordinate_alignment/aam_benchmarks/golden_full_20260906/1114/aam.json.gz
1115,recovered,recovered,True,/project/yunhengzou/coordinate_alignment/aam_benchmarks/golden_full_20260906/1115/aam.json.gz
1116,recovered,recovered,True,/project/yunhengzou/coordinate_alignment/aam_benchmarks/golden_full_20260906/1116/aam.json.gz
1117,recovered,recovered,True,/project/yunhengzou/coordinate_alignment/aam_benchmarks/golden_full_20260906/1117/aam.json.gz
1118,recovered,recovered,False,/project/yunhengzou/coordinate_alignment/aam_benchmarks/golden_full_20260906/1118/aam.json.gz
1119,recovered,recovered,True,/project/yunhengzou/coordinate_alignment/aam_benchmarks/golden_full_20260906/1119/aam.json.gz
1120,recovered,recovered,True,/project/yunhengzou/coordinate_alignment/aam_benchmarks/golden_full_20260906/1120/aam.json.gz
1121,recovered,recovered,True,/project/yunhengzou/coordinate_alignment/aam_benchmarks/golden_full_20260906/1121/aam.json.gz
1122,recovered,recovered,True,/project/yunhengzou/coordinate_alignment/aam_benchmarks/golden_full_20260906/1122/aam.json.gz
1123,recovered,recovered,True,/project/yunhengzou/coordinate_alignment/aam_benchmarks/golden_full_20260906/1123/aam.json.gz
1124,recovered,recovered,True,/project/yunhengzou/coordinate_alignment/aam_benchmarks/golden_full_20260906/1124/aam.json.gz
1125,recovered,recovered,True,/project/yunhengzou/coordinate_alignment/aam_benchmarks/golden_full_20260906/1125/aam.json.gz
1126,recovered,recovered,True,/project/yunhengzou/coordinate_alignment/aam_benchmarks/golden_full_20260906/1126/aam.json.gz
1127,recovered,recovered,True,/project/yunhengzou/coordinate_alignment/aam_benchmarks/golden_full_20260906/1127/aam.json.gz
1128,recovered,recovered,True,/project/yunhengzou/coordinate_alignment/aam_benchmarks/golden_full_20260906/1128/aam.json.gz
1129,recovered,recovered,False,/project/yunhengzou/coordinate_alignment/aam_benchmarks/golden_full_20260906/1129/aam.json.gz
1130,recovered,recovered,True,/project/yunhengzou/coordinate_alignment/aam_benchmarks/golden_full_20260906/1130/aam.json.gz
1131,recovered,recovered,True,/project/yunhengzou/coordinate_alignment/aam_benchmarks/golden_full_20260906/1131/aam.json.gz
1132,recovered,recovered,False,/project/yunhengzou/coordinate_alignment/aam_benchmarks/golden_full_20260906/1132/aam.json.gz
1133,recovered,recovered,True,/project/yunhengzou/coordinate_alignment/aam_benchmarks/golden_full_20260906/1133/aam.json.gz
1134,recovered,recovered,True,/project/yunhengzou/coordinate_alignment/aam_benchmarks/golden_full_20260906/1134/aam.json.gz
1135,recovered,recovered,True,/project/yunhengzou/coordinate_alignment/aam_benchmarks/golden_full_20260906/1135/aam.json.gz
1136,recovered,recovered,True,/project/yunhengzou/coordinate_alignment/aam_benchmarks/golden_full_20260906/1136/aam.json.gz
1137,recovered,recovered,True,/project/yunhengzou/coordinate_alignment/aam_benchmarks/golden_full_20260906/1137/aam.json.gz
1138,recovered,recovered,True,/project/yunhengzou/coordinate_alignment/aam_benchmarks/golden_full_20260906/1138/aam.json.gz
1139,recovered,recovered,True,/project/yunhengzou/coordinate_alignment/aam_benchmarks/golden_full_20260906/1139/aam.json.gz
1140,recovered,recovered,True,/project/yunhengzou/coordinate_alignment/aam_benchmarks/golden_full_20260906/1140/aam.json.gz
1141,recovered,recovered,True,/project/yunhengzou/coordinate_alignment/aam_benchmarks/golden_full_20260906/1141/aam.json.gz
1143,recovered,recovered,True,/project/yunhengzou/coordinate_alignment/aam_benchmarks/golden_full_20260906/1143/aam.json.gz
1145,recovered,recovered,True,/project/yunhengzou/coordinate_alignment/aam_benchmarks/golden_full_20260906/1145/aam.json.gz
1147,recovered,recovered,False,/project/yunhengzou/coordinate_alignment/aam_benchmarks/golden_full_20260906/1147/aam.json.gz
1148,recovered,recovered,True,/project/yunhengzou/coordinate_alignment/aam_benchmarks/golden_full_20260906/1148/aam.json.gz
1149,recovered,recovered,True,/project/yunhengzou/coordinate_alignment/aam_benchmarks/golden_full_20260906/1149/aam.json.gz
1150,recovered,recovered,True,/project/yunhengzou/coordinate_alignment/aam_benchmarks/golden_full_20260906/1150/aam.json.gz
1154,recovered,recovered,True,/project/yunhengzou/coordinate_alignment/aam_benchmarks/golden_full_20260906/1154/aam.json.gz
1156,recovered,recovered,True,/project/yunhengzou/coordinate_alignment/aam_benchmarks/golden_full_20260906/1156/aam.json.gz
1158,recovered,recovered,True,/project/yunhengzou/coordinate_alignment/aam_benchmarks/golden_full_20260906/1158/aam.json.gz
1163,recovered,recovered,True,/project/yunhengzou/coordinate_alignment/aam_benchmarks/golden_full_20260906/1163/aam.json.gz
1164,recovered,recovered,True,/project/yunhengzou/coordinate_alignment/aam_benchmarks/golden_full_20260906/1164/aam.json.gz
1165,recovered,recovered,True,/project/yunhengzou/coordinate_alignment/aam_benchmarks/golden_full_20260906/1165/aam.json.gz
1168,recovered,recovered,True,/project/yunhengzou/coordinate_alignment/aam_benchmarks/golden_full_20260906/1168/aam.json.gz
1172,not_recovered,not_recovered,False,/project/yunhengzou/coordinate_alignment/aam_benchmarks/golden_full_20260906/1172/aam.json.gz
1176,recovered,recovered,True,/project/yunhengzou/coordinate_alignment/aam_benchmarks/golden_full_20260906/1176/aam.json.gz
1179,recovered,recovered,True,/project/yunhengzou/coordinate_alignment/aam_benchmarks/golden_full_20260906/1179/aam.json.gz
1180,recovered,recovered,True,/project/yunhengzou/coordinate_alignment/aam_benchmarks/golden_full_20260906/1180/aam.json.gz
1181,recovered,recovered,True,/project/yunhengzou/coordinate_alignment/aam_benchmarks/golden_full_20260906/1181/aam.json.gz
1185,recovered,recovered,True,/project/yunhengzou/coordinate_alignment/aam_benchmarks/golden_full_20260906/1185/aam.json.gz
1186,recovered,recovered,True,/project/yunhengzou/coordinate_alignment/aam_benchmarks/golden_full_20260906/1186/aam.json.gz
1187,recovered,recovered,True,/project/yunhengzou/coordinate_alignment/aam_benchmarks/golden_full_20260906/1187/aam.json.gz
1189,recovered,recovered,True,/project/yunhengzou/coordinate_alignment/aam_benchmarks/golden_full_20260906/1189/aam.json.gz
1190,recovered,recovered,True,/project/yunhengzou/coordinate_alignment/aam_benchmarks/golden_full_20260906/1190/aam.json.gz
1193,recovered,recovered,True,/project/yunhengzou/coordinate_alignment/aam_benchmarks/golden_full_20260906/1193/aam.json.gz
1194,recovered,recovered,True,/project/yunhengzou/coordinate_alignment/aam_benchmarks/golden_full_20260906/1194/aam.json.gz
1196,recovered,recovered,True,/project/yunhengzou/coordinate_alignment/aam_benchmarks/golden_full_20260906/1196/aam.json.gz
1206,recovered,recovered,False,/project/yunhengzou/coordinate_alignment/aam_benchmarks/golden_full_20260906/1206/aam.json.gz
1207,recovered,recovered,True,/project/yunhengzou/coordinate_alignment/aam_benchmarks/golden_full_20260906/1207/aam.json.gz
1208,recovered,recovered,True,/project/yunhengzou/coordinate_alignment/aam_benchmarks/golden_full_20260906/1208/aam.json.gz
1210,recovered,recovered,True,/project/yunhengzou/coordinate_alignment/aam_benchmarks/golden_full_20260906/1210/aam.json.gz
1211,recovered,recovered,True,/project/yunhengzou/coordinate_alignment/aam_benchmarks/golden_full_20260906/1211/aam.json.gz
1212,recovered,recovered,True,/project/yunhengzou/coordinate_alignment/aam_benchmarks/golden_full_20260906/1212/aam.json.gz
1213,recovered,recovered,True,/project/yunhengzou/coordinate_alignment/aam_benchmarks/golden_full_20260906/1213/aam.json.gz
1215,recovered,recovered,False,/project/yunhengzou/coordinate_alignment/aam_benchmarks/golden_full_20260906/1215/aam.json.gz
1218,recovered,recovered,True,/project/yunhengzou/coordinate_alignment/aam_benchmarks/golden_full_20260906/1218/aam.json.gz
1221,recovered,recovered,True,/project/yunhengzou/coordinate_alignment/aam_benchmarks/golden_full_20260906/1221/aam.json.gz
1222,recovered,recovered,True,/project/yunhengzou/coordinate_alignment/aam_benchmarks/golden_full_20260906/1222/aam.json.gz
1224,recovered,recovered,True,/project/yunhengzou/coordinate_alignment/aam_benchmarks/golden_full_20260906/1224/aam.json.gz
1226,recovered,recovered,True,/project/yunhengzou/coordinate_alignment/aam_benchmarks/golden_full_20260906/1226/aam.json.gz
1227,not_recovered,not_recovered,False,/project/yunhengzou/coordinate_alignment/aam_benchmarks/golden_full_20260906/1227/aam.json.gz
1228,not_recovered,not_recovered,False,/project/yunhengzou/coordinate_alignment/aam_benchmarks/golden_full_20260906/1228/aam.json.gz
1229,recovered,recovered,True,/project/yunhengzou/coordinate_alignment/aam_benchmarks/golden_full_20260906/1229/aam.json.gz
1230,recovered,recovered,False,/project/yunhengzou/coordinate_alignment/aam_benchmarks/golden_full_20260906/1230/aam.json.gz
1231,recovered,recovered,True,/project/yunhengzou/coordinate_alignment/aam_benchmarks/golden_full_20260906/1231/aam.json.gz
1232,recovered,recovered,True,/project/yunhengzou/coordinate_alignment/aam_benchmarks/golden_full_20260906/1232/aam.json.gz
1233,recovered,recovered,True,/project/yunhengzou/coordinate_alignment/aam_benchmarks/golden_full_20260906/1233/aam.json.gz
1234,recovered,recovered,True,/project/yunhengzou/coordinate_alignment/aam_benchmarks/golden_full_20260906/1234/aam.json.gz
1235,recovered,recovered,True,/project/yunhengzou/coordinate_alignment/aam_benchmarks/golden_full_20260906/1235/aam.json.gz
1236,recovered,recovered,True,/project/yunhengzou/coordinate_alignment/aam_benchmarks/golden_full_20260906/1236/aam.json.gz
1238,recovered,recovered,True,/project/yunhengzou/coordinate_alignment/aam_benchmarks/golden_full_20260906/1238/aam.json.gz
1239,recovered,recovered,True,/project/yunhengzou/coordinate_alignment/aam_benchmarks/golden_full_20260906/1239/aam.json.gz
1240,recovered,recovered,True,/project/yunhengzou/coordinate_alignment/aam_benchmarks/golden_full_20260906/1240/aam.json.gz
1241,recovered,recovered,True,/project/yunhengzou/coordinate_alignment/aam_benchmarks/golden_full_20260906/1241/aam.json.gz
1244,recovered,recovered,True,/project/yunhengzou/coordinate_alignment/aam_benchmarks/golden_full_20260906/1244/aam.json.gz
1246,recovered,recovered,True,/project/yunhengzou/coordinate_alignment/aam_benchmarks/golden_full_20260906/1246/aam.json.gz
1252,recovered,recovered,True,/project/yunhengzou/coordinate_alignment/aam_benchmarks/golden_full_20260906/1252/aam.json.gz
1253,recovered,recovered,True,/project/yunhengzou/coordinate_alignment/aam_benchmarks/golden_full_20260906/1253/aam.json.gz
1258,recovered,recovered,True,/project/yunhengzou/coordinate_alignment/aam_benchmarks/golden_full_20260906/1258/aam.json.gz
1260,recovered,recovered,True,/project/yunhengzou/coordinate_alignment/aam_benchmarks/golden_full_20260906/1260/aam.json.gz
1262,recovered,recovered,True,/project/yunhengzou/coordinate_alignment/aam_benchmarks/golden_full_20260906/1262/aam.json.gz
1263,recovered,recovered,True,/project/yunhengzou/coordinate_alignment/aam_benchmarks/golden_full_20260906/1263/aam.json.gz
1266,recovered,recovered,True,/project/yunhengzou/coordinate_alignment/aam_benchmarks/golden_full_20260906/1266/aam.json.gz
1267,recovered,recovered,True,/project/yunhengzou/coordinate_alignment/aam_benchmarks/golden_full_20260906/1267/aam.json.gz
1268,recovered,recovered,True,/project/yunhengzou/coordinate_alignment/aam_benchmarks/golden_full_20260906/1268/aam.json.gz
1269,recovered,recovered,True,/project/yunhengzou/coordinate_alignment/aam_benchmarks/golden_full_20260906/1269/aam.json.gz
1271,recovered,recovered,True,/project/yunhengzou/coordinate_alignment/aam_benchmarks/golden_full_20260906/1271/aam.json.gz
1272,recovered,recovered,True,/project/yunhengzou/coordinate_alignment/aam_benchmarks/golden_full_20260906/1272/aam.json.gz
1273,recovered,recovered,True,/project/yunhengzou/coordinate_alignment/aam_benchmarks/golden_full_20260906/1273/aam.json.gz
1274,recovered,recovered,True,/project/yunhengzou/coordinate_alignment/aam_benchmarks/golden_full_20260906/1274/aam.json.gz
1275,recovered,recovered,True,/project/yunhengzou/coordinate_alignment/aam_benchmarks/golden_full_20260906/1275/aam.json.gz
1277,recovered,recovered,True,/project/yunhengzou/coordinate_alignment/aam_benchmarks/golden_full_20260906/1277/aam.json.gz
1278,recovered,recovered,True,/project/yunhengzou/coordinate_alignment/aam_benchmarks/golden_full_20260906/1278/aam.json.gz
1279,recovered,recovered,True,/project/yunhengzou/coordinate_alignment/aam_benchmarks/golden_full_20260906/1279/aam.json.gz
1282,recovered,recovered,True,/project/yunhengzou/coordinate_alignment/aam_benchmarks/golden_full_20260906/1282/aam.json.gz
1283,recovered,recovered,True,/project/yunhengzou/coordinate_alignment/aam_benchmarks/golden_full_20260906/1283/aam.json.gz
1285,not_recovered,not_recovered,False,/project/yunhengzou/coordinate_alignment/aam_benchmarks/golden_full_20260906/1285/aam.json.gz
1287,recovered,recovered,True,/project/yunhengzou/coordinate_alignment/aam_benchmarks/golden_full_20260906/1287/aam.json.gz
1288,recovered,recovered,True,/project/yunhengzou/coordinate_alignment/aam_benchmarks/golden_full_20260906/1288/aam.json.gz
1289,recovered,recovered,True,/project/yunhengzou/coordinate_alignment/aam_benchmarks/golden_full_20260906/1289/aam.json.gz
1290,recovered,recovered,True,/project/yunhengzou/coordinate_alignment/aam_benchmarks/golden_full_20260906/1290/aam.json.gz
1293,recovered,recovered,True,/project/yunhengzou/coordinate_alignment/aam_benchmarks/golden_full_20260906/1293/aam.json.gz
1294,recovered,recovered,True,/project/yunhengzou/coordinate_alignment/aam_benchmarks/golden_full_20260906/1294/aam.json.gz
1296,recovered,recovered,True,/project/yunhengzou/coordinate_alignment/aam_benchmarks/golden_full_20260906/1296/aam.json.gz
1298,recovered,recovered,True,/project/yunhengzou/coordinate_alignment/aam_benchmarks/golden_full_20260906/1298/aam.json.gz
1299,recovered,recovered,True,/project/yunhengzou/coordinate_alignment/aam_benchmarks/golden_full_20260906/1299/aam.json.gz
1302,recovered,recovered,True,/project/yunhengzou/coordinate_alignment/aam_benchmarks/golden_full_20260906/1302/aam.json.gz
1304,recovered,recovered,True,/project/yunhengzou/coordinate_alignment/aam_benchmarks/golden_full_20260906/1304/aam.json.gz
1305,recovered,recovered,True,/project/yunhengzou/coordinate_alignment/aam_benchmarks/golden_full_20260906/1305/aam.json.gz
1306,recovered,recovered,True,/project/yunhengzou/coordinate_alignment/aam_benchmarks/golden_full_20260906/1306/aam.json.gz
1307,recovered,recovered,True,/project/yunhengzou/coordinate_alignment/aam_benchmarks/golden_full_20260906/1307/aam.json.gz
1308,recovered,recovered,True,/project/yunhengzou/coordinate_alignment/aam_benchmarks/golden_full_20260906/1308/aam.json.gz
1310,recovered,recovered,True,/project/yunhengzou/coordinate_alignment/aam_benchmarks/golden_full_20260906/1310/aam.json.gz
1311,recovered,recovered,True,/project/yunhengzou/coordinate_alignment/aam_benchmarks/golden_full_20260906/1311/aam.json.gz
1312,not_recovered,not_recovered,False,/project/yunhengzou/coordinate_alignment/aam_benchmarks/golden_full_20260906/1312/aam.json.gz
1314,not_recovered,not_recovered,False,/project/yunhengzou/coordinate_alignment/aam_benchmarks/golden_full_20260906/1314/aam.json.gz
1315,recovered,recovered,True,/project/yunhengzou/coordinate_alignment/aam_benchmarks/golden_full_20260906/1315/aam.json.gz
1316,recovered,recovered,True,/project/yunhengzou/coordinate_alignment/aam_benchmarks/golden_full_20260906/1316/aam.json.gz
1317,recovered,recovered,True,/project/yunhengzou/coordinate_alignment/aam_benchmarks/golden_full_20260906/1317/aam.json.gz
1318,recovered,recovered,True,/project/yunhengzou/coordinate_alignment/aam_benchmarks/golden_full_20260906/1318/aam.json.gz
1319,recovered,recovered,False,/project/yunhengzou/coordinate_alignment/aam_benchmarks/golden_full_20260906/1319/aam.json.gz
1320,recovered,recovered,True,/project/yunhengzou/coordinate_alignment/aam_benchmarks/golden_full_20260906/1320/aam.json.gz
1321,recovered,recovered,True,/project/yunhengzou/coordinate_alignment/aam_benchmarks/golden_full_20260906/1321/aam.json.gz
1322,recovered,recovered,True,/project/yunhengzou/coordinate_alignment/aam_benchmarks/golden_full_20260906/1322/aam.json.gz
1323,recovered,recovered,True,/project/yunhengzou/coordinate_alignment/aam_benchmarks/golden_full_20260906/1323/aam.json.gz
1325,recovered,recovered,True,/project/yunhengzou/coordinate_alignment/aam_benchmarks/golden_full_20260906/1325/aam.json.gz
1326,recovered,recovered,False,/project/yunhengzou/coordinate_alignment/aam_benchmarks/golden_full_20260906/1326/aam.json.gz
1327,recovered,recovered,False,/project/yunhengzou/coordinate_alignment/aam_benchmarks/golden_full_20260906/1327/aam.json.gz
1328,recovered,recovered,True,/project/yunhengzou/coordinate_alignment/aam_benchmarks/golden_full_20260906/1328/aam.json.gz
1330,recovered,recovered,True,/project/yunhengzou/coordinate_alignment/aam_benchmarks/golden_full_20260906/1330/aam.json.gz
1331,recovered,recovered,True,/project/yunhengzou/coordinate_alignment/aam_benchmarks/golden_full_20260906/1331/aam.json.gz
1333,recovered,recovered,True,/project/yunhengzou/coordinate_alignment/aam_benchmarks/golden_full_20260906/1333/aam.json.gz
1335,recovered,recovered,True,/project/yunhengzou/coordinate_alignment/aam_benchmarks/golden_full_20260906/1335/aam.json.gz
1336,recovered,recovered,True,/project/yunhengzou/coordinate_alignment/aam_benchmarks/golden_full_20260906/1336/aam.json.gz
1337,recovered,recovered,True,/project/yunhengzou/coordinate_alignment/aam_benchmarks/golden_full_20260906/1337/aam.json.gz
1338,recovered,recovered,True,/project/yunhengzou/coordinate_alignment/aam_benchmarks/golden_full_20260906/1338/aam.json.gz
1339,recovered,recovered,True,/project/yunhengzou/coordinate_alignment/aam_benchmarks/golden_full_20260906/1339/aam.json.gz
1340,recovered,recovered,True,/project/yunhengzou/coordinate_alignment/aam_benchmarks/golden_full_20260906/1340/aam.json.gz
1341,recovered,recovered,True,/project/yunhengzou/coordinate_alignment/aam_benchmarks/golden_full_20260906/1341/aam.json.gz
1342,recovered,recovered,True,/project/yunhengzou/coordinate_alignment/aam_benchmarks/golden_full_20260906/1342/aam.json.gz
1343,recovered,recovered,True,/project/yunhengzou/coordinate_alignment/aam_benchmarks/golden_full_20260906/1343/aam.json.gz
1344,recovered,recovered,True,/project/yunhengzou/coordinate_alignment/aam_benchmarks/golden_full_20260906/1344/aam.json.gz
1345,recovered,recovered,True,/project/yunhengzou/coordinate_alignment/aam_benchmarks/golden_full_20260906/1345/aam.json.gz
1347,recovered,recovered,True,/project/yunhengzou/coordinate_alignment/aam_benchmarks/golden_full_20260906/1347/aam.json.gz
1348,recovered,recovered,True,/project/yunhengzou/coordinate_alignment/aam_benchmarks/golden_full_20260906/1348/aam.json.gz
1349,recovered,recovered,True,/project/yunhengzou/coordinate_alignment/aam_benchmarks/golden_full_20260906/1349/aam.json.gz
1351,unknown,unknown,False,/project/yunhengzou/coordinate_alignment/aam_benchmarks/golden_completion_20260906/1351/aam.json.gz
1352,recovered,recovered,False,/project/yunhengzou/coordinate_alignment/aam_benchmarks/golden_full_20260906/1352/aam.json.gz
1353,recovered,recovered,False,/project/yunhengzou/coordinate_alignment/aam_benchmarks/golden_full_20260906/1353/aam.json.gz
1355,recovered,recovered,True,/project/yunhengzou/coordinate_alignment/aam_benchmarks/golden_full_20260906/1355/aam.json.gz
1356,recovered,recovered,False,/project/yunhengzou/coordinate_alignment/aam_benchmarks/golden_full_20260906/1356/aam.json.gz
1357,recovered,recovered,False,/project/yunhengzou/coordinate_alignment/aam_benchmarks/golden_full_20260906/1357/aam.json.gz
1359,recovered,recovered,True,/project/yunhengzou/coordinate_alignment/aam_benchmarks/golden_full_20260906/1359/aam.json.gz
1360,recovered,recovered,True,/project/yunhengzou/coordinate_alignment/aam_benchmarks/golden_full_20260906/1360/aam.json.gz
1361,recovered,recovered,True,/project/yunhengzou/coordinate_alignment/aam_benchmarks/golden_full_20260906/1361/aam.json.gz
1362,recovered,recovered,True,/project/yunhengzou/coordinate_alignment/aam_benchmarks/golden_full_20260906/1362/aam.json.gz
1363,recovered,recovered,True,/project/yunhengzou/coordinate_alignment/aam_benchmarks/golden_full_20260906/1363/aam.json.gz
1364,recovered,recovered,True,/project/yunhengzou/coordinate_alignment/aam_benchmarks/golden_full_20260906/1364/aam.json.gz
1365,recovered,recovered,False,/project/yunhengzou/coordinate_alignment/aam_benchmarks/golden_completion_20260906/1365/aam.json.gz
1366,recovered,recovered,True,/project/yunhengzou/coordinate_alignment/aam_benchmarks/golden_full_20260906/1366/aam.json.gz
1367,recovered,recovered,True,/project/yunhengzou/coordinate_alignment/aam_benchmarks/golden_full_20260906/1367/aam.json.gz
1368,recovered,recovered,True,/project/yunhengzou/coordinate_alignment/aam_benchmarks/golden_full_20260906/1368/aam.json.gz
1369,recovered,recovered,True,/project/yunhengzou/coordinate_alignment/aam_benchmarks/golden_full_20260906/1369/aam.json.gz
1370,not_recovered,not_recovered,False,/project/yunhengzou/coordinate_alignment/aam_benchmarks/golden_completion_20260906/1370/aam.json.gz
1371,not_recovered,not_recovered,False,/project/yunhengzou/coordinate_alignment/aam_benchmarks/golden_full_20260906/1371/aam.json.gz
1372,recovered,recovered,True,/project/yunhengzou/coordinate_alignment/aam_benchmarks/golden_full_20260906/1372/aam.json.gz
1373,recovered,recovered,True,/project/yunhengzou/coordinate_alignment/aam_benchmarks/golden_full_20260906/1373/aam.json.gz
1375,recovered,recovered,True,/project/yunhengzou/coordinate_alignment/aam_benchmarks/golden_full_20260906/1375/aam.json.gz
1376,recovered,recovered,True,/project/yunhengzou/coordinate_alignment/aam_benchmarks/golden_full_20260906/1376/aam.json.gz
1378,recovered,recovered,True,/project/yunhengzou/coordinate_alignment/aam_benchmarks/golden_full_20260906/1378/aam.json.gz
1379,recovered,recovered,True,/project/yunhengzou/coordinate_alignment/aam_benchmarks/golden_full_20260906/1379/aam.json.gz
1380,recovered,recovered,False,/project/yunhengzou/coordinate_alignment/aam_benchmarks/golden_full_20260906/1380/aam.json.gz
1381,recovered,recovered,True,/project/yunhengzou/coordinate_alignment/aam_benchmarks/golden_full_20260906/1381/aam.json.gz
1382,recovered,recovered,False,/project/yunhengzou/coordinate_alignment/aam_benchmarks/golden_full_20260906/1382/aam.json.gz
1383,recovered,recovered,True,/project/yunhengzou/coordinate_alignment/aam_benchmarks/golden_full_20260906/1383/aam.json.gz
1384,not_recovered,not_recovered,False,/project/yunhengzou/coordinate_alignment/aam_benchmarks/golden_full_20260906/1384/aam.json.gz
1385,recovered,recovered,True,/project/yunhengzou/coordinate_alignment/aam_benchmarks/golden_full_20260906/1385/aam.json.gz
1386,recovered,recovered,True,/project/yunhengzou/coordinate_alignment/aam_benchmarks/golden_completion_20260906/1386/aam.json.gz
1387,not_recovered,not_recovered,False,/project/yunhengzou/coordinate_alignment/aam_benchmarks/golden_full_20260906/1387/aam.json.gz
1388,recovered,recovered,True,/project/yunhengzou/coordinate_alignment/aam_benchmarks/golden_full_20260906/1388/aam.json.gz
1389,recovered,recovered,True,/project/yunhengzou/coordinate_alignment/aam_benchmarks/golden_full_20260906/1389/aam.json.gz
1390,recovered,recovered,True,/project/yunhengzou/coordinate_alignment/aam_benchmarks/golden_full_20260906/1390/aam.json.gz
1391,recovered,recovered,True,/project/yunhengzou/coordinate_alignment/aam_benchmarks/golden_full_20260906/1391/aam.json.gz
1392,unknown,not_recovered,False,/project/yunhengzou/coordinate_alignment/aam_benchmarks/golden_completion_20260906/1392/aam.json.gz
1393,recovered,recovered,True,/project/yunhengzou/coordinate_alignment/aam_benchmarks/golden_full_20260906/1393/aam.json.gz
1394,recovered,recovered,True,/project/yunhengzou/coordinate_alignment/aam_benchmarks/golden_full_20260906/1394/aam.json.gz
1395,not_recovered,not_recovered,False,/project/yunhengzou/coordinate_alignment/aam_benchmarks/golden_full_20260906/1395/aam.json.gz
1396,recovered,recovered,True,/project/yunhengzou/coordinate_alignment/aam_benchmarks/golden_full_20260906/1396/aam.json.gz
1397,recovered,recovered,True,/project/yunhengzou/coordinate_alignment/aam_benchmarks/golden_full_20260906/1397/aam.json.gz
1398,recovered,recovered,True,/project/yunhengzou/coordinate_alignment/aam_benchmarks/golden_full_20260906/1398/aam.json.gz
1399,recovered,recovered,True,/project/yunhengzou/coordinate_alignment/aam_benchmarks/golden_full_20260906/1399/aam.json.gz
1400,recovered,recovered,True,/project/yunhengzou/coordinate_alignment/aam_benchmarks/golden_full_20260906/1400/aam.json.gz
1401,recovered,recovered,True,/project/yunhengzou/coordinate_alignment/aam_benchmarks/golden_full_20260906/1401/aam.json.gz
1402,recovered,recovered,True,/project/yunhengzou/coordinate_alignment/aam_benchmarks/golden_full_20260906/1402/aam.json.gz
1403,recovered,recovered,True,/project/yunhengzou/coordinate_alignment/aam_benchmarks/golden_full_20260906/1403/aam.json.gz
1404,recovered,recovered,True,/project/yunhengzou/coordinate_alignment/aam_benchmarks/golden_completion_20260906/1404/aam.json.gz
1405,not_recovered,not_recovered,False,/project/yunhengzou/coordinate_alignment/aam_benchmarks/golden_full_20260906/1405/aam.json.gz
1406,recovered,recovered,True,/project/yunhengzou/coordinate_alignment/aam_benchmarks/golden_full_20260906/1406/aam.json.gz
1407,recovered,recovered,True,/project/yunhengzou/coordinate_alignment/aam_benchmarks/golden_full_20260906/1407/aam.json.gz
1408,recovered,recovered,True,/project/yunhengzou/coordinate_alignment/aam_benchmarks/golden_full_20260906/1408/aam.json.gz
1409,not_recovered,not_recovered,False,/project/yunhengzou/coordinate_alignment/aam_benchmarks/golden_completion_20260906/1409/aam.json.gz
1410,not_recovered,not_recovered,False,/project/yunhengzou/coordinate_alignment/aam_benchmarks/golden_completion_20260906/1410/aam.json.gz
1411,recovered,recovered,True,/project/yunhengzou/coordinate_alignment/aam_benchmarks/golden_full_20260906/1411/aam.json.gz
1412,recovered,recovered,True,/project/yunhengzou/coordinate_alignment/aam_benchmarks/golden_completion_20260906/1412/aam.json.gz
1413,recovered,recovered,True,/project/yunhengzou/coordinate_alignment/aam_benchmarks/golden_full_20260906/1413/aam.json.gz
1414,not_recovered,not_recovered,False,/project/yunhengzou/coordinate_alignment/aam_benchmarks/golden_full_20260906/1414/aam.json.gz
1415,recovered,recovered,True,/project/yunhengzou/coordinate_alignment/aam_benchmarks/golden_full_20260906/1415/aam.json.gz
1416,recovered,recovered,True,/project/yunhengzou/coordinate_alignment/aam_benchmarks/golden_full_20260906/1416/aam.json.gz
1417,recovered,recovered,True,/project/yunhengzou/coordinate_alignment/aam_benchmarks/golden_full_20260906/1417/aam.json.gz
1418,recovered,recovered,True,/project/yunhengzou/coordinate_alignment/aam_benchmarks/golden_full_20260906/1418/aam.json.gz
1419,recovered,recovered,True,/project/yunhengzou/coordinate_alignment/aam_benchmarks/golden_full_20260906/1419/aam.json.gz
1420,recovered,recovered,True,/project/yunhengzou/coordinate_alignment/aam_benchmarks/golden_full_20260906/1420/aam.json.gz
1421,recovered,recovered,True,/project/yunhengzou/coordinate_alignment/aam_benchmarks/golden_full_20260906/1421/aam.json.gz
1422,recovered,recovered,True,/project/yunhengzou/coordinate_alignment/aam_benchmarks/golden_full_20260906/1422/aam.json.gz
1423,recovered,recovered,True,/project/yunhengzou/coordinate_alignment/aam_benchmarks/golden_full_20260906/1423/aam.json.gz
1424,recovered,recovered,True,/project/yunhengzou/coordinate_alignment/aam_benchmarks/golden_full_20260906/1424/aam.json.gz
1425,recovered,recovered,True,/project/yunhengzou/coordinate_alignment/aam_benchmarks/golden_full_20260906/1425/aam.json.gz
1426,recovered,recovered,True,/project/yunhengzou/coordinate_alignment/aam_benchmarks/golden_full_20260906/1426/aam.json.gz
1427,recovered,recovered,True,/project/yunhengzou/coordinate_alignment/aam_benchmarks/golden_full_20260906/1427/aam.json.gz
1428,recovered,recovered,True,/project/yunhengzou/coordinate_alignment/aam_benchmarks/golden_full_20260906/1428/aam.json.gz
1429,not_recovered,not_recovered,False,/project/yunhengzou/coordinate_alignment/aam_benchmarks/golden_completion_20260906/1429/aam.json.gz
1430,recovered,recovered,True,/project/yunhengzou/coordinate_alignment/aam_benchmarks/golden_full_20260906/1430/aam.json.gz
1431,recovered,recovered,True,/project/yunhengzou/coordinate_alignment/aam_benchmarks/golden_full_20260906/1431/aam.json.gz
1432,recovered,recovered,True,/project/yunhengzou/coordinate_alignment/aam_benchmarks/golden_full_20260906/1432/aam.json.gz
1433,recovered,recovered,True,/project/yunhengzou/coordinate_alignment/aam_benchmarks/golden_full_20260906/1433/aam.json.gz
1434,recovered,recovered,True,/project/yunhengzou/coordinate_alignment/aam_benchmarks/golden_full_20260906/1434/aam.json.gz
1435,recovered,recovered,False,/project/yunhengzou/coordinate_alignment/aam_benchmarks/golden_full_20260906/1435/aam.json.gz
1436,recovered,recovered,True,/project/yunhengzou/coordinate_alignment/aam_benchmarks/golden_full_20260906/1436/aam.json.gz
1437,recovered,recovered,True,/project/yunhengzou/coordinate_alignment/aam_benchmarks/golden_full_20260906/1437/aam.json.gz
1438,unknown,recovered,False,/project/yunhengzou/coordinate_alignment/aam_benchmarks/golden_full_20260906/1438/aam.json.gz
1439,recovered,recovered,True,/project/yunhengzou/coordinate_alignment/aam_benchmarks/golden_full_20260906/1439/aam.json.gz
1440,recovered,recovered,True,/project/yunhengzou/coordinate_alignment/aam_benchmarks/golden_full_20260906/1440/aam.json.gz
1441,recovered,recovered,True,/project/yunhengzou/coordinate_alignment/aam_benchmarks/golden_full_20260906/1441/aam.json.gz
1442,recovered,recovered,True,/project/yunhengzou/coordinate_alignment/aam_benchmarks/golden_full_20260906/1442/aam.json.gz
1443,recovered,recovered,True,/project/yunhengzou/coordinate_alignment/aam_benchmarks/golden_full_20260906/1443/aam.json.gz
1444,recovered,recovered,True,/project/yunhengzou/coordinate_alignment/aam_benchmarks/golden_full_20260906/1444/aam.json.gz
1445,recovered,recovered,True,/project/yunhengzou/coordinate_alignment/aam_benchmarks/golden_completion_20260906/1445/aam.json.gz
1446,recovered,recovered,True,/project/yunhengzou/coordinate_alignment/aam_benchmarks/golden_full_20260906/1446/aam.json.gz
1447,recovered,recovered,True,/project/yunhengzou/coordinate_alignment/aam_benchmarks/golden_full_20260906/1447/aam.json.gz
1448,recovered,recovered,True,/project/yunhengzou/coordinate_alignment/aam_benchmarks/golden_full_20260906/1448/aam.json.gz
1449,recovered,recovered,True,/project/yunhengzou/coordinate_alignment/aam_benchmarks/golden_full_20260906/1449/aam.json.gz
1450,recovered,recovered,True,/project/yunhengzou/coordinate_alignment/aam_benchmarks/golden_full_20260906/1450/aam.json.gz
1451,recovered,recovered,True,/project/yunhengzou/coordinate_alignment/aam_benchmarks/golden_full_20260906/1451/aam.json.gz
1452,recovered,recovered,True,/project/yunhengzou/coordinate_alignment/aam_benchmarks/golden_full_20260906/1452/aam.json.gz
1453,not_recovered,not_recovered,False,/project/yunhengzou/coordinate_alignment/aam_benchmarks/golden_completion_20260906/1453/aam.json.gz
1454,not_recovered,not_recovered,False,/project/yunhengzou/coordinate_alignment/aam_benchmarks/golden_completion_20260906/1454/aam.json.gz
1455,recovered,recovered,True,/project/yunhengzou/coordinate_alignment/aam_benchmarks/golden_full_20260906/1455/aam.json.gz
1456,unknown,recovered,False,/project/yunhengzou/coordinate_alignment/aam_benchmarks/golden_full_20260906/1456/aam.json.gz
1457,recovered,recovered,True,/project/yunhengzou/coordinate_alignment/aam_benchmarks/golden_full_20260906/1457/aam.json.gz
1458,recovered,recovered,True,/project/yunhengzou/coordinate_alignment/aam_benchmarks/golden_full_20260906/1458/aam.json.gz
1459,unknown,recovered,False,/project/yunhengzou/coordinate_alignment/aam_benchmarks/golden_full_20260906/1459/aam.json.gz
1460,recovered,recovered,True,/project/yunhengzou/coordinate_alignment/aam_benchmarks/golden_full_20260906/1460/aam.json.gz
1461,recovered,recovered,True,/project/yunhengzou/coordinate_alignment/aam_benchmarks/golden_full_20260906/1461/aam.json.gz
1462,recovered,recovered,True,/project/yunhengzou/coordinate_alignment/aam_benchmarks/golden_full_20260906/1462/aam.json.gz
1463,recovered,recovered,True,/project/yunhengzou/coordinate_alignment/aam_benchmarks/golden_full_20260906/1463/aam.json.gz
1464,recovered,recovered,True,/project/yunhengzou/coordinate_alignment/aam_benchmarks/golden_full_20260906/1464/aam.json.gz
1465,not_recovered,not_recovered,False,/project/yunhengzou/coordinate_alignment/aam_benchmarks/golden_full_20260906/1465/aam.json.gz
1466,recovered,recovered,True,/project/yunhengzou/coordinate_alignment/aam_benchmarks/golden_full_20260906/1466/aam.json.gz
1467,recovered,recovered,True,/project/yunhengzou/coordinate_alignment/aam_benchmarks/golden_full_20260906/1467/aam.json.gz
1468,recovered,recovered,True,/project/yunhengzou/coordinate_alignment/aam_benchmarks/golden_full_20260906/1468/aam.json.gz
1469,recovered,recovered,True,/project/yunhengzou/coordinate_alignment/aam_benchmarks/golden_full_20260906/1469/aam.json.gz
1470,recovered,recovered,True,/project/yunhengzou/coordinate_alignment/aam_benchmarks/golden_full_20260906/1470/aam.json.gz
1471,recovered,recovered,False,/project/yunhengzou/coordinate_alignment/aam_benchmarks/golden_full_20260906/1471/aam.json.gz
1472,recovered,recovered,True,/project/yunhengzou/coordinate_alignment/aam_benchmarks/golden_full_20260906/1472/aam.json.gz
1473,recovered,recovered,True,/project/yunhengzou/coordinate_alignment/aam_benchmarks/golden_full_20260906/1473/aam.json.gz
1474,recovered,recovered,False,/project/yunhengzou/coordinate_alignment/aam_benchmarks/golden_full_20260906/1474/aam.json.gz
1476,recovered,recovered,False,/project/yunhengzou/coordinate_alignment/aam_benchmarks/golden_full_20260906/1476/aam.json.gz
1477,recovered,recovered,False,/project/yunhengzou/coordinate_alignment/aam_benchmarks/golden_full_20260906/1477/aam.json.gz
1478,not_recovered,not_recovered,False,/project/yunhengzou/coordinate_alignment/aam_benchmarks/golden_completion_20260906/1478/aam.json.gz
1479,recovered,recovered,True,/project/yunhengzou/coordinate_alignment/aam_benchmarks/golden_full_20260906/1479/aam.json.gz
1480,recovered,recovered,True,/project/yunhengzou/coordinate_alignment/aam_benchmarks/golden_full_20260906/1480/aam.json.gz
1481,recovered,recovered,True,/project/yunhengzou/coordinate_alignment/aam_benchmarks/golden_full_20260906/1481/aam.json.gz
1482,recovered,recovered,True,/project/yunhengzou/coordinate_alignment/aam_benchmarks/golden_full_20260906/1482/aam.json.gz
1483,recovered,recovered,True,/project/yunhengzou/coordinate_alignment/aam_benchmarks/golden_completion_20260906/1483/aam.json.gz
1484,recovered,recovered,True,/project/yunhengzou/coordinate_alignment/aam_benchmarks/golden_full_20260906/1484/aam.json.gz
1485,recovered,recovered,False,/project/yunhengzou/coordinate_alignment/aam_benchmarks/golden_full_20260906/1485/aam.json.gz
1486,recovered,recovered,True,/project/yunhengzou/coordinate_alignment/aam_benchmarks/golden_full_20260906/1486/aam.json.gz
1487,recovered,recovered,True,/project/yunhengzou/coordinate_alignment/aam_benchmarks/golden_full_20260906/1487/aam.json.gz
1488,recovered,recovered,True,/project/yunhengzou/coordinate_alignment/aam_benchmarks/golden_completion_20260906/1488/aam.json.gz
1489,unknown,recovered,False,/project/yunhengzou/coordinate_alignment/aam_benchmarks/golden_full_20260906/1489/aam.json.gz
1490,recovered,recovered,True,/project/yunhengzou/coordinate_alignment/aam_benchmarks/golden_full_20260906/1490/aam.json.gz
1491,not_recovered,not_recovered,False,/project/yunhengzou/coordinate_alignment/aam_benchmarks/golden_full_20260906/1491/aam.json.gz
1492,recovered,recovered,True,/project/yunhengzou/coordinate_alignment/aam_benchmarks/golden_full_20260906/1492/aam.json.gz
1493,recovered,recovered,True,/project/yunhengzou/coordinate_alignment/aam_benchmarks/golden_full_20260906/1493/aam.json.gz
1494,recovered,recovered,True,/project/yunhengzou/coordinate_alignment/aam_benchmarks/golden_full_20260906/1494/aam.json.gz
1495,recovered,recovered,True,/project/yunhengzou/coordinate_alignment/aam_benchmarks/golden_full_20260906/1495/aam.json.gz
1496,recovered,recovered,True,/project/yunhengzou/coordinate_alignment/aam_benchmarks/golden_full_20260906/1496/aam.json.gz
1497,recovered,recovered,True,/project/yunhengzou/coordinate_alignment/aam_benchmarks/golden_full_20260906/1497/aam.json.gz
1498,recovered,recovered,True,/project/yunhengzou/coordinate_alignment/aam_benchmarks/golden_full_20260906/1498/aam.json.gz
1499,recovered,recovered,False,/project/yunhengzou/coordinate_alignment/aam_benchmarks/golden_full_20260906/1499/aam.json.gz
1500,recovered,recovered,True,/project/yunhengzou/coordinate_alignment/aam_benchmarks/golden_full_20260906/1500/aam.json.gz
1501,recovered,recovered,True,/project/yunhengzou/coordinate_alignment/aam_benchmarks/golden_full_20260906/1501/aam.json.gz
1502,recovered,recovered,True,/project/yunhengzou/coordinate_alignment/aam_benchmarks/golden_full_20260906/1502/aam.json.gz
1503,recovered,recovered,True,/project/yunhengzou/coordinate_alignment/aam_benchmarks/golden_completion_20260906/1503/aam.pkl.gz
1504,recovered,recovered,True,/project/yunhengzou/coordinate_alignment/aam_benchmarks/golden_completion_20260906/1504/aam.json.gz
1505,recovered,recovered,True,/project/yunhengzou/coordinate_alignment/aam_benchmarks/golden_full_20260906/1505/aam.json.gz
1506,recovered,recovered,False,/project/yunhengzou/coordinate_alignment/aam_benchmarks/golden_full_20260906/1506/aam.json.gz
1507,recovered,recovered,False,/project/yunhengzou/coordinate_alignment/aam_benchmarks/golden_full_20260906/1507/aam.json.gz
1508,recovered,recovered,False,/project/yunhengzou/coordinate_alignment/aam_benchmarks/golden_full_20260906/1508/aam.json.gz
1509,recovered,recovered,True,/project/yunhengzou/coordinate_alignment/aam_benchmarks/golden_full_20260906/1509/aam.json.gz
1510,recovered,recovered,True,/project/yunhengzou/coordinate_alignment/aam_benchmarks/golden_full_20260906/1510/aam.json.gz
1511,recovered,recovered,False,/project/yunhengzou/coordinate_alignment/aam_benchmarks/golden_full_20260906/1511/aam.json.gz
1512,recovered,recovered,False,/project/yunhengzou/coordinate_alignment/aam_benchmarks/golden_full_20260906/1512/aam.json.gz
1513,recovered,recovered,True,/project/yunhengzou/coordinate_alignment/aam_benchmarks/golden_full_20260906/1513/aam.json.gz
1514,recovered,recovered,True,/project/yunhengzou/coordinate_alignment/aam_benchmarks/golden_full_20260906/1514/aam.json.gz
1515,recovered,recovered,False,/project/yunhengzou/coordinate_alignment/aam_benchmarks/golden_full_20260906/1515/aam.json.gz
1516,recovered,recovered,False,/project/yunhengzou/coordinate_alignment/aam_benchmarks/golden_full_20260906/1516/aam.json.gz
1517,not_recovered,not_recovered,False,/project/yunhengzou/coordinate_alignment/aam_benchmarks/golden_full_20260906/1517/aam.json.gz
1518,not_recovered,not_recovered,False,/project/yunhengzou/coordinate_alignment/aam_benchmarks/golden_full_20260906/1518/aam.json.gz
1519,recovered,recovered,False,/project/yunhengzou/coordinate_alignment/aam_benchmarks/golden_full_20260906/1519/aam.json.gz
1520,unknown,recovered,False,/project/yunhengzou/coordinate_alignment/aam_benchmarks/golden_full_20260906/1520/aam.json.gz
1521,recovered,recovered,False,/project/yunhengzou/coordinate_alignment/aam_benchmarks/golden_full_20260906/1521/aam.json.gz
1522,unknown,recovered,False,/project/yunhengzou/coordinate_alignment/aam_benchmarks/golden_full_20260906/1522/aam.json.gz
1523,recovered,recovered,False,/project/yunhengzou/coordinate_alignment/aam_benchmarks/golden_full_20260906/1523/aam.json.gz
1524,unknown,not_recovered,False,/project/yunhengzou/coordinate_alignment/aam_benchmarks/golden_full_20260906/1524/aam.json.gz
1525,not_recovered,not_recovered,False,/project/yunhengzou/coordinate_alignment/aam_benchmarks/golden_full_20260906/1525/aam.json.gz
1526,not_recovered,not_recovered,False,/project/yunhengzou/coordinate_alignment/aam_benchmarks/golden_full_20260906/1526/aam.json.gz
1527,recovered,recovered,False,/project/yunhengzou/coordinate_alignment/aam_benchmarks/golden_full_20260906/1527/aam.json.gz
1528,recovered,recovered,True,/project/yunhengzou/coordinate_alignment/aam_benchmarks/golden_full_20260906/1528/aam.json.gz
1529,recovered,recovered,True,/project/yunhengzou/coordinate_alignment/aam_benchmarks/golden_full_20260906/1529/aam.json.gz
1530,recovered,recovered,True,/project/yunhengzou/coordinate_alignment/aam_benchmarks/golden_full_20260906/1530/aam.json.gz
1531,recovered,recovered,False,/project/yunhengzou/coordinate_alignment/aam_benchmarks/golden_full_20260906/1531/aam.json.gz
1532,recovered,recovered,False,/project/yunhengzou/coordinate_alignment/aam_benchmarks/golden_full_20260906/1532/aam.json.gz
1533,not_recovered,not_recovered,False,/project/yunhengzou/coordinate_alignment/aam_benchmarks/golden_completion_20260906/1533/aam.json.gz
1534,recovered,recovered,False,/project/yunhengzou/coordinate_alignment/aam_benchmarks/golden_full_20260906/1534/aam.json.gz
1535,recovered,recovered,True,/project/yunhengzou/coordinate_alignment/aam_benchmarks/golden_full_20260906/1535/aam.json.gz
1536,recovered,recovered,False,/project/yunhengzou/coordinate_alignment/aam_benchmarks/golden_full_20260906/1536/aam.json.gz
1537,recovered,recovered,False,/project/yunhengzou/coordinate_alignment/aam_benchmarks/golden_full_20260906/1537/aam.json.gz
1538,recovered,recovered,True,/project/yunhengzou/coordinate_alignment/aam_benchmarks/golden_full_20260906/1538/aam.json.gz
1539,recovered,recovered,True,/project/yunhengzou/coordinate_alignment/aam_benchmarks/golden_full_20260906/1539/aam.json.gz
1540,recovered,recovered,False,/project/yunhengzou/coordinate_alignment/aam_benchmarks/golden_full_20260906/1540/aam.json.gz
1541,recovered,recovered,True,/project/yunhengzou/coordinate_alignment/aam_benchmarks/golden_full_20260906/1541/aam.json.gz
1542,recovered,recovered,True,/project/yunhengzou/coordinate_alignment/aam_benchmarks/golden_full_20260906/1542/aam.json.gz
1543,recovered,recovered,True,/project/yunhengzou/coordinate_alignment/aam_benchmarks/golden_full_20260906/1543/aam.json.gz
1544,recovered,recovered,True,/project/yunhengzou/coordinate_alignment/aam_benchmarks/golden_full_20260906/1544/aam.json.gz
1545,recovered,recovered,True,/project/yunhengzou/coordinate_alignment/aam_benchmarks/golden_full_20260906/1545/aam.json.gz
1546,not_recovered,not_recovered,False,/project/yunhengzou/coordinate_alignment/aam_benchmarks/golden_full_20260906/1546/aam.json.gz
1547,not_recovered,not_recovered,False,/project/yunhengzou/coordinate_alignment/aam_benchmarks/golden_completion_20260906/1547/aam.json.gz
1548,recovered,recovered,True,/project/yunhengzou/coordinate_alignment/aam_benchmarks/golden_full_20260906/1548/aam.json.gz
1549,recovered,recovered,False,/project/yunhengzou/coordinate_alignment/aam_benchmarks/golden_full_20260906/1549/aam.json.gz
1550,recovered,recovered,False,/project/yunhengzou/coordinate_alignment/aam_benchmarks/golden_full_20260906/1550/aam.json.gz
1551,recovered,recovered,False,/project/yunhengzou/coordinate_alignment/aam_benchmarks/golden_full_20260906/1551/aam.json.gz
1552,recovered,recovered,False,/project/yunhengzou/coordinate_alignment/aam_benchmarks/golden_full_20260906/1552/aam.json.gz
1553,not_recovered,not_recovered,False,/project/yunhengzou/coordinate_alignment/aam_benchmarks/golden_full_20260906/1553/aam.json.gz
1554,not_recovered,not_recovered,False,/project/yunhengzou/coordinate_alignment/aam_benchmarks/golden_full_20260906/1554/aam.json.gz
1555,recovered,recovered,True,/project/yunhengzou/coordinate_alignment/aam_benchmarks/golden_full_20260906/1555/aam.json.gz
1556,recovered,recovered,True,/project/yunhengzou/coordinate_alignment/aam_benchmarks/golden_full_20260906/1556/aam.json.gz
1557,recovered,recovered,True,/project/yunhengzou/coordinate_alignment/aam_benchmarks/golden_full_20260906/1557/aam.json.gz
1558,recovered,recovered,True,/project/yunhengzou/coordinate_alignment/aam_benchmarks/golden_completion_20260906/1558/aam.json.gz
1559,recovered,recovered,True,/project/yunhengzou/coordinate_alignment/aam_benchmarks/golden_full_20260906/1559/aam.json.gz
1560,not_recovered,not_recovered,False,/project/yunhengzou/coordinate_alignment/aam_benchmarks/golden_full_20260906/1560/aam.json.gz
1561,unknown,not_recovered,False,/project/yunhengzou/coordinate_alignment/aam_benchmarks/golden_completion_20260906/1561/aam.pkl.gz
1562,recovered,recovered,True,/project/yunhengzou/coordinate_alignment/aam_benchmarks/golden_completion_20260906/1562/aam.json.gz
1563,recovered,recovered,True,/project/yunhengzou/coordinate_alignment/aam_benchmarks/golden_full_20260906/1563/aam.json.gz
1564,not_recovered,not_recovered,False,/project/yunhengzou/coordinate_alignment/aam_benchmarks/golden_completion_20260906/1564/aam.json.gz
1565,recovered,recovered,True,/project/yunhengzou/coordinate_alignment/aam_benchmarks/golden_full_20260906/1565/aam.json.gz
1566,recovered,recovered,True,/project/yunhengzou/coordinate_alignment/aam_benchmarks/golden_full_20260906/1566/aam.json.gz
1567,not_recovered,not_recovered,False,/project/yunhengzou/coordinate_alignment/aam_benchmarks/golden_completion_20260906/1567/aam.pkl.gz
1568,not_recovered,not_recovered,False,/project/yunhengzou/coordinate_alignment/aam_benchmarks/golden_full_20260906/1568/aam.json.gz
1569,recovered,recovered,True,/project/yunhengzou/coordinate_alignment/aam_benchmarks/golden_full_20260906/1569/aam.json.gz
1570,recovered,recovered,False,/project/yunhengzou/coordinate_alignment/aam_benchmarks/golden_full_20260906/1570/aam.json.gz
1571,not_recovered,not_recovered,False,/project/yunhengzou/coordinate_alignment/aam_benchmarks/golden_full_20260906/1571/aam.json.gz
1572,recovered,recovered,False,/project/yunhengzou/coordinate_alignment/aam_benchmarks/golden_full_20260906/1572/aam.json.gz
1573,recovered,recovered,True,/project/yunhengzou/coordinate_alignment/aam_benchmarks/golden_full_20260906/1573/aam.json.gz
1574,not_recovered,not_recovered,False,/project/yunhengzou/coordinate_alignment/aam_benchmarks/golden_full_20260906/1574/aam.json.gz
1575,recovered,recovered,True,/project/yunhengzou/coordinate_alignment/aam_benchmarks/golden_full_20260906/1575/aam.json.gz
1576,recovered,recovered,True,/project/yunhengzou/coordinate_alignment/aam_benchmarks/golden_full_20260906/1576/aam.json.gz
1577,not_recovered,not_recovered,False,/project/yunhengzou/coordinate_alignment/aam_benchmarks/golden_full_20260906/1577/aam.json.gz
1578,recovered,recovered,False,/project/yunhengzou/coordinate_alignment/aam_benchmarks/golden_full_20260906/1578/aam.json.gz
1579,not_recovered,not_recovered,False,/project/yunhengzou/coordinate_alignment/aam_benchmarks/golden_full_20260906/1579/aam.json.gz
1580,recovered,recovered,False,/project/yunhengzou/coordinate_alignment/aam_benchmarks/golden_full_20260906/1580/aam.json.gz
1581,recovered,recovered,True,/project/yunhengzou/coordinate_alignment/aam_benchmarks/golden_completion_20260906/1581/aam.json.gz
1582,recovered,recovered,False,/project/yunhengzou/coordinate_alignment/aam_benchmarks/golden_full_20260906/1582/aam.json.gz
1583,recovered,recovered,False,/project/yunhengzou/coordinate_alignment/aam_benchmarks/golden_full_20260906/1583/aam.json.gz
1584,recovered,recovered,True,/project/yunhengzou/coordinate_alignment/aam_benchmarks/golden_full_20260906/1584/aam.json.gz
1585,unknown,recovered,False,/project/yunhengzou/coordinate_alignment/aam_benchmarks/golden_completion_20260906/1585/aam.json.gz
1586,not_recovered,not_recovered,False,/project/yunhengzou/coordinate_alignment/aam_benchmarks/golden_completion_20260906/1586/aam.json.gz
1587,not_recovered,not_recovered,False,/project/yunhengzou/coordinate_alignment/aam_benchmarks/golden_full_20260906/1587/aam.json.gz
1588,recovered,recovered,False,/project/yunhengzou/coordinate_alignment/aam_benchmarks/golden_full_20260906/1588/aam.json.gz
1589,recovered,recovered,False,/project/yunhengzou/coordinate_alignment/aam_benchmarks/golden_full_20260906/1589/aam.json.gz
1590,not_recovered,not_recovered,False,/project/yunhengzou/coordinate_alignment/aam_benchmarks/golden_full_20260906/1590/aam.json.gz
1591,recovered,recovered,False,/project/yunhengzou/coordinate_alignment/aam_benchmarks/golden_full_20260906/1591/aam.json.gz
1592,not_recovered,not_recovered,False,/project/yunhengzou/coordinate_alignment/aam_benchmarks/golden_completion_20260906/1592/aam.json.gz
1593,recovered,recovered,False,/project/yunhengzou/coordinate_alignment/aam_benchmarks/golden_completion_20260906/1593/aam.json.gz
1594,recovered,recovered,False,/project/yunhengzou/coordinate_alignment/aam_benchmarks/golden_full_20260906/1594/aam.json.gz
1595,recovered,recovered,False,/project/yunhengzou/coordinate_alignment/aam_benchmarks/golden_full_20260906/1595/aam.json.gz
1596,recovered,recovered,True,/project/yunhengzou/coordinate_alignment/aam_benchmarks/golden_full_20260906/1596/aam.json.gz
1597,recovered,recovered,True,/project/yunhengzou/coordinate_alignment/aam_benchmarks/golden_full_20260906/1597/aam.json.gz
1598,recovered,recovered,True,/project/yunhengzou/coordinate_alignment/aam_benchmarks/golden_full_20260906/1598/aam.json.gz
1599,not_recovered,not_recovered,False,/project/yunhengzou/coordinate_alignment/aam_benchmarks/golden_completion_20260906/1599/aam.json.gz
1600,recovered,recovered,False,/project/yunhengzou/coordinate_alignment/aam_benchmarks/golden_full_20260906/1600/aam.json.gz
1601,recovered,recovered,False,/project/yunhengzou/coordinate_alignment/aam_benchmarks/golden_full_20260906/1601/aam.json.gz
1602,recovered,recovered,False,/project/yunhengzou/coordinate_alignment/aam_benchmarks/golden_full_20260906/1602/aam.json.gz
1603,recovered,recovered,False,/project/yunhengzou/coordinate_alignment/aam_benchmarks/golden_full_20260906/1603/aam.json.gz
1604,recovered,recovered,False,/project/yunhengzou/coordinate_alignment/aam_benchmarks/golden_full_20260906/1604/aam.json.gz
1605,recovered,recovered,True,/project/yunhengzou/coordinate_alignment/aam_benchmarks/golden_full_20260906/1605/aam.json.gz
1606,recovered,recovered,False,/project/yunhengzou/coordinate_alignment/aam_benchmarks/golden_completion_20260906/1606/aam.json.gz
1607,recovered,recovered,True,/project/yunhengzou/coordinate_alignment/aam_benchmarks/golden_full_20260906/1607/aam.json.gz
1608,recovered,recovered,True,/project/yunhengzou/coordinate_alignment/aam_benchmarks/golden_full_20260906/1608/aam.json.gz
1609,not_recovered,not_recovered,False,/project/yunhengzou/coordinate_alignment/aam_benchmarks/golden_full_20260906/1609/aam.json.gz
1610,recovered,recovered,True,/project/yunhengzou/coordinate_alignment/aam_benchmarks/golden_full_20260906/1610/aam.json.gz
1611,recovered,recovered,True,/project/yunhengzou/coordinate_alignment/aam_benchmarks/golden_full_20260906/1611/aam.json.gz
1612,not_recovered,not_recovered,False,/project/yunhengzou/coordinate_alignment/aam_benchmarks/golden_full_20260906/1612/aam.json.gz
1613,recovered,recovered,False,/project/yunhengzou/coordinate_alignment/aam_benchmarks/golden_full_20260906/1613/aam.json.gz
1614,recovered,recovered,False,/project/yunhengzou/coordinate_alignment/aam_benchmarks/golden_full_20260906/1614/aam.json.gz
1615,recovered,recovered,False,/project/yunhengzou/coordinate_alignment/aam_benchmarks/golden_full_20260906/1615/aam.json.gz
1616,recovered,recovered,True,/project/yunhengzou/coordinate_alignment/aam_benchmarks/golden_full_20260906/1616/aam.json.gz
1617,recovered,recovered,True,/project/yunhengzou/coordinate_alignment/aam_benchmarks/golden_full_20260906/1617/aam.json.gz
1618,recovered,recovered,False,/project/yunhengzou/coordinate_alignment/aam_benchmarks/golden_full_20260906/1618/aam.json.gz
1619,recovered,recovered,True,/project/yunhengzou/coordinate_alignment/aam_benchmarks/golden_full_20260906/1619/aam.json.gz
1620,recovered,recovered,True,/project/yunhengzou/coordinate_alignment/aam_benchmarks/golden_full_20260906/1620/aam.json.gz
1621,not_recovered,not_recovered,False,/project/yunhengzou/coordinate_alignment/aam_benchmarks/golden_completion_20260906/1621/aam.json.gz
1622,recovered,recovered,False,/project/yunhengzou/coordinate_alignment/aam_benchmarks/golden_full_20260906/1622/aam.json.gz
1623,recovered,recovered,True,/project/yunhengzou/coordinate_alignment/aam_benchmarks/golden_full_20260906/1623/aam.json.gz
1624,recovered,recovered,True,/project/yunhengzou/coordinate_alignment/aam_benchmarks/golden_completion_20260906/1624/aam.json.gz
1625,recovered,recovered,False,/project/yunhengzou/coordinate_alignment/aam_benchmarks/golden_full_20260906/1625/aam.json.gz
1626,not_recovered,not_recovered,False,/project/yunhengzou/coordinate_alignment/aam_benchmarks/golden_full_20260906/1626/aam.json.gz
1627,recovered,recovered,False,/project/yunhengzou/coordinate_alignment/aam_benchmarks/golden_full_20260906/1627/aam.json.gz
1628,recovered,recovered,False,/project/yunhengzou/coordinate_alignment/aam_benchmarks/golden_full_20260906/1628/aam.json.gz
1629,recovered,recovered,False,/project/yunhengzou/coordinate_alignment/aam_benchmarks/golden_full_20260906/1629/aam.json.gz
1630,recovered,recovered,False,/project/yunhengzou/coordinate_alignment/aam_benchmarks/golden_full_20260906/1630/aam.json.gz
1631,recovered,recovered,False,/project/yunhengzou/coordinate_alignment/aam_benchmarks/golden_full_20260906/1631/aam.json.gz
1632,recovered,recovered,False,/project/yunhengzou/coordinate_alignment/aam_benchmarks/golden_full_20260906/1632/aam.json.gz
1633,recovered,recovered,True,/project/yunhengzou/coordinate_alignment/aam_benchmarks/golden_full_20260906/1633/aam.json.gz
1634,recovered,recovered,False,/project/yunhengzou/coordinate_alignment/aam_benchmarks/golden_full_20260906/1634/aam.json.gz
1635,recovered,recovered,False,/project/yunhengzou/coordinate_alignment/aam_benchmarks/golden_completion_20260906/1635/aam.json.gz
1636,not_recovered,not_recovered,False,/project/yunhengzou/coordinate_alignment/aam_benchmarks/golden_completion_20260906/1636/aam.json.gz
1637,not_recovered,not_recovered,False,/project/yunhengzou/coordinate_alignment/aam_benchmarks/golden_completion_20260906/1637/aam.json.gz
1638,recovered,recovered,True,/project/yunhengzou/coordinate_alignment/aam_benchmarks/golden_full_20260906/1638/aam.json.gz
1639,not_recovered,not_recovered,False,/project/yunhengzou/coordinate_alignment/aam_benchmarks/golden_full_20260906/1639/aam.json.gz
1640,recovered,recovered,True,/project/yunhengzou/coordinate_alignment/aam_benchmarks/golden_full_20260906/1640/aam.json.gz
1641,not_recovered,not_recovered,False,/project/yunhengzou/coordinate_alignment/aam_benchmarks/golden_full_20260906/1641/aam.json.gz
1642,not_recovered,not_recovered,False,/project/yunhengzou/coordinate_alignment/aam_benchmarks/golden_completion_20260906/1642/aam.json.gz
1643,not_recovered,not_recovered,False,/project/yunhengzou/coordinate_alignment/aam_benchmarks/golden_full_20260906/1643/aam.json.gz
1644,recovered,recovered,True,/project/yunhengzou/coordinate_alignment/aam_benchmarks/golden_full_20260906/1644/aam.json.gz
1645,recovered,recovered,False,/project/yunhengzou/coordinate_alignment/aam_benchmarks/golden_full_20260906/1645/aam.json.gz
1646,recovered,recovered,False,/project/yunhengzou/coordinate_alignment/aam_benchmarks/golden_full_20260906/1646/aam.json.gz
1647,recovered,recovered,True,/project/yunhengzou/coordinate_alignment/aam_benchmarks/golden_completion_20260906/1647/aam.json.gz
1648,recovered,recovered,True,/project/yunhengzou/coordinate_alignment/aam_benchmarks/golden_full_20260906/1648/aam.json.gz
1649,not_recovered,not_recovered,False,/project/yunhengzou/coordinate_alignment/aam_benchmarks/golden_completion_20260906/1649/aam.json.gz
1650,recovered,recovered,False,/project/yunhengzou/coordinate_alignment/aam_benchmarks/golden_full_20260906/1650/aam.json.gz
1651,recovered,recovered,True,/project/yunhengzou/coordinate_alignment/aam_benchmarks/golden_completion_20260906/1651/aam.json.gz
1652,recovered,recovered,False,/project/yunhengzou/coordinate_alignment/aam_benchmarks/golden_full_20260906/1652/aam.json.gz
1653,recovered,recovered,False,/project/yunhengzou/coordinate_alignment/aam_benchmarks/golden_full_20260906/1653/aam.json.gz
1654,not_recovered,not_recovered,False,/project/yunhengzou/coordinate_alignment/aam_benchmarks/golden_full_20260906/1654/aam.json.gz
1655,recovered,recovered,False,/project/yunhengzou/coordinate_alignment/aam_benchmarks/golden_completion_20260906/1655/aam.json.gz
1656,recovered,recovered,False,/project/yunhengzou/coordinate_alignment/aam_benchmarks/golden_completion_20260906/1656/aam.json.gz
1657,recovered,recovered,True,/project/yunhengzou/coordinate_alignment/aam_benchmarks/golden_completion_20260906/1657/aam.json.gz
1658,recovered,recovered,True,/project/yunhengzou/coordinate_alignment/aam_benchmarks/golden_completion_20260906/1658/aam.json.gz
1659,recovered,recovered,True,/project/yunhengzou/coordinate_alignment/aam_benchmarks/golden_completion_20260906/1659/aam.json.gz
1660,recovered,recovered,True,/project/yunhengzou/coordinate_alignment/aam_benchmarks/golden_completion_20260906/1660/aam.json.gz
1661,recovered,recovered,True,/project/yunhengzou/coordinate_alignment/aam_benchmarks/golden_completion_20260906/1661/aam.json.gz
1662,recovered,recovered,False,/project/yunhengzou/coordinate_alignment/aam_benchmarks/golden_full_20260906/1662/aam.json.gz
1663,recovered,recovered,True,/project/yunhengzou/coordinate_alignment/aam_benchmarks/golden_full_20260906/1663/aam.json.gz
1664,not_recovered,not_recovered,False,/project/yunhengzou/coordinate_alignment/aam_benchmarks/golden_full_20260906/1664/aam.json.gz
1665,not_recovered,not_recovered,False,/project/yunhengzou/coordinate_alignment/aam_benchmarks/golden_full_20260906/1665/aam.json.gz
1666,recovered,recovered,False,/project/yunhengzou/coordinate_alignment/aam_benchmarks/golden_full_20260906/1666/aam.json.gz
1667,not_recovered,not_recovered,False,/project/yunhengzou/coordinate_alignment/aam_benchmarks/golden_completion_20260906/1667/aam.json.gz
1668,recovered,recovered,True,/project/yunhengzou/coordinate_alignment/aam_benchmarks/golden_full_20260906/1668/aam.json.gz
1669,recovered,recovered,False,/project/yunhengzou/coordinate_alignment/aam_benchmarks/golden_full_20260906/1669/aam.json.gz
1670,recovered,recovered,False,/project/yunhengzou/coordinate_alignment/aam_benchmarks/golden_full_20260906/1670/aam.json.gz
1671,recovered,recovered,False,/project/yunhengzou/coordinate_alignment/aam_benchmarks/golden_completion_20260906/1671/aam.json.gz
1672,recovered,recovered,True,/project/yunhengzou/coordinate_alignment/aam_benchmarks/golden_full_20260906/1672/aam.json.gz
1673,not_recovered,not_recovered,False,/project/yunhengzou/coordinate_alignment/aam_benchmarks/golden_full_20260906/1673/aam.json.gz
1674,recovered,recovered,False,/project/yunhengzou/coordinate_alignment/aam_benchmarks/golden_full_20260906/1674/aam.json.gz
1675,not_recovered,not_recovered,False,/project/yunhengzou/coordinate_alignment/aam_benchmarks/golden_full_20260906/1675/aam.json.gz
1676,recovered,recovered,True,/project/yunhengzou/coordinate_alignment/aam_benchmarks/golden_full_20260906/1676/aam.json.gz
1677,recovered,recovered,False,/project/yunhengzou/coordinate_alignment/aam_benchmarks/golden_full_20260906/1677/aam.json.gz
1678,not_recovered,not_recovered,False,/project/yunhengzou/coordinate_alignment/aam_benchmarks/golden_completion_20260906/1678/aam.json.gz
1679,recovered,recovered,False,/project/yunhengzou/coordinate_alignment/aam_benchmarks/golden_full_20260906/1679/aam.json.gz
1680,recovered,recovered,False,/project/yunhengzou/coordinate_alignment/aam_benchmarks/golden_full_20260906/1680/aam.json.gz
1681,recovered,recovered,True,/project/yunhengzou/coordinate_alignment/aam_benchmarks/golden_full_20260906/1681/aam.json.gz
1682,not_recovered,not_recovered,False,/project/yunhengzou/coordinate_alignment/aam_benchmarks/golden_completion_20260906/1682/aam.json.gz
1683,recovered,recovered,True,/project/yunhengzou/coordinate_alignment/aam_benchmarks/golden_completion_20260906/1683/aam.json.gz
1684,not_recovered,not_recovered,False,/project/yunhengzou/coordinate_alignment/aam_benchmarks/golden_full_20260906/1684/aam.json.gz
1685,recovered,recovered,True,/project/yunhengzou/coordinate_alignment/aam_benchmarks/golden_full_20260906/1685/aam.json.gz
1686,recovered,recovered,False,/project/yunhengzou/coordinate_alignment/aam_benchmarks/golden_full_20260906/1686/aam.json.gz
1687,recovered,recovered,False,/project/yunhengzou/coordinate_alignment/aam_benchmarks/golden_full_20260906/1687/aam.json.gz
1688,not_recovered,not_recovered,False,/project/yunhengzou/coordinate_alignment/aam_benchmarks/golden_full_20260906/1688/aam.json.gz
1689,not_recovered,not_recovered,False,/project/yunhengzou/coordinate_alignment/aam_benchmarks/golden_full_20260906/1689/aam.json.gz
1690,recovered,recovered,False,/project/yunhengzou/coordinate_alignment/aam_benchmarks/golden_completion_20260906/1690/aam.json.gz
1691,not_recovered,not_recovered,False,/project/yunhengzou/coordinate_alignment/aam_benchmarks/golden_completion_20260906/1691/aam.pkl.gz
1692,recovered,recovered,False,/project/yunhengzou/coordinate_alignment/aam_benchmarks/golden_full_20260906/1692/aam.json.gz
1693,not_recovered,not_recovered,False,/project/yunhengzou/coordinate_alignment/aam_benchmarks/golden_completion_20260906/1693/aam.json.gz
1694,not_recovered,not_recovered,False,/project/yunhengzou/coordinate_alignment/aam_benchmarks/golden_completion_20260906/1694/aam.pkl.gz
1695,not_recovered,not_recovered,False,/project/yunhengzou/coordinate_alignment/aam_benchmarks/golden_completion_20260906/1695/aam.pkl.gz
1696,recovered,recovered,True,/project/yunhengzou/coordinate_alignment/aam_benchmarks/golden_completion_20260906/1696/aam.json.gz
1697,recovered,recovered,False,/project/yunhengzou/coordinate_alignment/aam_benchmarks/golden_full_20260906/1697/aam.json.gz
1698,recovered,recovered,False,/project/yunhengzou/coordinate_alignment/aam_benchmarks/golden_completion_20260906/1698/aam.json.gz
1699,recovered,recovered,False,/project/yunhengzou/coordinate_alignment/aam_benchmarks/golden_full_20260906/1699/aam.json.gz
1700,recovered,recovered,True,/project/yunhengzou/coordinate_alignment/aam_benchmarks/golden_full_20260906/1700/aam.json.gz
1701,not_recovered,not_recovered,False,/project/yunhengzou/coordinate_alignment/aam_benchmarks/golden_full_20260906/1701/aam.json.gz
1702,recovered,recovered,True,/project/yunhengzou/coordinate_alignment/aam_benchmarks/golden_completion_20260906/1702/aam.pkl.gz
1703,not_recovered,not_recovered,False,/project/yunhengzou/coordinate_alignment/aam_benchmarks/golden_completion_20260906/1703/aam.json.gz
1704,recovered,recovered,False,/project/yunhengzou/coordinate_alignment/aam_benchmarks/golden_completion_20260906/1704/aam.json.gz
1705,recovered,recovered,True,/project/yunhengzou/coordinate_alignment/aam_benchmarks/golden_full_20260906/1705/aam.json.gz
1706,recovered,recovered,False,/project/yunhengzou/coordinate_alignment/aam_benchmarks/golden_full_20260906/1706/aam.json.gz
1707,not_recovered,not_recovered,False,/project/yunhengzou/coordinate_alignment/aam_benchmarks/golden_completion_20260906/1707/aam.json.gz
1708,recovered,recovered,False,/project/yunhengzou/coordinate_alignment/aam_benchmarks/golden_full_20260906/1708/aam.json.gz
1709,recovered,recovered,False,/project/yunhengzou/coordinate_alignment/aam_benchmarks/golden_full_20260906/1709/aam.json.gz
1710,recovered,recovered,True,/project/yunhengzou/coordinate_alignment/aam_benchmarks/golden_full_20260906/1710/aam.json.gz
1711,recovered,recovered,False,/project/yunhengzou/coordinate_alignment/aam_benchmarks/golden_full_20260906/1711/aam.json.gz
1712,recovered,recovered,False,/project/yunhengzou/coordinate_alignment/aam_benchmarks/golden_full_20260906/1712/aam.json.gz
1713,not_recovered,not_recovered,False,/project/yunhengzou/coordinate_alignment/aam_benchmarks/golden_completion_20260906/1713/aam.json.gz
1714,recovered,recovered,False,/project/yunhengzou/coordinate_alignment/aam_benchmarks/golden_full_20260906/1714/aam.json.gz
1715,recovered,recovered,False,/project/yunhengzou/coordinate_alignment/aam_benchmarks/golden_full_20260906/1715/aam.json.gz
1716,recovered,recovered,True,/project/yunhengzou/coordinate_alignment/aam_benchmarks/golden_full_20260906/1716/aam.json.gz
1717,not_recovered,not_recovered,False,/project/yunhengzou/coordinate_alignment/aam_benchmarks/golden_full_20260906/1717/aam.json.gz
1718,recovered,recovered,False,/project/yunhengzou/coordinate_alignment/aam_benchmarks/golden_full_20260906/1718/aam.json.gz
1719,recovered,recovered,False,/project/yunhengzou/coordinate_alignment/aam_benchmarks/golden_full_20260906/1719/aam.json.gz
1720,recovered,recovered,True,/project/yunhengzou/coordinate_alignment/aam_benchmarks/golden_full_20260906/1720/aam.json.gz
1721,not_recovered,not_recovered,False,/project/yunhengzou/coordinate_alignment/aam_benchmarks/golden_completion_20260906/1721/aam.json.gz
1722,not_recovered,not_recovered,False,/project/yunhengzou/coordinate_alignment/aam_benchmarks/golden_completion_20260906/1722/aam.json.gz
1723,recovered,recovered,True,/project/yunhengzou/coordinate_alignment/aam_benchmarks/golden_completion_20260906/1723/aam.json.gz
1724,not_recovered,not_recovered,False,/project/yunhengzou/coordinate_alignment/aam_benchmarks/golden_completion_20260906/1724/aam.json.gz
1725,recovered,recovered,True,/project/yunhengzou/coordinate_alignment/aam_benchmarks/golden_full_20260906/1725/aam.json.gz
1726,recovered,recovered,True,/project/yunhengzou/coordinate_alignment/aam_benchmarks/golden_full_20260906/1726/aam.json.gz
1727,recovered,recovered,False,/project/yunhengzou/coordinate_alignment/aam_benchmarks/golden_full_20260906/1727/aam.json.gz
1728,recovered,recovered,False,/project/yunhengzou/coordinate_alignment/aam_benchmarks/golden_full_20260906/1728/aam.json.gz
1729,unknown,not_recovered,False,/project/yunhengzou/coordinate_alignment/aam_benchmarks/golden_full_20260906/1729/aam.json.gz
1730,recovered,recovered,False,/project/yunhengzou/coordinate_alignment/aam_benchmarks/golden_full_20260906/1730/aam.json.gz
1731,recovered,recovered,False,/project/yunhengzou/coordinate_alignment/aam_benchmarks/golden_full_20260906/1731/aam.json.gz
1732,not_recovered,not_recovered,False,/project/yunhengzou/coordinate_alignment/aam_benchmarks/golden_completion_20260906/1732/aam.json.gz
1733,recovered,recovered,True,/project/yunhengzou/coordinate_alignment/aam_benchmarks/golden_full_20260906/1733/aam.json.gz
1734,recovered,recovered,False,/project/yunhengzou/coordinate_alignment/aam_benchmarks/golden_full_20260906/1734/aam.json.gz
1735,recovered,recovered,False,/project/yunhengzou/coordinate_alignment/aam_benchmarks/golden_full_20260906/1735/aam.json.gz
1736,recovered,recovered,True,/project/yunhengzou/coordinate_alignment/aam_benchmarks/golden_full_20260906/1736/aam.json.gz
1737,recovered,recovered,False,/project/yunhengzou/coordinate_alignment/aam_benchmarks/golden_full_20260906/1737/aam.json.gz
1738,not_recovered,not_recovered,False,/project/yunhengzou/coordinate_alignment/aam_benchmarks/golden_full_20260906/1738/aam.json.gz
1739,not_recovered,not_recovered,False,/project/yunhengzou/coordinate_alignment/aam_benchmarks/golden_full_20260906/1739/aam.json.gz
1740,not_recovered,not_recovered,False,/project/yunhengzou/coordinate_alignment/aam_benchmarks/golden_full_20260906/1740/aam.json.gz
1741,not_recovered,not_recovered,False,/project/yunhengzou/coordinate_alignment/aam_benchmarks/golden_full_20260906/1741/aam.json.gz
1742,recovered,recovered,False,/project/yunhengzou/coordinate_alignment/aam_benchmarks/golden_full_20260906/1742/aam.json.gz
1743,recovered,recovered,True,/project/yunhengzou/coordinate_alignment/aam_benchmarks/golden_full_20260906/1743/aam.json.gz
1744,recovered,recovered,False,/project/yunhengzou/coordinate_alignment/aam_benchmarks/golden_full_20260906/1744/aam.json.gz
1745,recovered,recovered,True,/project/yunhengzou/coordinate_alignment/aam_benchmarks/golden_full_20260906/1745/aam.json.gz
1746,recovered,recovered,False,/project/yunhengzou/coordinate_alignment/aam_benchmarks/golden_completion_20260906/1746/aam.json.gz
1747,not_recovered,not_recovered,False,/project/yunhengzou/coordinate_alignment/aam_benchmarks/golden_completion_20260906/1747/aam.json.gz
1748,not_recovered,not_recovered,False,/project/yunhengzou/coordinate_alignment/aam_benchmarks/golden_completion_20260906/1748/aam.json.gz
1749,not_recovered,not_recovered,False,/project/yunhengzou/coordinate_alignment/aam_benchmarks/golden_completion_20260906/1749/aam.json.gz
1750,recovered,recovered,True,/project/yunhengzou/coordinate_alignment/aam_benchmarks/golden_completion_20260906/1750/aam.json.gz
1751,recovered,recovered,True,/project/yunhengzou/coordinate_alignment/aam_benchmarks/golden_full_20260906/1751/aam.json.gz
1752,not_recovered,not_recovered,False,/project/yunhengzou/coordinate_alignment/aam_benchmarks/golden_full_20260906/1752/aam.json.gz
1753,recovered,recovered,True,/project/yunhengzou/coordinate_alignment/aam_benchmarks/golden_full_20260906/1753/aam.json.gz
1754,recovered,recovered,False,/project/yunhengzou/coordinate_alignment/aam_benchmarks/golden_full_20260906/1754/aam.json.gz
1755,recovered,recovered,False,/project/yunhengzou/coordinate_alignment/aam_benchmarks/golden_completion_20260906/1755/aam.json.gz
1756,not_recovered,not_recovered,False,/project/yunhengzou/coordinate_alignment/aam_benchmarks/golden_completion_20260906/1756/aam.json.gz
1757,not_recovered,not_recovered,False,/project/yunhengzou/coordinate_alignment/aam_benchmarks/golden_completion_20260906/1757/aam.json.gz
1758,unknown,unknown,False,/project/yunhengzou/coordinate_alignment/aam_benchmarks/golden_completion_20260906/1758/aam.json.gz
1759,recovered,recovered,False,/project/yunhengzou/coordinate_alignment/aam_benchmarks/golden_full_20260906/1759/aam.json.gz
1760,not_recovered,not_recovered,False,/project/yunhengzou/coordinate_alignment/aam_benchmarks/golden_full_20260906/1760/aam.json.gz
1761,recovered,recovered,False,/project/yunhengzou/coordinate_alignment/aam_benchmarks/golden_full_20260906/1761/aam.json.gz
1762,recovered,recovered,False,/project/yunhengzou/coordinate_alignment/aam_benchmarks/golden_completion_20260906/1762/aam.json.gz
1763,not_recovered,not_recovered,False,/project/yunhengzou/coordinate_alignment/aam_benchmarks/golden_completion_20260906/1763/aam.json.gz
1764,not_recovered,not_recovered,False,/project/yunhengzou/coordinate_alignment/aam_benchmarks/golden_completion_20260906/1764/aam.json.gz
1765,recovered,recovered,True,/project/yunhengzou/coordinate_alignment/aam_benchmarks/golden_full_20260906/1765/aam.json.gz
1766,recovered,recovered,False,/project/yunhengzou/coordinate_alignment/aam_benchmarks/golden_full_20260906/1766/aam.json.gz
1767,recovered,recovered,False,/project/yunhengzou/coordinate_alignment/aam_benchmarks/golden_full_20260906/1767/aam.json.gz
1768,recovered,recovered,False,/project/yunhengzou/coordinate_alignment/aam_benchmarks/golden_completion_20260906/1768/aam.json.gz
1769,recovered,recovered,False,/project/yunhengzou/coordinate_alignment/aam_benchmarks/golden_full_20260906/1769/aam.json.gz
1770,recovered,recovered,False,/project/yunhengzou/coordinate_alignment/aam_benchmarks/golden_full_20260906/1770/aam.json.gz
1771,recovered,recovered,False,/project/yunhengzou/coordinate_alignment/aam_benchmarks/golden_full_20260906/1771/aam.json.gz
1772,unknown,recovered,False,/project/yunhengzou/coordinate_alignment/aam_benchmarks/golden_full_20260906/1772/aam.json.gz
1773,unknown,not_recovered,False,/project/yunhengzou/coordinate_alignment/aam_benchmarks/golden_full_20260906/1773/aam.json.gz
1774,recovered,recovered,True,/project/yunhengzou/coordinate_alignment/aam_benchmarks/golden_completion_20260906/1774/aam.json.gz
1775,recovered,recovered,True,/project/yunhengzou/coordinate_alignment/aam_benchmarks/golden_completion_20260906/1775/aam.json.gz
1776,not_recovered,not_recovered,False,/project/yunhengzou/coordinate_alignment/aam_benchmarks/golden_completion_20260906/1776/aam.json.gz
1777,not_recovered,not_recovered,False,/project/yunhengzou/coordinate_alignment/aam_benchmarks/golden_full_20260906/1777/aam.json.gz
1778,recovered,recovered,False,/project/yunhengzou/coordinate_alignment/aam_benchmarks/golden_full_20260906/1778/aam.json.gz
1779,recovered,recovered,True,/project/yunhengzou/coordinate_alignment/aam_benchmarks/golden_full_20260906/1779/aam.json.gz
1780,not_recovered,not_recovered,False,/project/yunhengzou/coordinate_alignment/aam_benchmarks/golden_full_20260906/1780/aam.json.gz
1781,not_recovered,not_recovered,False,/project/yunhengzou/coordinate_alignment/aam_benchmarks/golden_full_20260906/1781/aam.json.gz
1782,recovered,recovered,True,/project/yunhengzou/coordinate_alignment/aam_benchmarks/golden_full_20260906/1782/aam.json.gz
1783,recovered,recovered,False,/project/yunhengzou/coordinate_alignment/aam_benchmarks/golden_full_20260906/1783/aam.json.gz
1784,recovered,recovered,False,/project/yunhengzou/coordinate_alignment/aam_benchmarks/golden_full_20260906/1784/aam.json.gz
1785,recovered,recovered,False,/project/yunhengzou/coordinate_alignment/aam_benchmarks/golden_full_20260906/1785/aam.json.gz
1786,unknown,recovered,False,/project/yunhengzou/coordinate_alignment/aam_benchmarks/golden_full_20260906/1786/aam.json.gz
1787,recovered,recovered,False,/project/yunhengzou/coordinate_alignment/aam_benchmarks/golden_full_20260906/1787/aam.json.gz
1788,not_recovered,not_recovered,False,/project/yunhengzou/coordinate_alignment/aam_benchmarks/golden_full_20260906/1788/aam.json.gz
1789,recovered,recovered,True,/project/yunhengzou/coordinate_alignment/aam_benchmarks/golden_full_20260906/1789/aam.json.gz
1790,recovered,recovered,True,/project/yunhengzou/coordinate_alignment/aam_benchmarks/golden_full_20260906/1790/aam.json.gz
1791,not_recovered,not_recovered,False,/project/yunhengzou/coordinate_alignment/aam_benchmarks/golden_completion_20260906/1791/aam.json.gz
1792,recovered,recovered,True,/project/yunhengzou/coordinate_alignment/aam_benchmarks/golden_full_20260906/1792/aam.json.gz
1793,not_recovered,not_recovered,False,/project/yunhengzou/coordinate_alignment/aam_benchmarks/golden_completion_20260906/1793/aam.json.gz
1794,recovered,recovered,False,/project/yunhengzou/coordinate_alignment/aam_benchmarks/golden_full_20260906/1794/aam.json.gz
1795,not_recovered,not_recovered,False,/project/yunhengzou/coordinate_alignment/aam_benchmarks/golden_completion_20260906/1795/aam.json.gz
1796,not_recovered,not_recovered,False,/project/yunhengzou/coordinate_alignment/aam_benchmarks/golden_full_20260906/1796/aam.json.gz
1797,not_recovered,not_recovered,False,/project/yunhengzou/coordinate_alignment/aam_benchmarks/golden_completion_20260906/1797/aam.json.gz
1798,not_recovered,not_recovered,False,/project/yunhengzou/coordinate_alignment/aam_benchmarks/golden_completion_20260906/1798/aam.json.gz
1799,recovered,recovered,False,/project/yunhengzou/coordinate_alignment/aam_benchmarks/golden_completion_20260906/1799/aam.pkl.gz
1800,recovered,recovered,True,/project/yunhengzou/coordinate_alignment/aam_benchmarks/golden_full_20260906/1800/aam.json.gz
1801,recovered,recovered,True,/project/yunhengzou/coordinate_alignment/aam_benchmarks/golden_full_20260906/1801/aam.json.gz
1802,recovered,recovered,False,/project/yunhengzou/coordinate_alignment/aam_benchmarks/golden_full_20260906/1802/aam.json.gz
1803,not_recovered,not_recovered,False,/project/yunhengzou/coordinate_alignment/aam_benchmarks/golden_full_20260906/1803/aam.json.gz
1804,recovered,recovered,True,/project/yunhengzou/coordinate_alignment/aam_benchmarks/golden_full_20260906/1804/aam.json.gz
1805,recovered,recovered,True,/project/yunhengzou/coordinate_alignment/aam_benchmarks/golden_full_20260906/1805/aam.json.gz
1806,not_recovered,not_recovered,False,/project/yunhengzou/coordinate_alignment/aam_benchmarks/golden_full_20260906/1806/aam.json.gz
1807,not_recovered,not_recovered,False,/project/yunhengzou/coordinate_alignment/aam_benchmarks/golden_full_20260906/1807/aam.json.gz
1808,recovered,recovered,False,/project/yunhengzou/coordinate_alignment/aam_benchmarks/golden_completion_20260906/1808/aam.json.gz
1809,not_recovered,not_recovered,False,/project/yunhengzou/coordinate_alignment/aam_benchmarks/golden_full_20260906/1809/aam.json.gz
1810,not_recovered,not_recovered,False,/project/yunhengzou/coordinate_alignment/aam_benchmarks/golden_full_20260906/1810/aam.json.gz
1811,not_recovered,not_recovered,False,/project/yunhengzou/coordinate_alignment/aam_benchmarks/golden_full_20260906/1811/aam.json.gz
1812,recovered,recovered,True,/project/yunhengzou/coordinate_alignment/aam_benchmarks/golden_completion_20260906/1812/aam.json.gz
1813,unknown,recovered,False,/project/yunhengzou/coordinate_alignment/aam_benchmarks/golden_full_20260906/1813/aam.json.gz
1814,recovered,recovered,False,/project/yunhengzou/coordinate_alignment/aam_benchmarks/golden_full_20260906/1814/aam.json.gz
1815,recovered,recovered,False,/project/yunhengzou/coordinate_alignment/aam_benchmarks/golden_full_20260906/1815/aam.json.gz
1816,not_recovered,not_recovered,False,/project/yunhengzou/coordinate_alignment/aam_benchmarks/golden_full_20260906/1816/aam.json.gz
1817,recovered,recovered,False,/project/yunhengzou/coordinate_alignment/aam_benchmarks/golden_full_20260906/1817/aam.json.gz
1818,recovered,recovered,True,/project/yunhengzou/coordinate_alignment/aam_benchmarks/golden_full_20260906/1818/aam.json.gz
1819,recovered,recovered,True,/project/yunhengzou/coordinate_alignment/aam_benchmarks/golden_full_20260906/1819/aam.json.gz
1820,recovered,recovered,True,/project/yunhengzou/coordinate_alignment/aam_benchmarks/golden_full_20260906/1820/aam.json.gz
1821,not_recovered,not_recovered,False,/project/yunhengzou/coordinate_alignment/aam_benchmarks/golden_full_20260906/1821/aam.json.gz
1822,not_recovered,not_recovered,False,/project/yunhengzou/coordinate_alignment/aam_benchmarks/golden_full_20260906/1822/aam.json.gz
1823,recovered,recovered,True,/project/yunhengzou/coordinate_alignment/aam_benchmarks/golden_completion_20260906/1823/aam.json.gz
1824,recovered,recovered,True,/project/yunhengzou/coordinate_alignment/aam_benchmarks/golden_full_20260906/1824/aam.json.gz
1825,recovered,recovered,False,/project/yunhengzou/coordinate_alignment/aam_benchmarks/golden_full_20260906/1825/aam.json.gz
1826,recovered,recovered,False,/project/yunhengzou/coordinate_alignment/aam_benchmarks/golden_full_20260906/1826/aam.json.gz
1827,recovered,recovered,False,/project/yunhengzou/coordinate_alignment/aam_benchmarks/golden_full_20260906/1827/aam.json.gz
1828,recovered,recovered,True,/project/yunhengzou/coordinate_alignment/aam_benchmarks/golden_full_20260906/1828/aam.json.gz
1829,recovered,recovered,False,/project/yunhengzou/coordinate_alignment/aam_benchmarks/golden_full_20260906/1829/aam.json.gz
1830,recovered,recovered,False,/project/yunhengzou/coordinate_alignment/aam_benchmarks/golden_full_20260906/1830/aam.json.gz
1831,recovered,recovered,True,/project/yunhengzou/coordinate_alignment/aam_benchmarks/golden_full_20260906/1831/aam.json.gz
1832,recovered,recovered,True,/project/yunhengzou/coordinate_alignment/aam_benchmarks/golden_full_20260906/1832/aam.json.gz
1833,recovered,recovered,False,/project/yunhengzou/coordinate_alignment/aam_benchmarks/golden_full_20260906/1833/aam.json.gz
1834,recovered,recovered,False,/project/yunhengzou/coordinate_alignment/aam_benchmarks/golden_full_20260906/1834/aam.json.gz
1835,recovered,recovered,False,/project/yunhengzou/coordinate_alignment/aam_benchmarks/golden_full_20260906/1835/aam.json.gz
1836,recovered,recovered,True,/project/yunhengzou/coordinate_alignment/aam_benchmarks/golden_completion_20260906/1836/aam.json.gz
1837,recovered,recovered,True,/project/yunhengzou/coordinate_alignment/aam_benchmarks/golden_full_20260906/1837/aam.json.gz
1838,recovered,recovered,False,/project/yunhengzou/coordinate_alignment/aam_benchmarks/golden_full_20260906/1838/aam.json.gz
1839,recovered,recovered,True,/project/yunhengzou/coordinate_alignment/aam_benchmarks/golden_full_20260906/1839/aam.json.gz
1840,recovered,recovered,False,/project/yunhengzou/coordinate_alignment/aam_benchmarks/golden_full_20260906/1840/aam.json.gz
1841,recovered,recovered,True,/project/yunhengzou/coordinate_alignment/aam_benchmarks/golden_full_20260906/1841/aam.json.gz
1842,recovered,recovered,False,/project/yunhengzou/coordinate_alignment/aam_benchmarks/golden_full_20260906/1842/aam.json.gz
1843,recovered,recovered,False,/project/yunhengzou/coordinate_alignment/aam_benchmarks/golden_completion_20260906/1843/aam.json.gz
1844,recovered,recovered,False,/project/yunhengzou/coordinate_alignment/aam_benchmarks/golden_full_20260906/1844/aam.json.gz
1845,recovered,recovered,False,/project/yunhengzou/coordinate_alignment/aam_benchmarks/golden_full_20260906/1845/aam.json.gz
1846,recovered,recovered,True,/project/yunhengzou/coordinate_alignment/aam_benchmarks/golden_full_20260906/1846/aam.json.gz
1847,recovered,recovered,False,/project/yunhengzou/coordinate_alignment/aam_benchmarks/golden_full_20260906/1847/aam.json.gz
1848,not_recovered,not_recovered,False,/project/yunhengzou/coordinate_alignment/aam_benchmarks/golden_full_20260906/1848/aam.json.gz
1849,recovered,recovered,False,/project/yunhengzou/coordinate_alignment/aam_benchmarks/golden_full_20260906/1849/aam.json.gz
1850,recovered,recovered,True,/project/yunhengzou/coordinate_alignment/aam_benchmarks/golden_full_20260906/1850/aam.json.gz
